ISO-10303-21;
HEADER;
FILE_DESCRIPTION(('FreeCAD Model'),'2;1');
FILE_NAME('Open CASCADE Shape Model','2026-08-12T21:08:48',('FreeCAD'),(
    'FreeCAD'),'Open CASCADE STEP processor 7.8','FreeCAD','Unknown');
FILE_SCHEMA(('AUTOMOTIVE_DESIGN { 1 0 10303 214 1 1 1 1 }'));
ENDSEC;
DATA;
#1 = APPLICATION_PROTOCOL_DEFINITION('international standard',
  'automotive_design',2000,#2);
#2 = APPLICATION_CONTEXT(
  'core data for automotive mechanical design processes');
#3 = SHAPE_DEFINITION_REPRESENTATION(#4,#10);
#4 = PRODUCT_DEFINITION_SHAPE('','',#5);
#5 = PRODUCT_DEFINITION('design','',#6,#9);
#6 = PRODUCT_DEFINITION_FORMATION('','',#7);
#7 = PRODUCT('Open CASCADE STEP translator 7.8 3',
  'Open CASCADE STEP translator 7.8 3','',(#8));
#8 = PRODUCT_CONTEXT('',#2,'mechanical');
#9 = PRODUCT_DEFINITION_CONTEXT('part definition',#2,'design');
#10 = ADVANCED_BREP_SHAPE_REPRESENTATION('',(#11,#15),#10971);
#11 = AXIS2_PLACEMENT_3D('',#12,#13,#14);
#12 = CARTESIAN_POINT('',(0.,0.,0.));
#13 = DIRECTION('',(0.,0.,1.));
#14 = DIRECTION('',(1.,0.,-0.));
#15 = MANIFOLD_SOLID_BREP('',#16);
#16 = CLOSED_SHELL('',(#17,#66,#115,#185,#216,#261,#290,#414,#431,#454,
    #506,#530,#582,#614,#654,#677,#758,#782,#928,#1019,#1042,#1082,#1166
    ,#1238,#1484,#1500,#1528,#1589,#1647,#1669,#1726,#1738,#1754,#1766,
    #1894,#1917,#1980,#2003,#2026,#2078,#2101,#2140,#2176,#2198,#2246,
    #2268,#2313,#2335,#2365,#2381,#2397,#2415,#2431,#2449,#2465,#2479,
    #2519,#2557,#2573,#2599,#2657,#2697,#2712,#2746,#2777,#2854,#2938,
    #2967,#3503,#3519,#3543,#3587,#3639,#4016,#4281,#4305,#4335,#4359,
    #4374,#4397,#4449,#4621,#4638,#4660,#4696,#4726,#4750,#4799,#4822,
    #4902,#4925,#4943,#4959,#4974,#4998,#5013,#5028,#5044,#5115,#5173,
    #5245,#5302,#5315,#5336,#5355,#5374,#5426,#5446,#5465,#5510,#5542,
    #5559,#5571,#5584,#5601,#5613,#5657,#5695,#5718,#5750,#5805,#5827,
    #5851,#5889,#5919,#5949,#5966,#5982,#6037,#6068,#6083,#6114,#6135,
    #6182,#6222,#6266,#6282,#6324,#6344,#6391,#6431,#6442,#6473,#6520,
    #6583,#6646,#6693,#6747,#6867,#6900,#6912,#6975,#7038,#7085,#7139,
    #7268,#7292,#7316,#7349,#7382,#7399,#7416,#7433,#7467,#7484,#7496,
    #7527,#7576,#7627,#7644,#7676,#7688,#7705,#7722,#7734,#7765,#7782,
    #7804,#7821,#7833,#7864,#7888,#7912,#7929,#7941,#8111,#8142,#8166,
    #8223,#8274,#8305,#8336,#8368,#8437,#8468,#8499,#8531,#8578,#8609,
    #8640,#8671,#8702,#8733,#8781,#8805,#8862,#8893,#8924,#8955,#8986,
    #9017,#9049,#9096,#9118,#9135,#9166,#9197,#9219,#9270,#9301,#9352,
    #9374,#9408,#9439,#9474,#9506,#9538,#9597,#9631,#9662,#9697,#9731,
    #9762,#9797,#9831,#9862,#9897,#9921,#9955,#9986,#10021,#10045,#10069
    ,#10093,#10117,#10148,#10172,#10189,#10220,#10244,#10261,#10293,
    #10327,#10361,#10392,#10423,#10445,#10541,#10564,#10579,#10590,
    #10613,#10628,#10639,#10683,#10707,#10849,#10863,#10877,#10891,
    #10905,#10919,#10933,#10945,#10959));
#17 = ADVANCED_FACE('',(#18),#61,.T.);
#18 = FACE_BOUND('',#19,.T.);
#19 = EDGE_LOOP('',(#20,#29,#37,#56));
#20 = ORIENTED_EDGE('',*,*,#21,.F.);
#21 = EDGE_CURVE('',#22,#24,#26,.T.);
#22 = VERTEX_POINT('',#23);
#23 = CARTESIAN_POINT('',(-56.,-19.,243.));
#24 = VERTEX_POINT('',#25);
#25 = CARTESIAN_POINT('',(-53.5,-16.,245.5));
#26 = B_SPLINE_CURVE_WITH_KNOTS('',1,(#27,#28),.UNSPECIFIED.,.F.,.F.,(2,
    2),(0.,1.),.PIECEWISE_BEZIER_KNOTS.);
#27 = CARTESIAN_POINT('',(-56.,-19.,243.));
#28 = CARTESIAN_POINT('',(-51.,-13.,248.));
#29 = ORIENTED_EDGE('',*,*,#30,.T.);
#30 = EDGE_CURVE('',#22,#31,#33,.T.);
#31 = VERTEX_POINT('',#32);
#32 = CARTESIAN_POINT('',(-42.,-19.,243.));
#33 = LINE('',#34,#35);
#34 = CARTESIAN_POINT('',(-56.,-19.,243.));
#35 = VECTOR('',#36,1.);
#36 = DIRECTION('',(1.,0.,0.));
#37 = ORIENTED_EDGE('',*,*,#38,.T.);
#38 = EDGE_CURVE('',#31,#39,#41,.T.);
#39 = VERTEX_POINT('',#40);
#40 = CARTESIAN_POINT('',(-44.99999999999,-16.,245.5));
#41 = B_SPLINE_CURVE_WITH_KNOTS('',4,(#42,#43,#44,#45,#46,#47,#48,#49,
    #50,#51,#52,#53,#54,#55),.UNSPECIFIED.,.F.,.F.,(5,3,3,3,5),(0.,
    0.245644351493,0.494097262083,0.745488568564,1.),.UNSPECIFIED.);
#42 = CARTESIAN_POINT('',(-42.,-19.,243.));
#43 = CARTESIAN_POINT('',(-42.18853778723,-18.81146221277,
    243.15711482269));
#44 = CARTESIAN_POINT('',(-42.37638101828,-18.62361898171,
    243.31365084856));
#45 = CARTESIAN_POINT('',(-42.56352555724,-18.43647444275,
    243.46960463104));
#46 = CARTESIAN_POINT('',(-42.93854126489,-18.0614587351,243.78211772074
    ));
#47 = CARTESIAN_POINT('',(-43.12639627788,-17.87360372211,243.9386635649
    ));
#48 = CARTESIAN_POINT('',(-43.31352865125,-17.68647134874,
    244.09460720937));
#49 = CARTESIAN_POINT('',(-43.68854544279,-17.3114545572,244.40712120232
    ));
#50 = CARTESIAN_POINT('',(-43.87641258115,-17.12358741884,
    244.56367715096));
#51 = CARTESIAN_POINT('',(-44.06353241148,-16.93646758851,244.7196103429
    ));
#52 = CARTESIAN_POINT('',(-44.43858376549,-16.5614162345,245.03215313791
    ));
#53 = CARTESIAN_POINT('',(-44.62649653941,-16.37350346058,
    245.18874711617));
#54 = CARTESIAN_POINT('',(-44.81363633011,-16.18636366989,
    245.34469694175));
#55 = CARTESIAN_POINT('',(-45.,-16.,245.5));
#56 = ORIENTED_EDGE('',*,*,#57,.T.);
#57 = EDGE_CURVE('',#39,#24,#58,.T.);
#58 = B_SPLINE_CURVE_WITH_KNOTS('',1,(#59,#60),.UNSPECIFIED.,.F.,.F.,(2,
    2),(0.,1.),.PIECEWISE_BEZIER_KNOTS.);
#59 = CARTESIAN_POINT('',(53.5,-16.,245.5));
#60 = CARTESIAN_POINT('',(-53.5,-16.,245.5));
#61 = B_SPLINE_SURFACE_WITH_KNOTS('',1,1,(
    (#62,#63)
    ,(#64,#65)),.UNSPECIFIED.,.F.,.F.,.F.,(2,2),(2,2),(0.,112.),(0.,1.),
  .PIECEWISE_BEZIER_KNOTS.);
#62 = CARTESIAN_POINT('',(-56.,-19.,243.));
#63 = CARTESIAN_POINT('',(-51.,-13.,248.));
#64 = CARTESIAN_POINT('',(56.,-19.,243.));
#65 = CARTESIAN_POINT('',(51.,-13.,248.));
#66 = ADVANCED_FACE('',(#67),#110,.T.);
#67 = FACE_BOUND('',#68,.T.);
#68 = EDGE_LOOP('',(#69,#78,#84,#85,#95,#102));
#69 = ORIENTED_EDGE('',*,*,#70,.F.);
#70 = EDGE_CURVE('',#71,#73,#75,.T.);
#71 = VERTEX_POINT('',#72);
#72 = CARTESIAN_POINT('',(-63.,-12.,243.));
#73 = VERTEX_POINT('',#74);
#74 = CARTESIAN_POINT('',(-59.75090252707,-9.292418772563,
    245.70758122743));
#75 = B_SPLINE_CURVE_WITH_KNOTS('',1,(#76,#77),.UNSPECIFIED.,.F.,.F.,(2,
    2),(0.,1.),.PIECEWISE_BEZIER_KNOTS.);
#76 = CARTESIAN_POINT('',(-63.,-12.,243.));
#77 = CARTESIAN_POINT('',(-57.,-7.,248.));
#78 = ORIENTED_EDGE('',*,*,#79,.T.);
#79 = EDGE_CURVE('',#71,#22,#80,.T.);
#80 = LINE('',#81,#82);
#81 = CARTESIAN_POINT('',(-63.,-12.,243.));
#82 = VECTOR('',#83,1.);
#83 = DIRECTION('',(0.707106781187,-0.707106781187,0.));
#84 = ORIENTED_EDGE('',*,*,#21,.T.);
#85 = ORIENTED_EDGE('',*,*,#86,.T.);
#86 = EDGE_CURVE('',#24,#87,#89,.T.);
#87 = VERTEX_POINT('',#88);
#88 = CARTESIAN_POINT('',(-54.29729729729,-16.,245.13759213759));
#89 = B_SPLINE_CURVE_WITH_KNOTS('',4,(#90,#91,#92,#93,#94),
  .UNSPECIFIED.,.F.,.F.,(5,5),(0.,1.),.PIECEWISE_BEZIER_KNOTS.);
#90 = CARTESIAN_POINT('',(-53.5,-16.,245.5));
#91 = CARTESIAN_POINT('',(-53.69946815336,-16.,245.40933265756));
#92 = CARTESIAN_POINT('',(-53.89884842714,-16.,245.31870526038));
#93 = CARTESIAN_POINT('',(-54.0981286721,-16.,245.22812333086));
#94 = CARTESIAN_POINT('',(-54.29729729729,-16.,245.13759213759));
#95 = ORIENTED_EDGE('',*,*,#96,.T.);
#96 = EDGE_CURVE('',#87,#97,#99,.T.);
#97 = VERTEX_POINT('',#98);
#98 = CARTESIAN_POINT('',(-59.26535626535,-11.03194103194,
    245.13759213759));
#99 = B_SPLINE_CURVE_WITH_KNOTS('',1,(#100,#101),.UNSPECIFIED.,.F.,.F.,(
    2,2),(0.,1.),.PIECEWISE_BEZIER_KNOTS.);
#100 = CARTESIAN_POINT('',(-54.29729729729,-16.,245.13759213759));
#101 = CARTESIAN_POINT('',(-59.26535626535,-11.03194103194,
    245.13759213759));
#102 = ORIENTED_EDGE('',*,*,#103,.T.);
#103 = EDGE_CURVE('',#97,#73,#104,.T.);
#104 = B_SPLINE_CURVE_WITH_KNOTS('',4,(#105,#106,#107,#108,#109),
  .UNSPECIFIED.,.F.,.F.,(5,5),(0.,1.),.PIECEWISE_BEZIER_KNOTS.);
#105 = CARTESIAN_POINT('',(-59.26535626535,-11.03194103194,
    245.13759213759));
#106 = CARTESIAN_POINT('',(-59.38699323294,-10.59616337413,
    245.28038336041));
#107 = CARTESIAN_POINT('',(-59.5084806202,-10.16092160412,
    245.42299898893));
#108 = CARTESIAN_POINT('',(-59.62979240934,-9.726308933471,
    245.56540848053));
#109 = CARTESIAN_POINT('',(-59.75090252707,-9.292418772563,
    245.70758122743));
#110 = B_SPLINE_SURFACE_WITH_KNOTS('',1,1,(
    (#111,#112)
    ,(#113,#114
    )),.UNSPECIFIED.,.F.,.F.,.F.,(2,2),(2,2),(0.,9.899494936612),(0.,1.)
  ,.PIECEWISE_BEZIER_KNOTS.);
#111 = CARTESIAN_POINT('',(-63.,-12.,243.));
#112 = CARTESIAN_POINT('',(-57.,-7.,248.));
#113 = CARTESIAN_POINT('',(-56.,-19.,243.));
#114 = CARTESIAN_POINT('',(-51.,-13.,248.));
#115 = ADVANCED_FACE('',(#116),#180,.F.);
#116 = FACE_BOUND('',#117,.F.);
#117 = EDGE_LOOP('',(#118,#125,#133,#140,#150,#157,#165,#172,#178,#179)
  );
#118 = ORIENTED_EDGE('',*,*,#119,.F.);
#119 = EDGE_CURVE('',#120,#87,#122,.T.);
#120 = VERTEX_POINT('',#121);
#121 = CARTESIAN_POINT('',(-33.,-16.,219.));
#122 = B_SPLINE_CURVE_WITH_KNOTS('',1,(#123,#124),.UNSPECIFIED.,.F.,.F.,
  (2,2),(0.,1.),.PIECEWISE_BEZIER_KNOTS.);
#123 = CARTESIAN_POINT('',(-33.,-16.,219.));
#124 = CARTESIAN_POINT('',(-55.,-16.,246.));
#125 = ORIENTED_EDGE('',*,*,#126,.T.);
#126 = EDGE_CURVE('',#120,#127,#129,.T.);
#127 = VERTEX_POINT('',#128);
#128 = CARTESIAN_POINT('',(33.,-16.,219.));
#129 = LINE('',#130,#131);
#130 = CARTESIAN_POINT('',(-33.,-16.,219.));
#131 = VECTOR('',#132,1.);
#132 = DIRECTION('',(1.,0.,0.));
#133 = ORIENTED_EDGE('',*,*,#134,.T.);
#134 = EDGE_CURVE('',#127,#135,#137,.T.);
#135 = VERTEX_POINT('',#136);
#136 = CARTESIAN_POINT('',(54.297297297297,-16.,245.13759213759));
#137 = B_SPLINE_CURVE_WITH_KNOTS('',1,(#138,#139),.UNSPECIFIED.,.F.,.F.,
  (2,2),(0.,1.),.PIECEWISE_BEZIER_KNOTS.);
#138 = CARTESIAN_POINT('',(33.,-16.,219.));
#139 = CARTESIAN_POINT('',(55.,-16.,246.));
#140 = ORIENTED_EDGE('',*,*,#141,.T.);
#141 = EDGE_CURVE('',#135,#142,#144,.T.);
#142 = VERTEX_POINT('',#143);
#143 = CARTESIAN_POINT('',(53.5,-16.,245.5));
#144 = B_SPLINE_CURVE_WITH_KNOTS('',4,(#145,#146,#147,#148,#149),
  .UNSPECIFIED.,.F.,.F.,(5,5),(0.,1.),.PIECEWISE_BEZIER_KNOTS.);
#145 = CARTESIAN_POINT('',(54.297297297297,-16.,245.13759213759));
#146 = CARTESIAN_POINT('',(54.098128672353,-16.,245.22812333074));
#147 = CARTESIAN_POINT('',(53.898848426832,-16.,245.31870526053));
#148 = CARTESIAN_POINT('',(53.699468154145,-16.,245.4093326572));
#149 = CARTESIAN_POINT('',(53.5,-16.,245.5));
#150 = ORIENTED_EDGE('',*,*,#151,.T.);
#151 = EDGE_CURVE('',#142,#152,#154,.T.);
#152 = VERTEX_POINT('',#153);
#153 = CARTESIAN_POINT('',(44.999999999999,-16.,245.5));
#154 = B_SPLINE_CURVE_WITH_KNOTS('',1,(#155,#156),.UNSPECIFIED.,.F.,.F.,
  (2,2),(0.,1.),.PIECEWISE_BEZIER_KNOTS.);
#155 = CARTESIAN_POINT('',(53.5,-16.,245.5));
#156 = CARTESIAN_POINT('',(-53.5,-16.,245.5));
#157 = ORIENTED_EDGE('',*,*,#158,.F.);
#158 = EDGE_CURVE('',#159,#152,#161,.T.);
#159 = VERTEX_POINT('',#160);
#160 = CARTESIAN_POINT('',(45.,-16.,238.));
#161 = LINE('',#162,#163);
#162 = CARTESIAN_POINT('',(45.,-16.,238.));
#163 = VECTOR('',#164,1.);
#164 = DIRECTION('',(0.,0.,1.));
#165 = ORIENTED_EDGE('',*,*,#166,.T.);
#166 = EDGE_CURVE('',#159,#167,#169,.T.);
#167 = VERTEX_POINT('',#168);
#168 = CARTESIAN_POINT('',(-45.,-16.,238.));
#169 = B_SPLINE_CURVE_WITH_KNOTS('',1,(#170,#171),.UNSPECIFIED.,.F.,.F.,
  (2,2),(0.,1.),.PIECEWISE_BEZIER_KNOTS.);
#170 = CARTESIAN_POINT('',(45.,-16.,238.));
#171 = CARTESIAN_POINT('',(-45.,-16.,238.));
#172 = ORIENTED_EDGE('',*,*,#173,.T.);
#173 = EDGE_CURVE('',#167,#39,#174,.T.);
#174 = LINE('',#175,#176);
#175 = CARTESIAN_POINT('',(-45.,-16.,238.));
#176 = VECTOR('',#177,1.);
#177 = DIRECTION('',(0.,0.,1.));
#178 = ORIENTED_EDGE('',*,*,#57,.T.);
#179 = ORIENTED_EDGE('',*,*,#86,.T.);
#180 = B_SPLINE_SURFACE_WITH_KNOTS('',1,1,(
    (#181,#182)
    ,(#183,#184
    )),.UNSPECIFIED.,.F.,.F.,.F.,(2,2),(2,2),(0.,110.),(0.,1.),
  .PIECEWISE_BEZIER_KNOTS.);
#181 = CARTESIAN_POINT('',(-33.,-16.,219.));
#182 = CARTESIAN_POINT('',(-55.,-16.,246.));
#183 = CARTESIAN_POINT('',(33.,-16.,219.));
#184 = CARTESIAN_POINT('',(55.,-16.,246.));
#185 = ADVANCED_FACE('',(#186),#211,.F.);
#186 = FACE_BOUND('',#187,.F.);
#187 = EDGE_LOOP('',(#188,#189,#197,#205));
#188 = ORIENTED_EDGE('',*,*,#38,.T.);
#189 = ORIENTED_EDGE('',*,*,#190,.T.);
#190 = EDGE_CURVE('',#39,#191,#193,.T.);
#191 = VERTEX_POINT('',#192);
#192 = CARTESIAN_POINT('',(-45.,-16.,248.));
#193 = LINE('',#194,#195);
#194 = CARTESIAN_POINT('',(-45.,-16.,238.));
#195 = VECTOR('',#196,1.);
#196 = DIRECTION('',(0.,0.,1.));
#197 = ORIENTED_EDGE('',*,*,#198,.T.);
#198 = EDGE_CURVE('',#191,#199,#201,.T.);
#199 = VERTEX_POINT('',#200);
#200 = CARTESIAN_POINT('',(-42.,-19.,248.));
#201 = LINE('',#202,#203);
#202 = CARTESIAN_POINT('',(-45.,-16.,248.));
#203 = VECTOR('',#204,1.);
#204 = DIRECTION('',(0.707106781187,-0.707106781187,0.));
#205 = ORIENTED_EDGE('',*,*,#206,.F.);
#206 = EDGE_CURVE('',#31,#199,#207,.T.);
#207 = LINE('',#208,#209);
#208 = CARTESIAN_POINT('',(-42.,-19.,238.));
#209 = VECTOR('',#210,1.);
#210 = DIRECTION('',(0.,0.,1.));
#211 = PLANE('',#212);
#212 = AXIS2_PLACEMENT_3D('',#213,#214,#215);
#213 = CARTESIAN_POINT('',(-45.,-16.,238.));
#214 = DIRECTION('',(0.707106781187,0.707106781187,0.));
#215 = DIRECTION('',(0.707106781187,-0.707106781187,0.));
#216 = ADVANCED_FACE('',(#217),#256,.T.);
#217 = FACE_BOUND('',#218,.T.);
#218 = EDGE_LOOP('',(#219,#226,#234,#241,#249,#255));
#219 = ORIENTED_EDGE('',*,*,#220,.F.);
#220 = EDGE_CURVE('',#221,#22,#223,.T.);
#221 = VERTEX_POINT('',#222);
#222 = CARTESIAN_POINT('',(-36.,-19.,216.));
#223 = B_SPLINE_CURVE_WITH_KNOTS('',1,(#224,#225),.UNSPECIFIED.,.F.,.F.,
  (2,2),(0.,1.),.PIECEWISE_BEZIER_KNOTS.);
#224 = CARTESIAN_POINT('',(-36.,-19.,216.));
#225 = CARTESIAN_POINT('',(-56.,-19.,243.));
#226 = ORIENTED_EDGE('',*,*,#227,.T.);
#227 = EDGE_CURVE('',#221,#228,#230,.T.);
#228 = VERTEX_POINT('',#229);
#229 = CARTESIAN_POINT('',(36.,-19.,216.));
#230 = LINE('',#231,#232);
#231 = CARTESIAN_POINT('',(-36.,-19.,216.));
#232 = VECTOR('',#233,1.);
#233 = DIRECTION('',(1.,0.,0.));
#234 = ORIENTED_EDGE('',*,*,#235,.T.);
#235 = EDGE_CURVE('',#228,#236,#238,.T.);
#236 = VERTEX_POINT('',#237);
#237 = CARTESIAN_POINT('',(56.,-19.,243.));
#238 = B_SPLINE_CURVE_WITH_KNOTS('',1,(#239,#240),.UNSPECIFIED.,.F.,.F.,
  (2,2),(0.,1.),.PIECEWISE_BEZIER_KNOTS.);
#239 = CARTESIAN_POINT('',(36.,-19.,216.));
#240 = CARTESIAN_POINT('',(56.,-19.,243.));
#241 = ORIENTED_EDGE('',*,*,#242,.F.);
#242 = EDGE_CURVE('',#243,#236,#245,.T.);
#243 = VERTEX_POINT('',#244);
#244 = CARTESIAN_POINT('',(42.,-19.,243.));
#245 = LINE('',#246,#247);
#246 = CARTESIAN_POINT('',(-56.,-19.,243.));
#247 = VECTOR('',#248,1.);
#248 = DIRECTION('',(1.,0.,0.));
#249 = ORIENTED_EDGE('',*,*,#250,.F.);
#250 = EDGE_CURVE('',#31,#243,#251,.T.);
#251 = LINE('',#252,#253);
#252 = CARTESIAN_POINT('',(-56.,-19.,243.));
#253 = VECTOR('',#254,1.);
#254 = DIRECTION('',(1.,0.,0.));
#255 = ORIENTED_EDGE('',*,*,#30,.F.);
#256 = B_SPLINE_SURFACE_WITH_KNOTS('',1,1,(
    (#257,#258)
    ,(#259,#260
    )),.UNSPECIFIED.,.F.,.F.,.F.,(2,2),(2,2),(0.,112.),(0.,1.),
  .PIECEWISE_BEZIER_KNOTS.);
#257 = CARTESIAN_POINT('',(-36.,-19.,216.));
#258 = CARTESIAN_POINT('',(-56.,-19.,243.));
#259 = CARTESIAN_POINT('',(36.,-19.,216.));
#260 = CARTESIAN_POINT('',(56.,-19.,243.));
#261 = ADVANCED_FACE('',(#262),#285,.T.);
#262 = FACE_BOUND('',#263,.T.);
#263 = EDGE_LOOP('',(#264,#273,#279,#280));
#264 = ORIENTED_EDGE('',*,*,#265,.F.);
#265 = EDGE_CURVE('',#266,#268,#270,.T.);
#266 = VERTEX_POINT('',#267);
#267 = CARTESIAN_POINT('',(-63.,36.,243.));
#268 = VERTEX_POINT('',#269);
#269 = CARTESIAN_POINT('',(-59.75090252707,33.292418772563,
    245.70758122743));
#270 = B_SPLINE_CURVE_WITH_KNOTS('',1,(#271,#272),.UNSPECIFIED.,.F.,.F.,
  (2,2),(0.,1.),.PIECEWISE_BEZIER_KNOTS.);
#271 = CARTESIAN_POINT('',(-63.,36.,243.));
#272 = CARTESIAN_POINT('',(-57.,31.,248.));
#273 = ORIENTED_EDGE('',*,*,#274,.T.);
#274 = EDGE_CURVE('',#266,#71,#275,.T.);
#275 = LINE('',#276,#277);
#276 = CARTESIAN_POINT('',(-63.,36.,243.));
#277 = VECTOR('',#278,1.);
#278 = DIRECTION('',(0.,-1.,0.));
#279 = ORIENTED_EDGE('',*,*,#70,.T.);
#280 = ORIENTED_EDGE('',*,*,#281,.T.);
#281 = EDGE_CURVE('',#73,#268,#282,.T.);
#282 = B_SPLINE_CURVE_WITH_KNOTS('',1,(#283,#284),.UNSPECIFIED.,.F.,.F.,
  (2,2),(0.,1.),.PIECEWISE_BEZIER_KNOTS.);
#283 = CARTESIAN_POINT('',(-59.75090252707,-9.292418772563,
    245.70758122743));
#284 = CARTESIAN_POINT('',(-59.75090252707,33.292418772563,
    245.70758122743));
#285 = B_SPLINE_SURFACE_WITH_KNOTS('',1,1,(
    (#286,#287)
    ,(#288,#289
  )),.UNSPECIFIED.,.F.,.F.,.F.,(2,2),(2,2),(0.,48.),(0.,1.),
  .PIECEWISE_BEZIER_KNOTS.);
#286 = CARTESIAN_POINT('',(-63.,36.,243.));
#287 = CARTESIAN_POINT('',(-57.,31.,248.));
#288 = CARTESIAN_POINT('',(-63.,-12.,243.));
#289 = CARTESIAN_POINT('',(-57.,-7.,248.));
#290 = ADVANCED_FACE('',(#291),#409,.F.);
#291 = FACE_BOUND('',#292,.F.);
#292 = EDGE_LOOP('',(#293,#302,#310,#315,#316,#317,#327,#334));
#293 = ORIENTED_EDGE('',*,*,#294,.F.);
#294 = EDGE_CURVE('',#295,#297,#299,.T.);
#295 = VERTEX_POINT('',#296);
#296 = CARTESIAN_POINT('',(-37.,10.,219.));
#297 = VERTEX_POINT('',#298);
#298 = CARTESIAN_POINT('',(-38.59596056932,11.73473974926,220.8735189292
    ));
#299 = B_SPLINE_CURVE_WITH_KNOTS('',1,(#300,#301),.UNSPECIFIED.,.F.,.F.,
  (2,2),(0.,1.),.PIECEWISE_BEZIER_KNOTS.);
#300 = CARTESIAN_POINT('',(-37.,10.,219.));
#301 = CARTESIAN_POINT('',(-60.,35.,246.));
#302 = ORIENTED_EDGE('',*,*,#303,.T.);
#303 = EDGE_CURVE('',#295,#304,#306,.T.);
#304 = VERTEX_POINT('',#305);
#305 = CARTESIAN_POINT('',(-37.,-12.,219.));
#306 = LINE('',#307,#308);
#307 = CARTESIAN_POINT('',(-37.,10.,219.));
#308 = VECTOR('',#309,1.);
#309 = DIRECTION('',(0.,-1.,0.));
#310 = ORIENTED_EDGE('',*,*,#311,.T.);
#311 = EDGE_CURVE('',#304,#97,#312,.T.);
#312 = B_SPLINE_CURVE_WITH_KNOTS('',1,(#313,#314),.UNSPECIFIED.,.F.,.F.,
  (2,2),(0.,1.),.PIECEWISE_BEZIER_KNOTS.);
#313 = CARTESIAN_POINT('',(-37.,-12.,219.));
#314 = CARTESIAN_POINT('',(-60.,-11.,246.));
#315 = ORIENTED_EDGE('',*,*,#103,.T.);
#316 = ORIENTED_EDGE('',*,*,#281,.T.);
#317 = ORIENTED_EDGE('',*,*,#318,.T.);
#318 = EDGE_CURVE('',#268,#319,#321,.T.);
#319 = VERTEX_POINT('',#320);
#320 = CARTESIAN_POINT('',(-59.44320297951,34.3947858473,245.34636871508
    ));
#321 = B_SPLINE_CURVE_WITH_KNOTS('',4,(#322,#323,#324,#325,#326),
  .UNSPECIFIED.,.F.,.F.,(5,5),(0.,1.),.PIECEWISE_BEZIER_KNOTS.);
#322 = CARTESIAN_POINT('',(-59.75090252707,33.292418772563,
    245.70758122743));
#323 = CARTESIAN_POINT('',(-59.6739703981,33.568036486797,
    245.61726959777));
#324 = CARTESIAN_POINT('',(-59.59703843909,33.843653592122,
    245.52695816763));
#325 = CARTESIAN_POINT('',(-59.5201136837,34.119244889685,
    245.43665519391));
#326 = CARTESIAN_POINT('',(-59.44320297951,34.3947858473,245.34636871508
    ));
#327 = ORIENTED_EDGE('',*,*,#328,.F.);
#328 = EDGE_CURVE('',#329,#319,#331,.T.);
#329 = VERTEX_POINT('',#330);
#330 = CARTESIAN_POINT('',(-44.20233754776,17.828627769307,
    227.45491799085));
#331 = B_SPLINE_CURVE_WITH_KNOTS('',1,(#332,#333),.UNSPECIFIED.,.F.,.F.,
  (2,2),(0.,1.),.PIECEWISE_BEZIER_KNOTS.);
#332 = CARTESIAN_POINT('',(-37.,10.,219.));
#333 = CARTESIAN_POINT('',(-60.,35.,246.));
#334 = ORIENTED_EDGE('',*,*,#335,.T.);
#335 = EDGE_CURVE('',#329,#297,#336,.T.);
#336 = B_SPLINE_CURVE_WITH_KNOTS('',6,(#337,#338,#339,#340,#341,#342,
    #343,#344,#345,#346,#347,#348,#349,#350,#351,#352,#353,#354,#355,
    #356,#357,#358,#359,#360,#361,#362,#363,#364,#365,#366,#367,#368,
    #369,#370,#371,#372,#373,#374,#375,#376,#377,#378,#379,#380,#381,
    #382,#383,#384,#385,#386,#387,#388,#389,#390,#391,#392,#393,#394,
    #395,#396,#397,#398,#399,#400,#401,#402,#403,#404,#405,#406,#407,
    #408),.UNSPECIFIED.,.F.,.F.,(7,5,5,5,5,5,5,5,5,5,5,5,5,5,7),(0.,
    0.114495967047,0.227271829327,0.283087385859,0.312065154475,
    0.369848926694,0.412269829723,0.431873668912,0.464914940856,
    0.534795168447,0.647233424754,0.726824724121,0.795754787399,
    0.85942907417,1.),.UNSPECIFIED.);
#337 = CARTESIAN_POINT('',(-44.20233754776,17.828627769307,
    227.45491799085));
#338 = CARTESIAN_POINT('',(-44.26990055064,17.676157710199,
    227.53423108119));
#339 = CARTESIAN_POINT('',(-44.33247007622,17.51670562898,
    227.60768226339));
#340 = CARTESIAN_POINT('',(-44.38943804227,17.34985865735,
    227.67455770179));
#341 = CARTESIAN_POINT('',(-44.44000784565,17.175211813341,
    227.73392225359));
#342 = CARTESIAN_POINT('',(-44.48319618186,16.992388380181,
    227.78462160479));
#343 = CARTESIAN_POINT('',(-44.55171807612,16.612369753432,
    227.86506035022));
#344 = CARTESIAN_POINT('',(-44.57728662131,16.415558676875,
    227.89507559893));
#345 = CARTESIAN_POINT('',(-44.59323643147,16.209975161789,
    227.91379928912));
#346 = CARTESIAN_POINT('',(-44.59797445407,15.995396262089,
    227.91936131565));
#347 = CARTESIAN_POINT('',(-44.58959304799,15.772021119653,
    227.90952227373));
#348 = CARTESIAN_POINT('',(-44.5541654531,15.425858290878,
    227.86793335799));
#349 = CARTESIAN_POINT('',(-44.53868827517,15.309290322646,
    227.84976449694));
#350 = CARTESIAN_POINT('',(-44.51920594554,15.19086796976,
    227.82689393607));
#351 = CARTESIAN_POINT('',(-44.49545282672,15.070781887977,
    227.79900984006));
#352 = CARTESIAN_POINT('',(-44.4671866245,14.949312240731,
    227.76582777659));
#353 = CARTESIAN_POINT('',(-44.41710529451,14.763251540337,
    227.70703665007));
#354 = CARTESIAN_POINT('',(-44.39872393425,14.69939683129,
    227.68545853151));
#355 = CARTESIAN_POINT('',(-44.37905114426,14.635328017815,
    227.66236438674));
#356 = CARTESIAN_POINT('',(-44.35806649538,14.571108066652,
    227.63773023371));
#357 = CARTESIAN_POINT('',(-44.3357564196,14.50680783356,227.61154014475
    ));
#358 = CARTESIAN_POINT('',(-44.26497631627,14.314283822963,
    227.52845045823));
#359 = CARTESIAN_POINT('',(-44.21253428983,14.186018761498,
    227.46688807937));
#360 = CARTESIAN_POINT('',(-44.15477158889,14.058398342929,
    227.3990796913));
#361 = CARTESIAN_POINT('',(-44.09179714427,13.932142313683,
    227.32515316936));
#362 = CARTESIAN_POINT('',(-44.0238748792,13.807988920967,
    227.24541833645));
#363 = CARTESIAN_POINT('',(-43.89831980757,13.597625765718,
    227.09802760019));
#364 = CARTESIAN_POINT('',(-43.84274221374,13.510086735231,
    227.03278433787));
#365 = CARTESIAN_POINT('',(-43.7849179373,13.424350140275,
    226.96490366552));
#366 = CARTESIAN_POINT('',(-43.72505044935,13.340651624871,
    226.89462444054));
#367 = CARTESIAN_POINT('',(-43.66336253449,13.259183063151,
    226.82220819266));
#368 = CARTESIAN_POINT('',(-43.57085041239,13.1435520362,226.71360700585
    ));
#369 = CARTESIAN_POINT('',(-43.54127110264,13.107513033533,
    226.67888346832));
#370 = CARTESIAN_POINT('',(-43.51137479568,13.071995962247,
    226.64378780362));
#371 = CARTESIAN_POINT('',(-43.48118362457,13.037012568373,
    226.60834599407));
#372 = CARTESIAN_POINT('',(-43.45071937047,13.00257231003,
    226.57258360882));
#373 = CARTESIAN_POINT('',(-43.36823336509,12.911562569334,
    226.47575221119));
#374 = CARTESIAN_POINT('',(-43.31574812292,12.856006050848,
    226.41413910082));
#375 = CARTESIAN_POINT('',(-43.26264962071,12.802047424938,
    226.35180607649));
#376 = CARTESIAN_POINT('',(-43.20903366966,12.749703327648,
    226.28886561221));
#377 = CARTESIAN_POINT('',(-43.15498878043,12.698976099947,
    226.22542161181));
#378 = CARTESIAN_POINT('',(-42.98555535056,12.545974663682,
    226.02652149848));
#379 = CARTESIAN_POINT('',(-42.86897051019,12.449301141909,
    225.88966103371));
#380 = CARTESIAN_POINT('',(-42.75156611189,12.35972421888,
    225.75183847918));
#381 = CARTESIAN_POINT('',(-42.63392933728,12.276959936734,
    225.61374313506));
#382 = CARTESIAN_POINT('',(-42.51650026781,12.200653350517,
    225.47589161873));
#383 = CARTESIAN_POINT('',(-42.21143298329,12.017403520835,
    225.1177691543));
#384 = CARTESIAN_POINT('',(-42.02470349819,11.920171607317,
    224.89856497613));
#385 = CARTESIAN_POINT('',(-41.84048857417,11.837005324588,
    224.68231267402));
#386 = CARTESIAN_POINT('',(-41.65953082588,11.766413395004,
    224.46988401298));
#387 = CARTESIAN_POINT('',(-41.4822102415,11.707032177482,
    224.26172506611));
#388 = CARTESIAN_POINT('',(-41.18567598864,11.622782204841,
    223.91361963884));
#389 = CARTESIAN_POINT('',(-41.06465492847,11.592908348947,
    223.77155143777));
#390 = CARTESIAN_POINT('',(-40.94557145187,11.567673751971,
    223.63175779132));
#391 = CARTESIAN_POINT('',(-40.82845634224,11.546726288819,
    223.49427483654));
#392 = CARTESIAN_POINT('',(-40.71331723976,11.529757677147,
    223.35911154233));
#393 = CARTESIAN_POINT('',(-40.50211826601,11.505005344857,
    223.11118231227));
#394 = CARTESIAN_POINT('',(-40.40557254674,11.496296338089,
    222.99784603313));
#395 = CARTESIAN_POINT('',(-40.31049278269,11.490188502378,
    222.88623065794));
#396 = CARTESIAN_POINT('',(-40.2168676928,11.48652452028,222.77632294372
    ));
#397 = CARTESIAN_POINT('',(-40.12468166313,11.48516407661,
    222.66810456106));
#398 = CARTESIAN_POINT('',(-39.9500673374,11.486734830688,
    222.46312252652));
#399 = CARTESIAN_POINT('',(-39.86743203944,11.489346722762,
    222.36611587239));
#400 = CARTESIAN_POINT('',(-39.78599264096,11.49371665321,
    222.27051310026));
#401 = CARTESIAN_POINT('',(-39.7057330076,11.499755093565,
    222.17629526979));
#402 = CARTESIAN_POINT('',(-39.62663605533,11.507381203904,
    222.08344232582));
#403 = CARTESIAN_POINT('',(-39.3765907186,11.536699953021,
    221.78991084358));
#404 = CARTESIAN_POINT('',(-39.21008262427,11.564257066005,
    221.5944448198));
#405 = CARTESIAN_POINT('',(-39.0489516933,11.598402775295,
    221.40529111822));
#406 = CARTESIAN_POINT('',(-38.89301284134,11.638520050494,
    221.22223246593));
#407 = CARTESIAN_POINT('',(-38.7420783507,11.684101198659,
    221.04504849865));
#408 = CARTESIAN_POINT('',(-38.59596056932,11.73473974926,220.8735189292
    ));
#409 = B_SPLINE_SURFACE_WITH_KNOTS('',1,1,(
    (#410,#411)
    ,(#412,#413
  )),.UNSPECIFIED.,.F.,.F.,.F.,(2,2),(2,2),(0.,46.),(0.,1.),
  .PIECEWISE_BEZIER_KNOTS.);
#410 = CARTESIAN_POINT('',(-37.,10.,219.));
#411 = CARTESIAN_POINT('',(-60.,35.,246.));
#412 = CARTESIAN_POINT('',(-37.,-12.,219.));
#413 = CARTESIAN_POINT('',(-60.,-11.,246.));
#414 = ADVANCED_FACE('',(#415),#426,.F.);
#415 = FACE_BOUND('',#416,.F.);
#416 = EDGE_LOOP('',(#417,#418,#424,#425));
#417 = ORIENTED_EDGE('',*,*,#311,.F.);
#418 = ORIENTED_EDGE('',*,*,#419,.T.);
#419 = EDGE_CURVE('',#304,#120,#420,.T.);
#420 = LINE('',#421,#422);
#421 = CARTESIAN_POINT('',(-37.,-12.,219.));
#422 = VECTOR('',#423,1.);
#423 = DIRECTION('',(0.707106781187,-0.707106781187,0.));
#424 = ORIENTED_EDGE('',*,*,#119,.T.);
#425 = ORIENTED_EDGE('',*,*,#96,.T.);
#426 = B_SPLINE_SURFACE_WITH_KNOTS('',1,1,(
    (#427,#428)
    ,(#429,#430
    )),.UNSPECIFIED.,.F.,.F.,.F.,(2,2),(2,2),(0.,7.071067811865),(0.,1.)
  ,.PIECEWISE_BEZIER_KNOTS.);
#427 = CARTESIAN_POINT('',(-37.,-12.,219.));
#428 = CARTESIAN_POINT('',(-60.,-11.,246.));
#429 = CARTESIAN_POINT('',(-33.,-16.,219.));
#430 = CARTESIAN_POINT('',(-55.,-16.,246.));
#431 = ADVANCED_FACE('',(#432),#449,.T.);
#432 = FACE_BOUND('',#433,.T.);
#433 = EDGE_LOOP('',(#434,#442,#443,#444));
#434 = ORIENTED_EDGE('',*,*,#435,.T.);
#435 = EDGE_CURVE('',#436,#221,#438,.T.);
#436 = VERTEX_POINT('',#437);
#437 = CARTESIAN_POINT('',(-41.,-14.,216.));
#438 = LINE('',#439,#440);
#439 = CARTESIAN_POINT('',(-41.,-14.,216.));
#440 = VECTOR('',#441,1.);
#441 = DIRECTION('',(0.707106781187,-0.707106781187,0.));
#442 = ORIENTED_EDGE('',*,*,#220,.T.);
#443 = ORIENTED_EDGE('',*,*,#79,.F.);
#444 = ORIENTED_EDGE('',*,*,#445,.F.);
#445 = EDGE_CURVE('',#436,#71,#446,.T.);
#446 = B_SPLINE_CURVE_WITH_KNOTS('',1,(#447,#448),.UNSPECIFIED.,.F.,.F.,
  (2,2),(0.,1.),.PIECEWISE_BEZIER_KNOTS.);
#447 = CARTESIAN_POINT('',(-41.,-14.,216.));
#448 = CARTESIAN_POINT('',(-63.,-12.,243.));
#449 = B_SPLINE_SURFACE_WITH_KNOTS('',1,1,(
    (#450,#451)
    ,(#452,#453
    )),.UNSPECIFIED.,.F.,.F.,.F.,(2,2),(2,2),(0.,9.899494936612),(0.,1.)
  ,.PIECEWISE_BEZIER_KNOTS.);
#450 = CARTESIAN_POINT('',(-41.,-14.,216.));
#451 = CARTESIAN_POINT('',(-63.,-12.,243.));
#452 = CARTESIAN_POINT('',(-36.,-19.,216.));
#453 = CARTESIAN_POINT('',(-56.,-19.,243.));
#454 = ADVANCED_FACE('',(#455),#501,.F.);
#455 = FACE_BOUND('',#456,.F.);
#456 = EDGE_LOOP('',(#457,#465,#473,#483,#493,#499,#500));
#457 = ORIENTED_EDGE('',*,*,#458,.F.);
#458 = EDGE_CURVE('',#459,#167,#461,.T.);
#459 = VERTEX_POINT('',#460);
#460 = CARTESIAN_POINT('',(-42.,-13.,238.));
#461 = LINE('',#462,#463);
#462 = CARTESIAN_POINT('',(-42.,-13.,238.));
#463 = VECTOR('',#464,1.);
#464 = DIRECTION('',(-0.707106781187,-0.707106781187,0.));
#465 = ORIENTED_EDGE('',*,*,#466,.T.);
#466 = EDGE_CURVE('',#459,#467,#469,.T.);
#467 = VERTEX_POINT('',#468);
#468 = CARTESIAN_POINT('',(-42.,-13.,247.5));
#469 = LINE('',#470,#471);
#470 = CARTESIAN_POINT('',(-42.,-13.,238.));
#471 = VECTOR('',#472,1.);
#472 = DIRECTION('',(0.,0.,1.));
#473 = ORIENTED_EDGE('',*,*,#474,.F.);
#474 = EDGE_CURVE('',#475,#467,#477,.T.);
#475 = VERTEX_POINT('',#476);
#476 = CARTESIAN_POINT('',(-43.5,-14.5,246.75));
#477 = B_SPLINE_CURVE_WITH_KNOTS('',4,(#478,#479,#480,#481,#482),
  .UNSPECIFIED.,.F.,.F.,(5,5),(0.,1.),.PIECEWISE_BEZIER_KNOTS.);
#478 = CARTESIAN_POINT('',(-43.5000036,-14.5000036,246.7499982));
#479 = CARTESIAN_POINT('',(-43.12458153725,-14.12458153725,
    246.93770923137));
#480 = CARTESIAN_POINT('',(-42.74943022609,-13.74943022609,
    247.12528488695));
#481 = CARTESIAN_POINT('',(-42.37456422828,-13.37456422828,
    247.31271788585));
#482 = CARTESIAN_POINT('',(-42.,-13.,247.5));
#483 = ORIENTED_EDGE('',*,*,#484,.T.);
#484 = EDGE_CURVE('',#475,#485,#487,.T.);
#485 = VERTEX_POINT('',#486);
#486 = CARTESIAN_POINT('',(-42.,-13.,248.));
#487 = B_SPLINE_CURVE_WITH_KNOTS('',4,(#488,#489,#490,#491,#492),
  .UNSPECIFIED.,.F.,.F.,(5,5),(0.,1.),.PIECEWISE_BEZIER_KNOTS.);
#488 = CARTESIAN_POINT('',(-43.5000036,-14.5000036,246.749997));
#489 = CARTESIAN_POINT('',(-43.12464733629,-14.12464733629,
    247.06279388641));
#490 = CARTESIAN_POINT('',(-42.74951915602,-13.74951915602,
    247.37540070331));
#491 = CARTESIAN_POINT('',(-42.37463185539,-13.37463185539,
    247.68780678717));
#492 = CARTESIAN_POINT('',(-42.,-13.,248.));
#493 = ORIENTED_EDGE('',*,*,#494,.T.);
#494 = EDGE_CURVE('',#485,#191,#495,.T.);
#495 = LINE('',#496,#497);
#496 = CARTESIAN_POINT('',(-42.,-13.,248.));
#497 = VECTOR('',#498,1.);
#498 = DIRECTION('',(-0.707106781187,-0.707106781187,0.));
#499 = ORIENTED_EDGE('',*,*,#190,.F.);
#500 = ORIENTED_EDGE('',*,*,#173,.F.);
#501 = PLANE('',#502);
#502 = AXIS2_PLACEMENT_3D('',#503,#504,#505);
#503 = CARTESIAN_POINT('',(-42.,-13.,238.));
#504 = DIRECTION('',(0.707106781187,-0.707106781187,0.));
#505 = DIRECTION('',(-0.707106781187,-0.707106781187,0.));
#506 = ADVANCED_FACE('',(#507),#525,.F.);
#507 = FACE_BOUND('',#508,.F.);
#508 = EDGE_LOOP('',(#509,#510,#511,#519));
#509 = ORIENTED_EDGE('',*,*,#458,.T.);
#510 = ORIENTED_EDGE('',*,*,#166,.F.);
#511 = ORIENTED_EDGE('',*,*,#512,.T.);
#512 = EDGE_CURVE('',#159,#513,#515,.T.);
#513 = VERTEX_POINT('',#514);
#514 = CARTESIAN_POINT('',(42.,-13.,238.));
#515 = LINE('',#516,#517);
#516 = CARTESIAN_POINT('',(45.,-16.,238.));
#517 = VECTOR('',#518,1.);
#518 = DIRECTION('',(-0.707106781187,0.707106781187,0.));
#519 = ORIENTED_EDGE('',*,*,#520,.T.);
#520 = EDGE_CURVE('',#513,#459,#521,.T.);
#521 = LINE('',#522,#523);
#522 = CARTESIAN_POINT('',(42.,-13.,238.));
#523 = VECTOR('',#524,1.);
#524 = DIRECTION('',(-1.,0.,0.));
#525 = PLANE('',#526);
#526 = AXIS2_PLACEMENT_3D('',#527,#528,#529);
#527 = CARTESIAN_POINT('',(4.609659343858E-16,-16.,238.));
#528 = DIRECTION('',(0.,0.,1.));
#529 = DIRECTION('',(1.,0.,0.));
#530 = ADVANCED_FACE('',(#531),#577,.F.);
#531 = FACE_BOUND('',#532,.F.);
#532 = EDGE_LOOP('',(#533,#534,#535,#543,#551,#561,#571));
#533 = ORIENTED_EDGE('',*,*,#512,.F.);
#534 = ORIENTED_EDGE('',*,*,#158,.T.);
#535 = ORIENTED_EDGE('',*,*,#536,.T.);
#536 = EDGE_CURVE('',#152,#537,#539,.T.);
#537 = VERTEX_POINT('',#538);
#538 = CARTESIAN_POINT('',(45.,-16.,248.));
#539 = LINE('',#540,#541);
#540 = CARTESIAN_POINT('',(45.,-16.,238.));
#541 = VECTOR('',#542,1.);
#542 = DIRECTION('',(0.,0.,1.));
#543 = ORIENTED_EDGE('',*,*,#544,.T.);
#544 = EDGE_CURVE('',#537,#545,#547,.T.);
#545 = VERTEX_POINT('',#546);
#546 = CARTESIAN_POINT('',(42.,-13.,248.));
#547 = LINE('',#548,#549);
#548 = CARTESIAN_POINT('',(45.,-16.,248.));
#549 = VECTOR('',#550,1.);
#550 = DIRECTION('',(-0.707106781187,0.707106781187,0.));
#551 = ORIENTED_EDGE('',*,*,#552,.F.);
#552 = EDGE_CURVE('',#553,#545,#555,.T.);
#553 = VERTEX_POINT('',#554);
#554 = CARTESIAN_POINT('',(43.5,-14.5,246.75));
#555 = B_SPLINE_CURVE_WITH_KNOTS('',4,(#556,#557,#558,#559,#560),
  .UNSPECIFIED.,.F.,.F.,(5,5),(0.,1.),.PIECEWISE_BEZIER_KNOTS.);
#556 = CARTESIAN_POINT('',(43.5000036,-14.5000036,246.749997));
#557 = CARTESIAN_POINT('',(43.124647336297,-14.12464733629,
    247.06279388641));
#558 = CARTESIAN_POINT('',(42.749519156023,-13.74951915602,
    247.37540070331));
#559 = CARTESIAN_POINT('',(42.374631855392,-13.37463185539,
    247.68780678717));
#560 = CARTESIAN_POINT('',(42.,-13.,248.));
#561 = ORIENTED_EDGE('',*,*,#562,.T.);
#562 = EDGE_CURVE('',#553,#563,#565,.T.);
#563 = VERTEX_POINT('',#564);
#564 = CARTESIAN_POINT('',(42.,-13.,247.5));
#565 = B_SPLINE_CURVE_WITH_KNOTS('',4,(#566,#567,#568,#569,#570),
  .UNSPECIFIED.,.F.,.F.,(5,5),(0.,1.),.PIECEWISE_BEZIER_KNOTS.);
#566 = CARTESIAN_POINT('',(43.5000036,-14.5000036,246.7499982));
#567 = CARTESIAN_POINT('',(43.124581537251,-14.12458153725,
    246.93770923137));
#568 = CARTESIAN_POINT('',(42.749430226098,-13.74943022609,
    247.12528488695));
#569 = CARTESIAN_POINT('',(42.374564228284,-13.37456422828,
    247.31271788585));
#570 = CARTESIAN_POINT('',(42.,-13.,247.5));
#571 = ORIENTED_EDGE('',*,*,#572,.F.);
#572 = EDGE_CURVE('',#513,#563,#573,.T.);
#573 = LINE('',#574,#575);
#574 = CARTESIAN_POINT('',(42.,-13.,238.));
#575 = VECTOR('',#576,1.);
#576 = DIRECTION('',(0.,0.,1.));
#577 = PLANE('',#578);
#578 = AXIS2_PLACEMENT_3D('',#579,#580,#581);
#579 = CARTESIAN_POINT('',(45.,-16.,238.));
#580 = DIRECTION('',(-0.707106781187,-0.707106781187,0.));
#581 = DIRECTION('',(-0.707106781187,0.707106781187,0.));
#582 = ADVANCED_FACE('',(#583),#609,.T.);
#583 = FACE_BOUND('',#584,.T.);
#584 = EDGE_LOOP('',(#585,#602,#603,#608));
#585 = ORIENTED_EDGE('',*,*,#586,.F.);
#586 = EDGE_CURVE('',#243,#152,#587,.T.);
#587 = B_SPLINE_CURVE_WITH_KNOTS('',4,(#588,#589,#590,#591,#592,#593,
    #594,#595,#596,#597,#598,#599,#600,#601),.UNSPECIFIED.,.F.,.F.,(5,3,
    3,3,5),(0.,0.245644351493,0.494097262083,0.745488568564,1.),
  .UNSPECIFIED.);
#588 = CARTESIAN_POINT('',(42.,-19.,243.));
#589 = CARTESIAN_POINT('',(42.18853778723,-18.81146221277,
    243.15711482269));
#590 = CARTESIAN_POINT('',(42.376381018281,-18.62361898171,
    243.31365084856));
#591 = CARTESIAN_POINT('',(42.563525557248,-18.43647444275,
    243.46960463104));
#592 = CARTESIAN_POINT('',(42.938541264893,-18.0614587351,
    243.78211772074));
#593 = CARTESIAN_POINT('',(43.126396277887,-17.87360372211,
    243.9386635649));
#594 = CARTESIAN_POINT('',(43.313528651251,-17.68647134874,
    244.09460720937));
#595 = CARTESIAN_POINT('',(43.688545442794,-17.3114545572,
    244.40712120232));
#596 = CARTESIAN_POINT('',(43.876412581155,-17.12358741884,
    244.56367715096));
#597 = CARTESIAN_POINT('',(44.063532411488,-16.93646758851,
    244.7196103429));
#598 = CARTESIAN_POINT('',(44.438583765498,-16.5614162345,
    245.03215313791));
#599 = CARTESIAN_POINT('',(44.626496539412,-16.37350346058,
    245.18874711617));
#600 = CARTESIAN_POINT('',(44.81363633011,-16.18636366989,
    245.34469694175));
#601 = CARTESIAN_POINT('',(45.,-16.,245.5));
#602 = ORIENTED_EDGE('',*,*,#242,.T.);
#603 = ORIENTED_EDGE('',*,*,#604,.T.);
#604 = EDGE_CURVE('',#236,#142,#605,.T.);
#605 = B_SPLINE_CURVE_WITH_KNOTS('',1,(#606,#607),.UNSPECIFIED.,.F.,.F.,
  (2,2),(0.,1.),.PIECEWISE_BEZIER_KNOTS.);
#606 = CARTESIAN_POINT('',(56.,-19.,243.));
#607 = CARTESIAN_POINT('',(51.,-13.,248.));
#608 = ORIENTED_EDGE('',*,*,#151,.T.);
#609 = B_SPLINE_SURFACE_WITH_KNOTS('',1,1,(
    (#610,#611)
    ,(#612,#613
    )),.UNSPECIFIED.,.F.,.F.,.F.,(2,2),(2,2),(0.,112.),(0.,1.),
  .PIECEWISE_BEZIER_KNOTS.);
#610 = CARTESIAN_POINT('',(-56.,-19.,243.));
#611 = CARTESIAN_POINT('',(-51.,-13.,248.));
#612 = CARTESIAN_POINT('',(56.,-19.,243.));
#613 = CARTESIAN_POINT('',(51.,-13.,248.));
#614 = ADVANCED_FACE('',(#615),#649,.T.);
#615 = FACE_BOUND('',#616,.T.);
#616 = EDGE_LOOP('',(#617,#618,#626,#633,#643,#648));
#617 = ORIENTED_EDGE('',*,*,#604,.F.);
#618 = ORIENTED_EDGE('',*,*,#619,.T.);
#619 = EDGE_CURVE('',#236,#620,#622,.T.);
#620 = VERTEX_POINT('',#621);
#621 = CARTESIAN_POINT('',(63.,-12.,243.));
#622 = LINE('',#623,#624);
#623 = CARTESIAN_POINT('',(56.,-19.,243.));
#624 = VECTOR('',#625,1.);
#625 = DIRECTION('',(0.707106781187,0.707106781187,0.));
#626 = ORIENTED_EDGE('',*,*,#627,.T.);
#627 = EDGE_CURVE('',#620,#628,#630,.T.);
#628 = VERTEX_POINT('',#629);
#629 = CARTESIAN_POINT('',(59.750902527076,-9.292418772563,
    245.70758122743));
#630 = B_SPLINE_CURVE_WITH_KNOTS('',1,(#631,#632),.UNSPECIFIED.,.F.,.F.,
  (2,2),(0.,1.),.PIECEWISE_BEZIER_KNOTS.);
#631 = CARTESIAN_POINT('',(63.,-12.,243.));
#632 = CARTESIAN_POINT('',(57.,-7.,248.));
#633 = ORIENTED_EDGE('',*,*,#634,.T.);
#634 = EDGE_CURVE('',#628,#635,#637,.T.);
#635 = VERTEX_POINT('',#636);
#636 = CARTESIAN_POINT('',(59.265356265356,-11.03194103194,
    245.13759213759));
#637 = B_SPLINE_CURVE_WITH_KNOTS('',4,(#638,#639,#640,#641,#642),
  .UNSPECIFIED.,.F.,.F.,(5,5),(0.,1.),.PIECEWISE_BEZIER_KNOTS.);
#638 = CARTESIAN_POINT('',(59.750902527076,-9.292418772563,
    245.70758122743));
#639 = CARTESIAN_POINT('',(59.629792409334,-9.726308933516,
    245.56540848052));
#640 = CARTESIAN_POINT('',(59.508480620206,-10.16092160413,
    245.42299898893));
#641 = CARTESIAN_POINT('',(59.386993232968,-10.59616337406,
    245.28038336044));
#642 = CARTESIAN_POINT('',(59.265356265356,-11.03194103194,
    245.13759213759));
#643 = ORIENTED_EDGE('',*,*,#644,.T.);
#644 = EDGE_CURVE('',#635,#135,#645,.T.);
#645 = B_SPLINE_CURVE_WITH_KNOTS('',1,(#646,#647),.UNSPECIFIED.,.F.,.F.,
  (2,2),(0.,1.),.PIECEWISE_BEZIER_KNOTS.);
#646 = CARTESIAN_POINT('',(59.265356265356,-11.03194103194,
    245.13759213759));
#647 = CARTESIAN_POINT('',(54.297297297297,-16.,245.13759213759));
#648 = ORIENTED_EDGE('',*,*,#141,.T.);
#649 = B_SPLINE_SURFACE_WITH_KNOTS('',1,1,(
    (#650,#651)
    ,(#652,#653
    )),.UNSPECIFIED.,.F.,.F.,.F.,(2,2),(2,2),(0.,9.899494936612),(0.,1.)
  ,.PIECEWISE_BEZIER_KNOTS.);
#650 = CARTESIAN_POINT('',(56.,-19.,243.));
#651 = CARTESIAN_POINT('',(51.,-13.,248.));
#652 = CARTESIAN_POINT('',(63.,-12.,243.));
#653 = CARTESIAN_POINT('',(57.,-7.,248.));
#654 = ADVANCED_FACE('',(#655),#672,.F.);
#655 = FACE_BOUND('',#656,.F.);
#656 = EDGE_LOOP('',(#657,#658,#666,#671));
#657 = ORIENTED_EDGE('',*,*,#134,.F.);
#658 = ORIENTED_EDGE('',*,*,#659,.T.);
#659 = EDGE_CURVE('',#127,#660,#662,.T.);
#660 = VERTEX_POINT('',#661);
#661 = CARTESIAN_POINT('',(37.,-12.,219.));
#662 = LINE('',#663,#664);
#663 = CARTESIAN_POINT('',(33.,-16.,219.));
#664 = VECTOR('',#665,1.);
#665 = DIRECTION('',(0.707106781187,0.707106781187,0.));
#666 = ORIENTED_EDGE('',*,*,#667,.T.);
#667 = EDGE_CURVE('',#660,#635,#668,.T.);
#668 = B_SPLINE_CURVE_WITH_KNOTS('',1,(#669,#670),.UNSPECIFIED.,.F.,.F.,
  (2,2),(0.,1.),.PIECEWISE_BEZIER_KNOTS.);
#669 = CARTESIAN_POINT('',(37.,-12.,219.));
#670 = CARTESIAN_POINT('',(60.,-11.,246.));
#671 = ORIENTED_EDGE('',*,*,#644,.T.);
#672 = B_SPLINE_SURFACE_WITH_KNOTS('',1,1,(
    (#673,#674)
    ,(#675,#676
    )),.UNSPECIFIED.,.F.,.F.,.F.,(2,2),(2,2),(0.,7.071067811865),(0.,1.)
  ,.PIECEWISE_BEZIER_KNOTS.);
#673 = CARTESIAN_POINT('',(33.,-16.,219.));
#674 = CARTESIAN_POINT('',(55.,-16.,246.));
#675 = CARTESIAN_POINT('',(37.,-12.,219.));
#676 = CARTESIAN_POINT('',(60.,-11.,246.));
#677 = ADVANCED_FACE('',(#678),#753,.F.);
#678 = FACE_BOUND('',#679,.F.);
#679 = EDGE_LOOP('',(#680,#689,#708,#716,#735,#742,#747,#748));
#680 = ORIENTED_EDGE('',*,*,#681,.F.);
#681 = EDGE_CURVE('',#682,#684,#686,.T.);
#682 = VERTEX_POINT('',#683);
#683 = CARTESIAN_POINT('',(-13.,-17.60869565217,196.47826086956));
#684 = VERTEX_POINT('',#685);
#685 = CARTESIAN_POINT('',(-17.3152173913,-17.60869565217,
    196.47826086956));
#686 = B_SPLINE_CURVE_WITH_KNOTS('',1,(#687,#688),.UNSPECIFIED.,.F.,.F.,
  (2,2),(0.,1.),.PIECEWISE_BEZIER_KNOTS.);
#687 = CARTESIAN_POINT('',(-13.,-17.60869565217,196.47826086956));
#688 = CARTESIAN_POINT('',(-17.3152173913,-17.60869565217,
    196.47826086956));
#689 = ORIENTED_EDGE('',*,*,#690,.T.);
#690 = EDGE_CURVE('',#682,#691,#693,.T.);
#691 = VERTEX_POINT('',#692);
#692 = CARTESIAN_POINT('',(-13.,-18.,191.));
#693 = B_SPLINE_CURVE_WITH_KNOTS('',4,(#694,#695,#696,#697,#698,#699,
    #700,#701,#702,#703,#704,#705,#706,#707),.UNSPECIFIED.,.F.,.F.,(5,3,
    3,3,5),(0.,0.22571922374,0.464530593343,0.721440861873,1.),
  .UNSPECIFIED.);
#694 = CARTESIAN_POINT('',(-13.,-17.60869565217,196.47826086956));
#695 = CARTESIAN_POINT('',(-13.,-17.63379285053,196.12690009257));
#696 = CARTESIAN_POINT('',(-13.,-17.65848542347,195.78120407129));
#697 = CARTESIAN_POINT('',(-13.,-17.68274869741,195.44151823623));
#698 = CARTESIAN_POINT('',(-13.,-17.73176255429,194.75532423991));
#699 = CARTESIAN_POINT('',(-13.,-17.75645981905,194.40956253324));
#700 = CARTESIAN_POINT('',(-13.,-17.78063579727,194.07109883816));
#701 = CARTESIAN_POINT('',(-13.,-17.82971451276,193.38399682131));
#702 = CARTESIAN_POINT('',(-13.,-17.85453344766,193.03653173269));
#703 = CARTESIAN_POINT('',(-13.,-17.87872213466,192.69789011468));
#704 = CARTESIAN_POINT('',(-13.,-17.92782136888,192.01050083562));
#705 = CARTESIAN_POINT('',(-13.,-17.95262084672,191.66330814587));
#706 = CARTESIAN_POINT('',(-13.,-17.97667611988,191.32653432164));
#707 = CARTESIAN_POINT('',(-13.,-18.,191.));
#708 = ORIENTED_EDGE('',*,*,#709,.T.);
#709 = EDGE_CURVE('',#691,#710,#712,.T.);
#710 = VERTEX_POINT('',#711);
#711 = CARTESIAN_POINT('',(13.,-18.,191.));
#712 = LINE('',#713,#714);
#713 = CARTESIAN_POINT('',(-13.5,-18.,191.));
#714 = VECTOR('',#715,1.);
#715 = DIRECTION('',(1.,0.,0.));
#716 = ORIENTED_EDGE('',*,*,#717,.T.);
#717 = EDGE_CURVE('',#710,#718,#720,.T.);
#718 = VERTEX_POINT('',#719);
#719 = CARTESIAN_POINT('',(13.,-17.60869565217,196.47826086956));
#720 = B_SPLINE_CURVE_WITH_KNOTS('',4,(#721,#722,#723,#724,#725,#726,
    #727,#728,#729,#730,#731,#732,#733,#734),.UNSPECIFIED.,.F.,.F.,(5,3,
    3,3,5),(0.,0.279118000939,0.535337722861,0.774224913163,1.),
  .UNSPECIFIED.);
#721 = CARTESIAN_POINT('',(13.,-18.,191.));
#722 = CARTESIAN_POINT('',(13.,-17.97662932601,191.32718943573));
#723 = CARTESIAN_POINT('',(13.,-17.95252432192,191.66465949305));
#724 = CARTESIAN_POINT('',(13.,-17.92767209708,192.01259064077));
#725 = CARTESIAN_POINT('',(13.,-17.87857634813,192.69993112607));
#726 = CARTESIAN_POINT('',(13.,-17.85445026613,193.03769627415));
#727 = CARTESIAN_POINT('',(13.,-17.82969734874,193.38423711755));
#728 = CARTESIAN_POINT('',(13.,-17.78068132035,194.0704615151));
#729 = CARTESIAN_POINT('',(13.,-17.75649836614,194.40902287397));
#730 = CARTESIAN_POINT('',(13.,-17.73179378011,194.75488707843));
#731 = CARTESIAN_POINT('',(13.,-17.68276671211,195.44126603045));
#732 = CARTESIAN_POINT('',(13.,-17.65849764582,195.78103295851));
#733 = CARTESIAN_POINT('',(13.,-17.63379906184,196.12681313418));
#734 = CARTESIAN_POINT('',(13.,-17.60869565217,196.47826086956));
#735 = ORIENTED_EDGE('',*,*,#736,.F.);
#736 = EDGE_CURVE('',#737,#718,#739,.T.);
#737 = VERTEX_POINT('',#738);
#738 = CARTESIAN_POINT('',(17.315217391304,-17.60869565217,
    196.47826086956));
#739 = B_SPLINE_CURVE_WITH_KNOTS('',1,(#740,#741),.UNSPECIFIED.,.F.,.F.,
  (2,2),(0.,1.),.PIECEWISE_BEZIER_KNOTS.);
#740 = CARTESIAN_POINT('',(17.315217391304,-17.60869565217,
    196.47826086956));
#741 = CARTESIAN_POINT('',(13.,-17.60869565217,196.47826086956));
#742 = ORIENTED_EDGE('',*,*,#743,.T.);
#743 = EDGE_CURVE('',#737,#127,#744,.T.);
#744 = B_SPLINE_CURVE_WITH_KNOTS('',1,(#745,#746),.UNSPECIFIED.,.F.,.F.,
  (2,2),(0.,1.),.PIECEWISE_BEZIER_KNOTS.);
#745 = CARTESIAN_POINT('',(13.5,-18.,191.));
#746 = CARTESIAN_POINT('',(33.,-16.,219.));
#747 = ORIENTED_EDGE('',*,*,#126,.F.);
#748 = ORIENTED_EDGE('',*,*,#749,.F.);
#749 = EDGE_CURVE('',#684,#120,#750,.T.);
#750 = B_SPLINE_CURVE_WITH_KNOTS('',1,(#751,#752),.UNSPECIFIED.,.F.,.F.,
  (2,2),(0.,1.),.PIECEWISE_BEZIER_KNOTS.);
#751 = CARTESIAN_POINT('',(-13.5,-18.,191.));
#752 = CARTESIAN_POINT('',(-33.,-16.,219.));
#753 = B_SPLINE_SURFACE_WITH_KNOTS('',1,1,(
    (#754,#755)
    ,(#756,#757
  )),.UNSPECIFIED.,.F.,.F.,.F.,(2,2),(2,2),(0.,66.),(0.,1.),
  .PIECEWISE_BEZIER_KNOTS.);
#754 = CARTESIAN_POINT('',(-13.5,-18.,191.));
#755 = CARTESIAN_POINT('',(-33.,-16.,219.));
#756 = CARTESIAN_POINT('',(13.5,-18.,191.));
#757 = CARTESIAN_POINT('',(33.,-16.,219.));
#758 = ADVANCED_FACE('',(#759),#777,.F.);
#759 = FACE_BOUND('',#760,.F.);
#760 = EDGE_LOOP('',(#761,#762,#763,#771));
#761 = ORIENTED_EDGE('',*,*,#250,.F.);
#762 = ORIENTED_EDGE('',*,*,#206,.T.);
#763 = ORIENTED_EDGE('',*,*,#764,.T.);
#764 = EDGE_CURVE('',#199,#765,#767,.T.);
#765 = VERTEX_POINT('',#766);
#766 = CARTESIAN_POINT('',(42.,-19.,248.));
#767 = LINE('',#768,#769);
#768 = CARTESIAN_POINT('',(-42.,-19.,248.));
#769 = VECTOR('',#770,1.);
#770 = DIRECTION('',(1.,0.,0.));
#771 = ORIENTED_EDGE('',*,*,#772,.F.);
#772 = EDGE_CURVE('',#243,#765,#773,.T.);
#773 = LINE('',#774,#775);
#774 = CARTESIAN_POINT('',(42.,-19.,238.));
#775 = VECTOR('',#776,1.);
#776 = DIRECTION('',(0.,0.,1.));
#777 = PLANE('',#778);
#778 = AXIS2_PLACEMENT_3D('',#779,#780,#781);
#779 = CARTESIAN_POINT('',(-42.,-19.,238.));
#780 = DIRECTION('',(0.,1.,0.));
#781 = DIRECTION('',(1.,0.,0.));
#782 = ADVANCED_FACE('',(#783,#865),#923,.T.);
#783 = FACE_BOUND('',#784,.T.);
#784 = EDGE_LOOP('',(#785,#786,#792,#793,#801,#809,#817,#825,#833,#841,
    #849,#857,#863,#864));
#785 = ORIENTED_EDGE('',*,*,#764,.T.);
#786 = ORIENTED_EDGE('',*,*,#787,.T.);
#787 = EDGE_CURVE('',#765,#537,#788,.T.);
#788 = LINE('',#789,#790);
#789 = CARTESIAN_POINT('',(42.,-19.,248.));
#790 = VECTOR('',#791,1.);
#791 = DIRECTION('',(0.707106781187,0.707106781187,0.));
#792 = ORIENTED_EDGE('',*,*,#544,.T.);
#793 = ORIENTED_EDGE('',*,*,#794,.T.);
#794 = EDGE_CURVE('',#545,#795,#797,.T.);
#795 = VERTEX_POINT('',#796);
#796 = CARTESIAN_POINT('',(51.,-13.,248.));
#797 = LINE('',#798,#799);
#798 = CARTESIAN_POINT('',(-51.,-13.,248.));
#799 = VECTOR('',#800,1.);
#800 = DIRECTION('',(1.,0.,0.));
#801 = ORIENTED_EDGE('',*,*,#802,.T.);
#802 = EDGE_CURVE('',#795,#803,#805,.T.);
#803 = VERTEX_POINT('',#804);
#804 = CARTESIAN_POINT('',(57.,-7.,248.));
#805 = LINE('',#806,#807);
#806 = CARTESIAN_POINT('',(51.,-13.,248.));
#807 = VECTOR('',#808,1.);
#808 = DIRECTION('',(0.707106781187,0.707106781187,0.));
#809 = ORIENTED_EDGE('',*,*,#810,.T.);
#810 = EDGE_CURVE('',#803,#811,#813,.T.);
#811 = VERTEX_POINT('',#812);
#812 = CARTESIAN_POINT('',(57.,31.,248.));
#813 = LINE('',#814,#815);
#814 = CARTESIAN_POINT('',(57.,-7.,248.));
#815 = VECTOR('',#816,1.);
#816 = DIRECTION('',(0.,1.,0.));
#817 = ORIENTED_EDGE('',*,*,#818,.T.);
#818 = EDGE_CURVE('',#811,#819,#821,.T.);
#819 = VERTEX_POINT('',#820);
#820 = CARTESIAN_POINT('',(51.,37.,248.));
#821 = LINE('',#822,#823);
#822 = CARTESIAN_POINT('',(57.,31.,248.));
#823 = VECTOR('',#824,1.);
#824 = DIRECTION('',(-0.707106781187,0.707106781187,0.));
#825 = ORIENTED_EDGE('',*,*,#826,.T.);
#826 = EDGE_CURVE('',#819,#827,#829,.T.);
#827 = VERTEX_POINT('',#828);
#828 = CARTESIAN_POINT('',(-51.,37.,248.));
#829 = LINE('',#830,#831);
#830 = CARTESIAN_POINT('',(51.,37.,248.));
#831 = VECTOR('',#832,1.);
#832 = DIRECTION('',(-1.,0.,0.));
#833 = ORIENTED_EDGE('',*,*,#834,.T.);
#834 = EDGE_CURVE('',#827,#835,#837,.T.);
#835 = VERTEX_POINT('',#836);
#836 = CARTESIAN_POINT('',(-57.,31.,248.));
#837 = LINE('',#838,#839);
#838 = CARTESIAN_POINT('',(-51.,37.,248.));
#839 = VECTOR('',#840,1.);
#840 = DIRECTION('',(-0.707106781187,-0.707106781187,0.));
#841 = ORIENTED_EDGE('',*,*,#842,.T.);
#842 = EDGE_CURVE('',#835,#843,#845,.T.);
#843 = VERTEX_POINT('',#844);
#844 = CARTESIAN_POINT('',(-57.,-7.,248.));
#845 = LINE('',#846,#847);
#846 = CARTESIAN_POINT('',(-57.,31.,248.));
#847 = VECTOR('',#848,1.);
#848 = DIRECTION('',(0.,-1.,0.));
#849 = ORIENTED_EDGE('',*,*,#850,.T.);
#850 = EDGE_CURVE('',#843,#851,#853,.T.);
#851 = VERTEX_POINT('',#852);
#852 = CARTESIAN_POINT('',(-51.,-13.,248.));
#853 = LINE('',#854,#855);
#854 = CARTESIAN_POINT('',(-57.,-7.,248.));
#855 = VECTOR('',#856,1.);
#856 = DIRECTION('',(0.707106781187,-0.707106781187,0.));
#857 = ORIENTED_EDGE('',*,*,#858,.T.);
#858 = EDGE_CURVE('',#851,#485,#859,.T.);
#859 = LINE('',#860,#861);
#860 = CARTESIAN_POINT('',(-51.,-13.,248.));
#861 = VECTOR('',#862,1.);
#862 = DIRECTION('',(1.,0.,0.));
#863 = ORIENTED_EDGE('',*,*,#494,.T.);
#864 = ORIENTED_EDGE('',*,*,#198,.T.);
#865 = FACE_BOUND('',#866,.T.);
#866 = EDGE_LOOP('',(#867,#876,#883,#890,#897,#904,#911,#918));
#867 = ORIENTED_EDGE('',*,*,#868,.T.);
#868 = EDGE_CURVE('',#869,#871,#873,.T.);
#869 = VERTEX_POINT('',#870);
#870 = CARTESIAN_POINT('',(56.,-7.666666666667,248.));
#871 = VERTEX_POINT('',#872);
#872 = CARTESIAN_POINT('',(51.666666666667,-12.,248.));
#873 = B_SPLINE_CURVE_WITH_KNOTS('',1,(#874,#875),.UNSPECIFIED.,.F.,.F.,
  (2,2),(0.,1.),.PIECEWISE_BEZIER_KNOTS.);
#874 = CARTESIAN_POINT('',(56.,-7.666666666667,248.));
#875 = CARTESIAN_POINT('',(51.666666666667,-12.,248.));
#876 = ORIENTED_EDGE('',*,*,#877,.T.);
#877 = EDGE_CURVE('',#871,#878,#880,.T.);
#878 = VERTEX_POINT('',#879);
#879 = CARTESIAN_POINT('',(-51.66666666666,-12.,248.));
#880 = B_SPLINE_CURVE_WITH_KNOTS('',1,(#881,#882),.UNSPECIFIED.,.F.,.F.,
  (2,2),(0.,1.),.PIECEWISE_BEZIER_KNOTS.);
#881 = CARTESIAN_POINT('',(51.666666666667,-12.,248.));
#882 = CARTESIAN_POINT('',(-51.66666666666,-12.,248.));
#883 = ORIENTED_EDGE('',*,*,#884,.T.);
#884 = EDGE_CURVE('',#878,#885,#887,.T.);
#885 = VERTEX_POINT('',#886);
#886 = CARTESIAN_POINT('',(-56.,-7.666666666667,248.));
#887 = B_SPLINE_CURVE_WITH_KNOTS('',1,(#888,#889),.UNSPECIFIED.,.F.,.F.,
  (2,2),(0.,1.),.PIECEWISE_BEZIER_KNOTS.);
#888 = CARTESIAN_POINT('',(-51.66666666666,-12.,248.));
#889 = CARTESIAN_POINT('',(-56.,-7.666666666667,248.));
#890 = ORIENTED_EDGE('',*,*,#891,.T.);
#891 = EDGE_CURVE('',#885,#892,#894,.T.);
#892 = VERTEX_POINT('',#893);
#893 = CARTESIAN_POINT('',(-56.,31.666666666667,248.));
#894 = B_SPLINE_CURVE_WITH_KNOTS('',1,(#895,#896),.UNSPECIFIED.,.F.,.F.,
  (2,2),(0.,1.),.PIECEWISE_BEZIER_KNOTS.);
#895 = CARTESIAN_POINT('',(-56.,-7.666666666667,248.));
#896 = CARTESIAN_POINT('',(-56.,31.666666666667,248.));
#897 = ORIENTED_EDGE('',*,*,#898,.T.);
#898 = EDGE_CURVE('',#892,#899,#901,.T.);
#899 = VERTEX_POINT('',#900);
#900 = CARTESIAN_POINT('',(-51.66666666666,36.,248.));
#901 = B_SPLINE_CURVE_WITH_KNOTS('',1,(#902,#903),.UNSPECIFIED.,.F.,.F.,
  (2,2),(0.,1.),.PIECEWISE_BEZIER_KNOTS.);
#902 = CARTESIAN_POINT('',(-56.,31.666666666667,248.));
#903 = CARTESIAN_POINT('',(-51.66666666666,36.,248.));
#904 = ORIENTED_EDGE('',*,*,#905,.T.);
#905 = EDGE_CURVE('',#899,#906,#908,.T.);
#906 = VERTEX_POINT('',#907);
#907 = CARTESIAN_POINT('',(51.666666666667,36.,248.));
#908 = B_SPLINE_CURVE_WITH_KNOTS('',1,(#909,#910),.UNSPECIFIED.,.F.,.F.,
  (2,2),(0.,1.),.PIECEWISE_BEZIER_KNOTS.);
#909 = CARTESIAN_POINT('',(-51.66666666666,36.,248.));
#910 = CARTESIAN_POINT('',(51.666666666667,36.,248.));
#911 = ORIENTED_EDGE('',*,*,#912,.T.);
#912 = EDGE_CURVE('',#906,#913,#915,.T.);
#913 = VERTEX_POINT('',#914);
#914 = CARTESIAN_POINT('',(56.,31.666666666667,248.));
#915 = B_SPLINE_CURVE_WITH_KNOTS('',1,(#916,#917),.UNSPECIFIED.,.F.,.F.,
  (2,2),(0.,1.),.PIECEWISE_BEZIER_KNOTS.);
#916 = CARTESIAN_POINT('',(51.666666666667,36.,248.));
#917 = CARTESIAN_POINT('',(56.,31.666666666667,248.));
#918 = ORIENTED_EDGE('',*,*,#919,.T.);
#919 = EDGE_CURVE('',#913,#869,#920,.T.);
#920 = B_SPLINE_CURVE_WITH_KNOTS('',1,(#921,#922),.UNSPECIFIED.,.F.,.F.,
  (2,2),(0.,1.),.PIECEWISE_BEZIER_KNOTS.);
#921 = CARTESIAN_POINT('',(56.,31.666666666667,248.));
#922 = CARTESIAN_POINT('',(56.,-7.666666666667,248.));
#923 = PLANE('',#924);
#924 = AXIS2_PLACEMENT_3D('',#925,#926,#927);
#925 = CARTESIAN_POINT('',(-1.116558392223E-15,9.04097560848,248.));
#926 = DIRECTION('',(0.,0.,1.));
#927 = DIRECTION('',(1.,0.,0.));
#928 = ADVANCED_FACE('',(#929),#1014,.T.);
#929 = FACE_BOUND('',#930,.T.);
#930 = EDGE_LOOP('',(#931,#940,#948,#955,#962,#972,#979,#984,#985,#992,
    #999,#1009));
#931 = ORIENTED_EDGE('',*,*,#932,.F.);
#932 = EDGE_CURVE('',#933,#935,#937,.T.);
#933 = VERTEX_POINT('',#934);
#934 = CARTESIAN_POINT('',(-17.,-21.,188.));
#935 = VERTEX_POINT('',#936);
#936 = CARTESIAN_POINT('',(-17.54646017699,-20.9424778761,
    188.80530973451));
#937 = B_SPLINE_CURVE_WITH_KNOTS('',1,(#938,#939),.UNSPECIFIED.,.F.,.F.,
  (2,2),(0.,1.),.PIECEWISE_BEZIER_KNOTS.);
#938 = CARTESIAN_POINT('',(-17.,-21.,188.));
#939 = CARTESIAN_POINT('',(-36.,-19.,216.));
#940 = ORIENTED_EDGE('',*,*,#941,.T.);
#941 = EDGE_CURVE('',#933,#942,#944,.T.);
#942 = VERTEX_POINT('',#943);
#943 = CARTESIAN_POINT('',(17.,-21.,188.));
#944 = LINE('',#945,#946);
#945 = CARTESIAN_POINT('',(-17.,-21.,188.));
#946 = VECTOR('',#947,1.);
#947 = DIRECTION('',(1.,0.,0.));
#948 = ORIENTED_EDGE('',*,*,#949,.T.);
#949 = EDGE_CURVE('',#942,#950,#952,.T.);
#950 = VERTEX_POINT('',#951);
#951 = CARTESIAN_POINT('',(17.546460176991,-20.9424778761,
    188.80530973451));
#952 = B_SPLINE_CURVE_WITH_KNOTS('',1,(#953,#954),.UNSPECIFIED.,.F.,.F.,
  (2,2),(0.,1.),.PIECEWISE_BEZIER_KNOTS.);
#953 = CARTESIAN_POINT('',(17.,-21.,188.));
#954 = CARTESIAN_POINT('',(36.,-19.,216.));
#955 = ORIENTED_EDGE('',*,*,#956,.T.);
#956 = EDGE_CURVE('',#950,#957,#959,.T.);
#957 = VERTEX_POINT('',#958);
#958 = CARTESIAN_POINT('',(13.,-20.9424778761,188.80530973451));
#959 = B_SPLINE_CURVE_WITH_KNOTS('',1,(#960,#961),.UNSPECIFIED.,.F.,.F.,
  (2,2),(0.,1.),.PIECEWISE_BEZIER_KNOTS.);
#960 = CARTESIAN_POINT('',(17.546460176991,-20.9424778761,
    188.80530973451));
#961 = CARTESIAN_POINT('',(13.,-20.9424778761,188.80530973451));
#962 = ORIENTED_EDGE('',*,*,#963,.T.);
#963 = EDGE_CURVE('',#957,#964,#966,.T.);
#964 = VERTEX_POINT('',#965);
#965 = CARTESIAN_POINT('',(13.,-20.92857142857,189.));
#966 = B_SPLINE_CURVE_WITH_KNOTS('',4,(#967,#968,#969,#970,#971),
  .UNSPECIFIED.,.F.,.F.,(5,5),(0.,1.),.PIECEWISE_BEZIER_KNOTS.);
#967 = CARTESIAN_POINT('',(13.,-20.9424778761,188.80530973451));
#968 = CARTESIAN_POINT('',(13.,-20.93901376537,188.85380728472));
#969 = CARTESIAN_POINT('',(13.,-20.93554129643,188.90242184988));
#970 = CARTESIAN_POINT('',(13.,-20.93206050506,188.95115292906));
#971 = CARTESIAN_POINT('',(13.,-20.92857142857,189.));
#972 = ORIENTED_EDGE('',*,*,#973,.F.);
#973 = EDGE_CURVE('',#974,#964,#976,.T.);
#974 = VERTEX_POINT('',#975);
#975 = CARTESIAN_POINT('',(17.678571428571,-20.92857142857,189.));
#976 = B_SPLINE_CURVE_WITH_KNOTS('',1,(#977,#978),.UNSPECIFIED.,.F.,.F.,
  (2,2),(0.,1.),.PIECEWISE_BEZIER_KNOTS.);
#977 = CARTESIAN_POINT('',(17.678571428571,-20.92857142857,189.));
#978 = CARTESIAN_POINT('',(12.857142857143,-20.92857142857,189.));
#979 = ORIENTED_EDGE('',*,*,#980,.T.);
#980 = EDGE_CURVE('',#974,#228,#981,.T.);
#981 = B_SPLINE_CURVE_WITH_KNOTS('',1,(#982,#983),.UNSPECIFIED.,.F.,.F.,
  (2,2),(0.,1.),.PIECEWISE_BEZIER_KNOTS.);
#982 = CARTESIAN_POINT('',(17.,-21.,188.));
#983 = CARTESIAN_POINT('',(36.,-19.,216.));
#984 = ORIENTED_EDGE('',*,*,#227,.F.);
#985 = ORIENTED_EDGE('',*,*,#986,.F.);
#986 = EDGE_CURVE('',#987,#221,#989,.T.);
#987 = VERTEX_POINT('',#988);
#988 = CARTESIAN_POINT('',(-17.67857142857,-20.92857142857,189.));
#989 = B_SPLINE_CURVE_WITH_KNOTS('',1,(#990,#991),.UNSPECIFIED.,.F.,.F.,
  (2,2),(0.,1.),.PIECEWISE_BEZIER_KNOTS.);
#990 = CARTESIAN_POINT('',(-17.,-21.,188.));
#991 = CARTESIAN_POINT('',(-36.,-19.,216.));
#992 = ORIENTED_EDGE('',*,*,#993,.F.);
#993 = EDGE_CURVE('',#994,#987,#996,.T.);
#994 = VERTEX_POINT('',#995);
#995 = CARTESIAN_POINT('',(-13.,-20.92857142857,189.));
#996 = B_SPLINE_CURVE_WITH_KNOTS('',1,(#997,#998),.UNSPECIFIED.,.F.,.F.,
  (2,2),(0.,1.),.PIECEWISE_BEZIER_KNOTS.);
#997 = CARTESIAN_POINT('',(-12.96428571428,-20.92857142857,189.));
#998 = CARTESIAN_POINT('',(-17.67857142857,-20.92857142857,189.));
#999 = ORIENTED_EDGE('',*,*,#1000,.T.);
#1000 = EDGE_CURVE('',#994,#1001,#1003,.T.);
#1001 = VERTEX_POINT('',#1002);
#1002 = CARTESIAN_POINT('',(-13.,-20.9424778761,188.80530973451));
#1003 = B_SPLINE_CURVE_WITH_KNOTS('',4,(#1004,#1005,#1006,#1007,#1008),
  .UNSPECIFIED.,.F.,.F.,(5,5),(0.,1.),.PIECEWISE_BEZIER_KNOTS.);
#1004 = CARTESIAN_POINT('',(-13.,-20.92857142857,189.));
#1005 = CARTESIAN_POINT('',(-13.,-20.93206050507,188.95115292901));
#1006 = CARTESIAN_POINT('',(-13.,-20.93554129645,188.90242184963));
#1007 = CARTESIAN_POINT('',(-13.,-20.93901376537,188.85380728472));
#1008 = CARTESIAN_POINT('',(-13.,-20.9424778761,188.80530973451));
#1009 = ORIENTED_EDGE('',*,*,#1010,.T.);
#1010 = EDGE_CURVE('',#1001,#935,#1011,.T.);
#1011 = B_SPLINE_CURVE_WITH_KNOTS('',1,(#1012,#1013),.UNSPECIFIED.,.F.,
  .F.,(2,2),(0.,1.),.PIECEWISE_BEZIER_KNOTS.);
#1012 = CARTESIAN_POINT('',(-13.,-20.9424778761,188.80530973451));
#1013 = CARTESIAN_POINT('',(-17.54646017699,-20.9424778761,
    188.80530973451));
#1014 = B_SPLINE_SURFACE_WITH_KNOTS('',1,1,(
    (#1015,#1016)
    ,(#1017,#1018
    )),.UNSPECIFIED.,.F.,.F.,.F.,(2,2),(2,2),(0.,72.),(0.,1.),
  .PIECEWISE_BEZIER_KNOTS.);
#1015 = CARTESIAN_POINT('',(-17.,-21.,188.));
#1016 = CARTESIAN_POINT('',(-36.,-19.,216.));
#1017 = CARTESIAN_POINT('',(17.,-21.,188.));
#1018 = CARTESIAN_POINT('',(36.,-19.,216.));
#1019 = ADVANCED_FACE('',(#1020),#1037,.T.);
#1020 = FACE_BOUND('',#1021,.T.);
#1021 = EDGE_LOOP('',(#1022,#1030,#1035,#1036));
#1022 = ORIENTED_EDGE('',*,*,#1023,.T.);
#1023 = EDGE_CURVE('',#228,#1024,#1026,.T.);
#1024 = VERTEX_POINT('',#1025);
#1025 = CARTESIAN_POINT('',(41.,-14.,216.));
#1026 = LINE('',#1027,#1028);
#1027 = CARTESIAN_POINT('',(36.,-19.,216.));
#1028 = VECTOR('',#1029,1.);
#1029 = DIRECTION('',(0.707106781187,0.707106781187,0.));
#1030 = ORIENTED_EDGE('',*,*,#1031,.T.);
#1031 = EDGE_CURVE('',#1024,#620,#1032,.T.);
#1032 = B_SPLINE_CURVE_WITH_KNOTS('',1,(#1033,#1034),.UNSPECIFIED.,.F.,
  .F.,(2,2),(0.,1.),.PIECEWISE_BEZIER_KNOTS.);
#1033 = CARTESIAN_POINT('',(41.,-14.,216.));
#1034 = CARTESIAN_POINT('',(63.,-12.,243.));
#1035 = ORIENTED_EDGE('',*,*,#619,.F.);
#1036 = ORIENTED_EDGE('',*,*,#235,.F.);
#1037 = B_SPLINE_SURFACE_WITH_KNOTS('',1,1,(
    (#1038,#1039)
    ,(#1040,#1041
    )),.UNSPECIFIED.,.F.,.F.,.F.,(2,2),(2,2),(0.,9.899494936612),(0.,1.)
  ,.PIECEWISE_BEZIER_KNOTS.);
#1038 = CARTESIAN_POINT('',(36.,-19.,216.));
#1039 = CARTESIAN_POINT('',(56.,-19.,243.));
#1040 = CARTESIAN_POINT('',(41.,-14.,216.));
#1041 = CARTESIAN_POINT('',(63.,-12.,243.));
#1042 = ADVANCED_FACE('',(#1043),#1077,.T.);
#1043 = FACE_BOUND('',#1044,.T.);
#1044 = EDGE_LOOP('',(#1045,#1054,#1060,#1061,#1062,#1069));
#1045 = ORIENTED_EDGE('',*,*,#1046,.F.);
#1046 = EDGE_CURVE('',#1047,#1049,#1051,.T.);
#1047 = VERTEX_POINT('',#1048);
#1048 = CARTESIAN_POINT('',(-56.,43.,243.));
#1049 = VERTEX_POINT('',#1050);
#1050 = CARTESIAN_POINT('',(-53.27739726027,39.732876712329,
    245.72260273972));
#1051 = B_SPLINE_CURVE_WITH_KNOTS('',1,(#1052,#1053),.UNSPECIFIED.,.F.,
  .F.,(2,2),(0.,1.),.PIECEWISE_BEZIER_KNOTS.);
#1052 = CARTESIAN_POINT('',(-56.,43.,243.));
#1053 = CARTESIAN_POINT('',(-51.,37.,248.));
#1054 = ORIENTED_EDGE('',*,*,#1055,.T.);
#1055 = EDGE_CURVE('',#1047,#266,#1056,.T.);
#1056 = LINE('',#1057,#1058);
#1057 = CARTESIAN_POINT('',(-56.,43.,243.));
#1058 = VECTOR('',#1059,1.);
#1059 = DIRECTION('',(-0.707106781187,-0.707106781187,0.));
#1060 = ORIENTED_EDGE('',*,*,#265,.T.);
#1061 = ORIENTED_EDGE('',*,*,#318,.T.);
#1062 = ORIENTED_EDGE('',*,*,#1063,.T.);
#1063 = EDGE_CURVE('',#319,#1064,#1066,.T.);
#1064 = VERTEX_POINT('',#1065);
#1065 = CARTESIAN_POINT('',(-54.46741154562,39.370577281192,
    245.34636871508));
#1066 = B_SPLINE_CURVE_WITH_KNOTS('',1,(#1067,#1068),.UNSPECIFIED.,.F.,
  .F.,(2,2),(0.,1.),.PIECEWISE_BEZIER_KNOTS.);
#1067 = CARTESIAN_POINT('',(-59.44320297951,34.3947858473,
    245.34636871508));
#1068 = CARTESIAN_POINT('',(-54.46741154562,39.370577281192,
    245.34636871508));
#1069 = ORIENTED_EDGE('',*,*,#1070,.T.);
#1070 = EDGE_CURVE('',#1064,#1049,#1071,.T.);
#1071 = B_SPLINE_CURVE_WITH_KNOTS('',4,(#1072,#1073,#1074,#1075,#1076),
  .UNSPECIFIED.,.F.,.F.,(5,5),(0.,1.),.PIECEWISE_BEZIER_KNOTS.);
#1072 = CARTESIAN_POINT('',(-54.46741154562,39.370577281192,
    245.34636871508));
#1073 = CARTESIAN_POINT('',(-54.16965057726,39.461230503408,
    245.44050859969));
#1074 = CARTESIAN_POINT('',(-53.87204508494,39.551836391001,
    245.53459932911));
#1075 = CARTESIAN_POINT('',(-53.57461913746,39.642387616229,
    245.62863329377));
#1076 = CARTESIAN_POINT('',(-53.27739726027,39.732876712329,
    245.72260273972));
#1077 = B_SPLINE_SURFACE_WITH_KNOTS('',1,1,(
    (#1078,#1079)
    ,(#1080,#1081
    )),.UNSPECIFIED.,.F.,.F.,.F.,(2,2),(2,2),(0.,9.899494936612),(0.,1.)
  ,.PIECEWISE_BEZIER_KNOTS.);
#1078 = CARTESIAN_POINT('',(-56.,43.,243.));
#1079 = CARTESIAN_POINT('',(-51.,37.,248.));
#1080 = CARTESIAN_POINT('',(-63.,36.,243.));
#1081 = CARTESIAN_POINT('',(-57.,31.,248.));
#1082 = ADVANCED_FACE('',(#1083),#1161,.T.);
#1083 = FACE_BOUND('',#1084,.T.);
#1084 = EDGE_LOOP('',(#1085,#1148,#1154,#1155,#1156));
#1085 = ORIENTED_EDGE('',*,*,#1086,.T.);
#1086 = EDGE_CURVE('',#1087,#1089,#1091,.T.);
#1087 = VERTEX_POINT('',#1088);
#1088 = CARTESIAN_POINT('',(-44.47711185887,15.793212936957,
    220.26736455407));
#1089 = VERTEX_POINT('',#1090);
#1090 = CARTESIAN_POINT('',(-41.,11.692683141952,216.));
#1091 = B_SPLINE_CURVE_WITH_KNOTS('',7,(#1092,#1093,#1094,#1095,#1096,
    #1097,#1098,#1099,#1100,#1101,#1102,#1103,#1104,#1105,#1106,#1107,
    #1108,#1109,#1110,#1111,#1112,#1113,#1114,#1115,#1116,#1117,#1118,
    #1119,#1120,#1121,#1122,#1123,#1124,#1125,#1126,#1127,#1128,#1129,
    #1130,#1131,#1132,#1133,#1134,#1135,#1136,#1137,#1138,#1139,#1140,
    #1141,#1142,#1143,#1144,#1145,#1146,#1147),.UNSPECIFIED.,.F.,.F.,(8,
    6,6,6,6,6,6,6,6,8),(0.,0.148619223629,0.212424623441,0.2510400666,
    0.332046558273,0.434700201813,0.488548746855,0.592417922866,
    0.844489903218,1.),.UNSPECIFIED.);
#1092 = CARTESIAN_POINT('',(-44.47711185887,15.793212936957,
    220.26736455407));
#1093 = CARTESIAN_POINT('',(-44.47162786948,15.67653134692,
    220.26063420346));
#1094 = CARTESIAN_POINT('',(-44.4624022159,15.557219202093,
    220.24931181042));
#1095 = CARTESIAN_POINT('',(-44.44912129977,15.435262823226,
    220.23301250426));
#1096 = CARTESIAN_POINT('',(-44.43144141473,15.310731550672,
    220.21131446353));
#1097 = CARTESIAN_POINT('',(-44.40900169964,15.183785286894,
    220.1837748132));
#1098 = CARTESIAN_POINT('',(-44.38144849591,15.054684906867,
    220.14995951771));
#1099 = CARTESIAN_POINT('',(-44.33431321389,14.867616233537,
    220.09211167159));
#1100 = CARTESIAN_POINT('',(-44.31915690371,14.811104413271,
    220.07351074547));
#1101 = CARTESIAN_POINT('',(-44.30297896953,14.754303590711,
    220.05365600806));
#1102 = CARTESIAN_POINT('',(-44.28575842433,14.697252969004,
    220.03252170259));
#1103 = CARTESIAN_POINT('',(-44.267477602,14.639997588143,
    220.01008614791));
#1104 = CARTESIAN_POINT('',(-44.24812325633,14.5825884738,
    219.98633308731));
#1105 = CARTESIAN_POINT('',(-44.21531990418,14.490279969815,
    219.94607442786));
#1106 = CARTESIAN_POINT('',(-44.20255611704,14.455441629383,
    219.93040978001));
#1107 = CARTESIAN_POINT('',(-44.18939456072,14.420580666217,
    219.91425696089));
#1108 = CARTESIAN_POINT('',(-44.17583433905,14.385710603594,
    219.89761487065));
#1109 = CARTESIAN_POINT('',(-44.16187539754,14.350845586728,
    219.88048344244));
#1110 = CARTESIAN_POINT('',(-44.14751852343,14.316000382768,
    219.86286364239));
#1111 = CARTESIAN_POINT('',(-44.10181650563,14.208166846577,
    219.80677480237));
#1112 = CARTESIAN_POINT('',(-44.06912168048,14.135293145755,
    219.76664933514));
#1113 = CARTESIAN_POINT('',(-44.0347001334,14.062719781168,
    219.72440470917));
#1114 = CARTESIAN_POINT('',(-43.9985869912,13.990599222936,
    219.68008403465));
#1115 = CARTESIAN_POINT('',(-43.9608351745,13.919085222188,
    219.63375225962));
#1116 = CARTESIAN_POINT('',(-43.9215173279,13.848332124795,
    219.58549853879));
#1117 = CARTESIAN_POINT('',(-43.82903808079,13.689993636339,
    219.47200128097));
#1118 = CARTESIAN_POINT('',(-43.77497428578,13.602944280445,
    219.40565025982));
#1119 = CARTESIAN_POINT('',(-43.71873047099,13.517667549384,
    219.33662375985));
#1120 = CARTESIAN_POINT('',(-43.66052367908,13.434424968628,
    219.2651881516));
#1121 = CARTESIAN_POINT('',(-43.60058638253,13.353426758641,
    219.1916287422));
#1122 = CARTESIAN_POINT('',(-43.53916060586,13.274838915012,
    219.11624256174));
#1123 = CARTESIAN_POINT('',(-43.44362077698,13.158895494447,
    218.99898913539));
#1124 = CARTESIAN_POINT('',(-43.41040313972,13.11969663257,
    218.95822203511));
#1125 = CARTESIAN_POINT('',(-43.37687402331,13.081207950961,
    218.91707266498));
#1126 = CARTESIAN_POINT('',(-43.34306550729,13.043440932023,
    218.87558039532));
#1127 = CARTESIAN_POINT('',(-43.30900830893,13.006403265734,
    218.8337829246));
#1128 = CARTESIAN_POINT('',(-43.27473159972,12.970099344139,
    218.7917160542));
#1129 = CARTESIAN_POINT('',(-43.17377553693,12.86592203201,
    218.66781543168));
#1130 = CARTESIAN_POINT('',(-43.10657641779,12.800052410859,
    218.58534378547));
#1131 = CARTESIAN_POINT('',(-43.03885743773,12.736926188766,
    218.50223412812));
#1132 = CARTESIAN_POINT('',(-42.97078821551,12.676513859131,
    218.41869462812));
#1133 = CARTESIAN_POINT('',(-42.90251494671,12.618759832956,
    218.33490470733));
#1134 = CARTESIAN_POINT('',(-42.83415933502,12.563590159399,
    218.25101372934));
#1135 = CARTESIAN_POINT('',(-42.59996412576,12.383099753252,
    217.96359233617));
#1136 = CARTESIAN_POINT('',(-42.43437337472,12.27013963377,
    217.76036732352));
#1137 = CARTESIAN_POINT('',(-42.27016172402,12.170562829747,
    217.55883484312));
#1138 = CARTESIAN_POINT('',(-42.10814342971,12.083058880201,
    217.35999420919));
#1139 = CARTESIAN_POINT('',(-41.94882457897,12.006385581909,
    217.16446652873));
#1140 = CARTESIAN_POINT('',(-41.79242153382,11.939421409603,
    216.97251733696));
#1141 = CARTESIAN_POINT('',(-41.54415412812,11.84524727752,
    216.66782552088));
#1142 = CARTESIAN_POINT('',(-41.45056053825,11.812651139617,
    216.55296066058));
#1143 = CARTESIAN_POINT('',(-41.3581182238,11.783167404919,
    216.43950872921));
#1144 = CARTESIAN_POINT('',(-41.26684016123,11.756597823734,
    216.32748565242));
#1145 = CARTESIAN_POINT('',(-41.17673149809,11.732765088734,
    216.21689774766));
#1146 = CARTESIAN_POINT('',(-41.08778891706,11.711509085315,
    216.10774094366));
#1147 = CARTESIAN_POINT('',(-41.,11.692683141952,216.));
#1148 = ORIENTED_EDGE('',*,*,#1149,.T.);
#1149 = EDGE_CURVE('',#1089,#436,#1150,.T.);
#1150 = LINE('',#1151,#1152);
#1151 = CARTESIAN_POINT('',(-41.,12.,216.));
#1152 = VECTOR('',#1153,1.);
#1153 = DIRECTION('',(0.,-1.,0.));
#1154 = ORIENTED_EDGE('',*,*,#445,.T.);
#1155 = ORIENTED_EDGE('',*,*,#274,.F.);
#1156 = ORIENTED_EDGE('',*,*,#1157,.F.);
#1157 = EDGE_CURVE('',#1087,#266,#1158,.T.);
#1158 = B_SPLINE_CURVE_WITH_KNOTS('',1,(#1159,#1160),.UNSPECIFIED.,.F.,
  .F.,(2,2),(0.,1.),.PIECEWISE_BEZIER_KNOTS.);
#1159 = CARTESIAN_POINT('',(-41.,12.,216.));
#1160 = CARTESIAN_POINT('',(-63.,36.,243.));
#1161 = B_SPLINE_SURFACE_WITH_KNOTS('',1,1,(
    (#1162,#1163)
    ,(#1164,#1165
    )),.UNSPECIFIED.,.F.,.F.,.F.,(2,2),(2,2),(0.,48.),(0.,1.),
  .PIECEWISE_BEZIER_KNOTS.);
#1162 = CARTESIAN_POINT('',(-41.,12.,216.));
#1163 = CARTESIAN_POINT('',(-63.,36.,243.));
#1164 = CARTESIAN_POINT('',(-41.,-14.,216.));
#1165 = CARTESIAN_POINT('',(-63.,-12.,243.));
#1166 = ADVANCED_FACE('',(#1167),#1233,.F.);
#1167 = FACE_BOUND('',#1168,.F.);
#1168 = EDGE_LOOP('',(#1169,#1178,#1184,#1185,#1224));
#1169 = ORIENTED_EDGE('',*,*,#1170,.F.);
#1170 = EDGE_CURVE('',#1171,#1173,#1175,.T.);
#1171 = VERTEX_POINT('',#1172);
#1172 = CARTESIAN_POINT('',(-33.,14.,219.));
#1173 = VERTEX_POINT('',#1174);
#1174 = CARTESIAN_POINT('',(-35.62837678219,17.106263469868,
    222.22573514178));
#1175 = B_SPLINE_CURVE_WITH_KNOTS('',1,(#1176,#1177),.UNSPECIFIED.,.F.,
  .F.,(2,2),(0.,1.),.PIECEWISE_BEZIER_KNOTS.);
#1176 = CARTESIAN_POINT('',(-33.,14.,219.));
#1177 = CARTESIAN_POINT('',(-55.,40.,246.));
#1178 = ORIENTED_EDGE('',*,*,#1179,.T.);
#1179 = EDGE_CURVE('',#1171,#295,#1180,.T.);
#1180 = LINE('',#1181,#1182);
#1181 = CARTESIAN_POINT('',(-33.,14.,219.));
#1182 = VECTOR('',#1183,1.);
#1183 = DIRECTION('',(-0.707106781187,-0.707106781187,0.));
#1184 = ORIENTED_EDGE('',*,*,#294,.T.);
#1185 = ORIENTED_EDGE('',*,*,#1186,.T.);
#1186 = EDGE_CURVE('',#297,#1187,#1189,.T.);
#1187 = VERTEX_POINT('',#1188);
#1188 = CARTESIAN_POINT('',(-35.50033911442,16.,221.53144075186));
#1189 = B_SPLINE_CURVE_WITH_KNOTS('',5,(#1190,#1191,#1192,#1193,#1194,
    #1195,#1196,#1197,#1198,#1199,#1200,#1201,#1202,#1203,#1204,#1205,
    #1206,#1207,#1208,#1209,#1210,#1211,#1212,#1213,#1214,#1215,#1216,
    #1217,#1218,#1219,#1220,#1221,#1222,#1223),.UNSPECIFIED.,.F.,.F.,(6,
    4,4,4,4,4,4,4,6),(0.,0.115638392627,0.226840451396,0.346373329696,
    0.465597701432,0.566548957389,0.718169510382,0.849828584188,1.),
  .UNSPECIFIED.);
#1190 = CARTESIAN_POINT('',(-38.59596056932,11.73473974926,
    220.8735189292));
#1191 = CARTESIAN_POINT('',(-38.47415816129,11.775509512331,
    220.82793806641));
#1192 = CARTESIAN_POINT('',(-38.35395964151,11.820537490169,
    220.78565463657));
#1193 = CARTESIAN_POINT('',(-38.23553561052,11.869740816737,
    220.74671799033));
#1194 = CARTESIAN_POINT('',(-38.11904919974,11.923032354307,
    220.71117087415));
#1195 = CARTESIAN_POINT('',(-37.89465150389,12.035411231421,
    220.64816028861));
#1196 = CARTESIAN_POINT('',(-37.7865829831,12.094197819372,
    220.62043920139));
#1197 = CARTESIAN_POINT('',(-37.6805888609,12.156599449627,
    220.59591842467));
#1198 = CARTESIAN_POINT('',(-37.57680349686,12.222532004062,
    220.57462621926));
#1199 = CARTESIAN_POINT('',(-37.36631106758,12.366481899135,
    220.53719604377));
#1200 = CARTESIAN_POINT('',(-37.25996795142,12.445034359469,
    220.52156379987));
#1201 = CARTESIAN_POINT('',(-37.15648981014,12.527457626383,
    220.50972043304));
#1202 = CARTESIAN_POINT('',(-37.05603608142,12.613638260707,
    220.50169181745));
#1203 = CARTESIAN_POINT('',(-36.86174245267,12.793044707658,
    220.49331777768));
#1204 = CARTESIAN_POINT('',(-36.76788640081,12.886251373252,
    220.49295249791));
#1205 = CARTESIAN_POINT('',(-36.67735164584,12.982959623584,
    220.49642508905));
#1206 = CARTESIAN_POINT('',(-36.59029350922,13.083043132266,
    220.50375186083));
#1207 = CARTESIAN_POINT('',(-36.43622620034,13.273854791574,
    220.52442055795));
#1208 = CARTESIAN_POINT('',(-36.36818929025,13.363665461386,
    220.5366682978));
#1209 = CARTESIAN_POINT('',(-36.30284992124,13.455716961742,
    220.55169387168));
#1210 = CARTESIAN_POINT('',(-36.24030165962,13.549920644898,
    220.56950004629));
#1211 = CARTESIAN_POINT('',(-36.09102694667,13.79075689207,
    220.62100340929));
#1212 = CARTESIAN_POINT('',(-36.00792233374,13.939972109265,
    220.65819062419));
#1213 = CARTESIAN_POINT('',(-35.93163814576,14.093502939858,
    220.70164186066));
#1214 = CARTESIAN_POINT('',(-35.86248606303,14.250984252007,
    220.7513270522));
#1215 = CARTESIAN_POINT('',(-35.74715519391,14.551811690132,
    220.85566887227));
#1216 = CARTESIAN_POINT('',(-35.69915047374,14.694289183846,
    220.90880980739));
#1217 = CARTESIAN_POINT('',(-35.6569339159,14.839153634235,
    220.96654924695));
#1218 = CARTESIAN_POINT('',(-35.620684118,14.986098870758,
    221.02881543118));
#1219 = CARTESIAN_POINT('',(-35.55618711154,15.304372267527,
    221.17156465072));
#1220 = CARTESIAN_POINT('',(-35.52978144026,15.476225683429,
    221.25337900707));
#1221 = CARTESIAN_POINT('',(-35.51156413605,15.649830996631,
    221.34078476213));
#1222 = CARTESIAN_POINT('',(-35.50171545171,15.824627443412,
    221.4335678785));
#1223 = CARTESIAN_POINT('',(-35.50033911442,16.,221.53144075186));
#1224 = ORIENTED_EDGE('',*,*,#1225,.T.);
#1225 = EDGE_CURVE('',#1187,#1173,#1226,.T.);
#1226 = B_SPLINE_CURVE_WITH_KNOTS('',5,(#1227,#1228,#1229,#1230,#1231,
    #1232),.UNSPECIFIED.,.F.,.F.,(6,6),(0.,1.),
  .PIECEWISE_BEZIER_KNOTS.);
#1227 = CARTESIAN_POINT('',(-35.50033911442,16.,221.53144075186));
#1228 = CARTESIAN_POINT('',(-35.4985971608,16.221959301871,
    221.65531301025));
#1229 = CARTESIAN_POINT('',(-35.51042678474,16.444853562729,
    221.78734519545));
#1230 = CARTESIAN_POINT('',(-35.53603843321,16.667418300211,
    221.92694441255));
#1231 = CARTESIAN_POINT('',(-35.57543993852,16.888339237378,
    222.07337578644));
#1232 = CARTESIAN_POINT('',(-35.62837678219,17.106263469868,
    222.22573514178));
#1233 = B_SPLINE_SURFACE_WITH_KNOTS('',1,1,(
    (#1234,#1235)
    ,(#1236,#1237
    )),.UNSPECIFIED.,.F.,.F.,.F.,(2,2),(2,2),(0.,7.071067811865),(0.,1.)
  ,.PIECEWISE_BEZIER_KNOTS.);
#1234 = CARTESIAN_POINT('',(-33.,14.,219.));
#1235 = CARTESIAN_POINT('',(-55.,40.,246.));
#1236 = CARTESIAN_POINT('',(-37.,10.,219.));
#1237 = CARTESIAN_POINT('',(-60.,35.,246.));
#1238 = ADVANCED_FACE('',(#1239),#1479,.F.);
#1239 = FACE_BOUND('',#1240,.F.);
#1240 = EDGE_LOOP('',(#1241,#1242,#1250,#1260,#1270,#1302,#1347,#1348,
    #1358,#1403,#1404,#1405,#1406,#1449));
#1241 = ORIENTED_EDGE('',*,*,#1225,.F.);
#1242 = ORIENTED_EDGE('',*,*,#1243,.F.);
#1243 = EDGE_CURVE('',#1244,#1187,#1246,.T.);
#1244 = VERTEX_POINT('',#1245);
#1245 = CARTESIAN_POINT('',(-35.59045848822,16.,215.12295194823));
#1246 = LINE('',#1247,#1248);
#1247 = CARTESIAN_POINT('',(-36.,16.,186.));
#1248 = VECTOR('',#1249,1.);
#1249 = DIRECTION('',(1.406110974904E-02,-3.443978609324E-18,
    0.999901137709));
#1250 = ORIENTED_EDGE('',*,*,#1251,.T.);
#1251 = EDGE_CURVE('',#1244,#1252,#1254,.T.);
#1252 = VERTEX_POINT('',#1253);
#1253 = CARTESIAN_POINT('',(-35.61103906131,16.467737662854,
    215.42679440615));
#1254 = B_SPLINE_CURVE_WITH_KNOTS('',4,(#1255,#1256,#1257,#1258,#1259),
  .UNSPECIFIED.,.F.,.F.,(5,5),(0.,1.),.PIECEWISE_BEZIER_KNOTS.);
#1255 = CARTESIAN_POINT('',(-35.59045848822,16.,215.12295194823));
#1256 = CARTESIAN_POINT('',(-35.58943709296,16.117752286677,
    215.19558450288));
#1257 = CARTESIAN_POINT('',(-35.59257537546,16.235127806315,
    215.27057086866));
#1258 = CARTESIAN_POINT('',(-35.59980892858,16.351866336245,
    215.34770905366));
#1259 = CARTESIAN_POINT('',(-35.61103906131,16.467737662854,
    215.42679440615));
#1260 = ORIENTED_EDGE('',*,*,#1261,.T.);
#1261 = EDGE_CURVE('',#1252,#1262,#1264,.T.);
#1262 = VERTEX_POINT('',#1263);
#1263 = CARTESIAN_POINT('',(-35.69268314195,17.,216.));
#1264 = B_SPLINE_CURVE_WITH_KNOTS('',4,(#1265,#1266,#1267,#1268,#1269),
  .UNSPECIFIED.,.F.,.F.,(5,5),(0.,1.),.PIECEWISE_BEZIER_KNOTS.);
#1265 = CARTESIAN_POINT('',(-35.61103906131,16.467737662854,
    215.42679440615));
#1266 = CARTESIAN_POINT('',(-35.62308787182,16.599647294133,
    215.56885093214));
#1267 = CARTESIAN_POINT('',(-35.64054681382,16.73244405852,
    215.71186283225));
#1268 = CARTESIAN_POINT('',(-35.66364908614,16.865965373152,
    215.85565501724));
#1269 = CARTESIAN_POINT('',(-35.69268314195,17.,216.));
#1270 = ORIENTED_EDGE('',*,*,#1271,.T.);
#1271 = EDGE_CURVE('',#1262,#1272,#1274,.T.);
#1272 = VERTEX_POINT('',#1273);
#1273 = CARTESIAN_POINT('',(-38.45652190778,20.193478480118,
    219.3163045755));
#1274 = B_SPLINE_CURVE_WITH_KNOTS('',6,(#1275,#1276,#1277,#1278,#1279,
    #1280,#1281,#1282,#1283,#1284,#1285,#1286,#1287,#1288,#1289,#1290,
    #1291,#1292,#1293,#1294,#1295,#1296,#1297,#1298,#1299,#1300,#1301),
  .UNSPECIFIED.,.F.,.F.,(7,5,5,5,5,7),(0.,0.376593107733,0.523693871336,
    0.604275568605,0.774575917237,1.),.UNSPECIFIED.);
#1275 = CARTESIAN_POINT('',(-35.69268314195,17.,216.));
#1276 = CARTESIAN_POINT('',(-35.74049466878,17.220155792081,
    216.22862332254));
#1277 = CARTESIAN_POINT('',(-35.80336414573,17.444552922862,
    216.4616511122));
#1278 = CARTESIAN_POINT('',(-35.88293312896,17.67278758903,
    216.69866403476));
#1279 = CARTESIAN_POINT('',(-35.98108814041,17.903747221729,
    216.93850673025));
#1280 = CARTESIAN_POINT('',(-36.09974326081,18.135554497174,
    217.17922967014));
#1281 = CARTESIAN_POINT('',(-36.2954553974,18.455367238398,
    217.51134290141));
#1282 = CARTESIAN_POINT('',(-36.35378141895,18.544892893813,
    217.60431185126));
#1283 = CARTESIAN_POINT('',(-36.41553644455,18.633931592251,
    217.69677511503));
#1284 = CARTESIAN_POINT('',(-36.48077602495,18.722270267886,
    217.78851143203));
#1285 = CARTESIAN_POINT('',(-36.5495202916,18.809666197277,
    217.87926874332));
#1286 = CARTESIAN_POINT('',(-36.6613014387,18.943061792471,
    218.01779493833));
#1287 = CARTESIAN_POINT('',(-36.70190584273,18.98990952644,
    218.06644450822));
#1288 = CARTESIAN_POINT('',(-36.74354757791,19.036348833356,
    218.11466994233));
#1289 = CARTESIAN_POINT('',(-36.7862169416,19.082333117113,
    218.16242285238));
#1290 = CARTESIAN_POINT('',(-36.82989898554,19.12781417674,
    218.20965318353));
#1291 = CARTESIAN_POINT('',(-36.96898538415,19.267693746393,
    218.35491273663));
#1292 = CARTESIAN_POINT('',(-37.06784139687,19.36019066957,
    218.45096723378));
#1293 = CARTESIAN_POINT('',(-37.17091916223,19.449742084072,
    218.54396293346));
#1294 = CARTESIAN_POINT('',(-37.27791137896,19.535877668417,
    218.63341142489));
#1295 = CARTESIAN_POINT('',(-37.38840639118,19.618164925417,
    218.71886357639));
#1296 = CARTESIAN_POINT('',(-37.65205923361,19.799554417348,
    218.90722958724));
#1297 = CARTESIAN_POINT('',(-37.80751132006,19.895520880154,
    219.00688706785));
#1298 = CARTESIAN_POINT('',(-37.96695135859,19.983212209326,
    219.09795114045));
#1299 = CARTESIAN_POINT('',(-38.12908961942,20.062162447579,
    219.17993792633));
#1300 = CARTESIAN_POINT('',(-38.29267412403,20.132218355856,
    219.25268829262));
#1301 = CARTESIAN_POINT('',(-38.45652190778,20.193478480118,
    219.3163045755));
#1302 = ORIENTED_EDGE('',*,*,#1303,.T.);
#1303 = EDGE_CURVE('',#1272,#1087,#1304,.T.);
#1304 = B_SPLINE_CURVE_WITH_KNOTS('',6,(#1305,#1306,#1307,#1308,#1309,
    #1310,#1311,#1312,#1313,#1314,#1315,#1316,#1317,#1318,#1319,#1320,
    #1321,#1322,#1323,#1324,#1325,#1326,#1327,#1328,#1329,#1330,#1331,
    #1332,#1333,#1334,#1335,#1336,#1337,#1338,#1339,#1340,#1341,#1342,
    #1343,#1344,#1345,#1346),.UNSPECIFIED.,.F.,.F.,(7,5,5,5,5,5,5,5,7),(
    0.,6.995258254436E-02,0.252077079881,0.423036618085,0.509953299263,
    0.668493358767,0.752295738674,0.84126945401,1.),.UNSPECIFIED.);
#1305 = CARTESIAN_POINT('',(-38.45652190778,20.193478480118,
    219.3163045755));
#1306 = CARTESIAN_POINT('',(-38.55326725583,20.230261621878,
    219.39467999343));
#1307 = CARTESIAN_POINT('',(-38.65079389407,20.264249352424,
    219.4718732099));
#1308 = CARTESIAN_POINT('',(-38.74901260827,20.295437490323,
    219.54782940569));
#1309 = CARTESIAN_POINT('',(-38.84783651772,20.323824007003,
    219.62249639495));
#1310 = CARTESIAN_POINT('',(-38.94718107527,20.349409026754,
    219.6958246251));
#1311 = CARTESIAN_POINT('',(-39.30675329317,20.431518617434,
    219.95507264318));
#1312 = CARTESIAN_POINT('',(-39.56949660794,20.471863429606,
    220.13297219595));
#1313 = CARTESIAN_POINT('',(-39.83377481636,20.493276692768,
    220.3006606684));
#1314 = CARTESIAN_POINT('',(-40.09819285418,20.495849319824,
    220.45737258039));
#1315 = CARTESIAN_POINT('',(-40.36138088371,20.479739155413,
    220.6023965447));
#1316 = CARTESIAN_POINT('',(-40.86663733059,20.412692365021,
    220.85960656047));
#1317 = CARTESIAN_POINT('',(-41.10899500278,20.363953647029,
    220.97325246836));
#1318 = CARTESIAN_POINT('',(-41.34794389115,20.29911841603,
    221.07544961508));
#1319 = CARTESIAN_POINT('',(-41.58232379196,20.218424422127,
    221.16565656044));
#1320 = CARTESIAN_POINT('',(-41.81095329938,20.122195440727,
    221.24336991267));
#1321 = CARTESIAN_POINT('',(-42.1453498727,19.954269191658,
    221.34108075516));
#1322 = CARTESIAN_POINT('',(-42.25626228878,19.893768128171,
    221.37067002734));
#1323 = CARTESIAN_POINT('',(-42.36522183337,19.82942338167,
    221.39685697404));
#1324 = CARTESIAN_POINT('',(-42.47206999794,19.761301138949,
    221.41958740643));
#1325 = CARTESIAN_POINT('',(-42.57664820657,19.689476592266,
    221.43881238192));
#1326 = CARTESIAN_POINT('',(-42.86512590636,19.476425811753,
    221.48308470411));
#1327 = CARTESIAN_POINT('',(-43.04338014699,19.326778564374,
    221.49987576536));
#1328 = CARTESIAN_POINT('',(-43.21259619977,19.165615091373,
    221.50460227958));
#1329 = CARTESIAN_POINT('',(-43.37183047082,18.993561657473,
    221.49707798834));
#1330 = CARTESIAN_POINT('',(-43.52018180847,18.811359113364,
    221.47720880194));
#1331 = CARTESIAN_POINT('',(-43.72903358869,18.518655927948,
    221.42799167281));
#1332 = CARTESIAN_POINT('',(-43.79798081921,18.414843996557,
    221.40752760925));
#1333 = CARTESIAN_POINT('',(-43.86353030699,18.30856461986,
    221.38362093532));
#1334 = CARTESIAN_POINT('',(-43.92556522135,18.199953078319,
    221.35628248024));
#1335 = CARTESIAN_POINT('',(-43.98397561464,18.089152648369,
    221.32553180655));
#1336 = CARTESIAN_POINT('',(-44.09671563432,17.856513467995,
    221.25515621222));
#1337 = CARTESIAN_POINT('',(-44.15057153838,17.734414930142,
    221.21510075326));
#1338 = CARTESIAN_POINT('',(-44.20010284132,17.610200285418,
    221.17126487873));
#1339 = CARTESIAN_POINT('',(-44.24519738812,17.484058928451,
    221.12369392494));
#1340 = CARTESIAN_POINT('',(-44.28575416181,17.356188351929,
    221.07244451893));
#1341 = CARTESIAN_POINT('',(-44.3857814171,16.995952793285,
    220.91971355827));
#1342 = CARTESIAN_POINT('',(-44.43515242136,16.760257177665,
    220.81034911247));
#1343 = CARTESIAN_POINT('',(-44.46928764218,16.520879228255,
    220.68988055438));
#1344 = CARTESIAN_POINT('',(-44.4878018062,16.279048485417,
    220.55880343203));
#1345 = CARTESIAN_POINT('',(-44.49044453492,16.036048450831,
    220.41772414381));
#1346 = CARTESIAN_POINT('',(-44.47711185887,15.793212936957,
    220.26736455407));
#1347 = ORIENTED_EDGE('',*,*,#1086,.T.);
#1348 = ORIENTED_EDGE('',*,*,#1349,.T.);
#1349 = EDGE_CURVE('',#1089,#1350,#1352,.T.);
#1350 = VERTEX_POINT('',#1351);
#1351 = CARTESIAN_POINT('',(-40.64825334785,11.632264863665,
    215.55232244272));
#1352 = B_SPLINE_CURVE_WITH_KNOTS('',4,(#1353,#1354,#1355,#1356,#1357),
  .UNSPECIFIED.,.F.,.F.,(5,5),(0.,1.),.PIECEWISE_BEZIER_KNOTS.);
#1353 = CARTESIAN_POINT('',(-41.,11.692683141952,216.));
#1354 = CARTESIAN_POINT('',(-40.91143362749,11.673748594421,
    215.88727916226));
#1355 = CARTESIAN_POINT('',(-40.82325862229,11.657435955142,
    215.77505642836));
#1356 = CARTESIAN_POINT('',(-40.73551961576,11.643637828602,
    215.66338860188));
#1357 = CARTESIAN_POINT('',(-40.64825334785,11.632264863665,
    215.55232244272));
#1358 = ORIENTED_EDGE('',*,*,#1359,.T.);
#1359 = EDGE_CURVE('',#1350,#1244,#1360,.T.);
#1360 = B_SPLINE_CURVE_WITH_KNOTS('',5,(#1361,#1362,#1363,#1364,#1365,
    #1366,#1367,#1368,#1369,#1370,#1371,#1372,#1373,#1374,#1375,#1376,
    #1377,#1378,#1379,#1380,#1381,#1382,#1383,#1384,#1385,#1386,#1387,
    #1388,#1389,#1390,#1391,#1392,#1393,#1394,#1395,#1396,#1397,#1398,
    #1399,#1400,#1401,#1402),.UNSPECIFIED.,.F.,.F.,(6,4,4,4,4,4,4,4,4,4,
    6),(0.,0.176658119421,0.316870336594,0.415203228749,0.509045800875,
    0.607216771902,0.691372637613,0.780437027832,0.890760431618,
    0.935200779213,1.),.UNSPECIFIED.);
#1361 = CARTESIAN_POINT('',(-40.64825334785,11.632264863665,
    215.55232244272));
#1362 = CARTESIAN_POINT('',(-40.3962271593,11.597397295932,
    215.37381077214));
#1363 = CARTESIAN_POINT('',(-40.14024748474,11.580344766503,
    215.20392406744));
#1364 = CARTESIAN_POINT('',(-39.88195842047,11.581758776366,
    215.04409070025));
#1365 = CARTESIAN_POINT('',(-39.62317072381,11.602086338368,
    214.89571550536));
#1366 = CARTESIAN_POINT('',(-39.16161717777,11.672697128492,
    214.65246223501));
#1367 = CARTESIAN_POINT('',(-38.95830091909,11.715936127104,
    214.55285860652));
#1368 = CARTESIAN_POINT('',(-38.75688331981,11.771231718437,
    214.46193824602));
#1369 = CARTESIAN_POINT('',(-38.55836174745,11.838525529921,
    214.38028541703));
#1370 = CARTESIAN_POINT('',(-38.22726071839,11.973086320299,
    214.25799371296));
#1371 = CARTESIAN_POINT('',(-38.09269425934,12.034358280374,
    214.21238824693));
#1372 = CARTESIAN_POINT('',(-37.96039483544,12.101365927771,
    214.17176225266));
#1373 = CARTESIAN_POINT('',(-37.83070586283,12.174008165446,
    214.13626650648));
#1374 = CARTESIAN_POINT('',(-37.58301541718,12.3267245459,
    214.07717153258));
#1375 = CARTESIAN_POINT('',(-37.4647499739,12.40630776553,
    214.05310259342));
#1376 = CARTESIAN_POINT('',(-37.34946605516,12.490783399802,
    214.0339329942));
#1377 = CARTESIAN_POINT('',(-37.23745181754,12.580004637323,
    214.01975068303));
#1378 = CARTESIAN_POINT('',(-37.01552158735,12.771910606495,
    214.00106892061));
#1379 = CARTESIAN_POINT('',(-36.90593988992,12.875026862888,
    213.99704597953));
#1380 = CARTESIAN_POINT('',(-36.80056498941,12.982938648523,
    213.99862448582));
#1381 = CARTESIAN_POINT('',(-36.69970466952,13.095405945946,
    214.00584660518));
#1382 = CARTESIAN_POINT('',(-36.52130512942,13.312214357297,
    214.0297454584));
#1383 = CARTESIAN_POINT('',(-36.44249153812,13.415424136826,
    214.04492530885));
#1384 = CARTESIAN_POINT('',(-36.36738992042,13.521591856021,
    214.06425532756));
#1385 = CARTESIAN_POINT('',(-36.29616879708,13.630516711222,
    214.08771542738));
#1386 = CARTESIAN_POINT('',(-36.15787092607,13.859929295296,
    214.14440902662));
#1387 = CARTESIAN_POINT('',(-36.0912773351,13.980722330458,
    214.17813312523));
#1388 = CARTESIAN_POINT('',(-36.02937830806,14.104082526634,
    214.21637563048));
#1389 = CARTESIAN_POINT('',(-35.97232552926,14.229718753579,
    214.25904977599));
#1390 = CARTESIAN_POINT('',(-35.85571784589,14.515364580219,
    214.36422906513));
#1391 = CARTESIAN_POINT('',(-35.79881420633,14.67642593657,
    214.42903831113));
#1392 = CARTESIAN_POINT('',(-35.74975561042,14.839889910797,
    214.50022387986));
#1393 = CARTESIAN_POINT('',(-35.70867607846,15.005127059924,
    214.57747750833));
#1394 = CARTESIAN_POINT('',(-35.66229827711,15.238498080173,
    214.69382884453));
#1395 = CARTESIAN_POINT('',(-35.65028197231,15.305693125978,
    214.72816228338));
#1396 = CARTESIAN_POINT('',(-35.63956919066,15.373028861674,
    214.76339434367));
#1397 = CARTESIAN_POINT('',(-35.63015985765,15.440463729289,
    214.79949912076));
#1398 = CARTESIAN_POINT('',(-35.61022822991,15.606369035404,
    214.89032718731));
#1399 = CARTESIAN_POINT('',(-35.60117090475,15.704905049044,
    214.94600281569));
#1400 = CARTESIAN_POINT('',(-35.59487104088,15.803436811252,
    215.00339155244));
#1401 = CARTESIAN_POINT('',(-35.59130992724,15.901841244569,
    215.06240517357));
#1402 = CARTESIAN_POINT('',(-35.59045848822,16.,215.12295194823));
#1403 = ORIENTED_EDGE('',*,*,#1243,.T.);
#1404 = ORIENTED_EDGE('',*,*,#1186,.F.);
#1405 = ORIENTED_EDGE('',*,*,#335,.F.);
#1406 = ORIENTED_EDGE('',*,*,#1407,.F.);
#1407 = EDGE_CURVE('',#1408,#329,#1410,.T.);
#1408 = VERTEX_POINT('',#1409);
#1409 = CARTESIAN_POINT('',(-38.25068667504,20.205356979594,
    225.44402455573));
#1410 = B_SPLINE_CURVE_WITH_KNOTS('',5,(#1411,#1412,#1413,#1414,#1415,
    #1416,#1417,#1418,#1419,#1420,#1421,#1422,#1423,#1424,#1425,#1426,
    #1427,#1428,#1429,#1430,#1431,#1432,#1433,#1434,#1435,#1436,#1437,
    #1438,#1439,#1440,#1441,#1442,#1443,#1444,#1445,#1446,#1447,#1448),
  .UNSPECIFIED.,.F.,.F.,(6,4,4,4,4,4,4,4,4,6),(0.,8.232869766091E-02,
    0.271800183971,0.438425044962,0.517285893907,0.649265022948,
    0.735489139416,0.821176192096,0.908215449116,1.),.UNSPECIFIED.);
#1411 = CARTESIAN_POINT('',(-38.25068667504,20.205356979594,
    225.44402455573));
#1412 = CARTESIAN_POINT('',(-38.35846264644,20.251507555296,
    225.53060823847));
#1413 = CARTESIAN_POINT('',(-38.46757532844,20.294109889934,
    225.61594793533));
#1414 = CARTESIAN_POINT('',(-38.57787946327,20.333125563088,
    225.69994032732));
#1415 = CARTESIAN_POINT('',(-38.68923049529,20.368523275337,
    225.78248649597));
#1416 = CARTESIAN_POINT('',(-39.05982640288,20.473361209226,
    226.04991803181));
#1417 = CARTESIAN_POINT('',(-39.32294793633,20.527151941699,
    226.22818118139));
#1418 = CARTESIAN_POINT('',(-39.58911409111,20.561360813986,
    226.39714213411));
#1419 = CARTESIAN_POINT('',(-39.85659516968,20.575868023361,
    226.55576054608));
#1420 = CARTESIAN_POINT('',(-40.35853785955,20.566182363239,
    226.83265512531));
#1421 = CARTESIAN_POINT('',(-40.59308835401,20.546445117336,
    226.95348757763));
#1422 = CARTESIAN_POINT('',(-40.82614331613,20.511532041881,
    227.06494238888));
#1423 = CARTESIAN_POINT('',(-41.05650616617,20.4615715842,
    227.16641873458));
#1424 = CARTESIAN_POINT('',(-41.39014921614,20.366179622088,
    227.3004349715));
#1425 = CARTESIAN_POINT('',(-41.49645613637,20.332223306521,
    227.34113218662));
#1426 = CARTESIAN_POINT('',(-41.60176055425,20.294982300259,
    227.37941785566));
#1427 = CARTESIAN_POINT('',(-41.70593354698,20.254491422752,
    227.41523904547));
#1428 = CARTESIAN_POINT('',(-41.98107666433,20.137660102957,
    227.50428943159));
#1429 = CARTESIAN_POINT('',(-42.1497772722,20.055542826995,
    227.55299255579));
#1430 = CARTESIAN_POINT('',(-42.31434025965,19.964640246549,
    227.59442653473));
#1431 = CARTESIAN_POINT('',(-42.4741615407,19.865211637962,227.628397413
    ));
#1432 = CARTESIAN_POINT('',(-42.72958120754,19.68727887669,
    227.67198379738));
#1433 = CARTESIAN_POINT('',(-42.82823617546,19.613470681723,
    227.68596010716));
#1434 = CARTESIAN_POINT('',(-42.92445093242,19.536257898692,
    227.6966487175));
#1435 = CARTESIAN_POINT('',(-43.01806555895,19.455746063659,
    227.70401903772));
#1436 = CARTESIAN_POINT('',(-43.1992185479,19.288882576212,
    227.71205688231));
#1437 = CARTESIAN_POINT('',(-43.28679148972,19.20257030174,
    227.7127660077));
#1438 = CARTESIAN_POINT('',(-43.37149159542,19.113233371032,
    227.71015779363));
#1439 = CARTESIAN_POINT('',(-43.45317432568,19.021000432083,
    227.70422330124));
#1440 = CARTESIAN_POINT('',(-43.61147061852,18.829525103395,
    227.68556009358));
#1441 = CARTESIAN_POINT('',(-43.68798420625,18.73019481169,
    227.67272569759));
#1442 = CARTESIAN_POINT('',(-43.76110019425,18.628169140803,
    227.65646400096));
#1443 = CARTESIAN_POINT('',(-43.83068630347,18.52360711167,
    227.63679004601));
#1444 = CARTESIAN_POINT('',(-43.96615120857,18.303921293166,
    227.58941578223));
#1445 = CARTESIAN_POINT('',(-44.03162140352,18.188532039435,
    227.56133631166));
#1446 = CARTESIAN_POINT('',(-44.09288999197,18.070711144102,
    227.52952563904));
#1447 = CARTESIAN_POINT('',(-44.1498316154,17.950669254481,
    227.49403173931));
#1448 = CARTESIAN_POINT('',(-44.20233754776,17.828627769307,
    227.45491799085));
#1449 = ORIENTED_EDGE('',*,*,#1450,.F.);
#1450 = EDGE_CURVE('',#1173,#1408,#1451,.T.);
#1451 = B_SPLINE_CURVE_WITH_KNOTS('',6,(#1452,#1453,#1454,#1455,#1456,
    #1457,#1458,#1459,#1460,#1461,#1462,#1463,#1464,#1465,#1466,#1467,
    #1468,#1469,#1470,#1471,#1472,#1473,#1474,#1475,#1476,#1477,#1478),
  .UNSPECIFIED.,.F.,.F.,(7,5,5,5,5,7),(0.,0.420195859345,0.572753784893,
    0.657216938699,0.828038893641,1.),.UNSPECIFIED.);
#1452 = CARTESIAN_POINT('',(-35.62837678219,17.106263469868,
    222.22573514178));
#1453 = CARTESIAN_POINT('',(-35.68301638065,17.335849476379,
    222.46415137931));
#1454 = CARTESIAN_POINT('',(-35.75411157769,17.570353756255,
    222.70767505457));
#1455 = CARTESIAN_POINT('',(-35.8436900082,17.809523327988,
    222.95604345598));
#1456 = CARTESIAN_POINT('',(-35.95416460281,18.052197919476,
    223.20805168561));
#1457 = CARTESIAN_POINT('',(-36.08804512208,18.296224406427,
    223.46146380667));
#1458 = CARTESIAN_POINT('',(-36.30554122704,18.626340447352,
    223.8042766184));
#1459 = CARTESIAN_POINT('',(-36.36683377587,18.713989148188,
    223.89529642311));
#1460 = CARTESIAN_POINT('',(-36.43157202846,18.801178169759,
    223.98583886859));
#1461 = CARTESIAN_POINT('',(-36.49981880955,18.88769173788,
    224.07567988164));
#1462 = CARTESIAN_POINT('',(-36.57159865628,18.97328096126,
    224.16456099823));
#1463 = CARTESIAN_POINT('',(-36.68856209176,19.104387608442,
    224.30071020876));
#1464 = CARTESIAN_POINT('',(-36.7313159253,19.150738893003,
    224.34884423504));
#1465 = CARTESIAN_POINT('',(-36.77513760971,19.196673463602,
    224.39654551989));
#1466 = CARTESIAN_POINT('',(-36.82001634241,19.242141122431,
    224.44376193483));
#1467 = CARTESIAN_POINT('',(-36.86593515608,19.287089716992,
    224.49043932149));
#1468 = CARTESIAN_POINT('',(-37.00779257236,19.42121337968,
    224.62972158659));
#1469 = CARTESIAN_POINT('',(-37.10688541462,19.508632521688,
    224.72050300329));
#1470 = CARTESIAN_POINT('',(-37.20992442491,19.59325515321,
    224.80838035141));
#1471 = CARTESIAN_POINT('',(-37.31660193855,19.674632758243,
    224.89288786433));
#1472 = CARTESIAN_POINT('',(-37.42650794545,19.752353375034,
    224.97359773561));
#1473 = CARTESIAN_POINT('',(-37.65246591139,19.90025568474,
    225.12718859569));
#1474 = CARTESIAN_POINT('',(-37.76856341124,19.970390109693,
    225.20002049852));
#1475 = CARTESIAN_POINT('',(-37.88687991616,20.036107349315,
    225.26826532428));
#1476 = CARTESIAN_POINT('',(-38.00692698219,20.097211524405,
    225.33171965995));
#1477 = CARTESIAN_POINT('',(-38.1282933761,20.153626528091,
    225.39030447147));
#1478 = CARTESIAN_POINT('',(-38.25068667504,20.205356979594,
    225.44402455573));
#1479 = CONICAL_SURFACE('',#1480,4.,1.406157313854E-02);
#1480 = AXIS2_PLACEMENT_3D('',#1481,#1482,#1483);
#1481 = CARTESIAN_POINT('',(-40.,16.,186.));
#1482 = DIRECTION('',(0.,0.,1.));
#1483 = DIRECTION('',(1.,0.,0.));
#1484 = ADVANCED_FACE('',(#1485),#1495,.F.);
#1485 = FACE_BOUND('',#1486,.F.);
#1486 = EDGE_LOOP('',(#1487,#1492,#1493,#1494));
#1487 = ORIENTED_EDGE('',*,*,#1488,.F.);
#1488 = EDGE_CURVE('',#1408,#1064,#1489,.T.);
#1489 = B_SPLINE_CURVE_WITH_KNOTS('',1,(#1490,#1491),.UNSPECIFIED.,.F.,
  .F.,(2,2),(0.,1.),.PIECEWISE_BEZIER_KNOTS.);
#1490 = CARTESIAN_POINT('',(-33.,14.,219.));
#1491 = CARTESIAN_POINT('',(-55.,40.,246.));
#1492 = ORIENTED_EDGE('',*,*,#1407,.T.);
#1493 = ORIENTED_EDGE('',*,*,#328,.T.);
#1494 = ORIENTED_EDGE('',*,*,#1063,.T.);
#1495 = B_SPLINE_SURFACE_WITH_KNOTS('',1,1,(
    (#1496,#1497)
    ,(#1498,#1499
    )),.UNSPECIFIED.,.F.,.F.,.F.,(2,2),(2,2),(0.,7.071067811865),(0.,1.)
  ,.PIECEWISE_BEZIER_KNOTS.);
#1496 = CARTESIAN_POINT('',(-33.,14.,219.));
#1497 = CARTESIAN_POINT('',(-55.,40.,246.));
#1498 = CARTESIAN_POINT('',(-37.,10.,219.));
#1499 = CARTESIAN_POINT('',(-60.,35.,246.));
#1500 = ADVANCED_FACE('',(#1501),#1523,.F.);
#1501 = FACE_BOUND('',#1502,.F.);
#1502 = EDGE_LOOP('',(#1503,#1510,#1517,#1522));
#1503 = ORIENTED_EDGE('',*,*,#1504,.F.);
#1504 = EDGE_CURVE('',#1505,#295,#1507,.T.);
#1505 = VERTEX_POINT('',#1506);
#1506 = CARTESIAN_POINT('',(-19.,-9.227272727273,196.0909090909));
#1507 = B_SPLINE_CURVE_WITH_KNOTS('',1,(#1508,#1509),.UNSPECIFIED.,.F.,
  .F.,(2,2),(0.,1.),.PIECEWISE_BEZIER_KNOTS.);
#1508 = CARTESIAN_POINT('',(-15.,-13.5,191.));
#1509 = CARTESIAN_POINT('',(-37.,10.,219.));
#1510 = ORIENTED_EDGE('',*,*,#1511,.T.);
#1511 = EDGE_CURVE('',#1505,#1512,#1514,.T.);
#1512 = VERTEX_POINT('',#1513);
#1513 = CARTESIAN_POINT('',(-19.,-15.68181818181,196.0909090909));
#1514 = B_SPLINE_CURVE_WITH_KNOTS('',1,(#1515,#1516),.UNSPECIFIED.,.F.,
  .F.,(2,2),(0.,1.),.PIECEWISE_BEZIER_KNOTS.);
#1515 = CARTESIAN_POINT('',(-19.,-9.227272727273,196.0909090909));
#1516 = CARTESIAN_POINT('',(-19.,-15.68181818181,196.0909090909));
#1517 = ORIENTED_EDGE('',*,*,#1518,.T.);
#1518 = EDGE_CURVE('',#1512,#304,#1519,.T.);
#1519 = B_SPLINE_CURVE_WITH_KNOTS('',1,(#1520,#1521),.UNSPECIFIED.,.F.,
  .F.,(2,2),(0.,1.),.PIECEWISE_BEZIER_KNOTS.);
#1520 = CARTESIAN_POINT('',(-15.,-16.5,191.));
#1521 = CARTESIAN_POINT('',(-37.,-12.,219.));
#1522 = ORIENTED_EDGE('',*,*,#303,.F.);
#1523 = B_SPLINE_SURFACE_WITH_KNOTS('',1,1,(
    (#1524,#1525)
    ,(#1526,#1527
    )),.UNSPECIFIED.,.F.,.F.,.F.,(2,2),(2,2),(0.,22.),(0.,1.),
  .PIECEWISE_BEZIER_KNOTS.);
#1524 = CARTESIAN_POINT('',(-15.,-13.5,191.));
#1525 = CARTESIAN_POINT('',(-37.,10.,219.));
#1526 = CARTESIAN_POINT('',(-15.,-16.5,191.));
#1527 = CARTESIAN_POINT('',(-37.,-12.,219.));
#1528 = ADVANCED_FACE('',(#1529),#1584,.F.);
#1529 = FACE_BOUND('',#1530,.F.);
#1530 = EDGE_LOOP('',(#1531,#1532,#1545,#1555,#1565,#1582,#1583));
#1531 = ORIENTED_EDGE('',*,*,#1518,.F.);
#1532 = ORIENTED_EDGE('',*,*,#1533,.T.);
#1533 = EDGE_CURVE('',#1512,#1534,#1536,.T.);
#1534 = VERTEX_POINT('',#1535);
#1535 = CARTESIAN_POINT('',(-19.,-16.875,198.));
#1536 = B_SPLINE_CURVE_WITH_KNOTS('',4,(#1537,#1538,#1539,#1540,#1541,
    #1542,#1543,#1544),.UNSPECIFIED.,.F.,.F.,(5,3,5),(0.,0.503981873726,
    1.),.UNSPECIFIED.);
#1537 = CARTESIAN_POINT('',(-19.,-15.68181818181,196.0909090909));
#1538 = CARTESIAN_POINT('',(-19.,-15.8254194553,196.32067112849));
#1539 = CARTESIAN_POINT('',(-19.,-15.97138275936,196.55421241498));
#1540 = CARTESIAN_POINT('',(-19.,-16.11965192576,196.79144308122));
#1541 = CARTESIAN_POINT('',(-19.,-16.41823546687,197.269176747));
#1542 = CARTESIAN_POINT('',(-19.,-16.56848048654,197.50956877847));
#1543 = CARTESIAN_POINT('',(-19.,-16.72077745161,197.75324392258));
#1544 = CARTESIAN_POINT('',(-19.,-16.875,198.));
#1545 = ORIENTED_EDGE('',*,*,#1546,.T.);
#1546 = EDGE_CURVE('',#1534,#1547,#1549,.T.);
#1547 = VERTEX_POINT('',#1548);
#1548 = CARTESIAN_POINT('',(-19.,-16.97674418604,198.16279069767));
#1549 = B_SPLINE_CURVE_WITH_KNOTS('',4,(#1550,#1551,#1552,#1553,#1554),
  .UNSPECIFIED.,.F.,.F.,(5,5),(0.,1.),.PIECEWISE_BEZIER_KNOTS.);
#1550 = CARTESIAN_POINT('',(-19.,-16.875,198.));
#1551 = CARTESIAN_POINT('',(-19.,-16.90032676328,198.04052282125));
#1552 = CARTESIAN_POINT('',(-19.,-16.92572640076,198.08116224122));
#1553 = CARTESIAN_POINT('',(-19.,-16.95119888611,198.12191821778));
#1554 = CARTESIAN_POINT('',(-19.,-16.97674418604,198.16279069767));
#1555 = ORIENTED_EDGE('',*,*,#1556,.F.);
#1556 = EDGE_CURVE('',#1557,#1547,#1559,.T.);
#1557 = VERTEX_POINT('',#1558);
#1558 = CARTESIAN_POINT('',(-18.875,-17.,198.));
#1559 = B_SPLINE_CURVE_WITH_KNOTS('',4,(#1560,#1561,#1562,#1563,#1564),
  .UNSPECIFIED.,.F.,.F.,(5,5),(0.,1.),.PIECEWISE_BEZIER_KNOTS.);
#1560 = CARTESIAN_POINT('',(-18.875,-17.,198.));
#1561 = CARTESIAN_POINT('',(-18.90624766131,-16.99418648161,
    198.04069462868));
#1562 = CARTESIAN_POINT('',(-18.93749689042,-16.98837267154,
    198.08139129916));
#1563 = CARTESIAN_POINT('',(-18.9687476906,-16.98255856919,
    198.12209001566));
#1564 = CARTESIAN_POINT('',(-19.,-16.97674418604,198.16279069767));
#1565 = ORIENTED_EDGE('',*,*,#1566,.F.);
#1566 = EDGE_CURVE('',#684,#1557,#1567,.T.);
#1567 = B_SPLINE_CURVE_WITH_KNOTS('',4,(#1568,#1569,#1570,#1571,#1572,
    #1573,#1574,#1575,#1576,#1577,#1578,#1579,#1580,#1581),
  .UNSPECIFIED.,.F.,.F.,(5,3,3,3,5),(0.,0.87012162203,0.936491317051,
    0.967566342041,1.),.UNSPECIFIED.);
#1568 = CARTESIAN_POINT('',(-17.3152173913,-17.60869565217,
    196.47826086956));
#1569 = CARTESIAN_POINT('',(-17.64851747818,-17.47862732558,
    196.80343168603));
#1570 = CARTESIAN_POINT('',(-17.98548936003,-17.3471261034,
    197.1321847415));
#1571 = CARTESIAN_POINT('',(-18.32583853138,-17.21430691458,
    197.46423271354));
#1572 = CARTESIAN_POINT('',(-18.69548853991,-17.07005325271,
    197.8248668682));
#1573 = CARTESIAN_POINT('',(-18.72170391336,-17.05982286307,
    197.8504428423));
#1574 = CARTESIAN_POINT('',(-18.74793722405,-17.04958547354,
    197.87603631614));
#1575 = CARTESIAN_POINT('',(-18.78647942035,-17.03454461644,
    197.91363845887));
#1576 = CARTESIAN_POINT('',(-18.798787071,-17.02974163082,
    197.92564592292));
#1577 = CARTESIAN_POINT('',(-18.81111135429,-17.02493215442,
    197.93766961395));
#1578 = CARTESIAN_POINT('',(-18.83633284779,-17.01508962037,
    197.96227594906));
#1579 = CARTESIAN_POINT('',(-18.84921750721,-17.01006146059,
    197.9748463485));
#1580 = CARTESIAN_POINT('',(-18.86210675126,-17.0050315117,
    197.98742122074));
#1581 = CARTESIAN_POINT('',(-18.875,-17.,198.));
#1582 = ORIENTED_EDGE('',*,*,#749,.T.);
#1583 = ORIENTED_EDGE('',*,*,#419,.F.);
#1584 = B_SPLINE_SURFACE_WITH_KNOTS('',1,1,(
    (#1585,#1586)
    ,(#1587,#1588
    )),.UNSPECIFIED.,.F.,.F.,.F.,(2,2),(2,2),(0.,5.656854249492),(0.,1.)
  ,.PIECEWISE_BEZIER_KNOTS.);
#1585 = CARTESIAN_POINT('',(-15.,-16.5,191.));
#1586 = CARTESIAN_POINT('',(-37.,-12.,219.));
#1587 = CARTESIAN_POINT('',(-13.5,-18.,191.));
#1588 = CARTESIAN_POINT('',(-33.,-16.,219.));
#1589 = ADVANCED_FACE('',(#1590),#1642,.T.);
#1590 = FACE_BOUND('',#1591,.T.);
#1591 = EDGE_LOOP('',(#1592,#1599,#1612,#1635,#1640,#1641));
#1592 = ORIENTED_EDGE('',*,*,#1593,.F.);
#1593 = EDGE_CURVE('',#1594,#436,#1596,.T.);
#1594 = VERTEX_POINT('',#1595);
#1595 = CARTESIAN_POINT('',(-19.,-19.,188.));
#1596 = B_SPLINE_CURVE_WITH_KNOTS('',1,(#1597,#1598),.UNSPECIFIED.,.F.,
  .F.,(2,2),(0.,1.),.PIECEWISE_BEZIER_KNOTS.);
#1597 = CARTESIAN_POINT('',(-19.,-19.,188.));
#1598 = CARTESIAN_POINT('',(-41.,-14.,216.));
#1599 = ORIENTED_EDGE('',*,*,#1600,.T.);
#1600 = EDGE_CURVE('',#1594,#1601,#1603,.T.);
#1601 = VERTEX_POINT('',#1602);
#1602 = CARTESIAN_POINT('',(-19.,-20.20567375886,189.98581560283));
#1603 = B_SPLINE_CURVE_WITH_KNOTS('',4,(#1604,#1605,#1606,#1607,#1608,
    #1609,#1610,#1611),.UNSPECIFIED.,.F.,.F.,(5,3,5),(0.,0.519355214496,
    1.),.UNSPECIFIED.);
#1604 = CARTESIAN_POINT('',(-19.,-19.,188.));
#1605 = CARTESIAN_POINT('',(-19.,-19.14573910246,188.24004087464));
#1606 = CARTESIAN_POINT('',(-19.,-19.29517024381,188.48616275451));
#1607 = CARTESIAN_POINT('',(-19.,-19.4483571616,188.7384706191));
#1608 = CARTESIAN_POINT('',(-19.,-19.7505668785,189.23622779988));
#1609 = CARTESIAN_POINT('',(-19.,-19.89904835859,189.48078553179));
#1610 = CARTESIAN_POINT('',(-19.,-20.05076459773,189.73067110214));
#1611 = CARTESIAN_POINT('',(-19.,-20.20567375886,189.98581560283));
#1612 = ORIENTED_EDGE('',*,*,#1613,.F.);
#1613 = EDGE_CURVE('',#1614,#1601,#1616,.T.);
#1614 = VERTEX_POINT('',#1615);
#1615 = CARTESIAN_POINT('',(-18.00714285714,-20.6,189.));
#1616 = B_SPLINE_CURVE_WITH_KNOTS('',5,(#1617,#1618,#1619,#1620,#1621,
    #1622,#1623,#1624,#1625,#1626,#1627,#1628,#1629,#1630,#1631,#1632,
    #1633,#1634),.UNSPECIFIED.,.F.,.F.,(6,4,4,4,6),(0.,0.892411034306,
    0.946306416891,0.971552485989,1.),.UNSPECIFIED.);
#1617 = CARTESIAN_POINT('',(-17.,-21.,188.));
#1618 = CARTESIAN_POINT('',(-17.34430963134,-20.86325291237,
    188.34186771906));
#1619 = CARTESIAN_POINT('',(-17.69465513245,-20.72410859987,
    188.68972850031));
#1620 = CARTESIAN_POINT('',(-18.05067680875,-20.58270991992,
    189.04322520018));
#1621 = CARTESIAN_POINT('',(-18.41199394876,-20.43920807708,
    189.40197980728));
#1622 = CARTESIAN_POINT('',(-18.80034437372,-20.28496961043,
    189.7875759739));
#1623 = CARTESIAN_POINT('',(-18.822480189,-20.27617808096,
    189.80955479759));
#1624 = CARTESIAN_POINT('',(-18.84463385336,-20.26737946249,
    189.83155134376));
#1625 = CARTESIAN_POINT('',(-18.86680528381,-20.25857378798,
    189.85356553003));
#1626 = CARTESIAN_POINT('',(-18.89938838429,-20.24563298212,
    189.88591754469));
#1627 = CARTESIAN_POINT('',(-18.90979542574,-20.24149968906,
    189.89625077734));
#1628 = CARTESIAN_POINT('',(-18.92021555461,-20.23736119816,
    189.90659700458));
#1629 = CARTESIAN_POINT('',(-18.93064880386,-20.23321749633,
    189.91695625915));
#1630 = CARTESIAN_POINT('',(-18.95286631391,-20.22439352071,
    189.9390161982));
#1631 = CARTESIAN_POINT('',(-18.96464228485,-20.21971653935,
    189.95070865162));
#1632 = CARTESIAN_POINT('',(-18.97642327363,-20.21503756508,
    189.96240608729));
#1633 = CARTESIAN_POINT('',(-18.98820925015,-20.21035660986,
    189.97410847532));
#1634 = CARTESIAN_POINT('',(-19.,-20.20567375886,189.98581560283));
#1635 = ORIENTED_EDGE('',*,*,#1636,.F.);
#1636 = EDGE_CURVE('',#987,#1614,#1637,.T.);
#1637 = B_SPLINE_CURVE_WITH_KNOTS('',1,(#1638,#1639),.UNSPECIFIED.,.F.,
  .F.,(2,2),(0.,1.),.PIECEWISE_BEZIER_KNOTS.);
#1638 = CARTESIAN_POINT('',(-17.67857142857,-20.92857142857,189.));
#1639 = CARTESIAN_POINT('',(-19.78571428571,-18.82142857142,189.));
#1640 = ORIENTED_EDGE('',*,*,#986,.T.);
#1641 = ORIENTED_EDGE('',*,*,#435,.F.);
#1642 = B_SPLINE_SURFACE_WITH_KNOTS('',1,1,(
    (#1643,#1644)
    ,(#1645,#1646
    )),.UNSPECIFIED.,.F.,.F.,.F.,(2,2),(2,2),(0.,7.071067811865),(0.,1.)
  ,.PIECEWISE_BEZIER_KNOTS.);
#1643 = CARTESIAN_POINT('',(-19.,-19.,188.));
#1644 = CARTESIAN_POINT('',(-41.,-14.,216.));
#1645 = CARTESIAN_POINT('',(-17.,-21.,188.));
#1646 = CARTESIAN_POINT('',(-36.,-19.,216.));
#1647 = ADVANCED_FACE('',(#1648),#1664,.T.);
#1648 = FACE_BOUND('',#1649,.T.);
#1649 = EDGE_LOOP('',(#1650,#1657,#1662,#1663));
#1650 = ORIENTED_EDGE('',*,*,#1651,.F.);
#1651 = EDGE_CURVE('',#1652,#851,#1654,.T.);
#1652 = VERTEX_POINT('',#1653);
#1653 = CARTESIAN_POINT('',(-52.25,-14.5,246.75));
#1654 = B_SPLINE_CURVE_WITH_KNOTS('',1,(#1655,#1656),.UNSPECIFIED.,.F.,
  .F.,(2,2),(0.,1.),.PIECEWISE_BEZIER_KNOTS.);
#1655 = CARTESIAN_POINT('',(-56.,-19.,243.));
#1656 = CARTESIAN_POINT('',(-51.,-13.,248.));
#1657 = ORIENTED_EDGE('',*,*,#1658,.T.);
#1658 = EDGE_CURVE('',#1652,#475,#1659,.T.);
#1659 = B_SPLINE_CURVE_WITH_KNOTS('',1,(#1660,#1661),.UNSPECIFIED.,.F.,
  .F.,(2,2),(0.,1.),.PIECEWISE_BEZIER_KNOTS.);
#1660 = CARTESIAN_POINT('',(-52.25,-14.5,246.75));
#1661 = CARTESIAN_POINT('',(52.25,-14.5,246.75));
#1662 = ORIENTED_EDGE('',*,*,#484,.T.);
#1663 = ORIENTED_EDGE('',*,*,#858,.F.);
#1664 = B_SPLINE_SURFACE_WITH_KNOTS('',1,1,(
    (#1665,#1666)
    ,(#1667,#1668
    )),.UNSPECIFIED.,.F.,.F.,.F.,(2,2),(2,2),(0.,112.),(0.,1.),
  .PIECEWISE_BEZIER_KNOTS.);
#1665 = CARTESIAN_POINT('',(-56.,-19.,243.));
#1666 = CARTESIAN_POINT('',(-51.,-13.,248.));
#1667 = CARTESIAN_POINT('',(56.,-19.,243.));
#1668 = CARTESIAN_POINT('',(51.,-13.,248.));
#1669 = ADVANCED_FACE('',(#1670),#1721,.F.);
#1670 = FACE_BOUND('',#1671,.F.);
#1671 = EDGE_LOOP('',(#1672,#1679,#1690,#1691,#1692,#1697,#1698,#1705,
    #1715,#1720));
#1672 = ORIENTED_EDGE('',*,*,#1673,.F.);
#1673 = EDGE_CURVE('',#1674,#878,#1676,.T.);
#1674 = VERTEX_POINT('',#1675);
#1675 = CARTESIAN_POINT('',(-52.04545454545,-12.45454545454,
    247.77272727272));
#1676 = B_SPLINE_CURVE_WITH_KNOTS('',1,(#1677,#1678),.UNSPECIFIED.,.F.,
  .F.,(2,2),(0.,1.),.PIECEWISE_BEZIER_KNOTS.);
#1677 = CARTESIAN_POINT('',(-55.,-16.,246.));
#1678 = CARTESIAN_POINT('',(-50.,-10.,249.));
#1679 = ORIENTED_EDGE('',*,*,#1680,.T.);
#1680 = EDGE_CURVE('',#1674,#1652,#1681,.T.);
#1681 = B_SPLINE_CURVE_WITH_KNOTS('',4,(#1682,#1683,#1684,#1685,#1686,
    #1687,#1688,#1689),.UNSPECIFIED.,.F.,.F.,(5,3,5),(0.,0.929620041633,
    1.),.UNSPECIFIED.);
#1682 = CARTESIAN_POINT('',(-52.04545454545,-12.45454545454,
    247.77272727272));
#1683 = CARTESIAN_POINT('',(-52.09231336002,-12.92313360026,
    247.53843319986));
#1684 = CARTESIAN_POINT('',(-52.13959944609,-13.39599446095,
    247.30200276952));
#1685 = CARTESIAN_POINT('',(-52.18730375147,-13.87303751475,
    247.06348124262));
#1686 = CARTESIAN_POINT('',(-52.23905849682,-14.39058496822,
    246.80470751588));
#1687 = CARTESIAN_POINT('',(-52.24270333206,-14.42703332068,
    246.78648333965));
#1688 = CARTESIAN_POINT('',(-52.24635050123,-14.46350501235,
    246.76824749382));
#1689 = CARTESIAN_POINT('',(-52.25,-14.5,246.75));
#1690 = ORIENTED_EDGE('',*,*,#1658,.T.);
#1691 = ORIENTED_EDGE('',*,*,#474,.T.);
#1692 = ORIENTED_EDGE('',*,*,#1693,.F.);
#1693 = EDGE_CURVE('',#563,#467,#1694,.T.);
#1694 = B_SPLINE_CURVE_WITH_KNOTS('',1,(#1695,#1696),.UNSPECIFIED.,.F.,
  .F.,(2,2),(0.,1.),.PIECEWISE_BEZIER_KNOTS.);
#1695 = CARTESIAN_POINT('',(42.,-13.,247.5));
#1696 = CARTESIAN_POINT('',(-42.,-13.,247.5));
#1697 = ORIENTED_EDGE('',*,*,#562,.F.);
#1698 = ORIENTED_EDGE('',*,*,#1699,.T.);
#1699 = EDGE_CURVE('',#553,#1700,#1702,.T.);
#1700 = VERTEX_POINT('',#1701);
#1701 = CARTESIAN_POINT('',(52.25,-14.5,246.75));
#1702 = B_SPLINE_CURVE_WITH_KNOTS('',1,(#1703,#1704),.UNSPECIFIED.,.F.,
  .F.,(2,2),(0.,1.),.PIECEWISE_BEZIER_KNOTS.);
#1703 = CARTESIAN_POINT('',(-52.25,-14.5,246.75));
#1704 = CARTESIAN_POINT('',(52.25,-14.5,246.75));
#1705 = ORIENTED_EDGE('',*,*,#1706,.T.);
#1706 = EDGE_CURVE('',#1700,#1707,#1709,.T.);
#1707 = VERTEX_POINT('',#1708);
#1708 = CARTESIAN_POINT('',(52.045454545455,-12.45454545454,
    247.77272727272));
#1709 = B_SPLINE_CURVE_WITH_KNOTS('',4,(#1710,#1711,#1712,#1713,#1714),
  .UNSPECIFIED.,.F.,.F.,(5,5),(0.,1.),.PIECEWISE_BEZIER_KNOTS.);
#1710 = CARTESIAN_POINT('',(52.25,-14.5,246.75));
#1711 = CARTESIAN_POINT('',(52.198145768035,-13.98145768034,
    247.00927115982));
#1712 = CARTESIAN_POINT('',(52.146761798923,-13.46761798923,
    247.26619100538));
#1713 = CARTESIAN_POINT('',(52.095860958096,-12.95860958096,
    247.52069520952));
#1714 = CARTESIAN_POINT('',(52.045454545455,-12.45454545454,
    247.77272727272));
#1715 = ORIENTED_EDGE('',*,*,#1716,.T.);
#1716 = EDGE_CURVE('',#1707,#871,#1717,.T.);
#1717 = B_SPLINE_CURVE_WITH_KNOTS('',1,(#1718,#1719),.UNSPECIFIED.,.F.,
  .F.,(2,2),(0.,1.),.PIECEWISE_BEZIER_KNOTS.);
#1718 = CARTESIAN_POINT('',(55.,-16.,246.));
#1719 = CARTESIAN_POINT('',(50.,-10.,249.));
#1720 = ORIENTED_EDGE('',*,*,#877,.T.);
#1721 = B_SPLINE_SURFACE_WITH_KNOTS('',1,1,(
    (#1722,#1723)
    ,(#1724,#1725
    )),.UNSPECIFIED.,.F.,.F.,.F.,(2,2),(2,2),(0.,110.),(0.,1.),
  .PIECEWISE_BEZIER_KNOTS.);
#1722 = CARTESIAN_POINT('',(-55.,-16.,246.));
#1723 = CARTESIAN_POINT('',(-50.,-10.,249.));
#1724 = CARTESIAN_POINT('',(55.,-16.,246.));
#1725 = CARTESIAN_POINT('',(50.,-10.,249.));
#1726 = ADVANCED_FACE('',(#1727),#1733,.F.);
#1727 = FACE_BOUND('',#1728,.F.);
#1728 = EDGE_LOOP('',(#1729,#1730,#1731,#1732));
#1729 = ORIENTED_EDGE('',*,*,#520,.F.);
#1730 = ORIENTED_EDGE('',*,*,#572,.T.);
#1731 = ORIENTED_EDGE('',*,*,#1693,.T.);
#1732 = ORIENTED_EDGE('',*,*,#466,.F.);
#1733 = PLANE('',#1734);
#1734 = AXIS2_PLACEMENT_3D('',#1735,#1736,#1737);
#1735 = CARTESIAN_POINT('',(42.,-13.,238.));
#1736 = DIRECTION('',(0.,-1.,0.));
#1737 = DIRECTION('',(-1.,0.,0.));
#1738 = ADVANCED_FACE('',(#1739),#1749,.T.);
#1739 = FACE_BOUND('',#1740,.T.);
#1740 = EDGE_LOOP('',(#1741,#1742,#1743,#1748));
#1741 = ORIENTED_EDGE('',*,*,#552,.F.);
#1742 = ORIENTED_EDGE('',*,*,#1699,.T.);
#1743 = ORIENTED_EDGE('',*,*,#1744,.T.);
#1744 = EDGE_CURVE('',#1700,#795,#1745,.T.);
#1745 = B_SPLINE_CURVE_WITH_KNOTS('',1,(#1746,#1747),.UNSPECIFIED.,.F.,
  .F.,(2,2),(0.,1.),.PIECEWISE_BEZIER_KNOTS.);
#1746 = CARTESIAN_POINT('',(56.,-19.,243.));
#1747 = CARTESIAN_POINT('',(51.,-13.,248.));
#1748 = ORIENTED_EDGE('',*,*,#794,.F.);
#1749 = B_SPLINE_SURFACE_WITH_KNOTS('',1,1,(
    (#1750,#1751)
    ,(#1752,#1753
    )),.UNSPECIFIED.,.F.,.F.,.F.,(2,2),(2,2),(0.,112.),(0.,1.),
  .PIECEWISE_BEZIER_KNOTS.);
#1750 = CARTESIAN_POINT('',(-56.,-19.,243.));
#1751 = CARTESIAN_POINT('',(-51.,-13.,248.));
#1752 = CARTESIAN_POINT('',(56.,-19.,243.));
#1753 = CARTESIAN_POINT('',(51.,-13.,248.));
#1754 = ADVANCED_FACE('',(#1755),#1761,.F.);
#1755 = FACE_BOUND('',#1756,.F.);
#1756 = EDGE_LOOP('',(#1757,#1758,#1759,#1760));
#1757 = ORIENTED_EDGE('',*,*,#586,.F.);
#1758 = ORIENTED_EDGE('',*,*,#772,.T.);
#1759 = ORIENTED_EDGE('',*,*,#787,.T.);
#1760 = ORIENTED_EDGE('',*,*,#536,.F.);
#1761 = PLANE('',#1762);
#1762 = AXIS2_PLACEMENT_3D('',#1763,#1764,#1765);
#1763 = CARTESIAN_POINT('',(42.,-19.,238.));
#1764 = DIRECTION('',(-0.707106781187,0.707106781187,0.));
#1765 = DIRECTION('',(0.707106781187,0.707106781187,0.));
#1766 = ADVANCED_FACE('',(#1767),#1889,.F.);
#1767 = FACE_BOUND('',#1768,.F.);
#1768 = EDGE_LOOP('',(#1769,#1770,#1778,#1785,#1852,#1866,#1873,#1883,
    #1888));
#1769 = ORIENTED_EDGE('',*,*,#667,.F.);
#1770 = ORIENTED_EDGE('',*,*,#1771,.T.);
#1771 = EDGE_CURVE('',#660,#1772,#1774,.T.);
#1772 = VERTEX_POINT('',#1773);
#1773 = CARTESIAN_POINT('',(37.,10.,219.));
#1774 = LINE('',#1775,#1776);
#1775 = CARTESIAN_POINT('',(37.,-12.,219.));
#1776 = VECTOR('',#1777,1.);
#1777 = DIRECTION('',(0.,1.,0.));
#1778 = ORIENTED_EDGE('',*,*,#1779,.T.);
#1779 = EDGE_CURVE('',#1772,#1780,#1782,.T.);
#1780 = VERTEX_POINT('',#1781);
#1781 = CARTESIAN_POINT('',(38.59596056932,11.73473974926,220.8735189292
    ));
#1782 = B_SPLINE_CURVE_WITH_KNOTS('',1,(#1783,#1784),.UNSPECIFIED.,.F.,
  .F.,(2,2),(0.,1.),.PIECEWISE_BEZIER_KNOTS.);
#1783 = CARTESIAN_POINT('',(37.,10.,219.));
#1784 = CARTESIAN_POINT('',(60.,35.,246.));
#1785 = ORIENTED_EDGE('',*,*,#1786,.T.);
#1786 = EDGE_CURVE('',#1780,#1787,#1789,.T.);
#1787 = VERTEX_POINT('',#1788);
#1788 = CARTESIAN_POINT('',(44.589348621952,16.,227.90923533881));
#1789 = B_SPLINE_CURVE_WITH_KNOTS('',6,(#1790,#1791,#1792,#1793,#1794,
    #1795,#1796,#1797,#1798,#1799,#1800,#1801,#1802,#1803,#1804,#1805,
    #1806,#1807,#1808,#1809,#1810,#1811,#1812,#1813,#1814,#1815,#1816,
    #1817,#1818,#1819,#1820,#1821,#1822,#1823,#1824,#1825,#1826,#1827,
    #1828,#1829,#1830,#1831,#1832,#1833,#1834,#1835,#1836,#1837,#1838,
    #1839,#1840,#1841,#1842,#1843,#1844,#1845,#1846,#1847,#1848,#1849,
    #1850,#1851),.UNSPECIFIED.,.F.,.F.,(7,5,5,5,5,5,5,5,5,5,5,5,7),(0.,
    0.183578549077,0.273733633059,0.374179983471,0.49899821179,
    0.634672076128,0.687019780655,0.715987873624,0.776996959266,
    0.83261468752,0.858999792295,0.902414134765,1.),.UNSPECIFIED.);
#1790 = CARTESIAN_POINT('',(38.59596056932,11.73473974926,220.8735189292
    ));
#1791 = CARTESIAN_POINT('',(38.750755040285,11.681094206771,
    221.05523417772));
#1792 = CARTESIAN_POINT('',(38.910953242147,11.633125274091,
    221.24329293643));
#1793 = CARTESIAN_POINT('',(39.076780636735,11.591314785862,
    221.4379598779));
#1794 = CARTESIAN_POINT('',(39.248461686842,11.556274046337,
    221.63949850194));
#1795 = CARTESIAN_POINT('',(39.426214816109,11.528752248414,
    221.84816521891));
#1796 = CARTESIAN_POINT('',(39.700685447717,11.500382813304,
    222.1703698734));
#1797 = CARTESIAN_POINT('',(39.792604722512,11.493088535885,
    222.27827510903));
#1798 = CARTESIAN_POINT('',(39.886073517872,11.487959464798,
    222.38799934706));
#1799 = CARTESIAN_POINT('',(39.981116957032,11.485124690144,
    222.49957207999));
#1800 = CARTESIAN_POINT('',(40.077757977201,11.484729520623,
    222.6130202341));
#1801 = CARTESIAN_POINT('',(40.285494649133,11.489399694748,
    222.85688502289));
#1802 = CARTESIAN_POINT('',(40.396977568784,11.495093326578,
    222.98775627639));
#1803 = CARTESIAN_POINT('',(40.51049958091,11.504247817729,
    223.12102124715));
#1804 = CARTESIAN_POINT('',(40.626079586107,11.517120451396,
    223.25670212282));
#1805 = CARTESIAN_POINT('',(40.743724194203,11.534006260982,
    223.39480666276));
#1806 = CARTESIAN_POINT('',(41.012179083626,11.581641258891,
    223.70994935904));
#1807 = CARTESIAN_POINT('',(41.164085630766,11.614756114584,
    223.88827443611));
#1808 = CARTESIAN_POINT('',(41.319168833879,11.655248814276,
    224.07032863107));
#1809 = CARTESIAN_POINT('',(41.477344428058,11.70389232242,
    224.25601302424));
#1810 = CARTESIAN_POINT('',(41.638411350412,11.761564647366,
    224.44509158526));
#1811 = CARTESIAN_POINT('',(41.979952717052,11.902996132773,
    224.84603145045));
#1812 = CARTESIAN_POINT('',(42.160791233636,11.988544184255,
    225.05832014383));
#1813 = CARTESIAN_POINT('',(42.34428222954,12.087366330141,
    225.27372261728));
#1814 = CARTESIAN_POINT('',(42.529561876095,12.200974491874,
    225.49122481106));
#1815 = CARTESIAN_POINT('',(42.715160202823,12.330871183403,
    225.70910110766));
#1816 = CARTESIAN_POINT('',(42.969912798587,12.535128530896,
    226.00815850269));
#1817 = CARTESIAN_POINT('',(43.040553943983,12.594583402651,
    226.09108506467));
#1818 = CARTESIAN_POINT('',(43.110773995951,12.656677935035,
    226.17351729959));
#1819 = CARTESIAN_POINT('',(43.180412341381,12.721445878458,
    226.25526666162));
#1820 = CARTESIAN_POINT('',(43.249286156577,12.788891013472,
    226.33611853163));
#1821 = CARTESIAN_POINT('',(43.354771310693,12.897759803502,
    226.45994892994));
#1822 = CARTESIAN_POINT('',(43.392053319039,12.937351704137,
    226.50371476582));
#1823 = CARTESIAN_POINT('',(43.429004521697,12.977745133727,
    226.5470922646));
#1824 = CARTESIAN_POINT('',(43.465588766394,13.018929585753,
    226.59003898663));
#1825 = CARTESIAN_POINT('',(43.501768658688,13.06089007878,
    226.63251103411));
#1826 = CARTESIAN_POINT('',(43.612771308514,13.1935704595,226.7628184926
    ));
#1827 = CARTESIAN_POINT('',(43.686084235433,13.286900514525,
    226.84888149377));
#1828 = CARTESIAN_POINT('',(43.757067466286,13.383386815777,
    226.93220963433));
#1829 = CARTESIAN_POINT('',(43.825360338828,13.482751295538,
    227.01237952819));
#1830 = CARTESIAN_POINT('',(43.890632703056,13.584632341291,
    227.08900360793));
#1831 = CARTESIAN_POINT('',(44.009089146558,13.783321815755,
    227.22806117204));
#1832 = CARTESIAN_POINT('',(44.062841823655,13.87979968872,
    227.29116214081));
#1833 = CARTESIAN_POINT('',(44.113640431806,13.977656811684,
    227.35079528951));
#1834 = CARTESIAN_POINT('',(44.161337894186,14.076542938119,
    227.40678796274));
#1835 = CARTESIAN_POINT('',(44.205847399973,14.176107828102,
    227.45903825214));
#1836 = CARTESIAN_POINT('',(44.266719304573,14.323396558376,
    227.53049657493));
#1837 = CARTESIAN_POINT('',(44.285580713728,14.370865066568,
    227.55263822915));
#1838 = CARTESIAN_POINT('',(44.303714652725,14.418375621082,
    227.57392589667));
#1839 = CARTESIAN_POINT('',(44.321120945446,14.465895133602,
    227.59435937074));
#1840 = CARTESIAN_POINT('',(44.337802069051,14.513392495227,
    227.61394155932));
#1841 = CARTESIAN_POINT('',(44.380025699204,14.63890688195,
    227.6635084295));
#1842 = CARTESIAN_POINT('',(44.404338604975,14.716836556829,
    227.69204966671));
#1843 = CARTESIAN_POINT('',(44.426724007593,14.794499028269,
    227.71832818282));
#1844 = CARTESIAN_POINT('',(44.447220580377,14.871783656903,
    227.74238937696));
#1845 = CARTESIAN_POINT('',(44.465878384918,14.948597226668,
    227.76429201707));
#1846 = CARTESIAN_POINT('',(44.520685758317,15.196293046841,
    227.82863110759));
#1847 = CARTESIAN_POINT('',(44.549602255329,15.364913487789,
    227.8625765606));
#1848 = CARTESIAN_POINT('',(44.570173057944,15.529948552744,
    227.8867248941));
#1849 = CARTESIAN_POINT('',(44.583174358856,15.690921046763,
    227.90198729083));
#1850 = CARTESIAN_POINT('',(44.589348621933,15.847606534143,
    227.90923533879));
#1851 = CARTESIAN_POINT('',(44.589348621952,16.,227.90923533881));
#1852 = ORIENTED_EDGE('',*,*,#1853,.T.);
#1853 = EDGE_CURVE('',#1787,#1854,#1856,.T.);
#1854 = VERTEX_POINT('',#1855);
#1855 = CARTESIAN_POINT('',(44.202337547763,17.828627769307,
    227.45491799085));
#1856 = B_SPLINE_CURVE_WITH_KNOTS('',8,(#1857,#1858,#1859,#1860,#1861,
    #1862,#1863,#1864,#1865),.UNSPECIFIED.,.F.,.F.,(9,9),(0.,1.),
  .PIECEWISE_BEZIER_KNOTS.);
#1857 = CARTESIAN_POINT('',(44.589348621952,16.,227.90923533881));
#1858 = CARTESIAN_POINT('',(44.589348621936,16.272640660734,
    227.90923533879));
#1859 = CARTESIAN_POINT('',(44.57052759972,16.531703337541,
    227.88714109532));
#1860 = CARTESIAN_POINT('',(44.536163289828,16.777703757299,
    227.84680038371));
#1861 = CARTESIAN_POINT('',(44.488681254449,17.01095563798,
    227.79106060304));
#1862 = CARTESIAN_POINT('',(44.430138151459,17.231976313073,
    227.72233609084));
#1863 = CARTESIAN_POINT('',(44.362139189322,17.441397802706,
    227.64251122224));
#1864 = CARTESIAN_POINT('',(44.285924535364,17.639996234423,
    227.55304184586));
#1865 = CARTESIAN_POINT('',(44.202337547763,17.828627769307,
    227.45491799085));
#1866 = ORIENTED_EDGE('',*,*,#1867,.T.);
#1867 = EDGE_CURVE('',#1854,#1868,#1870,.T.);
#1868 = VERTEX_POINT('',#1869);
#1869 = CARTESIAN_POINT('',(59.443202979516,34.3947858473,
    245.34636871508));
#1870 = B_SPLINE_CURVE_WITH_KNOTS('',1,(#1871,#1872),.UNSPECIFIED.,.F.,
  .F.,(2,2),(0.,1.),.PIECEWISE_BEZIER_KNOTS.);
#1871 = CARTESIAN_POINT('',(37.,10.,219.));
#1872 = CARTESIAN_POINT('',(60.,35.,246.));
#1873 = ORIENTED_EDGE('',*,*,#1874,.T.);
#1874 = EDGE_CURVE('',#1868,#1875,#1877,.T.);
#1875 = VERTEX_POINT('',#1876);
#1876 = CARTESIAN_POINT('',(59.750902527076,33.292418772563,
    245.70758122743));
#1877 = B_SPLINE_CURVE_WITH_KNOTS('',4,(#1878,#1879,#1880,#1881,#1882),
  .UNSPECIFIED.,.F.,.F.,(5,5),(0.,1.),.PIECEWISE_BEZIER_KNOTS.);
#1878 = CARTESIAN_POINT('',(59.443202979516,34.3947858473,
    245.34636871508));
#1879 = CARTESIAN_POINT('',(59.520113683573,34.119244890158,
    245.43665519375));
#1880 = CARTESIAN_POINT('',(59.59703843926,33.84365359152,
    245.52695816782));
#1881 = CARTESIAN_POINT('',(59.673970397733,33.568036488123,
    245.61726959733));
#1882 = CARTESIAN_POINT('',(59.750902527076,33.292418772563,
    245.70758122743));
#1883 = ORIENTED_EDGE('',*,*,#1884,.T.);
#1884 = EDGE_CURVE('',#1875,#628,#1885,.T.);
#1885 = B_SPLINE_CURVE_WITH_KNOTS('',1,(#1886,#1887),.UNSPECIFIED.,.F.,
  .F.,(2,2),(0.,1.),.PIECEWISE_BEZIER_KNOTS.);
#1886 = CARTESIAN_POINT('',(59.750902527076,33.292418772563,
    245.70758122743));
#1887 = CARTESIAN_POINT('',(59.750902527076,-9.292418772563,
    245.70758122743));
#1888 = ORIENTED_EDGE('',*,*,#634,.T.);
#1889 = B_SPLINE_SURFACE_WITH_KNOTS('',1,1,(
    (#1890,#1891)
    ,(#1892,#1893
    )),.UNSPECIFIED.,.F.,.F.,.F.,(2,2),(2,2),(0.,46.),(0.,1.),
  .PIECEWISE_BEZIER_KNOTS.);
#1890 = CARTESIAN_POINT('',(37.,-12.,219.));
#1891 = CARTESIAN_POINT('',(60.,-11.,246.));
#1892 = CARTESIAN_POINT('',(37.,10.,219.));
#1893 = CARTESIAN_POINT('',(60.,35.,246.));
#1894 = ADVANCED_FACE('',(#1895),#1912,.T.);
#1895 = FACE_BOUND('',#1896,.T.);
#1896 = EDGE_LOOP('',(#1897,#1898,#1906,#1911));
#1897 = ORIENTED_EDGE('',*,*,#627,.F.);
#1898 = ORIENTED_EDGE('',*,*,#1899,.T.);
#1899 = EDGE_CURVE('',#620,#1900,#1902,.T.);
#1900 = VERTEX_POINT('',#1901);
#1901 = CARTESIAN_POINT('',(63.,36.,243.));
#1902 = LINE('',#1903,#1904);
#1903 = CARTESIAN_POINT('',(63.,-12.,243.));
#1904 = VECTOR('',#1905,1.);
#1905 = DIRECTION('',(0.,1.,0.));
#1906 = ORIENTED_EDGE('',*,*,#1907,.T.);
#1907 = EDGE_CURVE('',#1900,#1875,#1908,.T.);
#1908 = B_SPLINE_CURVE_WITH_KNOTS('',1,(#1909,#1910),.UNSPECIFIED.,.F.,
  .F.,(2,2),(0.,1.),.PIECEWISE_BEZIER_KNOTS.);
#1909 = CARTESIAN_POINT('',(63.,36.,243.));
#1910 = CARTESIAN_POINT('',(57.,31.,248.));
#1911 = ORIENTED_EDGE('',*,*,#1884,.T.);
#1912 = B_SPLINE_SURFACE_WITH_KNOTS('',1,1,(
    (#1913,#1914)
    ,(#1915,#1916
    )),.UNSPECIFIED.,.F.,.F.,.F.,(2,2),(2,2),(0.,48.),(0.,1.),
  .PIECEWISE_BEZIER_KNOTS.);
#1913 = CARTESIAN_POINT('',(63.,-12.,243.));
#1914 = CARTESIAN_POINT('',(57.,-7.,248.));
#1915 = CARTESIAN_POINT('',(63.,36.,243.));
#1916 = CARTESIAN_POINT('',(57.,31.,248.));
#1917 = ADVANCED_FACE('',(#1918),#1975,.F.);
#1918 = FACE_BOUND('',#1919,.F.);
#1919 = EDGE_LOOP('',(#1920,#1921,#1936,#1946,#1956,#1969,#1974));
#1920 = ORIENTED_EDGE('',*,*,#743,.F.);
#1921 = ORIENTED_EDGE('',*,*,#1922,.F.);
#1922 = EDGE_CURVE('',#1923,#737,#1925,.T.);
#1923 = VERTEX_POINT('',#1924);
#1924 = CARTESIAN_POINT('',(18.875,-17.,198.));
#1925 = B_SPLINE_CURVE_WITH_KNOTS('',5,(#1926,#1927,#1928,#1929,#1930,
    #1931,#1932,#1933,#1934,#1935),.UNSPECIFIED.,.F.,.F.,(6,4,6),(0.,
    2.807931118786E-02,1.),.UNSPECIFIED.);
#1926 = CARTESIAN_POINT('',(18.875,-17.,198.));
#1927 = CARTESIAN_POINT('',(18.86609649194,-17.00347453973,
    197.99131365067));
#1928 = CARTESIAN_POINT('',(18.857194740189,-17.00694839407,
    197.98262901481));
#1929 = CARTESIAN_POINT('',(18.848294974942,-17.01042147319,
    197.97394631701));
#1930 = CARTESIAN_POINT('',(18.839397219791,-17.01389376788,
    197.96526558028));
#1931 = CARTESIAN_POINT('',(18.522582893256,-17.13752862702,
    197.65617843244));
#1932 = CARTESIAN_POINT('',(18.216941153354,-17.25680345235,
    197.35799136912));
#1933 = CARTESIAN_POINT('',(17.913726232096,-17.37513122649,
    197.06217193375));
#1934 = CARTESIAN_POINT('',(17.613097105746,-17.49244990995,
    196.76887522511));
#1935 = CARTESIAN_POINT('',(17.315217391304,-17.60869565217,
    196.47826086956));
#1936 = ORIENTED_EDGE('',*,*,#1937,.T.);
#1937 = EDGE_CURVE('',#1923,#1938,#1940,.T.);
#1938 = VERTEX_POINT('',#1939);
#1939 = CARTESIAN_POINT('',(19.,-16.97674418604,198.16279069767));
#1940 = B_SPLINE_CURVE_WITH_KNOTS('',4,(#1941,#1942,#1943,#1944,#1945),
  .UNSPECIFIED.,.F.,.F.,(5,5),(0.,1.),.PIECEWISE_BEZIER_KNOTS.);
#1941 = CARTESIAN_POINT('',(18.875,-17.,198.));
#1942 = CARTESIAN_POINT('',(18.906247661312,-16.99418648161,
    198.04069462868));
#1943 = CARTESIAN_POINT('',(18.937496890427,-16.98837267154,
    198.08139129916));
#1944 = CARTESIAN_POINT('',(18.9687476906,-16.98255856919,
    198.12209001566));
#1945 = CARTESIAN_POINT('',(19.,-16.97674418604,198.16279069767));
#1946 = ORIENTED_EDGE('',*,*,#1947,.T.);
#1947 = EDGE_CURVE('',#1938,#1948,#1950,.T.);
#1948 = VERTEX_POINT('',#1949);
#1949 = CARTESIAN_POINT('',(19.,-16.875,198.));
#1950 = B_SPLINE_CURVE_WITH_KNOTS('',4,(#1951,#1952,#1953,#1954,#1955),
  .UNSPECIFIED.,.F.,.F.,(5,5),(0.,1.),.PIECEWISE_BEZIER_KNOTS.);
#1951 = CARTESIAN_POINT('',(19.,-16.97674418604,198.16279069767));
#1952 = CARTESIAN_POINT('',(19.,-16.95119888742,198.12191821987));
#1953 = CARTESIAN_POINT('',(19.,-16.92572640057,198.08116224091));
#1954 = CARTESIAN_POINT('',(19.,-16.90032676363,198.04052282181));
#1955 = CARTESIAN_POINT('',(19.,-16.875,198.));
#1956 = ORIENTED_EDGE('',*,*,#1957,.T.);
#1957 = EDGE_CURVE('',#1948,#1958,#1960,.T.);
#1958 = VERTEX_POINT('',#1959);
#1959 = CARTESIAN_POINT('',(19.,-15.68181818181,196.0909090909));
#1960 = B_SPLINE_CURVE_WITH_KNOTS('',4,(#1961,#1962,#1963,#1964,#1965,
    #1966,#1967,#1968),.UNSPECIFIED.,.F.,.F.,(5,3,5),(0.,0.49515645113,
    1.),.UNSPECIFIED.);
#1961 = CARTESIAN_POINT('',(19.,-16.875,198.));
#1962 = CARTESIAN_POINT('',(19.,-16.72104536462,197.75367258339));
#1963 = CARTESIAN_POINT('',(19.,-16.56900962835,197.51041540537));
#1964 = CARTESIAN_POINT('',(19.,-16.4190184954,197.27042959264));
#1965 = CARTESIAN_POINT('',(19.,-16.12041244885,196.79265991817));
#1966 = CARTESIAN_POINT('',(19.,-15.9718818831,196.55501101297));
#1967 = CARTESIAN_POINT('',(19.,-15.82566497541,196.32106396066));
#1968 = CARTESIAN_POINT('',(19.,-15.68181818181,196.0909090909));
#1969 = ORIENTED_EDGE('',*,*,#1970,.T.);
#1970 = EDGE_CURVE('',#1958,#660,#1971,.T.);
#1971 = B_SPLINE_CURVE_WITH_KNOTS('',1,(#1972,#1973),.UNSPECIFIED.,.F.,
  .F.,(2,2),(0.,1.),.PIECEWISE_BEZIER_KNOTS.);
#1972 = CARTESIAN_POINT('',(15.,-16.5,191.));
#1973 = CARTESIAN_POINT('',(37.,-12.,219.));
#1974 = ORIENTED_EDGE('',*,*,#659,.F.);
#1975 = B_SPLINE_SURFACE_WITH_KNOTS('',1,1,(
    (#1976,#1977)
    ,(#1978,#1979
    )),.UNSPECIFIED.,.F.,.F.,.F.,(2,2),(2,2),(0.,5.656854249492),(0.,1.)
  ,.PIECEWISE_BEZIER_KNOTS.);
#1976 = CARTESIAN_POINT('',(13.5,-18.,191.));
#1977 = CARTESIAN_POINT('',(33.,-16.,219.));
#1978 = CARTESIAN_POINT('',(15.,-16.5,191.));
#1979 = CARTESIAN_POINT('',(37.,-12.,219.));
#1980 = ADVANCED_FACE('',(#1981),#1998,.T.);
#1981 = FACE_BOUND('',#1982,.T.);
#1982 = EDGE_LOOP('',(#1983,#1984,#1991,#1997));
#1983 = ORIENTED_EDGE('',*,*,#681,.F.);
#1984 = ORIENTED_EDGE('',*,*,#1985,.T.);
#1985 = EDGE_CURVE('',#682,#1986,#1988,.T.);
#1986 = VERTEX_POINT('',#1987);
#1987 = CARTESIAN_POINT('',(-13.,-17.,198.));
#1988 = B_SPLINE_CURVE_WITH_KNOTS('',1,(#1989,#1990),.UNSPECIFIED.,.F.,
  .F.,(2,2),(0.,1.),.PIECEWISE_BEZIER_KNOTS.);
#1989 = CARTESIAN_POINT('',(-13.,-21.,188.));
#1990 = CARTESIAN_POINT('',(-13.,-17.,198.));
#1991 = ORIENTED_EDGE('',*,*,#1992,.F.);
#1992 = EDGE_CURVE('',#1557,#1986,#1993,.T.);
#1993 = LINE('',#1994,#1995);
#1994 = CARTESIAN_POINT('',(-19.,-17.,198.));
#1995 = VECTOR('',#1996,1.);
#1996 = DIRECTION('',(1.,0.,0.));
#1997 = ORIENTED_EDGE('',*,*,#1566,.F.);
#1998 = PLANE('',#1999);
#1999 = AXIS2_PLACEMENT_3D('',#2000,#2001,#2002);
#2000 = CARTESIAN_POINT('',(-19.,-17.,198.));
#2001 = DIRECTION('',(0.,-0.928476690885,0.371390676354));
#2002 = DIRECTION('',(1.,0.,0.));
#2003 = ADVANCED_FACE('',(#2004),#2021,.T.);
#2004 = FACE_BOUND('',#2005,.T.);
#2005 = EDGE_LOOP('',(#2006,#2013,#2014,#2015));
#2006 = ORIENTED_EDGE('',*,*,#2007,.F.);
#2007 = EDGE_CURVE('',#718,#2008,#2010,.T.);
#2008 = VERTEX_POINT('',#2009);
#2009 = CARTESIAN_POINT('',(13.,-17.,198.));
#2010 = B_SPLINE_CURVE_WITH_KNOTS('',1,(#2011,#2012),.UNSPECIFIED.,.F.,
  .F.,(2,2),(0.,1.),.PIECEWISE_BEZIER_KNOTS.);
#2011 = CARTESIAN_POINT('',(13.,-21.,188.));
#2012 = CARTESIAN_POINT('',(13.,-17.,198.));
#2013 = ORIENTED_EDGE('',*,*,#736,.F.);
#2014 = ORIENTED_EDGE('',*,*,#1922,.F.);
#2015 = ORIENTED_EDGE('',*,*,#2016,.F.);
#2016 = EDGE_CURVE('',#2008,#1923,#2017,.T.);
#2017 = LINE('',#2018,#2019);
#2018 = CARTESIAN_POINT('',(13.,-17.,198.));
#2019 = VECTOR('',#2020,1.);
#2020 = DIRECTION('',(1.,0.,0.));
#2021 = PLANE('',#2022);
#2022 = AXIS2_PLACEMENT_3D('',#2023,#2024,#2025);
#2023 = CARTESIAN_POINT('',(13.,-17.,198.));
#2024 = DIRECTION('',(0.,-0.928476690885,0.371390676354));
#2025 = DIRECTION('',(1.,0.,0.));
#2026 = ADVANCED_FACE('',(#2027),#2073,.T.);
#2027 = FACE_BOUND('',#2028,.T.);
#2028 = EDGE_LOOP('',(#2029,#2038,#2060,#2065,#2066,#2067));
#2029 = ORIENTED_EDGE('',*,*,#2030,.F.);
#2030 = EDGE_CURVE('',#2031,#2033,#2035,.T.);
#2031 = VERTEX_POINT('',#2032);
#2032 = CARTESIAN_POINT('',(13.,-7.411764705882,195.94117647058));
#2033 = VERTEX_POINT('',#2034);
#2034 = CARTESIAN_POINT('',(13.,-7.,198.));
#2035 = B_SPLINE_CURVE_WITH_KNOTS('',1,(#2036,#2037),.UNSPECIFIED.,.F.,
  .F.,(2,2),(0.,1.),.PIECEWISE_BEZIER_KNOTS.);
#2036 = CARTESIAN_POINT('',(13.,-9.,188.));
#2037 = CARTESIAN_POINT('',(13.,-7.,198.));
#2038 = ORIENTED_EDGE('',*,*,#2039,.T.);
#2039 = EDGE_CURVE('',#2031,#2040,#2042,.T.);
#2040 = VERTEX_POINT('',#2041);
#2041 = CARTESIAN_POINT('',(13.,-12.,191.));
#2042 = B_SPLINE_CURVE_WITH_KNOTS('',4,(#2043,#2044,#2045,#2046,#2047,
    #2048,#2049,#2050,#2051,#2052,#2053,#2054,#2055,#2056,#2057,#2058,
    #2059),.UNSPECIFIED.,.F.,.F.,(5,3,3,3,3,5),(0.,0.271696022308,
    0.531145412384,0.772320037629,0.98392899243,1.),.UNSPECIFIED.);
#2043 = CARTESIAN_POINT('',(13.,-7.411764705882,195.94117647058));
#2044 = CARTESIAN_POINT('',(13.,-7.745118268806,195.5821803259));
#2045 = CARTESIAN_POINT('',(13.,-8.075771194923,195.22609255931));
#2046 = CARTESIAN_POINT('',(13.,-8.403196498819,194.87348069357));
#2047 = CARTESIAN_POINT('',(13.,-9.035974782115,194.19202715772));
#2048 = CARTESIAN_POINT('',(13.,-9.341659218434,193.86282853399));
#2049 = CARTESIAN_POINT('',(13.,-9.643486771946,193.53778347636));
#2050 = CARTESIAN_POINT('',(13.,-10.21766519078,192.91943748684));
#2051 = CARTESIAN_POINT('',(13.,-10.4905961232,192.62551186731));
#2052 = CARTESIAN_POINT('',(13.,-10.75952674647,192.33589427303));
#2053 = CARTESIAN_POINT('',(13.,-11.25641420485,191.80078470246));
#2054 = CARTESIAN_POINT('',(13.,-11.48535302471,191.55423520415));
#2055 = CARTESIAN_POINT('',(13.,-11.71083214952,191.31141153128));
#2056 = CARTESIAN_POINT('',(13.,-11.94956995586,191.0543092783));
#2057 = CARTESIAN_POINT('',(13.,-11.96640076968,191.03618378649));
#2058 = CARTESIAN_POINT('',(13.,-11.98321080315,191.01808067352));
#2059 = CARTESIAN_POINT('',(13.,-12.,191.));
#2060 = ORIENTED_EDGE('',*,*,#2061,.F.);
#2061 = EDGE_CURVE('',#710,#2040,#2062,.T.);
#2062 = B_SPLINE_CURVE_WITH_KNOTS('',1,(#2063,#2064),.UNSPECIFIED.,.F.,
  .F.,(2,2),(0.,1.),.PIECEWISE_BEZIER_KNOTS.);
#2063 = CARTESIAN_POINT('',(13.,-18.07894736842,191.));
#2064 = CARTESIAN_POINT('',(13.,-8.4,191.));
#2065 = ORIENTED_EDGE('',*,*,#717,.T.);
#2066 = ORIENTED_EDGE('',*,*,#2007,.T.);
#2067 = ORIENTED_EDGE('',*,*,#2068,.F.);
#2068 = EDGE_CURVE('',#2033,#2008,#2069,.T.);
#2069 = LINE('',#2070,#2071);
#2070 = CARTESIAN_POINT('',(13.,-7.,198.));
#2071 = VECTOR('',#2072,1.);
#2072 = DIRECTION('',(0.,-1.,0.));
#2073 = B_SPLINE_SURFACE_WITH_KNOTS('',1,1,(
    (#2074,#2075)
    ,(#2076,#2077
    )),.UNSPECIFIED.,.F.,.F.,.F.,(2,2),(2,2),(0.,12.),(0.,1.),
  .PIECEWISE_BEZIER_KNOTS.);
#2074 = CARTESIAN_POINT('',(13.,-9.,188.));
#2075 = CARTESIAN_POINT('',(13.,-7.,198.));
#2076 = CARTESIAN_POINT('',(13.,-21.,188.));
#2077 = CARTESIAN_POINT('',(13.,-17.,198.));
#2078 = ADVANCED_FACE('',(#2079),#2096,.T.);
#2079 = FACE_BOUND('',#2080,.T.);
#2080 = EDGE_LOOP('',(#2081,#2089,#2094,#2095));
#2081 = ORIENTED_EDGE('',*,*,#2082,.T.);
#2082 = EDGE_CURVE('',#2040,#2083,#2085,.T.);
#2083 = VERTEX_POINT('',#2084);
#2084 = CARTESIAN_POINT('',(-13.,-12.,191.));
#2085 = LINE('',#2086,#2087);
#2086 = CARTESIAN_POINT('',(13.5,-12.,191.));
#2087 = VECTOR('',#2088,1.);
#2088 = DIRECTION('',(-1.,0.,0.));
#2089 = ORIENTED_EDGE('',*,*,#2090,.T.);
#2090 = EDGE_CURVE('',#2083,#691,#2091,.T.);
#2091 = B_SPLINE_CURVE_WITH_KNOTS('',1,(#2092,#2093),.UNSPECIFIED.,.F.,
  .F.,(2,2),(0.,1.),.PIECEWISE_BEZIER_KNOTS.);
#2092 = CARTESIAN_POINT('',(-13.,-11.92105263157,191.));
#2093 = CARTESIAN_POINT('',(-13.,-19.8,191.));
#2094 = ORIENTED_EDGE('',*,*,#709,.T.);
#2095 = ORIENTED_EDGE('',*,*,#2061,.T.);
#2096 = PLANE('',#2097);
#2097 = AXIS2_PLACEMENT_3D('',#2098,#2099,#2100);
#2098 = CARTESIAN_POINT('',(-13.5,-18.,191.));
#2099 = DIRECTION('',(0.,0.,1.));
#2100 = DIRECTION('',(0.987762965329,0.155962573473,0.));
#2101 = ADVANCED_FACE('',(#2102),#2135,.T.);
#2102 = FACE_BOUND('',#2103,.T.);
#2103 = EDGE_LOOP('',(#2104,#2105,#2106,#2107,#2122,#2129));
#2104 = ORIENTED_EDGE('',*,*,#1985,.F.);
#2105 = ORIENTED_EDGE('',*,*,#690,.T.);
#2106 = ORIENTED_EDGE('',*,*,#2090,.F.);
#2107 = ORIENTED_EDGE('',*,*,#2108,.T.);
#2108 = EDGE_CURVE('',#2083,#2109,#2111,.T.);
#2109 = VERTEX_POINT('',#2110);
#2110 = CARTESIAN_POINT('',(-13.,-7.411764705882,195.94117647058));
#2111 = B_SPLINE_CURVE_WITH_KNOTS('',5,(#2112,#2113,#2114,#2115,#2116,
    #2117,#2118,#2119,#2120,#2121),.UNSPECIFIED.,.F.,.F.,(6,4,6),(0.,
    0.266226359186,1.),.UNSPECIFIED.);
#2112 = CARTESIAN_POINT('',(-13.,-12.,191.));
#2113 = CARTESIAN_POINT('',(-13.,-11.77750321333,191.2396119241));
#2114 = CARTESIAN_POINT('',(-13.,-11.5515753558,191.48291884759));
#2115 = CARTESIAN_POINT('',(-13.,-11.32231994904,191.72980928565));
#2116 = CARTESIAN_POINT('',(-13.,-11.08986255146,191.98014802149));
#2117 = CARTESIAN_POINT('',(-13.,-10.20523266787,192.93282635767));
#2118 = CARTESIAN_POINT('',(-13.,-9.532868600357,193.65691073807));
#2119 = CARTESIAN_POINT('',(-13.,-8.840438216945,194.40260499713));
#2120 = CARTESIAN_POINT('',(-13.,-8.131992602108,195.16554642849));
#2121 = CARTESIAN_POINT('',(-13.,-7.411764705882,195.94117647058));
#2122 = ORIENTED_EDGE('',*,*,#2123,.T.);
#2123 = EDGE_CURVE('',#2109,#2124,#2126,.T.);
#2124 = VERTEX_POINT('',#2125);
#2125 = CARTESIAN_POINT('',(-13.,-7.,198.));
#2126 = B_SPLINE_CURVE_WITH_KNOTS('',1,(#2127,#2128),.UNSPECIFIED.,.F.,
  .F.,(2,2),(0.,1.),.PIECEWISE_BEZIER_KNOTS.);
#2127 = CARTESIAN_POINT('',(-13.,-9.,188.));
#2128 = CARTESIAN_POINT('',(-13.,-7.,198.));
#2129 = ORIENTED_EDGE('',*,*,#2130,.F.);
#2130 = EDGE_CURVE('',#1986,#2124,#2131,.T.);
#2131 = LINE('',#2132,#2133);
#2132 = CARTESIAN_POINT('',(-13.,-17.,198.));
#2133 = VECTOR('',#2134,1.);
#2134 = DIRECTION('',(0.,1.,0.));
#2135 = B_SPLINE_SURFACE_WITH_KNOTS('',1,1,(
    (#2136,#2137)
    ,(#2138,#2139
    )),.UNSPECIFIED.,.F.,.F.,.F.,(2,2),(2,2),(0.,12.),(0.,1.),
  .PIECEWISE_BEZIER_KNOTS.);
#2136 = CARTESIAN_POINT('',(-13.,-21.,188.));
#2137 = CARTESIAN_POINT('',(-13.,-17.,198.));
#2138 = CARTESIAN_POINT('',(-13.,-9.,188.));
#2139 = CARTESIAN_POINT('',(-13.,-7.,198.));
#2140 = ADVANCED_FACE('',(#2141),#2171,.T.);
#2141 = FACE_BOUND('',#2142,.T.);
#2142 = EDGE_LOOP('',(#2143,#2144,#2145,#2152,#2165,#2170));
#2143 = ORIENTED_EDGE('',*,*,#1744,.F.);
#2144 = ORIENTED_EDGE('',*,*,#1706,.T.);
#2145 = ORIENTED_EDGE('',*,*,#2146,.T.);
#2146 = EDGE_CURVE('',#1707,#2147,#2149,.T.);
#2147 = VERTEX_POINT('',#2148);
#2148 = CARTESIAN_POINT('',(56.454545454545,-8.045454545455,
    247.77272727272));
#2149 = B_SPLINE_CURVE_WITH_KNOTS('',1,(#2150,#2151),.UNSPECIFIED.,.F.,
  .F.,(2,2),(0.,1.),.PIECEWISE_BEZIER_KNOTS.);
#2150 = CARTESIAN_POINT('',(52.045454545455,-12.45454545454,
    247.77272727272));
#2151 = CARTESIAN_POINT('',(56.454545454545,-8.045454545455,
    247.77272727272));
#2152 = ORIENTED_EDGE('',*,*,#2153,.T.);
#2153 = EDGE_CURVE('',#2147,#2154,#2156,.T.);
#2154 = VERTEX_POINT('',#2155);
#2155 = CARTESIAN_POINT('',(58.5,-8.25,246.75));
#2156 = B_SPLINE_CURVE_WITH_KNOTS('',4,(#2157,#2158,#2159,#2160,#2161,
    #2162,#2163,#2164),.UNSPECIFIED.,.F.,.F.,(5,3,5),(0.,0.504696024704,
    1.),.UNSPECIFIED.);
#2157 = CARTESIAN_POINT('',(56.454545454545,-8.045454545455,
    247.77272727272));
#2158 = CARTESIAN_POINT('',(56.705447742565,-8.070544774257,
    247.64727612871));
#2159 = CARTESIAN_POINT('',(56.958871775181,-8.095887177518,
    247.52056411241));
#2160 = CARTESIAN_POINT('',(57.214738784377,-8.121473878438,
    247.39263060781));
#2161 = CARTESIAN_POINT('',(57.726390572091,-8.172639057209,
    247.13680471395));
#2162 = CARTESIAN_POINT('',(57.982088377644,-8.198208837764,
    247.00895581117));
#2163 = CARTESIAN_POINT('',(58.239983942666,-8.223998394267,
    246.88000802866));
#2164 = CARTESIAN_POINT('',(58.5,-8.25,246.75));
#2165 = ORIENTED_EDGE('',*,*,#2166,.T.);
#2166 = EDGE_CURVE('',#2154,#803,#2167,.T.);
#2167 = B_SPLINE_CURVE_WITH_KNOTS('',1,(#2168,#2169),.UNSPECIFIED.,.F.,
  .F.,(2,2),(0.,1.),.PIECEWISE_BEZIER_KNOTS.);
#2168 = CARTESIAN_POINT('',(63.,-12.,243.));
#2169 = CARTESIAN_POINT('',(57.,-7.,248.));
#2170 = ORIENTED_EDGE('',*,*,#802,.F.);
#2171 = B_SPLINE_SURFACE_WITH_KNOTS('',1,1,(
    (#2172,#2173)
    ,(#2174,#2175
    )),.UNSPECIFIED.,.F.,.F.,.F.,(2,2),(2,2),(0.,9.899494936612),(0.,1.)
  ,.PIECEWISE_BEZIER_KNOTS.);
#2172 = CARTESIAN_POINT('',(56.,-19.,243.));
#2173 = CARTESIAN_POINT('',(51.,-13.,248.));
#2174 = CARTESIAN_POINT('',(63.,-12.,243.));
#2175 = CARTESIAN_POINT('',(57.,-7.,248.));
#2176 = ADVANCED_FACE('',(#2177),#2193,.T.);
#2177 = FACE_BOUND('',#2178,.T.);
#2178 = EDGE_LOOP('',(#2179,#2180,#2187,#2192));
#2179 = ORIENTED_EDGE('',*,*,#2166,.F.);
#2180 = ORIENTED_EDGE('',*,*,#2181,.T.);
#2181 = EDGE_CURVE('',#2154,#2182,#2184,.T.);
#2182 = VERTEX_POINT('',#2183);
#2183 = CARTESIAN_POINT('',(58.5,32.25,246.75));
#2184 = B_SPLINE_CURVE_WITH_KNOTS('',1,(#2185,#2186),.UNSPECIFIED.,.F.,
  .F.,(2,2),(0.,1.),.PIECEWISE_BEZIER_KNOTS.);
#2185 = CARTESIAN_POINT('',(58.5,-8.25,246.75));
#2186 = CARTESIAN_POINT('',(58.5,32.25,246.75));
#2187 = ORIENTED_EDGE('',*,*,#2188,.T.);
#2188 = EDGE_CURVE('',#2182,#811,#2189,.T.);
#2189 = B_SPLINE_CURVE_WITH_KNOTS('',1,(#2190,#2191),.UNSPECIFIED.,.F.,
  .F.,(2,2),(0.,1.),.PIECEWISE_BEZIER_KNOTS.);
#2190 = CARTESIAN_POINT('',(63.,36.,243.));
#2191 = CARTESIAN_POINT('',(57.,31.,248.));
#2192 = ORIENTED_EDGE('',*,*,#810,.F.);
#2193 = B_SPLINE_SURFACE_WITH_KNOTS('',1,1,(
    (#2194,#2195)
    ,(#2196,#2197
    )),.UNSPECIFIED.,.F.,.F.,.F.,(2,2),(2,2),(0.,48.),(0.,1.),
  .PIECEWISE_BEZIER_KNOTS.);
#2194 = CARTESIAN_POINT('',(63.,-12.,243.));
#2195 = CARTESIAN_POINT('',(57.,-7.,248.));
#2196 = CARTESIAN_POINT('',(63.,36.,243.));
#2197 = CARTESIAN_POINT('',(57.,31.,248.));
#2198 = ADVANCED_FACE('',(#2199),#2241,.T.);
#2199 = FACE_BOUND('',#2200,.T.);
#2200 = EDGE_LOOP('',(#2201,#2202,#2215,#2222,#2235,#2240));
#2201 = ORIENTED_EDGE('',*,*,#2188,.F.);
#2202 = ORIENTED_EDGE('',*,*,#2203,.T.);
#2203 = EDGE_CURVE('',#2182,#2204,#2206,.T.);
#2204 = VERTEX_POINT('',#2205);
#2205 = CARTESIAN_POINT('',(56.454545454545,32.045454545455,
    247.77272727272));
#2206 = B_SPLINE_CURVE_WITH_KNOTS('',4,(#2207,#2208,#2209,#2210,#2211,
    #2212,#2213,#2214),.UNSPECIFIED.,.F.,.F.,(5,3,5),(0.,0.470240210987,
    1.),.UNSPECIFIED.);
#2207 = CARTESIAN_POINT('',(58.5,32.25,246.75));
#2208 = CARTESIAN_POINT('',(58.253141496414,32.225314149641,
    246.87342925179));
#2209 = CARTESIAN_POINT('',(58.008194307395,32.20081943074,
    246.9959028463));
#2210 = CARTESIAN_POINT('',(57.765224550871,32.176522455087,
    247.11738772456));
#2211 = CARTESIAN_POINT('',(57.25287682227,32.125287682227,
    247.37356158886));
#2212 = CARTESIAN_POINT('',(56.984048640165,32.098404864017,
    247.50797567991));
#2213 = CARTESIAN_POINT('',(56.717907914602,32.07179079146,
    247.64104604269));
#2214 = CARTESIAN_POINT('',(56.454545454545,32.045454545455,
    247.77272727272));
#2215 = ORIENTED_EDGE('',*,*,#2216,.T.);
#2216 = EDGE_CURVE('',#2204,#2217,#2219,.T.);
#2217 = VERTEX_POINT('',#2218);
#2218 = CARTESIAN_POINT('',(52.045454545455,36.454545454545,
    247.77272727272));
#2219 = B_SPLINE_CURVE_WITH_KNOTS('',1,(#2220,#2221),.UNSPECIFIED.,.F.,
  .F.,(2,2),(0.,1.),.PIECEWISE_BEZIER_KNOTS.);
#2220 = CARTESIAN_POINT('',(56.454545454545,32.045454545455,
    247.77272727272));
#2221 = CARTESIAN_POINT('',(52.045454545455,36.454545454545,
    247.77272727272));
#2222 = ORIENTED_EDGE('',*,*,#2223,.T.);
#2223 = EDGE_CURVE('',#2217,#2224,#2226,.T.);
#2224 = VERTEX_POINT('',#2225);
#2225 = CARTESIAN_POINT('',(52.25,38.5,246.75));
#2226 = B_SPLINE_CURVE_WITH_KNOTS('',4,(#2227,#2228,#2229,#2230,#2231,
    #2232,#2233,#2234),.UNSPECIFIED.,.F.,.F.,(5,3,5),(0.,0.921778100573,
    1.),.UNSPECIFIED.);
#2227 = CARTESIAN_POINT('',(52.045454545455,36.454545454545,
    247.77272727272));
#2228 = CARTESIAN_POINT('',(52.091918043913,36.919180439131,
    247.54040978043));
#2229 = CARTESIAN_POINT('',(52.138801703522,37.388017035217,
    247.30599148239));
#2230 = CARTESIAN_POINT('',(52.186096581524,37.860965815243,
    247.06951709237));
#2231 = CARTESIAN_POINT('',(52.237840226972,38.37840226972,
    246.81079886514));
#2232 = CARTESIAN_POINT('',(52.241890603054,38.41890603054,
    246.79054698473));
#2233 = CARTESIAN_POINT('',(52.245943862579,38.459438625795,
    246.7702806871));
#2234 = CARTESIAN_POINT('',(52.25,38.5,246.75));
#2235 = ORIENTED_EDGE('',*,*,#2236,.T.);
#2236 = EDGE_CURVE('',#2224,#819,#2237,.T.);
#2237 = B_SPLINE_CURVE_WITH_KNOTS('',1,(#2238,#2239),.UNSPECIFIED.,.F.,
  .F.,(2,2),(0.,1.),.PIECEWISE_BEZIER_KNOTS.);
#2238 = CARTESIAN_POINT('',(56.,43.,243.));
#2239 = CARTESIAN_POINT('',(51.,37.,248.));
#2240 = ORIENTED_EDGE('',*,*,#818,.F.);
#2241 = B_SPLINE_SURFACE_WITH_KNOTS('',1,1,(
    (#2242,#2243)
    ,(#2244,#2245
    )),.UNSPECIFIED.,.F.,.F.,.F.,(2,2),(2,2),(0.,9.899494936612),(0.,1.)
  ,.PIECEWISE_BEZIER_KNOTS.);
#2242 = CARTESIAN_POINT('',(63.,36.,243.));
#2243 = CARTESIAN_POINT('',(57.,31.,248.));
#2244 = CARTESIAN_POINT('',(56.,43.,243.));
#2245 = CARTESIAN_POINT('',(51.,37.,248.));
#2246 = ADVANCED_FACE('',(#2247),#2263,.T.);
#2247 = FACE_BOUND('',#2248,.T.);
#2248 = EDGE_LOOP('',(#2249,#2250,#2257,#2262));
#2249 = ORIENTED_EDGE('',*,*,#2236,.F.);
#2250 = ORIENTED_EDGE('',*,*,#2251,.T.);
#2251 = EDGE_CURVE('',#2224,#2252,#2254,.T.);
#2252 = VERTEX_POINT('',#2253);
#2253 = CARTESIAN_POINT('',(-52.25,38.5,246.75));
#2254 = B_SPLINE_CURVE_WITH_KNOTS('',1,(#2255,#2256),.UNSPECIFIED.,.F.,
  .F.,(2,2),(0.,1.),.PIECEWISE_BEZIER_KNOTS.);
#2255 = CARTESIAN_POINT('',(52.25,38.5,246.75));
#2256 = CARTESIAN_POINT('',(-52.25,38.5,246.75));
#2257 = ORIENTED_EDGE('',*,*,#2258,.T.);
#2258 = EDGE_CURVE('',#2252,#827,#2259,.T.);
#2259 = B_SPLINE_CURVE_WITH_KNOTS('',1,(#2260,#2261),.UNSPECIFIED.,.F.,
  .F.,(2,2),(0.,1.),.PIECEWISE_BEZIER_KNOTS.);
#2260 = CARTESIAN_POINT('',(-56.,43.,243.));
#2261 = CARTESIAN_POINT('',(-51.,37.,248.));
#2262 = ORIENTED_EDGE('',*,*,#826,.F.);
#2263 = B_SPLINE_SURFACE_WITH_KNOTS('',1,1,(
    (#2264,#2265)
    ,(#2266,#2267
    )),.UNSPECIFIED.,.F.,.F.,.F.,(2,2),(2,2),(0.,112.),(0.,1.),
  .PIECEWISE_BEZIER_KNOTS.);
#2264 = CARTESIAN_POINT('',(56.,43.,243.));
#2265 = CARTESIAN_POINT('',(51.,37.,248.));
#2266 = CARTESIAN_POINT('',(-56.,43.,243.));
#2267 = CARTESIAN_POINT('',(-51.,37.,248.));
#2268 = ADVANCED_FACE('',(#2269),#2308,.T.);
#2269 = FACE_BOUND('',#2270,.T.);
#2270 = EDGE_LOOP('',(#2271,#2272,#2282,#2289,#2302,#2307));
#2271 = ORIENTED_EDGE('',*,*,#2258,.F.);
#2272 = ORIENTED_EDGE('',*,*,#2273,.T.);
#2273 = EDGE_CURVE('',#2252,#2274,#2276,.T.);
#2274 = VERTEX_POINT('',#2275);
#2275 = CARTESIAN_POINT('',(-52.04545454545,36.454545454545,
    247.77272727272));
#2276 = B_SPLINE_CURVE_WITH_KNOTS('',4,(#2277,#2278,#2279,#2280,#2281),
  .UNSPECIFIED.,.F.,.F.,(5,5),(0.,1.),.PIECEWISE_BEZIER_KNOTS.);
#2277 = CARTESIAN_POINT('',(-52.25,38.5,246.75));
#2278 = CARTESIAN_POINT('',(-52.19814576803,37.981457680349,
    247.00927115982));
#2279 = CARTESIAN_POINT('',(-52.14676179892,37.467617989231,
    247.26619100538));
#2280 = CARTESIAN_POINT('',(-52.09586095809,36.95860958096,
    247.52069520952));
#2281 = CARTESIAN_POINT('',(-52.04545454545,36.454545454545,
    247.77272727272));
#2282 = ORIENTED_EDGE('',*,*,#2283,.T.);
#2283 = EDGE_CURVE('',#2274,#2284,#2286,.T.);
#2284 = VERTEX_POINT('',#2285);
#2285 = CARTESIAN_POINT('',(-56.45454545454,32.045454545455,
    247.77272727272));
#2286 = B_SPLINE_CURVE_WITH_KNOTS('',1,(#2287,#2288),.UNSPECIFIED.,.F.,
  .F.,(2,2),(0.,1.),.PIECEWISE_BEZIER_KNOTS.);
#2287 = CARTESIAN_POINT('',(-52.04545454545,36.454545454545,
    247.77272727272));
#2288 = CARTESIAN_POINT('',(-56.45454545454,32.045454545455,
    247.77272727272));
#2289 = ORIENTED_EDGE('',*,*,#2290,.T.);
#2290 = EDGE_CURVE('',#2284,#2291,#2293,.T.);
#2291 = VERTEX_POINT('',#2292);
#2292 = CARTESIAN_POINT('',(-58.5,32.25,246.75));
#2293 = B_SPLINE_CURVE_WITH_KNOTS('',4,(#2294,#2295,#2296,#2297,#2298,
    #2299,#2300,#2301),.UNSPECIFIED.,.F.,.F.,(5,3,5),(0.,0.504696024688,
    1.),.UNSPECIFIED.);
#2294 = CARTESIAN_POINT('',(-56.45454545454,32.045454545455,
    247.77272727272));
#2295 = CARTESIAN_POINT('',(-56.70544774255,32.070544774256,
    247.64727612872));
#2296 = CARTESIAN_POINT('',(-56.95887177516,32.095887177516,
    247.52056411241));
#2297 = CARTESIAN_POINT('',(-57.21473878435,32.121473878435,
    247.39263060782));
#2298 = CARTESIAN_POINT('',(-57.72639057206,32.172639057207,
    247.13680471396));
#2299 = CARTESIAN_POINT('',(-57.98208837762,32.198208837763,
    247.00895581118));
#2300 = CARTESIAN_POINT('',(-58.23998394265,32.223998394266,
    246.88000802867));
#2301 = CARTESIAN_POINT('',(-58.5,32.25,246.75));
#2302 = ORIENTED_EDGE('',*,*,#2303,.T.);
#2303 = EDGE_CURVE('',#2291,#835,#2304,.T.);
#2304 = B_SPLINE_CURVE_WITH_KNOTS('',1,(#2305,#2306),.UNSPECIFIED.,.F.,
  .F.,(2,2),(0.,1.),.PIECEWISE_BEZIER_KNOTS.);
#2305 = CARTESIAN_POINT('',(-63.,36.,243.));
#2306 = CARTESIAN_POINT('',(-57.,31.,248.));
#2307 = ORIENTED_EDGE('',*,*,#834,.F.);
#2308 = B_SPLINE_SURFACE_WITH_KNOTS('',1,1,(
    (#2309,#2310)
    ,(#2311,#2312
    )),.UNSPECIFIED.,.F.,.F.,.F.,(2,2),(2,2),(0.,9.899494936612),(0.,1.)
  ,.PIECEWISE_BEZIER_KNOTS.);
#2309 = CARTESIAN_POINT('',(-56.,43.,243.));
#2310 = CARTESIAN_POINT('',(-51.,37.,248.));
#2311 = CARTESIAN_POINT('',(-63.,36.,243.));
#2312 = CARTESIAN_POINT('',(-57.,31.,248.));
#2313 = ADVANCED_FACE('',(#2314),#2330,.T.);
#2314 = FACE_BOUND('',#2315,.T.);
#2315 = EDGE_LOOP('',(#2316,#2317,#2324,#2329));
#2316 = ORIENTED_EDGE('',*,*,#2303,.F.);
#2317 = ORIENTED_EDGE('',*,*,#2318,.T.);
#2318 = EDGE_CURVE('',#2291,#2319,#2321,.T.);
#2319 = VERTEX_POINT('',#2320);
#2320 = CARTESIAN_POINT('',(-58.5,-8.25,246.75));
#2321 = B_SPLINE_CURVE_WITH_KNOTS('',1,(#2322,#2323),.UNSPECIFIED.,.F.,
  .F.,(2,2),(0.,1.),.PIECEWISE_BEZIER_KNOTS.);
#2322 = CARTESIAN_POINT('',(-58.5,32.25,246.75));
#2323 = CARTESIAN_POINT('',(-58.5,-8.25,246.75));
#2324 = ORIENTED_EDGE('',*,*,#2325,.T.);
#2325 = EDGE_CURVE('',#2319,#843,#2326,.T.);
#2326 = B_SPLINE_CURVE_WITH_KNOTS('',1,(#2327,#2328),.UNSPECIFIED.,.F.,
  .F.,(2,2),(0.,1.),.PIECEWISE_BEZIER_KNOTS.);
#2327 = CARTESIAN_POINT('',(-63.,-12.,243.));
#2328 = CARTESIAN_POINT('',(-57.,-7.,248.));
#2329 = ORIENTED_EDGE('',*,*,#842,.F.);
#2330 = B_SPLINE_SURFACE_WITH_KNOTS('',1,1,(
    (#2331,#2332)
    ,(#2333,#2334
    )),.UNSPECIFIED.,.F.,.F.,.F.,(2,2),(2,2),(0.,48.),(0.,1.),
  .PIECEWISE_BEZIER_KNOTS.);
#2331 = CARTESIAN_POINT('',(-63.,36.,243.));
#2332 = CARTESIAN_POINT('',(-57.,31.,248.));
#2333 = CARTESIAN_POINT('',(-63.,-12.,243.));
#2334 = CARTESIAN_POINT('',(-57.,-7.,248.));
#2335 = ADVANCED_FACE('',(#2336),#2360,.T.);
#2336 = FACE_BOUND('',#2337,.T.);
#2337 = EDGE_LOOP('',(#2338,#2339,#2352,#2357,#2358,#2359));
#2338 = ORIENTED_EDGE('',*,*,#2325,.F.);
#2339 = ORIENTED_EDGE('',*,*,#2340,.T.);
#2340 = EDGE_CURVE('',#2319,#2341,#2343,.T.);
#2341 = VERTEX_POINT('',#2342);
#2342 = CARTESIAN_POINT('',(-56.45454545454,-8.045454545455,
    247.77272727272));
#2343 = B_SPLINE_CURVE_WITH_KNOTS('',4,(#2344,#2345,#2346,#2347,#2348,
    #2349,#2350,#2351),.UNSPECIFIED.,.F.,.F.,(5,3,5),(0.,0.470240210987,
    1.),.UNSPECIFIED.);
#2344 = CARTESIAN_POINT('',(-58.5,-8.25,246.75));
#2345 = CARTESIAN_POINT('',(-58.25314149641,-8.225314149641,
    246.87342925179));
#2346 = CARTESIAN_POINT('',(-58.00819430739,-8.20081943074,
    246.9959028463));
#2347 = CARTESIAN_POINT('',(-57.76522455087,-8.176522455087,
    247.11738772456));
#2348 = CARTESIAN_POINT('',(-57.25287682227,-8.125287682227,
    247.37356158886));
#2349 = CARTESIAN_POINT('',(-56.98404864016,-8.098404864016,
    247.50797567991));
#2350 = CARTESIAN_POINT('',(-56.7179079146,-8.07179079146,
    247.64104604269));
#2351 = CARTESIAN_POINT('',(-56.45454545454,-8.045454545455,
    247.77272727272));
#2352 = ORIENTED_EDGE('',*,*,#2353,.T.);
#2353 = EDGE_CURVE('',#2341,#1674,#2354,.T.);
#2354 = B_SPLINE_CURVE_WITH_KNOTS('',1,(#2355,#2356),.UNSPECIFIED.,.F.,
  .F.,(2,2),(0.,1.),.PIECEWISE_BEZIER_KNOTS.);
#2355 = CARTESIAN_POINT('',(-56.45454545454,-8.045454545455,
    247.77272727272));
#2356 = CARTESIAN_POINT('',(-52.04545454545,-12.45454545454,
    247.77272727272));
#2357 = ORIENTED_EDGE('',*,*,#1680,.T.);
#2358 = ORIENTED_EDGE('',*,*,#1651,.T.);
#2359 = ORIENTED_EDGE('',*,*,#850,.F.);
#2360 = B_SPLINE_SURFACE_WITH_KNOTS('',1,1,(
    (#2361,#2362)
    ,(#2363,#2364
    )),.UNSPECIFIED.,.F.,.F.,.F.,(2,2),(2,2),(0.,9.899494936612),(0.,1.)
  ,.PIECEWISE_BEZIER_KNOTS.);
#2361 = CARTESIAN_POINT('',(-63.,-12.,243.));
#2362 = CARTESIAN_POINT('',(-57.,-7.,248.));
#2363 = CARTESIAN_POINT('',(-56.,-19.,243.));
#2364 = CARTESIAN_POINT('',(-51.,-13.,248.));
#2365 = ADVANCED_FACE('',(#2366),#2376,.F.);
#2366 = FACE_BOUND('',#2367,.F.);
#2367 = EDGE_LOOP('',(#2368,#2369,#2370,#2375));
#2368 = ORIENTED_EDGE('',*,*,#1716,.F.);
#2369 = ORIENTED_EDGE('',*,*,#2146,.T.);
#2370 = ORIENTED_EDGE('',*,*,#2371,.T.);
#2371 = EDGE_CURVE('',#2147,#869,#2372,.T.);
#2372 = B_SPLINE_CURVE_WITH_KNOTS('',1,(#2373,#2374),.UNSPECIFIED.,.F.,
  .F.,(2,2),(0.,1.),.PIECEWISE_BEZIER_KNOTS.);
#2373 = CARTESIAN_POINT('',(60.,-11.,246.));
#2374 = CARTESIAN_POINT('',(54.,-6.,249.));
#2375 = ORIENTED_EDGE('',*,*,#868,.T.);
#2376 = B_SPLINE_SURFACE_WITH_KNOTS('',1,1,(
    (#2377,#2378)
    ,(#2379,#2380
    )),.UNSPECIFIED.,.F.,.F.,.F.,(2,2),(2,2),(0.,7.071067811865),(0.,1.)
  ,.PIECEWISE_BEZIER_KNOTS.);
#2377 = CARTESIAN_POINT('',(55.,-16.,246.));
#2378 = CARTESIAN_POINT('',(50.,-10.,249.));
#2379 = CARTESIAN_POINT('',(60.,-11.,246.));
#2380 = CARTESIAN_POINT('',(54.,-6.,249.));
#2381 = ADVANCED_FACE('',(#2382),#2392,.F.);
#2382 = FACE_BOUND('',#2383,.F.);
#2383 = EDGE_LOOP('',(#2384,#2389,#2390,#2391));
#2384 = ORIENTED_EDGE('',*,*,#2385,.F.);
#2385 = EDGE_CURVE('',#2341,#885,#2386,.T.);
#2386 = B_SPLINE_CURVE_WITH_KNOTS('',1,(#2387,#2388),.UNSPECIFIED.,.F.,
  .F.,(2,2),(0.,1.),.PIECEWISE_BEZIER_KNOTS.);
#2387 = CARTESIAN_POINT('',(-60.,-11.,246.));
#2388 = CARTESIAN_POINT('',(-54.,-6.,249.));
#2389 = ORIENTED_EDGE('',*,*,#2353,.T.);
#2390 = ORIENTED_EDGE('',*,*,#1673,.T.);
#2391 = ORIENTED_EDGE('',*,*,#884,.T.);
#2392 = B_SPLINE_SURFACE_WITH_KNOTS('',1,1,(
    (#2393,#2394)
    ,(#2395,#2396
    )),.UNSPECIFIED.,.F.,.F.,.F.,(2,2),(2,2),(0.,7.071067811865),(0.,1.)
  ,.PIECEWISE_BEZIER_KNOTS.);
#2393 = CARTESIAN_POINT('',(-60.,-11.,246.));
#2394 = CARTESIAN_POINT('',(-54.,-6.,249.));
#2395 = CARTESIAN_POINT('',(-55.,-16.,246.));
#2396 = CARTESIAN_POINT('',(-50.,-10.,249.));
#2397 = ADVANCED_FACE('',(#2398),#2410,.F.);
#2398 = FACE_BOUND('',#2399,.F.);
#2399 = EDGE_LOOP('',(#2400,#2405,#2406,#2407,#2408,#2409));
#2400 = ORIENTED_EDGE('',*,*,#2401,.F.);
#2401 = EDGE_CURVE('',#2284,#892,#2402,.T.);
#2402 = B_SPLINE_CURVE_WITH_KNOTS('',1,(#2403,#2404),.UNSPECIFIED.,.F.,
  .F.,(2,2),(0.,1.),.PIECEWISE_BEZIER_KNOTS.);
#2403 = CARTESIAN_POINT('',(-60.,35.,246.));
#2404 = CARTESIAN_POINT('',(-54.,30.,249.));
#2405 = ORIENTED_EDGE('',*,*,#2290,.T.);
#2406 = ORIENTED_EDGE('',*,*,#2318,.T.);
#2407 = ORIENTED_EDGE('',*,*,#2340,.T.);
#2408 = ORIENTED_EDGE('',*,*,#2385,.T.);
#2409 = ORIENTED_EDGE('',*,*,#891,.T.);
#2410 = B_SPLINE_SURFACE_WITH_KNOTS('',1,1,(
    (#2411,#2412)
    ,(#2413,#2414
    )),.UNSPECIFIED.,.F.,.F.,.F.,(2,2),(2,2),(0.,46.),(0.,1.),
  .PIECEWISE_BEZIER_KNOTS.);
#2411 = CARTESIAN_POINT('',(-60.,35.,246.));
#2412 = CARTESIAN_POINT('',(-54.,30.,249.));
#2413 = CARTESIAN_POINT('',(-60.,-11.,246.));
#2414 = CARTESIAN_POINT('',(-54.,-6.,249.));
#2415 = ADVANCED_FACE('',(#2416),#2426,.F.);
#2416 = FACE_BOUND('',#2417,.F.);
#2417 = EDGE_LOOP('',(#2418,#2423,#2424,#2425));
#2418 = ORIENTED_EDGE('',*,*,#2419,.F.);
#2419 = EDGE_CURVE('',#2274,#899,#2420,.T.);
#2420 = B_SPLINE_CURVE_WITH_KNOTS('',1,(#2421,#2422),.UNSPECIFIED.,.F.,
  .F.,(2,2),(0.,1.),.PIECEWISE_BEZIER_KNOTS.);
#2421 = CARTESIAN_POINT('',(-55.,40.,246.));
#2422 = CARTESIAN_POINT('',(-50.,34.,249.));
#2423 = ORIENTED_EDGE('',*,*,#2283,.T.);
#2424 = ORIENTED_EDGE('',*,*,#2401,.T.);
#2425 = ORIENTED_EDGE('',*,*,#898,.T.);
#2426 = B_SPLINE_SURFACE_WITH_KNOTS('',1,1,(
    (#2427,#2428)
    ,(#2429,#2430
    )),.UNSPECIFIED.,.F.,.F.,.F.,(2,2),(2,2),(0.,7.071067811865),(0.,1.)
  ,.PIECEWISE_BEZIER_KNOTS.);
#2427 = CARTESIAN_POINT('',(-55.,40.,246.));
#2428 = CARTESIAN_POINT('',(-50.,34.,249.));
#2429 = CARTESIAN_POINT('',(-60.,35.,246.));
#2430 = CARTESIAN_POINT('',(-54.,30.,249.));
#2431 = ADVANCED_FACE('',(#2432),#2444,.F.);
#2432 = FACE_BOUND('',#2433,.F.);
#2433 = EDGE_LOOP('',(#2434,#2439,#2440,#2441,#2442,#2443));
#2434 = ORIENTED_EDGE('',*,*,#2435,.F.);
#2435 = EDGE_CURVE('',#2217,#906,#2436,.T.);
#2436 = B_SPLINE_CURVE_WITH_KNOTS('',1,(#2437,#2438),.UNSPECIFIED.,.F.,
  .F.,(2,2),(0.,1.),.PIECEWISE_BEZIER_KNOTS.);
#2437 = CARTESIAN_POINT('',(55.,40.,246.));
#2438 = CARTESIAN_POINT('',(50.,34.,249.));
#2439 = ORIENTED_EDGE('',*,*,#2223,.T.);
#2440 = ORIENTED_EDGE('',*,*,#2251,.T.);
#2441 = ORIENTED_EDGE('',*,*,#2273,.T.);
#2442 = ORIENTED_EDGE('',*,*,#2419,.T.);
#2443 = ORIENTED_EDGE('',*,*,#905,.T.);
#2444 = B_SPLINE_SURFACE_WITH_KNOTS('',1,1,(
    (#2445,#2446)
    ,(#2447,#2448
    )),.UNSPECIFIED.,.F.,.F.,.F.,(2,2),(2,2),(0.,110.),(0.,1.),
  .PIECEWISE_BEZIER_KNOTS.);
#2445 = CARTESIAN_POINT('',(55.,40.,246.));
#2446 = CARTESIAN_POINT('',(50.,34.,249.));
#2447 = CARTESIAN_POINT('',(-55.,40.,246.));
#2448 = CARTESIAN_POINT('',(-50.,34.,249.));
#2449 = ADVANCED_FACE('',(#2450),#2460,.F.);
#2450 = FACE_BOUND('',#2451,.F.);
#2451 = EDGE_LOOP('',(#2452,#2457,#2458,#2459));
#2452 = ORIENTED_EDGE('',*,*,#2453,.F.);
#2453 = EDGE_CURVE('',#2204,#913,#2454,.T.);
#2454 = B_SPLINE_CURVE_WITH_KNOTS('',1,(#2455,#2456),.UNSPECIFIED.,.F.,
  .F.,(2,2),(0.,1.),.PIECEWISE_BEZIER_KNOTS.);
#2455 = CARTESIAN_POINT('',(60.,35.,246.));
#2456 = CARTESIAN_POINT('',(54.,30.,249.));
#2457 = ORIENTED_EDGE('',*,*,#2216,.T.);
#2458 = ORIENTED_EDGE('',*,*,#2435,.T.);
#2459 = ORIENTED_EDGE('',*,*,#912,.T.);
#2460 = B_SPLINE_SURFACE_WITH_KNOTS('',1,1,(
    (#2461,#2462)
    ,(#2463,#2464
    )),.UNSPECIFIED.,.F.,.F.,.F.,(2,2),(2,2),(0.,7.071067811865),(0.,1.)
  ,.PIECEWISE_BEZIER_KNOTS.);
#2461 = CARTESIAN_POINT('',(60.,35.,246.));
#2462 = CARTESIAN_POINT('',(54.,30.,249.));
#2463 = CARTESIAN_POINT('',(55.,40.,246.));
#2464 = CARTESIAN_POINT('',(50.,34.,249.));
#2465 = ADVANCED_FACE('',(#2466),#2474,.F.);
#2466 = FACE_BOUND('',#2467,.F.);
#2467 = EDGE_LOOP('',(#2468,#2469,#2470,#2471,#2472,#2473));
#2468 = ORIENTED_EDGE('',*,*,#2371,.F.);
#2469 = ORIENTED_EDGE('',*,*,#2153,.T.);
#2470 = ORIENTED_EDGE('',*,*,#2181,.T.);
#2471 = ORIENTED_EDGE('',*,*,#2203,.T.);
#2472 = ORIENTED_EDGE('',*,*,#2453,.T.);
#2473 = ORIENTED_EDGE('',*,*,#919,.T.);
#2474 = B_SPLINE_SURFACE_WITH_KNOTS('',1,1,(
    (#2475,#2476)
    ,(#2477,#2478
    )),.UNSPECIFIED.,.F.,.F.,.F.,(2,2),(2,2),(0.,46.),(0.,1.),
  .PIECEWISE_BEZIER_KNOTS.);
#2475 = CARTESIAN_POINT('',(60.,-11.,246.));
#2476 = CARTESIAN_POINT('',(54.,-6.,249.));
#2477 = CARTESIAN_POINT('',(60.,35.,246.));
#2478 = CARTESIAN_POINT('',(54.,30.,249.));
#2479 = ADVANCED_FACE('',(#2480),#2514,.T.);
#2480 = FACE_BOUND('',#2481,.T.);
#2481 = EDGE_LOOP('',(#2482,#2483,#2493));
#2482 = ORIENTED_EDGE('',*,*,#932,.T.);
#2483 = ORIENTED_EDGE('',*,*,#2484,.F.);
#2484 = EDGE_CURVE('',#2485,#935,#2487,.T.);
#2485 = VERTEX_POINT('',#2486);
#2486 = CARTESIAN_POINT('',(-17.42787114845,-20.83006535947,
    188.4248366013));
#2487 = B_SPLINE_CURVE_WITH_KNOTS('',4,(#2488,#2489,#2490,#2491,#2492),
  .UNSPECIFIED.,.F.,.F.,(5,5),(0.,1.),.PIECEWISE_BEZIER_KNOTS.);
#2488 = CARTESIAN_POINT('',(-17.29545454545,-20.70454545454,188.));
#2489 = CARTESIAN_POINT('',(-17.35664836497,-20.76255209596,
    188.19633017097));
#2490 = CARTESIAN_POINT('',(-17.41888387349,-20.82154617175,
    188.39600242747));
#2491 = CARTESIAN_POINT('',(-17.48215790741,-20.88152468307,
    188.59900661962));
#2492 = CARTESIAN_POINT('',(-17.54646017699,-20.9424778761,
    188.80530973451));
#2493 = ORIENTED_EDGE('',*,*,#2494,.F.);
#2494 = EDGE_CURVE('',#933,#2485,#2495,.T.);
#2495 = B_SPLINE_CURVE_WITH_KNOTS('',5,(#2496,#2497,#2498,#2499,#2500,
    #2501,#2502,#2503,#2504,#2505,#2506,#2507,#2508,#2509,#2510,#2511,
    #2512,#2513),.UNSPECIFIED.,.F.,.F.,(6,4,4,4,6),(0.,0.892411034306,
    0.946306416891,0.971552485989,1.),.UNSPECIFIED.);
#2496 = CARTESIAN_POINT('',(-17.,-21.,188.));
#2497 = CARTESIAN_POINT('',(-17.34430963134,-20.86325291237,
    188.34186771906));
#2498 = CARTESIAN_POINT('',(-17.69465513245,-20.72410859987,
    188.68972850031));
#2499 = CARTESIAN_POINT('',(-18.05067680875,-20.58270991992,
    189.04322520018));
#2500 = CARTESIAN_POINT('',(-18.41199394876,-20.43920807708,
    189.40197980728));
#2501 = CARTESIAN_POINT('',(-18.80034437372,-20.28496961043,
    189.7875759739));
#2502 = CARTESIAN_POINT('',(-18.822480189,-20.27617808096,
    189.80955479759));
#2503 = CARTESIAN_POINT('',(-18.84463385336,-20.26737946249,
    189.83155134376));
#2504 = CARTESIAN_POINT('',(-18.86680528381,-20.25857378798,
    189.85356553003));
#2505 = CARTESIAN_POINT('',(-18.89938838429,-20.24563298212,
    189.88591754469));
#2506 = CARTESIAN_POINT('',(-18.90979542574,-20.24149968906,
    189.89625077734));
#2507 = CARTESIAN_POINT('',(-18.92021555461,-20.23736119816,
    189.90659700458));
#2508 = CARTESIAN_POINT('',(-18.93064880386,-20.23321749633,
    189.91695625915));
#2509 = CARTESIAN_POINT('',(-18.95286631391,-20.22439352071,
    189.9390161982));
#2510 = CARTESIAN_POINT('',(-18.96464228485,-20.21971653935,
    189.95070865162));
#2511 = CARTESIAN_POINT('',(-18.97642327363,-20.21503756508,
    189.96240608729));
#2512 = CARTESIAN_POINT('',(-18.98820925015,-20.21035660986,
    189.97410847532));
#2513 = CARTESIAN_POINT('',(-19.,-20.20567375886,189.98581560283));
#2514 = B_SPLINE_SURFACE_WITH_KNOTS('',1,1,(
    (#2515,#2516)
    ,(#2517,#2518
    )),.UNSPECIFIED.,.F.,.F.,.F.,(2,2),(2,2),(0.,7.071067811865),(0.,1.)
  ,.PIECEWISE_BEZIER_KNOTS.);
#2515 = CARTESIAN_POINT('',(-19.,-19.,188.));
#2516 = CARTESIAN_POINT('',(-41.,-14.,216.));
#2517 = CARTESIAN_POINT('',(-17.,-21.,188.));
#2518 = CARTESIAN_POINT('',(-36.,-19.,216.));
#2519 = ADVANCED_FACE('',(#2520),#2552,.T.);
#2520 = FACE_BOUND('',#2521,.T.);
#2521 = EDGE_LOOP('',(#2522,#2531,#2537,#2538,#2539,#2546));
#2522 = ORIENTED_EDGE('',*,*,#2523,.F.);
#2523 = EDGE_CURVE('',#2524,#2526,#2528,.T.);
#2524 = VERTEX_POINT('',#2525);
#2525 = CARTESIAN_POINT('',(-19.,-20.83006535947,188.4248366013));
#2526 = VERTEX_POINT('',#2527);
#2527 = CARTESIAN_POINT('',(-19.,-21.,189.));
#2528 = B_SPLINE_CURVE_WITH_KNOTS('',1,(#2529,#2530),.UNSPECIFIED.,.F.,
  .F.,(2,2),(0.,1.),.PIECEWISE_BEZIER_KNOTS.);
#2529 = CARTESIAN_POINT('',(-19.,-8.,145.));
#2530 = CARTESIAN_POINT('',(-19.,-21.,189.));
#2531 = ORIENTED_EDGE('',*,*,#2532,.T.);
#2532 = EDGE_CURVE('',#2524,#2485,#2533,.T.);
#2533 = LINE('',#2534,#2535);
#2534 = CARTESIAN_POINT('',(-19.,-20.83006535947,188.4248366013));
#2535 = VECTOR('',#2536,1.);
#2536 = DIRECTION('',(1.,0.,0.));
#2537 = ORIENTED_EDGE('',*,*,#2484,.T.);
#2538 = ORIENTED_EDGE('',*,*,#1010,.F.);
#2539 = ORIENTED_EDGE('',*,*,#2540,.T.);
#2540 = EDGE_CURVE('',#1001,#2541,#2543,.T.);
#2541 = VERTEX_POINT('',#2542);
#2542 = CARTESIAN_POINT('',(-13.,-21.,189.));
#2543 = B_SPLINE_CURVE_WITH_KNOTS('',1,(#2544,#2545),.UNSPECIFIED.,.F.,
  .F.,(2,2),(0.,1.),.PIECEWISE_BEZIER_KNOTS.);
#2544 = CARTESIAN_POINT('',(-13.,-8.,145.));
#2545 = CARTESIAN_POINT('',(-13.,-21.,189.));
#2546 = ORIENTED_EDGE('',*,*,#2547,.F.);
#2547 = EDGE_CURVE('',#2526,#2541,#2548,.T.);
#2548 = LINE('',#2549,#2550);
#2549 = CARTESIAN_POINT('',(-19.,-21.,189.));
#2550 = VECTOR('',#2551,1.);
#2551 = DIRECTION('',(1.,0.,0.));
#2552 = PLANE('',#2553);
#2553 = AXIS2_PLACEMENT_3D('',#2554,#2555,#2556);
#2554 = CARTESIAN_POINT('',(-19.,-21.,189.));
#2555 = DIRECTION('',(0.,-0.959017708059,-0.283346141017));
#2556 = DIRECTION('',(1.,0.,0.));
#2557 = ADVANCED_FACE('',(#2558),#2568,.T.);
#2558 = FACE_BOUND('',#2559,.T.);
#2559 = EDGE_LOOP('',(#2560,#2561,#2562));
#2560 = ORIENTED_EDGE('',*,*,#2540,.F.);
#2561 = ORIENTED_EDGE('',*,*,#1000,.F.);
#2562 = ORIENTED_EDGE('',*,*,#2563,.F.);
#2563 = EDGE_CURVE('',#2541,#994,#2564,.T.);
#2564 = LINE('',#2565,#2566);
#2565 = CARTESIAN_POINT('',(-13.,-21.,189.));
#2566 = VECTOR('',#2567,1.);
#2567 = DIRECTION('',(0.,1.,0.));
#2568 = B_SPLINE_SURFACE_WITH_KNOTS('',1,1,(
    (#2569,#2570)
    ,(#2571,#2572
    )),.UNSPECIFIED.,.F.,.F.,.F.,(2,2),(2,2),(0.,12.),(0.,1.),
  .PIECEWISE_BEZIER_KNOTS.);
#2569 = CARTESIAN_POINT('',(-13.,-8.,145.));
#2570 = CARTESIAN_POINT('',(-13.,-21.,189.));
#2571 = CARTESIAN_POINT('',(-13.,4.,145.));
#2572 = CARTESIAN_POINT('',(-13.,-9.,189.));
#2573 = ADVANCED_FACE('',(#2574),#2594,.F.);
#2574 = FACE_BOUND('',#2575,.F.);
#2575 = EDGE_LOOP('',(#2576,#2577,#2585,#2591,#2592,#2593));
#2576 = ORIENTED_EDGE('',*,*,#2547,.F.);
#2577 = ORIENTED_EDGE('',*,*,#2578,.F.);
#2578 = EDGE_CURVE('',#2579,#2526,#2581,.T.);
#2579 = VERTEX_POINT('',#2580);
#2580 = CARTESIAN_POINT('',(-19.,-20.6,189.));
#2581 = LINE('',#2582,#2583);
#2582 = CARTESIAN_POINT('',(-19.,-9.,189.));
#2583 = VECTOR('',#2584,1.);
#2584 = DIRECTION('',(0.,-1.,0.));
#2585 = ORIENTED_EDGE('',*,*,#2586,.T.);
#2586 = EDGE_CURVE('',#2579,#1614,#2587,.T.);
#2587 = LINE('',#2588,#2589);
#2588 = CARTESIAN_POINT('',(-19.,-20.6,189.));
#2589 = VECTOR('',#2590,1.);
#2590 = DIRECTION('',(1.,0.,0.));
#2591 = ORIENTED_EDGE('',*,*,#1636,.F.);
#2592 = ORIENTED_EDGE('',*,*,#993,.F.);
#2593 = ORIENTED_EDGE('',*,*,#2563,.F.);
#2594 = PLANE('',#2595);
#2595 = AXIS2_PLACEMENT_3D('',#2596,#2597,#2598);
#2596 = CARTESIAN_POINT('',(-19.,-21.,189.));
#2597 = DIRECTION('',(0.,0.,-1.));
#2598 = DIRECTION('',(0.4472135955,0.894427191,0.));
#2599 = ADVANCED_FACE('',(#2600),#2652,.T.);
#2600 = FACE_BOUND('',#2601,.T.);
#2601 = EDGE_LOOP('',(#2602,#2603,#2610,#2633,#2646,#2651));
#2602 = ORIENTED_EDGE('',*,*,#980,.F.);
#2603 = ORIENTED_EDGE('',*,*,#2604,.F.);
#2604 = EDGE_CURVE('',#2605,#974,#2607,.T.);
#2605 = VERTEX_POINT('',#2606);
#2606 = CARTESIAN_POINT('',(18.007142857143,-20.6,189.));
#2607 = B_SPLINE_CURVE_WITH_KNOTS('',1,(#2608,#2609),.UNSPECIFIED.,.F.,
  .F.,(2,2),(0.,1.),.PIECEWISE_BEZIER_KNOTS.);
#2608 = CARTESIAN_POINT('',(19.785714285714,-18.82142857142,189.));
#2609 = CARTESIAN_POINT('',(17.678571428571,-20.92857142857,189.));
#2610 = ORIENTED_EDGE('',*,*,#2611,.T.);
#2611 = EDGE_CURVE('',#2605,#2612,#2614,.T.);
#2612 = VERTEX_POINT('',#2613);
#2613 = CARTESIAN_POINT('',(19.,-20.20567375886,189.98581560283));
#2614 = B_SPLINE_CURVE_WITH_KNOTS('',5,(#2615,#2616,#2617,#2618,#2619,
    #2620,#2621,#2622,#2623,#2624,#2625,#2626,#2627,#2628,#2629,#2630,
    #2631,#2632),.UNSPECIFIED.,.F.,.F.,(6,4,4,4,6),(0.,0.892411034306,
    0.946306416891,0.971552485989,1.),.UNSPECIFIED.);
#2615 = CARTESIAN_POINT('',(17.,-21.,188.));
#2616 = CARTESIAN_POINT('',(17.344309631345,-20.86325291237,
    188.34186771906));
#2617 = CARTESIAN_POINT('',(17.694655132458,-20.72410859987,
    188.68972850031));
#2618 = CARTESIAN_POINT('',(18.050676808754,-20.58270991992,
    189.04322520018));
#2619 = CARTESIAN_POINT('',(18.411993948769,-20.43920807708,
    189.40197980728));
#2620 = CARTESIAN_POINT('',(18.800344373722,-20.28496961043,
    189.7875759739));
#2621 = CARTESIAN_POINT('',(18.822480189006,-20.27617808096,
    189.80955479759));
#2622 = CARTESIAN_POINT('',(18.844633853367,-20.26737946249,
    189.83155134376));
#2623 = CARTESIAN_POINT('',(18.86680528382,-20.25857378798,
    189.85356553003));
#2624 = CARTESIAN_POINT('',(18.899388384299,-20.24563298212,
    189.88591754469));
#2625 = CARTESIAN_POINT('',(18.90979542575,-20.24149968906,
    189.89625077734));
#2626 = CARTESIAN_POINT('',(18.920215554618,-20.23736119816,
    189.90659700458));
#2627 = CARTESIAN_POINT('',(18.930648803862,-20.23321749633,
    189.91695625915));
#2628 = CARTESIAN_POINT('',(18.952866313911,-20.22439352071,
    189.9390161982));
#2629 = CARTESIAN_POINT('',(18.96464228485,-20.21971653935,
    189.95070865162));
#2630 = CARTESIAN_POINT('',(18.97642327363,-20.21503756508,
    189.96240608729));
#2631 = CARTESIAN_POINT('',(18.98820925015,-20.21035660986,
    189.97410847532));
#2632 = CARTESIAN_POINT('',(19.,-20.20567375886,189.98581560283));
#2633 = ORIENTED_EDGE('',*,*,#2634,.T.);
#2634 = EDGE_CURVE('',#2612,#2635,#2637,.T.);
#2635 = VERTEX_POINT('',#2636);
#2636 = CARTESIAN_POINT('',(19.,-19.,188.));
#2637 = B_SPLINE_CURVE_WITH_KNOTS('',4,(#2638,#2639,#2640,#2641,#2642,
    #2643,#2644,#2645),.UNSPECIFIED.,.F.,.F.,(5,3,5),(0.,0.481445012169,
    1.),.UNSPECIFIED.);
#2638 = CARTESIAN_POINT('',(19.,-20.20567375886,189.98581560283));
#2639 = CARTESIAN_POINT('',(19.,-20.0505066891,189.73024631147));
#2640 = CARTESIAN_POINT('',(19.,-19.8985431838,189.47995347921));
#2641 = CARTESIAN_POINT('',(19.,-19.74982528434,189.23500635068));
#2642 = CARTESIAN_POINT('',(19.,-19.44764909362,188.7373043895));
#2643 = CARTESIAN_POINT('',(19.,-19.29470976505,188.4854043189));
#2644 = CARTESIAN_POINT('',(19.,-19.14551454631,188.23967101745));
#2645 = CARTESIAN_POINT('',(19.,-19.,188.));
#2646 = ORIENTED_EDGE('',*,*,#2647,.T.);
#2647 = EDGE_CURVE('',#2635,#1024,#2648,.T.);
#2648 = B_SPLINE_CURVE_WITH_KNOTS('',1,(#2649,#2650),.UNSPECIFIED.,.F.,
  .F.,(2,2),(0.,1.),.PIECEWISE_BEZIER_KNOTS.);
#2649 = CARTESIAN_POINT('',(19.,-19.,188.));
#2650 = CARTESIAN_POINT('',(41.,-14.,216.));
#2651 = ORIENTED_EDGE('',*,*,#1023,.F.);
#2652 = B_SPLINE_SURFACE_WITH_KNOTS('',1,1,(
    (#2653,#2654)
    ,(#2655,#2656
    )),.UNSPECIFIED.,.F.,.F.,.F.,(2,2),(2,2),(0.,7.071067811865),(0.,1.)
  ,.PIECEWISE_BEZIER_KNOTS.);
#2653 = CARTESIAN_POINT('',(17.,-21.,188.));
#2654 = CARTESIAN_POINT('',(36.,-19.,216.));
#2655 = CARTESIAN_POINT('',(19.,-19.,188.));
#2656 = CARTESIAN_POINT('',(41.,-14.,216.));
#2657 = ADVANCED_FACE('',(#2658),#2692,.F.);
#2658 = FACE_BOUND('',#2659,.F.);
#2659 = EDGE_LOOP('',(#2660,#2670,#2676,#2677,#2678,#2686));
#2660 = ORIENTED_EDGE('',*,*,#2661,.F.);
#2661 = EDGE_CURVE('',#2662,#2664,#2666,.T.);
#2662 = VERTEX_POINT('',#2663);
#2663 = CARTESIAN_POINT('',(13.,-21.,189.));
#2664 = VERTEX_POINT('',#2665);
#2665 = CARTESIAN_POINT('',(19.,-21.,189.));
#2666 = LINE('',#2667,#2668);
#2667 = CARTESIAN_POINT('',(13.,-21.,189.));
#2668 = VECTOR('',#2669,1.);
#2669 = DIRECTION('',(1.,0.,0.));
#2670 = ORIENTED_EDGE('',*,*,#2671,.F.);
#2671 = EDGE_CURVE('',#964,#2662,#2672,.T.);
#2672 = LINE('',#2673,#2674);
#2673 = CARTESIAN_POINT('',(13.,-9.,189.));
#2674 = VECTOR('',#2675,1.);
#2675 = DIRECTION('',(0.,-1.,0.));
#2676 = ORIENTED_EDGE('',*,*,#973,.F.);
#2677 = ORIENTED_EDGE('',*,*,#2604,.F.);
#2678 = ORIENTED_EDGE('',*,*,#2679,.T.);
#2679 = EDGE_CURVE('',#2605,#2680,#2682,.T.);
#2680 = VERTEX_POINT('',#2681);
#2681 = CARTESIAN_POINT('',(19.,-20.6,189.));
#2682 = LINE('',#2683,#2684);
#2683 = CARTESIAN_POINT('',(13.,-20.6,189.));
#2684 = VECTOR('',#2685,1.);
#2685 = DIRECTION('',(1.,0.,0.));
#2686 = ORIENTED_EDGE('',*,*,#2687,.F.);
#2687 = EDGE_CURVE('',#2664,#2680,#2688,.T.);
#2688 = LINE('',#2689,#2690);
#2689 = CARTESIAN_POINT('',(19.,-21.,189.));
#2690 = VECTOR('',#2691,1.);
#2691 = DIRECTION('',(0.,1.,0.));
#2692 = PLANE('',#2693);
#2693 = AXIS2_PLACEMENT_3D('',#2694,#2695,#2696);
#2694 = CARTESIAN_POINT('',(13.,-21.,189.));
#2695 = DIRECTION('',(0.,0.,-1.));
#2696 = DIRECTION('',(0.4472135955,0.894427191,0.));
#2697 = ADVANCED_FACE('',(#2698),#2707,.T.);
#2698 = FACE_BOUND('',#2699,.T.);
#2699 = EDGE_LOOP('',(#2700,#2701,#2706));
#2700 = ORIENTED_EDGE('',*,*,#963,.F.);
#2701 = ORIENTED_EDGE('',*,*,#2702,.T.);
#2702 = EDGE_CURVE('',#957,#2662,#2703,.T.);
#2703 = B_SPLINE_CURVE_WITH_KNOTS('',1,(#2704,#2705),.UNSPECIFIED.,.F.,
  .F.,(2,2),(0.,1.),.PIECEWISE_BEZIER_KNOTS.);
#2704 = CARTESIAN_POINT('',(13.,-8.,145.));
#2705 = CARTESIAN_POINT('',(13.,-21.,189.));
#2706 = ORIENTED_EDGE('',*,*,#2671,.F.);
#2707 = B_SPLINE_SURFACE_WITH_KNOTS('',1,1,(
    (#2708,#2709)
    ,(#2710,#2711
    )),.UNSPECIFIED.,.F.,.F.,.F.,(2,2),(2,2),(0.,12.),(0.,1.),
  .PIECEWISE_BEZIER_KNOTS.);
#2708 = CARTESIAN_POINT('',(13.,4.,145.));
#2709 = CARTESIAN_POINT('',(13.,-9.,189.));
#2710 = CARTESIAN_POINT('',(13.,-8.,145.));
#2711 = CARTESIAN_POINT('',(13.,-21.,189.));
#2712 = ADVANCED_FACE('',(#2713),#2741,.T.);
#2713 = FACE_BOUND('',#2714,.T.);
#2714 = EDGE_LOOP('',(#2715,#2716,#2717,#2727,#2735,#2740));
#2715 = ORIENTED_EDGE('',*,*,#2702,.F.);
#2716 = ORIENTED_EDGE('',*,*,#956,.F.);
#2717 = ORIENTED_EDGE('',*,*,#2718,.F.);
#2718 = EDGE_CURVE('',#2719,#950,#2721,.T.);
#2719 = VERTEX_POINT('',#2720);
#2720 = CARTESIAN_POINT('',(17.427871148459,-20.83006535947,
    188.4248366013));
#2721 = B_SPLINE_CURVE_WITH_KNOTS('',4,(#2722,#2723,#2724,#2725,#2726),
  .UNSPECIFIED.,.F.,.F.,(5,5),(0.,1.),.PIECEWISE_BEZIER_KNOTS.);
#2722 = CARTESIAN_POINT('',(17.295454545455,-20.70454545454,188.));
#2723 = CARTESIAN_POINT('',(17.356648364978,-20.76255209596,
    188.19633017097));
#2724 = CARTESIAN_POINT('',(17.418883873499,-20.82154617175,
    188.39600242747));
#2725 = CARTESIAN_POINT('',(17.482157907415,-20.88152468307,
    188.59900661962));
#2726 = CARTESIAN_POINT('',(17.546460176991,-20.9424778761,
    188.80530973451));
#2727 = ORIENTED_EDGE('',*,*,#2728,.T.);
#2728 = EDGE_CURVE('',#2719,#2729,#2731,.T.);
#2729 = VERTEX_POINT('',#2730);
#2730 = CARTESIAN_POINT('',(19.,-20.83006535947,188.4248366013));
#2731 = LINE('',#2732,#2733);
#2732 = CARTESIAN_POINT('',(13.,-20.83006535947,188.4248366013));
#2733 = VECTOR('',#2734,1.);
#2734 = DIRECTION('',(1.,0.,0.));
#2735 = ORIENTED_EDGE('',*,*,#2736,.T.);
#2736 = EDGE_CURVE('',#2729,#2664,#2737,.T.);
#2737 = B_SPLINE_CURVE_WITH_KNOTS('',1,(#2738,#2739),.UNSPECIFIED.,.F.,
  .F.,(2,2),(0.,1.),.PIECEWISE_BEZIER_KNOTS.);
#2738 = CARTESIAN_POINT('',(19.,-8.,145.));
#2739 = CARTESIAN_POINT('',(19.,-21.,189.));
#2740 = ORIENTED_EDGE('',*,*,#2661,.F.);
#2741 = PLANE('',#2742);
#2742 = AXIS2_PLACEMENT_3D('',#2743,#2744,#2745);
#2743 = CARTESIAN_POINT('',(13.,-21.,189.));
#2744 = DIRECTION('',(0.,-0.959017708059,-0.283346141017));
#2745 = DIRECTION('',(1.,0.,0.));
#2746 = ADVANCED_FACE('',(#2747),#2772,.T.);
#2747 = FACE_BOUND('',#2748,.T.);
#2748 = EDGE_LOOP('',(#2749,#2750,#2771));
#2749 = ORIENTED_EDGE('',*,*,#949,.F.);
#2750 = ORIENTED_EDGE('',*,*,#2751,.T.);
#2751 = EDGE_CURVE('',#942,#2719,#2752,.T.);
#2752 = B_SPLINE_CURVE_WITH_KNOTS('',5,(#2753,#2754,#2755,#2756,#2757,
    #2758,#2759,#2760,#2761,#2762,#2763,#2764,#2765,#2766,#2767,#2768,
    #2769,#2770),.UNSPECIFIED.,.F.,.F.,(6,4,4,4,6),(0.,0.892411034306,
    0.946306416891,0.971552485989,1.),.UNSPECIFIED.);
#2753 = CARTESIAN_POINT('',(17.,-21.,188.));
#2754 = CARTESIAN_POINT('',(17.344309631345,-20.86325291237,
    188.34186771906));
#2755 = CARTESIAN_POINT('',(17.694655132458,-20.72410859987,
    188.68972850031));
#2756 = CARTESIAN_POINT('',(18.050676808754,-20.58270991992,
    189.04322520018));
#2757 = CARTESIAN_POINT('',(18.411993948769,-20.43920807708,
    189.40197980728));
#2758 = CARTESIAN_POINT('',(18.800344373722,-20.28496961043,
    189.7875759739));
#2759 = CARTESIAN_POINT('',(18.822480189006,-20.27617808096,
    189.80955479759));
#2760 = CARTESIAN_POINT('',(18.844633853367,-20.26737946249,
    189.83155134376));
#2761 = CARTESIAN_POINT('',(18.86680528382,-20.25857378798,
    189.85356553003));
#2762 = CARTESIAN_POINT('',(18.899388384299,-20.24563298212,
    189.88591754469));
#2763 = CARTESIAN_POINT('',(18.90979542575,-20.24149968906,
    189.89625077734));
#2764 = CARTESIAN_POINT('',(18.920215554618,-20.23736119816,
    189.90659700458));
#2765 = CARTESIAN_POINT('',(18.930648803862,-20.23321749633,
    189.91695625915));
#2766 = CARTESIAN_POINT('',(18.952866313911,-20.22439352071,
    189.9390161982));
#2767 = CARTESIAN_POINT('',(18.96464228485,-20.21971653935,
    189.95070865162));
#2768 = CARTESIAN_POINT('',(18.97642327363,-20.21503756508,
    189.96240608729));
#2769 = CARTESIAN_POINT('',(18.98820925015,-20.21035660986,
    189.97410847532));
#2770 = CARTESIAN_POINT('',(19.,-20.20567375886,189.98581560283));
#2771 = ORIENTED_EDGE('',*,*,#2718,.T.);
#2772 = B_SPLINE_SURFACE_WITH_KNOTS('',1,1,(
    (#2773,#2774)
    ,(#2775,#2776
    )),.UNSPECIFIED.,.F.,.F.,.F.,(2,2),(2,2),(0.,7.071067811865),(0.,1.)
  ,.PIECEWISE_BEZIER_KNOTS.);
#2773 = CARTESIAN_POINT('',(17.,-21.,188.));
#2774 = CARTESIAN_POINT('',(36.,-19.,216.));
#2775 = CARTESIAN_POINT('',(19.,-19.,188.));
#2776 = CARTESIAN_POINT('',(41.,-14.,216.));
#2777 = ADVANCED_FACE('',(#2778),#2849,.T.);
#2778 = FACE_BOUND('',#2779,.T.);
#2779 = EDGE_LOOP('',(#2780,#2790,#2798,#2805,#2813,#2820,#2828,#2836,
    #2842,#2843));
#2780 = ORIENTED_EDGE('',*,*,#2781,.F.);
#2781 = EDGE_CURVE('',#2782,#2784,#2786,.T.);
#2782 = VERTEX_POINT('',#2783);
#2783 = CARTESIAN_POINT('',(-19.,-20.70454545454,188.));
#2784 = VERTEX_POINT('',#2785);
#2785 = CARTESIAN_POINT('',(-19.,-21.,188.));
#2786 = LINE('',#2787,#2788);
#2787 = CARTESIAN_POINT('',(-19.,-9.,188.));
#2788 = VECTOR('',#2789,1.);
#2789 = DIRECTION('',(0.,-1.,0.));
#2790 = ORIENTED_EDGE('',*,*,#2791,.F.);
#2791 = EDGE_CURVE('',#2792,#2782,#2794,.T.);
#2792 = VERTEX_POINT('',#2793);
#2793 = CARTESIAN_POINT('',(-13.,-20.70454545454,188.));
#2794 = LINE('',#2795,#2796);
#2795 = CARTESIAN_POINT('',(-9.5,-20.70454545454,188.));
#2796 = VECTOR('',#2797,1.);
#2797 = DIRECTION('',(-1.,0.,0.));
#2798 = ORIENTED_EDGE('',*,*,#2799,.F.);
#2799 = EDGE_CURVE('',#2800,#2792,#2802,.T.);
#2800 = VERTEX_POINT('',#2801);
#2801 = CARTESIAN_POINT('',(-13.,-9.,188.));
#2802 = B_SPLINE_CURVE_WITH_KNOTS('',1,(#2803,#2804),.UNSPECIFIED.,.F.,
  .F.,(2,2),(0.,1.),.PIECEWISE_BEZIER_KNOTS.);
#2803 = CARTESIAN_POINT('',(-13.,-9.,188.));
#2804 = CARTESIAN_POINT('',(-13.,-20.70454545454,188.));
#2805 = ORIENTED_EDGE('',*,*,#2806,.F.);
#2806 = EDGE_CURVE('',#2807,#2800,#2809,.T.);
#2807 = VERTEX_POINT('',#2808);
#2808 = CARTESIAN_POINT('',(13.,-9.,188.));
#2809 = LINE('',#2810,#2811);
#2810 = CARTESIAN_POINT('',(17.,-9.,188.));
#2811 = VECTOR('',#2812,1.);
#2812 = DIRECTION('',(-1.,0.,0.));
#2813 = ORIENTED_EDGE('',*,*,#2814,.F.);
#2814 = EDGE_CURVE('',#2815,#2807,#2817,.T.);
#2815 = VERTEX_POINT('',#2816);
#2816 = CARTESIAN_POINT('',(13.,-20.70454545454,188.));
#2817 = B_SPLINE_CURVE_WITH_KNOTS('',1,(#2818,#2819),.UNSPECIFIED.,.F.,
  .F.,(2,2),(0.,1.),.PIECEWISE_BEZIER_KNOTS.);
#2818 = CARTESIAN_POINT('',(13.,-20.70454545454,188.));
#2819 = CARTESIAN_POINT('',(13.,-9.,188.));
#2820 = ORIENTED_EDGE('',*,*,#2821,.F.);
#2821 = EDGE_CURVE('',#2822,#2815,#2824,.T.);
#2822 = VERTEX_POINT('',#2823);
#2823 = CARTESIAN_POINT('',(19.,-20.70454545454,188.));
#2824 = LINE('',#2825,#2826);
#2825 = CARTESIAN_POINT('',(6.5,-20.70454545454,188.));
#2826 = VECTOR('',#2827,1.);
#2827 = DIRECTION('',(-1.,0.,0.));
#2828 = ORIENTED_EDGE('',*,*,#2829,.F.);
#2829 = EDGE_CURVE('',#2830,#2822,#2832,.T.);
#2830 = VERTEX_POINT('',#2831);
#2831 = CARTESIAN_POINT('',(19.,-21.,188.));
#2832 = LINE('',#2833,#2834);
#2833 = CARTESIAN_POINT('',(19.,-21.,188.));
#2834 = VECTOR('',#2835,1.);
#2835 = DIRECTION('',(0.,1.,0.));
#2836 = ORIENTED_EDGE('',*,*,#2837,.F.);
#2837 = EDGE_CURVE('',#942,#2830,#2838,.T.);
#2838 = LINE('',#2839,#2840);
#2839 = CARTESIAN_POINT('',(13.,-21.,188.));
#2840 = VECTOR('',#2841,1.);
#2841 = DIRECTION('',(1.,0.,0.));
#2842 = ORIENTED_EDGE('',*,*,#941,.F.);
#2843 = ORIENTED_EDGE('',*,*,#2844,.F.);
#2844 = EDGE_CURVE('',#2784,#933,#2845,.T.);
#2845 = LINE('',#2846,#2847);
#2846 = CARTESIAN_POINT('',(-19.,-21.,188.));
#2847 = VECTOR('',#2848,1.);
#2848 = DIRECTION('',(1.,0.,0.));
#2849 = PLANE('',#2850);
#2850 = AXIS2_PLACEMENT_3D('',#2851,#2852,#2853);
#2851 = CARTESIAN_POINT('',(0.,-15.,188.));
#2852 = DIRECTION('',(-0.,-0.,-1.));
#2853 = DIRECTION('',(-1.,0.,0.));
#2854 = ADVANCED_FACE('',(#2855),#2933,.T.);
#2855 = FACE_BOUND('',#2856,.T.);
#2856 = EDGE_LOOP('',(#2857,#2858,#2866,#2927,#2932));
#2857 = ORIENTED_EDGE('',*,*,#1031,.F.);
#2858 = ORIENTED_EDGE('',*,*,#2859,.T.);
#2859 = EDGE_CURVE('',#1024,#2860,#2862,.T.);
#2860 = VERTEX_POINT('',#2861);
#2861 = CARTESIAN_POINT('',(41.,11.692683141952,216.));
#2862 = LINE('',#2863,#2864);
#2863 = CARTESIAN_POINT('',(41.,-14.,216.));
#2864 = VECTOR('',#2865,1.);
#2865 = DIRECTION('',(0.,1.,0.));
#2866 = ORIENTED_EDGE('',*,*,#2867,.T.);
#2867 = EDGE_CURVE('',#2860,#2868,#2870,.T.);
#2868 = VERTEX_POINT('',#2869);
#2869 = CARTESIAN_POINT('',(44.477111858877,15.793212936957,
    220.26736455407));
#2870 = B_SPLINE_CURVE_WITH_KNOTS('',7,(#2871,#2872,#2873,#2874,#2875,
    #2876,#2877,#2878,#2879,#2880,#2881,#2882,#2883,#2884,#2885,#2886,
    #2887,#2888,#2889,#2890,#2891,#2892,#2893,#2894,#2895,#2896,#2897,
    #2898,#2899,#2900,#2901,#2902,#2903,#2904,#2905,#2906,#2907,#2908,
    #2909,#2910,#2911,#2912,#2913,#2914,#2915,#2916,#2917,#2918,#2919,
    #2920,#2921,#2922,#2923,#2924,#2925,#2926),.UNSPECIFIED.,.F.,.F.,(8,
    6,6,6,6,6,6,6,6,8),(0.,0.163314190155,0.409571208752,0.512239265841,
    0.563939570297,0.667900337384,0.749926170406,0.788168452402,
    0.853734270469,1.),.UNSPECIFIED.);
#2871 = CARTESIAN_POINT('',(41.,11.692683141952,216.));
#2872 = CARTESIAN_POINT('',(41.092194389834,11.712453819383,
    216.11314766025));
#2873 = CARTESIAN_POINT('',(41.185660381572,11.734904360311,
    216.22785592283));
#2874 = CARTESIAN_POINT('',(41.28041317427,11.760204883591,
    216.34414344114));
#2875 = CARTESIAN_POINT('',(41.376456462539,11.788541693903,
    216.46201474948));
#2876 = CARTESIAN_POINT('',(41.473783210358,11.820122097052,
    216.58146121271));
#2877 = CARTESIAN_POINT('',(41.572376424887,11.855179215272,
    216.70246197599));
#2878 = CARTESIAN_POINT('',(41.82274615358,11.952478627471,
    217.00973391575));
#2879 = CARTESIAN_POINT('',(41.9759987467,12.019445362723,
    217.19781664367));
#2880 = CARTESIAN_POINT('',(42.132004878509,12.09581685182,
    217.38927871453));
#2881 = CARTESIAN_POINT('',(42.290544836032,12.182654386182,
    217.58385048058));
#2882 = CARTESIAN_POINT('',(42.451125695247,12.281125528427,
    217.78092698962));
#2883 = CARTESIAN_POINT('',(42.612964873608,12.392457300626,
    217.97954779942));
#2884 = CARTESIAN_POINT('',(42.842545914066,12.570356823297,
    218.26130634908));
#2885 = CARTESIAN_POINT('',(42.910102190252,12.62515216648,
    218.3442163244));
#2886 = CARTESIAN_POINT('',(42.977568142136,12.682478472628,
    218.42701544716));
#2887 = CARTESIAN_POINT('',(43.044824794828,12.742406160142,
    218.50955770274));
#2888 = CARTESIAN_POINT('',(43.111729695887,12.804987722459,
    218.59166826313));
#2889 = CARTESIAN_POINT('',(43.178117963081,12.870250334802,
    218.67314477287));
#2890 = CARTESIAN_POINT('',(43.276880354109,12.972399898298,
    218.79435316186));
#2891 = CARTESIAN_POINT('',(43.309778461374,13.007289033621,
    218.83472811168));
#2892 = CARTESIAN_POINT('',(43.342473286048,13.042854321981,
    218.87485357833));
#2893 = CARTESIAN_POINT('',(43.374938993847,13.079091814415,
    218.91469785608));
#2894 = CARTESIAN_POINT('',(43.407148433227,13.115994753827,
    218.95422762259));
#2895 = CARTESIAN_POINT('',(43.439073284523,13.15355317091,
    218.99340812191));
#2896 = CARTESIAN_POINT('',(43.534248553616,13.268567987919,
    219.11021413398));
#2897 = CARTESIAN_POINT('',(43.596555862462,13.347992795884,
    219.18668219484));
#2898 = CARTESIAN_POINT('',(43.657349660348,13.429898422545,
    219.26129276497));
#2899 = CARTESIAN_POINT('',(43.716378536309,13.514114772222,
    219.33373729456));
#2900 = CARTESIAN_POINT('',(43.773400665299,13.600425173261,
    219.40371899832));
#2901 = CARTESIAN_POINT('',(43.828190101698,13.6885587392,
    219.47096057935));
#2902 = CARTESIAN_POINT('',(43.921853133656,13.848893737361,
    219.58591066403));
#2903 = CARTESIAN_POINT('',(43.961652832516,13.920545392621,
    219.63475574899));
#2904 = CARTESIAN_POINT('',(43.999845872699,13.992975701197,
    219.68162902558));
#2905 = CARTESIAN_POINT('',(44.036357035777,14.066024349981,
    219.72643818027));
#2906 = CARTESIAN_POINT('',(44.071131876404,14.139531764072,
    219.76911639376));
#2907 = CARTESIAN_POINT('',(44.104134645247,14.213339840701,
    219.80961979189));
#2908 = CARTESIAN_POINT('',(44.149897743928,14.321771156014,
    219.86578359482));
#2909 = CARTESIAN_POINT('',(44.164060406985,14.356282303837,
    219.88316504493));
#2910 = CARTESIAN_POINT('',(44.177832686353,14.390811169675,
    219.90006738779));
#2911 = CARTESIAN_POINT('',(44.191213886635,14.425343436262,
    219.91648976996));
#2912 = CARTESIAN_POINT('',(44.204204131784,14.459865426024,
    219.93243234355));
#2913 = CARTESIAN_POINT('',(44.216804365097,14.494364101089,
    219.94789626625));
#2914 = CARTESIAN_POINT('',(44.249953612574,14.587913294304,
    219.98857943361));
#2915 = CARTESIAN_POINT('',(44.269749526528,14.64689472662,
    220.01287441892));
#2916 = CARTESIAN_POINT('',(44.288412716343,14.705709600979,
    220.03577924278));
#2917 = CARTESIAN_POINT('',(44.305957908738,14.76430299366,
    220.0573119789));
#2918 = CARTESIAN_POINT('',(44.322404684077,14.822626642011,
    220.07749665773));
#2919 = CARTESIAN_POINT('',(44.337776228553,14.880638769992,
    220.09636173504));
#2920 = CARTESIAN_POINT('',(44.384047615009,15.066944637874,
    220.15314934569));
#2921 = CARTESIAN_POINT('',(44.410766695411,15.193831839086,
    220.18594094436));
#2922 = CARTESIAN_POINT('',(44.432554712332,15.318616243447,
    220.21268078331));
#2923 = CARTESIAN_POINT('',(44.449749179037,15.441054537784,
    220.23378308336));
#2924 = CARTESIAN_POINT('',(44.462693472659,15.560997270663,
    220.24966926189));
#2925 = CARTESIAN_POINT('',(44.471714723587,15.678379321383,
    220.26074079713));
#2926 = CARTESIAN_POINT('',(44.477111858877,15.793212936957,
    220.26736455407));
#2927 = ORIENTED_EDGE('',*,*,#2928,.T.);
#2928 = EDGE_CURVE('',#2868,#1900,#2929,.T.);
#2929 = B_SPLINE_CURVE_WITH_KNOTS('',1,(#2930,#2931),.UNSPECIFIED.,.F.,
  .F.,(2,2),(0.,1.),.PIECEWISE_BEZIER_KNOTS.);
#2930 = CARTESIAN_POINT('',(41.,12.,216.));
#2931 = CARTESIAN_POINT('',(63.,36.,243.));
#2932 = ORIENTED_EDGE('',*,*,#1899,.F.);
#2933 = B_SPLINE_SURFACE_WITH_KNOTS('',1,1,(
    (#2934,#2935)
    ,(#2936,#2937
    )),.UNSPECIFIED.,.F.,.F.,.F.,(2,2),(2,2),(0.,48.),(0.,1.),
  .PIECEWISE_BEZIER_KNOTS.);
#2934 = CARTESIAN_POINT('',(41.,-14.,216.));
#2935 = CARTESIAN_POINT('',(63.,-12.,243.));
#2936 = CARTESIAN_POINT('',(41.,12.,216.));
#2937 = CARTESIAN_POINT('',(63.,36.,243.));
#2938 = ADVANCED_FACE('',(#2939),#2962,.T.);
#2939 = FACE_BOUND('',#2940,.T.);
#2940 = EDGE_LOOP('',(#2941,#2950,#2956,#2957));
#2941 = ORIENTED_EDGE('',*,*,#2942,.F.);
#2942 = EDGE_CURVE('',#2943,#2945,#2947,.T.);
#2943 = VERTEX_POINT('',#2944);
#2944 = CARTESIAN_POINT('',(56.,43.,243.));
#2945 = VERTEX_POINT('',#2946);
#2946 = CARTESIAN_POINT('',(53.277397260274,39.732876712329,
    245.72260273972));
#2947 = B_SPLINE_CURVE_WITH_KNOTS('',1,(#2948,#2949),.UNSPECIFIED.,.F.,
  .F.,(2,2),(0.,1.),.PIECEWISE_BEZIER_KNOTS.);
#2948 = CARTESIAN_POINT('',(56.,43.,243.));
#2949 = CARTESIAN_POINT('',(51.,37.,248.));
#2950 = ORIENTED_EDGE('',*,*,#2951,.T.);
#2951 = EDGE_CURVE('',#2943,#1047,#2952,.T.);
#2952 = LINE('',#2953,#2954);
#2953 = CARTESIAN_POINT('',(56.,43.,243.));
#2954 = VECTOR('',#2955,1.);
#2955 = DIRECTION('',(-1.,0.,0.));
#2956 = ORIENTED_EDGE('',*,*,#1046,.T.);
#2957 = ORIENTED_EDGE('',*,*,#2958,.T.);
#2958 = EDGE_CURVE('',#1049,#2945,#2959,.T.);
#2959 = B_SPLINE_CURVE_WITH_KNOTS('',1,(#2960,#2961),.UNSPECIFIED.,.F.,
  .F.,(2,2),(0.,1.),.PIECEWISE_BEZIER_KNOTS.);
#2960 = CARTESIAN_POINT('',(-53.27739726027,39.732876712329,
    245.72260273972));
#2961 = CARTESIAN_POINT('',(53.277397260274,39.732876712329,
    245.72260273972));
#2962 = B_SPLINE_SURFACE_WITH_KNOTS('',1,1,(
    (#2963,#2964)
    ,(#2965,#2966
    )),.UNSPECIFIED.,.F.,.F.,.F.,(2,2),(2,2),(0.,112.),(0.,1.),
  .PIECEWISE_BEZIER_KNOTS.);
#2963 = CARTESIAN_POINT('',(56.,43.,243.));
#2964 = CARTESIAN_POINT('',(51.,37.,248.));
#2965 = CARTESIAN_POINT('',(-56.,43.,243.));
#2966 = CARTESIAN_POINT('',(-51.,37.,248.));
#2967 = ADVANCED_FACE('',(#2968,#3156,#3327),#3498,.F.);
#2968 = FACE_BOUND('',#2969,.F.);
#2969 = EDGE_LOOP('',(#2970,#2979,#2987,#3000,#3103,#3109,#3110,#3111,
    #3112,#3113,#3114,#3124,#3131));
#2970 = ORIENTED_EDGE('',*,*,#2971,.F.);
#2971 = EDGE_CURVE('',#2972,#2974,#2976,.T.);
#2972 = VERTEX_POINT('',#2973);
#2973 = CARTESIAN_POINT('',(33.,14.,219.));
#2974 = VERTEX_POINT('',#2975);
#2975 = CARTESIAN_POINT('',(35.628376782196,17.106263469868,
    222.22573514178));
#2976 = B_SPLINE_CURVE_WITH_KNOTS('',1,(#2977,#2978),.UNSPECIFIED.,.F.,
  .F.,(2,2),(0.,1.),.PIECEWISE_BEZIER_KNOTS.);
#2977 = CARTESIAN_POINT('',(33.,14.,219.));
#2978 = CARTESIAN_POINT('',(55.,40.,246.));
#2979 = ORIENTED_EDGE('',*,*,#2980,.T.);
#2980 = EDGE_CURVE('',#2972,#2981,#2983,.T.);
#2981 = VERTEX_POINT('',#2982);
#2982 = CARTESIAN_POINT('',(3.9909715614,14.,219.));
#2983 = LINE('',#2984,#2985);
#2984 = CARTESIAN_POINT('',(33.,14.,219.));
#2985 = VECTOR('',#2986,1.);
#2986 = DIRECTION('',(-1.,0.,0.));
#2987 = ORIENTED_EDGE('',*,*,#2988,.T.);
#2988 = EDGE_CURVE('',#2981,#2989,#2991,.T.);
#2989 = VERTEX_POINT('',#2990);
#2990 = CARTESIAN_POINT('',(4.493269230769,16.,221.07692307692));
#2991 = B_SPLINE_CURVE_WITH_KNOTS('',7,(#2992,#2993,#2994,#2995,#2996,
    #2997,#2998,#2999),.UNSPECIFIED.,.F.,.F.,(8,8),(0.,1.),
  .PIECEWISE_BEZIER_KNOTS.);
#2992 = CARTESIAN_POINT('',(3.9909715614,14.,219.));
#2993 = CARTESIAN_POINT('',(4.127937686679,14.264686455964,
    219.27486670427));
#2994 = CARTESIAN_POINT('',(4.244995195509,14.541066767629,
    219.56187702792));
#2995 = CARTESIAN_POINT('',(4.340268558357,14.826262695941,
    219.8580420304));
#2996 = CARTESIAN_POINT('',(4.412828827081,15.117407071013,
    220.16038426605));
#2997 = CARTESIAN_POINT('',(4.46234908296,15.411757462413,
    220.46605582635));
#2998 = CARTESIAN_POINT('',(4.488986679608,15.706742177958,
    220.77238610787));
#2999 = CARTESIAN_POINT('',(4.493269230769,16.,221.07692307692));
#3000 = ORIENTED_EDGE('',*,*,#3001,.T.);
#3001 = EDGE_CURVE('',#2989,#3002,#3004,.T.);
#3002 = VERTEX_POINT('',#3003);
#3003 = CARTESIAN_POINT('',(-3.9909715614,14.,219.));
#3004 = B_SPLINE_CURVE_WITH_KNOTS('',7,(#3005,#3006,#3007,#3008,#3009,
    #3010,#3011,#3012,#3013,#3014,#3015,#3016,#3017,#3018,#3019,#3020,
    #3021,#3022,#3023,#3024,#3025,#3026,#3027,#3028,#3029,#3030,#3031,
    #3032,#3033,#3034,#3035,#3036,#3037,#3038,#3039,#3040,#3041,#3042,
    #3043,#3044,#3045,#3046,#3047,#3048,#3049,#3050,#3051,#3052,#3053,
    #3054,#3055,#3056,#3057,#3058,#3059,#3060,#3061,#3062,#3063,#3064,
    #3065,#3066,#3067,#3068,#3069,#3070,#3071,#3072,#3073,#3074,#3075,
    #3076,#3077,#3078,#3079,#3080,#3081,#3082,#3083,#3084,#3085,#3086,
    #3087,#3088,#3089,#3090,#3091,#3092,#3093,#3094,#3095,#3096,#3097,
    #3098,#3099,#3100,#3101,#3102),.UNSPECIFIED.,.F.,.F.,(8,6,6,6,6,6,6,
    6,6,6,6,6,6,6,6,6,8),(0.,5.086855020544E-02,8.418856141532E-02,
    0.165970266484,0.259577514195,0.305290953113,0.350487148494,
    0.43703791096,0.497052934265,0.524498224467,0.56969411644,
    0.615407254149,0.709073634332,0.791235785074,0.825003300097,
    0.875256503753,1.),.UNSPECIFIED.);
#3005 = CARTESIAN_POINT('',(4.493269230769,16.,221.07692307692));
#3006 = CARTESIAN_POINT('',(4.495011324117,16.119293965375,
    221.20080527173));
#3007 = CARTESIAN_POINT('',(4.493054693315,16.238338098537,
    221.3244280254));
#3008 = CARTESIAN_POINT('',(4.487431243784,16.356992682494,
    221.4476462472));
#3009 = CARTESIAN_POINT('',(4.478179448174,16.475127015261,
    221.57032420815));
#3010 = CARTESIAN_POINT('',(4.465342469159,16.592619082073,
    221.69233520061));
#3011 = CARTESIAN_POINT('',(4.448966282222,16.709355227605,
    221.81356119789));
#3012 = CARTESIAN_POINT('',(4.416083507704,16.901130221954,
    222.01271215356));
#3013 = CARTESIAN_POINT('',(4.40157082769,16.976660667072,222.0911476158
    ));
#3014 = CARTESIAN_POINT('',(4.385573130068,17.051791475785,222.169168071
    ));
#3015 = CARTESIAN_POINT('',(4.368103879506,17.126493935319,
    222.24674370206));
#3016 = CARTESIAN_POINT('',(4.349176633679,17.200740307891,
    222.32384570434));
#3017 = CARTESIAN_POINT('',(4.328805043267,17.274503830713,
    222.40044628574));
#3018 = CARTESIAN_POINT('',(4.253490853765,17.527557857841,
    222.66323316006));
#3019 = CARTESIAN_POINT('',(4.191363118841,17.704283646017,
    222.84675609394));
#3020 = CARTESIAN_POINT('',(4.120817893189,17.877567069699,
    223.02670426468));
#3021 = CARTESIAN_POINT('',(4.042055013788,18.047048020286,
    223.20270371337));
#3022 = CARTESIAN_POINT('',(3.955274396491,18.212374334507,
    223.37438873198));
#3023 = CARTESIAN_POINT('',(3.860674523928,18.373200837535,
    223.54140086974));
#3024 = CARTESIAN_POINT('',(3.641445926589,18.707731558875,
    223.88879815729));
#3025 = CARTESIAN_POINT('',(3.514462946807,18.879919952046,
    224.06760918097));
#3026 = CARTESIAN_POINT('',(3.377797965356,19.045244030035,
    224.23929187734));
#3027 = CARTESIAN_POINT('',(3.2317702912,19.203161506694,224.4032831031)
  );
#3028 = CARTESIAN_POINT('',(3.076734833327,19.353107181815,
    224.55899591957));
#3029 = CARTESIAN_POINT('',(2.913094363099,19.494502777643,
    224.70582980755));
#3030 = CARTESIAN_POINT('',(2.657421127461,19.691358378384,
    224.91025677755));
#3031 = CARTESIAN_POINT('',(2.571591456464,19.753770008793,
    224.97506885528));
#3032 = CARTESIAN_POINT('',(2.483878765559,19.813932750471,
    225.03754554856));
#3033 = CARTESIAN_POINT('',(2.394343762791,19.871776945964,
    225.0976145208));
#3034 = CARTESIAN_POINT('',(2.303052347929,19.927232914475,
    225.15520341118));
#3035 = CARTESIAN_POINT('',(2.210076098089,19.980231669824,
    225.2102405802));
#3036 = CARTESIAN_POINT('',(2.021979610844,20.080608498496,
    225.31447805613));
#3037 = CARTESIAN_POINT('',(1.926895388002,20.128043460694,
    225.36373743995));
#3038 = CARTESIAN_POINT('',(1.830315685636,20.172945013528,
    225.41036597558));
#3039 = CARTESIAN_POINT('',(1.732321793342,20.215249192869,
    225.45429723874));
#3040 = CARTESIAN_POINT('',(1.633001005819,20.254894467118,
    225.49546733123));
#3041 = CARTESIAN_POINT('',(1.532446939189,20.291822622382,
    225.53381580016));
#3042 = CARTESIAN_POINT('',(1.236028957662,20.391390387549,
    225.63721309476));
#3043 = CARTESIAN_POINT('',(1.037122990627,20.44664553901,
    225.69459344435));
#3044 = CARTESIAN_POINT('',(0.834772027368,20.491352973948,
    225.74102039602));
#3045 = CARTESIAN_POINT('',(0.629761778627,20.525199656313,
    225.77616887386));
#3046 = CARTESIAN_POINT('',(0.422930300293,20.547959979715,
    225.79980459431));
#3047 = CARTESIAN_POINT('',(0.215163629528,20.559510695753,
    225.81179956866));
#3048 = CARTESIAN_POINT('',(-0.136681395982,20.56008939653,
    225.81240052716));
#3049 = CARTESIAN_POINT('',(-0.280767164132,20.554936888083,
    225.80704984531));
#3050 = CARTESIAN_POINT('',(-0.424562384153,20.544393922986,
    225.79610138156));
#3051 = CARTESIAN_POINT('',(-0.567769339457,20.528486687705,
    225.77958232954));
#3052 = CARTESIAN_POINT('',(-0.710098209873,20.507266744509,
    225.75754623468));
#3053 = CARTESIAN_POINT('',(-0.85126810582,20.480809236094,
    225.73007112979));
#3054 = CARTESIAN_POINT('',(-1.054912180979,20.434761036941,
    225.68225184605));
#3055 = CARTESIAN_POINT('',(-1.118517955081,20.419235732753,
    225.66612941478));
#3056 = CARTESIAN_POINT('',(-1.181799966564,20.402644404591,
    225.64889995861));
#3057 = CARTESIAN_POINT('',(-1.244733513771,20.384997016392,
    225.63057382471));
#3058 = CARTESIAN_POINT('',(-1.307294651597,20.366304269083,
    225.61116212558));
#3059 = CARTESIAN_POINT('',(-1.369460191493,20.346577600577,
    225.59067673906));
#3060 = CARTESIAN_POINT('',(-1.532891224197,20.291661461303,
    225.53364844058));
#3061 = CARTESIAN_POINT('',(-1.633441391457,20.254722737686,
    225.49528899682));
#3062 = CARTESIAN_POINT('',(-1.732757962865,20.215067038157,
    225.45410807808));
#3063 = CARTESIAN_POINT('',(-1.830747336126,20.172752586929,
    225.41016614796));
#3064 = CARTESIAN_POINT('',(-1.927322230535,20.12784092406,
    225.36352711344));
#3065 = CARTESIAN_POINT('',(-2.022401370501,20.080396020308,
    225.3142574057));
#3066 = CARTESIAN_POINT('',(-2.210487120404,19.979999537098,
    225.20999951929));
#3067 = CARTESIAN_POINT('',(-2.303457709045,19.926991072284,
    225.15495226737));
#3068 = CARTESIAN_POINT('',(-2.394743209098,19.871525576165,
    225.09735348294));
#3069 = CARTESIAN_POINT('',(-2.4842720568,19.813672038431,
    225.03727480914));
#3070 = CARTESIAN_POINT('',(-2.571978364842,19.753500142031,
    224.97478860903));
#3071 = CARTESIAN_POINT('',(-2.657801436703,19.691079545368,
    224.90996722019));
#3072 = CARTESIAN_POINT('',(-2.913563573395,19.494112756526,
    224.70542478562));
#3073 = CARTESIAN_POINT('',(-3.07728844467,19.352603915958,
    224.55847329734));
#3074 = CARTESIAN_POINT('',(-3.232396236378,19.202535260696,
    224.40263277072));
#3075 = CARTESIAN_POINT('',(-3.378483530804,19.044486142295,
    224.23850484007));
#3076 = CARTESIAN_POINT('',(-3.515194851614,18.879022796967,
    224.06667751992));
#3077 = CARTESIAN_POINT('',(-3.642210364517,18.706688496604,
    223.88771497724));
#3078 = CARTESIAN_POINT('',(-3.861883844565,18.371246435705,
    223.53937129861));
#3079 = CARTESIAN_POINT('',(-3.956837916521,18.209616978255,
    223.37152532357));
#3080 = CARTESIAN_POINT('',(-4.043897611579,18.043449112424,
    223.19896638597));
#3081 = CARTESIAN_POINT('',(-4.122861662011,17.873092847089,
    223.02205795659));
#3082 = CARTESIAN_POINT('',(-4.193527294988,17.698905410817,
    222.84117100354));
#3083 = CARTESIAN_POINT('',(-4.255691812992,17.521252247653,
    222.6566850264));
#3084 = CARTESIAN_POINT('',(-4.331126470097,17.266224615897,
    222.39184863958));
#3085 = CARTESIAN_POINT('',(-4.351628451466,17.191420703116,
    222.31416765323));
#3086 = CARTESIAN_POINT('',(-4.370645806937,17.116123155372,
    222.23597404596));
#3087 = CARTESIAN_POINT('',(-4.388164329513,17.040359892542,
    222.15729681148));
#3088 = CARTESIAN_POINT('',(-4.404169916595,16.964159873568,
    222.07816602255));
#3089 = CARTESIAN_POINT('',(-4.418648569977,16.887553096456,
    221.99861283093));
#3090 = CARTESIAN_POINT('',(-4.450840616894,16.696004360392,
    221.79969683579));
#3091 = CARTESIAN_POINT('',(-4.466682279861,16.580606666889,
    221.67986076946));
#3092 = CARTESIAN_POINT('',(-4.47906624488,16.464479859204,
    221.55926754609));
#3093 = CARTESIAN_POINT('',(-4.487948337333,16.347733979009,
    221.43803143974));
#3094 = CARTESIAN_POINT('',(-4.493287128192,16.230487074854,
    221.31627503927));
#3095 = CARTESIAN_POINT('',(-4.495045714349,16.112865508805,
    221.19412956683));
#3096 = CARTESIAN_POINT('',(-4.488595745832,15.702437365989,
    220.76791572621));
#3097 = CARTESIAN_POINT('',(-4.461745548097,15.408178423212,
    220.46233913179));
#3098 = CARTESIAN_POINT('',(-4.412122169377,15.114574551549,
    220.15744280353));
#3099 = CARTESIAN_POINT('',(-4.339572809406,14.824180967126,
    219.85588023509));
#3100 = CARTESIAN_POINT('',(-4.244425224305,14.53972146678,
    219.56047998473));
#3101 = CARTESIAN_POINT('',(-4.127604431385,14.264042441565,
    219.27419792008));
#3102 = CARTESIAN_POINT('',(-3.9909715614,14.,219.));
#3103 = ORIENTED_EDGE('',*,*,#3104,.T.);
#3104 = EDGE_CURVE('',#3002,#1171,#3105,.T.);
#3105 = LINE('',#3106,#3107);
#3106 = CARTESIAN_POINT('',(33.,14.,219.));
#3107 = VECTOR('',#3108,1.);
#3108 = DIRECTION('',(-1.,0.,0.));
#3109 = ORIENTED_EDGE('',*,*,#1170,.T.);
#3110 = ORIENTED_EDGE('',*,*,#1450,.T.);
#3111 = ORIENTED_EDGE('',*,*,#1488,.T.);
#3112 = ORIENTED_EDGE('',*,*,#1070,.T.);
#3113 = ORIENTED_EDGE('',*,*,#2958,.T.);
#3114 = ORIENTED_EDGE('',*,*,#3115,.T.);
#3115 = EDGE_CURVE('',#2945,#3116,#3118,.T.);
#3116 = VERTEX_POINT('',#3117);
#3117 = CARTESIAN_POINT('',(54.467411545624,39.370577281192,
    245.34636871508));
#3118 = B_SPLINE_CURVE_WITH_KNOTS('',4,(#3119,#3120,#3121,#3122,#3123),
  .UNSPECIFIED.,.F.,.F.,(5,5),(0.,1.),.PIECEWISE_BEZIER_KNOTS.);
#3119 = CARTESIAN_POINT('',(53.277397260274,39.732876712329,
    245.72260273972));
#3120 = CARTESIAN_POINT('',(53.574619133225,39.642387617519,
    245.62863329511));
#3121 = CARTESIAN_POINT('',(53.872045086917,39.5518363904,
    245.53459932849));
#3122 = CARTESIAN_POINT('',(54.169650575357,39.46123050399,
    245.44050860029));
#3123 = CARTESIAN_POINT('',(54.467411545624,39.370577281192,
    245.34636871508));
#3124 = ORIENTED_EDGE('',*,*,#3125,.F.);
#3125 = EDGE_CURVE('',#3126,#3116,#3128,.T.);
#3126 = VERTEX_POINT('',#3127);
#3127 = CARTESIAN_POINT('',(38.250686675041,20.205356979594,
    225.44402455573));
#3128 = B_SPLINE_CURVE_WITH_KNOTS('',1,(#3129,#3130),.UNSPECIFIED.,.F.,
  .F.,(2,2),(0.,1.),.PIECEWISE_BEZIER_KNOTS.);
#3129 = CARTESIAN_POINT('',(33.,14.,219.));
#3130 = CARTESIAN_POINT('',(55.,40.,246.));
#3131 = ORIENTED_EDGE('',*,*,#3132,.T.);
#3132 = EDGE_CURVE('',#3126,#2974,#3133,.T.);
#3133 = B_SPLINE_CURVE_WITH_KNOTS('',6,(#3134,#3135,#3136,#3137,#3138,
    #3139,#3140,#3141,#3142,#3143,#3144,#3145,#3146,#3147,#3148,#3149,
    #3150,#3151,#3152,#3153,#3154,#3155),.UNSPECIFIED.,.F.,.F.,(7,5,5,5,
    7),(0.,0.344010539623,0.426032885726,0.579326098994,1.),
  .UNSPECIFIED.);
#3134 = CARTESIAN_POINT('',(38.250686675041,20.205356979594,
    225.44402455573));
#3135 = CARTESIAN_POINT('',(38.005302973707,20.101643705524,
    225.33632230958));
#3136 = CARTESIAN_POINT('',(37.763136222018,19.97871357513,
    225.20866409725));
#3137 = CARTESIAN_POINT('',(37.528784158989,19.837203995916,
    225.06171184191));
#3138 = CARTESIAN_POINT('',(37.306139225562,19.67906850307,
    224.89749421472));
#3139 = CARTESIAN_POINT('',(37.098363133661,19.507413634023,
    224.71923723533));
#3140 = CARTESIAN_POINT('',(36.862215918853,19.283428272871,
    224.48663705259));
#3141 = CARTESIAN_POINT('',(36.817710175813,19.239769489512,
    224.44129908526));
#3142 = CARTESIAN_POINT('',(36.774184918986,19.19562386626,
    224.39545555342));
#3143 = CARTESIAN_POINT('',(36.731655530855,19.151039044031,
    224.34915593034));
#3144 = CARTESIAN_POINT('',(36.690131925792,19.106060921067,
    224.30244787956));
#3145 = CARTESIAN_POINT('',(36.573904966234,18.976019422852,
    224.16740478526));
#3146 = CARTESIAN_POINT('',(36.501723292753,18.890085558583,
    224.07816577237));
#3147 = CARTESIAN_POINT('',(36.433105635866,18.803214280381,
    223.98795329116));
#3148 = CARTESIAN_POINT('',(36.368027708609,18.715658195771,
    223.89702966484));
#3149 = CARTESIAN_POINT('',(36.306426133441,18.627636243118,
    223.80562225246));
#3150 = CARTESIAN_POINT('',(36.088468768753,18.296996350697,
    223.4622654411));
#3151 = CARTESIAN_POINT('',(35.954444182047,18.05281202091,
    223.20868940633));
#3152 = CARTESIAN_POINT('',(35.843859999686,17.809977153017,
    222.95651473582));
#3153 = CARTESIAN_POINT('',(35.754201483684,17.57065032869,
    222.70798303364));
#3154 = CARTESIAN_POINT('',(35.683050911019,17.335994566885,
    222.46430205022));
#3155 = CARTESIAN_POINT('',(35.628376782196,17.106263469868,
    222.22573514178));
#3156 = FACE_BOUND('',#3157,.F.);
#3157 = EDGE_LOOP('',(#3158));
#3158 = ORIENTED_EDGE('',*,*,#3159,.T.);
#3159 = EDGE_CURVE('',#3160,#3160,#3162,.T.);
#3160 = VERTEX_POINT('',#3161);
#3161 = CARTESIAN_POINT('',(-15.44831730769,20.,225.23076923076));
#3162 = B_SPLINE_CURVE_WITH_KNOTS('',7,(#3163,#3164,#3165,#3166,#3167,
    #3168,#3169,#3170,#3171,#3172,#3173,#3174,#3175,#3176,#3177,#3178,
    #3179,#3180,#3181,#3182,#3183,#3184,#3185,#3186,#3187,#3188,#3189,
    #3190,#3191,#3192,#3193,#3194,#3195,#3196,#3197,#3198,#3199,#3200,
    #3201,#3202,#3203,#3204,#3205,#3206,#3207,#3208,#3209,#3210,#3211,
    #3212,#3213,#3214,#3215,#3216,#3217,#3218,#3219,#3220,#3221,#3222,
    #3223,#3224,#3225,#3226,#3227,#3228,#3229,#3230,#3231,#3232,#3233,
    #3234,#3235,#3236,#3237,#3238,#3239,#3240,#3241,#3242,#3243,#3244,
    #3245,#3246,#3247,#3248,#3249,#3250,#3251,#3252,#3253,#3254,#3255,
    #3256,#3257,#3258,#3259,#3260,#3261,#3262,#3263,#3264,#3265,#3266,
    #3267,#3268,#3269,#3270,#3271,#3272,#3273,#3274,#3275,#3276,#3277,
    #3278,#3279,#3280,#3281,#3282,#3283,#3284,#3285,#3286,#3287,#3288,
    #3289,#3290,#3291,#3292,#3293,#3294,#3295,#3296,#3297,#3298,#3299,
    #3300,#3301,#3302,#3303,#3304,#3305,#3306,#3307,#3308,#3309,#3310,
    #3311,#3312,#3313,#3314,#3315,#3316,#3317,#3318,#3319,#3320,#3321,
    #3322,#3323,#3324,#3325,#3326),.UNSPECIFIED.,.T.,.F.,(8,6,6,6,6,6,6,
    6,6,6,6,6,6,6,6,6,6,6,6,6,6,6,6,6,6,6,6,8),(0.,7.695269725242E-02,
    0.108261952916,0.125674713988,0.160307526914,0.18929198784,
    0.201930293169,0.221544222148,0.257140597699,0.299663402889,
    0.330475196845,0.409355285744,0.492901797226,0.520847682088,
    0.555250804824,0.58091291185,0.594631972356,0.621678654029,
    0.648016447562,0.661340977263,0.686363016628,0.719548960566,
    0.746162923738,0.7675393087,0.828953353908,0.905287017215,
    0.942177867001,1.),.UNSPECIFIED.);
#3163 = CARTESIAN_POINT('',(-15.44831730769,20.,225.23076923076));
#3164 = CARTESIAN_POINT('',(-15.44380534379,20.308967411002,
    225.55162000373));
#3165 = CARTESIAN_POINT('',(-15.46367758017,20.623687536197,
    225.87844474912));
#3166 = CARTESIAN_POINT('',(-15.5094997797,20.942217510976,
    226.20922587678));
#3167 = CARTESIAN_POINT('',(-15.58278312818,21.26213732088,
    226.54145029476));
#3168 = CARTESIAN_POINT('',(-15.68480276949,21.580551571173,
    226.87211124698));
#3169 = CARTESIAN_POINT('',(-15.81648191421,21.894090446344,
    227.19770930966));
#3170 = CARTESIAN_POINT('',(-16.04382371227,22.322961891097,
    227.64307580998));
#3171 = CARTESIAN_POINT('',(-16.11451558777,22.445537388075,
    227.77036574915));
#3172 = CARTESIAN_POINT('',(-16.19016203149,22.566393351191,
    227.89587001854));
#3173 = CARTESIAN_POINT('',(-16.27075177242,22.685249540437,
    228.01929759968));
#3174 = CARTESIAN_POINT('',(-16.35624666531,22.801813733098,
    228.14034503052));
#3175 = CARTESIAN_POINT('',(-16.44657581595,22.91578417144,
    228.25869894726));
#3176 = CARTESIAN_POINT('',(-16.5944942873,23.088622809546,
    228.43818522529));
#3177 = CARTESIAN_POINT('',(-16.64882030272,23.149495923255,
    228.50139961261));
#3178 = CARTESIAN_POINT('',(-16.70458865413,23.209418113348,
    228.56362650232));
#3179 = CARTESIAN_POINT('',(-16.76177677168,23.268335901651,
    228.6248103594));
#3180 = CARTESIAN_POINT('',(-16.82035825125,23.326195819356,
    228.68489565856));
#3181 = CARTESIAN_POINT('',(-16.88030249165,23.382944656386,
    228.74382714317));
#3182 = CARTESIAN_POINT('',(-17.06343990873,23.549084652669,
    228.91635713931));
#3183 = CARTESIAN_POINT('',(-17.19056769633,23.655045344523,
    229.02639324238));
#3184 = CARTESIAN_POINT('',(-17.32266819263,23.755982799203,
    229.13121290686));
#3185 = CARTESIAN_POINT('',(-17.45939757563,23.851499514373,
    229.23040334184));
#3186 = CARTESIAN_POINT('',(-17.60035469385,23.941232404255,
    229.32358749672));
#3187 = CARTESIAN_POINT('',(-17.74507530051,24.024860877076,
    229.41043244927));
#3188 = CARTESIAN_POINT('',(-18.01684251497,24.166778846373,
    229.557808802));
#3189 = CARTESIAN_POINT('',(-18.14293631238,24.226983754612,
    229.62032928363));
#3190 = CARTESIAN_POINT('',(-18.2709940505,24.282579476991,
    229.67806330302));
#3191 = CARTESIAN_POINT('',(-18.4006970063,24.333450582974,
    229.73089099001));
#3192 = CARTESIAN_POINT('',(-18.53172026078,24.379519749381,
    229.77873204743));
#3193 = CARTESIAN_POINT('',(-18.66373435324,24.420745992384,
    229.82154391516));
#3194 = CARTESIAN_POINT('',(-18.85425712671,24.472984586911,
    229.8757916864));
#3195 = CARTESIAN_POINT('',(-18.91223389766,24.487924628269,
    229.89130634474));
#3196 = CARTESIAN_POINT('',(-18.97031050965,24.501942792386,
    229.90586366901));
#3197 = CARTESIAN_POINT('',(-19.02846077452,24.51504007339,
    229.91946469159));
#3198 = CARTESIAN_POINT('',(-19.08665905478,24.52721869072,
    229.93211171728));
#3199 = CARTESIAN_POINT('',(-19.14488026355,24.538482089128,
    229.94380832332));
#3200 = CARTESIAN_POINT('',(-19.29345336459,24.564901970649,
    229.97124435413));
#3201 = CARTESIAN_POINT('',(-19.38380349502,24.57877588357,
    229.98565187909));
#3202 = CARTESIAN_POINT('',(-19.47405858835,24.590473728806,
    229.99779964145));
#3203 = CARTESIAN_POINT('',(-19.56413207952,24.600019100863,
    230.0077121432));
#3204 = CARTESIAN_POINT('',(-19.65394255231,24.607441148838,
    230.01541965456));
#3205 = CARTESIAN_POINT('',(-19.74341378567,24.612773587865,
    230.02095718739));
#3206 = CARTESIAN_POINT('',(-19.99410734768,24.622006647387,
    230.03054536459));
#3207 = CARTESIAN_POINT('',(-20.15438642703,24.621199555642,
    230.02970723085));
#3208 = CARTESIAN_POINT('',(-20.31289470993,24.613857378867,
    230.02208266267));
#3209 = CARTESIAN_POINT('',(-20.4692771791,24.60024053245,
    230.00794209139));
#3210 = CARTESIAN_POINT('',(-20.62323745081,24.580630527457,
    229.98757785543));
#3211 = CARTESIAN_POINT('',(-20.77453409742,24.555315594454,
    229.96128927116));
#3212 = CARTESIAN_POINT('',(-21.10030421931,24.487855694692,
    229.89123475987));
#3213 = CARTESIAN_POINT('',(-21.2735482101,24.443396860824,
    229.84506597085));
#3214 = CARTESIAN_POINT('',(-21.44240093926,24.391678670836,
    229.79135861971));
#3215 = CARTESIAN_POINT('',(-21.60662764498,24.333168797165,
    229.73059836628));
#3216 = CARTESIAN_POINT('',(-21.76605826616,24.268311998691,
    229.66324707556));
#3217 = CARTESIAN_POINT('',(-21.92057890159,24.197518399854,
    229.589730646));
#3218 = CARTESIAN_POINT('',(-22.17848230677,24.06581692389,
    229.45296372865));
#3219 = CARTESIAN_POINT('',(-22.2842240849,24.00755840799,229.3924645006
    ));
#3220 = CARTESIAN_POINT('',(-22.38732122163,23.946516358683,
    229.32907468017));
#3221 = CARTESIAN_POINT('',(-22.48775303544,23.882822294025,
    229.26293084379));
#3222 = CARTESIAN_POINT('',(-22.58550478082,23.816598617619,
    229.19416010291));
#3223 = CARTESIAN_POINT('',(-22.6805668837,23.74795812271,
    229.12287958896));
#3224 = CARTESIAN_POINT('',(-23.00940013266,23.495355285639,
    228.86056125816));
#3225 = CARTESIAN_POINT('',(-23.22812359626,23.298602907601,
    228.65624148097));
#3226 = CARTESIAN_POINT('',(-23.4291397286,23.088406328746,
    228.43796041831));
#3227 = CARTESIAN_POINT('',(-23.61238505638,22.866134187234,
    228.20713934828));
#3228 = CARTESIAN_POINT('',(-23.77776068193,22.632928563743,
    227.96496427773));
#3229 = CARTESIAN_POINT('',(-23.92510975348,22.389703198248,
    227.71238409048));
#3230 = CARTESIAN_POINT('',(-24.19074004393,21.869502027363,
    227.17217518226));
#3231 = CARTESIAN_POINT('',(-24.30668936556,21.591571070812,
    226.88355457353));
#3232 = CARTESIAN_POINT('',(-24.40166550359,21.303957603347,
    226.58487904963));
#3233 = CARTESIAN_POINT('',(-24.47495107671,21.007320562896,
    226.27683289223));
#3234 = CARTESIAN_POINT('',(-24.52548556869,20.702341695973,
    225.96012406889));
#3235 = CARTESIAN_POINT('',(-24.55191622696,20.389734180636,
    225.63549318758));
#3236 = CARTESIAN_POINT('',(-24.55225050099,19.963119497383,
    225.19247024728));
#3237 = CARTESIAN_POINT('',(-24.54940503784,19.855415893383,
    225.08062419697));
#3238 = CARTESIAN_POINT('',(-24.54355425281,19.746971104005,
    224.96800845415));
#3239 = CARTESIAN_POINT('',(-24.53461474975,19.63782310786,
    224.85466245816));
#3240 = CARTESIAN_POINT('',(-24.52249579906,19.528017530428,
    224.74063358929));
#3241 = CARTESIAN_POINT('',(-24.50709932831,19.417607552517,
    224.62597707376));
#3242 = CARTESIAN_POINT('',(-24.46520128447,19.170062870156,
    224.36891144208));
#3243 = CARTESIAN_POINT('',(-24.43695770577,19.032659960601,
    224.22622380524));
#3244 = CARTESIAN_POINT('',(-24.40339230604,18.894549672599,
    224.08280158308));
#3245 = CARTESIAN_POINT('',(-24.36429334358,18.755882785934,
    223.93880135462));
#3246 = CARTESIAN_POINT('',(-24.31944252687,18.616856812111,
    223.79442822796));
#3247 = CARTESIAN_POINT('',(-24.26862333557,18.477716528838,
    223.64993639533));
#3248 = CARTESIAN_POINT('',(-24.16911616665,18.23509944482,223.397987885
    ));
#3249 = CARTESIAN_POINT('',(-24.12317053798,18.131551742148,
    223.29045757838));
#3250 = CARTESIAN_POINT('',(-24.07371072468,18.028238465916,
    223.1831707146));
#3251 = CARTESIAN_POINT('',(-24.02066346339,17.925314059096,
    223.07628767675));
#3252 = CARTESIAN_POINT('',(-23.9639716116,17.822959157499,
    222.96999604817));
#3253 = CARTESIAN_POINT('',(-23.903601801,17.721379399082,
    222.86450937597));
#3254 = CARTESIAN_POINT('',(-23.80531087104,17.567036365165,
    222.70423007151));
#3255 = CARTESIAN_POINT('',(-23.77001842479,17.51355631194,
    222.64869309316));
#3256 = CARTESIAN_POINT('',(-23.73367511753,17.460399861009,
    222.59349216335));
#3257 = CARTESIAN_POINT('',(-23.69628409609,17.407604769301,
    222.53866649119));
#3258 = CARTESIAN_POINT('',(-23.65785176736,17.355210571898,
    222.48425713235));
#3259 = CARTESIAN_POINT('',(-23.61838827693,17.303258390685,
    222.43030679032));
#3260 = CARTESIAN_POINT('',(-23.49810241365,17.150323949206,
    222.27149025494));
#3261 = CARTESIAN_POINT('',(-23.41433243768,17.050724846982,
    222.16806041802));
#3262 = CARTESIAN_POINT('',(-23.3267234769,16.953341219124,
    222.06693126601));
#3263 = CARTESIAN_POINT('',(-23.2354487973,16.858514304001,
    221.96845716184));
#3264 = CARTESIAN_POINT('',(-23.14073573887,16.766572349277,
    221.87297897809));
#3265 = CARTESIAN_POINT('',(-23.04287194094,16.677824165628,
    221.78081740276));
#3266 = CARTESIAN_POINT('',(-22.84418948215,16.509516143941,
    221.60603599563));
#3267 = CARTESIAN_POINT('',(-22.74349661221,16.429760503645,
    221.5232128307));
#3268 = CARTESIAN_POINT('',(-22.64045749915,16.353546830713,
    221.44406786266));
#3269 = CARTESIAN_POINT('',(-22.53540467777,16.281070036236,
    221.36880349916));
#3270 = CARTESIAN_POINT('',(-22.42867409268,16.212466836142,
    221.29756171445));
#3271 = CARTESIAN_POINT('',(-22.32060051477,16.147823716082,
    221.23043232054));
#3272 = CARTESIAN_POINT('',(-22.15632456888,16.056507164945,
    221.13560359436));
#3273 = CARTESIAN_POINT('',(-22.1008726813,16.026852048643,
    221.10480789666));
#3274 = CARTESIAN_POINT('',(-22.04519718868,15.998223937662,
    221.07507870449));
#3275 = CARTESIAN_POINT('',(-21.98933594241,15.970623800421,
    221.04641702351));
#3276 = CARTESIAN_POINT('',(-21.93332469576,15.944049644316,
    221.01882078448));
#3277 = CARTESIAN_POINT('',(-21.87719704786,15.918496976529,
    220.99228532178));
#3278 = CARTESIAN_POINT('',(-21.71542303427,15.847880070931,
    220.91895238135));
#3279 = CARTESIAN_POINT('',(-21.60956401561,15.805381182809,
    220.8748189206));
#3280 = CARTESIAN_POINT('',(-21.50361074315,15.766416279903,
    220.83435536759));
#3281 = CARTESIAN_POINT('',(-21.39773925617,15.73091570091,
    220.79748938171));
#3282 = CARTESIAN_POINT('',(-21.2920989659,15.698793379698,
    220.76413158661));
#3283 = CARTESIAN_POINT('',(-21.18681339947,15.669953781209,
    220.73418277279));
#3284 = CARTESIAN_POINT('',(-20.94294495448,15.610273492096,
    220.67220708794));
#3285 = CARTESIAN_POINT('',(-20.80471800616,15.581852656216,
    220.64269314299));
#3286 = CARTESIAN_POINT('',(-20.66751686118,15.55880113485,
    220.61875502465));
#3287 = CARTESIAN_POINT('',(-20.53151419482,15.540884222847,
    220.60014900064));
#3288 = CARTESIAN_POINT('',(-20.39684114903,15.527874282519,
    220.586638678));
#3289 = CARTESIAN_POINT('',(-20.26358988614,15.519557321375,
    220.57800183373));
#3290 = CARTESIAN_POINT('',(-20.02613822188,15.512677867056,
    220.57085778502));
#3291 = CARTESIAN_POINT('',(-19.9214170885,15.512509880096,
    220.57068333702));
#3292 = CARTESIAN_POINT('',(-19.81768506285,15.515135311994,
    220.57340974707));
#3293 = CARTESIAN_POINT('',(-19.71496927016,15.520461292677,
    220.57894057316));
#3294 = CARTESIAN_POINT('',(-19.61329164065,15.528402378999,
    220.58718708588));
#3295 = CARTESIAN_POINT('',(-19.51266890946,15.538880554733,
    220.59806826837));
#3296 = CARTESIAN_POINT('',(-19.33314881625,15.562222418409,
    220.62230789604));
#3297 = CARTESIAN_POINT('',(-19.25387428258,15.574210567474,
    220.63475712776));
#3298 = CARTESIAN_POINT('',(-19.17529585544,15.587753096996,
    220.6488205238));
#3299 = CARTESIAN_POINT('',(-19.09741992204,15.602815955107,
    220.66446272261));
#3300 = CARTESIAN_POINT('',(-19.02025241697,15.619367618847,
    220.6816509888));
#3301 = CARTESIAN_POINT('',(-18.94379882225,15.637379094165,
    220.70035521317));
#3302 = CARTESIAN_POINT('',(-18.65047959762,15.712688607926,
    220.77856124669));
#3303 = CARTESIAN_POINT('',(-18.43885777005,15.780376035176,
    220.84885203652));
#3304 = CARTESIAN_POINT('',(-18.23327415477,15.859261507589,
    220.93077156557));
#3305 = CARTESIAN_POINT('',(-18.03387984732,15.94886421771,
    221.02382053377));
#3306 = CARTESIAN_POINT('',(-17.84086639142,16.048795583661,
    221.1275954138));
#3307 = CARTESIAN_POINT('',(-17.6544516759,16.158739383057,
    221.24176782086));
#3308 = CARTESIAN_POINT('',(-17.25169957632,16.42727318849,
    221.52062984958));
#3309 = CARTESIAN_POINT('',(-17.03915980391,16.591148228152,
    221.69080777538));
#3310 = CARTESIAN_POINT('',(-16.83775375432,16.769617277801,
    221.87614101925));
#3311 = CARTESIAN_POINT('',(-16.64820262506,16.962279445443,
    222.07621327026));
#3312 = CARTESIAN_POINT('',(-16.47139508713,17.168727939433,
    222.29060209094));
#3313 = CARTESIAN_POINT('',(-16.30835650238,17.388507717242,
    222.51883493713));
#3314 = CARTESIAN_POINT('',(-16.08867976697,17.733519006685,
    222.87711589155));
#3315 = CARTESIAN_POINT('',(-16.02059878208,17.848916299447,
    222.99695154173));
#3316 = CARTESIAN_POINT('',(-15.95614634528,17.967235079927,
    223.11982104453));
#3317 = CARTESIAN_POINT('',(-15.89546614689,18.088402521341,
    223.24564877216));
#3318 = CARTESIAN_POINT('',(-15.83870985157,18.212335906225,
    223.37434882569));
#3319 = CARTESIAN_POINT('',(-15.78603576585,18.338941454444,
    223.50582381807));
#3320 = CARTESIAN_POINT('',(-15.66170181862,18.670574820485,
    223.85021231358));
#3321 = CARTESIAN_POINT('',(-15.59622818348,18.879337193134,
    224.06700400825));
#3322 = CARTESIAN_POINT('',(-15.54181596404,19.093992610443,
    224.28991540315));
#3323 = CARTESIAN_POINT('',(-15.49913394125,19.314042301528,
    224.51842854389));
#3324 = CARTESIAN_POINT('',(-15.4688692678,19.53888585733,
    224.75191992876));
#3325 = CARTESIAN_POINT('',(-15.4517080144,19.767813336052,
    224.98965231051));
#3326 = CARTESIAN_POINT('',(-15.44831730769,20.,225.23076923076));
#3327 = FACE_BOUND('',#3328,.F.);
#3328 = EDGE_LOOP('',(#3329));
#3329 = ORIENTED_EDGE('',*,*,#3330,.T.);
#3330 = EDGE_CURVE('',#3331,#3331,#3333,.T.);
#3331 = VERTEX_POINT('',#3332);
#3332 = CARTESIAN_POINT('',(24.551682692308,20.,225.23076923076));
#3333 = B_SPLINE_CURVE_WITH_KNOTS('',7,(#3334,#3335,#3336,#3337,#3338,
    #3339,#3340,#3341,#3342,#3343,#3344,#3345,#3346,#3347,#3348,#3349,
    #3350,#3351,#3352,#3353,#3354,#3355,#3356,#3357,#3358,#3359,#3360,
    #3361,#3362,#3363,#3364,#3365,#3366,#3367,#3368,#3369,#3370,#3371,
    #3372,#3373,#3374,#3375,#3376,#3377,#3378,#3379,#3380,#3381,#3382,
    #3383,#3384,#3385,#3386,#3387,#3388,#3389,#3390,#3391,#3392,#3393,
    #3394,#3395,#3396,#3397,#3398,#3399,#3400,#3401,#3402,#3403,#3404,
    #3405,#3406,#3407,#3408,#3409,#3410,#3411,#3412,#3413,#3414,#3415,
    #3416,#3417,#3418,#3419,#3420,#3421,#3422,#3423,#3424,#3425,#3426,
    #3427,#3428,#3429,#3430,#3431,#3432,#3433,#3434,#3435,#3436,#3437,
    #3438,#3439,#3440,#3441,#3442,#3443,#3444,#3445,#3446,#3447,#3448,
    #3449,#3450,#3451,#3452,#3453,#3454,#3455,#3456,#3457,#3458,#3459,
    #3460,#3461,#3462,#3463,#3464,#3465,#3466,#3467,#3468,#3469,#3470,
    #3471,#3472,#3473,#3474,#3475,#3476,#3477,#3478,#3479,#3480,#3481,
    #3482,#3483,#3484,#3485,#3486,#3487,#3488,#3489,#3490,#3491,#3492,
    #3493,#3494,#3495,#3496,#3497),.UNSPECIFIED.,.T.,.F.,(8,6,6,6,6,6,6,
    6,6,6,6,6,6,6,6,6,6,6,6,6,6,6,6,6,6,6,6,8),(0.,8.609361844142E-02,
    0.16450087585,0.195891443322,0.238408687514,0.274000502864,
    0.293612251124,0.306249353722,0.335231782564,0.365317972084,
    0.379631448483,0.404398285079,0.456697273204,0.527266196035,
    0.573367560443,0.603022516243,0.666421301561,0.727840054972,
    0.749219735519,0.7758389395,0.809032614036,0.834060295655,
    0.847387216422,0.873684544822,0.898724306456,0.911118638801,
    0.932968863711,1.),.UNSPECIFIED.);
#3334 = CARTESIAN_POINT('',(24.551682692308,20.,225.23076923076));
#3335 = CARTESIAN_POINT('',(24.556512974887,20.330765037069,
    225.57425600003));
#3336 = CARTESIAN_POINT('',(24.533193849154,20.6541454388,
    225.91007410952));
#3337 = CARTESIAN_POINT('',(24.484089397957,20.969523362563,
    226.23758195343));
#3338 = CARTESIAN_POINT('',(24.410713330635,21.276101363191,
    226.55595141562));
#3339 = CARTESIAN_POINT('',(24.314258014242,21.57313212428,
    226.86440643675));
#3340 = CARTESIAN_POINT('',(24.195522293674,21.859904567158,
    227.16220858897));
#3341 = CARTESIAN_POINT('',(23.92666605389,22.386865636569,
    227.70943739182));
#3342 = CARTESIAN_POINT('',(23.780385189632,22.62874749331,
    227.96062239689));
#3343 = CARTESIAN_POINT('',(23.616288718433,22.860734884018,
    228.20153237955));
#3344 = CARTESIAN_POINT('',(23.434532574581,23.081932315554,
    228.43123740461));
#3345 = CARTESIAN_POINT('',(23.235214963268,23.291221809181,
    228.64857649414));
#3346 = CARTESIAN_POINT('',(23.018398133067,23.487264724106,
    228.85215952118));
#3347 = CARTESIAN_POINT('',(22.69022420474,23.740973201867,
    229.11562601732));
#3348 = CARTESIAN_POINT('',(22.593603354407,23.811114109442,
    229.18846465211));
#3349 = CARTESIAN_POINT('',(22.494189916524,23.87875420152,
    229.25870628619));
#3350 = CARTESIAN_POINT('',(22.391993789899,23.943774668976,
    229.32622754085));
#3351 = CARTESIAN_POINT('',(22.287030384719,24.006046357791,
    229.39089429462));
#3352 = CARTESIAN_POINT('',(22.17932145679,24.065430306747,
    229.45256224162));
#3353 = CARTESIAN_POINT('',(21.919329082506,24.198099325114,
    229.59033391454));
#3354 = CARTESIAN_POINT('',(21.764787245913,24.268846096228,
    229.66380171531));
#3355 = CARTESIAN_POINT('',(21.605336856833,24.333654753415,
    229.73110301316));
#3356 = CARTESIAN_POINT('',(21.441092002422,24.392115111069,
    229.79181184611));
#3357 = CARTESIAN_POINT('',(21.272222975652,24.443782378996,
    229.84546631664));
#3358 = CARTESIAN_POINT('',(21.09896481881,24.488188898392,
    229.89158077909));
#3359 = CARTESIAN_POINT('',(20.773172801745,24.555550349826,
    229.96153305558));
#3360 = CARTESIAN_POINT('',(20.621867665227,24.580819519024,
    229.9877741159));
#3361 = CARTESIAN_POINT('',(20.46790081365,24.600382853687,
    230.00808988652));
#3362 = CARTESIAN_POINT('',(20.311513892866,24.613952206691,
    230.02218113771));
#3363 = CARTESIAN_POINT('',(20.153003510152,24.621246198017,
    230.02975566717));
#3364 = CARTESIAN_POINT('',(19.992724905987,24.622004597261,
    230.03054323561));
#3365 = CARTESIAN_POINT('',(19.742034904341,24.612695553159,
    230.02087615135));
#3366 = CARTESIAN_POINT('',(19.652564794566,24.607335935046,
    230.01531039408));
#3367 = CARTESIAN_POINT('',(19.562756314505,24.599886598449,
    230.00757454454));
#3368 = CARTESIAN_POINT('',(19.472685719801,24.590313872994,
    229.99763363734));
#3369 = CARTESIAN_POINT('',(19.382434456917,24.578588659449,
    229.98545745404));
#3370 = CARTESIAN_POINT('',(19.292089116314,24.5646874179,
    229.97102154935));
#3371 = CARTESIAN_POINT('',(19.143524569518,24.538222594499,
    229.94353884813));
#3372 = CARTESIAN_POINT('',(19.085306551923,24.526941495811,
    229.93182386103));
#3373 = CARTESIAN_POINT('',(19.027111875421,24.514745205401,
    229.91915848253));
#3374 = CARTESIAN_POINT('',(18.968965631896,24.501630294593,
    229.90553915207));
#3375 = CARTESIAN_POINT('',(18.910893462537,24.487594560493,
    229.89096358205));
#3376 = CARTESIAN_POINT('',(18.852921557843,24.472637025989,
    229.87543075775));
#3377 = CARTESIAN_POINT('',(18.662412885074,24.420340217918,
    229.82112253399));
#3378 = CARTESIAN_POINT('',(18.530409869376,24.379073410725,
    229.7782685419));
#3379 = CARTESIAN_POINT('',(18.39939999479,24.332964143495,
    229.73038584132));
#3380 = CARTESIAN_POINT('',(18.269712711871,24.282053616943,
    229.67751721759));
#3381 = CARTESIAN_POINT('',(18.141672885955,24.226419366018,
    229.61974318778));
#3382 = CARTESIAN_POINT('',(18.015599145653,24.166177018755,
    229.55718382716));
#3383 = CARTESIAN_POINT('',(17.763290661584,24.0343232622,
    229.42025877228));
#3384 = CARTESIAN_POINT('',(17.637220196744,23.96235966174,
    229.34552734103));
#3385 = CARTESIAN_POINT('',(17.513938301136,23.885764430954,
    229.26598613983));
#3386 = CARTESIAN_POINT('',(17.393754752576,23.804741438666,
    229.18184687861));
#3387 = CARTESIAN_POINT('',(17.27694407329,23.719521356125,
    229.09334910059));
#3388 = CARTESIAN_POINT('',(17.163747960812,23.630357767815,
    229.0007561435));
#3389 = CARTESIAN_POINT('',(17.002344929042,23.49335736298,
    228.85848649232));
#3390 = CARTESIAN_POINT('',(16.951176902056,23.44835952584,
    228.81175796914));
#3391 = CARTESIAN_POINT('',(16.90089545429,23.402558550452,
    228.76419541777));
#3392 = CARTESIAN_POINT('',(16.851520494766,23.355983499284,
    228.71582901848));
#3393 = CARTESIAN_POINT('',(16.803070025165,23.308663717667,
    228.66668924526));
#3394 = CARTESIAN_POINT('',(16.755560139828,23.260628833795,
    228.61680686586));
#3395 = CARTESIAN_POINT('',(16.628449969063,23.12760763547,
    228.4786694676));
#3396 = CARTESIAN_POINT('',(16.550753325226,23.041254462803,
    228.38899501906));
#3397 = CARTESIAN_POINT('',(16.475989132085,22.953003533178,
    228.29734982291));
#3398 = CARTESIAN_POINT('',(16.40421438531,22.863008086831,
    228.20389301324));
#3399 = CARTESIAN_POINT('',(16.335471077601,22.771419247087,
    228.10878152582));
#3400 = CARTESIAN_POINT('',(16.269788237875,22.678384955664,
    228.01216899242));
#3401 = CARTESIAN_POINT('',(16.074985422392,22.38484382102,
    227.70733781413));
#3402 = CARTESIAN_POINT('',(15.956521878442,22.17984522954,
    227.49445466144));
#3403 = CARTESIAN_POINT('',(15.851943725213,21.970386427787,
    227.27693975193));
#3404 = CARTESIAN_POINT('',(15.761188361977,21.757709647966,
    227.05608309596));
#3405 = CARTESIAN_POINT('',(15.684046622597,21.542951577295,
    226.83306509949));
#3406 = CARTESIAN_POINT('',(15.620209968133,21.327134282657,
    226.60894713968));
#3407 = CARTESIAN_POINT('',(15.500601691121,20.819741686397,
    226.08203944356));
#3408 = CARTESIAN_POINT('',(15.45544666346,20.528074140383,
    225.77915391501));
#3409 = CARTESIAN_POINT('',(15.432880086276,20.238331395991,
    225.47826721891));
#3410 = CARTESIAN_POINT('',(15.431772670461,19.952388446641,
    225.18132646381));
#3411 = CARTESIAN_POINT('',(15.450892460199,19.671828196608,
    224.88997543493));
#3412 = CARTESIAN_POINT('',(15.488976542442,19.397953469039,
    224.605567064));
#3413 = CARTESIAN_POINT('',(15.581270285167,18.957936170708,
    224.14862602342));
#3414 = CARTESIAN_POINT('',(15.625309851297,18.787368326745,
    223.97149787777));
#3415 = CARTESIAN_POINT('',(15.676578209414,18.620392974815,
    223.79810039692));
#3416 = CARTESIAN_POINT('',(15.73473891175,18.457262427095,
    223.62869559736));
#3417 = CARTESIAN_POINT('',(15.799465689649,18.298193700871,
    223.46350884321));
#3418 = CARTESIAN_POINT('',(15.870447467113,18.143371804805,
    223.30273225883));
#3419 = CARTESIAN_POINT('',(15.996889251673,17.896195319282,
    223.0460489854));
#3420 = CARTESIAN_POINT('',(16.048852648195,17.801260160102,
    222.94746247395));
#3421 = CARTESIAN_POINT('',(16.103206054469,17.708189364379,
    222.85081203224));
#3422 = CARTESIAN_POINT('',(16.159874888374,17.617020890107,
    222.75613707818));
#3423 = CARTESIAN_POINT('',(16.21878787799,17.527789234812,
    222.66347343615));
#3424 = CARTESIAN_POINT('',(16.279877444477,17.440525833808,
    222.57285375049));
#3425 = CARTESIAN_POINT('',(16.478199849154,17.172970040672,
    222.29500734992));
#3426 = CARTESIAN_POINT('',(16.622965807842,16.999824043305,
    222.11520189112));
#3427 = CARTESIAN_POINT('',(16.776768853805,16.836080204733,
    221.9451602126));
#3428 = CARTESIAN_POINT('',(16.939068459385,16.681982578859,
    221.78513575496));
#3429 = CARTESIAN_POINT('',(17.109391546316,16.537764952261,
    221.63537129657));
#3430 = CARTESIAN_POINT('',(17.287344027199,16.403667557761,
    221.49611630998));
#3431 = CARTESIAN_POINT('',(17.652139115684,16.160127979501,
    221.24320982486));
#3432 = CARTESIAN_POINT('',(17.83849676612,16.050069453349,
    221.12891827847));
#3433 = CARTESIAN_POINT('',(18.031456203135,15.950022207709,
    221.02502306185));
#3434 = CARTESIAN_POINT('',(18.230799090065,15.860302056239,
    220.93185213532));
#3435 = CARTESIAN_POINT('',(18.436333555657,15.78129703604,
    220.8498084605));
#3436 = CARTESIAN_POINT('',(18.647908290725,15.713487261185,
    220.77939061738));
#3437 = CARTESIAN_POINT('',(18.941172512551,15.638006311573,
    220.70100655432));
#3438 = CARTESIAN_POINT('',(19.017616611423,15.619949225376,
    220.68225496481));
#3439 = CARTESIAN_POINT('',(19.094774970173,15.603351693289,
    220.6650190661));
#3440 = CARTESIAN_POINT('',(19.172642108149,15.588242676265,
    220.64932893304));
#3441 = CARTESIAN_POINT('',(19.251212096686,15.574653662575,
    220.63521726498));
#3442 = CARTESIAN_POINT('',(19.3304785591,15.562618667808,220.6227193858
    ));
#3443 = CARTESIAN_POINT('',(19.509985645705,15.539170182253,
    220.59836903541));
#3444 = CARTESIAN_POINT('',(19.610603746649,15.52863222381,
    220.58742577088));
#3445 = CARTESIAN_POINT('',(19.712277458238,15.520630881533,
    220.57911668466));
#3446 = CARTESIAN_POINT('',(19.814990090277,15.515244107618,
    220.57352272714));
#3447 = CARTESIAN_POINT('',(19.918719777662,15.512557284465,
    220.57073256463));
#3448 = CARTESIAN_POINT('',(20.023439480382,15.51266322468,
    220.57084257947));
#3449 = CARTESIAN_POINT('',(20.260894952806,15.51940180396,
    220.57784033488));
#3450 = CARTESIAN_POINT('',(20.394152126572,15.527639874229,
    220.586395254));
#3451 = CARTESIAN_POINT('',(20.528832978045,15.540570075538,
    220.59982277075));
#3452 = CARTESIAN_POINT('',(20.664845626947,15.558406353597,
    220.6183450595));
#3453 = CARTESIAN_POINT('',(20.802059292839,15.5813763624,
    220.64219853018));
#3454 = CARTESIAN_POINT('',(20.940301748463,15.609714920441,
    220.67162703276));
#3455 = CARTESIAN_POINT('',(21.184202799697,15.669249790144,
    220.73345170515));
#3456 = CARTESIAN_POINT('',(21.28950392642,15.698026426767,
    220.76333513548));
#3457 = CARTESIAN_POINT('',(21.395162019432,15.730085558407,
    220.79662731065));
#3458 = CARTESIAN_POINT('',(21.50105381837,15.765522883734,
    220.83342761003));
#3459 = CARTESIAN_POINT('',(21.607030187207,15.804424695437,
    220.87382564526));
#3460 = CARTESIAN_POINT('',(21.712915365124,15.846860957162,
    220.91789407089));
#3461 = CARTESIAN_POINT('',(21.874731997432,15.917382070559,
    220.99112753481));
#3462 = CARTESIAN_POINT('',(21.930873716101,15.942900864788,
    221.01762782112));
#3463 = CARTESIAN_POINT('',(21.986900028696,15.969441353254,
    221.04518909761));
#3464 = CARTESIAN_POINT('',(22.042777376053,15.997008092317,
    221.07381609586));
#3465 = CARTESIAN_POINT('',(22.098470039925,16.025603143594,
    221.1035109568));
#3466 = CARTESIAN_POINT('',(22.153940198372,16.05522561297,
    221.13427275193));
#3467 = CARTESIAN_POINT('',(22.318086663945,16.146342532281,
    221.22889416813));
#3468 = CARTESIAN_POINT('',(22.426018946951,16.210806199486,
    221.29583720715));
#3469 = CARTESIAN_POINT('',(22.53261795075,16.279218936267,
    221.36688120304));
#3470 = CARTESIAN_POINT('',(22.637550757435,16.351495499452,
    221.44193763404));
#3471 = CARTESIAN_POINT('',(22.740482983411,16.427500688699,
    221.5208660998));
#3472 = CARTESIAN_POINT('',(22.841083352193,16.507041377556,
    221.60346604592));
#3473 = CARTESIAN_POINT('',(23.032289350168,16.668715304745,
    221.77135820108));
#3474 = CARTESIAN_POINT('',(23.123158596992,16.750555851228,
    221.85634646089));
#3475 = CARTESIAN_POINT('',(23.211356365181,16.835157881628,
    221.94420241553));
#3476 = CARTESIAN_POINT('',(23.296650280187,16.922279037225,
    222.03467438481));
#3477 = CARTESIAN_POINT('',(23.378851370629,17.011661102951,
    222.12749422229));
#3478 = CARTESIAN_POINT('',(23.457810203498,17.103034207428,
    222.22238167694));
#3479 = CARTESIAN_POINT('',(23.570835357477,17.242197696813,
    222.36689760822));
#3480 = CARTESIAN_POINT('',(23.607437595231,17.288696871572,
    222.41518521278));
#3481 = CARTESIAN_POINT('',(23.643207261859,17.33558674247,
    222.46387854025));
#3482 = CARTESIAN_POINT('',(23.67813479509,17.382836285118,222.512945373
    ));
#3483 = CARTESIAN_POINT('',(23.712213255021,17.43041538379,
    222.56235443701));
#3484 = CARTESIAN_POINT('',(23.745438037982,17.478294959653,
    222.61207553502));
#3485 = CARTESIAN_POINT('',(23.834869781106,17.611335501652,
    222.75023302094));
#3486 = CARTESIAN_POINT('',(23.889271391323,17.697070356776,
    222.83926537049));
#3487 = CARTESIAN_POINT('',(23.940999168625,17.783500545942,
    222.9290197977));
#3488 = CARTESIAN_POINT('',(23.990060529794,17.870487463434,
    223.01935236587));
#3489 = CARTESIAN_POINT('',(24.036478561211,17.957905852266,
    223.11013300043));
#3490 = CARTESIAN_POINT('',(24.080288019255,18.045644640192,
    223.20124635712));
#3491 = CARTESIAN_POINT('',(24.248055704797,18.403457122812,
    223.5728208583));
#3492 = CARTESIAN_POINT('',(24.350275050309,18.675086258831,
    223.85489726878));
#3493 = CARTESIAN_POINT('',(24.429780612396,18.946249871944,
    224.13649025163));
#3494 = CARTESIAN_POINT('',(24.488198820128,19.215243954881,
    224.41583026083));
#3495 = CARTESIAN_POINT('',(24.527111028868,19.48089227821,
    224.69169582737));
#3496 = CARTESIAN_POINT('',(24.547922796327,19.742532226881,
    224.96339885099));
#3497 = CARTESIAN_POINT('',(24.551682692308,20.,225.23076923076));
#3498 = B_SPLINE_SURFACE_WITH_KNOTS('',1,1,(
    (#3499,#3500)
    ,(#3501,#3502
    )),.UNSPECIFIED.,.F.,.F.,.F.,(2,2),(2,2),(0.,110.),(0.,1.),
  .PIECEWISE_BEZIER_KNOTS.);
#3499 = CARTESIAN_POINT('',(33.,14.,219.));
#3500 = CARTESIAN_POINT('',(55.,40.,246.));
#3501 = CARTESIAN_POINT('',(-33.,14.,219.));
#3502 = CARTESIAN_POINT('',(-55.,40.,246.));
#3503 = ADVANCED_FACE('',(#3504),#3514,.T.);
#3504 = FACE_BOUND('',#3505,.T.);
#3505 = EDGE_LOOP('',(#3506,#3511,#3512,#3513));
#3506 = ORIENTED_EDGE('',*,*,#3507,.F.);
#3507 = EDGE_CURVE('',#1272,#1047,#3508,.T.);
#3508 = B_SPLINE_CURVE_WITH_KNOTS('',1,(#3509,#3510),.UNSPECIFIED.,.F.,
  .F.,(2,2),(0.,1.),.PIECEWISE_BEZIER_KNOTS.);
#3509 = CARTESIAN_POINT('',(-36.,17.,216.));
#3510 = CARTESIAN_POINT('',(-56.,43.,243.));
#3511 = ORIENTED_EDGE('',*,*,#1303,.T.);
#3512 = ORIENTED_EDGE('',*,*,#1157,.T.);
#3513 = ORIENTED_EDGE('',*,*,#1055,.F.);
#3514 = B_SPLINE_SURFACE_WITH_KNOTS('',1,1,(
    (#3515,#3516)
    ,(#3517,#3518
    )),.UNSPECIFIED.,.F.,.F.,.F.,(2,2),(2,2),(0.,9.899494936612),(0.,1.)
  ,.PIECEWISE_BEZIER_KNOTS.);
#3515 = CARTESIAN_POINT('',(-36.,17.,216.));
#3516 = CARTESIAN_POINT('',(-56.,43.,243.));
#3517 = CARTESIAN_POINT('',(-41.,12.,216.));
#3518 = CARTESIAN_POINT('',(-63.,36.,243.));
#3519 = ADVANCED_FACE('',(#3520),#3538,.T.);
#3520 = FACE_BOUND('',#3521,.T.);
#3521 = EDGE_LOOP('',(#3522,#3529,#3535,#3536,#3537));
#3522 = ORIENTED_EDGE('',*,*,#3523,.F.);
#3523 = EDGE_CURVE('',#3524,#1350,#3526,.T.);
#3524 = VERTEX_POINT('',#3525);
#3525 = CARTESIAN_POINT('',(-19.,-11.,188.));
#3526 = B_SPLINE_CURVE_WITH_KNOTS('',1,(#3527,#3528),.UNSPECIFIED.,.F.,
  .F.,(2,2),(0.,1.),.PIECEWISE_BEZIER_KNOTS.);
#3527 = CARTESIAN_POINT('',(-19.,-11.,188.));
#3528 = CARTESIAN_POINT('',(-41.,12.,216.));
#3529 = ORIENTED_EDGE('',*,*,#3530,.T.);
#3530 = EDGE_CURVE('',#3524,#1594,#3531,.T.);
#3531 = LINE('',#3532,#3533);
#3532 = CARTESIAN_POINT('',(-19.,-11.,188.));
#3533 = VECTOR('',#3534,1.);
#3534 = DIRECTION('',(0.,-1.,0.));
#3535 = ORIENTED_EDGE('',*,*,#1593,.T.);
#3536 = ORIENTED_EDGE('',*,*,#1149,.F.);
#3537 = ORIENTED_EDGE('',*,*,#1349,.T.);
#3538 = B_SPLINE_SURFACE_WITH_KNOTS('',1,1,(
    (#3539,#3540)
    ,(#3541,#3542
    )),.UNSPECIFIED.,.F.,.F.,.F.,(2,2),(2,2),(0.,26.),(0.,1.),
  .PIECEWISE_BEZIER_KNOTS.);
#3539 = CARTESIAN_POINT('',(-19.,-11.,188.));
#3540 = CARTESIAN_POINT('',(-41.,12.,216.));
#3541 = CARTESIAN_POINT('',(-19.,-19.,188.));
#3542 = CARTESIAN_POINT('',(-41.,-14.,216.));
#3543 = ADVANCED_FACE('',(#3544),#3582,.F.);
#3544 = FACE_BOUND('',#3545,.F.);
#3545 = EDGE_LOOP('',(#3546,#3553,#3569,#3580,#3581));
#3546 = ORIENTED_EDGE('',*,*,#3547,.F.);
#3547 = EDGE_CURVE('',#3548,#1171,#3550,.T.);
#3548 = VERTEX_POINT('',#3549);
#3549 = CARTESIAN_POINT('',(-16.94117647058,-7.411764705882,
    195.94117647058));
#3550 = B_SPLINE_CURVE_WITH_KNOTS('',1,(#3551,#3552),.UNSPECIFIED.,.F.,
  .F.,(2,2),(0.,1.),.PIECEWISE_BEZIER_KNOTS.);
#3551 = CARTESIAN_POINT('',(-13.5,-12.,191.));
#3552 = CARTESIAN_POINT('',(-33.,14.,219.));
#3553 = ORIENTED_EDGE('',*,*,#3554,.F.);
#3554 = EDGE_CURVE('',#3555,#3548,#3557,.T.);
#3555 = VERTEX_POINT('',#3556);
#3556 = CARTESIAN_POINT('',(-19.,-7.122807017544,197.38596491228));
#3557 = B_SPLINE_CURVE_WITH_KNOTS('',4,(#3558,#3559,#3560,#3561,#3562,
    #3563,#3564,#3565,#3566,#3567,#3568),.UNSPECIFIED.,.F.,.F.,(5,3,3,5)
  ,(0.,1.310213277923E-02,0.507486242762,1.),.UNSPECIFIED.);
#3558 = CARTESIAN_POINT('',(-19.,-7.122807017544,197.38596491228));
#3559 = CARTESIAN_POINT('',(-18.99301330006,-7.123787607009,
    197.38106196495));
#3560 = CARTESIAN_POINT('',(-18.9860285261,-7.124767926161,
    197.37616036919));
#3561 = CARTESIAN_POINT('',(-18.9790461081,-7.125747914653,
    197.37126042673));
#3562 = CARTESIAN_POINT('',(-18.70867295116,-7.163695024398,
    197.181524878));
#3563 = CARTESIAN_POINT('',(-18.4482634608,-7.2002437248,196.998781376)
  );
#3564 = CARTESIAN_POINT('',(-18.19087257403,-7.236368761539,
    196.8181561923));
#3565 = CARTESIAN_POINT('',(-17.68313767879,-7.307629799468,
    196.46185100266));
#3566 = CARTESIAN_POINT('',(-17.43277066978,-7.342769028802,
    196.28615485599));
#3567 = CARTESIAN_POINT('',(-17.18544637559,-7.377481210443,
    196.11259394778));
#3568 = CARTESIAN_POINT('',(-16.94117647058,-7.411764705882,
    195.94117647058));
#3569 = ORIENTED_EDGE('',*,*,#3570,.T.);
#3570 = EDGE_CURVE('',#3555,#1505,#3571,.T.);
#3571 = B_SPLINE_CURVE_WITH_KNOTS('',4,(#3572,#3573,#3574,#3575,#3576,
    #3577,#3578,#3579),.UNSPECIFIED.,.F.,.F.,(5,3,5),(0.,0.509093122824,
    1.),.UNSPECIFIED.);
#3572 = CARTESIAN_POINT('',(-19.,-7.122807017544,197.38596491228));
#3573 = CARTESIAN_POINT('',(-19.,-7.395208404969,197.21833328925));
#3574 = CARTESIAN_POINT('',(-19.,-7.66622358231,197.05155471857));
#3575 = CARTESIAN_POINT('',(-19.,-7.935726145724,196.88570698724));
#3576 = CARTESIAN_POINT('',(-19.,-8.46189736028,196.56190931675));
#3577 = CARTESIAN_POINT('',(-19.,-8.718680684464,196.40388880956));
#3578 = CARTESIAN_POINT('',(-19.,-8.97383888132,196.24686838072));
#3579 = CARTESIAN_POINT('',(-19.,-9.227272727273,196.0909090909));
#3580 = ORIENTED_EDGE('',*,*,#1504,.T.);
#3581 = ORIENTED_EDGE('',*,*,#1179,.F.);
#3582 = B_SPLINE_SURFACE_WITH_KNOTS('',1,1,(
    (#3583,#3584)
    ,(#3585,#3586
    )),.UNSPECIFIED.,.F.,.F.,.F.,(2,2),(2,2),(0.,5.656854249492),(0.,1.)
  ,.PIECEWISE_BEZIER_KNOTS.);
#3583 = CARTESIAN_POINT('',(-13.5,-12.,191.));
#3584 = CARTESIAN_POINT('',(-33.,14.,219.));
#3585 = CARTESIAN_POINT('',(-15.,-13.5,191.));
#3586 = CARTESIAN_POINT('',(-37.,10.,219.));
#3587 = ADVANCED_FACE('',(#3588),#3634,.T.);
#3588 = FACE_BOUND('',#3589,.T.);
#3589 = EDGE_LOOP('',(#3590,#3597,#3607,#3620,#3631,#3632,#3633));
#3590 = ORIENTED_EDGE('',*,*,#3591,.F.);
#3591 = EDGE_CURVE('',#3592,#1252,#3594,.T.);
#3592 = VERTEX_POINT('',#3593);
#3593 = CARTESIAN_POINT('',(-17.16379310344,-8.775862068966,
    188.24137931034));
#3594 = B_SPLINE_CURVE_WITH_KNOTS('',1,(#3595,#3596),.UNSPECIFIED.,.F.,
  .F.,(2,2),(0.,1.),.PIECEWISE_BEZIER_KNOTS.);
#3595 = CARTESIAN_POINT('',(-17.,-9.,188.));
#3596 = CARTESIAN_POINT('',(-36.,17.,216.));
#3597 = ORIENTED_EDGE('',*,*,#3598,.F.);
#3598 = EDGE_CURVE('',#3599,#3592,#3601,.T.);
#3599 = VERTEX_POINT('',#3600);
#3600 = CARTESIAN_POINT('',(-17.83912188728,-8.880733944954,
    188.59633027522));
#3601 = B_SPLINE_CURVE_WITH_KNOTS('',4,(#3602,#3603,#3604,#3605,#3606),
  .UNSPECIFIED.,.F.,.F.,(5,5),(0.,1.),.PIECEWISE_BEZIER_KNOTS.);
#3602 = CARTESIAN_POINT('',(-18.60714285714,-9.,189.));
#3603 = CARTESIAN_POINT('',(-18.23511880891,-8.942228347459,
    188.80446517601));
#3604 = CARTESIAN_POINT('',(-17.87067100419,-8.88563321055,
    188.61291240493));
#3605 = CARTESIAN_POINT('',(-17.51362634988,-8.830187709624,
    188.42525070949));
#3606 = CARTESIAN_POINT('',(-17.16379310344,-8.775862068966,
    188.24137931034));
#3607 = ORIENTED_EDGE('',*,*,#3608,.T.);
#3608 = EDGE_CURVE('',#3599,#3609,#3611,.T.);
#3609 = VERTEX_POINT('',#3610);
#3610 = CARTESIAN_POINT('',(-19.,-8.715736040609,189.42131979695));
#3611 = B_SPLINE_CURVE_WITH_KNOTS('',4,(#3612,#3613,#3614,#3615,#3616,
    #3617,#3618,#3619),.UNSPECIFIED.,.F.,.F.,(5,3,5),(0.,0.494570581167,
    1.),.UNSPECIFIED.);
#3612 = CARTESIAN_POINT('',(-17.,-9.,188.));
#3613 = CARTESIAN_POINT('',(-17.2354505655,-8.966534945005,
    188.16732527497));
#3614 = CARTESIAN_POINT('',(-17.47476830013,-8.932520241605,
    188.33739879197));
#3615 = CARTESIAN_POINT('',(-17.71798788023,-8.897950961185,
    188.51024519407));
#3616 = CARTESIAN_POINT('',(-18.21769185774,-8.826927045599,
    188.865364772));
#3617 = CARTESIAN_POINT('',(-18.47435015063,-8.790447694326,
    189.04776152836));
#3618 = CARTESIAN_POINT('',(-18.73512041255,-8.753383900753,
    189.23308049623));
#3619 = CARTESIAN_POINT('',(-19.,-8.715736040609,189.42131979695));
#3620 = ORIENTED_EDGE('',*,*,#3621,.T.);
#3621 = EDGE_CURVE('',#3609,#3524,#3622,.T.);
#3622 = B_SPLINE_CURVE_WITH_KNOTS('',4,(#3623,#3624,#3625,#3626,#3627,
    #3628,#3629,#3630),.UNSPECIFIED.,.F.,.F.,(5,3,5),(0.,0.508979095886,
    1.),.UNSPECIFIED.);
#3623 = CARTESIAN_POINT('',(-19.,-8.715736040609,189.42131979695));
#3624 = CARTESIAN_POINT('',(-19.,-9.016638471019,189.23409161803));
#3625 = CARTESIAN_POINT('',(-19.,-9.314240938568,189.04891674933));
#3626 = CARTESIAN_POINT('',(-19.,-9.608394250522,188.86588802189));
#3627 = CARTESIAN_POINT('',(-19.,-10.17931367048,188.51064927169));
#3628 = CARTESIAN_POINT('',(-19.,-10.45632717,188.33828531644));
#3629 = CARTESIAN_POINT('',(-19.,-10.7299149229,188.16805293685));
#3630 = CARTESIAN_POINT('',(-19.,-11.,188.));
#3631 = ORIENTED_EDGE('',*,*,#3523,.T.);
#3632 = ORIENTED_EDGE('',*,*,#1359,.T.);
#3633 = ORIENTED_EDGE('',*,*,#1251,.T.);
#3634 = B_SPLINE_SURFACE_WITH_KNOTS('',1,1,(
    (#3635,#3636)
    ,(#3637,#3638
    )),.UNSPECIFIED.,.F.,.F.,.F.,(2,2),(2,2),(0.,7.071067811865),(0.,1.)
  ,.PIECEWISE_BEZIER_KNOTS.);
#3635 = CARTESIAN_POINT('',(-17.,-9.,188.));
#3636 = CARTESIAN_POINT('',(-36.,17.,216.));
#3637 = CARTESIAN_POINT('',(-19.,-11.,188.));
#3638 = CARTESIAN_POINT('',(-41.,12.,216.));
#3639 = ADVANCED_FACE('',(#3640),#4011,.T.);
#3640 = FACE_BOUND('',#3641,.T.);
#3641 = EDGE_LOOP('',(#3642,#3649,#3676,#3684,#3703,#3800,#3808,#3880,
    #3888,#3905,#4002,#4008,#4009,#4010));
#3642 = ORIENTED_EDGE('',*,*,#3643,.F.);
#3643 = EDGE_CURVE('',#3644,#2943,#3646,.T.);
#3644 = VERTEX_POINT('',#3645);
#3645 = CARTESIAN_POINT('',(38.456521907783,20.193478480118,
    219.3163045755));
#3646 = B_SPLINE_CURVE_WITH_KNOTS('',1,(#3647,#3648),.UNSPECIFIED.,.F.,
  .F.,(2,2),(0.,1.),.PIECEWISE_BEZIER_KNOTS.);
#3647 = CARTESIAN_POINT('',(36.,17.,216.));
#3648 = CARTESIAN_POINT('',(56.,43.,243.));
#3649 = ORIENTED_EDGE('',*,*,#3650,.T.);
#3650 = EDGE_CURVE('',#3644,#3651,#3653,.T.);
#3651 = VERTEX_POINT('',#3652);
#3652 = CARTESIAN_POINT('',(35.692683141952,17.,216.));
#3653 = B_SPLINE_CURVE_WITH_KNOTS('',6,(#3654,#3655,#3656,#3657,#3658,
    #3659,#3660,#3661,#3662,#3663,#3664,#3665,#3666,#3667,#3668,#3669,
    #3670,#3671,#3672,#3673,#3674,#3675),.UNSPECIFIED.,.F.,.F.,(7,5,5,5,
    7),(0.,0.39660087567,0.477672912878,0.621605913322,1.),
  .UNSPECIFIED.);
#3654 = CARTESIAN_POINT('',(38.456521907783,20.193478480118,
    219.3163045755));
#3655 = CARTESIAN_POINT('',(38.16472900848,20.08438167405,
    219.20301173843));
#3656 = CARTESIAN_POINT('',(37.875225520807,19.947931591333,
    219.06131357561));
#3657 = CARTESIAN_POINT('',(37.595233032412,19.784306703066,
    218.89139542241));
#3658 = CARTESIAN_POINT('',(37.331039719412,19.596085517379,
    218.69593496035));
#3659 = CARTESIAN_POINT('',(37.087762006601,19.387965650514,
    218.47981048322));
#3660 = CARTESIAN_POINT('',(36.823969290579,19.121670187762,
    218.20327288729));
#3661 = CARTESIAN_POINT('',(36.780200250816,19.075920307635,
    218.15576339639));
#3662 = CARTESIAN_POINT('',(36.737454815626,19.029667037678,
    218.10773115451));
#3663 = CARTESIAN_POINT('',(36.695747752478,18.982959150728,
    218.05922681037));
#3664 = CARTESIAN_POINT('',(36.655088514786,18.935843750761,
    218.01029927963));
#3665 = CARTESIAN_POINT('',(36.545166095024,18.804075013089,
    217.87346251359));
#3666 = CARTESIAN_POINT('',(36.478169078038,18.718642076825,
    217.78474369516));
#3667 = CARTESIAN_POINT('',(36.414516643642,18.632317087472,
    217.69509851391));
#3668 = CARTESIAN_POINT('',(36.354189446446,18.545325843343,
    217.6047614527));
#3669 = CARTESIAN_POINT('',(36.297135933089,18.457867062567,
    217.51393887266));
#3670 = CARTESIAN_POINT('',(36.101713191167,18.139398461142,
    217.18322147887));
#3671 = CARTESIAN_POINT('',(35.982391544019,17.906811470343,
    216.94168883458));
#3672 = CARTESIAN_POINT('',(35.883725449032,17.675058779864,
    216.70102257909));
#3673 = CARTESIAN_POINT('',(35.803781070988,17.446041028923,
    216.46319645311));
#3674 = CARTESIAN_POINT('',(35.740652946669,17.220884607758,
    216.22938016959));
#3675 = CARTESIAN_POINT('',(35.692683141952,17.,216.));
#3676 = ORIENTED_EDGE('',*,*,#3677,.T.);
#3677 = EDGE_CURVE('',#3651,#3678,#3680,.T.);
#3678 = VERTEX_POINT('',#3679);
#3679 = CARTESIAN_POINT('',(23.248534825983,17.,216.));
#3680 = LINE('',#3681,#3682);
#3681 = CARTESIAN_POINT('',(36.,17.,216.));
#3682 = VECTOR('',#3683,1.);
#3683 = DIRECTION('',(-1.,0.,0.));
#3684 = ORIENTED_EDGE('',*,*,#3685,.T.);
#3685 = EDGE_CURVE('',#3678,#3686,#3688,.T.);
#3686 = VERTEX_POINT('',#3687);
#3687 = CARTESIAN_POINT('',(24.465685096154,20.,219.11538461538));
#3688 = B_SPLINE_CURVE_WITH_KNOTS('',7,(#3689,#3690,#3691,#3692,#3693,
    #3694,#3695,#3696,#3697,#3698,#3699,#3700,#3701,#3702),
  .UNSPECIFIED.,.F.,.F.,(8,6,8),(0.,0.4527727073,1.),.UNSPECIFIED.);
#3689 = CARTESIAN_POINT('',(23.248534825983,17.,216.));
#3690 = CARTESIAN_POINT('',(23.410274197323,17.171448278484,
    216.17804244304));
#3691 = CARTESIAN_POINT('',(23.560646588174,17.351994110425,
    216.36553234544));
#3692 = CARTESIAN_POINT('',(23.698204244316,17.53971958313,
    216.56047802863));
#3693 = CARTESIAN_POINT('',(23.822325957767,17.73273675538,
    216.76091893828));
#3694 = CARTESIAN_POINT('',(23.932882141717,17.929334660264,
    216.96507830104));
#3695 = CARTESIAN_POINT('',(24.030093127036,18.128039940157,
    217.1714260917));
#3696 = CARTESIAN_POINT('',(24.216257797965,18.568956705018,
    217.62930119367));
#3697 = CARTESIAN_POINT('',(24.299254355435,18.81158764345,
    217.88126409127));
#3698 = CARTESIAN_POINT('',(24.364316707877,19.053936165575,
    218.1329337104));
#3699 = CARTESIAN_POINT('',(24.412489925051,19.294723759252,
    218.38298236537));
#3700 = CARTESIAN_POINT('',(24.444828480544,19.533013695453,
    218.63043729912));
#3701 = CARTESIAN_POINT('',(24.462300042715,19.768200461574,
    218.87466971009));
#3702 = CARTESIAN_POINT('',(24.465685096154,20.,219.11538461538));
#3703 = ORIENTED_EDGE('',*,*,#3704,.T.);
#3704 = EDGE_CURVE('',#3686,#3705,#3707,.T.);
#3705 = VERTEX_POINT('',#3706);
#3706 = CARTESIAN_POINT('',(16.751465174017,17.,216.));
#3707 = B_SPLINE_CURVE_WITH_KNOTS('',7,(#3708,#3709,#3710,#3711,#3712,
    #3713,#3714,#3715,#3716,#3717,#3718,#3719,#3720,#3721,#3722,#3723,
    #3724,#3725,#3726,#3727,#3728,#3729,#3730,#3731,#3732,#3733,#3734,
    #3735,#3736,#3737,#3738,#3739,#3740,#3741,#3742,#3743,#3744,#3745,
    #3746,#3747,#3748,#3749,#3750,#3751,#3752,#3753,#3754,#3755,#3756,
    #3757,#3758,#3759,#3760,#3761,#3762,#3763,#3764,#3765,#3766,#3767,
    #3768,#3769,#3770,#3771,#3772,#3773,#3774,#3775,#3776,#3777,#3778,
    #3779,#3780,#3781,#3782,#3783,#3784,#3785,#3786,#3787,#3788,#3789,
    #3790,#3791,#3792,#3793,#3794,#3795,#3796,#3797,#3798,#3799),
  .UNSPECIFIED.,.F.,.F.,(8,6,6,6,6,6,6,6,6,6,6,6,6,6,6,8),(0.,
    3.934268691169E-02,0.144731495591,0.266788274589,0.315300071202,
    0.383183693208,0.440362103452,0.47240454367,0.493672577394,
    0.543473754847,0.592816733604,0.616461601797,0.656465637737,
    0.739101193428,0.842645231636,1.),.UNSPECIFIED.);
#3708 = CARTESIAN_POINT('',(24.465685096154,20.,219.11538461538));
#3709 = CARTESIAN_POINT('',(24.46705547542,20.093839965266,
    219.21283381008));
#3710 = CARTESIAN_POINT('',(24.466117008214,20.187109138831,
    219.30969025955));
#3711 = CARTESIAN_POINT('',(24.462922464615,20.279778715689,
    219.4059240509));
#3712 = CARTESIAN_POINT('',(24.457521038776,20.37182212313,
    219.5015075894));
#3713 = CARTESIAN_POINT('',(24.449958348921,20.463215020743,
    219.59641559846));
#3714 = CARTESIAN_POINT('',(24.440276437345,20.553935300411,
    219.69062511965));
#3715 = CARTESIAN_POINT('',(24.397004650121,20.885124070722,
    220.03455191959));
#3716 = CARTESIAN_POINT('',(24.350571113962,21.121271148023,
    220.27978157679));
#3717 = CARTESIAN_POINT('',(24.289953560815,21.35208449943,
    220.51947236479));
#3718 = CARTESIAN_POINT('',(24.215711521458,21.577198370081,
    220.75324446123));
#3719 = CARTESIAN_POINT('',(24.128287474744,21.796233457288,
    220.98070397487));
#3720 = CARTESIAN_POINT('',(24.028021975919,22.00880560781,
    221.20145197734));
#3721 = CARTESIAN_POINT('',(23.784362003788,22.452749745786,
    221.66247088985));
#3722 = CARTESIAN_POINT('',(23.636704112767,22.681687866739,
    221.90021432315));
#3723 = CARTESIAN_POINT('',(23.472489488659,22.900710432739,
    222.12766083399));
#3724 = CARTESIAN_POINT('',(23.291941840313,23.108956364144,
    222.3439162243));
#3725 = CARTESIAN_POINT('',(23.095251934303,23.305376035744,
    222.54789049865));
#3726 = CARTESIAN_POINT('',(22.882600321533,23.488737776646,
    222.7383046142));
#3727 = CARTESIAN_POINT('',(22.563304815752,23.72469111634,
    222.98333308235));
#3728 = CARTESIAN_POINT('',(22.470003003132,23.789498029448,
    223.05063256904));
#3729 = CARTESIAN_POINT('',(22.374225485855,23.851909091224,
    223.11544405627));
#3730 = CARTESIAN_POINT('',(22.275991316604,23.911821212329,
    223.17766048972));
#3731 = CARTESIAN_POINT('',(22.175324762334,23.969123522847,
    223.23716673526));
#3732 = CARTESIAN_POINT('',(22.072256012658,24.023697942708,
    223.29384017127));
#3733 = CARTESIAN_POINT('',(21.819285603267,24.147795215502,
    223.42271041609));
#3734 = CARTESIAN_POINT('',(21.667124486188,24.214581525502,
    223.49206543032));
#3735 = CARTESIAN_POINT('',(21.510435212915,24.275440386446,
    223.55526501669));
#3736 = CARTESIAN_POINT('',(21.34935948524,24.329995985651,
    223.61191890817));
#3737 = CARTESIAN_POINT('',(21.184091252939,24.377846180814,
    223.66160949546));
#3738 = CARTESIAN_POINT('',(21.014883935888,24.418573687398,
    223.7039034446));
#3739 = CARTESIAN_POINT('',(20.696485972174,24.479707811621,
    223.76738888129));
#3740 = CARTESIAN_POINT('',(20.548352467726,24.502304951403,
    223.79085514184));
#3741 = CARTESIAN_POINT('',(20.397856719717,24.519297201981,
    223.80850094051));
#3742 = CARTESIAN_POINT('',(20.245243300956,24.530429993703,
    223.82006191653));
#3743 = CARTESIAN_POINT('',(20.090804397145,24.535457962604,
    223.82528326885));
#3744 = CARTESIAN_POINT('',(19.934882433831,24.534157242366,
    223.82393252091));
#3745 = CARTESIAN_POINT('',(19.689885386472,24.521955762873,
    223.81126175375));
#3746 = CARTESIAN_POINT('',(19.601556875296,24.51552669134,
    223.80458541023));
#3747 = CARTESIAN_POINT('',(19.512957625275,24.507017372827,
    223.79574881024));
#3748 = CARTESIAN_POINT('',(19.424162698921,24.496398207701,
    223.78472121568));
#3749 = CARTESIAN_POINT('',(19.335251697858,24.483644031282,
    223.77147649402));
#3750 = CARTESIAN_POINT('',(19.246308694863,24.468734979602,
    223.75599401727));
#3751 = CARTESIAN_POINT('',(19.098424109483,24.440322154396,
    223.7264883911));
#3752 = CARTESIAN_POINT('',(19.039450717484,24.428031581646,
    223.71372510401));
#3753 = CARTESIAN_POINT('',(18.980527877438,24.414781522619,
    223.69996542733));
#3754 = CARTESIAN_POINT('',(18.921681988053,24.40056914944,
    223.68520642441));
#3755 = CARTESIAN_POINT('',(18.862939959207,24.385392920638,
    223.6694464945));
#3756 = CARTESIAN_POINT('',(18.804329211953,24.36925258115,
    223.65268537273));
#3757 = CARTESIAN_POINT('',(18.6090077061,24.312099837257,
    223.59333444638));
#3758 = CARTESIAN_POINT('',(18.47300263814,24.266767634988,
    223.54625869787));
#3759 = CARTESIAN_POINT('',(18.338232082564,24.21616999709,
    223.49371499697));
#3760 = CARTESIAN_POINT('',(18.205060599769,24.160363298659,
    223.43576188706));
#3761 = CARTESIAN_POINT('',(18.073845855844,24.099444623047,
    223.37250018547));
#3762 = CARTESIAN_POINT('',(17.944936775791,24.033553536605,
    223.30407482647));
#3763 = CARTESIAN_POINT('',(17.69356832707,23.892844482771,
    223.15795388595));
#3764 = CARTESIAN_POINT('',(17.571048759294,23.818107583588,
    223.08034249064));
#3765 = CARTESIAN_POINT('',(17.451441004629,23.738840768976,
    222.99802695239));
#3766 = CARTESIAN_POINT('',(17.335037615762,23.655249384907,
    222.91122051509));
#3767 = CARTESIAN_POINT('',(17.222097943547,23.567563119338,
    222.82016170085));
#3768 = CARTESIAN_POINT('',(17.11285039371,23.476032601341,
    222.72511077831));
#3769 = CARTESIAN_POINT('',(16.957008840505,23.335351470589,
    222.57901883484));
#3770 = CARTESIAN_POINT('',(16.907415668749,23.288954818867,
    222.53083769651));
#3771 = CARTESIAN_POINT('',(16.858736330571,23.24176503258,
    222.48183291844));
#3772 = CARTESIAN_POINT('',(16.810990164493,23.193811383645,
    222.4320348984));
#3773 = CARTESIAN_POINT('',(16.764194685254,23.145123428377,
    222.38147432946));
#3774 = CARTESIAN_POINT('',(16.718365583819,23.095731007487,
    222.33018220008));
#3775 = CARTESIAN_POINT('',(16.597638306293,22.960957809737,
    222.1902254178));
#3776 = CARTESIAN_POINT('',(16.524565567106,22.874320536481,
    222.10025594173));
#3777 = CARTESIAN_POINT('',(16.454366208343,22.785897829911,
    222.00843236183));
#3778 = CARTESIAN_POINT('',(16.387092936355,22.695834273085,
    221.91490482205));
#3779 = CARTESIAN_POINT('',(16.322785161132,22.604272779497,
    221.81982173255));
#3780 = CARTESIAN_POINT('',(16.261470692121,22.511353744042,
    221.72332888804));
#3781 = CARTESIAN_POINT('',(16.082731532599,22.222751964156,
    221.4236270397));
#3782 = CARTESIAN_POINT('',(15.975148202378,22.023087611741,
    221.21628328911));
#3783 = CARTESIAN_POINT('',(15.880563276273,21.819416686885,
    221.00477886714));
#3784 = CARTESIAN_POINT('',(15.798938535002,21.61286039322,
    220.79027810065));
#3785 = CARTESIAN_POINT('',(15.730106293484,21.40445418798,
    220.57385627213));
#3786 = CARTESIAN_POINT('',(15.673807817541,21.195140683104,
    220.35649224783));
#3787 = CARTESIAN_POINT('',(15.574467085746,20.723417156968,
    219.86662550915));
#3788 = CARTESIAN_POINT('',(15.538386237455,20.460985793093,
    219.59410063128));
#3789 = CARTESIAN_POINT('',(15.520819491058,20.200107946559,
    219.32318902142));
#3790 = CARTESIAN_POINT('',(15.520973834271,19.942216856257,
    219.05537904303));
#3791 = CARTESIAN_POINT('',(15.537971541962,19.688548600617,
    218.79195431602));
#3792 = CARTESIAN_POINT('',(15.570899022174,19.440149648348,
    218.5340015579));
#3793 = CARTESIAN_POINT('',(15.691719942791,18.829723466613,
    217.90009744609));
#3794 = CARTESIAN_POINT('',(15.799253208087,18.475895813274,
    217.53266103686));
#3795 = CARTESIAN_POINT('',(15.93825625593,18.139221520598,
    217.18303773292));
#3796 = CARTESIAN_POINT('',(16.105649099597,17.821880492353,
    216.85349128052));
#3797 = CARTESIAN_POINT('',(16.298564696509,17.525486731911,
    216.54569776006));
#3798 = CARTESIAN_POINT('',(16.514479923727,17.251211024675,
    216.26087298716));
#3799 = CARTESIAN_POINT('',(16.751465174017,17.,216.));
#3800 = ORIENTED_EDGE('',*,*,#3801,.T.);
#3801 = EDGE_CURVE('',#3705,#3802,#3804,.T.);
#3802 = VERTEX_POINT('',#3803);
#3803 = CARTESIAN_POINT('',(4.307316858048,17.,216.));
#3804 = LINE('',#3805,#3806);
#3805 = CARTESIAN_POINT('',(36.,17.,216.));
#3806 = VECTOR('',#3807,1.);
#3807 = DIRECTION('',(-1.,0.,0.));
#3808 = ORIENTED_EDGE('',*,*,#3809,.T.);
#3809 = EDGE_CURVE('',#3802,#3810,#3812,.T.);
#3810 = VERTEX_POINT('',#3811);
#3811 = CARTESIAN_POINT('',(-4.307316858048,17.,216.));
#3812 = B_SPLINE_CURVE_WITH_KNOTS('',6,(#3813,#3814,#3815,#3816,#3817,
    #3818,#3819,#3820,#3821,#3822,#3823,#3824,#3825,#3826,#3827,#3828,
    #3829,#3830,#3831,#3832,#3833,#3834,#3835,#3836,#3837,#3838,#3839,
    #3840,#3841,#3842,#3843,#3844,#3845,#3846,#3847,#3848,#3849,#3850,
    #3851,#3852,#3853,#3854,#3855,#3856,#3857,#3858,#3859,#3860,#3861,
    #3862,#3863,#3864,#3865,#3866,#3867,#3868,#3869,#3870,#3871,#3872,
    #3873,#3874,#3875,#3876,#3877,#3878,#3879),.UNSPECIFIED.,.F.,.F.,(7,
    5,5,5,5,5,5,5,5,5,5,5,5,7),(0.,4.263386271293E-02,0.147475026762,
    0.266000849594,0.326246074781,0.385956628436,0.500643265647,
    0.579380640111,0.61534245428,0.673246135933,0.733486248796,
    0.852486070701,0.956716725974,1.),.UNSPECIFIED.);
#3813 = CARTESIAN_POINT('',(4.307316858048,17.,216.));
#3814 = CARTESIAN_POINT('',(4.289355529034,17.082705800837,
    216.08588679317));
#3815 = CARTESIAN_POINT('',(4.269515107274,17.164876994618,
    216.17121841748));
#3816 = CARTESIAN_POINT('',(4.247816487694,17.246468482468,
    216.25594803948));
#3817 = CARTESIAN_POINT('',(4.224280877919,17.327436855468,
    216.34003058067));
#3818 = CARTESIAN_POINT('',(4.198929798268,17.407740394648,
    216.42342271751));
#3819 = CARTESIAN_POINT('',(4.105033361524,17.683080609601,
    216.70935294073));
#3820 = CARTESIAN_POINT('',(4.027437977605,17.87455074548,
    216.90818731261));
#3821 = CARTESIAN_POINT('',(3.939317024831,18.061169059464,
    217.10198325405));
#3822 = CARTESIAN_POINT('',(3.840998753485,18.242373689886,
    217.29015729334));
#3823 = CARTESIAN_POINT('',(3.732818555181,18.417619100966,
    217.47214291254));
#3824 = CARTESIAN_POINT('',(3.482049911135,18.777155743082,
    217.84550788704));
#3825 = CARTESIAN_POINT('',(3.336822903184,18.959628164775,
    218.0349984788));
#3826 = CARTESIAN_POINT('',(3.179929674121,19.133021239974,
    218.21506051843));
#3827 = CARTESIAN_POINT('',(3.011917845026,19.296523313489,
    218.38485113323));
#3828 = CARTESIAN_POINT('',(2.833416744041,19.449306638732,
    218.54351074022));
#3829 = CARTESIAN_POINT('',(2.54948081506,19.662346895177,
    218.76474485268));
#3830 = CARTESIAN_POINT('',(2.451279223627,19.731158079697,
    218.83620262122));
#3831 = CARTESIAN_POINT('',(2.350661250722,19.79687773828,
    218.90444995898));
#3832 = CARTESIAN_POINT('',(2.247736128655,19.859396828779,
    218.96937362988));
#3833 = CARTESIAN_POINT('',(2.142623802423,19.918608193587,
    219.03086235487));
#3834 = CARTESIAN_POINT('',(1.929239688528,20.029713793874,
    219.14624124748));
#3835 = CARTESIAN_POINT('',(1.821003983141,20.081668425517,
    219.20019413419));
#3836 = CARTESIAN_POINT('',(1.710878165863,20.130171710894,
    219.25056293054));
#3837 = CARTESIAN_POINT('',(1.59900224434,20.17512715261,219.29724742771
    ));
#3838 = CARTESIAN_POINT('',(1.485527901514,20.216444964746,
    219.34015438646));
#3839 = CARTESIAN_POINT('',(1.149913098197,20.326262266855,
    219.45419543096));
#3840 = CARTESIAN_POINT('',(0.923893120182,20.384770240576,
    219.51495371136));
#3841 = CARTESIAN_POINT('',(0.693758456749,20.428979412346,
    219.56086323589));
#3842 = CARTESIAN_POINT('',(0.46081094414,20.458467323864,
    219.59148529785));
#3843 = CARTESIAN_POINT('',(0.226444097781,20.472997964565,
    219.60657480935));
#3844 = CARTESIAN_POINT('',(-0.168740982516,20.472292066997,
    219.60584176188));
#3845 = CARTESIAN_POINT('',(-0.329597703751,20.464958466223,
    219.59822609953));
#3846 = CARTESIAN_POINT('',(-0.489974155731,20.450579615446,
    219.58329421604));
#3847 = CARTESIAN_POINT('',(-0.649414278039,20.42920793044,
    219.56110054314));
#3848 = CARTESIAN_POINT('',(-0.807477155818,20.400942675124,
    219.53174816262));
#3849 = CARTESIAN_POINT('',(-1.035109765847,20.349931909825,
    219.47877544481));
#3850 = CARTESIAN_POINT('',(-1.106104992736,20.332529733694,
    219.46070395422));
#3851 = CARTESIAN_POINT('',(-1.17668572252,20.313732296907,
    219.44118353909));
#3852 = CARTESIAN_POINT('',(-1.246813589449,20.293554503335,
    219.42022967654));
#3853 = CARTESIAN_POINT('',(-1.316451581408,20.272012729455,
    219.39785937289));
#3854 = CARTESIAN_POINT('',(-1.496845016391,20.212272012502,
    219.33582093606));
#3855 = CARTESIAN_POINT('',(-1.60676382213,20.17192906761,
    219.29392633944));
#3856 = CARTESIAN_POINT('',(-1.715171493657,20.128170095747,
    219.24848433019));
#3857 = CARTESIAN_POINT('',(-1.821930056136,20.081077178272,
    219.19958014666));
#3858 = CARTESIAN_POINT('',(-1.926911868939,20.030738296049,
    219.14730515359));
#3859 = CARTESIAN_POINT('',(-2.13724566949,19.921593750721,
    219.03396274113));
#3860 = CARTESIAN_POINT('',(-2.242441877768,19.862528301848,
    218.97262554422));
#3861 = CARTESIAN_POINT('',(-2.3454553959,19.80015200819,218.90785016235
    ));
#3862 = CARTESIAN_POINT('',(-2.446166018091,19.734571940782,
    218.83974778465));
#3863 = CARTESIAN_POINT('',(-2.544464271162,19.665897089081,
    218.7684315925));
#3864 = CARTESIAN_POINT('',(-2.829467973233,19.452675817568,
    218.54700950285));
#3865 = CARTESIAN_POINT('',(-3.008871237713,19.299471278453,
    218.38791248147));
#3866 = CARTESIAN_POINT('',(-3.17770954184,19.135450629394,
    218.21758334591));
#3867 = CARTESIAN_POINT('',(-3.335345117474,18.961451837629,
    218.03689229292));
#3868 = CARTESIAN_POINT('',(-3.481223427569,18.778296601628,
    217.84669262476));
#3869 = CARTESIAN_POINT('',(-3.731880363949,18.419002766688,
    217.47357979617));
#3870 = CARTESIAN_POINT('',(-3.839505548268,18.244825134215,
    217.29270302399));
#3871 = CARTESIAN_POINT('',(-3.937385541891,18.064753530386,
    217.10570558924));
#3872 = CARTESIAN_POINT('',(-4.025190741732,17.879323990369,
    216.91314414384));
#3873 = CARTESIAN_POINT('',(-4.102598567512,17.689088335326,
    216.71559173283));
#3874 = CARTESIAN_POINT('',(-4.196993511781,17.413858997192,
    216.42977665093));
#3875 = CARTESIAN_POINT('',(-4.222843342302,17.332372651206,
    216.34515621471));
#3876 = CARTESIAN_POINT('',(-4.246822955127,17.250199077241,
    216.25982211867));
#3877 = CARTESIAN_POINT('',(-4.268909824286,17.167381881637,
    216.17381964631));
#3878 = CARTESIAN_POINT('',(-4.289081749874,17.08396646056,
    216.08719593981));
#3879 = CARTESIAN_POINT('',(-4.307316858048,17.,216.));
#3880 = ORIENTED_EDGE('',*,*,#3881,.T.);
#3881 = EDGE_CURVE('',#3810,#3882,#3884,.T.);
#3882 = VERTEX_POINT('',#3883);
#3883 = CARTESIAN_POINT('',(-16.75146517401,17.,216.));
#3884 = LINE('',#3885,#3886);
#3885 = CARTESIAN_POINT('',(36.,17.,216.));
#3886 = VECTOR('',#3887,1.);
#3887 = DIRECTION('',(-1.,0.,0.));
#3888 = ORIENTED_EDGE('',*,*,#3889,.T.);
#3889 = EDGE_CURVE('',#3882,#3890,#3892,.T.);
#3890 = VERTEX_POINT('',#3891);
#3891 = CARTESIAN_POINT('',(-15.53431490384,20.,219.11538461538));
#3892 = B_SPLINE_CURVE_WITH_KNOTS('',6,(#3893,#3894,#3895,#3896,#3897,
    #3898,#3899,#3900,#3901,#3902,#3903,#3904),.UNSPECIFIED.,.F.,.F.,(7,
    5,7),(0.,0.591120560662,1.),.UNSPECIFIED.);
#3893 = CARTESIAN_POINT('',(-16.75146517401,17.,216.));
#3894 = CARTESIAN_POINT('',(-16.53866713107,17.225571905123,
    216.23424774762));
#3895 = CARTESIAN_POINT('',(-16.34334463077,17.470270393213,
    216.48835771602));
#3896 = CARTESIAN_POINT('',(-16.16705028009,17.733325366394,
    216.76153018817));
#3897 = CARTESIAN_POINT('',(-16.0117938979,18.013797352625,
    217.05278955849));
#3898 = CARTESIAN_POINT('',(-15.87984073637,18.310380849612,
    217.36078011305));
#3899 = CARTESIAN_POINT('',(-15.70016653977,18.836407876427,
    217.90703894859));
#3900 = CARTESIAN_POINT('',(-15.63902747818,19.05833515547,
    218.13750189221));
#3901 = CARTESIAN_POINT('',(-15.5910258551,19.28649935795,
    218.37444164094));
#3902 = CARTESIAN_POINT('',(-15.55701472993,19.520143258209,
    218.61707184506));
#3903 = CARTESIAN_POINT('',(-15.5378438849,19.758344671377,
    218.86443485104));
#3904 = CARTESIAN_POINT('',(-15.53431490384,20.,219.11538461538));
#3905 = ORIENTED_EDGE('',*,*,#3906,.T.);
#3906 = EDGE_CURVE('',#3890,#3907,#3909,.T.);
#3907 = VERTEX_POINT('',#3908);
#3908 = CARTESIAN_POINT('',(-23.24853482598,17.,216.));
#3909 = B_SPLINE_CURVE_WITH_KNOTS('',7,(#3910,#3911,#3912,#3913,#3914,
    #3915,#3916,#3917,#3918,#3919,#3920,#3921,#3922,#3923,#3924,#3925,
    #3926,#3927,#3928,#3929,#3930,#3931,#3932,#3933,#3934,#3935,#3936,
    #3937,#3938,#3939,#3940,#3941,#3942,#3943,#3944,#3945,#3946,#3947,
    #3948,#3949,#3950,#3951,#3952,#3953,#3954,#3955,#3956,#3957,#3958,
    #3959,#3960,#3961,#3962,#3963,#3964,#3965,#3966,#3967,#3968,#3969,
    #3970,#3971,#3972,#3973,#3974,#3975,#3976,#3977,#3978,#3979,#3980,
    #3981,#3982,#3983,#3984,#3985,#3986,#3987,#3988,#3989,#3990,#3991,
    #3992,#3993,#3994,#3995,#3996,#3997,#3998,#3999,#4000,#4001),
  .UNSPECIFIED.,.F.,.F.,(8,6,6,6,6,6,6,6,6,6,6,6,6,6,6,8),(0.,
    0.119926111627,0.171936469392,0.201135357206,0.259615995079,
    0.309794177567,0.331657037153,0.364594785557,0.424512610062,
    0.49437042611,0.544284507181,0.668651875035,0.799314588301,
    0.844554877882,0.90164939306,1.),.UNSPECIFIED.);
#3910 = CARTESIAN_POINT('',(-15.53431490384,20.,219.11538461538));
#3911 = CARTESIAN_POINT('',(-15.53010228177,20.288469272743,
    219.41494886015));
#3912 = CARTESIAN_POINT('',(-15.54755975592,20.581725219412,
    219.71948388169));
#3913 = CARTESIAN_POINT('',(-15.58792431202,20.878051735425,
    220.0272075714));
#3914 = CARTESIAN_POINT('',(-15.65235147275,21.175382882429,
    220.33597453175));
#3915 = CARTESIAN_POINT('',(-15.74178929083,21.471305962469,
    220.64327926871));
#3916 = CARTESIAN_POINT('',(-15.85689206343,21.763063179257,
    220.94625791692));
#3917 = CARTESIAN_POINT('',(-16.05888231307,22.170955487986,
    221.36983839137));
#3918 = CARTESIAN_POINT('',(-16.12482973066,22.292969603661,
    221.49654535764));
#3919 = CARTESIAN_POINT('',(-16.1956280607,22.413353976953,
    221.62155989914));
#3920 = CARTESIAN_POINT('',(-16.27126253485,22.531839349342,
    221.74460240124));
#3921 = CARTESIAN_POINT('',(-16.35169357257,22.648146667476,
    221.86538307776));
#3922 = CARTESIAN_POINT('',(-16.43685178425,22.76198910579,
    221.98360407139));
#3923 = CARTESIAN_POINT('',(-16.57703660566,22.935437781764,
    222.16372385029));
#3924 = CARTESIAN_POINT('',(-16.62889739224,22.996932577934,
    222.22758383093));
#3925 = CARTESIAN_POINT('',(-16.68219672654,23.05750666175,
    222.2904876872));
#3926 = CARTESIAN_POINT('',(-16.73691279368,23.117108104541,
    222.35238149317));
#3927 = CARTESIAN_POINT('',(-16.79302025866,23.175685072941,
    222.4132114219));
#3928 = CARTESIAN_POINT('',(-16.85048995364,23.233186036988,
    222.47292396148));
#3929 = CARTESIAN_POINT('',(-17.0270526504,23.402467841836,
    222.64871660498));
#3930 = CARTESIAN_POINT('',(-17.15015663008,23.510863615203,
    222.76128144655));
#3931 = CARTESIAN_POINT('',(-17.27832173171,23.614324252507,
    222.86872133914));
#3932 = CARTESIAN_POINT('',(-17.41121773093,23.712457075232,
    222.9706285012));
#3933 = CARTESIAN_POINT('',(-17.54846052607,23.804901908864,
    223.06662890535));
#3934 = CARTESIAN_POINT('',(-17.68960691308,23.89133804057,
    223.15638950366));
#3935 = CARTESIAN_POINT('',(-17.9581660154,24.040273985876,
    223.31105375456));
#3936 = CARTESIAN_POINT('',(-18.0846972858,24.104437299652,
    223.3776848881));
#3937 = CARTESIAN_POINT('',(-18.21342071752,24.16381551034,
    223.43934687612));
#3938 = CARTESIAN_POINT('',(-18.34400715928,24.21827911069,
    223.49590523033));
#3939 = CARTESIAN_POINT('',(-18.47611964427,24.267737856497,
    223.54726623559));
#3940 = CARTESIAN_POINT('',(-18.60941507148,24.312139108035,
    223.59337522757));
#3941 = CARTESIAN_POINT('',(-18.80198728615,24.368601149751,
    223.65200888628));
#3942 = CARTESIAN_POINT('',(-18.86058866526,24.384773234993,
    223.6688029748));
#3943 = CARTESIAN_POINT('',(-18.9193220915,24.399981364436,
    223.68459603229));
#3944 = CARTESIAN_POINT('',(-18.97816014076,24.414225762467,
    223.69938829179));
#3945 = CARTESIAN_POINT('',(-19.0370758977,24.427507940645,
    223.71318132297));
#3946 = CARTESIAN_POINT('',(-19.09604295579,24.439830697692,
    223.72597803221));
#3947 = CARTESIAN_POINT('',(-19.24391120439,24.468323842608,
    223.75556706732));
#3948 = CARTESIAN_POINT('',(-19.3328451413,24.483281189962,
    223.77109969726));
#3949 = CARTESIAN_POINT('',(-19.42174872288,24.496083761302,
    223.78439467519));
#3950 = CARTESIAN_POINT('',(-19.5105378384,24.50675132939,
    223.79547253436));
#3951 = CARTESIAN_POINT('',(-19.59913284021,24.515308974908,
    223.80435932009));
#3952 = CARTESIAN_POINT('',(-19.68745861248,24.521786221353,
    223.8110856914));
#3953 = CARTESIAN_POINT('',(-19.93550206971,24.534274792474,
    223.82405459218));
#3954 = CARTESIAN_POINT('',(-20.09443363427,24.535558167682,
    223.82538732797));
#3955 = CARTESIAN_POINT('',(-20.251820373,24.530267356509,
    223.81989302406));
#3956 = CARTESIAN_POINT('',(-20.40730034737,24.518639881837,
    223.80781833883));
#3957 = CARTESIAN_POINT('',(-20.56056573917,24.500936279765,
    223.78943382898));
#3958 = CARTESIAN_POINT('',(-20.71135994876,24.477426650907,
    223.76501998363));
#3959 = CARTESIAN_POINT('',(-21.03216074556,24.41450865255,
    223.69968206226));
#3960 = CARTESIAN_POINT('',(-21.20119655984,24.373111544148,
    223.65669275738));
#3961 = CARTESIAN_POINT('',(-21.36626583126,24.324608188419,
    223.60632388797));
#3962 = CARTESIAN_POINT('',(-21.52711841905,24.269416225924,
    223.54900915769));
#3963 = CARTESIAN_POINT('',(-21.68356314089,24.207937610987,
    223.48516598064));
#3964 = CARTESIAN_POINT('',(-21.83546056715,24.140547586848,
    223.41518403249));
#3965 = CARTESIAN_POINT('',(-22.08793110554,24.015450234307,
    223.28527524331));
#3966 = CARTESIAN_POINT('',(-22.19077295997,23.96047298115,
    223.22818348042));
#3967 = CARTESIAN_POINT('',(-22.29120521034,23.902776282066,
    223.16826767753));
#3968 = CARTESIAN_POINT('',(-22.38919820049,23.842477844478,
    223.10565006926));
#3969 = CARTESIAN_POINT('',(-22.48472808546,23.779688144876,
    223.04044538121));
#3970 = CARTESIAN_POINT('',(-22.57777613067,23.714509871202,
    222.97276025086));
#3971 = CARTESIAN_POINT('',(-22.89394969485,23.478920918081,
    222.72811018416));
#3972 = CARTESIAN_POINT('',(-23.10400974022,23.296609862839,
    222.53878716525));
#3973 = CARTESIAN_POINT('',(-23.29838334854,23.101515290693,
    222.33618895571));
#3974 = CARTESIAN_POINT('',(-23.476895521,22.89483054919,222.12155480108
    ));
#3975 = CARTESIAN_POINT('',(-23.63935979197,22.677573688936,
    221.89594190774));
#3976 = CARTESIAN_POINT('',(-23.78555659768,22.450581338591,
    221.66021908238));
#3977 = CARTESIAN_POINT('',(-24.05130590917,21.966374160534,
    221.15738855132));
#3978 = CARTESIAN_POINT('',(-24.16905842216,21.708351334468,
    220.8894417704));
#3979 = CARTESIAN_POINT('',(-24.26808710283,21.441044946138,
    220.61185436714));
#3980 = CARTESIAN_POINT('',(-24.3477551454,21.165098677277,
    220.32529478024));
#3981 = CARTESIAN_POINT('',(-24.40717885305,20.881174384986,
    220.03045032287));
#3982 = CARTESIAN_POINT('',(-24.44525416599,20.589956465189,
    219.72803171385));
#3983 = CARTESIAN_POINT('',(-24.46564395271,20.188881059703,
    219.31153033123));
#3984 = CARTESIAN_POINT('',(-24.46813844493,20.084940985184,
    219.20359256153));
#3985 = CARTESIAN_POINT('',(-24.46781851277,19.980245148293,
    219.09486996168));
#3986 = CARTESIAN_POINT('',(-24.4646136447,19.874831977472,
    218.98540243814));
#3987 = CARTESIAN_POINT('',(-24.45844770854,19.768746136485,
    218.8752363725));
#3988 = CARTESIAN_POINT('',(-24.4492389515,19.662038524421,
    218.76442462151));
#3989 = CARTESIAN_POINT('',(-24.42132789731,19.419385687066,
    218.51243898272));
#3990 = CARTESIAN_POINT('',(-24.40077143574,19.283115207672,
    218.37092733104));
#3991 = CARTESIAN_POINT('',(-24.37505559895,19.146063065113,
    218.22860395223));
#3992 = CARTESIAN_POINT('',(-24.34399225561,19.00837642703,
    218.08562167422));
#3993 = CARTESIAN_POINT('',(-24.30738728248,18.870242033187,
    217.94217441907));
#3994 = CARTESIAN_POINT('',(-24.26504768728,18.731886827542,
    217.79849785937));
#3995 = CARTESIAN_POINT('',(-24.13365819667,18.355329801781,
    217.40745787108));
#3996 = CARTESIAN_POINT('',(-24.03290443507,18.117053253923,
    217.16001684061));
#3997 = CARTESIAN_POINT('',(-23.91361709737,17.880334301958,
    216.91419331357));
#3998 = CARTESIAN_POINT('',(-23.77512959575,17.647379055955,
    216.67227825041));
#3999 = CARTESIAN_POINT('',(-23.61734802506,17.420901573874,
    216.43709009594));
#4000 = CARTESIAN_POINT('',(-23.44101386762,17.204033192784,
    216.21188062327));
#4001 = CARTESIAN_POINT('',(-23.24853482598,17.,216.));
#4002 = ORIENTED_EDGE('',*,*,#4003,.T.);
#4003 = EDGE_CURVE('',#3907,#1262,#4004,.T.);
#4004 = LINE('',#4005,#4006);
#4005 = CARTESIAN_POINT('',(36.,17.,216.));
#4006 = VECTOR('',#4007,1.);
#4007 = DIRECTION('',(-1.,0.,0.));
#4008 = ORIENTED_EDGE('',*,*,#1271,.T.);
#4009 = ORIENTED_EDGE('',*,*,#3507,.T.);
#4010 = ORIENTED_EDGE('',*,*,#2951,.F.);
#4011 = B_SPLINE_SURFACE_WITH_KNOTS('',1,1,(
    (#4012,#4013)
    ,(#4014,#4015
    )),.UNSPECIFIED.,.F.,.F.,.F.,(2,2),(2,2),(0.,112.),(0.,1.),
  .PIECEWISE_BEZIER_KNOTS.);
#4012 = CARTESIAN_POINT('',(36.,17.,216.));
#4013 = CARTESIAN_POINT('',(56.,43.,243.));
#4014 = CARTESIAN_POINT('',(-36.,17.,216.));
#4015 = CARTESIAN_POINT('',(-56.,43.,243.));
#4016 = ADVANCED_FACE('',(#4017),#4276,.T.);
#4017 = FACE_BOUND('',#4018,.T.);
#4018 = EDGE_LOOP('',(#4019,#4028,#4035,#4043,#4044,#4054,#4059,#4060,
    #4061,#4062,#4109,#4110,#4208,#4219,#4220,#4267,#4268));
#4019 = ORIENTED_EDGE('',*,*,#4020,.F.);
#4020 = EDGE_CURVE('',#4021,#4023,#4025,.T.);
#4021 = VERTEX_POINT('',#4022);
#4022 = CARTESIAN_POINT('',(17.163793103448,-8.775862068966,
    188.24137931034));
#4023 = VERTEX_POINT('',#4024);
#4024 = CARTESIAN_POINT('',(35.611039061316,16.467737662854,
    215.42679440615));
#4025 = B_SPLINE_CURVE_WITH_KNOTS('',1,(#4026,#4027),.UNSPECIFIED.,.F.,
  .F.,(2,2),(0.,1.),.PIECEWISE_BEZIER_KNOTS.);
#4026 = CARTESIAN_POINT('',(17.,-9.,188.));
#4027 = CARTESIAN_POINT('',(36.,17.,216.));
#4028 = ORIENTED_EDGE('',*,*,#4029,.F.);
#4029 = EDGE_CURVE('',#4030,#4021,#4032,.T.);
#4030 = VERTEX_POINT('',#4031);
#4031 = CARTESIAN_POINT('',(13.,-8.775862068966,188.24137931034));
#4032 = B_SPLINE_CURVE_WITH_KNOTS('',1,(#4033,#4034),.UNSPECIFIED.,.F.,
  .F.,(2,2),(0.,1.),.PIECEWISE_BEZIER_KNOTS.);
#4033 = CARTESIAN_POINT('',(13.,-8.775862068966,188.24137931034));
#4034 = CARTESIAN_POINT('',(17.163793103448,-8.775862068966,
    188.24137931034));
#4035 = ORIENTED_EDGE('',*,*,#4036,.T.);
#4036 = EDGE_CURVE('',#4030,#2807,#4037,.T.);
#4037 = B_SPLINE_CURVE_WITH_KNOTS('',4,(#4038,#4039,#4040,#4041,#4042),
  .UNSPECIFIED.,.F.,.F.,(5,5),(0.,1.),.PIECEWISE_BEZIER_KNOTS.);
#4038 = CARTESIAN_POINT('',(13.,-8.775862068966,188.24137931034));
#4039 = CARTESIAN_POINT('',(13.,-8.832035903778,188.18088441131));
#4040 = CARTESIAN_POINT('',(13.,-8.888117676456,188.12048865612));
#4041 = CARTESIAN_POINT('',(13.,-8.944106155855,188.06019337061));
#4042 = CARTESIAN_POINT('',(13.,-9.,188.));
#4043 = ORIENTED_EDGE('',*,*,#2806,.T.);
#4044 = ORIENTED_EDGE('',*,*,#4045,.T.);
#4045 = EDGE_CURVE('',#2800,#4046,#4048,.T.);
#4046 = VERTEX_POINT('',#4047);
#4047 = CARTESIAN_POINT('',(-13.,-8.775862068966,188.24137931034));
#4048 = B_SPLINE_CURVE_WITH_KNOTS('',4,(#4049,#4050,#4051,#4052,#4053),
  .UNSPECIFIED.,.F.,.F.,(5,5),(0.,1.),.PIECEWISE_BEZIER_KNOTS.);
#4049 = CARTESIAN_POINT('',(-13.,-9.,188.));
#4050 = CARTESIAN_POINT('',(-13.,-8.944106150666,188.0601933762));
#4051 = CARTESIAN_POINT('',(-13.,-8.888117673703,188.12048865908));
#4052 = CARTESIAN_POINT('',(-13.,-8.83203588076,188.1808844361));
#4053 = CARTESIAN_POINT('',(-13.,-8.775862068966,188.24137931034));
#4054 = ORIENTED_EDGE('',*,*,#4055,.F.);
#4055 = EDGE_CURVE('',#3592,#4046,#4056,.T.);
#4056 = B_SPLINE_CURVE_WITH_KNOTS('',1,(#4057,#4058),.UNSPECIFIED.,.F.,
  .F.,(2,2),(0.,1.),.PIECEWISE_BEZIER_KNOTS.);
#4057 = CARTESIAN_POINT('',(-17.16379310344,-8.775862068966,
    188.24137931034));
#4058 = CARTESIAN_POINT('',(-13.,-8.775862068966,188.24137931034));
#4059 = ORIENTED_EDGE('',*,*,#3591,.T.);
#4060 = ORIENTED_EDGE('',*,*,#1261,.T.);
#4061 = ORIENTED_EDGE('',*,*,#4003,.F.);
#4062 = ORIENTED_EDGE('',*,*,#4063,.T.);
#4063 = EDGE_CURVE('',#3907,#3882,#4064,.T.);
#4064 = B_SPLINE_CURVE_WITH_KNOTS('',7,(#4065,#4066,#4067,#4068,#4069,
    #4070,#4071,#4072,#4073,#4074,#4075,#4076,#4077,#4078,#4079,#4080,
    #4081,#4082,#4083,#4084,#4085,#4086,#4087,#4088,#4089,#4090,#4091,
    #4092,#4093,#4094,#4095,#4096,#4097,#4098,#4099,#4100,#4101,#4102,
    #4103,#4104,#4105,#4106,#4107,#4108),.UNSPECIFIED.,.F.,.F.,(8,6,6,6,
    6,6,6,8),(0.,0.104353612413,0.164113979193,0.291284767351,
    0.421118633229,0.487541648057,0.610597717451,1.),.UNSPECIFIED.);
#4065 = CARTESIAN_POINT('',(-23.24853482598,17.,216.));
#4066 = CARTESIAN_POINT('',(-23.17506667155,16.922182421862,
    215.91619645431));
#4067 = CARTESIAN_POINT('',(-23.09875392871,16.845708185864,
    215.83383958477));
#4068 = CARTESIAN_POINT('',(-23.01959371538,16.770716894038,
    215.75307973204));
#4069 = CARTESIAN_POINT('',(-22.93759749571,16.69736023897,
    215.67408025735));
#4070 = CARTESIAN_POINT('',(-22.85279485761,16.625799437473,
    215.59701477881));
#4071 = CARTESIAN_POINT('',(-22.76523729032,16.556202664247,
    215.52206440765));
#4072 = CARTESIAN_POINT('',(-22.62332673766,16.450109946359,
    215.40781071146));
#4073 = CARTESIAN_POINT('',(-22.57077340298,16.412178133125,
    215.36696106644));
#4074 = CARTESIAN_POINT('',(-22.51735678803,16.374979610365,
    215.32690111885));
#4075 = CARTESIAN_POINT('',(-22.46309428317,16.338547156268,
    215.28766616828));
#4076 = CARTESIAN_POINT('',(-22.40800607603,16.302913521725,
    215.24929148493));
#4077 = CARTESIAN_POINT('',(-22.35211538864,16.268111189348,
    215.21181205006));
#4078 = CARTESIAN_POINT('',(-22.17486134191,16.161949406271,
    215.09748397598));
#4079 = CARTESIAN_POINT('',(-22.05074471467,16.093627139297,
    215.02390615001));
#4080 = CARTESIAN_POINT('',(-21.92337447622,16.029526943911,
    214.95487517036));
#4081 = CARTESIAN_POINT('',(-21.79306598484,15.969939182567,
    214.89070373507));
#4082 = CARTESIAN_POINT('',(-21.66017777695,15.915116180223,
    214.8316635787));
#4083 = CARTESIAN_POINT('',(-21.52511503047,15.865265436729,
    214.77797816263));
#4084 = CARTESIAN_POINT('',(-21.24868668003,15.774883707796,
    214.68064399301));
#4085 = CARTESIAN_POINT('',(-21.10722080429,15.734560441925,
    214.63721893745));
#4086 = CARTESIAN_POINT('',(-20.96441773245,15.699741061085,
    214.5997211427));
#4087 = CARTESIAN_POINT('',(-20.82074396663,15.670512164731,
    214.56824386971));
#4088 = CARTESIAN_POINT('',(-20.67664913179,15.646894241265,
    214.5428091829));
#4089 = CARTESIAN_POINT('',(-20.53256595228,15.628851741255,
    214.52337879827));
#4090 = CARTESIAN_POINT('',(-20.31541749878,15.609875376442,
    214.50294271309));
#4091 = CARTESIAN_POINT('',(-20.24203115514,15.604889011253,
    214.49757278134));
#4092 = CARTESIAN_POINT('',(-20.1688047515,15.60132722655,214.4937370132
    ));
#4093 = CARTESIAN_POINT('',(-20.09578750549,15.599175189004,
    214.49141943431));
#4094 = CARTESIAN_POINT('',(-20.02302545209,15.598415331847,
    214.4906011266));
#4095 = CARTESIAN_POINT('',(-19.95056157265,15.599027862002,
    214.49126077446));
#4096 = CARTESIAN_POINT('',(-19.74481508735,15.604628695085,
    214.49729244086));
#4097 = CARTESIAN_POINT('',(-19.61235653428,15.612902674816,
    214.50620288057));
#4098 = CARTESIAN_POINT('',(-19.48131056756,15.62567546636,
    214.51995819454));
#4099 = CARTESIAN_POINT('',(-19.35189053468,15.64279101193,
    214.53839032054));
#4100 = CARTESIAN_POINT('',(-19.22427610272,15.664082074964,
    214.56131915765));
#4101 = CARTESIAN_POINT('',(-19.09861653323,15.689377379119,
    214.58856025443));
#4102 = CARTESIAN_POINT('',(-18.58396558083,15.81069291419,
    214.71920775374));
#4103 = CARTESIAN_POINT('',(-18.21432294742,15.941139885383,
    214.85968910733));
#4104 = CARTESIAN_POINT('',(-17.86880199762,16.104530431022,
    215.03564815648));
#4105 = CARTESIAN_POINT('',(-17.54916973495,16.296046901649,
    215.24189666331));
#4106 = CARTESIAN_POINT('',(-17.25632933701,16.511352195546,
    215.47376390289));
#4107 = CARTESIAN_POINT('',(-16.99047803648,16.746837221521,
    215.72736316163));
#4108 = CARTESIAN_POINT('',(-16.75146517401,17.,216.));
#4109 = ORIENTED_EDGE('',*,*,#3881,.F.);
#4110 = ORIENTED_EDGE('',*,*,#4111,.T.);
#4111 = EDGE_CURVE('',#3810,#4112,#4114,.T.);
#4112 = VERTEX_POINT('',#4113);
#4113 = CARTESIAN_POINT('',(4.406730769231,16.,214.92307692307));
#4114 = B_SPLINE_CURVE_WITH_KNOTS('',8,(#4115,#4116,#4117,#4118,#4119,
    #4120,#4121,#4122,#4123,#4124,#4125,#4126,#4127,#4128,#4129,#4130,
    #4131,#4132,#4133,#4134,#4135,#4136,#4137,#4138,#4139,#4140,#4141,
    #4142,#4143,#4144,#4145,#4146,#4147,#4148,#4149,#4150,#4151,#4152,
    #4153,#4154,#4155,#4156,#4157,#4158,#4159,#4160,#4161,#4162,#4163,
    #4164,#4165,#4166,#4167,#4168,#4169,#4170,#4171,#4172,#4173,#4174,
    #4175,#4176,#4177,#4178,#4179,#4180,#4181,#4182,#4183,#4184,#4185,
    #4186,#4187,#4188,#4189,#4190,#4191,#4192,#4193,#4194,#4195,#4196,
    #4197,#4198,#4199,#4200,#4201,#4202,#4203,#4204,#4205,#4206,#4207),
  .UNSPECIFIED.,.F.,.F.,(9,7,7,7,7,7,7,7,7,7,7,7,7,9),(0.,
    1.843856073819E-02,0.209471314383,0.295760311937,0.376070362813,
    0.425263144075,0.458454957152,0.481620766098,0.537254326619,
    0.615295943858,0.64847187742,0.696854239632,0.775535756193,1.),
  .UNSPECIFIED.);
#4115 = CARTESIAN_POINT('',(-4.307316858048,17.,216.));
#4116 = CARTESIAN_POINT('',(-4.313880324817,16.969700002467,
    215.96736923342));
#4117 = CARTESIAN_POINT('',(-4.320196924068,16.939362600173,
    215.9346981848));
#4118 = CARTESIAN_POINT('',(-4.3262668137,16.90898914928,215.9019883146)
  );
#4119 = CARTESIAN_POINT('',(-4.332090132051,16.878581000626,
    215.86924107759));
#4120 = CARTESIAN_POINT('',(-4.337666997895,16.848139499722,
    215.83645792277));
#4121 = CARTESIAN_POINT('',(-4.342997510443,16.817665986754,
    215.80364029342));
#4122 = CARTESIAN_POINT('',(-4.348081749342,16.787161796581,
    215.77078962708));
#4123 = CARTESIAN_POINT('',(-4.403044148002,16.440285465193,
    215.39723050097));
#4124 = CARTESIAN_POINT('',(-4.426716506583,16.120944061754,
    215.05332437419));
#4125 = CARTESIAN_POINT('',(-4.424084270921,15.799842048804,
    214.7075222064));
#4126 = CARTESIAN_POINT('',(-4.39492704127,15.478429041989,
    214.36138512214));
#4127 = CARTESIAN_POINT('',(-4.338863725608,15.158370173723,
    214.01670634093));
#4128 = CARTESIAN_POINT('',(-4.255455748745,14.841543490716,
    213.67550837461));
#4129 = CARTESIAN_POINT('',(-4.144224326658,14.53004111811,
    213.34004428104));
#4130 = CARTESIAN_POINT('',(-3.941531750485,14.088933199692,
    212.86500498428));
#4131 = CARTESIAN_POINT('',(-3.87269248551,13.953289700114,
    212.71892736935));
#4132 = CARTESIAN_POINT('',(-3.798047641649,13.819490803435,
    212.57483624985));
#4133 = CARTESIAN_POINT('',(-3.717572305701,13.687797474816,
    212.43301266518));
#4134 = CARTESIAN_POINT('',(-3.631255396782,13.55849259516,
    212.29376125632));
#4135 = CARTESIAN_POINT('',(-3.539104058252,13.431878753035,
    212.15740788788));
#4136 = CARTESIAN_POINT('',(-3.441148049649,13.308276036595,
    212.02429727017));
#4137 = CARTESIAN_POINT('',(-3.240925849982,13.076096142237,
    211.77425738394));
#4138 = CARTESIAN_POINT('',(-3.139429356822,12.967072038566,
    211.65684681076));
#4139 = CARTESIAN_POINT('',(-3.03300552453,12.861223536318,
    211.54285611603));
#4140 = CARTESIAN_POINT('',(-2.921728718902,12.758838393374,
    211.43259519286));
#4141 = CARTESIAN_POINT('',(-2.805699647346,12.660213214379,
    211.32638346163));
#4142 = CARTESIAN_POINT('',(-2.685048972547,12.565649965542,
    211.22454611673));
#4143 = CARTESIAN_POINT('',(-2.559941698592,12.47545189349,
    211.12740973145));
#4144 = CARTESIAN_POINT('',(-2.35134508495,12.337526795873,
    210.97887501094));
#4145 = CARTESIAN_POINT('',(-2.270511849237,12.286884672785,
    210.92433733992));
#4146 = CARTESIAN_POINT('',(-2.188130032311,12.238061614336,
    210.87175866159));
#4147 = CARTESIAN_POINT('',(-2.104251445473,12.191125502613,
    210.82121207973));
#4148 = CARTESIAN_POINT('',(-2.018932577745,12.146142576119,
    210.77276892812));
#4149 = CARTESIAN_POINT('',(-1.932234872202,12.103177039499,
    210.72649835023));
#4150 = CARTESIAN_POINT('',(-1.844225002294,12.062290673265,
    210.6824668789));
#4151 = CARTESIAN_POINT('',(-1.694755652562,11.99739787586,
    210.61258232784));
#4152 = CARTESIAN_POINT('',(-1.63397131219,11.972226507951,
    210.58547470087));
#4153 = CARTESIAN_POINT('',(-1.572644179583,11.948046503882,
    210.55943469648));
#4154 = CARTESIAN_POINT('',(-1.51079717055,11.924875205115,
    210.53448099012));
#4155 = CARTESIAN_POINT('',(-1.448454064173,11.902729130491,
    210.51063137129));
#4156 = CARTESIAN_POINT('',(-1.385639502818,11.881623976227,
    210.48790274362));
#4157 = CARTESIAN_POINT('',(-1.322378992124,11.861574615924,
    210.46631112484));
#4158 = CARTESIAN_POINT('',(-1.214254181437,11.82934858625,
    210.4316061698));
#4159 = CARTESIAN_POINT('',(-1.169605019928,11.816623161346,
    210.41790186606));
#4160 = CARTESIAN_POINT('',(-1.124760372034,11.804423576561,
    210.40476385168));
#4161 = CARTESIAN_POINT('',(-1.079729349376,11.792754335001,
    210.39219697615));
#4162 = CARTESIAN_POINT('',(-1.034521219653,11.781619692164,
    210.38020582233));
#4163 = CARTESIAN_POINT('',(-0.989145406635,11.771023655939,
    210.36879470639));
#4164 = CARTESIAN_POINT('',(-0.943611490171,11.760969986606,
    210.35796767788));
#4165 = CARTESIAN_POINT('',(-0.788221484892,11.728628882502,
    210.32313879654));
#4166 = CARTESIAN_POINT('',(-0.677655841649,11.708943446227,
    210.30193909593));
#4167 = CARTESIAN_POINT('',(-0.566369782773,11.692454881874,
    210.28418218048));
#4168 = CARTESIAN_POINT('',(-0.454502504105,11.679202776566,
    210.26991068245));
#4169 = CARTESIAN_POINT('',(-0.342195172101,11.669217143166,
    210.25915692341));
#4170 = CARTESIAN_POINT('',(-0.229591204941,11.662518252748,
    210.25194273372));
#4171 = CARTESIAN_POINT('',(-0.116836553626,11.659116467074,
    210.24827927223));
#4172 = CARTESIAN_POINT('',(0.154092620595,11.65886562649,
    210.24800913622));
#4173 = CARTESIAN_POINT('',(0.31228388136,11.66520759845,210.25483895217
    ));
#4174 = CARTESIAN_POINT('',(0.470074931993,11.678040093232,
    210.26865856194));
#4175 = CARTESIAN_POINT('',(0.627062834472,11.697322748686,
    210.28942449858));
#4176 = CARTESIAN_POINT('',(0.782857905811,11.722977900312,
    210.31705312341));
#4177 = CARTESIAN_POINT('',(0.937081768003,11.754893121506,
    210.35142336162));
#4178 = CARTESIAN_POINT('',(1.089366122055,11.792921137952,
    210.3923766101));
#4179 = CARTESIAN_POINT('',(1.303112197081,11.855563051507,
    210.45983713239));
#4180 = CARTESIAN_POINT('',(1.366458963513,11.875320941481,
    210.48111486005));
#4181 = CARTESIAN_POINT('',(1.429366070419,11.896136939456,
    210.50353208864));
#4182 = CARTESIAN_POINT('',(1.49180789648,11.917996366564,
    210.52707301014));
#4183 = CARTESIAN_POINT('',(1.553759674066,11.940883711711,
    210.5517209203));
#4184 = CARTESIAN_POINT('',(1.615197489232,11.964782631575,
    210.57745821862));
#4185 = CARTESIAN_POINT('',(1.676098281719,11.989675950608,
    210.60426640834));
#4186 = CARTESIAN_POINT('',(1.824439399314,12.053272939987,
    210.67275547383));
#4187 = CARTESIAN_POINT('',(1.911250276826,12.093077245438,
    210.71562164893));
#4188 = CARTESIAN_POINT('',(1.996803242524,12.134902885825,
    210.76066464627));
#4189 = CARTESIAN_POINT('',(2.081034189273,12.178691474612,
    210.80782158804));
#4190 = CARTESIAN_POINT('',(2.163883885956,12.22438228823,
    210.85702707963));
#4191 = CARTESIAN_POINT('',(2.245297725663,12.271912624005,
    210.90821359508));
#4192 = CARTESIAN_POINT('',(2.32522547388,12.321218158094,
    210.96131186256));
#4193 = CARTESIAN_POINT('',(2.531111282077,12.455196367191,
    211.10559608774));
#4194 = CARTESIAN_POINT('',(2.654550789599,12.542681920189,
    211.19981129866));
#4195 = CARTESIAN_POINT('',(2.773743299554,12.634408333557,
    211.29859358998));
#4196 = CARTESIAN_POINT('',(2.888528213463,12.730090887104,
    211.40163633995));
#4197 = CARTESIAN_POINT('',(2.998777024401,12.829445281666,
    211.50863338025));
#4198 = CARTESIAN_POINT('',(3.104389767346,12.932191151466,
    211.6192827785));
#4199 = CARTESIAN_POINT('',(3.205291469522,13.038055576478,
    211.73329062082));
#4200 = CARTESIAN_POINT('',(3.575690580001,13.456938145161,
    212.18439492555));
#4201 = CARTESIAN_POINT('',(3.810727183533,13.789839138546,
    212.54290368766));
#4202 = CARTESIAN_POINT('',(4.006149528456,14.139960933922,
    212.91995792884));
#4203 = CARTESIAN_POINT('',(4.162132735629,14.502379217502,
    213.31025454192));
#4204 = CARTESIAN_POINT('',(4.279345127968,14.87279744288,
    213.70916647695));
#4205 = CARTESIAN_POINT('',(4.358675456178,15.24762407749,214.1128259296
    ));
#4206 = CARTESIAN_POINT('',(4.401036825725,15.624018971429,
    214.51817427692));
#4207 = CARTESIAN_POINT('',(4.406730769231,16.,214.92307692307));
#4208 = ORIENTED_EDGE('',*,*,#4209,.T.);
#4209 = EDGE_CURVE('',#4112,#3802,#4210,.T.);
#4210 = B_SPLINE_CURVE_WITH_KNOTS('',4,(#4211,#4212,#4213,#4214,#4215,
    #4216,#4217,#4218),.UNSPECIFIED.,.F.,.F.,(5,3,5),(0.,0.752839531547,
    1.),.UNSPECIFIED.);
#4211 = CARTESIAN_POINT('',(4.406730769231,16.,214.92307692307));
#4212 = CARTESIAN_POINT('',(4.409601706929,16.189573030757,
    215.12723249466));
#4213 = CARTESIAN_POINT('',(4.401595559475,16.378945785714,
    215.33117238461));
#4214 = CARTESIAN_POINT('',(4.382800258205,16.567564009215,
    215.53429970223));
#4215 = CARTESIAN_POINT('',(4.343473581025,16.816400557955,
    215.80227752395));
#4216 = CARTESIAN_POINT('',(4.33258826116,16.877764483011,
    215.86836175093));
#4217 = CARTESIAN_POINT('',(4.320536772906,16.938970760178,
    215.93427620326));
#4218 = CARTESIAN_POINT('',(4.307316858048,17.,216.));
#4219 = ORIENTED_EDGE('',*,*,#3801,.F.);
#4220 = ORIENTED_EDGE('',*,*,#4221,.T.);
#4221 = EDGE_CURVE('',#3705,#3678,#4222,.T.);
#4222 = B_SPLINE_CURVE_WITH_KNOTS('',7,(#4223,#4224,#4225,#4226,#4227,
    #4228,#4229,#4230,#4231,#4232,#4233,#4234,#4235,#4236,#4237,#4238,
    #4239,#4240,#4241,#4242,#4243,#4244,#4245,#4246,#4247,#4248,#4249,
    #4250,#4251,#4252,#4253,#4254,#4255,#4256,#4257,#4258,#4259,#4260,
    #4261,#4262,#4263,#4264,#4265,#4266),.UNSPECIFIED.,.F.,.F.,(8,6,6,6,
    6,6,6,8),(0.,0.387746563473,0.511614611608,0.577771905338,
    0.708464667463,0.835343403384,0.895250551619,1.),.UNSPECIFIED.);
#4223 = CARTESIAN_POINT('',(16.751465174017,17.,216.));
#4224 = CARTESIAN_POINT('',(16.989462656132,16.747912713945,
    215.72852138424));
#4225 = CARTESIAN_POINT('',(17.254073148812,16.513351061317,
    215.47591652757));
#4226 = CARTESIAN_POINT('',(17.545442972229,16.298789283012,
    215.24484999709));
#4227 = CARTESIAN_POINT('',(17.863376958229,16.10778595454,
    215.03915410488));
#4228 = CARTESIAN_POINT('',(18.206989825879,15.944615354384,
    214.8634319201));
#4229 = CARTESIAN_POINT('',(18.574551088821,15.814025364369,
    214.72279654624));
#4230 = CARTESIAN_POINT('',(19.087654466152,15.691627366128,
    214.59098331736));
#4231 = CARTESIAN_POINT('',(19.213995699448,15.665868666487,
    214.56324317929));
#4232 = CARTESIAN_POINT('',(19.342326545197,15.644156724362,
    214.53986108777));
#4233 = CARTESIAN_POINT('',(19.472496188312,15.626666351944,
    214.52102530209));
#4234 = CARTESIAN_POINT('',(19.604322749063,15.613568426952,
    214.50691984441));
#4235 = CARTESIAN_POINT('',(19.737589908893,15.605022576278,
    214.4977166206));
#4236 = CARTESIAN_POINT('',(19.94385453391,15.599112143294,
    214.49135153893));
#4237 = CARTESIAN_POINT('',(20.016003541872,15.598393144433,
    214.49057723246));
#4238 = CARTESIAN_POINT('',(20.088451151055,15.599034204419,
    214.49126760475));
#4239 = CARTESIAN_POINT('',(20.161155070085,15.601054990478,
    214.49344383589));
#4240 = CARTESIAN_POINT('',(20.234069997703,15.604472999458,
    214.49712476864));
#4241 = CARTESIAN_POINT('',(20.307147495196,15.609303061595,
    214.50232637402));
#4242 = CARTESIAN_POINT('',(20.524918396273,15.627911100115,
    214.52236580012));
#4243 = CARTESIAN_POINT('',(20.669952224114,15.645823033658,
    214.5416555747));
#4244 = CARTESIAN_POINT('',(20.815013420678,15.669382839129,
    214.5670276729));
#4245 = CARTESIAN_POINT('',(20.959661473181,15.698628401288,
    214.59852289369));
#4246 = CARTESIAN_POINT('',(21.103438234303,15.733540279256,
    214.63612030073));
#4247 = CARTESIAN_POINT('',(21.245867930171,15.774031234801,
    214.67972594517));
#4248 = CARTESIAN_POINT('',(21.5229456422,15.864489896023,
    214.77714296494));
#4249 = CARTESIAN_POINT('',(21.657725841671,15.914155464422,
    214.83062896168));
#4250 = CARTESIAN_POINT('',(21.790346616755,15.968772691925,
    214.88944751438));
#4251 = CARTESIAN_POINT('',(21.920405229387,16.028136057029,
    214.95337729218));
#4252 = CARTESIAN_POINT('',(22.047545007678,16.091995508536,
    215.02214900919));
#4253 = CARTESIAN_POINT('',(22.171451948707,16.160063139014,
    215.09545261124));
#4254 = CARTESIAN_POINT('',(22.34869916906,16.265994990591,
    215.20953306679));
#4255 = CARTESIAN_POINT('',(22.404768425672,16.300839087565,
    215.24705747891));
#4256 = CARTESIAN_POINT('',(22.460032290398,16.336519964421,
    215.2854830386));
#4257 = CARTESIAN_POINT('',(22.514467267884,16.373004912119,
    215.32477452074));
#4258 = CARTESIAN_POINT('',(22.568052928527,16.410260941492,
    215.36489639853));
#4259 = CARTESIAN_POINT('',(22.620771668831,16.448255027417,
    215.40581310644));
#4260 = CARTESIAN_POINT('',(22.763246678924,16.554621286339,
    215.52036138528));
#4261 = CARTESIAN_POINT('',(22.851188282716,16.624444324106,
    215.59555542596));
#4262 = CARTESIAN_POINT('',(22.936354837051,16.696248870623,
    215.67288339913));
#4263 = CARTESIAN_POINT('',(23.018694012189,16.769864752768,
    215.75216204144));
#4264 = CARTESIAN_POINT('',(23.098175743106,16.845128838065,
    215.83321567176));
#4265 = CARTESIAN_POINT('',(23.174788377864,16.921887652777,
    215.91587901068));
#4266 = CARTESIAN_POINT('',(23.248534825983,17.,216.));
#4267 = ORIENTED_EDGE('',*,*,#3677,.F.);
#4268 = ORIENTED_EDGE('',*,*,#4269,.T.);
#4269 = EDGE_CURVE('',#3651,#4023,#4270,.T.);
#4270 = B_SPLINE_CURVE_WITH_KNOTS('',4,(#4271,#4272,#4273,#4274,#4275),
  .UNSPECIFIED.,.F.,.F.,(5,5),(0.,1.),.PIECEWISE_BEZIER_KNOTS.);
#4271 = CARTESIAN_POINT('',(35.692683141952,17.,216.));
#4272 = CARTESIAN_POINT('',(35.663649088812,16.865965385398,
    215.85565503042));
#4273 = CARTESIAN_POINT('',(35.640546814204,16.732444054343,
    215.71186282775));
#4274 = CARTESIAN_POINT('',(35.623087871731,16.599647292971,
    215.56885093089));
#4275 = CARTESIAN_POINT('',(35.611039061316,16.467737662854,
    215.42679440615));
#4276 = B_SPLINE_SURFACE_WITH_KNOTS('',1,1,(
    (#4277,#4278)
    ,(#4279,#4280
    )),.UNSPECIFIED.,.F.,.F.,.F.,(2,2),(2,2),(0.,72.),(0.,1.),
  .PIECEWISE_BEZIER_KNOTS.);
#4277 = CARTESIAN_POINT('',(17.,-9.,188.));
#4278 = CARTESIAN_POINT('',(36.,17.,216.));
#4279 = CARTESIAN_POINT('',(-17.,-9.,188.));
#4280 = CARTESIAN_POINT('',(-36.,17.,216.));
#4281 = ADVANCED_FACE('',(#4282),#4300,.T.);
#4282 = FACE_BOUND('',#4283,.T.);
#4283 = EDGE_LOOP('',(#4284,#4291,#4292,#4293,#4294));
#4284 = ORIENTED_EDGE('',*,*,#4285,.F.);
#4285 = EDGE_CURVE('',#3555,#4286,#4288,.T.);
#4286 = VERTEX_POINT('',#4287);
#4287 = CARTESIAN_POINT('',(-19.,-7.,198.));
#4288 = B_SPLINE_CURVE_WITH_KNOTS('',1,(#4289,#4290),.UNSPECIFIED.,.F.,
  .F.,(2,2),(0.,1.),.PIECEWISE_BEZIER_KNOTS.);
#4289 = CARTESIAN_POINT('',(-19.,-9.,188.));
#4290 = CARTESIAN_POINT('',(-19.,-7.,198.));
#4291 = ORIENTED_EDGE('',*,*,#3570,.T.);
#4292 = ORIENTED_EDGE('',*,*,#1511,.T.);
#4293 = ORIENTED_EDGE('',*,*,#1533,.T.);
#4294 = ORIENTED_EDGE('',*,*,#4295,.F.);
#4295 = EDGE_CURVE('',#4286,#1534,#4296,.T.);
#4296 = LINE('',#4297,#4298);
#4297 = CARTESIAN_POINT('',(-19.,-7.,198.));
#4298 = VECTOR('',#4299,1.);
#4299 = DIRECTION('',(0.,-1.,0.));
#4300 = B_SPLINE_SURFACE_WITH_KNOTS('',1,1,(
    (#4301,#4302)
    ,(#4303,#4304
    )),.UNSPECIFIED.,.F.,.F.,.F.,(2,2),(2,2),(0.,12.),(0.,1.),
  .PIECEWISE_BEZIER_KNOTS.);
#4301 = CARTESIAN_POINT('',(-19.,-9.,188.));
#4302 = CARTESIAN_POINT('',(-19.,-7.,198.));
#4303 = CARTESIAN_POINT('',(-19.,-21.,188.));
#4304 = CARTESIAN_POINT('',(-19.,-17.,198.));
#4305 = ADVANCED_FACE('',(#4306),#4330,.T.);
#4306 = FACE_BOUND('',#4307,.T.);
#4307 = EDGE_LOOP('',(#4308,#4309,#4310,#4317,#4325));
#4308 = ORIENTED_EDGE('',*,*,#1556,.F.);
#4309 = ORIENTED_EDGE('',*,*,#1992,.T.);
#4310 = ORIENTED_EDGE('',*,*,#4311,.T.);
#4311 = EDGE_CURVE('',#1986,#4312,#4314,.T.);
#4312 = VERTEX_POINT('',#4313);
#4313 = CARTESIAN_POINT('',(-13.,-13.,226.));
#4314 = B_SPLINE_CURVE_WITH_KNOTS('',1,(#4315,#4316),.UNSPECIFIED.,.F.,
  .F.,(2,2),(0.,1.),.PIECEWISE_BEZIER_KNOTS.);
#4315 = CARTESIAN_POINT('',(-13.,-17.,198.));
#4316 = CARTESIAN_POINT('',(-13.,-13.,226.));
#4317 = ORIENTED_EDGE('',*,*,#4318,.F.);
#4318 = EDGE_CURVE('',#4319,#4312,#4321,.T.);
#4319 = VERTEX_POINT('',#4320);
#4320 = CARTESIAN_POINT('',(-19.,-13.,226.));
#4321 = LINE('',#4322,#4323);
#4322 = CARTESIAN_POINT('',(-19.,-13.,226.));
#4323 = VECTOR('',#4324,1.);
#4324 = DIRECTION('',(1.,0.,0.));
#4325 = ORIENTED_EDGE('',*,*,#4326,.F.);
#4326 = EDGE_CURVE('',#1547,#4319,#4327,.T.);
#4327 = B_SPLINE_CURVE_WITH_KNOTS('',1,(#4328,#4329),.UNSPECIFIED.,.F.,
  .F.,(2,2),(0.,1.),.PIECEWISE_BEZIER_KNOTS.);
#4328 = CARTESIAN_POINT('',(-19.,-17.,198.));
#4329 = CARTESIAN_POINT('',(-19.,-13.,226.));
#4330 = PLANE('',#4331);
#4331 = AXIS2_PLACEMENT_3D('',#4332,#4333,#4334);
#4332 = CARTESIAN_POINT('',(-19.,-13.,226.));
#4333 = DIRECTION('',(0.,-0.989949493661,0.141421356237));
#4334 = DIRECTION('',(1.,0.,0.));
#4335 = ADVANCED_FACE('',(#4336),#4354,.T.);
#4336 = FACE_BOUND('',#4337,.T.);
#4337 = EDGE_LOOP('',(#4338,#4345,#4346,#4347,#4348));
#4338 = ORIENTED_EDGE('',*,*,#4339,.F.);
#4339 = EDGE_CURVE('',#4286,#4340,#4342,.T.);
#4340 = VERTEX_POINT('',#4341);
#4341 = CARTESIAN_POINT('',(-19.,-5.,226.));
#4342 = B_SPLINE_CURVE_WITH_KNOTS('',1,(#4343,#4344),.UNSPECIFIED.,.F.,
  .F.,(2,2),(0.,1.),.PIECEWISE_BEZIER_KNOTS.);
#4343 = CARTESIAN_POINT('',(-19.,-7.,198.));
#4344 = CARTESIAN_POINT('',(-19.,-5.,226.));
#4345 = ORIENTED_EDGE('',*,*,#4295,.T.);
#4346 = ORIENTED_EDGE('',*,*,#1546,.T.);
#4347 = ORIENTED_EDGE('',*,*,#4326,.T.);
#4348 = ORIENTED_EDGE('',*,*,#4349,.F.);
#4349 = EDGE_CURVE('',#4340,#4319,#4350,.T.);
#4350 = LINE('',#4351,#4352);
#4351 = CARTESIAN_POINT('',(-19.,-5.,226.));
#4352 = VECTOR('',#4353,1.);
#4353 = DIRECTION('',(0.,-1.,0.));
#4354 = B_SPLINE_SURFACE_WITH_KNOTS('',1,1,(
    (#4355,#4356)
    ,(#4357,#4358
    )),.UNSPECIFIED.,.F.,.F.,.F.,(2,2),(2,2),(0.,10.),(0.,1.),
  .PIECEWISE_BEZIER_KNOTS.);
#4355 = CARTESIAN_POINT('',(-19.,-7.,198.));
#4356 = CARTESIAN_POINT('',(-19.,-5.,226.));
#4357 = CARTESIAN_POINT('',(-19.,-17.,198.));
#4358 = CARTESIAN_POINT('',(-19.,-13.,226.));
#4359 = ADVANCED_FACE('',(#4360),#4369,.T.);
#4360 = FACE_BOUND('',#4361,.T.);
#4361 = EDGE_LOOP('',(#4362,#4367,#4368));
#4362 = ORIENTED_EDGE('',*,*,#4363,.F.);
#4363 = EDGE_CURVE('',#2579,#1601,#4364,.T.);
#4364 = B_SPLINE_CURVE_WITH_KNOTS('',1,(#4365,#4366),.UNSPECIFIED.,.F.,
  .F.,(2,2),(0.,1.),.PIECEWISE_BEZIER_KNOTS.);
#4365 = CARTESIAN_POINT('',(-19.,-21.,188.));
#4366 = CARTESIAN_POINT('',(-19.,-17.,198.));
#4367 = ORIENTED_EDGE('',*,*,#2586,.T.);
#4368 = ORIENTED_EDGE('',*,*,#1613,.T.);
#4369 = PLANE('',#4370);
#4370 = AXIS2_PLACEMENT_3D('',#4371,#4372,#4373);
#4371 = CARTESIAN_POINT('',(-19.,-17.,198.));
#4372 = DIRECTION('',(0.,-0.928476690885,0.371390676354));
#4373 = DIRECTION('',(1.,0.,0.));
#4374 = ADVANCED_FACE('',(#4375),#4392,.T.);
#4375 = FACE_BOUND('',#4376,.T.);
#4376 = EDGE_LOOP('',(#4377,#4378,#4384,#4385,#4386,#4391));
#4377 = ORIENTED_EDGE('',*,*,#1907,.F.);
#4378 = ORIENTED_EDGE('',*,*,#4379,.T.);
#4379 = EDGE_CURVE('',#1900,#2943,#4380,.T.);
#4380 = LINE('',#4381,#4382);
#4381 = CARTESIAN_POINT('',(63.,36.,243.));
#4382 = VECTOR('',#4383,1.);
#4383 = DIRECTION('',(-0.707106781187,0.707106781187,0.));
#4384 = ORIENTED_EDGE('',*,*,#2942,.T.);
#4385 = ORIENTED_EDGE('',*,*,#3115,.T.);
#4386 = ORIENTED_EDGE('',*,*,#4387,.T.);
#4387 = EDGE_CURVE('',#3116,#1868,#4388,.T.);
#4388 = B_SPLINE_CURVE_WITH_KNOTS('',1,(#4389,#4390),.UNSPECIFIED.,.F.,
  .F.,(2,2),(0.,1.),.PIECEWISE_BEZIER_KNOTS.);
#4389 = CARTESIAN_POINT('',(54.467411545624,39.370577281192,
    245.34636871508));
#4390 = CARTESIAN_POINT('',(59.443202979516,34.3947858473,
    245.34636871508));
#4391 = ORIENTED_EDGE('',*,*,#1874,.T.);
#4392 = B_SPLINE_SURFACE_WITH_KNOTS('',1,1,(
    (#4393,#4394)
    ,(#4395,#4396
    )),.UNSPECIFIED.,.F.,.F.,.F.,(2,2),(2,2),(0.,9.899494936612),(0.,1.)
  ,.PIECEWISE_BEZIER_KNOTS.);
#4393 = CARTESIAN_POINT('',(63.,36.,243.));
#4394 = CARTESIAN_POINT('',(57.,31.,248.));
#4395 = CARTESIAN_POINT('',(56.,43.,243.));
#4396 = CARTESIAN_POINT('',(51.,37.,248.));
#4397 = ADVANCED_FACE('',(#4398),#4444,.F.);
#4398 = FACE_BOUND('',#4399,.F.);
#4399 = EDGE_LOOP('',(#4400,#4401,#4442,#4443));
#4400 = ORIENTED_EDGE('',*,*,#1867,.F.);
#4401 = ORIENTED_EDGE('',*,*,#4402,.T.);
#4402 = EDGE_CURVE('',#1854,#3126,#4403,.T.);
#4403 = B_SPLINE_CURVE_WITH_KNOTS('',5,(#4404,#4405,#4406,#4407,#4408,
    #4409,#4410,#4411,#4412,#4413,#4414,#4415,#4416,#4417,#4418,#4419,
    #4420,#4421,#4422,#4423,#4424,#4425,#4426,#4427,#4428,#4429,#4430,
    #4431,#4432,#4433,#4434,#4435,#4436,#4437,#4438,#4439,#4440,#4441),
  .UNSPECIFIED.,.F.,.F.,(6,4,4,4,4,4,4,4,4,6),(0.,9.110422732147E-02,
    0.178497050587,0.26451236862,0.350366621242,0.482427589045,
    0.561346451658,0.728220222075,0.920943377707,1.),.UNSPECIFIED.);
#4404 = CARTESIAN_POINT('',(44.202337547763,17.828627769307,
    227.45491799085));
#4405 = CARTESIAN_POINT('',(44.150220794907,17.949764670167,
    227.4937418241));
#4406 = CARTESIAN_POINT('',(44.09373386194,18.068931511313,
    227.52899927245));
#4407 = CARTESIAN_POINT('',(44.032983073169,18.185911780631,
    227.56062835526));
#4408 = CARTESIAN_POINT('',(43.968090901747,18.300499398655,
    227.58858204397));
#4409 = CARTESIAN_POINT('',(43.833107679379,18.519935410137,
    227.63608673785));
#4410 = CARTESIAN_POINT('',(43.763335800639,18.624990784555,
    227.65593370417));
#4411 = CARTESIAN_POINT('',(43.690002758811,18.727492308175,
    227.67234097517));
#4412 = CARTESIAN_POINT('',(43.613242320457,18.827278882819,
    227.68529317684));
#4413 = CARTESIAN_POINT('',(43.454418517626,19.019595103078,
    227.70413266164));
#4414 = CARTESIAN_POINT('',(43.37245745269,19.11221459627,
    227.71012802754));
#4415 = CARTESIAN_POINT('',(43.287454738185,19.201916835844,
    227.71277151039));
#4416 = CARTESIAN_POINT('',(43.19955655066,19.288571643107,
    227.71207210899));
#4417 = CARTESIAN_POINT('',(43.018446981055,19.455394321479,
    227.70403573267));
#4418 = CARTESIAN_POINT('',(42.925245489967,19.535574157689,
    227.6967110518));
#4419 = CARTESIAN_POINT('',(42.829465473214,19.612483681108,
    227.6860963993));
#4420 = CARTESIAN_POINT('',(42.731264781914,19.686018653549,
    227.67222193244));
#4421 = CARTESIAN_POINT('',(42.476280544024,19.86386755781,
    227.62883330728));
#4422 = CARTESIAN_POINT('',(42.316411473194,19.963447036613,
    227.59492041176));
#4423 = CARTESIAN_POINT('',(42.151790144355,20.054492086767,
    227.553533755));
#4424 = CARTESIAN_POINT('',(41.983021733105,20.136742618654,
    227.50486744786));
#4425 = CARTESIAN_POINT('',(41.707745108413,20.253776129207,
    227.41585569616));
#4426 = CARTESIAN_POINT('',(41.60351147103,20.294341536968,
    227.38004231699));
#4427 = CARTESIAN_POINT('',(41.49814342883,20.331652663891,
    227.34176030215));
#4428 = CARTESIAN_POINT('',(41.391770192037,20.365674565651,
    227.30106267619));
#4429 = CARTESIAN_POINT('',(41.057741539425,20.461305416584,
    227.16696391275));
#4430 = CARTESIAN_POINT('',(40.82704515285,20.511400671581,
    227.06537577624));
#4431 = CARTESIAN_POINT('',(40.593645460479,20.546403869928,
    226.95377774835));
#4432 = CARTESIAN_POINT('',(40.358744444357,20.566185870225,
    226.83277330195));
#4433 = CARTESIAN_POINT('',(39.85186704731,20.575950599827,
    226.55314742651));
#4434 = CARTESIAN_POINT('',(39.579788934998,20.560842538227,
    226.39160520368));
#4435 = CARTESIAN_POINT('',(39.309102219498,20.525350139841,
    226.21937945212));
#4436 = CARTESIAN_POINT('',(39.041627455329,20.46960221363,
    226.03756668879));
#4437 = CARTESIAN_POINT('',(38.671537831582,20.36286144958,
    225.76934959565));
#4438 = CARTESIAN_POINT('',(38.564733061892,20.328456570524,
    225.68991916823));
#4439 = CARTESIAN_POINT('',(38.458903963943,20.290717789018,
    225.60916223604));
#4440 = CARTESIAN_POINT('',(38.354178710794,20.249673138158,
    225.52716666503));
#4441 = CARTESIAN_POINT('',(38.250686675041,20.205356979594,
    225.44402455573));
#4442 = ORIENTED_EDGE('',*,*,#3125,.T.);
#4443 = ORIENTED_EDGE('',*,*,#4387,.T.);
#4444 = B_SPLINE_SURFACE_WITH_KNOTS('',1,1,(
    (#4445,#4446)
    ,(#4447,#4448
    )),.UNSPECIFIED.,.F.,.F.,.F.,(2,2),(2,2),(0.,7.071067811865),(0.,1.)
  ,.PIECEWISE_BEZIER_KNOTS.);
#4445 = CARTESIAN_POINT('',(37.,10.,219.));
#4446 = CARTESIAN_POINT('',(60.,35.,246.));
#4447 = CARTESIAN_POINT('',(33.,14.,219.));
#4448 = CARTESIAN_POINT('',(55.,40.,246.));
#4449 = ADVANCED_FACE('',(#4450),#4616,.F.);
#4450 = FACE_BOUND('',#4451,.F.);
#4451 = EDGE_LOOP('',(#4452,#4453,#4461,#4501,#4502,#4503,#4550,#4558,
    #4559,#4567,#4568,#4569,#4614,#4615));
#4452 = ORIENTED_EDGE('',*,*,#1853,.F.);
#4453 = ORIENTED_EDGE('',*,*,#4454,.F.);
#4454 = EDGE_CURVE('',#4455,#1787,#4457,.T.);
#4455 = VERTEX_POINT('',#4456);
#4456 = CARTESIAN_POINT('',(44.483645580025,16.,220.39257457958));
#4457 = LINE('',#4458,#4459);
#4458 = CARTESIAN_POINT('',(44.,16.,186.));
#4459 = VECTOR('',#4460,1.);
#4460 = DIRECTION('',(1.406110974904E-02,-3.443978609324E-18,
    0.999901137709));
#4461 = ORIENTED_EDGE('',*,*,#4462,.T.);
#4462 = EDGE_CURVE('',#4455,#3644,#4463,.T.);
#4463 = B_SPLINE_CURVE_WITH_KNOTS('',6,(#4464,#4465,#4466,#4467,#4468,
    #4469,#4470,#4471,#4472,#4473,#4474,#4475,#4476,#4477,#4478,#4479,
    #4480,#4481,#4482,#4483,#4484,#4485,#4486,#4487,#4488,#4489,#4490,
    #4491,#4492,#4493,#4494,#4495,#4496,#4497,#4498,#4499,#4500),
  .UNSPECIFIED.,.F.,.F.,(7,5,5,5,5,5,5,7),(0.,0.160321676547,
    0.3290298892,0.484908413016,0.571011121663,0.741768539087,
    0.928528103191,1.),.UNSPECIFIED.);
#4464 = CARTESIAN_POINT('',(44.483645580025,16.,220.39257457958));
#4465 = CARTESIAN_POINT('',(44.485639667416,16.239594114416,
    220.5343763502));
#4466 = CARTESIAN_POINT('',(44.472136840282,16.478618843266,
    220.66674790121));
#4467 = CARTESIAN_POINT('',(44.443297440472,16.71580790894,
    220.78904009639));
#4468 = CARTESIAN_POINT('',(44.399416466764,16.949946595334,
    220.90071310166));
#4469 = CARTESIAN_POINT('',(44.340913731624,17.179875411886,
    221.00133275814));
#4470 = CARTESIAN_POINT('',(44.191937086937,17.640862042015,
    221.18446905395));
#4471 = CARTESIAN_POINT('',(44.099947635743,17.87135974508,
    221.2657673757));
#4472 = CARTESIAN_POINT('',(43.992980975636,18.094701054165,
    221.33407423488));
#4473 = CARTESIAN_POINT('',(43.87179380225,18.309710137143,
    221.3891436166));
#4474 = CARTESIAN_POINT('',(43.737256372358,18.515323434296,
    221.43086206042));
#4475 = CARTESIAN_POINT('',(43.45458588651,18.891010956044,
    221.48545901628));
#4476 = CARTESIAN_POINT('',(43.308259416352,19.062606047521,
    221.50029059836));
#4477 = CARTESIAN_POINT('',(43.15211355672,19.224633310306,
    221.50374272629));
#4478 = CARTESIAN_POINT('',(42.986956652144,19.376455677725,
    221.49591593275));
#4479 = CARTESIAN_POINT('',(42.813629978924,19.517533760545,
    221.47698741229));
#4480 = CARTESIAN_POINT('',(42.533210753179,19.719160176901,
    221.43073945896));
#4481 = CARTESIAN_POINT('',(42.431198620064,19.787488692057,
    221.41096863972));
#4482 = CARTESIAN_POINT('',(42.327097638744,19.852326881376,
    221.38792308789));
#4483 = CARTESIAN_POINT('',(42.221051793304,19.913608072882,
    221.36164818232));
#4484 = CARTESIAN_POINT('',(42.113204902574,19.9712734186,
    221.33219379721));
#4485 = CARTESIAN_POINT('',(41.786531423955,20.132358226996,
    221.23500044729));
#4486 = CARTESIAN_POINT('',(41.562846123277,20.225018065074,
    221.15809419751));
#4487 = CARTESIAN_POINT('',(41.333750904345,20.302850939694,
    221.06930977802));
#4488 = CARTESIAN_POINT('',(41.100344146507,20.365558878663,
    220.96911699303));
#4489 = CARTESIAN_POINT('',(40.863704856216,20.412921509208,
    220.85801982318));
#4490 = CARTESIAN_POINT('',(40.363678044523,20.479607299045,
    220.60366748426));
#4491 = CARTESIAN_POINT('',(40.099880719887,20.495884168517,
    220.45838373884));
#4492 = CARTESIAN_POINT('',(39.83484065797,20.493391284846,
    220.30135353165));
#4493 = CARTESIAN_POINT('',(39.569937332071,20.471969484551,
    220.13329313149));
#4494 = CARTESIAN_POINT('',(39.306575615685,20.431527222778,
    219.95497340518));
#4495 = CARTESIAN_POINT('',(38.946534440409,20.349242443072,
    219.69534730117));
#4496 = CARTESIAN_POINT('',(38.847321914723,20.323676158198,
    219.62210756454));
#4497 = CARTESIAN_POINT('',(38.748629017157,20.295315668282,
    219.54753275014));
#4498 = CARTESIAN_POINT('',(38.650539975003,20.264160856386,
    219.47167222712));
#4499 = CARTESIAN_POINT('',(38.553141323889,20.230213741816,
    219.39457797334));
#4500 = CARTESIAN_POINT('',(38.456521907783,20.193478480118,
    219.3163045755));
#4501 = ORIENTED_EDGE('',*,*,#3650,.T.);
#4502 = ORIENTED_EDGE('',*,*,#4269,.T.);
#4503 = ORIENTED_EDGE('',*,*,#4504,.T.);
#4504 = EDGE_CURVE('',#4023,#4505,#4507,.T.);
#4505 = VERTEX_POINT('',#4506);
#4506 = CARTESIAN_POINT('',(40.648253347854,11.632264863665,
    215.55232244272));
#4507 = B_SPLINE_CURVE_WITH_KNOTS('',5,(#4508,#4509,#4510,#4511,#4512,
    #4513,#4514,#4515,#4516,#4517,#4518,#4519,#4520,#4521,#4522,#4523,
    #4524,#4525,#4526,#4527,#4528,#4529,#4530,#4531,#4532,#4533,#4534,
    #4535,#4536,#4537,#4538,#4539,#4540,#4541,#4542,#4543,#4544,#4545,
    #4546,#4547,#4548,#4549),.UNSPECIFIED.,.F.,.F.,(6,4,4,4,4,4,4,4,4,4,
    6),(0.,8.259343079286E-02,0.135314124634,0.265055357057,
    0.349504025373,0.429023447223,0.521747623586,0.610826105018,
    0.703953876961,0.834881862365,1.),.UNSPECIFIED.);
#4508 = CARTESIAN_POINT('',(35.611039061316,16.467737662854,
    215.42679440615));
#4509 = CARTESIAN_POINT('',(35.598364799538,16.336965964155,
    215.33753914185));
#4510 = CARTESIAN_POINT('',(35.590463172075,16.205159060078,
    215.25060938889));
#4511 = CARTESIAN_POINT('',(35.587443731773,16.072575425829,
    215.1662341425));
#4512 = CARTESIAN_POINT('',(35.58939318054,15.939497041509,
    215.08464280483));
#4513 = CARTESIAN_POINT('',(35.600812630086,15.721163174517,
    214.95589605619));
#4514 = CARTESIAN_POINT('',(35.607307527195,15.636019088889,
    214.90695878334));
#4515 = CARTESIAN_POINT('',(35.615861802917,15.550876724704,
    214.85930397274));
#4516 = CARTESIAN_POINT('',(35.626483069135,15.465817337652,
    214.81298691977));
#4517 = CARTESIAN_POINT('',(35.670401362005,15.172009387677,
    214.65750002202));
#4518 = CARTESIAN_POINT('',(35.714159085135,14.964088684765,
    214.55535416793));
#4519 = CARTESIAN_POINT('',(35.770462443492,14.758433916984,
    214.46242440207));
#4520 = CARTESIAN_POINT('',(35.839099778464,14.556280429079,
    214.37934768469));
#4521 = CARTESIAN_POINT('',(35.97203371402,14.230299700518,
    214.25922968015));
#4522 = CARTESIAN_POINT('',(36.0294829646,14.103759735186,
    214.21623990208));
#4523 = CARTESIAN_POINT('',(36.091848049883,13.979528557088,
    214.17774544433));
#4524 = CARTESIAN_POINT('',(36.158973926188,13.857903494625,
    214.14383483961));
#4525 = CARTESIAN_POINT('',(36.29819420219,13.62734613787,
    214.08700287825));
#4526 = CARTESIAN_POINT('',(36.369770681689,13.518086029315,
    214.06355528684));
#4527 = CARTESIAN_POINT('',(36.445253105968,13.411607351466,
    214.04426872907));
#4528 = CARTESIAN_POINT('',(36.524470874793,13.308112793862,
    214.0291631716));
#4529 = CARTESIAN_POINT('',(36.703752116154,13.090795779373,
    214.00549646832));
#4530 = CARTESIAN_POINT('',(36.805093620783,12.978111117131,
    213.99843850359));
#4531 = CARTESIAN_POINT('',(36.910971340444,12.870018355371,
    213.99706025517));
#4532 = CARTESIAN_POINT('',(37.021074187868,12.766759102453,
    214.00131849175));
#4533 = CARTESIAN_POINT('',(37.244597042713,12.574181249165,
    214.02057315939));
#4534 = CARTESIAN_POINT('',(37.357717186622,12.48447348549,
    214.03514086264));
#4535 = CARTESIAN_POINT('',(37.474149160395,12.399597836328,
    214.05477590907));
#4536 = CARTESIAN_POINT('',(37.593597171802,12.319701981311,
    214.07938613971));
#4537 = CARTESIAN_POINT('',(37.843472786651,12.166709218416,
    214.13966880315));
#4538 = CARTESIAN_POINT('',(37.97415334587,12.09408626583,
    214.17579353616));
#4539 = CARTESIAN_POINT('',(38.107454163595,12.027172361156,
    214.21710094873));
#4540 = CARTESIAN_POINT('',(38.243025487884,11.966068954363,
    214.26343654184));
#4541 = CARTESIAN_POINT('',(38.57380793968,11.833201894806,
    214.38658389701));
#4542 = CARTESIAN_POINT('',(38.770894490571,11.767177321198,
    214.46813357176));
#4543 = CARTESIAN_POINT('',(38.970787094575,11.712959998957,
    214.5587759693));
#4544 = CARTESIAN_POINT('',(39.172512930547,11.670603593264,
    214.65793917037));
#4545 = CARTESIAN_POINT('',(39.630623761064,11.6015067735,
    214.89999233261));
#4546 = CARTESIAN_POINT('',(39.887537270646,11.581731106525,
    215.04754476801));
#4547 = CARTESIAN_POINT('',(40.143933608882,11.580591237272,
    215.20637101538));
#4548 = CARTESIAN_POINT('',(40.398042032901,11.597648381736,
    215.37509625799));
#4549 = CARTESIAN_POINT('',(40.648253347854,11.632264863665,
    215.55232244272));
#4550 = ORIENTED_EDGE('',*,*,#4551,.T.);
#4551 = EDGE_CURVE('',#4505,#2860,#4552,.T.);
#4552 = B_SPLINE_CURVE_WITH_KNOTS('',4,(#4553,#4554,#4555,#4556,#4557),
  .UNSPECIFIED.,.F.,.F.,(5,5),(0.,1.),.PIECEWISE_BEZIER_KNOTS.);
#4553 = CARTESIAN_POINT('',(40.648253347854,11.632264863665,
    215.55232244272));
#4554 = CARTESIAN_POINT('',(40.735519620721,11.643637829248,
    215.66338860819));
#4555 = CARTESIAN_POINT('',(40.823258627487,11.657435958879,
    215.77505643498));
#4556 = CARTESIAN_POINT('',(40.911433630373,11.673748595036,
    215.88727916592));
#4557 = CARTESIAN_POINT('',(41.,11.692683141952,216.));
#4558 = ORIENTED_EDGE('',*,*,#2867,.T.);
#4559 = ORIENTED_EDGE('',*,*,#4560,.T.);
#4560 = EDGE_CURVE('',#2868,#4455,#4561,.T.);
#4561 = B_SPLINE_CURVE_WITH_KNOTS('',4,(#4562,#4563,#4564,#4565,#4566),
  .UNSPECIFIED.,.F.,.F.,(5,5),(0.,1.),.PIECEWISE_BEZIER_KNOTS.);
#4562 = CARTESIAN_POINT('',(44.477111858877,15.793212936957,
    220.26736455407));
#4563 = CARTESIAN_POINT('',(44.479950591903,15.844916375115,
    220.29937843716));
#4564 = CARTESIAN_POINT('',(44.48198465903,15.896627986638,
    220.33092481376));
#4565 = CARTESIAN_POINT('',(44.483215532137,15.948328772968,
    220.36199339647));
#4566 = CARTESIAN_POINT('',(44.483645580025,16.,220.39257457958));
#4567 = ORIENTED_EDGE('',*,*,#4454,.T.);
#4568 = ORIENTED_EDGE('',*,*,#1786,.F.);
#4569 = ORIENTED_EDGE('',*,*,#4570,.F.);
#4570 = EDGE_CURVE('',#2974,#1780,#4571,.T.);
#4571 = B_SPLINE_CURVE_WITH_KNOTS('',6,(#4572,#4573,#4574,#4575,#4576,
    #4577,#4578,#4579,#4580,#4581,#4582,#4583,#4584,#4585,#4586,#4587,
    #4588,#4589,#4590,#4591,#4592,#4593,#4594,#4595,#4596,#4597,#4598,
    #4599,#4600,#4601,#4602,#4603,#4604,#4605,#4606,#4607,#4608,#4609,
    #4610,#4611,#4612,#4613),.UNSPECIFIED.,.F.,.F.,(7,5,5,5,5,5,5,5,7),(
    0.,0.200272154426,0.357530649459,0.499361465962,0.591690423562,
    0.700575843454,0.809522240539,0.902562022869,1.),.UNSPECIFIED.);
#4572 = CARTESIAN_POINT('',(35.628376782196,17.106263469868,
    222.22573514178));
#4573 = CARTESIAN_POINT('',(35.57305817671,16.878534277734,
    222.06652075562));
#4574 = CARTESIAN_POINT('',(35.531926968597,16.647656340887,
    221.91351561158));
#4575 = CARTESIAN_POINT('',(35.505240970194,16.414976234927,
    221.76762217788));
#4576 = CARTESIAN_POINT('',(35.493025851889,16.181797432155,
    221.62958809727));
#4577 = CARTESIAN_POINT('',(35.495137709449,15.949372599489,
    221.50003704877));
#4578 = CARTESIAN_POINT('',(35.52393580579,15.537933679493,
    221.28480158547));
#4579 = CARTESIAN_POINT('',(35.545247796489,15.358155710133,
    221.19566447247));
#4580 = CARTESIAN_POINT('',(35.575059090329,15.180136186939,
    221.11229734346));
#4581 = CARTESIAN_POINT('',(35.613171257799,15.004392749164,
    221.03487975391));
#4582 = CARTESIAN_POINT('',(35.659347691378,14.831398246831,
    220.96354459024));
#4583 = CARTESIAN_POINT('',(35.762012442049,14.508430883961,
    220.83962437088));
#4584 = CARTESIAN_POINT('',(35.817045195609,14.357862712452,
    220.78588569828));
#4585 = CARTESIAN_POINT('',(35.878235847532,14.210193671273,
    220.73724160432));
#4586 = CARTESIAN_POINT('',(35.94537987746,14.065707190224,
    220.69373647557));
#4587 = CARTESIAN_POINT('',(36.018264370871,13.924660505904,
    220.65539524318));
#4588 = CARTESIAN_POINT('',(36.147716781855,13.697861871559,
    220.60063799254));
#4589 = CARTESIAN_POINT('',(36.201101119661,13.609992658426,
    220.58124025017));
#4590 = CARTESIAN_POINT('',(36.256767216208,13.523745046855,
    220.56403814797));
#4591 = CARTESIAN_POINT('',(36.314655108514,13.439180052495,
    220.54903227806));
#4592 = CARTESIAN_POINT('',(36.374704497443,13.35635535973,
    220.53622116966));
#4593 = CARTESIAN_POINT('',(36.510149803469,13.179764947708,
    220.51307704753));
#4594 = CARTESIAN_POINT('',(36.586366701634,13.086701032232,
    220.5036006003));
#4595 = CARTESIAN_POINT('',(36.665406314272,12.996222468228,
    220.49716619015));
#4596 = CARTESIAN_POINT('',(36.74716920076,12.908413929064,
    220.49376551052));
#4597 = CARTESIAN_POINT('',(36.831555607777,12.823355868508,
    220.49338770541));
#4598 = CARTESIAN_POINT('',(37.005424001438,12.658847122352,
    220.49865250713));
#4599 = CARTESIAN_POINT('',(37.094908586989,12.579400004917,
    220.50429858294));
#4600 = CARTESIAN_POINT('',(37.186819251738,12.502859672383,
    220.51294439481));
#4601 = CARTESIAN_POINT('',(37.281054930166,12.429300077626,
    220.52457469188));
#4602 = CARTESIAN_POINT('',(37.377513465463,12.358792622424,
    220.53917217443));
#4603 = CARTESIAN_POINT('',(37.560276945719,12.233858389016,
    220.57170112578));
#4604 = CARTESIAN_POINT('',(37.646007908518,12.178586916965,
    220.58883458933));
#4605 = CARTESIAN_POINT('',(37.733220147681,12.125634789464,
    220.60810590214));
#4606 = CARTESIAN_POINT('',(37.821848005463,12.075044035669,
    220.62950177313));
#4607 = CARTESIAN_POINT('',(37.911824516605,12.026855665735,
    220.65300760256));
#4608 = CARTESIAN_POINT('',(38.098652213726,11.933201162276,
    220.705417524));
#4609 = CARTESIAN_POINT('',(38.195627100173,11.887971376097,
    220.7345241429));
#4610 = CARTESIAN_POINT('',(38.293927610057,11.845466406309,
    220.7659091342));
#4611 = CARTESIAN_POINT('',(38.393472770102,11.805730907853,
    220.79955206885));
#4612 = CARTESIAN_POINT('',(38.494179091382,11.768808096581,
    220.83543029322));
#4613 = CARTESIAN_POINT('',(38.59596056932,11.73473974926,220.8735189292
    ));
#4614 = ORIENTED_EDGE('',*,*,#3132,.F.);
#4615 = ORIENTED_EDGE('',*,*,#4402,.F.);
#4616 = CONICAL_SURFACE('',#4617,4.,1.406157313854E-02);
#4617 = AXIS2_PLACEMENT_3D('',#4618,#4619,#4620);
#4618 = CARTESIAN_POINT('',(40.,16.,186.));
#4619 = DIRECTION('',(0.,0.,1.));
#4620 = DIRECTION('',(1.,0.,0.));
#4621 = ADVANCED_FACE('',(#4622),#4633,.F.);
#4622 = FACE_BOUND('',#4623,.F.);
#4623 = EDGE_LOOP('',(#4624,#4625,#4631,#4632));
#4624 = ORIENTED_EDGE('',*,*,#1779,.F.);
#4625 = ORIENTED_EDGE('',*,*,#4626,.T.);
#4626 = EDGE_CURVE('',#1772,#2972,#4627,.T.);
#4627 = LINE('',#4628,#4629);
#4628 = CARTESIAN_POINT('',(37.,10.,219.));
#4629 = VECTOR('',#4630,1.);
#4630 = DIRECTION('',(-0.707106781187,0.707106781187,0.));
#4631 = ORIENTED_EDGE('',*,*,#2971,.T.);
#4632 = ORIENTED_EDGE('',*,*,#4570,.T.);
#4633 = B_SPLINE_SURFACE_WITH_KNOTS('',1,1,(
    (#4634,#4635)
    ,(#4636,#4637
    )),.UNSPECIFIED.,.F.,.F.,.F.,(2,2),(2,2),(0.,7.071067811865),(0.,1.)
  ,.PIECEWISE_BEZIER_KNOTS.);
#4634 = CARTESIAN_POINT('',(37.,10.,219.));
#4635 = CARTESIAN_POINT('',(60.,35.,246.));
#4636 = CARTESIAN_POINT('',(33.,14.,219.));
#4637 = CARTESIAN_POINT('',(55.,40.,246.));
#4638 = ADVANCED_FACE('',(#4639),#4655,.F.);
#4639 = FACE_BOUND('',#4640,.F.);
#4640 = EDGE_LOOP('',(#4641,#4642,#4649,#4654));
#4641 = ORIENTED_EDGE('',*,*,#1970,.F.);
#4642 = ORIENTED_EDGE('',*,*,#4643,.T.);
#4643 = EDGE_CURVE('',#1958,#4644,#4646,.T.);
#4644 = VERTEX_POINT('',#4645);
#4645 = CARTESIAN_POINT('',(19.,-9.227272727273,196.0909090909));
#4646 = B_SPLINE_CURVE_WITH_KNOTS('',1,(#4647,#4648),.UNSPECIFIED.,.F.,
  .F.,(2,2),(0.,1.),.PIECEWISE_BEZIER_KNOTS.);
#4647 = CARTESIAN_POINT('',(19.,-15.68181818181,196.0909090909));
#4648 = CARTESIAN_POINT('',(19.,-9.227272727273,196.0909090909));
#4649 = ORIENTED_EDGE('',*,*,#4650,.T.);
#4650 = EDGE_CURVE('',#4644,#1772,#4651,.T.);
#4651 = B_SPLINE_CURVE_WITH_KNOTS('',1,(#4652,#4653),.UNSPECIFIED.,.F.,
  .F.,(2,2),(0.,1.),.PIECEWISE_BEZIER_KNOTS.);
#4652 = CARTESIAN_POINT('',(15.,-13.5,191.));
#4653 = CARTESIAN_POINT('',(37.,10.,219.));
#4654 = ORIENTED_EDGE('',*,*,#1771,.F.);
#4655 = B_SPLINE_SURFACE_WITH_KNOTS('',1,1,(
    (#4656,#4657)
    ,(#4658,#4659
    )),.UNSPECIFIED.,.F.,.F.,.F.,(2,2),(2,2),(0.,22.),(0.,1.),
  .PIECEWISE_BEZIER_KNOTS.);
#4656 = CARTESIAN_POINT('',(15.,-16.5,191.));
#4657 = CARTESIAN_POINT('',(37.,-12.,219.));
#4658 = CARTESIAN_POINT('',(15.,-13.5,191.));
#4659 = CARTESIAN_POINT('',(37.,10.,219.));
#4660 = ADVANCED_FACE('',(#4661),#4691,.T.);
#4661 = FACE_BOUND('',#4662,.T.);
#4662 = EDGE_LOOP('',(#4663,#4671,#4672,#4673,#4686));
#4663 = ORIENTED_EDGE('',*,*,#4664,.F.);
#4664 = EDGE_CURVE('',#1948,#4665,#4667,.T.);
#4665 = VERTEX_POINT('',#4666);
#4666 = CARTESIAN_POINT('',(19.,-7.,198.));
#4667 = LINE('',#4668,#4669);
#4668 = CARTESIAN_POINT('',(19.,-17.,198.));
#4669 = VECTOR('',#4670,1.);
#4670 = DIRECTION('',(0.,1.,0.));
#4671 = ORIENTED_EDGE('',*,*,#1957,.T.);
#4672 = ORIENTED_EDGE('',*,*,#4643,.T.);
#4673 = ORIENTED_EDGE('',*,*,#4674,.T.);
#4674 = EDGE_CURVE('',#4644,#4675,#4677,.T.);
#4675 = VERTEX_POINT('',#4676);
#4676 = CARTESIAN_POINT('',(19.,-7.122807017544,197.38596491228));
#4677 = B_SPLINE_CURVE_WITH_KNOTS('',4,(#4678,#4679,#4680,#4681,#4682,
    #4683,#4684,#4685),.UNSPECIFIED.,.F.,.F.,(5,3,5),(0.,0.490743038764,
    1.),.UNSPECIFIED.);
#4678 = CARTESIAN_POINT('',(19.,-9.227272727273,196.0909090909));
#4679 = CARTESIAN_POINT('',(19.,-8.973923463983,196.24681632985));
#4680 = CARTESIAN_POINT('',(19.,-8.718851000601,196.40378399963));
#4681 = CARTESIAN_POINT('',(19.,-8.46215446131,196.56175110073));
#4682 = CARTESIAN_POINT('',(19.,-7.935986342489,196.88554686616));
#4683 = CARTESIAN_POINT('',(19.,-7.666398020647,197.05144737191));
#4684 = CARTESIAN_POINT('',(19.,-7.395296070291,197.21827934135));
#4685 = CARTESIAN_POINT('',(19.,-7.122807017544,197.38596491228));
#4686 = ORIENTED_EDGE('',*,*,#4687,.T.);
#4687 = EDGE_CURVE('',#4675,#4665,#4688,.T.);
#4688 = B_SPLINE_CURVE_WITH_KNOTS('',1,(#4689,#4690),.UNSPECIFIED.,.F.,
  .F.,(2,2),(0.,1.),.PIECEWISE_BEZIER_KNOTS.);
#4689 = CARTESIAN_POINT('',(19.,-9.,188.));
#4690 = CARTESIAN_POINT('',(19.,-7.,198.));
#4691 = B_SPLINE_SURFACE_WITH_KNOTS('',1,1,(
    (#4692,#4693)
    ,(#4694,#4695
    )),.UNSPECIFIED.,.F.,.F.,.F.,(2,2),(2,2),(0.,12.),(0.,1.),
  .PIECEWISE_BEZIER_KNOTS.);
#4692 = CARTESIAN_POINT('',(19.,-21.,188.));
#4693 = CARTESIAN_POINT('',(19.,-17.,198.));
#4694 = CARTESIAN_POINT('',(19.,-9.,188.));
#4695 = CARTESIAN_POINT('',(19.,-7.,198.));
#4696 = ADVANCED_FACE('',(#4697),#4721,.T.);
#4697 = FACE_BOUND('',#4698,.T.);
#4698 = EDGE_LOOP('',(#4699,#4700,#4701,#4708,#4716));
#4699 = ORIENTED_EDGE('',*,*,#1947,.T.);
#4700 = ORIENTED_EDGE('',*,*,#4664,.T.);
#4701 = ORIENTED_EDGE('',*,*,#4702,.T.);
#4702 = EDGE_CURVE('',#4665,#4703,#4705,.T.);
#4703 = VERTEX_POINT('',#4704);
#4704 = CARTESIAN_POINT('',(19.,-5.,226.));
#4705 = B_SPLINE_CURVE_WITH_KNOTS('',1,(#4706,#4707),.UNSPECIFIED.,.F.,
  .F.,(2,2),(0.,1.),.PIECEWISE_BEZIER_KNOTS.);
#4706 = CARTESIAN_POINT('',(19.,-7.,198.));
#4707 = CARTESIAN_POINT('',(19.,-5.,226.));
#4708 = ORIENTED_EDGE('',*,*,#4709,.F.);
#4709 = EDGE_CURVE('',#4710,#4703,#4712,.T.);
#4710 = VERTEX_POINT('',#4711);
#4711 = CARTESIAN_POINT('',(19.,-13.,226.));
#4712 = LINE('',#4713,#4714);
#4713 = CARTESIAN_POINT('',(19.,-13.,226.));
#4714 = VECTOR('',#4715,1.);
#4715 = DIRECTION('',(0.,1.,0.));
#4716 = ORIENTED_EDGE('',*,*,#4717,.F.);
#4717 = EDGE_CURVE('',#1938,#4710,#4718,.T.);
#4718 = B_SPLINE_CURVE_WITH_KNOTS('',1,(#4719,#4720),.UNSPECIFIED.,.F.,
  .F.,(2,2),(0.,1.),.PIECEWISE_BEZIER_KNOTS.);
#4719 = CARTESIAN_POINT('',(19.,-17.,198.));
#4720 = CARTESIAN_POINT('',(19.,-13.,226.));
#4721 = B_SPLINE_SURFACE_WITH_KNOTS('',1,1,(
    (#4722,#4723)
    ,(#4724,#4725
    )),.UNSPECIFIED.,.F.,.F.,.F.,(2,2),(2,2),(0.,10.),(0.,1.),
  .PIECEWISE_BEZIER_KNOTS.);
#4722 = CARTESIAN_POINT('',(19.,-17.,198.));
#4723 = CARTESIAN_POINT('',(19.,-13.,226.));
#4724 = CARTESIAN_POINT('',(19.,-7.,198.));
#4725 = CARTESIAN_POINT('',(19.,-5.,226.));
#4726 = ADVANCED_FACE('',(#4727),#4745,.T.);
#4727 = FACE_BOUND('',#4728,.T.);
#4728 = EDGE_LOOP('',(#4729,#4736,#4737,#4738,#4739));
#4729 = ORIENTED_EDGE('',*,*,#4730,.F.);
#4730 = EDGE_CURVE('',#2008,#4731,#4733,.T.);
#4731 = VERTEX_POINT('',#4732);
#4732 = CARTESIAN_POINT('',(13.,-13.,226.));
#4733 = B_SPLINE_CURVE_WITH_KNOTS('',1,(#4734,#4735),.UNSPECIFIED.,.F.,
  .F.,(2,2),(0.,1.),.PIECEWISE_BEZIER_KNOTS.);
#4734 = CARTESIAN_POINT('',(13.,-17.,198.));
#4735 = CARTESIAN_POINT('',(13.,-13.,226.));
#4736 = ORIENTED_EDGE('',*,*,#2016,.T.);
#4737 = ORIENTED_EDGE('',*,*,#1937,.T.);
#4738 = ORIENTED_EDGE('',*,*,#4717,.T.);
#4739 = ORIENTED_EDGE('',*,*,#4740,.F.);
#4740 = EDGE_CURVE('',#4731,#4710,#4741,.T.);
#4741 = LINE('',#4742,#4743);
#4742 = CARTESIAN_POINT('',(13.,-13.,226.));
#4743 = VECTOR('',#4744,1.);
#4744 = DIRECTION('',(1.,0.,0.));
#4745 = PLANE('',#4746);
#4746 = AXIS2_PLACEMENT_3D('',#4747,#4748,#4749);
#4747 = CARTESIAN_POINT('',(13.,-13.,226.));
#4748 = DIRECTION('',(0.,-0.989949493661,0.141421356237));
#4749 = DIRECTION('',(1.,0.,0.));
#4750 = ADVANCED_FACE('',(#4751),#4794,.T.);
#4751 = FACE_BOUND('',#4752,.T.);
#4752 = EDGE_LOOP('',(#4753,#4760,#4761,#4767,#4768));
#4753 = ORIENTED_EDGE('',*,*,#4754,.F.);
#4754 = EDGE_CURVE('',#2031,#4755,#4757,.T.);
#4755 = VERTEX_POINT('',#4756);
#4756 = CARTESIAN_POINT('',(16.941176470588,-7.411764705882,
    195.94117647058));
#4757 = B_SPLINE_CURVE_WITH_KNOTS('',1,(#4758,#4759),.UNSPECIFIED.,.F.,
  .F.,(2,2),(0.,1.),.PIECEWISE_BEZIER_KNOTS.);
#4758 = CARTESIAN_POINT('',(13.,-7.411764705882,195.94117647058));
#4759 = CARTESIAN_POINT('',(16.941176470588,-7.411764705882,
    195.94117647058));
#4760 = ORIENTED_EDGE('',*,*,#2030,.T.);
#4761 = ORIENTED_EDGE('',*,*,#4762,.F.);
#4762 = EDGE_CURVE('',#4665,#2033,#4763,.T.);
#4763 = LINE('',#4764,#4765);
#4764 = CARTESIAN_POINT('',(19.,-7.,198.));
#4765 = VECTOR('',#4766,1.);
#4766 = DIRECTION('',(-1.,0.,0.));
#4767 = ORIENTED_EDGE('',*,*,#4687,.F.);
#4768 = ORIENTED_EDGE('',*,*,#4769,.F.);
#4769 = EDGE_CURVE('',#4755,#4675,#4770,.T.);
#4770 = B_SPLINE_CURVE_WITH_KNOTS('',4,(#4771,#4772,#4773,#4774,#4775,
    #4776,#4777,#4778,#4779,#4780,#4781,#4782,#4783,#4784,#4785,#4786,
    #4787,#4788,#4789,#4790,#4791,#4792,#4793),.UNSPECIFIED.,.F.,.F.,(5,
    3,3,3,3,3,3,5),(0.,0.49449049897,0.745917652187,0.872013996158,
    0.936425339934,0.968724372927,0.984889581904,1.),.UNSPECIFIED.);
#4771 = CARTESIAN_POINT('',(16.941176470588,-7.411764705882,
    195.94117647058));
#4772 = CARTESIAN_POINT('',(17.186421225967,-7.377344389338,
    196.11327805331));
#4773 = CARTESIAN_POINT('',(17.434744798674,-7.342491958081,
    196.28754020959));
#4774 = CARTESIAN_POINT('',(17.686135373852,-7.307209070337,
    196.46395464831));
#4775 = CARTESIAN_POINT('',(18.069937890706,-7.253342050427,
    196.73328974786));
#4776 = CARTESIAN_POINT('',(18.200093335364,-7.235074619598,
    196.82462690201));
#4777 = CARTESIAN_POINT('',(18.331032436146,-7.216697201944,
    196.91651399027));
#4778 = CARTESIAN_POINT('',(18.528811239139,-7.188938773454,
    197.05530613272));
#4779 = CARTESIAN_POINT('',(18.595067317463,-7.179639674742,
    197.10180162629));
#4780 = CARTESIAN_POINT('',(18.661519029933,-7.170313118606,
    197.14843440697));
#4781 = CARTESIAN_POINT('',(18.762209726707,-7.156181090989,
    197.21909454505));
#4782 = CARTESIAN_POINT('',(18.796304523405,-7.151395856364,
    197.24302071817));
#4783 = CARTESIAN_POINT('',(18.830450152958,-7.146603487304,
    197.26698256348));
#4784 = CARTESIAN_POINT('',(18.881794299362,-7.139397291318,
    197.30301354341));
#4785 = CARTESIAN_POINT('',(18.898954821851,-7.136988796933,
    197.31505601533));
#4786 = CARTESIAN_POINT('',(18.916128097847,-7.134578512583,
    197.32710743708));
#4787 = CARTESIAN_POINT('',(18.941915477344,-7.13095923125,
    197.34520384375));
#4788 = CARTESIAN_POINT('',(18.950522820353,-7.129751183108,
    197.35124408445));
#4789 = CARTESIAN_POINT('',(18.95913615602,-7.128542293892,
    197.35728853054));
#4790 = CARTESIAN_POINT('',(18.975812413829,-7.12620176648,
    197.3689911676));
#4791 = CARTESIAN_POINT('',(18.983872033283,-7.12507059182,
    197.3746470409));
#4792 = CARTESIAN_POINT('',(18.991934705413,-7.123938988714,
    197.38030505643));
#4793 = CARTESIAN_POINT('',(19.,-7.122807017544,197.38596491228));
#4794 = PLANE('',#4795);
#4795 = AXIS2_PLACEMENT_3D('',#4796,#4797,#4798);
#4796 = CARTESIAN_POINT('',(19.,-7.,198.));
#4797 = DIRECTION('',(0.,0.980580675691,-0.196116135138));
#4798 = DIRECTION('',(-1.,0.,0.));
#4799 = ADVANCED_FACE('',(#4800),#4817,.T.);
#4800 = FACE_BOUND('',#4801,.T.);
#4801 = EDGE_LOOP('',(#4802,#4803,#4804,#4812));
#4802 = ORIENTED_EDGE('',*,*,#2068,.T.);
#4803 = ORIENTED_EDGE('',*,*,#4730,.T.);
#4804 = ORIENTED_EDGE('',*,*,#4805,.F.);
#4805 = EDGE_CURVE('',#4806,#4731,#4808,.T.);
#4806 = VERTEX_POINT('',#4807);
#4807 = CARTESIAN_POINT('',(13.,-5.,226.));
#4808 = LINE('',#4809,#4810);
#4809 = CARTESIAN_POINT('',(13.,-5.,226.));
#4810 = VECTOR('',#4811,1.);
#4811 = DIRECTION('',(0.,-1.,0.));
#4812 = ORIENTED_EDGE('',*,*,#4813,.F.);
#4813 = EDGE_CURVE('',#2033,#4806,#4814,.T.);
#4814 = B_SPLINE_CURVE_WITH_KNOTS('',1,(#4815,#4816),.UNSPECIFIED.,.F.,
  .F.,(2,2),(0.,1.),.PIECEWISE_BEZIER_KNOTS.);
#4815 = CARTESIAN_POINT('',(13.,-7.,198.));
#4816 = CARTESIAN_POINT('',(13.,-5.,226.));
#4817 = B_SPLINE_SURFACE_WITH_KNOTS('',1,1,(
    (#4818,#4819)
    ,(#4820,#4821
    )),.UNSPECIFIED.,.F.,.F.,.F.,(2,2),(2,2),(0.,10.),(0.,1.),
  .PIECEWISE_BEZIER_KNOTS.);
#4818 = CARTESIAN_POINT('',(13.,-7.,198.));
#4819 = CARTESIAN_POINT('',(13.,-5.,226.));
#4820 = CARTESIAN_POINT('',(13.,-17.,198.));
#4821 = CARTESIAN_POINT('',(13.,-13.,226.));
#4822 = ADVANCED_FACE('',(#4823),#4897,.F.);
#4823 = FACE_BOUND('',#4824,.F.);
#4824 = EDGE_LOOP('',(#4825,#4830,#4831,#4832,#4833,#4834,#4839,#4840,
    #4841,#4896));
#4825 = ORIENTED_EDGE('',*,*,#4826,.F.);
#4826 = EDGE_CURVE('',#4755,#2972,#4827,.T.);
#4827 = B_SPLINE_CURVE_WITH_KNOTS('',1,(#4828,#4829),.UNSPECIFIED.,.F.,
  .F.,(2,2),(0.,1.),.PIECEWISE_BEZIER_KNOTS.);
#4828 = CARTESIAN_POINT('',(13.5,-12.,191.));
#4829 = CARTESIAN_POINT('',(33.,14.,219.));
#4830 = ORIENTED_EDGE('',*,*,#4754,.F.);
#4831 = ORIENTED_EDGE('',*,*,#2039,.T.);
#4832 = ORIENTED_EDGE('',*,*,#2082,.T.);
#4833 = ORIENTED_EDGE('',*,*,#2108,.T.);
#4834 = ORIENTED_EDGE('',*,*,#4835,.F.);
#4835 = EDGE_CURVE('',#3548,#2109,#4836,.T.);
#4836 = B_SPLINE_CURVE_WITH_KNOTS('',1,(#4837,#4838),.UNSPECIFIED.,.F.,
  .F.,(2,2),(0.,1.),.PIECEWISE_BEZIER_KNOTS.);
#4837 = CARTESIAN_POINT('',(-16.94117647058,-7.411764705882,
    195.94117647058));
#4838 = CARTESIAN_POINT('',(-13.,-7.411764705882,195.94117647058));
#4839 = ORIENTED_EDGE('',*,*,#3547,.T.);
#4840 = ORIENTED_EDGE('',*,*,#3104,.F.);
#4841 = ORIENTED_EDGE('',*,*,#4842,.T.);
#4842 = EDGE_CURVE('',#3002,#2981,#4843,.T.);
#4843 = B_SPLINE_CURVE_WITH_KNOTS('',6,(#4844,#4845,#4846,#4847,#4848,
    #4849,#4850,#4851,#4852,#4853,#4854,#4855,#4856,#4857,#4858,#4859,
    #4860,#4861,#4862,#4863,#4864,#4865,#4866,#4867,#4868,#4869,#4870,
    #4871,#4872,#4873,#4874,#4875,#4876,#4877,#4878,#4879,#4880,#4881,
    #4882,#4883,#4884,#4885,#4886,#4887,#4888,#4889,#4890,#4891,#4892,
    #4893,#4894,#4895),.UNSPECIFIED.,.F.,.F.,(7,5,5,5,5,5,5,5,5,5,7),(0.
    ,0.202925815609,0.300936843323,0.362538828917,0.404152378761,
    0.500155011117,0.596160721262,0.637777438959,0.699385909866,
    0.797410661166,1.),.UNSPECIFIED.);
#4844 = CARTESIAN_POINT('',(-3.9909715614,14.,219.));
#4845 = CARTESIAN_POINT('',(-3.852742608883,13.733185074739,
    218.71266084971));
#4846 = CARTESIAN_POINT('',(-3.691030281072,13.473437717568,
    218.43293292661));
#4847 = CARTESIAN_POINT('',(-3.505395670556,13.222881739009,
    218.16310341124));
#4848 = CARTESIAN_POINT('',(-3.295636799513,12.984282330501,
    217.90615020207));
#4849 = CARTESIAN_POINT('',(-3.062079413409,12.760889675956,
    217.66557349718));
#4850 = CARTESIAN_POINT('',(-2.682226665511,12.45732407509,
    217.33865669625));
#4851 = CARTESIAN_POINT('',(-2.553261348802,12.362830302853,
    217.2368941723));
#4852 = CARTESIAN_POINT('',(-2.419201057393,12.273113719298,
    217.14027631309));
#4853 = CARTESIAN_POINT('',(-2.280257230367,12.188588013136,
    217.04924862953));
#4854 = CARTESIAN_POINT('',(-2.136707218244,12.109662280913,
    216.96425168713));
#4855 = CARTESIAN_POINT('',(-1.896010218945,11.990884879676,
    216.83633756272));
#4856 = CARTESIAN_POINT('',(-1.801434038787,11.947409021833,
    216.78951740812));
#4857 = CARTESIAN_POINT('',(-1.705266161305,11.906395738909,
    216.74534925728));
#4858 = CARTESIAN_POINT('',(-1.607604510471,11.867937254935,
    216.70393242839));
#4859 = CARTESIAN_POINT('',(-1.508557441369,11.832119724208,
    216.66535970299));
#4860 = CARTESIAN_POINT('',(-1.340481172711,11.776663263193,
    216.60563736036));
#4861 = CARTESIAN_POINT('',(-1.272139778274,11.755545665896,
    216.5828953325));
#4862 = CARTESIAN_POINT('',(-1.203257279745,11.735693212838,
    216.56151576767));
#4863 = CARTESIAN_POINT('',(-1.133872199896,11.717128191906,
    216.5415226682));
#4864 = CARTESIAN_POINT('',(-1.064024835087,11.699870895247,
    216.52293788718));
#4865 = CARTESIAN_POINT('',(-0.831649656693,11.647186099394,
    216.46620041473));
#4866 = CARTESIAN_POINT('',(-0.667296801232,11.617488119271,
    216.4342179746));
#4867 = CARTESIAN_POINT('',(-0.50123098776,11.595072401105,
    216.41007797042));
#4868 = CARTESIAN_POINT('',(-0.334002593453,11.580095142688,
    216.3939486152));
#4869 = CARTESIAN_POINT('',(-0.166184865198,11.572636892892,
    216.38591665388));
#4870 = CARTESIAN_POINT('',(0.169432822954,11.572757963388,
    216.38604703749));
#4871 = CARTESIAN_POINT('',(0.337248409827,11.580337771336,
    216.39420990759));
#4872 = CARTESIAN_POINT('',(0.504467093098,11.595436289859,
    216.41046985061));
#4873 = CARTESIAN_POINT('',(0.670515727332,11.617972195702,
    216.43473928767));
#4874 = CARTESIAN_POINT('',(0.834844181253,11.647788560729,
    216.46684921924));
#4875 = CARTESIAN_POINT('',(1.067177675423,11.700640240048,
    216.52376641235));
#4876 = CARTESIAN_POINT('',(1.137013272657,11.717948148161,
    216.54240569802));
#4877 = CARTESIAN_POINT('',(1.206385288156,11.736563382089,
    216.56245287301));
#4878 = CARTESIAN_POINT('',(1.275253455055,11.756465598136,
    216.58388602876));
#4879 = CARTESIAN_POINT('',(1.343579283981,11.777632460314,
    216.6066811111));
#4880 = CARTESIAN_POINT('',(1.511616900451,11.833210735415,
    216.66653463813));
#4881 = CARTESIAN_POINT('',(1.610639381832,11.86910032744,
    216.70518496801));
#4882 = CARTESIAN_POINT('',(1.708273859271,11.907629691346,
    216.74667812914));
#4883 = CARTESIAN_POINT('',(1.80441210286,11.948712540762,
    216.79092119774));
#4884 = CARTESIAN_POINT('',(1.898956325237,11.992256539921,
    216.83781473529));
#4885 = CARTESIAN_POINT('',(2.139570011084,12.111209110164,
    216.96591750325));
#4886 = CARTESIAN_POINT('',(2.283065023692,12.190239961368,
    217.0510276507));
#4887 = CARTESIAN_POINT('',(2.421948596917,12.274866968088,
    217.14216442717));
#4888 = CARTESIAN_POINT('',(2.555943955703,12.364680764916,
    217.2388869776));
#4889 = CARTESIAN_POINT('',(2.684840231038,12.459267517178,
    217.34074963388));
#4890 = CARTESIAN_POINT('',(3.064009825165,12.762737172508,
    217.66756310885));
#4891 = CARTESIAN_POINT('',(3.297025056634,12.985861718957,
    217.90785108195));
#4892 = CARTESIAN_POINT('',(3.506317009923,13.224125860448,
    218.16444323432));
#4893 = CARTESIAN_POINT('',(3.691564913651,13.474296822436,
    218.43385811647));
#4894 = CARTESIAN_POINT('',(3.852970825037,13.733625586364,
    218.71313524685));
#4895 = CARTESIAN_POINT('',(3.9909715614,14.,219.));
#4896 = ORIENTED_EDGE('',*,*,#2980,.F.);
#4897 = B_SPLINE_SURFACE_WITH_KNOTS('',1,1,(
    (#4898,#4899)
    ,(#4900,#4901
    )),.UNSPECIFIED.,.F.,.F.,.F.,(2,2),(2,2),(0.,66.),(0.,1.),
  .PIECEWISE_BEZIER_KNOTS.);
#4898 = CARTESIAN_POINT('',(13.5,-12.,191.));
#4899 = CARTESIAN_POINT('',(33.,14.,219.));
#4900 = CARTESIAN_POINT('',(-13.5,-12.,191.));
#4901 = CARTESIAN_POINT('',(-33.,14.,219.));
#4902 = ADVANCED_FACE('',(#4903),#4920,.T.);
#4903 = FACE_BOUND('',#4904,.T.);
#4904 = EDGE_LOOP('',(#4905,#4906,#4913,#4919));
#4905 = ORIENTED_EDGE('',*,*,#2130,.T.);
#4906 = ORIENTED_EDGE('',*,*,#4907,.T.);
#4907 = EDGE_CURVE('',#2124,#4908,#4910,.T.);
#4908 = VERTEX_POINT('',#4909);
#4909 = CARTESIAN_POINT('',(-13.,-5.,226.));
#4910 = B_SPLINE_CURVE_WITH_KNOTS('',1,(#4911,#4912),.UNSPECIFIED.,.F.,
  .F.,(2,2),(0.,1.),.PIECEWISE_BEZIER_KNOTS.);
#4911 = CARTESIAN_POINT('',(-13.,-7.,198.));
#4912 = CARTESIAN_POINT('',(-13.,-5.,226.));
#4913 = ORIENTED_EDGE('',*,*,#4914,.F.);
#4914 = EDGE_CURVE('',#4312,#4908,#4915,.T.);
#4915 = LINE('',#4916,#4917);
#4916 = CARTESIAN_POINT('',(-13.,-13.,226.));
#4917 = VECTOR('',#4918,1.);
#4918 = DIRECTION('',(0.,1.,0.));
#4919 = ORIENTED_EDGE('',*,*,#4311,.F.);
#4920 = B_SPLINE_SURFACE_WITH_KNOTS('',1,1,(
    (#4921,#4922)
    ,(#4923,#4924
    )),.UNSPECIFIED.,.F.,.F.,.F.,(2,2),(2,2),(0.,10.),(0.,1.),
  .PIECEWISE_BEZIER_KNOTS.);
#4921 = CARTESIAN_POINT('',(-13.,-17.,198.));
#4922 = CARTESIAN_POINT('',(-13.,-13.,226.));
#4923 = CARTESIAN_POINT('',(-13.,-7.,198.));
#4924 = CARTESIAN_POINT('',(-13.,-5.,226.));
#4925 = ADVANCED_FACE('',(#4926),#4938,.T.);
#4926 = FACE_BOUND('',#4927,.T.);
#4927 = EDGE_LOOP('',(#4928,#4929,#4930,#4931,#4932));
#4928 = ORIENTED_EDGE('',*,*,#2123,.F.);
#4929 = ORIENTED_EDGE('',*,*,#4835,.F.);
#4930 = ORIENTED_EDGE('',*,*,#3554,.F.);
#4931 = ORIENTED_EDGE('',*,*,#4285,.T.);
#4932 = ORIENTED_EDGE('',*,*,#4933,.F.);
#4933 = EDGE_CURVE('',#2124,#4286,#4934,.T.);
#4934 = LINE('',#4935,#4936);
#4935 = CARTESIAN_POINT('',(-13.,-7.,198.));
#4936 = VECTOR('',#4937,1.);
#4937 = DIRECTION('',(-1.,0.,0.));
#4938 = PLANE('',#4939);
#4939 = AXIS2_PLACEMENT_3D('',#4940,#4941,#4942);
#4940 = CARTESIAN_POINT('',(-13.,-7.,198.));
#4941 = DIRECTION('',(0.,0.980580675691,-0.196116135138));
#4942 = DIRECTION('',(-1.,0.,0.));
#4943 = ADVANCED_FACE('',(#4944),#4954,.T.);
#4944 = FACE_BOUND('',#4945,.T.);
#4945 = EDGE_LOOP('',(#4946,#4951,#4952,#4953));
#4946 = ORIENTED_EDGE('',*,*,#4947,.F.);
#4947 = EDGE_CURVE('',#2784,#2524,#4948,.T.);
#4948 = B_SPLINE_CURVE_WITH_KNOTS('',1,(#4949,#4950),.UNSPECIFIED.,.F.,
  .F.,(2,2),(0.,1.),.PIECEWISE_BEZIER_KNOTS.);
#4949 = CARTESIAN_POINT('',(-19.,-21.,188.));
#4950 = CARTESIAN_POINT('',(-19.,-17.,198.));
#4951 = ORIENTED_EDGE('',*,*,#2844,.T.);
#4952 = ORIENTED_EDGE('',*,*,#2494,.T.);
#4953 = ORIENTED_EDGE('',*,*,#2532,.F.);
#4954 = PLANE('',#4955);
#4955 = AXIS2_PLACEMENT_3D('',#4956,#4957,#4958);
#4956 = CARTESIAN_POINT('',(-19.,-17.,198.));
#4957 = DIRECTION('',(0.,-0.928476690885,0.371390676354));
#4958 = DIRECTION('',(1.,0.,0.));
#4959 = ADVANCED_FACE('',(#4960),#4969,.T.);
#4960 = FACE_BOUND('',#4961,.T.);
#4961 = EDGE_LOOP('',(#4962,#4967,#4968));
#4962 = ORIENTED_EDGE('',*,*,#4963,.F.);
#4963 = EDGE_CURVE('',#2524,#2579,#4964,.T.);
#4964 = B_SPLINE_CURVE_WITH_KNOTS('',1,(#4965,#4966),.UNSPECIFIED.,.F.,
  .F.,(2,2),(0.,1.),.PIECEWISE_BEZIER_KNOTS.);
#4965 = CARTESIAN_POINT('',(-19.,-21.,188.));
#4966 = CARTESIAN_POINT('',(-19.,-17.,198.));
#4967 = ORIENTED_EDGE('',*,*,#2523,.T.);
#4968 = ORIENTED_EDGE('',*,*,#2578,.F.);
#4969 = B_SPLINE_SURFACE_WITH_KNOTS('',1,1,(
    (#4970,#4971)
    ,(#4972,#4973
    )),.UNSPECIFIED.,.F.,.F.,.F.,(2,2),(2,2),(0.,12.),(0.,1.),
  .PIECEWISE_BEZIER_KNOTS.);
#4970 = CARTESIAN_POINT('',(-19.,4.,145.));
#4971 = CARTESIAN_POINT('',(-19.,-9.,189.));
#4972 = CARTESIAN_POINT('',(-19.,-8.,145.));
#4973 = CARTESIAN_POINT('',(-19.,-21.,189.));
#4974 = ADVANCED_FACE('',(#4975),#4993,.T.);
#4975 = FACE_BOUND('',#4976,.T.);
#4976 = EDGE_LOOP('',(#4977,#4978,#4986,#4991,#4992));
#4977 = ORIENTED_EDGE('',*,*,#2647,.F.);
#4978 = ORIENTED_EDGE('',*,*,#4979,.T.);
#4979 = EDGE_CURVE('',#2635,#4980,#4982,.T.);
#4980 = VERTEX_POINT('',#4981);
#4981 = CARTESIAN_POINT('',(19.,-11.,188.));
#4982 = LINE('',#4983,#4984);
#4983 = CARTESIAN_POINT('',(19.,-19.,188.));
#4984 = VECTOR('',#4985,1.);
#4985 = DIRECTION('',(0.,1.,0.));
#4986 = ORIENTED_EDGE('',*,*,#4987,.T.);
#4987 = EDGE_CURVE('',#4980,#4505,#4988,.T.);
#4988 = B_SPLINE_CURVE_WITH_KNOTS('',1,(#4989,#4990),.UNSPECIFIED.,.F.,
  .F.,(2,2),(0.,1.),.PIECEWISE_BEZIER_KNOTS.);
#4989 = CARTESIAN_POINT('',(19.,-11.,188.));
#4990 = CARTESIAN_POINT('',(41.,12.,216.));
#4991 = ORIENTED_EDGE('',*,*,#4551,.T.);
#4992 = ORIENTED_EDGE('',*,*,#2859,.F.);
#4993 = B_SPLINE_SURFACE_WITH_KNOTS('',1,1,(
    (#4994,#4995)
    ,(#4996,#4997
    )),.UNSPECIFIED.,.F.,.F.,.F.,(2,2),(2,2),(0.,26.),(0.,1.),
  .PIECEWISE_BEZIER_KNOTS.);
#4994 = CARTESIAN_POINT('',(19.,-19.,188.));
#4995 = CARTESIAN_POINT('',(41.,-14.,216.));
#4996 = CARTESIAN_POINT('',(19.,-11.,188.));
#4997 = CARTESIAN_POINT('',(41.,12.,216.));
#4998 = ADVANCED_FACE('',(#4999),#5008,.T.);
#4999 = FACE_BOUND('',#5000,.T.);
#5000 = EDGE_LOOP('',(#5001,#5002,#5003));
#5001 = ORIENTED_EDGE('',*,*,#2611,.F.);
#5002 = ORIENTED_EDGE('',*,*,#2679,.T.);
#5003 = ORIENTED_EDGE('',*,*,#5004,.T.);
#5004 = EDGE_CURVE('',#2680,#2612,#5005,.T.);
#5005 = B_SPLINE_CURVE_WITH_KNOTS('',1,(#5006,#5007),.UNSPECIFIED.,.F.,
  .F.,(2,2),(0.,1.),.PIECEWISE_BEZIER_KNOTS.);
#5006 = CARTESIAN_POINT('',(19.,-21.,188.));
#5007 = CARTESIAN_POINT('',(19.,-17.,198.));
#5008 = PLANE('',#5009);
#5009 = AXIS2_PLACEMENT_3D('',#5010,#5011,#5012);
#5010 = CARTESIAN_POINT('',(13.,-17.,198.));
#5011 = DIRECTION('',(0.,-0.928476690885,0.371390676354));
#5012 = DIRECTION('',(1.,0.,0.));
#5013 = ADVANCED_FACE('',(#5014),#5023,.T.);
#5014 = FACE_BOUND('',#5015,.T.);
#5015 = EDGE_LOOP('',(#5016,#5017,#5022));
#5016 = ORIENTED_EDGE('',*,*,#2736,.F.);
#5017 = ORIENTED_EDGE('',*,*,#5018,.T.);
#5018 = EDGE_CURVE('',#2729,#2680,#5019,.T.);
#5019 = B_SPLINE_CURVE_WITH_KNOTS('',1,(#5020,#5021),.UNSPECIFIED.,.F.,
  .F.,(2,2),(0.,1.),.PIECEWISE_BEZIER_KNOTS.);
#5020 = CARTESIAN_POINT('',(19.,-21.,188.));
#5021 = CARTESIAN_POINT('',(19.,-17.,198.));
#5022 = ORIENTED_EDGE('',*,*,#2687,.F.);
#5023 = B_SPLINE_SURFACE_WITH_KNOTS('',1,1,(
    (#5024,#5025)
    ,(#5026,#5027
    )),.UNSPECIFIED.,.F.,.F.,.F.,(2,2),(2,2),(0.,12.),(0.,1.),
  .PIECEWISE_BEZIER_KNOTS.);
#5024 = CARTESIAN_POINT('',(19.,-8.,145.));
#5025 = CARTESIAN_POINT('',(19.,-21.,189.));
#5026 = CARTESIAN_POINT('',(19.,4.,145.));
#5027 = CARTESIAN_POINT('',(19.,-9.,189.));
#5028 = ADVANCED_FACE('',(#5029),#5039,.T.);
#5029 = FACE_BOUND('',#5030,.T.);
#5030 = EDGE_LOOP('',(#5031,#5032,#5033,#5038));
#5031 = ORIENTED_EDGE('',*,*,#2751,.F.);
#5032 = ORIENTED_EDGE('',*,*,#2837,.T.);
#5033 = ORIENTED_EDGE('',*,*,#5034,.T.);
#5034 = EDGE_CURVE('',#2830,#2729,#5035,.T.);
#5035 = B_SPLINE_CURVE_WITH_KNOTS('',1,(#5036,#5037),.UNSPECIFIED.,.F.,
  .F.,(2,2),(0.,1.),.PIECEWISE_BEZIER_KNOTS.);
#5036 = CARTESIAN_POINT('',(19.,-21.,188.));
#5037 = CARTESIAN_POINT('',(19.,-17.,198.));
#5038 = ORIENTED_EDGE('',*,*,#2728,.F.);
#5039 = PLANE('',#5040);
#5040 = AXIS2_PLACEMENT_3D('',#5041,#5042,#5043);
#5041 = CARTESIAN_POINT('',(13.,-17.,198.));
#5042 = DIRECTION('',(0.,-0.928476690885,0.371390676354));
#5043 = DIRECTION('',(1.,0.,0.));
#5044 = ADVANCED_FACE('',(#5045),#5110,.T.);
#5045 = FACE_BOUND('',#5046,.T.);
#5046 = EDGE_LOOP('',(#5047,#5056,#5063,#5070,#5078,#5083,#5084,#5091,
    #5098,#5105));
#5047 = ORIENTED_EDGE('',*,*,#5048,.F.);
#5048 = EDGE_CURVE('',#5049,#5051,#5053,.T.);
#5049 = VERTEX_POINT('',#5050);
#5050 = CARTESIAN_POINT('',(13.,-10.34932517143,152.95156211871));
#5051 = VERTEX_POINT('',#5052);
#5052 = CARTESIAN_POINT('',(13.,-18.05976573765,179.04843788128));
#5053 = B_SPLINE_CURVE_WITH_KNOTS('',1,(#5054,#5055),.UNSPECIFIED.,.F.,
  .F.,(2,2),(0.,1.),.PIECEWISE_BEZIER_KNOTS.);
#5054 = CARTESIAN_POINT('',(13.,-8.,145.));
#5055 = CARTESIAN_POINT('',(13.,-21.,189.));
#5056 = ORIENTED_EDGE('',*,*,#5057,.F.);
#5057 = EDGE_CURVE('',#5058,#5049,#5060,.T.);
#5058 = VERTEX_POINT('',#5059);
#5059 = CARTESIAN_POINT('',(17.561737618886,-8.6645925281,147.2493900951
    ));
#5060 = B_SPLINE_CURVE_WITH_KNOTS('',1,(#5061,#5062),.UNSPECIFIED.,.F.,
  .F.,(2,2),(0.,1.),.PIECEWISE_BEZIER_KNOTS.);
#5061 = CARTESIAN_POINT('',(17.561737618886,-8.6645925281,147.2493900951
    ));
#5062 = CARTESIAN_POINT('',(13.,-10.34932517143,152.95156211871));
#5063 = ORIENTED_EDGE('',*,*,#5064,.F.);
#5064 = EDGE_CURVE('',#5065,#5058,#5067,.T.);
#5065 = VERTEX_POINT('',#5066);
#5066 = CARTESIAN_POINT('',(14.75,-8.,145.));
#5067 = B_SPLINE_CURVE_WITH_KNOTS('',1,(#5068,#5069),.UNSPECIFIED.,.F.,
  .F.,(2,2),(0.,1.),.PIECEWISE_BEZIER_KNOTS.);
#5068 = CARTESIAN_POINT('',(14.75,-8.,145.));
#5069 = CARTESIAN_POINT('',(17.561737618886,-8.6645925281,147.2493900951
    ));
#5070 = ORIENTED_EDGE('',*,*,#5071,.T.);
#5071 = EDGE_CURVE('',#5065,#5072,#5074,.T.);
#5072 = VERTEX_POINT('',#5073);
#5073 = CARTESIAN_POINT('',(19.,-8.,145.));
#5074 = LINE('',#5075,#5076);
#5075 = CARTESIAN_POINT('',(13.,-8.,145.));
#5076 = VECTOR('',#5077,1.);
#5077 = DIRECTION('',(1.,0.,0.));
#5078 = ORIENTED_EDGE('',*,*,#5079,.T.);
#5079 = EDGE_CURVE('',#5072,#2822,#5080,.T.);
#5080 = B_SPLINE_CURVE_WITH_KNOTS('',1,(#5081,#5082),.UNSPECIFIED.,.F.,
  .F.,(2,2),(0.,1.),.PIECEWISE_BEZIER_KNOTS.);
#5081 = CARTESIAN_POINT('',(19.,-8.,145.));
#5082 = CARTESIAN_POINT('',(19.,-21.,189.));
#5083 = ORIENTED_EDGE('',*,*,#2821,.T.);
#5084 = ORIENTED_EDGE('',*,*,#5085,.F.);
#5085 = EDGE_CURVE('',#5086,#2815,#5088,.T.);
#5086 = VERTEX_POINT('',#5087);
#5087 = CARTESIAN_POINT('',(13.,-19.95159789871,185.45156211871));
#5088 = B_SPLINE_CURVE_WITH_KNOTS('',1,(#5089,#5090),.UNSPECIFIED.,.F.,
  .F.,(2,2),(0.,1.),.PIECEWISE_BEZIER_KNOTS.);
#5089 = CARTESIAN_POINT('',(13.,-8.,145.));
#5090 = CARTESIAN_POINT('',(13.,-21.,189.));
#5091 = ORIENTED_EDGE('',*,*,#5092,.F.);
#5092 = EDGE_CURVE('',#5093,#5086,#5095,.T.);
#5093 = VERTEX_POINT('',#5094);
#5094 = CARTESIAN_POINT('',(14.438262381114,-20.48277434628,
    187.2493900951));
#5095 = B_SPLINE_CURVE_WITH_KNOTS('',1,(#5096,#5097),.UNSPECIFIED.,.F.,
  .F.,(2,2),(0.,1.),.PIECEWISE_BEZIER_KNOTS.);
#5096 = CARTESIAN_POINT('',(14.438262381114,-20.48277434628,
    187.2493900951));
#5097 = CARTESIAN_POINT('',(13.,-19.95159789871,185.45156211871));
#5098 = ORIENTED_EDGE('',*,*,#5099,.F.);
#5099 = EDGE_CURVE('',#5100,#5093,#5102,.T.);
#5100 = VERTEX_POINT('',#5101);
#5101 = CARTESIAN_POINT('',(17.561737618886,-19.74449838099,
    184.75060990489));
#5102 = B_SPLINE_CURVE_WITH_KNOTS('',1,(#5103,#5104),.UNSPECIFIED.,.F.,
  .F.,(2,2),(0.,1.),.PIECEWISE_BEZIER_KNOTS.);
#5103 = CARTESIAN_POINT('',(17.561737618886,-19.74449838099,
    184.75060990489));
#5104 = CARTESIAN_POINT('',(14.438262381114,-20.48277434628,
    187.2493900951));
#5105 = ORIENTED_EDGE('',*,*,#5106,.F.);
#5106 = EDGE_CURVE('',#5051,#5100,#5107,.T.);
#5107 = B_SPLINE_CURVE_WITH_KNOTS('',1,(#5108,#5109),.UNSPECIFIED.,.F.,
  .F.,(2,2),(0.,1.),.PIECEWISE_BEZIER_KNOTS.);
#5108 = CARTESIAN_POINT('',(13.,-18.05976573765,179.04843788128));
#5109 = CARTESIAN_POINT('',(17.561737618886,-19.74449838099,
    184.75060990489));
#5110 = PLANE('',#5111);
#5111 = AXIS2_PLACEMENT_3D('',#5112,#5113,#5114);
#5112 = CARTESIAN_POINT('',(13.,-21.,189.));
#5113 = DIRECTION('',(0.,-0.959017708059,-0.283346141017));
#5114 = DIRECTION('',(1.,0.,0.));
#5115 = ADVANCED_FACE('',(#5116),#5168,.T.);
#5116 = FACE_BOUND('',#5117,.T.);
#5117 = EDGE_LOOP('',(#5118,#5125,#5126,#5133,#5140,#5145,#5146,#5147,
    #5148,#5155,#5163));
#5118 = ORIENTED_EDGE('',*,*,#5119,.T.);
#5119 = EDGE_CURVE('',#5120,#5049,#5122,.T.);
#5120 = VERTEX_POINT('',#5121);
#5121 = CARTESIAN_POINT('',(13.,1.596039359458,152.95156211871));
#5122 = B_SPLINE_CURVE_WITH_KNOTS('',1,(#5123,#5124),.UNSPECIFIED.,.F.,
  .F.,(2,2),(0.,1.),.PIECEWISE_BEZIER_KNOTS.);
#5123 = CARTESIAN_POINT('',(13.,1.596039359458,152.95156211871));
#5124 = CARTESIAN_POINT('',(13.,-10.34932517143,152.95156211871));
#5125 = ORIENTED_EDGE('',*,*,#5048,.T.);
#5126 = ORIENTED_EDGE('',*,*,#5127,.T.);
#5127 = EDGE_CURVE('',#5051,#5128,#5130,.T.);
#5128 = VERTEX_POINT('',#5129);
#5129 = CARTESIAN_POINT('',(13.,-6.293713778062,179.04843788128));
#5130 = B_SPLINE_CURVE_WITH_KNOTS('',1,(#5131,#5132),.UNSPECIFIED.,.F.,
  .F.,(2,2),(0.,1.),.PIECEWISE_BEZIER_KNOTS.);
#5131 = CARTESIAN_POINT('',(13.,-18.05976573765,179.04843788128));
#5132 = CARTESIAN_POINT('',(13.,-6.293713778062,179.04843788128));
#5133 = ORIENTED_EDGE('',*,*,#5134,.T.);
#5134 = EDGE_CURVE('',#5128,#5135,#5137,.T.);
#5135 = VERTEX_POINT('',#5136);
#5136 = CARTESIAN_POINT('',(13.,-8.229542035891,185.45156211871));
#5137 = B_SPLINE_CURVE_WITH_KNOTS('',1,(#5138,#5139),.UNSPECIFIED.,.F.,
  .F.,(2,2),(0.,1.),.PIECEWISE_BEZIER_KNOTS.);
#5138 = CARTESIAN_POINT('',(13.,-6.293713778062,179.04843788128));
#5139 = CARTESIAN_POINT('',(13.,-8.229542035891,185.45156211871));
#5140 = ORIENTED_EDGE('',*,*,#5141,.T.);
#5141 = EDGE_CURVE('',#5135,#5086,#5142,.T.);
#5142 = B_SPLINE_CURVE_WITH_KNOTS('',1,(#5143,#5144),.UNSPECIFIED.,.F.,
  .F.,(2,2),(0.,1.),.PIECEWISE_BEZIER_KNOTS.);
#5143 = CARTESIAN_POINT('',(13.,-8.229542035891,185.45156211871));
#5144 = CARTESIAN_POINT('',(13.,-19.95159789871,185.45156211871));
#5145 = ORIENTED_EDGE('',*,*,#5085,.T.);
#5146 = ORIENTED_EDGE('',*,*,#2814,.T.);
#5147 = ORIENTED_EDGE('',*,*,#4036,.F.);
#5148 = ORIENTED_EDGE('',*,*,#5149,.F.);
#5149 = EDGE_CURVE('',#5150,#4030,#5152,.T.);
#5150 = VERTEX_POINT('',#5151);
#5151 = CARTESIAN_POINT('',(13.,3.40909090909,147.));
#5152 = B_SPLINE_CURVE_WITH_KNOTS('',1,(#5153,#5154),.UNSPECIFIED.,.F.,
  .F.,(2,2),(0.,1.),.PIECEWISE_BEZIER_KNOTS.);
#5153 = CARTESIAN_POINT('',(13.,4.,145.));
#5154 = CARTESIAN_POINT('',(13.,-9.,189.));
#5155 = ORIENTED_EDGE('',*,*,#5156,.F.);
#5156 = EDGE_CURVE('',#5157,#5150,#5159,.T.);
#5157 = VERTEX_POINT('',#5158);
#5158 = CARTESIAN_POINT('',(13.,3.395348837209,147.));
#5159 = LINE('',#5160,#5161);
#5160 = CARTESIAN_POINT('',(13.,-8.,147.));
#5161 = VECTOR('',#5162,1.);
#5162 = DIRECTION('',(0.,1.,0.));
#5163 = ORIENTED_EDGE('',*,*,#5164,.T.);
#5164 = EDGE_CURVE('',#5157,#5120,#5165,.T.);
#5165 = B_SPLINE_CURVE_WITH_KNOTS('',1,(#5166,#5167),.UNSPECIFIED.,.F.,
  .F.,(2,2),(0.,1.),.PIECEWISE_BEZIER_KNOTS.);
#5166 = CARTESIAN_POINT('',(13.,4.,145.));
#5167 = CARTESIAN_POINT('',(13.,1.290228994113,153.96308871178));
#5168 = B_SPLINE_SURFACE_WITH_KNOTS('',1,1,(
    (#5169,#5170)
    ,(#5171,#5172
    )),.UNSPECIFIED.,.F.,.F.,.F.,(2,2),(2,2),(0.,12.),(0.,1.),
  .PIECEWISE_BEZIER_KNOTS.);
#5169 = CARTESIAN_POINT('',(13.,4.,145.));
#5170 = CARTESIAN_POINT('',(13.,-9.,189.));
#5171 = CARTESIAN_POINT('',(13.,-8.,145.));
#5172 = CARTESIAN_POINT('',(13.,-21.,189.));
#5173 = ADVANCED_FACE('',(#5174),#5240,.T.);
#5174 = FACE_BOUND('',#5175,.T.);
#5175 = EDGE_LOOP('',(#5176,#5185,#5192,#5199,#5207,#5212,#5213,#5214,
    #5221,#5228,#5235));
#5176 = ORIENTED_EDGE('',*,*,#5177,.F.);
#5177 = EDGE_CURVE('',#5178,#5180,#5182,.T.);
#5178 = VERTEX_POINT('',#5179);
#5179 = CARTESIAN_POINT('',(-13.,-10.34932517143,152.95156211871));
#5180 = VERTEX_POINT('',#5181);
#5181 = CARTESIAN_POINT('',(-13.,-18.05976573765,179.04843788128));
#5182 = B_SPLINE_CURVE_WITH_KNOTS('',1,(#5183,#5184),.UNSPECIFIED.,.F.,
  .F.,(2,2),(0.,1.),.PIECEWISE_BEZIER_KNOTS.);
#5183 = CARTESIAN_POINT('',(-13.,-8.,145.));
#5184 = CARTESIAN_POINT('',(-13.,-21.,189.));
#5185 = ORIENTED_EDGE('',*,*,#5186,.T.);
#5186 = EDGE_CURVE('',#5178,#5187,#5189,.T.);
#5187 = VERTEX_POINT('',#5188);
#5188 = CARTESIAN_POINT('',(-13.,1.596039359458,152.95156211871));
#5189 = B_SPLINE_CURVE_WITH_KNOTS('',1,(#5190,#5191),.UNSPECIFIED.,.F.,
  .F.,(2,2),(0.,1.),.PIECEWISE_BEZIER_KNOTS.);
#5190 = CARTESIAN_POINT('',(-13.,-10.34932517143,152.95156211871));
#5191 = CARTESIAN_POINT('',(-13.,1.596039359458,152.95156211871));
#5192 = ORIENTED_EDGE('',*,*,#5193,.F.);
#5193 = EDGE_CURVE('',#5194,#5187,#5196,.T.);
#5194 = VERTEX_POINT('',#5195);
#5195 = CARTESIAN_POINT('',(-13.,3.395348837209,147.));
#5196 = B_SPLINE_CURVE_WITH_KNOTS('',1,(#5197,#5198),.UNSPECIFIED.,.F.,
  .F.,(2,2),(0.,1.),.PIECEWISE_BEZIER_KNOTS.);
#5197 = CARTESIAN_POINT('',(-13.,3.531867617286,146.54843788128));
#5198 = CARTESIAN_POINT('',(-13.,1.596039359458,152.95156211871));
#5199 = ORIENTED_EDGE('',*,*,#5200,.T.);
#5200 = EDGE_CURVE('',#5194,#5201,#5203,.T.);
#5201 = VERTEX_POINT('',#5202);
#5202 = CARTESIAN_POINT('',(-13.,3.40909090909,147.));
#5203 = LINE('',#5204,#5205);
#5204 = CARTESIAN_POINT('',(-13.,-8.,147.));
#5205 = VECTOR('',#5206,1.);
#5206 = DIRECTION('',(0.,1.,0.));
#5207 = ORIENTED_EDGE('',*,*,#5208,.T.);
#5208 = EDGE_CURVE('',#5201,#4046,#5209,.T.);
#5209 = B_SPLINE_CURVE_WITH_KNOTS('',1,(#5210,#5211),.UNSPECIFIED.,.F.,
  .F.,(2,2),(0.,1.),.PIECEWISE_BEZIER_KNOTS.);
#5210 = CARTESIAN_POINT('',(-13.,4.,145.));
#5211 = CARTESIAN_POINT('',(-13.,-9.,189.));
#5212 = ORIENTED_EDGE('',*,*,#4045,.F.);
#5213 = ORIENTED_EDGE('',*,*,#2799,.T.);
#5214 = ORIENTED_EDGE('',*,*,#5215,.F.);
#5215 = EDGE_CURVE('',#5216,#2792,#5218,.T.);
#5216 = VERTEX_POINT('',#5217);
#5217 = CARTESIAN_POINT('',(-13.,-19.95159789871,185.45156211871));
#5218 = B_SPLINE_CURVE_WITH_KNOTS('',1,(#5219,#5220),.UNSPECIFIED.,.F.,
  .F.,(2,2),(0.,1.),.PIECEWISE_BEZIER_KNOTS.);
#5219 = CARTESIAN_POINT('',(-13.,-8.,145.));
#5220 = CARTESIAN_POINT('',(-13.,-21.,189.));
#5221 = ORIENTED_EDGE('',*,*,#5222,.T.);
#5222 = EDGE_CURVE('',#5216,#5223,#5225,.T.);
#5223 = VERTEX_POINT('',#5224);
#5224 = CARTESIAN_POINT('',(-13.,-8.229542035891,185.45156211871));
#5225 = B_SPLINE_CURVE_WITH_KNOTS('',1,(#5226,#5227),.UNSPECIFIED.,.F.,
  .F.,(2,2),(0.,1.),.PIECEWISE_BEZIER_KNOTS.);
#5226 = CARTESIAN_POINT('',(-13.,-19.95159789871,185.45156211871));
#5227 = CARTESIAN_POINT('',(-13.,-8.229542035891,185.45156211871));
#5228 = ORIENTED_EDGE('',*,*,#5229,.F.);
#5229 = EDGE_CURVE('',#5230,#5223,#5232,.T.);
#5230 = VERTEX_POINT('',#5231);
#5231 = CARTESIAN_POINT('',(-13.,-6.293713778062,179.04843788128));
#5232 = B_SPLINE_CURVE_WITH_KNOTS('',1,(#5233,#5234),.UNSPECIFIED.,.F.,
  .F.,(2,2),(0.,1.),.PIECEWISE_BEZIER_KNOTS.);
#5233 = CARTESIAN_POINT('',(-13.,-5.987903412717,178.03691128821));
#5234 = CARTESIAN_POINT('',(-13.,-9.043777016481,188.14480090066));
#5235 = ORIENTED_EDGE('',*,*,#5236,.T.);
#5236 = EDGE_CURVE('',#5230,#5180,#5237,.T.);
#5237 = B_SPLINE_CURVE_WITH_KNOTS('',1,(#5238,#5239),.UNSPECIFIED.,.F.,
  .F.,(2,2),(0.,1.),.PIECEWISE_BEZIER_KNOTS.);
#5238 = CARTESIAN_POINT('',(-13.,-6.293713778062,179.04843788128));
#5239 = CARTESIAN_POINT('',(-13.,-18.05976573765,179.04843788128));
#5240 = B_SPLINE_SURFACE_WITH_KNOTS('',1,1,(
    (#5241,#5242)
    ,(#5243,#5244
    )),.UNSPECIFIED.,.F.,.F.,.F.,(2,2),(2,2),(0.,12.),(0.,1.),
  .PIECEWISE_BEZIER_KNOTS.);
#5241 = CARTESIAN_POINT('',(-13.,-8.,145.));
#5242 = CARTESIAN_POINT('',(-13.,-21.,189.));
#5243 = CARTESIAN_POINT('',(-13.,4.,145.));
#5244 = CARTESIAN_POINT('',(-13.,-9.,189.));
#5245 = ADVANCED_FACE('',(#5246),#5297,.T.);
#5246 = FACE_BOUND('',#5247,.T.);
#5247 = EDGE_LOOP('',(#5248,#5255,#5263,#5270,#5275,#5276,#5283,#5290,
    #5295,#5296));
#5248 = ORIENTED_EDGE('',*,*,#5249,.F.);
#5249 = EDGE_CURVE('',#5250,#2782,#5252,.T.);
#5250 = VERTEX_POINT('',#5251);
#5251 = CARTESIAN_POINT('',(-19.,-8.,145.));
#5252 = B_SPLINE_CURVE_WITH_KNOTS('',1,(#5253,#5254),.UNSPECIFIED.,.F.,
  .F.,(2,2),(0.,1.),.PIECEWISE_BEZIER_KNOTS.);
#5253 = CARTESIAN_POINT('',(-19.,-8.,145.));
#5254 = CARTESIAN_POINT('',(-19.,-21.,189.));
#5255 = ORIENTED_EDGE('',*,*,#5256,.T.);
#5256 = EDGE_CURVE('',#5250,#5257,#5259,.T.);
#5257 = VERTEX_POINT('',#5258);
#5258 = CARTESIAN_POINT('',(-14.75,-8.,145.));
#5259 = LINE('',#5260,#5261);
#5260 = CARTESIAN_POINT('',(-19.,-8.,145.));
#5261 = VECTOR('',#5262,1.);
#5262 = DIRECTION('',(1.,0.,0.));
#5263 = ORIENTED_EDGE('',*,*,#5264,.T.);
#5264 = EDGE_CURVE('',#5257,#5265,#5267,.T.);
#5265 = VERTEX_POINT('',#5266);
#5266 = CARTESIAN_POINT('',(-17.56173761888,-8.6645925281,147.2493900951
    ));
#5267 = B_SPLINE_CURVE_WITH_KNOTS('',1,(#5268,#5269),.UNSPECIFIED.,.F.,
  .F.,(2,2),(0.,1.),.PIECEWISE_BEZIER_KNOTS.);
#5268 = CARTESIAN_POINT('',(-14.75,-8.,145.));
#5269 = CARTESIAN_POINT('',(-17.56173761888,-8.6645925281,147.2493900951
    ));
#5270 = ORIENTED_EDGE('',*,*,#5271,.F.);
#5271 = EDGE_CURVE('',#5178,#5265,#5272,.T.);
#5272 = B_SPLINE_CURVE_WITH_KNOTS('',1,(#5273,#5274),.UNSPECIFIED.,.F.,
  .F.,(2,2),(0.,1.),.PIECEWISE_BEZIER_KNOTS.);
#5273 = CARTESIAN_POINT('',(-13.,-10.34932517143,152.95156211871));
#5274 = CARTESIAN_POINT('',(-17.56173761888,-8.6645925281,147.2493900951
    ));
#5275 = ORIENTED_EDGE('',*,*,#5177,.T.);
#5276 = ORIENTED_EDGE('',*,*,#5277,.T.);
#5277 = EDGE_CURVE('',#5180,#5278,#5280,.T.);
#5278 = VERTEX_POINT('',#5279);
#5279 = CARTESIAN_POINT('',(-17.56173761888,-19.74449838099,
    184.75060990489));
#5280 = B_SPLINE_CURVE_WITH_KNOTS('',1,(#5281,#5282),.UNSPECIFIED.,.F.,
  .F.,(2,2),(0.,1.),.PIECEWISE_BEZIER_KNOTS.);
#5281 = CARTESIAN_POINT('',(-13.,-18.05976573765,179.04843788128));
#5282 = CARTESIAN_POINT('',(-17.56173761888,-19.74449838099,
    184.75060990489));
#5283 = ORIENTED_EDGE('',*,*,#5284,.F.);
#5284 = EDGE_CURVE('',#5285,#5278,#5287,.T.);
#5285 = VERTEX_POINT('',#5286);
#5286 = CARTESIAN_POINT('',(-14.43826238111,-20.48277434628,
    187.2493900951));
#5287 = B_SPLINE_CURVE_WITH_KNOTS('',1,(#5288,#5289),.UNSPECIFIED.,.F.,
  .F.,(2,2),(0.,1.),.PIECEWISE_BEZIER_KNOTS.);
#5288 = CARTESIAN_POINT('',(-14.43826238111,-20.48277434628,
    187.2493900951));
#5289 = CARTESIAN_POINT('',(-17.56173761888,-19.74449838099,
    184.75060990489));
#5290 = ORIENTED_EDGE('',*,*,#5291,.F.);
#5291 = EDGE_CURVE('',#5216,#5285,#5292,.T.);
#5292 = B_SPLINE_CURVE_WITH_KNOTS('',1,(#5293,#5294),.UNSPECIFIED.,.F.,
  .F.,(2,2),(0.,1.),.PIECEWISE_BEZIER_KNOTS.);
#5293 = CARTESIAN_POINT('',(-13.,-19.95159789871,185.45156211871));
#5294 = CARTESIAN_POINT('',(-14.43826238111,-20.48277434628,
    187.2493900951));
#5295 = ORIENTED_EDGE('',*,*,#5215,.T.);
#5296 = ORIENTED_EDGE('',*,*,#2791,.T.);
#5297 = PLANE('',#5298);
#5298 = AXIS2_PLACEMENT_3D('',#5299,#5300,#5301);
#5299 = CARTESIAN_POINT('',(-19.,-21.,189.));
#5300 = DIRECTION('',(0.,-0.959017708059,-0.283346141017));
#5301 = DIRECTION('',(1.,0.,0.));
#5302 = ADVANCED_FACE('',(#5303),#5310,.T.);
#5303 = FACE_BOUND('',#5304,.T.);
#5304 = EDGE_LOOP('',(#5305,#5306,#5307,#5308,#5309));
#5305 = ORIENTED_EDGE('',*,*,#2928,.F.);
#5306 = ORIENTED_EDGE('',*,*,#4560,.T.);
#5307 = ORIENTED_EDGE('',*,*,#4462,.T.);
#5308 = ORIENTED_EDGE('',*,*,#3643,.T.);
#5309 = ORIENTED_EDGE('',*,*,#4379,.F.);
#5310 = B_SPLINE_SURFACE_WITH_KNOTS('',1,1,(
    (#5311,#5312)
    ,(#5313,#5314
    )),.UNSPECIFIED.,.F.,.F.,.F.,(2,2),(2,2),(0.,9.899494936612),(0.,1.)
  ,.PIECEWISE_BEZIER_KNOTS.);
#5311 = CARTESIAN_POINT('',(41.,12.,216.));
#5312 = CARTESIAN_POINT('',(63.,36.,243.));
#5313 = CARTESIAN_POINT('',(36.,17.,216.));
#5314 = CARTESIAN_POINT('',(56.,43.,243.));
#5315 = ADVANCED_FACE('',(#5316),#5331,.F.);
#5316 = FACE_BOUND('',#5317,.F.);
#5317 = EDGE_LOOP('',(#5318,#5319,#5325,#5326,#5327,#5328,#5329,#5330));
#5318 = ORIENTED_EDGE('',*,*,#3001,.F.);
#5319 = ORIENTED_EDGE('',*,*,#5320,.F.);
#5320 = EDGE_CURVE('',#4112,#2989,#5321,.T.);
#5321 = LINE('',#5322,#5323);
#5322 = CARTESIAN_POINT('',(4.,16.,186.));
#5323 = VECTOR('',#5324,1.);
#5324 = DIRECTION('',(1.406110974904E-02,-3.443978609324E-18,
    0.999901137709));
#5325 = ORIENTED_EDGE('',*,*,#4209,.T.);
#5326 = ORIENTED_EDGE('',*,*,#3809,.T.);
#5327 = ORIENTED_EDGE('',*,*,#4111,.T.);
#5328 = ORIENTED_EDGE('',*,*,#5320,.T.);
#5329 = ORIENTED_EDGE('',*,*,#2988,.F.);
#5330 = ORIENTED_EDGE('',*,*,#4842,.F.);
#5331 = CONICAL_SURFACE('',#5332,4.,1.406157313854E-02);
#5332 = AXIS2_PLACEMENT_3D('',#5333,#5334,#5335);
#5333 = CARTESIAN_POINT('',(0.,16.,186.));
#5334 = DIRECTION('',(0.,0.,1.));
#5335 = DIRECTION('',(1.,0.,0.));
#5336 = ADVANCED_FACE('',(#5337),#5350,.F.);
#5337 = FACE_BOUND('',#5338,.F.);
#5338 = EDGE_LOOP('',(#5339,#5340,#5346,#5347,#5348,#5349));
#5339 = ORIENTED_EDGE('',*,*,#3159,.F.);
#5340 = ORIENTED_EDGE('',*,*,#5341,.F.);
#5341 = EDGE_CURVE('',#3890,#3160,#5342,.T.);
#5342 = LINE('',#5343,#5344);
#5343 = CARTESIAN_POINT('',(-16.,20.,186.));
#5344 = VECTOR('',#5345,1.);
#5345 = DIRECTION('',(1.406110974904E-02,-3.443978609324E-18,
    0.999901137709));
#5346 = ORIENTED_EDGE('',*,*,#3906,.T.);
#5347 = ORIENTED_EDGE('',*,*,#4063,.T.);
#5348 = ORIENTED_EDGE('',*,*,#3889,.T.);
#5349 = ORIENTED_EDGE('',*,*,#5341,.T.);
#5350 = CONICAL_SURFACE('',#5351,4.,1.406157313854E-02);
#5351 = AXIS2_PLACEMENT_3D('',#5352,#5353,#5354);
#5352 = CARTESIAN_POINT('',(-20.,20.,186.));
#5353 = DIRECTION('',(0.,0.,1.));
#5354 = DIRECTION('',(1.,0.,0.));
#5355 = ADVANCED_FACE('',(#5356),#5369,.F.);
#5356 = FACE_BOUND('',#5357,.F.);
#5357 = EDGE_LOOP('',(#5358,#5359,#5365,#5366,#5367,#5368));
#5358 = ORIENTED_EDGE('',*,*,#3330,.F.);
#5359 = ORIENTED_EDGE('',*,*,#5360,.F.);
#5360 = EDGE_CURVE('',#3686,#3331,#5361,.T.);
#5361 = LINE('',#5362,#5363);
#5362 = CARTESIAN_POINT('',(24.,20.,186.));
#5363 = VECTOR('',#5364,1.);
#5364 = DIRECTION('',(1.406110974904E-02,-3.443978609324E-18,
    0.999901137709));
#5365 = ORIENTED_EDGE('',*,*,#3704,.T.);
#5366 = ORIENTED_EDGE('',*,*,#4221,.T.);
#5367 = ORIENTED_EDGE('',*,*,#3685,.T.);
#5368 = ORIENTED_EDGE('',*,*,#5360,.T.);
#5369 = CONICAL_SURFACE('',#5370,4.,1.406157313854E-02);
#5370 = AXIS2_PLACEMENT_3D('',#5371,#5372,#5373);
#5371 = CARTESIAN_POINT('',(20.,20.,186.));
#5372 = DIRECTION('',(0.,0.,1.));
#5373 = DIRECTION('',(1.,0.,0.));
#5374 = ADVANCED_FACE('',(#5375),#5421,.T.);
#5375 = FACE_BOUND('',#5376,.T.);
#5376 = EDGE_LOOP('',(#5377,#5385,#5386,#5392,#5393,#5401,#5408,#5415));
#5377 = ORIENTED_EDGE('',*,*,#5378,.F.);
#5378 = EDGE_CURVE('',#5250,#5379,#5381,.T.);
#5379 = VERTEX_POINT('',#5380);
#5380 = CARTESIAN_POINT('',(-19.,-8.,147.));
#5381 = LINE('',#5382,#5383);
#5382 = CARTESIAN_POINT('',(-19.,-8.,8.));
#5383 = VECTOR('',#5384,1.);
#5384 = DIRECTION('',(0.,0.,1.));
#5385 = ORIENTED_EDGE('',*,*,#5249,.T.);
#5386 = ORIENTED_EDGE('',*,*,#5387,.F.);
#5387 = EDGE_CURVE('',#1594,#2782,#5388,.T.);
#5388 = LINE('',#5389,#5390);
#5389 = CARTESIAN_POINT('',(-19.,-9.,188.));
#5390 = VECTOR('',#5391,1.);
#5391 = DIRECTION('',(0.,-1.,0.));
#5392 = ORIENTED_EDGE('',*,*,#3530,.F.);
#5393 = ORIENTED_EDGE('',*,*,#5394,.F.);
#5394 = EDGE_CURVE('',#5395,#3524,#5397,.T.);
#5395 = VERTEX_POINT('',#5396);
#5396 = CARTESIAN_POINT('',(-19.,-9.,188.));
#5397 = LINE('',#5398,#5399);
#5398 = CARTESIAN_POINT('',(-19.,-9.,188.));
#5399 = VECTOR('',#5400,1.);
#5400 = DIRECTION('',(0.,-1.,0.));
#5401 = ORIENTED_EDGE('',*,*,#5402,.T.);
#5402 = EDGE_CURVE('',#5395,#5403,#5405,.T.);
#5403 = VERTEX_POINT('',#5404);
#5404 = CARTESIAN_POINT('',(-19.,-8.880733944954,188.59633027522));
#5405 = B_SPLINE_CURVE_WITH_KNOTS('',1,(#5406,#5407),.UNSPECIFIED.,.F.,
  .F.,(2,2),(0.,1.),.PIECEWISE_BEZIER_KNOTS.);
#5406 = CARTESIAN_POINT('',(-19.,-9.,188.));
#5407 = CARTESIAN_POINT('',(-19.,-7.,198.));
#5408 = ORIENTED_EDGE('',*,*,#5409,.F.);
#5409 = EDGE_CURVE('',#5410,#5403,#5412,.T.);
#5410 = VERTEX_POINT('',#5411);
#5411 = CARTESIAN_POINT('',(-19.,3.40909090909,147.));
#5412 = B_SPLINE_CURVE_WITH_KNOTS('',1,(#5413,#5414),.UNSPECIFIED.,.F.,
  .F.,(2,2),(0.,1.),.PIECEWISE_BEZIER_KNOTS.);
#5413 = CARTESIAN_POINT('',(-19.,4.,145.));
#5414 = CARTESIAN_POINT('',(-19.,-9.,189.));
#5415 = ORIENTED_EDGE('',*,*,#5416,.F.);
#5416 = EDGE_CURVE('',#5379,#5410,#5417,.T.);
#5417 = LINE('',#5418,#5419);
#5418 = CARTESIAN_POINT('',(-19.,-8.,147.));
#5419 = VECTOR('',#5420,1.);
#5420 = DIRECTION('',(0.,1.,0.));
#5421 = B_SPLINE_SURFACE_WITH_KNOTS('',1,1,(
    (#5422,#5423)
    ,(#5424,#5425
    )),.UNSPECIFIED.,.F.,.F.,.F.,(2,2),(2,2),(0.,12.),(0.,1.),
  .PIECEWISE_BEZIER_KNOTS.);
#5422 = CARTESIAN_POINT('',(-19.,4.,145.));
#5423 = CARTESIAN_POINT('',(-19.,-9.,189.));
#5424 = CARTESIAN_POINT('',(-19.,-8.,145.));
#5425 = CARTESIAN_POINT('',(-19.,-21.,189.));
#5426 = ADVANCED_FACE('',(#5427),#5441,.T.);
#5427 = FACE_BOUND('',#5428,.T.);
#5428 = EDGE_LOOP('',(#5429,#5430,#5436));
#5429 = ORIENTED_EDGE('',*,*,#3608,.F.);
#5430 = ORIENTED_EDGE('',*,*,#5431,.F.);
#5431 = EDGE_CURVE('',#5403,#3599,#5432,.T.);
#5432 = LINE('',#5433,#5434);
#5433 = CARTESIAN_POINT('',(-13.,-8.880733944954,188.59633027522));
#5434 = VECTOR('',#5435,1.);
#5435 = DIRECTION('',(1.,0.,0.));
#5436 = ORIENTED_EDGE('',*,*,#5437,.T.);
#5437 = EDGE_CURVE('',#5403,#3609,#5438,.T.);
#5438 = B_SPLINE_CURVE_WITH_KNOTS('',1,(#5439,#5440),.UNSPECIFIED.,.F.,
  .F.,(2,2),(0.,1.),.PIECEWISE_BEZIER_KNOTS.);
#5439 = CARTESIAN_POINT('',(-19.,-9.,188.));
#5440 = CARTESIAN_POINT('',(-19.,-7.,198.));
#5441 = PLANE('',#5442);
#5442 = AXIS2_PLACEMENT_3D('',#5443,#5444,#5445);
#5443 = CARTESIAN_POINT('',(-13.,-7.,198.));
#5444 = DIRECTION('',(0.,0.980580675691,-0.196116135138));
#5445 = DIRECTION('',(-1.,0.,0.));
#5446 = ADVANCED_FACE('',(#5447),#5460,.T.);
#5447 = FACE_BOUND('',#5448,.T.);
#5448 = EDGE_LOOP('',(#5449,#5450,#5456,#5457,#5458,#5459));
#5449 = ORIENTED_EDGE('',*,*,#5208,.F.);
#5450 = ORIENTED_EDGE('',*,*,#5451,.T.);
#5451 = EDGE_CURVE('',#5201,#5410,#5452,.T.);
#5452 = LINE('',#5453,#5454);
#5453 = CARTESIAN_POINT('',(-16.,3.409090909091,147.));
#5454 = VECTOR('',#5455,1.);
#5455 = DIRECTION('',(-1.,0.,0.));
#5456 = ORIENTED_EDGE('',*,*,#5409,.T.);
#5457 = ORIENTED_EDGE('',*,*,#5431,.T.);
#5458 = ORIENTED_EDGE('',*,*,#3598,.T.);
#5459 = ORIENTED_EDGE('',*,*,#4055,.T.);
#5460 = PLANE('',#5461);
#5461 = AXIS2_PLACEMENT_3D('',#5462,#5463,#5464);
#5462 = CARTESIAN_POINT('',(-13.,-9.,189.));
#5463 = DIRECTION('',(0.,0.959017708059,0.283346141017));
#5464 = DIRECTION('',(-1.,0.,0.));
#5465 = ADVANCED_FACE('',(#5466),#5505,.T.);
#5466 = FACE_BOUND('',#5467,.T.);
#5467 = EDGE_LOOP('',(#5468,#5469,#5482,#5495,#5503,#5504));
#5468 = ORIENTED_EDGE('',*,*,#4987,.F.);
#5469 = ORIENTED_EDGE('',*,*,#5470,.T.);
#5470 = EDGE_CURVE('',#4980,#5471,#5473,.T.);
#5471 = VERTEX_POINT('',#5472);
#5472 = CARTESIAN_POINT('',(19.,-8.715736040609,189.42131979695));
#5473 = B_SPLINE_CURVE_WITH_KNOTS('',4,(#5474,#5475,#5476,#5477,#5478,
    #5479,#5480,#5481),.UNSPECIFIED.,.F.,.F.,(5,3,5),(0.,0.492266931854,
    1.),.UNSPECIFIED.);
#5474 = CARTESIAN_POINT('',(19.,-11.,188.));
#5475 = CARTESIAN_POINT('',(19.,-10.72922954772,188.16847939252));
#5476 = CARTESIAN_POINT('',(19.,-10.45493861998,188.33914930312));
#5477 = CARTESIAN_POINT('',(19.,-10.17720473357,188.51196149911));
#5478 = CARTESIAN_POINT('',(19.,-9.606233845329,188.86723227401));
#5479 = CARTESIAN_POINT('',(19.,-9.31278380173,189.04982341225));
#5480 = CARTESIAN_POINT('',(19.,-9.015901834194,189.23454996983));
#5481 = CARTESIAN_POINT('',(19.,-8.715736040609,189.42131979695));
#5482 = ORIENTED_EDGE('',*,*,#5483,.F.);
#5483 = EDGE_CURVE('',#5484,#5471,#5486,.T.);
#5484 = VERTEX_POINT('',#5485);
#5485 = CARTESIAN_POINT('',(17.839121887287,-8.880733944954,
    188.59633027522));
#5486 = B_SPLINE_CURVE_WITH_KNOTS('',4,(#5487,#5488,#5489,#5490,#5491,
    #5492,#5493,#5494),.UNSPECIFIED.,.F.,.F.,(5,3,5),(0.,0.494570581167,
    1.),.UNSPECIFIED.);
#5487 = CARTESIAN_POINT('',(17.,-9.,188.));
#5488 = CARTESIAN_POINT('',(17.235450565501,-8.966534945005,
    188.16732527497));
#5489 = CARTESIAN_POINT('',(17.474768300139,-8.932520241605,
    188.33739879197));
#5490 = CARTESIAN_POINT('',(17.717987880237,-8.897950961185,
    188.51024519407));
#5491 = CARTESIAN_POINT('',(18.217691857748,-8.826927045599,
    188.865364772));
#5492 = CARTESIAN_POINT('',(18.474350150632,-8.790447694326,
    189.04776152836));
#5493 = CARTESIAN_POINT('',(18.735120412558,-8.753383900753,
    189.23308049623));
#5494 = CARTESIAN_POINT('',(19.,-8.715736040609,189.42131979695));
#5495 = ORIENTED_EDGE('',*,*,#5496,.F.);
#5496 = EDGE_CURVE('',#4021,#5484,#5497,.T.);
#5497 = B_SPLINE_CURVE_WITH_KNOTS('',4,(#5498,#5499,#5500,#5501,#5502),
  .UNSPECIFIED.,.F.,.F.,(5,5),(0.,1.),.PIECEWISE_BEZIER_KNOTS.);
#5498 = CARTESIAN_POINT('',(17.163793103448,-8.775862068966,
    188.24137931034));
#5499 = CARTESIAN_POINT('',(17.513626349886,-8.830187709624,
    188.42525070949));
#5500 = CARTESIAN_POINT('',(17.870671004203,-8.88563321055,
    188.61291240494));
#5501 = CARTESIAN_POINT('',(18.235118808904,-8.942228347458,
    188.80446517601));
#5502 = CARTESIAN_POINT('',(18.607142857143,-9.,189.));
#5503 = ORIENTED_EDGE('',*,*,#4020,.T.);
#5504 = ORIENTED_EDGE('',*,*,#4504,.T.);
#5505 = B_SPLINE_SURFACE_WITH_KNOTS('',1,1,(
    (#5506,#5507)
    ,(#5508,#5509
    )),.UNSPECIFIED.,.F.,.F.,.F.,(2,2),(2,2),(0.,7.071067811865),(0.,1.)
  ,.PIECEWISE_BEZIER_KNOTS.);
#5506 = CARTESIAN_POINT('',(19.,-11.,188.));
#5507 = CARTESIAN_POINT('',(41.,12.,216.));
#5508 = CARTESIAN_POINT('',(17.,-9.,188.));
#5509 = CARTESIAN_POINT('',(36.,17.,216.));
#5510 = ADVANCED_FACE('',(#5511),#5537,.T.);
#5511 = FACE_BOUND('',#5512,.T.);
#5512 = EDGE_LOOP('',(#5513,#5522,#5528,#5529,#5530,#5531));
#5513 = ORIENTED_EDGE('',*,*,#5514,.F.);
#5514 = EDGE_CURVE('',#5515,#5517,#5519,.T.);
#5515 = VERTEX_POINT('',#5516);
#5516 = CARTESIAN_POINT('',(19.,3.40909090909,147.));
#5517 = VERTEX_POINT('',#5518);
#5518 = CARTESIAN_POINT('',(19.,-8.880733944954,188.59633027522));
#5519 = B_SPLINE_CURVE_WITH_KNOTS('',1,(#5520,#5521),.UNSPECIFIED.,.F.,
  .F.,(2,2),(0.,1.),.PIECEWISE_BEZIER_KNOTS.);
#5520 = CARTESIAN_POINT('',(19.,4.,145.));
#5521 = CARTESIAN_POINT('',(19.,-9.,189.));
#5522 = ORIENTED_EDGE('',*,*,#5523,.T.);
#5523 = EDGE_CURVE('',#5515,#5150,#5524,.T.);
#5524 = LINE('',#5525,#5526);
#5525 = CARTESIAN_POINT('',(16.,3.409090909091,147.));
#5526 = VECTOR('',#5527,1.);
#5527 = DIRECTION('',(-1.,0.,0.));
#5528 = ORIENTED_EDGE('',*,*,#5149,.T.);
#5529 = ORIENTED_EDGE('',*,*,#4029,.T.);
#5530 = ORIENTED_EDGE('',*,*,#5496,.T.);
#5531 = ORIENTED_EDGE('',*,*,#5532,.T.);
#5532 = EDGE_CURVE('',#5484,#5517,#5533,.T.);
#5533 = LINE('',#5534,#5535);
#5534 = CARTESIAN_POINT('',(19.,-8.880733944954,188.59633027522));
#5535 = VECTOR('',#5536,1.);
#5536 = DIRECTION('',(1.,0.,0.));
#5537 = PLANE('',#5538);
#5538 = AXIS2_PLACEMENT_3D('',#5539,#5540,#5541);
#5539 = CARTESIAN_POINT('',(19.,-9.,189.));
#5540 = DIRECTION('',(0.,0.959017708059,0.283346141017));
#5541 = DIRECTION('',(-1.,0.,0.));
#5542 = ADVANCED_FACE('',(#5543),#5554,.F.);
#5543 = FACE_BOUND('',#5544,.T.);
#5544 = EDGE_LOOP('',(#5545,#5546,#5547,#5553));
#5545 = ORIENTED_EDGE('',*,*,#4318,.T.);
#5546 = ORIENTED_EDGE('',*,*,#4914,.T.);
#5547 = ORIENTED_EDGE('',*,*,#5548,.T.);
#5548 = EDGE_CURVE('',#4908,#4340,#5549,.T.);
#5549 = LINE('',#5550,#5551);
#5550 = CARTESIAN_POINT('',(-13.,-5.,226.));
#5551 = VECTOR('',#5552,1.);
#5552 = DIRECTION('',(-1.,0.,0.));
#5553 = ORIENTED_EDGE('',*,*,#4349,.T.);
#5554 = PLANE('',#5555);
#5555 = AXIS2_PLACEMENT_3D('',#5556,#5557,#5558);
#5556 = CARTESIAN_POINT('',(-19.,-13.,226.));
#5557 = DIRECTION('',(0.,0.,-1.));
#5558 = DIRECTION('',(0.6,0.8,0.));
#5559 = ADVANCED_FACE('',(#5560),#5566,.T.);
#5560 = FACE_BOUND('',#5561,.T.);
#5561 = EDGE_LOOP('',(#5562,#5563,#5564,#5565));
#5562 = ORIENTED_EDGE('',*,*,#4933,.T.);
#5563 = ORIENTED_EDGE('',*,*,#4339,.T.);
#5564 = ORIENTED_EDGE('',*,*,#5548,.F.);
#5565 = ORIENTED_EDGE('',*,*,#4907,.F.);
#5566 = PLANE('',#5567);
#5567 = AXIS2_PLACEMENT_3D('',#5568,#5569,#5570);
#5568 = CARTESIAN_POINT('',(-13.,-5.,226.));
#5569 = DIRECTION('',(0.,0.997458699831,-7.124704998791E-02));
#5570 = DIRECTION('',(-1.,0.,0.));
#5571 = ADVANCED_FACE('',(#5572),#5579,.F.);
#5572 = FACE_BOUND('',#5573,.F.);
#5573 = EDGE_LOOP('',(#5574,#5575,#5576,#5577,#5578));
#5574 = ORIENTED_EDGE('',*,*,#4650,.F.);
#5575 = ORIENTED_EDGE('',*,*,#4674,.T.);
#5576 = ORIENTED_EDGE('',*,*,#4769,.F.);
#5577 = ORIENTED_EDGE('',*,*,#4826,.T.);
#5578 = ORIENTED_EDGE('',*,*,#4626,.F.);
#5579 = B_SPLINE_SURFACE_WITH_KNOTS('',1,1,(
    (#5580,#5581)
    ,(#5582,#5583
    )),.UNSPECIFIED.,.F.,.F.,.F.,(2,2),(2,2),(0.,5.656854249492),(0.,1.)
  ,.PIECEWISE_BEZIER_KNOTS.);
#5580 = CARTESIAN_POINT('',(15.,-13.5,191.));
#5581 = CARTESIAN_POINT('',(37.,10.,219.));
#5582 = CARTESIAN_POINT('',(13.5,-12.,191.));
#5583 = CARTESIAN_POINT('',(33.,14.,219.));
#5584 = ADVANCED_FACE('',(#5585),#5596,.F.);
#5585 = FACE_BOUND('',#5586,.T.);
#5586 = EDGE_LOOP('',(#5587,#5588,#5589,#5595));
#5587 = ORIENTED_EDGE('',*,*,#4740,.T.);
#5588 = ORIENTED_EDGE('',*,*,#4709,.T.);
#5589 = ORIENTED_EDGE('',*,*,#5590,.T.);
#5590 = EDGE_CURVE('',#4703,#4806,#5591,.T.);
#5591 = LINE('',#5592,#5593);
#5592 = CARTESIAN_POINT('',(19.,-5.,226.));
#5593 = VECTOR('',#5594,1.);
#5594 = DIRECTION('',(-1.,0.,0.));
#5595 = ORIENTED_EDGE('',*,*,#4805,.T.);
#5596 = PLANE('',#5597);
#5597 = AXIS2_PLACEMENT_3D('',#5598,#5599,#5600);
#5598 = CARTESIAN_POINT('',(13.,-13.,226.));
#5599 = DIRECTION('',(0.,0.,-1.));
#5600 = DIRECTION('',(0.6,0.8,0.));
#5601 = ADVANCED_FACE('',(#5602),#5608,.T.);
#5602 = FACE_BOUND('',#5603,.T.);
#5603 = EDGE_LOOP('',(#5604,#5605,#5606,#5607));
#5604 = ORIENTED_EDGE('',*,*,#4762,.T.);
#5605 = ORIENTED_EDGE('',*,*,#4813,.T.);
#5606 = ORIENTED_EDGE('',*,*,#5590,.F.);
#5607 = ORIENTED_EDGE('',*,*,#4702,.F.);
#5608 = PLANE('',#5609);
#5609 = AXIS2_PLACEMENT_3D('',#5610,#5611,#5612);
#5610 = CARTESIAN_POINT('',(19.,-5.,226.));
#5611 = DIRECTION('',(0.,0.997458699831,-7.124704998791E-02));
#5612 = DIRECTION('',(-1.,0.,0.));
#5613 = ADVANCED_FACE('',(#5614),#5652,.T.);
#5614 = FACE_BOUND('',#5615,.T.);
#5615 = EDGE_LOOP('',(#5616,#5617,#5625,#5631,#5632,#5639,#5645,#5646));
#5616 = ORIENTED_EDGE('',*,*,#5079,.F.);
#5617 = ORIENTED_EDGE('',*,*,#5618,.T.);
#5618 = EDGE_CURVE('',#5072,#5619,#5621,.T.);
#5619 = VERTEX_POINT('',#5620);
#5620 = CARTESIAN_POINT('',(19.,-8.,147.));
#5621 = LINE('',#5622,#5623);
#5622 = CARTESIAN_POINT('',(19.,-8.,8.));
#5623 = VECTOR('',#5624,1.);
#5624 = DIRECTION('',(0.,0.,1.));
#5625 = ORIENTED_EDGE('',*,*,#5626,.T.);
#5626 = EDGE_CURVE('',#5619,#5515,#5627,.T.);
#5627 = LINE('',#5628,#5629);
#5628 = CARTESIAN_POINT('',(19.,-8.,147.));
#5629 = VECTOR('',#5630,1.);
#5630 = DIRECTION('',(0.,1.,0.));
#5631 = ORIENTED_EDGE('',*,*,#5514,.T.);
#5632 = ORIENTED_EDGE('',*,*,#5633,.F.);
#5633 = EDGE_CURVE('',#5634,#5517,#5636,.T.);
#5634 = VERTEX_POINT('',#5635);
#5635 = CARTESIAN_POINT('',(19.,-9.,188.));
#5636 = B_SPLINE_CURVE_WITH_KNOTS('',1,(#5637,#5638),.UNSPECIFIED.,.F.,
  .F.,(2,2),(0.,1.),.PIECEWISE_BEZIER_KNOTS.);
#5637 = CARTESIAN_POINT('',(19.,-9.,188.));
#5638 = CARTESIAN_POINT('',(19.,-7.,198.));
#5639 = ORIENTED_EDGE('',*,*,#5640,.F.);
#5640 = EDGE_CURVE('',#4980,#5634,#5641,.T.);
#5641 = LINE('',#5642,#5643);
#5642 = CARTESIAN_POINT('',(19.,-21.,188.));
#5643 = VECTOR('',#5644,1.);
#5644 = DIRECTION('',(0.,1.,0.));
#5645 = ORIENTED_EDGE('',*,*,#4979,.F.);
#5646 = ORIENTED_EDGE('',*,*,#5647,.F.);
#5647 = EDGE_CURVE('',#2822,#2635,#5648,.T.);
#5648 = LINE('',#5649,#5650);
#5649 = CARTESIAN_POINT('',(19.,-21.,188.));
#5650 = VECTOR('',#5651,1.);
#5651 = DIRECTION('',(0.,1.,0.));
#5652 = B_SPLINE_SURFACE_WITH_KNOTS('',1,1,(
    (#5653,#5654)
    ,(#5655,#5656
    )),.UNSPECIFIED.,.F.,.F.,.F.,(2,2),(2,2),(0.,12.),(0.,1.),
  .PIECEWISE_BEZIER_KNOTS.);
#5653 = CARTESIAN_POINT('',(19.,-8.,145.));
#5654 = CARTESIAN_POINT('',(19.,-21.,189.));
#5655 = CARTESIAN_POINT('',(19.,4.,145.));
#5656 = CARTESIAN_POINT('',(19.,-9.,189.));
#5657 = ADVANCED_FACE('',(#5658),#5690,.T.);
#5658 = FACE_BOUND('',#5659,.T.);
#5659 = EDGE_LOOP('',(#5660,#5667,#5675,#5682,#5688,#5689));
#5660 = ORIENTED_EDGE('',*,*,#5661,.F.);
#5661 = EDGE_CURVE('',#5662,#5100,#5664,.T.);
#5662 = VERTEX_POINT('',#5663);
#5663 = CARTESIAN_POINT('',(17.561737618886,-20.01762625031,
    184.75060990489));
#5664 = B_SPLINE_CURVE_WITH_KNOTS('',1,(#5665,#5666),.UNSPECIFIED.,.F.,
  .F.,(2,2),(0.,1.),.PIECEWISE_BEZIER_KNOTS.);
#5665 = CARTESIAN_POINT('',(17.561737618886,-20.01762625031,
    184.75060990489));
#5666 = CARTESIAN_POINT('',(17.561737618886,-8.017626250316,
    184.75060990489));
#5667 = ORIENTED_EDGE('',*,*,#5668,.T.);
#5668 = EDGE_CURVE('',#5662,#5669,#5671,.T.);
#5669 = VERTEX_POINT('',#5670);
#5670 = CARTESIAN_POINT('',(2.561249694973,-14.3488372093,166.));
#5671 = LINE('',#5672,#5673);
#5672 = CARTESIAN_POINT('',(17.561737618886,-20.01762625031,
    184.75060990489));
#5673 = VECTOR('',#5674,1.);
#5674 = DIRECTION('',(-0.607982649232,0.229760884884,-0.75997831154));
#5675 = ORIENTED_EDGE('',*,*,#5676,.T.);
#5676 = EDGE_CURVE('',#5669,#5677,#5679,.T.);
#5677 = VERTEX_POINT('',#5678);
#5678 = CARTESIAN_POINT('',(2.561249694973,-2.348837209302,166.));
#5679 = B_SPLINE_CURVE_WITH_KNOTS('',1,(#5680,#5681),.UNSPECIFIED.,.F.,
  .F.,(2,2),(0.,1.),.PIECEWISE_BEZIER_KNOTS.);
#5680 = CARTESIAN_POINT('',(2.561249694973,-14.3488372093,166.));
#5681 = CARTESIAN_POINT('',(2.561249694973,-2.348837209302,166.));
#5682 = ORIENTED_EDGE('',*,*,#5683,.F.);
#5683 = EDGE_CURVE('',#5128,#5677,#5684,.T.);
#5684 = LINE('',#5685,#5686);
#5685 = CARTESIAN_POINT('',(17.561737618886,-8.017626250316,
    184.75060990489));
#5686 = VECTOR('',#5687,1.);
#5687 = DIRECTION('',(-0.607982649232,0.229760884884,-0.75997831154));
#5688 = ORIENTED_EDGE('',*,*,#5127,.F.);
#5689 = ORIENTED_EDGE('',*,*,#5106,.T.);
#5690 = B_SPLINE_SURFACE_WITH_KNOTS('',1,1,(
    (#5691,#5692)
    ,(#5693,#5694
    )),.UNSPECIFIED.,.F.,.F.,.F.,(2,2),(2,2),(0.,52.633080961176),(0.,1.
    ),.PIECEWISE_BEZIER_KNOTS.);
#5691 = CARTESIAN_POINT('',(17.561737618886,-20.01762625031,
    184.75060990489));
#5692 = CARTESIAN_POINT('',(17.561737618886,-8.017626250316,
    184.75060990489));
#5693 = CARTESIAN_POINT('',(-14.43826238111,-7.924602994502,
    144.75060990489));
#5694 = CARTESIAN_POINT('',(-14.43826238111,4.075397005498,
    144.75060990489));
#5695 = ADVANCED_FACE('',(#5696),#5713,.T.);
#5696 = FACE_BOUND('',#5697,.T.);
#5697 = EDGE_LOOP('',(#5698,#5705,#5711,#5712));
#5698 = ORIENTED_EDGE('',*,*,#5699,.F.);
#5699 = EDGE_CURVE('',#5700,#5093,#5702,.T.);
#5700 = VERTEX_POINT('',#5701);
#5701 = CARTESIAN_POINT('',(14.438262381114,-20.7730714241,
    187.2493900951));
#5702 = B_SPLINE_CURVE_WITH_KNOTS('',1,(#5703,#5704),.UNSPECIFIED.,.F.,
  .F.,(2,2),(0.,1.),.PIECEWISE_BEZIER_KNOTS.);
#5703 = CARTESIAN_POINT('',(14.438262381114,-20.7730714241,
    187.2493900951));
#5704 = CARTESIAN_POINT('',(14.438262381114,-8.773071424103,
    187.2493900951));
#5705 = ORIENTED_EDGE('',*,*,#5706,.T.);
#5706 = EDGE_CURVE('',#5700,#5662,#5707,.T.);
#5707 = LINE('',#5708,#5709);
#5708 = CARTESIAN_POINT('',(14.438262381114,-20.7730714241,
    187.2493900951));
#5709 = VECTOR('',#5710,1.);
#5710 = DIRECTION('',(0.76730437389,0.185580592755,-0.613843499112));
#5711 = ORIENTED_EDGE('',*,*,#5661,.T.);
#5712 = ORIENTED_EDGE('',*,*,#5099,.T.);
#5713 = B_SPLINE_SURFACE_WITH_KNOTS('',1,1,(
    (#5714,#5715)
    ,(#5716,#5717
    )),.UNSPECIFIED.,.F.,.F.,.F.,(2,2),(2,2),(0.,4.0707121503),(0.,1.),
  .PIECEWISE_BEZIER_KNOTS.);
#5714 = CARTESIAN_POINT('',(14.438262381114,-20.7730714241,
    187.2493900951));
#5715 = CARTESIAN_POINT('',(14.438262381114,-8.773071424103,
    187.2493900951));
#5716 = CARTESIAN_POINT('',(17.561737618886,-20.01762625031,
    184.75060990489));
#5717 = CARTESIAN_POINT('',(17.561737618886,-8.017626250316,
    184.75060990489));
#5718 = ADVANCED_FACE('',(#5719),#5745,.T.);
#5719 = FACE_BOUND('',#5720,.T.);
#5720 = EDGE_LOOP('',(#5721,#5730,#5736,#5737,#5738,#5739));
#5721 = ORIENTED_EDGE('',*,*,#5722,.T.);
#5722 = EDGE_CURVE('',#5723,#5725,#5727,.T.);
#5723 = VERTEX_POINT('',#5724);
#5724 = CARTESIAN_POINT('',(8.881784197001E-16,-3.316751338217,
    169.20156211871));
#5725 = VERTEX_POINT('',#5726);
#5726 = CARTESIAN_POINT('',(8.881784197001E-16,-15.31675133821,
    169.20156211871));
#5727 = B_SPLINE_CURVE_WITH_KNOTS('',1,(#5728,#5729),.UNSPECIFIED.,.F.,
  .F.,(2,2),(0.,1.),.PIECEWISE_BEZIER_KNOTS.);
#5728 = CARTESIAN_POINT('',(1.887379141863E-15,-3.316751338217,
    169.20156211871));
#5729 = CARTESIAN_POINT('',(1.887379141863E-15,-15.31675133821,
    169.20156211871));
#5730 = ORIENTED_EDGE('',*,*,#5731,.T.);
#5731 = EDGE_CURVE('',#5725,#5700,#5732,.T.);
#5732 = LINE('',#5733,#5734);
#5733 = CARTESIAN_POINT('',(-17.56173761888,-8.680048168289,
    147.2493900951));
#5734 = VECTOR('',#5735,1.);
#5735 = DIRECTION('',(0.607982649232,-0.229760884884,0.75997831154));
#5736 = ORIENTED_EDGE('',*,*,#5699,.T.);
#5737 = ORIENTED_EDGE('',*,*,#5092,.T.);
#5738 = ORIENTED_EDGE('',*,*,#5141,.F.);
#5739 = ORIENTED_EDGE('',*,*,#5740,.F.);
#5740 = EDGE_CURVE('',#5723,#5135,#5741,.T.);
#5741 = LINE('',#5742,#5743);
#5742 = CARTESIAN_POINT('',(-17.56173761888,3.319951831711,
    147.2493900951));
#5743 = VECTOR('',#5744,1.);
#5744 = DIRECTION('',(0.607982649232,-0.229760884884,0.75997831154));
#5745 = B_SPLINE_SURFACE_WITH_KNOTS('',1,1,(
    (#5746,#5747)
    ,(#5748,#5749
    )),.UNSPECIFIED.,.F.,.F.,.F.,(2,2),(2,2),(0.,52.633080961176),(0.,1.
    ),.PIECEWISE_BEZIER_KNOTS.);
#5746 = CARTESIAN_POINT('',(-17.56173761888,-8.680048168289,
    147.2493900951));
#5747 = CARTESIAN_POINT('',(-17.56173761888,3.319951831711,
    147.2493900951));
#5748 = CARTESIAN_POINT('',(14.438262381114,-20.7730714241,
    187.2493900951));
#5749 = CARTESIAN_POINT('',(14.438262381114,-8.773071424103,
    187.2493900951));
#5750 = ADVANCED_FACE('',(#5751),#5800,.F.);
#5751 = FACE_BOUND('',#5752,.F.);
#5752 = EDGE_LOOP('',(#5753,#5761,#5769,#5777,#5785,#5793,#5799));
#5753 = ORIENTED_EDGE('',*,*,#5754,.F.);
#5754 = EDGE_CURVE('',#5755,#5072,#5757,.T.);
#5755 = VERTEX_POINT('',#5756);
#5756 = CARTESIAN_POINT('',(19.,-8.,141.));
#5757 = LINE('',#5758,#5759);
#5758 = CARTESIAN_POINT('',(19.,-8.,8.));
#5759 = VECTOR('',#5760,1.);
#5760 = DIRECTION('',(0.,0.,1.));
#5761 = ORIENTED_EDGE('',*,*,#5762,.F.);
#5762 = EDGE_CURVE('',#5763,#5755,#5765,.T.);
#5763 = VERTEX_POINT('',#5764);
#5764 = CARTESIAN_POINT('',(16.,-8.,144.));
#5765 = LINE('',#5766,#5767);
#5766 = CARTESIAN_POINT('',(51.75,-8.,108.25));
#5767 = VECTOR('',#5768,1.);
#5768 = DIRECTION('',(0.707106781187,0.,-0.707106781187));
#5769 = ORIENTED_EDGE('',*,*,#5770,.F.);
#5770 = EDGE_CURVE('',#5771,#5763,#5773,.T.);
#5771 = VERTEX_POINT('',#5772);
#5772 = CARTESIAN_POINT('',(13.,-8.,144.));
#5773 = LINE('',#5774,#5775);
#5774 = CARTESIAN_POINT('',(14.5,-8.,144.));
#5775 = VECTOR('',#5776,1.);
#5776 = DIRECTION('',(1.,0.,0.));
#5777 = ORIENTED_EDGE('',*,*,#5778,.T.);
#5778 = EDGE_CURVE('',#5771,#5779,#5781,.T.);
#5779 = VERTEX_POINT('',#5780);
#5780 = CARTESIAN_POINT('',(13.,-8.,145.));
#5781 = LINE('',#5782,#5783);
#5782 = CARTESIAN_POINT('',(13.,-8.,8.));
#5783 = VECTOR('',#5784,1.);
#5784 = DIRECTION('',(0.,0.,1.));
#5785 = ORIENTED_EDGE('',*,*,#5786,.T.);
#5786 = EDGE_CURVE('',#5779,#5787,#5789,.T.);
#5787 = VERTEX_POINT('',#5788);
#5788 = CARTESIAN_POINT('',(14.238750305027,-8.,145.));
#5789 = LINE('',#5790,#5791);
#5790 = CARTESIAN_POINT('',(13.,-8.,145.));
#5791 = VECTOR('',#5792,1.);
#5792 = DIRECTION('',(1.,0.,0.));
#5793 = ORIENTED_EDGE('',*,*,#5794,.T.);
#5794 = EDGE_CURVE('',#5787,#5065,#5795,.T.);
#5795 = LINE('',#5796,#5797);
#5796 = CARTESIAN_POINT('',(13.,-8.,145.));
#5797 = VECTOR('',#5798,1.);
#5798 = DIRECTION('',(1.,0.,0.));
#5799 = ORIENTED_EDGE('',*,*,#5071,.T.);
#5800 = PLANE('',#5801);
#5801 = AXIS2_PLACEMENT_3D('',#5802,#5803,#5804);
#5802 = CARTESIAN_POINT('',(13.,-8.,8.));
#5803 = DIRECTION('',(0.,1.,0.));
#5804 = DIRECTION('',(0.,0.,1.));
#5805 = ADVANCED_FACE('',(#5806),#5822,.T.);
#5806 = FACE_BOUND('',#5807,.T.);
#5807 = EDGE_LOOP('',(#5808,#5815,#5821));
#5808 = ORIENTED_EDGE('',*,*,#5809,.F.);
#5809 = EDGE_CURVE('',#5810,#5058,#5812,.T.);
#5810 = VERTEX_POINT('',#5811);
#5811 = CARTESIAN_POINT('',(17.561737618886,-8.680048168289,
    147.2493900951));
#5812 = B_SPLINE_CURVE_WITH_KNOTS('',1,(#5813,#5814),.UNSPECIFIED.,.F.,
  .F.,(2,2),(0.,1.),.PIECEWISE_BEZIER_KNOTS.);
#5813 = CARTESIAN_POINT('',(17.561737618886,-8.680048168289,
    147.2493900951));
#5814 = CARTESIAN_POINT('',(17.561737618886,3.319951831711,
    147.2493900951));
#5815 = ORIENTED_EDGE('',*,*,#5816,.T.);
#5816 = EDGE_CURVE('',#5810,#5065,#5817,.T.);
#5817 = LINE('',#5818,#5819);
#5818 = CARTESIAN_POINT('',(17.561737618886,-8.680048168289,
    147.2493900951));
#5819 = VECTOR('',#5820,1.);
#5820 = DIRECTION('',(-0.76730437389,0.185580592755,-0.613843499112));
#5821 = ORIENTED_EDGE('',*,*,#5064,.T.);
#5822 = B_SPLINE_SURFACE_WITH_KNOTS('',1,1,(
    (#5823,#5824)
    ,(#5825,#5826
    )),.UNSPECIFIED.,.F.,.F.,.F.,(2,2),(2,2),(0.,4.0707121503),(0.,1.),
  .PIECEWISE_BEZIER_KNOTS.);
#5823 = CARTESIAN_POINT('',(17.561737618886,-8.680048168289,
    147.2493900951));
#5824 = CARTESIAN_POINT('',(17.561737618886,3.319951831711,
    147.2493900951));
#5825 = CARTESIAN_POINT('',(14.438262381114,-7.924602994502,
    144.75060990489));
#5826 = CARTESIAN_POINT('',(14.438262381114,4.075397005498,
    144.75060990489));
#5827 = ADVANCED_FACE('',(#5828),#5846,.T.);
#5828 = FACE_BOUND('',#5829,.T.);
#5829 = EDGE_LOOP('',(#5830,#5831,#5837,#5838,#5839,#5840));
#5830 = ORIENTED_EDGE('',*,*,#5676,.F.);
#5831 = ORIENTED_EDGE('',*,*,#5832,.T.);
#5832 = EDGE_CURVE('',#5669,#5810,#5833,.T.);
#5833 = LINE('',#5834,#5835);
#5834 = CARTESIAN_POINT('',(-14.43826238111,-20.7730714241,
    187.2493900951));
#5835 = VECTOR('',#5836,1.);
#5836 = DIRECTION('',(0.607982649232,0.229760884884,-0.75997831154));
#5837 = ORIENTED_EDGE('',*,*,#5809,.T.);
#5838 = ORIENTED_EDGE('',*,*,#5057,.T.);
#5839 = ORIENTED_EDGE('',*,*,#5119,.F.);
#5840 = ORIENTED_EDGE('',*,*,#5841,.F.);
#5841 = EDGE_CURVE('',#5677,#5120,#5842,.T.);
#5842 = LINE('',#5843,#5844);
#5843 = CARTESIAN_POINT('',(-14.43826238111,-8.773071424103,
    187.2493900951));
#5844 = VECTOR('',#5845,1.);
#5845 = DIRECTION('',(0.607982649232,0.229760884884,-0.75997831154));
#5846 = B_SPLINE_SURFACE_WITH_KNOTS('',1,1,(
    (#5847,#5848)
    ,(#5849,#5850
    )),.UNSPECIFIED.,.F.,.F.,.F.,(2,2),(2,2),(0.,52.633080961176),(0.,1.
    ),.PIECEWISE_BEZIER_KNOTS.);
#5847 = CARTESIAN_POINT('',(-14.43826238111,-20.7730714241,
    187.2493900951));
#5848 = CARTESIAN_POINT('',(-14.43826238111,-8.773071424103,
    187.2493900951));
#5849 = CARTESIAN_POINT('',(17.561737618886,-8.680048168289,
    147.2493900951));
#5850 = CARTESIAN_POINT('',(17.561737618886,3.319951831711,
    147.2493900951));
#5851 = ADVANCED_FACE('',(#5852),#5884,.T.);
#5852 = FACE_BOUND('',#5853,.T.);
#5853 = EDGE_LOOP('',(#5854,#5863,#5871,#5876,#5877,#5878));
#5854 = ORIENTED_EDGE('',*,*,#5855,.F.);
#5855 = EDGE_CURVE('',#5856,#5858,#5860,.T.);
#5856 = VERTEX_POINT('',#5857);
#5857 = CARTESIAN_POINT('',(-2.561249694973,-14.3488372093,166.));
#5858 = VERTEX_POINT('',#5859);
#5859 = CARTESIAN_POINT('',(-2.561249694973,-2.348837209302,166.));
#5860 = B_SPLINE_CURVE_WITH_KNOTS('',1,(#5861,#5862),.UNSPECIFIED.,.F.,
  .F.,(2,2),(0.,1.),.PIECEWISE_BEZIER_KNOTS.);
#5861 = CARTESIAN_POINT('',(-2.561249694973,-14.3488372093,166.));
#5862 = CARTESIAN_POINT('',(-2.561249694973,-2.348837209302,166.));
#5863 = ORIENTED_EDGE('',*,*,#5864,.T.);
#5864 = EDGE_CURVE('',#5856,#5865,#5867,.T.);
#5865 = VERTEX_POINT('',#5866);
#5866 = CARTESIAN_POINT('',(-17.56173761888,-20.01762625031,
    184.75060990489));
#5867 = LINE('',#5868,#5869);
#5868 = CARTESIAN_POINT('',(14.438262381114,-7.924602994502,
    144.75060990489));
#5869 = VECTOR('',#5870,1.);
#5870 = DIRECTION('',(-0.607982649232,-0.229760884884,0.75997831154));
#5871 = ORIENTED_EDGE('',*,*,#5872,.T.);
#5872 = EDGE_CURVE('',#5865,#5278,#5873,.T.);
#5873 = B_SPLINE_CURVE_WITH_KNOTS('',1,(#5874,#5875),.UNSPECIFIED.,.F.,
  .F.,(2,2),(0.,1.),.PIECEWISE_BEZIER_KNOTS.);
#5874 = CARTESIAN_POINT('',(-17.56173761888,-20.01762625031,
    184.75060990489));
#5875 = CARTESIAN_POINT('',(-17.56173761888,-8.017626250316,
    184.75060990489));
#5876 = ORIENTED_EDGE('',*,*,#5277,.F.);
#5877 = ORIENTED_EDGE('',*,*,#5236,.F.);
#5878 = ORIENTED_EDGE('',*,*,#5879,.F.);
#5879 = EDGE_CURVE('',#5858,#5230,#5880,.T.);
#5880 = LINE('',#5881,#5882);
#5881 = CARTESIAN_POINT('',(14.438262381114,4.075397005498,
    144.75060990489));
#5882 = VECTOR('',#5883,1.);
#5883 = DIRECTION('',(-0.607982649232,-0.229760884884,0.75997831154));
#5884 = B_SPLINE_SURFACE_WITH_KNOTS('',1,1,(
    (#5885,#5886)
    ,(#5887,#5888
    )),.UNSPECIFIED.,.F.,.F.,.F.,(2,2),(2,2),(0.,52.633080961176),(0.,1.
    ),.PIECEWISE_BEZIER_KNOTS.);
#5885 = CARTESIAN_POINT('',(14.438262381114,-7.924602994502,
    144.75060990489));
#5886 = CARTESIAN_POINT('',(14.438262381114,4.075397005498,
    144.75060990489));
#5887 = CARTESIAN_POINT('',(-17.56173761888,-20.01762625031,
    184.75060990489));
#5888 = CARTESIAN_POINT('',(-17.56173761888,-8.017626250316,
    184.75060990489));
#5889 = ADVANCED_FACE('',(#5890),#5914,.T.);
#5890 = FACE_BOUND('',#5891,.T.);
#5891 = EDGE_LOOP('',(#5892,#5899,#5905,#5906,#5912,#5913));
#5892 = ORIENTED_EDGE('',*,*,#5893,.F.);
#5893 = EDGE_CURVE('',#5894,#5285,#5896,.T.);
#5894 = VERTEX_POINT('',#5895);
#5895 = CARTESIAN_POINT('',(-14.43826238111,-20.7730714241,
    187.2493900951));
#5896 = B_SPLINE_CURVE_WITH_KNOTS('',1,(#5897,#5898),.UNSPECIFIED.,.F.,
  .F.,(2,2),(0.,1.),.PIECEWISE_BEZIER_KNOTS.);
#5897 = CARTESIAN_POINT('',(-14.43826238111,-20.7730714241,
    187.2493900951));
#5898 = CARTESIAN_POINT('',(-14.43826238111,-8.773071424103,
    187.2493900951));
#5899 = ORIENTED_EDGE('',*,*,#5900,.T.);
#5900 = EDGE_CURVE('',#5894,#5725,#5901,.T.);
#5901 = LINE('',#5902,#5903);
#5902 = CARTESIAN_POINT('',(-14.43826238111,-20.7730714241,
    187.2493900951));
#5903 = VECTOR('',#5904,1.);
#5904 = DIRECTION('',(0.607982649232,0.229760884884,-0.75997831154));
#5905 = ORIENTED_EDGE('',*,*,#5722,.F.);
#5906 = ORIENTED_EDGE('',*,*,#5907,.F.);
#5907 = EDGE_CURVE('',#5223,#5723,#5908,.T.);
#5908 = LINE('',#5909,#5910);
#5909 = CARTESIAN_POINT('',(-14.43826238111,-8.773071424103,
    187.2493900951));
#5910 = VECTOR('',#5911,1.);
#5911 = DIRECTION('',(0.607982649232,0.229760884884,-0.75997831154));
#5912 = ORIENTED_EDGE('',*,*,#5222,.F.);
#5913 = ORIENTED_EDGE('',*,*,#5291,.T.);
#5914 = B_SPLINE_SURFACE_WITH_KNOTS('',1,1,(
    (#5915,#5916)
    ,(#5917,#5918
    )),.UNSPECIFIED.,.F.,.F.,.F.,(2,2),(2,2),(0.,52.633080961176),(0.,1.
    ),.PIECEWISE_BEZIER_KNOTS.);
#5915 = CARTESIAN_POINT('',(-14.43826238111,-20.7730714241,
    187.2493900951));
#5916 = CARTESIAN_POINT('',(-14.43826238111,-8.773071424103,
    187.2493900951));
#5917 = CARTESIAN_POINT('',(17.561737618886,-8.680048168289,
    147.2493900951));
#5918 = CARTESIAN_POINT('',(17.561737618886,3.319951831711,
    147.2493900951));
#5919 = ADVANCED_FACE('',(#5920),#5944,.T.);
#5920 = FACE_BOUND('',#5921,.T.);
#5921 = EDGE_LOOP('',(#5922,#5929,#5935,#5936,#5942,#5943));
#5922 = ORIENTED_EDGE('',*,*,#5923,.F.);
#5923 = EDGE_CURVE('',#5924,#5265,#5926,.T.);
#5924 = VERTEX_POINT('',#5925);
#5925 = CARTESIAN_POINT('',(-17.56173761888,-8.680048168289,
    147.2493900951));
#5926 = B_SPLINE_CURVE_WITH_KNOTS('',1,(#5927,#5928),.UNSPECIFIED.,.F.,
  .F.,(2,2),(0.,1.),.PIECEWISE_BEZIER_KNOTS.);
#5927 = CARTESIAN_POINT('',(-17.56173761888,-8.680048168289,
    147.2493900951));
#5928 = CARTESIAN_POINT('',(-17.56173761888,3.319951831711,
    147.2493900951));
#5929 = ORIENTED_EDGE('',*,*,#5930,.T.);
#5930 = EDGE_CURVE('',#5924,#5856,#5931,.T.);
#5931 = LINE('',#5932,#5933);
#5932 = CARTESIAN_POINT('',(-17.56173761888,-8.680048168289,
    147.2493900951));
#5933 = VECTOR('',#5934,1.);
#5934 = DIRECTION('',(0.607982649232,-0.229760884884,0.75997831154));
#5935 = ORIENTED_EDGE('',*,*,#5855,.T.);
#5936 = ORIENTED_EDGE('',*,*,#5937,.F.);
#5937 = EDGE_CURVE('',#5187,#5858,#5938,.T.);
#5938 = LINE('',#5939,#5940);
#5939 = CARTESIAN_POINT('',(-17.56173761888,3.319951831711,
    147.2493900951));
#5940 = VECTOR('',#5941,1.);
#5941 = DIRECTION('',(0.607982649232,-0.229760884884,0.75997831154));
#5942 = ORIENTED_EDGE('',*,*,#5186,.F.);
#5943 = ORIENTED_EDGE('',*,*,#5271,.T.);
#5944 = B_SPLINE_SURFACE_WITH_KNOTS('',1,1,(
    (#5945,#5946)
    ,(#5947,#5948
    )),.UNSPECIFIED.,.F.,.F.,.F.,(2,2),(2,2),(0.,52.633080961176),(0.,1.
    ),.PIECEWISE_BEZIER_KNOTS.);
#5945 = CARTESIAN_POINT('',(-17.56173761888,-8.680048168289,
    147.2493900951));
#5946 = CARTESIAN_POINT('',(-17.56173761888,3.319951831711,
    147.2493900951));
#5947 = CARTESIAN_POINT('',(14.438262381114,-20.7730714241,
    187.2493900951));
#5948 = CARTESIAN_POINT('',(14.438262381114,-8.773071424103,
    187.2493900951));
#5949 = ADVANCED_FACE('',(#5950),#5961,.T.);
#5950 = FACE_BOUND('',#5951,.T.);
#5951 = EDGE_LOOP('',(#5952,#5953,#5959,#5960));
#5952 = ORIENTED_EDGE('',*,*,#5872,.F.);
#5953 = ORIENTED_EDGE('',*,*,#5954,.T.);
#5954 = EDGE_CURVE('',#5865,#5894,#5955,.T.);
#5955 = LINE('',#5956,#5957);
#5956 = CARTESIAN_POINT('',(-17.56173761888,-20.01762625031,
    184.75060990489));
#5957 = VECTOR('',#5958,1.);
#5958 = DIRECTION('',(0.76730437389,-0.185580592755,0.613843499112));
#5959 = ORIENTED_EDGE('',*,*,#5893,.T.);
#5960 = ORIENTED_EDGE('',*,*,#5284,.T.);
#5961 = B_SPLINE_SURFACE_WITH_KNOTS('',1,1,(
    (#5962,#5963)
    ,(#5964,#5965
    )),.UNSPECIFIED.,.F.,.F.,.F.,(2,2),(2,2),(0.,4.0707121503),(0.,1.),
  .PIECEWISE_BEZIER_KNOTS.);
#5962 = CARTESIAN_POINT('',(-17.56173761888,-20.01762625031,
    184.75060990489));
#5963 = CARTESIAN_POINT('',(-17.56173761888,-8.017626250316,
    184.75060990489));
#5964 = CARTESIAN_POINT('',(-14.43826238111,-20.7730714241,
    187.2493900951));
#5965 = CARTESIAN_POINT('',(-14.43826238111,-8.773071424103,
    187.2493900951));
#5966 = ADVANCED_FACE('',(#5967),#5977,.T.);
#5967 = FACE_BOUND('',#5968,.T.);
#5968 = EDGE_LOOP('',(#5969,#5970,#5976));
#5969 = ORIENTED_EDGE('',*,*,#5264,.F.);
#5970 = ORIENTED_EDGE('',*,*,#5971,.T.);
#5971 = EDGE_CURVE('',#5257,#5924,#5972,.T.);
#5972 = LINE('',#5973,#5974);
#5973 = CARTESIAN_POINT('',(-14.43826238111,-7.924602994502,
    144.75060990489));
#5974 = VECTOR('',#5975,1.);
#5975 = DIRECTION('',(-0.76730437389,-0.185580592755,0.613843499112));
#5976 = ORIENTED_EDGE('',*,*,#5923,.T.);
#5977 = B_SPLINE_SURFACE_WITH_KNOTS('',1,1,(
    (#5978,#5979)
    ,(#5980,#5981
    )),.UNSPECIFIED.,.F.,.F.,.F.,(2,2),(2,2),(0.,4.0707121503),(0.,1.),
  .PIECEWISE_BEZIER_KNOTS.);
#5978 = CARTESIAN_POINT('',(-14.43826238111,-7.924602994502,
    144.75060990489));
#5979 = CARTESIAN_POINT('',(-14.43826238111,4.075397005498,
    144.75060990489));
#5980 = CARTESIAN_POINT('',(-17.56173761888,-8.680048168289,
    147.2493900951));
#5981 = CARTESIAN_POINT('',(-17.56173761888,3.319951831711,
    147.2493900951));
#5982 = ADVANCED_FACE('',(#5983),#6032,.F.);
#5983 = FACE_BOUND('',#5984,.F.);
#5984 = EDGE_LOOP('',(#5985,#5995,#6001,#6002,#6010,#6018,#6026));
#5985 = ORIENTED_EDGE('',*,*,#5986,.F.);
#5986 = EDGE_CURVE('',#5987,#5989,#5991,.T.);
#5987 = VERTEX_POINT('',#5988);
#5988 = CARTESIAN_POINT('',(-19.,-8.,141.));
#5989 = VERTEX_POINT('',#5990);
#5990 = CARTESIAN_POINT('',(-16.,-8.,144.));
#5991 = LINE('',#5992,#5993);
#5992 = CARTESIAN_POINT('',(-50.75,-8.,109.25));
#5993 = VECTOR('',#5994,1.);
#5994 = DIRECTION('',(0.707106781187,0.,0.707106781187));
#5995 = ORIENTED_EDGE('',*,*,#5996,.T.);
#5996 = EDGE_CURVE('',#5987,#5250,#5997,.T.);
#5997 = LINE('',#5998,#5999);
#5998 = CARTESIAN_POINT('',(-19.,-8.,8.));
#5999 = VECTOR('',#6000,1.);
#6000 = DIRECTION('',(0.,0.,1.));
#6001 = ORIENTED_EDGE('',*,*,#5256,.T.);
#6002 = ORIENTED_EDGE('',*,*,#6003,.T.);
#6003 = EDGE_CURVE('',#5257,#6004,#6006,.T.);
#6004 = VERTEX_POINT('',#6005);
#6005 = CARTESIAN_POINT('',(-14.23875030502,-8.,145.));
#6006 = LINE('',#6007,#6008);
#6007 = CARTESIAN_POINT('',(-19.,-8.,145.));
#6008 = VECTOR('',#6009,1.);
#6009 = DIRECTION('',(1.,0.,0.));
#6010 = ORIENTED_EDGE('',*,*,#6011,.T.);
#6011 = EDGE_CURVE('',#6004,#6012,#6014,.T.);
#6012 = VERTEX_POINT('',#6013);
#6013 = CARTESIAN_POINT('',(-13.,-8.,145.));
#6014 = LINE('',#6015,#6016);
#6015 = CARTESIAN_POINT('',(-19.,-8.,145.));
#6016 = VECTOR('',#6017,1.);
#6017 = DIRECTION('',(1.,0.,0.));
#6018 = ORIENTED_EDGE('',*,*,#6019,.F.);
#6019 = EDGE_CURVE('',#6020,#6012,#6022,.T.);
#6020 = VERTEX_POINT('',#6021);
#6021 = CARTESIAN_POINT('',(-13.,-8.,144.));
#6022 = LINE('',#6023,#6024);
#6023 = CARTESIAN_POINT('',(-13.,-8.,8.));
#6024 = VECTOR('',#6025,1.);
#6025 = DIRECTION('',(0.,0.,1.));
#6026 = ORIENTED_EDGE('',*,*,#6027,.F.);
#6027 = EDGE_CURVE('',#5989,#6020,#6028,.T.);
#6028 = LINE('',#6029,#6030);
#6029 = CARTESIAN_POINT('',(-1.5,-8.,144.));
#6030 = VECTOR('',#6031,1.);
#6031 = DIRECTION('',(1.,0.,0.));
#6032 = PLANE('',#6033);
#6033 = AXIS2_PLACEMENT_3D('',#6034,#6035,#6036);
#6034 = CARTESIAN_POINT('',(-19.,-8.,8.));
#6035 = DIRECTION('',(0.,1.,0.));
#6036 = DIRECTION('',(0.,0.,1.));
#6037 = ADVANCED_FACE('',(#6038),#6063,.T.);
#6038 = FACE_BOUND('',#6039,.T.);
#6039 = EDGE_LOOP('',(#6040,#6048,#6049,#6057));
#6040 = ORIENTED_EDGE('',*,*,#6041,.F.);
#6041 = EDGE_CURVE('',#5410,#6042,#6044,.T.);
#6042 = VERTEX_POINT('',#6043);
#6043 = CARTESIAN_POINT('',(-19.,4.,147.));
#6044 = LINE('',#6045,#6046);
#6045 = CARTESIAN_POINT('',(-19.,-8.,147.));
#6046 = VECTOR('',#6047,1.);
#6047 = DIRECTION('',(0.,1.,0.));
#6048 = ORIENTED_EDGE('',*,*,#5451,.F.);
#6049 = ORIENTED_EDGE('',*,*,#6050,.T.);
#6050 = EDGE_CURVE('',#5201,#6051,#6053,.T.);
#6051 = VERTEX_POINT('',#6052);
#6052 = CARTESIAN_POINT('',(-13.,4.,147.));
#6053 = LINE('',#6054,#6055);
#6054 = CARTESIAN_POINT('',(-13.,-8.,147.));
#6055 = VECTOR('',#6056,1.);
#6056 = DIRECTION('',(0.,1.,0.));
#6057 = ORIENTED_EDGE('',*,*,#6058,.F.);
#6058 = EDGE_CURVE('',#6042,#6051,#6059,.T.);
#6059 = LINE('',#6060,#6061);
#6060 = CARTESIAN_POINT('',(-19.,4.,147.));
#6061 = VECTOR('',#6062,1.);
#6062 = DIRECTION('',(1.,0.,0.));
#6063 = PLANE('',#6064);
#6064 = AXIS2_PLACEMENT_3D('',#6065,#6066,#6067);
#6065 = CARTESIAN_POINT('',(-19.,-8.,147.));
#6066 = DIRECTION('',(0.,0.,1.));
#6067 = DIRECTION('',(1.,0.,0.));
#6068 = ADVANCED_FACE('',(#6069),#6078,.T.);
#6069 = FACE_BOUND('',#6070,.T.);
#6070 = EDGE_LOOP('',(#6071,#6076,#6077));
#6071 = ORIENTED_EDGE('',*,*,#6072,.F.);
#6072 = EDGE_CURVE('',#5517,#5471,#6073,.T.);
#6073 = B_SPLINE_CURVE_WITH_KNOTS('',1,(#6074,#6075),.UNSPECIFIED.,.F.,
  .F.,(2,2),(0.,1.),.PIECEWISE_BEZIER_KNOTS.);
#6074 = CARTESIAN_POINT('',(19.,-9.,188.));
#6075 = CARTESIAN_POINT('',(19.,-7.,198.));
#6076 = ORIENTED_EDGE('',*,*,#5532,.F.);
#6077 = ORIENTED_EDGE('',*,*,#5483,.T.);
#6078 = PLANE('',#6079);
#6079 = AXIS2_PLACEMENT_3D('',#6080,#6081,#6082);
#6080 = CARTESIAN_POINT('',(19.,-7.,198.));
#6081 = DIRECTION('',(0.,0.980580675691,-0.196116135138));
#6082 = DIRECTION('',(-1.,0.,0.));
#6083 = ADVANCED_FACE('',(#6084),#6109,.T.);
#6084 = FACE_BOUND('',#6085,.T.);
#6085 = EDGE_LOOP('',(#6086,#6094,#6095,#6103));
#6086 = ORIENTED_EDGE('',*,*,#6087,.F.);
#6087 = EDGE_CURVE('',#5150,#6088,#6090,.T.);
#6088 = VERTEX_POINT('',#6089);
#6089 = CARTESIAN_POINT('',(13.,4.,147.));
#6090 = LINE('',#6091,#6092);
#6091 = CARTESIAN_POINT('',(13.,-8.,147.));
#6092 = VECTOR('',#6093,1.);
#6093 = DIRECTION('',(0.,1.,0.));
#6094 = ORIENTED_EDGE('',*,*,#5523,.F.);
#6095 = ORIENTED_EDGE('',*,*,#6096,.T.);
#6096 = EDGE_CURVE('',#5515,#6097,#6099,.T.);
#6097 = VERTEX_POINT('',#6098);
#6098 = CARTESIAN_POINT('',(19.,4.,147.));
#6099 = LINE('',#6100,#6101);
#6100 = CARTESIAN_POINT('',(19.,-8.,147.));
#6101 = VECTOR('',#6102,1.);
#6102 = DIRECTION('',(0.,1.,0.));
#6103 = ORIENTED_EDGE('',*,*,#6104,.F.);
#6104 = EDGE_CURVE('',#6088,#6097,#6105,.T.);
#6105 = LINE('',#6106,#6107);
#6106 = CARTESIAN_POINT('',(13.,4.,147.));
#6107 = VECTOR('',#6108,1.);
#6108 = DIRECTION('',(1.,0.,0.));
#6109 = PLANE('',#6110);
#6110 = AXIS2_PLACEMENT_3D('',#6111,#6112,#6113);
#6111 = CARTESIAN_POINT('',(13.,-8.,147.));
#6112 = DIRECTION('',(0.,0.,1.));
#6113 = DIRECTION('',(1.,0.,0.));
#6114 = ADVANCED_FACE('',(#6115),#6130,.T.);
#6115 = FACE_BOUND('',#6116,.T.);
#6116 = EDGE_LOOP('',(#6117,#6124,#6125));
#6117 = ORIENTED_EDGE('',*,*,#6118,.F.);
#6118 = EDGE_CURVE('',#5779,#6119,#6121,.T.);
#6119 = VERTEX_POINT('',#6120);
#6120 = CARTESIAN_POINT('',(13.,-8.457493010379,146.54843788128));
#6121 = B_SPLINE_CURVE_WITH_KNOTS('',1,(#6122,#6123),.UNSPECIFIED.,.F.,
  .F.,(2,2),(0.,1.),.PIECEWISE_BEZIER_KNOTS.);
#6122 = CARTESIAN_POINT('',(13.,-8.,145.));
#6123 = CARTESIAN_POINT('',(13.,-21.,189.));
#6124 = ORIENTED_EDGE('',*,*,#5786,.T.);
#6125 = ORIENTED_EDGE('',*,*,#6126,.T.);
#6126 = EDGE_CURVE('',#5787,#6119,#6127,.T.);
#6127 = B_SPLINE_CURVE_WITH_KNOTS('',1,(#6128,#6129),.UNSPECIFIED.,.F.,
  .F.,(2,2),(0.,1.),.PIECEWISE_BEZIER_KNOTS.);
#6128 = CARTESIAN_POINT('',(14.238750305027,-8.,144.99999999999));
#6129 = CARTESIAN_POINT('',(13.,-8.457493010379,146.54843788128));
#6130 = PLANE('',#6131);
#6131 = AXIS2_PLACEMENT_3D('',#6132,#6133,#6134);
#6132 = CARTESIAN_POINT('',(13.,-21.,189.));
#6133 = DIRECTION('',(0.,-0.959017708059,-0.283346141017));
#6134 = DIRECTION('',(1.,0.,0.));
#6135 = ADVANCED_FACE('',(#6136),#6177,.T.);
#6136 = FACE_BOUND('',#6137,.T.);
#6137 = EDGE_LOOP('',(#6138,#6148,#6154,#6155,#6163,#6171));
#6138 = ORIENTED_EDGE('',*,*,#6139,.F.);
#6139 = EDGE_CURVE('',#6140,#6142,#6144,.T.);
#6140 = VERTEX_POINT('',#6141);
#6141 = CARTESIAN_POINT('',(16.,-13.2,144.));
#6142 = VERTEX_POINT('',#6143);
#6143 = CARTESIAN_POINT('',(8.2,-13.2,144.));
#6144 = LINE('',#6145,#6146);
#6145 = CARTESIAN_POINT('',(16.,-13.2,144.));
#6146 = VECTOR('',#6147,1.);
#6147 = DIRECTION('',(-1.,0.,0.));
#6148 = ORIENTED_EDGE('',*,*,#6149,.T.);
#6149 = EDGE_CURVE('',#6140,#5763,#6150,.T.);
#6150 = LINE('',#6151,#6152);
#6151 = CARTESIAN_POINT('',(16.,-13.2,144.));
#6152 = VECTOR('',#6153,1.);
#6153 = DIRECTION('',(0.,1.,0.));
#6154 = ORIENTED_EDGE('',*,*,#5770,.F.);
#6155 = ORIENTED_EDGE('',*,*,#6156,.F.);
#6156 = EDGE_CURVE('',#6157,#5771,#6159,.T.);
#6157 = VERTEX_POINT('',#6158);
#6158 = CARTESIAN_POINT('',(13.,-6.7,144.));
#6159 = LINE('',#6160,#6161);
#6160 = CARTESIAN_POINT('',(13.,-10.6,144.));
#6161 = VECTOR('',#6162,1.);
#6162 = DIRECTION('',(0.,-1.,0.));
#6163 = ORIENTED_EDGE('',*,*,#6164,.T.);
#6164 = EDGE_CURVE('',#6157,#6165,#6167,.T.);
#6165 = VERTEX_POINT('',#6166);
#6166 = CARTESIAN_POINT('',(8.2,-6.7,144.));
#6167 = LINE('',#6168,#6169);
#6168 = CARTESIAN_POINT('',(16.,-6.7,144.));
#6169 = VECTOR('',#6170,1.);
#6170 = DIRECTION('',(-1.,0.,0.));
#6171 = ORIENTED_EDGE('',*,*,#6172,.F.);
#6172 = EDGE_CURVE('',#6142,#6165,#6173,.T.);
#6173 = LINE('',#6174,#6175);
#6174 = CARTESIAN_POINT('',(8.2,-13.4,144.));
#6175 = VECTOR('',#6176,1.);
#6176 = DIRECTION('',(0.,1.,0.));
#6177 = PLANE('',#6178);
#6178 = AXIS2_PLACEMENT_3D('',#6179,#6180,#6181);
#6179 = CARTESIAN_POINT('',(16.,-13.2,144.));
#6180 = DIRECTION('',(0.,0.,1.));
#6181 = DIRECTION('',(-1.,0.,0.));
#6182 = ADVANCED_FACE('',(#6183),#6217,.T.);
#6183 = FACE_BOUND('',#6184,.T.);
#6184 = EDGE_LOOP('',(#6185,#6193,#6201,#6209,#6215,#6216));
#6185 = ORIENTED_EDGE('',*,*,#6186,.F.);
#6186 = EDGE_CURVE('',#6187,#6140,#6189,.T.);
#6187 = VERTEX_POINT('',#6188);
#6188 = CARTESIAN_POINT('',(21.,-13.2,139.));
#6189 = LINE('',#6190,#6191);
#6190 = CARTESIAN_POINT('',(21.,-13.2,139.));
#6191 = VECTOR('',#6192,1.);
#6192 = DIRECTION('',(-0.707106781187,0.,0.707106781187));
#6193 = ORIENTED_EDGE('',*,*,#6194,.T.);
#6194 = EDGE_CURVE('',#6187,#6195,#6197,.T.);
#6195 = VERTEX_POINT('',#6196);
#6196 = CARTESIAN_POINT('',(21.,-6.7,139.));
#6197 = LINE('',#6198,#6199);
#6198 = CARTESIAN_POINT('',(21.,-13.2,139.));
#6199 = VECTOR('',#6200,1.);
#6200 = DIRECTION('',(0.,1.,0.));
#6201 = ORIENTED_EDGE('',*,*,#6202,.T.);
#6202 = EDGE_CURVE('',#6195,#6203,#6205,.T.);
#6203 = VERTEX_POINT('',#6204);
#6204 = CARTESIAN_POINT('',(19.,-6.7,141.));
#6205 = LINE('',#6206,#6207);
#6206 = CARTESIAN_POINT('',(21.,-6.7,139.));
#6207 = VECTOR('',#6208,1.);
#6208 = DIRECTION('',(-0.707106781187,0.,0.707106781187));
#6209 = ORIENTED_EDGE('',*,*,#6210,.T.);
#6210 = EDGE_CURVE('',#6203,#5755,#6211,.T.);
#6211 = LINE('',#6212,#6213);
#6212 = CARTESIAN_POINT('',(19.,-10.6,141.));
#6213 = VECTOR('',#6214,1.);
#6214 = DIRECTION('',(0.,-1.,0.));
#6215 = ORIENTED_EDGE('',*,*,#5762,.F.);
#6216 = ORIENTED_EDGE('',*,*,#6149,.F.);
#6217 = PLANE('',#6218);
#6218 = AXIS2_PLACEMENT_3D('',#6219,#6220,#6221);
#6219 = CARTESIAN_POINT('',(21.,-13.2,139.));
#6220 = DIRECTION('',(0.707106781187,0.,0.707106781187));
#6221 = DIRECTION('',(-0.707106781187,0.,0.707106781187));
#6222 = ADVANCED_FACE('',(#6223),#6261,.T.);
#6223 = FACE_BOUND('',#6224,.T.);
#6224 = EDGE_LOOP('',(#6225,#6226,#6234,#6241,#6249,#6256));
#6225 = ORIENTED_EDGE('',*,*,#6126,.F.);
#6226 = ORIENTED_EDGE('',*,*,#6227,.T.);
#6227 = EDGE_CURVE('',#5787,#6228,#6230,.T.);
#6228 = VERTEX_POINT('',#6229);
#6229 = CARTESIAN_POINT('',(-1.7763568394E-15,-13.38092308038,
    162.79843788128));
#6230 = LINE('',#6231,#6232);
#6231 = CARTESIAN_POINT('',(14.438262381114,-7.924602994502,
    144.75060990489));
#6232 = VECTOR('',#6233,1.);
#6233 = DIRECTION('',(-0.607982649232,-0.229760884884,0.75997831154));
#6234 = ORIENTED_EDGE('',*,*,#6235,.F.);
#6235 = EDGE_CURVE('',#6236,#6228,#6238,.T.);
#6236 = VERTEX_POINT('',#6237);
#6237 = CARTESIAN_POINT('',(-1.7763568394E-15,-1.380923080388,
    162.79843788128));
#6238 = B_SPLINE_CURVE_WITH_KNOTS('',1,(#6239,#6240),.UNSPECIFIED.,.F.,
  .F.,(2,2),(0.,1.),.PIECEWISE_BEZIER_KNOTS.);
#6239 = CARTESIAN_POINT('',(6.661338147751E-15,-1.380923080388,
    162.79843788128));
#6240 = CARTESIAN_POINT('',(6.661338147751E-15,-13.38092308038,
    162.79843788128));
#6241 = ORIENTED_EDGE('',*,*,#6242,.F.);
#6242 = EDGE_CURVE('',#6243,#6236,#6245,.T.);
#6243 = VERTEX_POINT('',#6244);
#6244 = CARTESIAN_POINT('',(13.,3.531867617286,146.54843788128));
#6245 = LINE('',#6246,#6247);
#6246 = CARTESIAN_POINT('',(14.438262381114,4.075397005498,
    144.75060990489));
#6247 = VECTOR('',#6248,1.);
#6248 = DIRECTION('',(-0.607982649232,-0.229760884884,0.75997831154));
#6249 = ORIENTED_EDGE('',*,*,#6250,.F.);
#6250 = EDGE_CURVE('',#6251,#6243,#6253,.T.);
#6251 = VERTEX_POINT('',#6252);
#6252 = CARTESIAN_POINT('',(13.,-8.,146.54843788128));
#6253 = B_SPLINE_CURVE_WITH_KNOTS('',1,(#6254,#6255),.UNSPECIFIED.,.F.,
  .F.,(2,2),(0.,1.),.PIECEWISE_BEZIER_KNOTS.);
#6254 = CARTESIAN_POINT('',(13.,-8.,146.54843788128));
#6255 = CARTESIAN_POINT('',(13.,3.531867617286,146.54843788128));
#6256 = ORIENTED_EDGE('',*,*,#6257,.F.);
#6257 = EDGE_CURVE('',#6119,#6251,#6258,.T.);
#6258 = B_SPLINE_CURVE_WITH_KNOTS('',1,(#6259,#6260),.UNSPECIFIED.,.F.,
  .F.,(2,2),(0.,1.),.PIECEWISE_BEZIER_KNOTS.);
#6259 = CARTESIAN_POINT('',(13.,-8.457493010379,146.54843788128));
#6260 = CARTESIAN_POINT('',(13.,3.531867617286,146.54843788128));
#6261 = B_SPLINE_SURFACE_WITH_KNOTS('',1,1,(
    (#6262,#6263)
    ,(#6264,#6265
    )),.UNSPECIFIED.,.F.,.F.,.F.,(2,2),(2,2),(0.,52.633080961176),(0.,1.
    ),.PIECEWISE_BEZIER_KNOTS.);
#6262 = CARTESIAN_POINT('',(14.438262381114,-7.924602994502,
    144.75060990489));
#6263 = CARTESIAN_POINT('',(14.438262381114,4.075397005498,
    144.75060990489));
#6264 = CARTESIAN_POINT('',(-17.56173761888,-20.01762625031,
    184.75060990489));
#6265 = CARTESIAN_POINT('',(-17.56173761888,-8.017626250316,
    184.75060990489));
#6266 = ADVANCED_FACE('',(#6267),#6277,.T.);
#6267 = FACE_BOUND('',#6268,.T.);
#6268 = EDGE_LOOP('',(#6269,#6275,#6276));
#6269 = ORIENTED_EDGE('',*,*,#6270,.F.);
#6270 = EDGE_CURVE('',#5779,#6251,#6271,.T.);
#6271 = LINE('',#6272,#6273);
#6272 = CARTESIAN_POINT('',(13.,-8.,8.));
#6273 = VECTOR('',#6274,1.);
#6274 = DIRECTION('',(0.,0.,1.));
#6275 = ORIENTED_EDGE('',*,*,#6118,.T.);
#6276 = ORIENTED_EDGE('',*,*,#6257,.T.);
#6277 = B_SPLINE_SURFACE_WITH_KNOTS('',1,1,(
    (#6278,#6279)
    ,(#6280,#6281
    )),.UNSPECIFIED.,.F.,.F.,.F.,(2,2),(2,2),(0.,12.),(0.,1.),
  .PIECEWISE_BEZIER_KNOTS.);
#6278 = CARTESIAN_POINT('',(13.,4.,145.));
#6279 = CARTESIAN_POINT('',(13.,-9.,189.));
#6280 = CARTESIAN_POINT('',(13.,-8.,145.));
#6281 = CARTESIAN_POINT('',(13.,-21.,189.));
#6282 = ADVANCED_FACE('',(#6283),#6319,.T.);
#6283 = FACE_BOUND('',#6284,.T.);
#6284 = EDGE_LOOP('',(#6285,#6286,#6292,#6299,#6306,#6313));
#6285 = ORIENTED_EDGE('',*,*,#6235,.T.);
#6286 = ORIENTED_EDGE('',*,*,#6287,.T.);
#6287 = EDGE_CURVE('',#6228,#6004,#6288,.T.);
#6288 = LINE('',#6289,#6290);
#6289 = CARTESIAN_POINT('',(17.561737618886,-20.01762625031,
    184.75060990489));
#6290 = VECTOR('',#6291,1.);
#6291 = DIRECTION('',(-0.607982649232,0.229760884884,-0.75997831154));
#6292 = ORIENTED_EDGE('',*,*,#6293,.T.);
#6293 = EDGE_CURVE('',#6004,#6294,#6296,.T.);
#6294 = VERTEX_POINT('',#6295);
#6295 = CARTESIAN_POINT('',(-13.,-8.457493010379,146.54843788128));
#6296 = B_SPLINE_CURVE_WITH_KNOTS('',1,(#6297,#6298),.UNSPECIFIED.,.F.,
  .F.,(2,2),(0.,1.),.PIECEWISE_BEZIER_KNOTS.);
#6297 = CARTESIAN_POINT('',(-14.23875030502,-8.,145.));
#6298 = CARTESIAN_POINT('',(-13.,-8.457493010379,146.54843788128));
#6299 = ORIENTED_EDGE('',*,*,#6300,.F.);
#6300 = EDGE_CURVE('',#6301,#6294,#6303,.T.);
#6301 = VERTEX_POINT('',#6302);
#6302 = CARTESIAN_POINT('',(-13.,-8.,146.54843788128));
#6303 = B_SPLINE_CURVE_WITH_KNOTS('',1,(#6304,#6305),.UNSPECIFIED.,.F.,
  .F.,(2,2),(0.,1.),.PIECEWISE_BEZIER_KNOTS.);
#6304 = CARTESIAN_POINT('',(-13.,3.531867617286,146.54843788128));
#6305 = CARTESIAN_POINT('',(-13.,-8.457493010379,146.54843788128));
#6306 = ORIENTED_EDGE('',*,*,#6307,.T.);
#6307 = EDGE_CURVE('',#6301,#6308,#6310,.T.);
#6308 = VERTEX_POINT('',#6309);
#6309 = CARTESIAN_POINT('',(-13.,3.531867617286,146.54843788128));
#6310 = B_SPLINE_CURVE_WITH_KNOTS('',1,(#6311,#6312),.UNSPECIFIED.,.F.,
  .F.,(2,2),(0.,1.),.PIECEWISE_BEZIER_KNOTS.);
#6311 = CARTESIAN_POINT('',(-13.,-8.,146.54843788128));
#6312 = CARTESIAN_POINT('',(-13.,3.531867617286,146.54843788128));
#6313 = ORIENTED_EDGE('',*,*,#6314,.F.);
#6314 = EDGE_CURVE('',#6236,#6308,#6315,.T.);
#6315 = LINE('',#6316,#6317);
#6316 = CARTESIAN_POINT('',(17.561737618886,-8.017626250316,
    184.75060990489));
#6317 = VECTOR('',#6318,1.);
#6318 = DIRECTION('',(-0.607982649232,0.229760884884,-0.75997831154));
#6319 = B_SPLINE_SURFACE_WITH_KNOTS('',1,1,(
    (#6320,#6321)
    ,(#6322,#6323
    )),.UNSPECIFIED.,.F.,.F.,.F.,(2,2),(2,2),(0.,52.633080961176),(0.,1.
    ),.PIECEWISE_BEZIER_KNOTS.);
#6320 = CARTESIAN_POINT('',(17.561737618886,-20.01762625031,
    184.75060990489));
#6321 = CARTESIAN_POINT('',(17.561737618886,-8.017626250316,
    184.75060990489));
#6322 = CARTESIAN_POINT('',(-14.43826238111,-7.924602994502,
    144.75060990489));
#6323 = CARTESIAN_POINT('',(-14.43826238111,4.075397005498,
    144.75060990489));
#6324 = ADVANCED_FACE('',(#6325),#6339,.T.);
#6325 = FACE_BOUND('',#6326,.T.);
#6326 = EDGE_LOOP('',(#6327,#6332,#6338));
#6327 = ORIENTED_EDGE('',*,*,#6328,.F.);
#6328 = EDGE_CURVE('',#6012,#6294,#6329,.T.);
#6329 = B_SPLINE_CURVE_WITH_KNOTS('',1,(#6330,#6331),.UNSPECIFIED.,.F.,
  .F.,(2,2),(0.,1.),.PIECEWISE_BEZIER_KNOTS.);
#6330 = CARTESIAN_POINT('',(-13.,-8.,145.));
#6331 = CARTESIAN_POINT('',(-13.,-21.,189.));
#6332 = ORIENTED_EDGE('',*,*,#6333,.T.);
#6333 = EDGE_CURVE('',#6012,#6301,#6334,.T.);
#6334 = LINE('',#6335,#6336);
#6335 = CARTESIAN_POINT('',(-13.,-8.,8.));
#6336 = VECTOR('',#6337,1.);
#6337 = DIRECTION('',(0.,0.,1.));
#6338 = ORIENTED_EDGE('',*,*,#6300,.T.);
#6339 = B_SPLINE_SURFACE_WITH_KNOTS('',1,1,(
    (#6340,#6341)
    ,(#6342,#6343
    )),.UNSPECIFIED.,.F.,.F.,.F.,(2,2),(2,2),(0.,12.),(0.,1.),
  .PIECEWISE_BEZIER_KNOTS.);
#6340 = CARTESIAN_POINT('',(-13.,-8.,145.));
#6341 = CARTESIAN_POINT('',(-13.,-21.,189.));
#6342 = CARTESIAN_POINT('',(-13.,4.,145.));
#6343 = CARTESIAN_POINT('',(-13.,-9.,189.));
#6344 = ADVANCED_FACE('',(#6345),#6386,.T.);
#6345 = FACE_BOUND('',#6346,.T.);
#6346 = EDGE_LOOP('',(#6347,#6357,#6363,#6364,#6372,#6380));
#6347 = ORIENTED_EDGE('',*,*,#6348,.F.);
#6348 = EDGE_CURVE('',#6349,#6351,#6353,.T.);
#6349 = VERTEX_POINT('',#6350);
#6350 = CARTESIAN_POINT('',(-16.,-13.2,144.));
#6351 = VERTEX_POINT('',#6352);
#6352 = CARTESIAN_POINT('',(-21.,-13.2,139.));
#6353 = LINE('',#6354,#6355);
#6354 = CARTESIAN_POINT('',(-16.,-13.2,144.));
#6355 = VECTOR('',#6356,1.);
#6356 = DIRECTION('',(-0.707106781187,0.,-0.707106781187));
#6357 = ORIENTED_EDGE('',*,*,#6358,.T.);
#6358 = EDGE_CURVE('',#6349,#5989,#6359,.T.);
#6359 = LINE('',#6360,#6361);
#6360 = CARTESIAN_POINT('',(-16.,-13.2,144.));
#6361 = VECTOR('',#6362,1.);
#6362 = DIRECTION('',(0.,1.,0.));
#6363 = ORIENTED_EDGE('',*,*,#5986,.F.);
#6364 = ORIENTED_EDGE('',*,*,#6365,.F.);
#6365 = EDGE_CURVE('',#6366,#5987,#6368,.T.);
#6366 = VERTEX_POINT('',#6367);
#6367 = CARTESIAN_POINT('',(-19.,-6.7,141.));
#6368 = LINE('',#6369,#6370);
#6369 = CARTESIAN_POINT('',(-19.,-10.6,141.));
#6370 = VECTOR('',#6371,1.);
#6371 = DIRECTION('',(0.,-1.,0.));
#6372 = ORIENTED_EDGE('',*,*,#6373,.T.);
#6373 = EDGE_CURVE('',#6366,#6374,#6376,.T.);
#6374 = VERTEX_POINT('',#6375);
#6375 = CARTESIAN_POINT('',(-21.,-6.7,139.));
#6376 = LINE('',#6377,#6378);
#6377 = CARTESIAN_POINT('',(-16.,-6.7,144.));
#6378 = VECTOR('',#6379,1.);
#6379 = DIRECTION('',(-0.707106781187,0.,-0.707106781187));
#6380 = ORIENTED_EDGE('',*,*,#6381,.F.);
#6381 = EDGE_CURVE('',#6351,#6374,#6382,.T.);
#6382 = LINE('',#6383,#6384);
#6383 = CARTESIAN_POINT('',(-21.,-13.2,139.));
#6384 = VECTOR('',#6385,1.);
#6385 = DIRECTION('',(0.,1.,0.));
#6386 = PLANE('',#6387);
#6387 = AXIS2_PLACEMENT_3D('',#6388,#6389,#6390);
#6388 = CARTESIAN_POINT('',(-16.,-13.2,144.));
#6389 = DIRECTION('',(-0.707106781187,0.,0.707106781187));
#6390 = DIRECTION('',(-0.707106781187,0.,-0.707106781187));
#6391 = ADVANCED_FACE('',(#6392),#6426,.T.);
#6392 = FACE_BOUND('',#6393,.T.);
#6393 = EDGE_LOOP('',(#6394,#6402,#6410,#6418,#6424,#6425));
#6394 = ORIENTED_EDGE('',*,*,#6395,.F.);
#6395 = EDGE_CURVE('',#6396,#6349,#6398,.T.);
#6396 = VERTEX_POINT('',#6397);
#6397 = CARTESIAN_POINT('',(-8.2,-13.2,144.));
#6398 = LINE('',#6399,#6400);
#6399 = CARTESIAN_POINT('',(16.,-13.2,144.));
#6400 = VECTOR('',#6401,1.);
#6401 = DIRECTION('',(-1.,0.,0.));
#6402 = ORIENTED_EDGE('',*,*,#6403,.T.);
#6403 = EDGE_CURVE('',#6396,#6404,#6406,.T.);
#6404 = VERTEX_POINT('',#6405);
#6405 = CARTESIAN_POINT('',(-8.2,-6.7,144.));
#6406 = LINE('',#6407,#6408);
#6407 = CARTESIAN_POINT('',(-8.2,-13.4,144.));
#6408 = VECTOR('',#6409,1.);
#6409 = DIRECTION('',(0.,1.,0.));
#6410 = ORIENTED_EDGE('',*,*,#6411,.T.);
#6411 = EDGE_CURVE('',#6404,#6412,#6414,.T.);
#6412 = VERTEX_POINT('',#6413);
#6413 = CARTESIAN_POINT('',(-13.,-6.7,144.));
#6414 = LINE('',#6415,#6416);
#6415 = CARTESIAN_POINT('',(16.,-6.7,144.));
#6416 = VECTOR('',#6417,1.);
#6417 = DIRECTION('',(-1.,0.,0.));
#6418 = ORIENTED_EDGE('',*,*,#6419,.T.);
#6419 = EDGE_CURVE('',#6412,#6020,#6420,.T.);
#6420 = LINE('',#6421,#6422);
#6421 = CARTESIAN_POINT('',(-13.,-10.6,144.));
#6422 = VECTOR('',#6423,1.);
#6423 = DIRECTION('',(0.,-1.,0.));
#6424 = ORIENTED_EDGE('',*,*,#6027,.F.);
#6425 = ORIENTED_EDGE('',*,*,#6358,.F.);
#6426 = PLANE('',#6427);
#6427 = AXIS2_PLACEMENT_3D('',#6428,#6429,#6430);
#6428 = CARTESIAN_POINT('',(16.,-13.2,144.));
#6429 = DIRECTION('',(0.,0.,1.));
#6430 = DIRECTION('',(-1.,0.,0.));
#6431 = ADVANCED_FACE('',(#6432),#6437,.T.);
#6432 = FACE_BOUND('',#6433,.T.);
#6433 = EDGE_LOOP('',(#6434,#6435,#6436));
#6434 = ORIENTED_EDGE('',*,*,#6293,.F.);
#6435 = ORIENTED_EDGE('',*,*,#6011,.T.);
#6436 = ORIENTED_EDGE('',*,*,#6328,.T.);
#6437 = PLANE('',#6438);
#6438 = AXIS2_PLACEMENT_3D('',#6439,#6440,#6441);
#6439 = CARTESIAN_POINT('',(-19.,-21.,189.));
#6440 = DIRECTION('',(0.,-0.959017708059,-0.283346141017));
#6441 = DIRECTION('',(1.,0.,0.));
#6442 = ADVANCED_FACE('',(#6443),#6468,.F.);
#6443 = FACE_BOUND('',#6444,.F.);
#6444 = EDGE_LOOP('',(#6445,#6453,#6461,#6467));
#6445 = ORIENTED_EDGE('',*,*,#6446,.T.);
#6446 = EDGE_CURVE('',#6203,#6447,#6449,.T.);
#6447 = VERTEX_POINT('',#6448);
#6448 = CARTESIAN_POINT('',(19.,-6.7,71.));
#6449 = LINE('',#6450,#6451);
#6450 = CARTESIAN_POINT('',(19.,-6.7,57.));
#6451 = VECTOR('',#6452,1.);
#6452 = DIRECTION('',(0.,0.,-1.));
#6453 = ORIENTED_EDGE('',*,*,#6454,.T.);
#6454 = EDGE_CURVE('',#6447,#6455,#6457,.T.);
#6455 = VERTEX_POINT('',#6456);
#6456 = CARTESIAN_POINT('',(21.,-6.7,73.));
#6457 = LINE('',#6458,#6459);
#6458 = CARTESIAN_POINT('',(16.,-6.7,68.));
#6459 = VECTOR('',#6460,1.);
#6460 = DIRECTION('',(0.707106781187,0.,0.707106781187));
#6461 = ORIENTED_EDGE('',*,*,#6462,.T.);
#6462 = EDGE_CURVE('',#6455,#6195,#6463,.T.);
#6463 = LINE('',#6464,#6465);
#6464 = CARTESIAN_POINT('',(21.,-6.7,73.));
#6465 = VECTOR('',#6466,1.);
#6466 = DIRECTION('',(0.,0.,1.));
#6467 = ORIENTED_EDGE('',*,*,#6202,.T.);
#6468 = PLANE('',#6469);
#6469 = AXIS2_PLACEMENT_3D('',#6470,#6471,#6472);
#6470 = CARTESIAN_POINT('',(1.267218127795E-16,-6.7,106.));
#6471 = DIRECTION('',(-0.,-1.,-0.));
#6472 = DIRECTION('',(0.,0.,-1.));
#6473 = ADVANCED_FACE('',(#6474),#6515,.T.);
#6474 = FACE_BOUND('',#6475,.T.);
#6475 = EDGE_LOOP('',(#6476,#6486,#6494,#6502,#6508,#6509));
#6476 = ORIENTED_EDGE('',*,*,#6477,.F.);
#6477 = EDGE_CURVE('',#6478,#6480,#6482,.T.);
#6478 = VERTEX_POINT('',#6479);
#6479 = CARTESIAN_POINT('',(16.,-13.2,68.));
#6480 = VERTEX_POINT('',#6481);
#6481 = CARTESIAN_POINT('',(21.,-13.2,73.));
#6482 = LINE('',#6483,#6484);
#6483 = CARTESIAN_POINT('',(16.,-13.2,68.));
#6484 = VECTOR('',#6485,1.);
#6485 = DIRECTION('',(0.707106781187,0.,0.707106781187));
#6486 = ORIENTED_EDGE('',*,*,#6487,.T.);
#6487 = EDGE_CURVE('',#6478,#6488,#6490,.T.);
#6488 = VERTEX_POINT('',#6489);
#6489 = CARTESIAN_POINT('',(16.,-8.,68.));
#6490 = LINE('',#6491,#6492);
#6491 = CARTESIAN_POINT('',(16.,-13.2,68.));
#6492 = VECTOR('',#6493,1.);
#6493 = DIRECTION('',(0.,1.,0.));
#6494 = ORIENTED_EDGE('',*,*,#6495,.F.);
#6495 = EDGE_CURVE('',#6496,#6488,#6498,.T.);
#6496 = VERTEX_POINT('',#6497);
#6497 = CARTESIAN_POINT('',(19.,-8.,71.));
#6498 = LINE('',#6499,#6500);
#6499 = CARTESIAN_POINT('',(0.25,-8.,52.25));
#6500 = VECTOR('',#6501,1.);
#6501 = DIRECTION('',(-0.707106781187,0.,-0.707106781187));
#6502 = ORIENTED_EDGE('',*,*,#6503,.T.);
#6503 = EDGE_CURVE('',#6496,#6447,#6504,.T.);
#6504 = LINE('',#6505,#6506);
#6505 = CARTESIAN_POINT('',(19.,-10.6,71.));
#6506 = VECTOR('',#6507,1.);
#6507 = DIRECTION('',(0.,1.,0.));
#6508 = ORIENTED_EDGE('',*,*,#6454,.T.);
#6509 = ORIENTED_EDGE('',*,*,#6510,.F.);
#6510 = EDGE_CURVE('',#6480,#6455,#6511,.T.);
#6511 = LINE('',#6512,#6513);
#6512 = CARTESIAN_POINT('',(21.,-13.2,73.));
#6513 = VECTOR('',#6514,1.);
#6514 = DIRECTION('',(0.,1.,0.));
#6515 = PLANE('',#6516);
#6516 = AXIS2_PLACEMENT_3D('',#6517,#6518,#6519);
#6517 = CARTESIAN_POINT('',(16.,-13.2,68.));
#6518 = DIRECTION('',(0.707106781187,0.,-0.707106781187));
#6519 = DIRECTION('',(0.707106781187,0.,0.707106781187));
#6520 = ADVANCED_FACE('',(#6521),#6578,.F.);
#6521 = FACE_BOUND('',#6522,.F.);
#6522 = EDGE_LOOP('',(#6523,#6531,#6539,#6547,#6555,#6563,#6571,#6577));
#6523 = ORIENTED_EDGE('',*,*,#6524,.F.);
#6524 = EDGE_CURVE('',#6525,#6165,#6527,.T.);
#6525 = VERTEX_POINT('',#6526);
#6526 = CARTESIAN_POINT('',(8.2,-6.7,68.));
#6527 = LINE('',#6528,#6529);
#6528 = CARTESIAN_POINT('',(8.2,-6.7,87.));
#6529 = VECTOR('',#6530,1.);
#6530 = DIRECTION('',(0.,0.,1.));
#6531 = ORIENTED_EDGE('',*,*,#6532,.T.);
#6532 = EDGE_CURVE('',#6525,#6533,#6535,.T.);
#6533 = VERTEX_POINT('',#6534);
#6534 = CARTESIAN_POINT('',(13.,-6.7,68.));
#6535 = LINE('',#6536,#6537);
#6536 = CARTESIAN_POINT('',(-16.,-6.7,68.));
#6537 = VECTOR('',#6538,1.);
#6538 = DIRECTION('',(1.,0.,0.));
#6539 = ORIENTED_EDGE('',*,*,#6540,.F.);
#6540 = EDGE_CURVE('',#6541,#6533,#6543,.T.);
#6541 = VERTEX_POINT('',#6542);
#6542 = CARTESIAN_POINT('',(13.,-6.7,84.2));
#6543 = LINE('',#6544,#6545);
#6544 = CARTESIAN_POINT('',(13.,-6.7,57.));
#6545 = VECTOR('',#6546,1.);
#6546 = DIRECTION('',(0.,0.,-1.));
#6547 = ORIENTED_EDGE('',*,*,#6548,.F.);
#6548 = EDGE_CURVE('',#6549,#6541,#6551,.T.);
#6549 = VERTEX_POINT('',#6550);
#6550 = CARTESIAN_POINT('',(8.45,-6.7,88.75));
#6551 = LINE('',#6552,#6553);
#6552 = CARTESIAN_POINT('',(2.025,-6.7,95.175));
#6553 = VECTOR('',#6554,1.);
#6554 = DIRECTION('',(0.707106781187,0.,-0.707106781187));
#6555 = ORIENTED_EDGE('',*,*,#6556,.F.);
#6556 = EDGE_CURVE('',#6557,#6549,#6559,.T.);
#6557 = VERTEX_POINT('',#6558);
#6558 = CARTESIAN_POINT('',(8.45,-6.7,123.25));
#6559 = LINE('',#6560,#6561);
#6560 = CARTESIAN_POINT('',(8.45,-6.7,114.625));
#6561 = VECTOR('',#6562,1.);
#6562 = DIRECTION('',(0.,0.,-1.));
#6563 = ORIENTED_EDGE('',*,*,#6564,.F.);
#6564 = EDGE_CURVE('',#6565,#6557,#6567,.T.);
#6565 = VERTEX_POINT('',#6566);
#6566 = CARTESIAN_POINT('',(13.,-6.7,127.8));
#6567 = LINE('',#6568,#6569);
#6568 = CARTESIAN_POINT('',(4.4,-6.7,119.2));
#6569 = VECTOR('',#6570,1.);
#6570 = DIRECTION('',(-0.707106781187,0.,-0.707106781187));
#6571 = ORIENTED_EDGE('',*,*,#6572,.F.);
#6572 = EDGE_CURVE('',#6157,#6565,#6573,.T.);
#6573 = LINE('',#6574,#6575);
#6574 = CARTESIAN_POINT('',(13.,-6.7,57.));
#6575 = VECTOR('',#6576,1.);
#6576 = DIRECTION('',(0.,0.,-1.));
#6577 = ORIENTED_EDGE('',*,*,#6164,.T.);
#6578 = PLANE('',#6579);
#6579 = AXIS2_PLACEMENT_3D('',#6580,#6581,#6582);
#6580 = CARTESIAN_POINT('',(1.267218127795E-16,-6.7,106.));
#6581 = DIRECTION('',(-0.,-1.,-0.));
#6582 = DIRECTION('',(0.,0.,-1.));
#6583 = ADVANCED_FACE('',(#6584),#6641,.F.);
#6584 = FACE_BOUND('',#6585,.F.);
#6585 = EDGE_LOOP('',(#6586,#6596,#6604,#6612,#6618,#6619,#6627,#6635));
#6586 = ORIENTED_EDGE('',*,*,#6587,.F.);
#6587 = EDGE_CURVE('',#6588,#6590,#6592,.T.);
#6588 = VERTEX_POINT('',#6589);
#6589 = CARTESIAN_POINT('',(10.,-13.2,87.2));
#6590 = VERTEX_POINT('',#6591);
#6591 = CARTESIAN_POINT('',(13.2,-13.2,84.));
#6592 = LINE('',#6593,#6594);
#6593 = CARTESIAN_POINT('',(2.025,-13.2,95.175));
#6594 = VECTOR('',#6595,1.);
#6595 = DIRECTION('',(0.707106781187,0.,-0.707106781187));
#6596 = ORIENTED_EDGE('',*,*,#6597,.F.);
#6597 = EDGE_CURVE('',#6598,#6588,#6600,.T.);
#6598 = VERTEX_POINT('',#6599);
#6599 = CARTESIAN_POINT('',(10.,-12.8,87.2));
#6600 = LINE('',#6601,#6602);
#6601 = CARTESIAN_POINT('',(10.,-13.65,87.2));
#6602 = VECTOR('',#6603,1.);
#6603 = DIRECTION('',(0.,-1.,0.));
#6604 = ORIENTED_EDGE('',*,*,#6605,.F.);
#6605 = EDGE_CURVE('',#6606,#6598,#6608,.T.);
#6606 = VERTEX_POINT('',#6607);
#6607 = CARTESIAN_POINT('',(8.45,-12.8,88.75));
#6608 = LINE('',#6609,#6610);
#6609 = CARTESIAN_POINT('',(9.025,-12.8,88.175));
#6610 = VECTOR('',#6611,1.);
#6611 = DIRECTION('',(0.707106781187,0.,-0.707106781187));
#6612 = ORIENTED_EDGE('',*,*,#6613,.T.);
#6613 = EDGE_CURVE('',#6606,#6549,#6614,.T.);
#6614 = LINE('',#6615,#6616);
#6615 = CARTESIAN_POINT('',(8.45,-13.5,88.75));
#6616 = VECTOR('',#6617,1.);
#6617 = DIRECTION('',(0.,1.,0.));
#6618 = ORIENTED_EDGE('',*,*,#6548,.T.);
#6619 = ORIENTED_EDGE('',*,*,#6620,.F.);
#6620 = EDGE_CURVE('',#6621,#6541,#6623,.T.);
#6621 = VERTEX_POINT('',#6622);
#6622 = CARTESIAN_POINT('',(13.,-8.,84.2));
#6623 = LINE('',#6624,#6625);
#6624 = CARTESIAN_POINT('',(13.,-10.75,84.2));
#6625 = VECTOR('',#6626,1.);
#6626 = DIRECTION('',(0.,1.,0.));
#6627 = ORIENTED_EDGE('',*,*,#6628,.F.);
#6628 = EDGE_CURVE('',#6629,#6621,#6631,.T.);
#6629 = VERTEX_POINT('',#6630);
#6630 = CARTESIAN_POINT('',(13.2,-8.,84.));
#6631 = LINE('',#6632,#6633);
#6632 = CARTESIAN_POINT('',(29.775,-8.,67.425));
#6633 = VECTOR('',#6634,1.);
#6634 = DIRECTION('',(-0.707106781187,0.,0.707106781187));
#6635 = ORIENTED_EDGE('',*,*,#6636,.F.);
#6636 = EDGE_CURVE('',#6590,#6629,#6637,.T.);
#6637 = LINE('',#6638,#6639);
#6638 = CARTESIAN_POINT('',(13.2,-13.5,84.));
#6639 = VECTOR('',#6640,1.);
#6640 = DIRECTION('',(0.,1.,0.));
#6641 = PLANE('',#6642);
#6642 = AXIS2_PLACEMENT_3D('',#6643,#6644,#6645);
#6643 = CARTESIAN_POINT('',(8.45,-13.5,88.75));
#6644 = DIRECTION('',(-0.707106781187,0.,-0.707106781187));
#6645 = DIRECTION('',(0.707106781187,0.,-0.707106781187));
#6646 = ADVANCED_FACE('',(#6647),#6688,.F.);
#6647 = FACE_BOUND('',#6648,.F.);
#6648 = EDGE_LOOP('',(#6649,#6650,#6658,#6666,#6674,#6682));
#6649 = ORIENTED_EDGE('',*,*,#6628,.T.);
#6650 = ORIENTED_EDGE('',*,*,#6651,.T.);
#6651 = EDGE_CURVE('',#6621,#6652,#6654,.T.);
#6652 = VERTEX_POINT('',#6653);
#6653 = CARTESIAN_POINT('',(13.,-8.,127.8));
#6654 = LINE('',#6655,#6656);
#6655 = CARTESIAN_POINT('',(13.,-8.,8.));
#6656 = VECTOR('',#6657,1.);
#6657 = DIRECTION('',(0.,0.,1.));
#6658 = ORIENTED_EDGE('',*,*,#6659,.T.);
#6659 = EDGE_CURVE('',#6652,#6660,#6662,.T.);
#6660 = VERTEX_POINT('',#6661);
#6661 = CARTESIAN_POINT('',(13.2,-8.,128.));
#6662 = LINE('',#6663,#6664);
#6663 = CARTESIAN_POINT('',(-16.85,-8.,97.95));
#6664 = VECTOR('',#6665,1.);
#6665 = DIRECTION('',(0.707106781187,0.,0.707106781187));
#6666 = ORIENTED_EDGE('',*,*,#6667,.T.);
#6667 = EDGE_CURVE('',#6660,#6668,#6670,.T.);
#6668 = VERTEX_POINT('',#6669);
#6669 = CARTESIAN_POINT('',(17.95,-8.,123.25));
#6670 = LINE('',#6671,#6672);
#6671 = CARTESIAN_POINT('',(45.525,-8.,95.675));
#6672 = VECTOR('',#6673,1.);
#6673 = DIRECTION('',(0.707106781187,0.,-0.707106781187));
#6674 = ORIENTED_EDGE('',*,*,#6675,.T.);
#6675 = EDGE_CURVE('',#6668,#6676,#6678,.T.);
#6676 = VERTEX_POINT('',#6677);
#6677 = CARTESIAN_POINT('',(17.95,-8.,88.75));
#6678 = LINE('',#6679,#6680);
#6679 = CARTESIAN_POINT('',(17.95,-8.,48.375));
#6680 = VECTOR('',#6681,1.);
#6681 = DIRECTION('',(0.,0.,-1.));
#6682 = ORIENTED_EDGE('',*,*,#6683,.T.);
#6683 = EDGE_CURVE('',#6676,#6629,#6684,.T.);
#6684 = LINE('',#6685,#6686);
#6685 = CARTESIAN_POINT('',(-5.85,-8.,64.95));
#6686 = VECTOR('',#6687,1.);
#6687 = DIRECTION('',(-0.707106781187,0.,-0.707106781187));
#6688 = PLANE('',#6689);
#6689 = AXIS2_PLACEMENT_3D('',#6690,#6691,#6692);
#6690 = CARTESIAN_POINT('',(13.,-8.,8.));
#6691 = DIRECTION('',(0.,1.,0.));
#6692 = DIRECTION('',(0.,0.,1.));
#6693 = ADVANCED_FACE('',(#6694),#6742,.F.);
#6694 = FACE_BOUND('',#6695,.F.);
#6695 = EDGE_LOOP('',(#6696,#6706,#6712,#6713,#6719,#6720,#6728,#6736));
#6696 = ORIENTED_EDGE('',*,*,#6697,.F.);
#6697 = EDGE_CURVE('',#6698,#6700,#6702,.T.);
#6698 = VERTEX_POINT('',#6699);
#6699 = CARTESIAN_POINT('',(13.2,-13.2,128.));
#6700 = VERTEX_POINT('',#6701);
#6701 = CARTESIAN_POINT('',(10.,-13.2,124.8));
#6702 = LINE('',#6703,#6704);
#6703 = CARTESIAN_POINT('',(4.4,-13.2,119.2));
#6704 = VECTOR('',#6705,1.);
#6705 = DIRECTION('',(-0.707106781187,0.,-0.707106781187));
#6706 = ORIENTED_EDGE('',*,*,#6707,.T.);
#6707 = EDGE_CURVE('',#6698,#6660,#6708,.T.);
#6708 = LINE('',#6709,#6710);
#6709 = CARTESIAN_POINT('',(13.2,-13.5,128.));
#6710 = VECTOR('',#6711,1.);
#6711 = DIRECTION('',(0.,1.,0.));
#6712 = ORIENTED_EDGE('',*,*,#6659,.F.);
#6713 = ORIENTED_EDGE('',*,*,#6714,.F.);
#6714 = EDGE_CURVE('',#6565,#6652,#6715,.T.);
#6715 = LINE('',#6716,#6717);
#6716 = CARTESIAN_POINT('',(13.,-10.75,127.8));
#6717 = VECTOR('',#6718,1.);
#6718 = DIRECTION('',(0.,-1.,0.));
#6719 = ORIENTED_EDGE('',*,*,#6564,.T.);
#6720 = ORIENTED_EDGE('',*,*,#6721,.F.);
#6721 = EDGE_CURVE('',#6722,#6557,#6724,.T.);
#6722 = VERTEX_POINT('',#6723);
#6723 = CARTESIAN_POINT('',(8.45,-12.8,123.25));
#6724 = LINE('',#6725,#6726);
#6725 = CARTESIAN_POINT('',(8.45,-13.5,123.25));
#6726 = VECTOR('',#6727,1.);
#6727 = DIRECTION('',(0.,1.,0.));
#6728 = ORIENTED_EDGE('',*,*,#6729,.F.);
#6729 = EDGE_CURVE('',#6730,#6722,#6732,.T.);
#6730 = VERTEX_POINT('',#6731);
#6731 = CARTESIAN_POINT('',(10.,-12.8,124.8));
#6732 = LINE('',#6733,#6734);
#6733 = CARTESIAN_POINT('',(-7.6,-12.8,107.2));
#6734 = VECTOR('',#6735,1.);
#6735 = DIRECTION('',(-0.707106781187,0.,-0.707106781187));
#6736 = ORIENTED_EDGE('',*,*,#6737,.F.);
#6737 = EDGE_CURVE('',#6700,#6730,#6738,.T.);
#6738 = LINE('',#6739,#6740);
#6739 = CARTESIAN_POINT('',(10.,-13.65,124.8));
#6740 = VECTOR('',#6741,1.);
#6741 = DIRECTION('',(0.,1.,0.));
#6742 = PLANE('',#6743);
#6743 = AXIS2_PLACEMENT_3D('',#6744,#6745,#6746);
#6744 = CARTESIAN_POINT('',(13.2,-13.5,128.));
#6745 = DIRECTION('',(-0.707106781187,0.,0.707106781187));
#6746 = DIRECTION('',(-0.707106781187,0.,-0.707106781187));
#6747 = ADVANCED_FACE('',(#6748),#6862,.T.);
#6748 = FACE_BOUND('',#6749,.T.);
#6749 = EDGE_LOOP('',(#6750,#6758,#6766,#6772,#6773,#6781,#6789,#6795,
    #6796,#6804,#6847,#6853,#6854,#6860,#6861));
#6750 = ORIENTED_EDGE('',*,*,#6751,.F.);
#6751 = EDGE_CURVE('',#6752,#6142,#6754,.T.);
#6752 = VERTEX_POINT('',#6753);
#6753 = CARTESIAN_POINT('',(8.2,-13.2,140.));
#6754 = LINE('',#6755,#6756);
#6755 = CARTESIAN_POINT('',(8.2,-13.2,87.));
#6756 = VECTOR('',#6757,1.);
#6757 = DIRECTION('',(0.,0.,1.));
#6758 = ORIENTED_EDGE('',*,*,#6759,.F.);
#6759 = EDGE_CURVE('',#6760,#6752,#6762,.T.);
#6760 = VERTEX_POINT('',#6761);
#6761 = CARTESIAN_POINT('',(10.,-13.2,140.));
#6762 = LINE('',#6763,#6764);
#6763 = CARTESIAN_POINT('',(6.336090638974E-17,-13.2,140.));
#6764 = VECTOR('',#6765,1.);
#6765 = DIRECTION('',(-1.,0.,0.));
#6766 = ORIENTED_EDGE('',*,*,#6767,.F.);
#6767 = EDGE_CURVE('',#6700,#6760,#6768,.T.);
#6768 = LINE('',#6769,#6770);
#6769 = CARTESIAN_POINT('',(10.,-13.2,87.));
#6770 = VECTOR('',#6771,1.);
#6771 = DIRECTION('',(0.,0.,1.));
#6772 = ORIENTED_EDGE('',*,*,#6697,.F.);
#6773 = ORIENTED_EDGE('',*,*,#6774,.F.);
#6774 = EDGE_CURVE('',#6775,#6698,#6777,.T.);
#6775 = VERTEX_POINT('',#6776);
#6776 = CARTESIAN_POINT('',(17.95,-13.2,123.25));
#6777 = LINE('',#6778,#6779);
#6778 = CARTESIAN_POINT('',(17.775,-13.2,123.425));
#6779 = VECTOR('',#6780,1.);
#6780 = DIRECTION('',(-0.707106781187,0.,0.707106781187));
#6781 = ORIENTED_EDGE('',*,*,#6782,.F.);
#6782 = EDGE_CURVE('',#6783,#6775,#6785,.T.);
#6783 = VERTEX_POINT('',#6784);
#6784 = CARTESIAN_POINT('',(17.95,-13.2,88.75));
#6785 = LINE('',#6786,#6787);
#6786 = CARTESIAN_POINT('',(17.95,-13.2,97.375));
#6787 = VECTOR('',#6788,1.);
#6788 = DIRECTION('',(0.,0.,1.));
#6789 = ORIENTED_EDGE('',*,*,#6790,.F.);
#6790 = EDGE_CURVE('',#6590,#6783,#6791,.T.);
#6791 = LINE('',#6792,#6793);
#6792 = CARTESIAN_POINT('',(15.4,-13.2,86.2));
#6793 = VECTOR('',#6794,1.);
#6794 = DIRECTION('',(0.707106781187,0.,0.707106781187));
#6795 = ORIENTED_EDGE('',*,*,#6587,.F.);
#6796 = ORIENTED_EDGE('',*,*,#6797,.F.);
#6797 = EDGE_CURVE('',#6798,#6588,#6800,.T.);
#6798 = VERTEX_POINT('',#6799);
#6799 = CARTESIAN_POINT('',(10.,-13.2,72.));
#6800 = LINE('',#6801,#6802);
#6801 = CARTESIAN_POINT('',(10.,-13.2,87.));
#6802 = VECTOR('',#6803,1.);
#6803 = DIRECTION('',(0.,0.,1.));
#6804 = ORIENTED_EDGE('',*,*,#6805,.F.);
#6805 = EDGE_CURVE('',#6806,#6798,#6808,.T.);
#6806 = VERTEX_POINT('',#6807);
#6807 = CARTESIAN_POINT('',(10.,-13.2,68.));
#6808 = B_SPLINE_CURVE_WITH_KNOTS('',7,(#6809,#6810,#6811,#6812,#6813,
    #6814,#6815,#6816,#6817,#6818,#6819,#6820,#6821,#6822,#6823,#6824,
    #6825,#6826,#6827,#6828,#6829,#6830,#6831,#6832,#6833,#6834,#6835,
    #6836,#6837,#6838,#6839,#6840,#6841,#6842,#6843,#6844,#6845,#6846),
  .UNSPECIFIED.,.F.,.F.,(8,6,6,6,6,6,8),(0.,0.194931486321,
    0.429019660073,0.592666818756,0.685792518861,0.928091386316,1.),
  .UNSPECIFIED.);
#6809 = CARTESIAN_POINT('',(10.,-13.2,68.));
#6810 = CARTESIAN_POINT('',(10.00447055711,-13.2,68.044705571103));
#6811 = CARTESIAN_POINT('',(10.008796514942,-13.2,68.092511737402));
#6812 = CARTESIAN_POINT('',(10.012959878217,-13.2,68.143755983949));
#6813 = CARTESIAN_POINT('',(10.016938490774,-13.2,68.198808279229));
#6814 = CARTESIAN_POINT('',(10.020705803555,-13.2,68.25807565344));
#6815 = CARTESIAN_POINT('',(10.024231669103,-13.2,68.321986519827));
#6816 = CARTESIAN_POINT('',(10.031389997783,-13.2,68.473776887494));
#6817 = CARTESIAN_POINT('',(10.034903088722,-13.2,68.563922993428));
#6818 = CARTESIAN_POINT('',(10.037964220872,-13.2,68.662047060197));
#6819 = CARTESIAN_POINT('',(10.040512344794,-13.2,68.768714019562));
#6820 = CARTESIAN_POINT('',(10.042491185488,-13.2,68.884294196653));
#6821 = CARTESIAN_POINT('',(10.043866114986,-13.2,69.008695365509));
#6822 = CARTESIAN_POINT('',(10.045169725963,-13.2,69.233847302884));
#6823 = CARTESIAN_POINT('',(10.04540929496,-13.2,69.330477076991));
#6824 = CARTESIAN_POINT('',(10.045350354753,-13.2,69.430872528029));
#6825 = CARTESIAN_POINT('',(10.044999168329,-13.2,69.534740406502));
#6826 = CARTESIAN_POINT('',(10.044368066375,-13.2,69.641741819081));
#6827 = CARTESIAN_POINT('',(10.043473541105,-13.2,69.751513910817));
#6828 = CARTESIAN_POINT('',(10.041686061854,-13.2,69.927527797376));
#6829 = CARTESIAN_POINT('',(10.040958480757,-13.2,69.992149122726));
#6830 = CARTESIAN_POINT('',(10.040154970584,-13.2,70.05749381277));
#6831 = CARTESIAN_POINT('',(10.03927905738,-13.2,70.12350263135));
#6832 = CARTESIAN_POINT('',(10.038334321844,-13.2,70.190119711422));
#6833 = CARTESIAN_POINT('',(10.037324301722,-13.2,70.257293449713));
#6834 = CARTESIAN_POINT('',(10.033463454324,-13.2,70.501080719901));
#6835 = CARTESIAN_POINT('',(10.030256278863,-13.2,70.680592008152));
#6836 = CARTESIAN_POINT('',(10.026690252151,-13.2,70.86275984026));
#6837 = CARTESIAN_POINT('',(10.022819360757,-13.2,71.04695797046));
#6838 = CARTESIAN_POINT('',(10.018689009393,-13.2,71.232708199702));
#6839 = CARTESIAN_POINT('',(10.014335157604,-13.2,71.419686742337));
#6840 = CARTESIAN_POINT('',(10.008435627974,-13.2,71.663516194867));
#6841 = CARTESIAN_POINT('',(10.007068335666,-13.2,71.719407408743));
#6842 = CARTESIAN_POINT('',(10.005684666598,-13.2,71.775381509095));
#6843 = CARTESIAN_POINT('',(10.004285342818,-13.2,71.831432777165));
#6844 = CARTESIAN_POINT('',(10.002871042127,-13.2,71.887556000856));
#6845 = CARTESIAN_POINT('',(10.001442398084,-13.2,71.943746474727));
#6846 = CARTESIAN_POINT('',(10.,-13.2,72.));
#6847 = ORIENTED_EDGE('',*,*,#6848,.T.);
#6848 = EDGE_CURVE('',#6806,#6478,#6849,.T.);
#6849 = LINE('',#6850,#6851);
#6850 = CARTESIAN_POINT('',(-16.,-13.2,68.));
#6851 = VECTOR('',#6852,1.);
#6852 = DIRECTION('',(1.,0.,0.));
#6853 = ORIENTED_EDGE('',*,*,#6477,.T.);
#6854 = ORIENTED_EDGE('',*,*,#6855,.T.);
#6855 = EDGE_CURVE('',#6480,#6187,#6856,.T.);
#6856 = LINE('',#6857,#6858);
#6857 = CARTESIAN_POINT('',(21.,-13.2,73.));
#6858 = VECTOR('',#6859,1.);
#6859 = DIRECTION('',(0.,0.,1.));
#6860 = ORIENTED_EDGE('',*,*,#6186,.T.);
#6861 = ORIENTED_EDGE('',*,*,#6139,.T.);
#6862 = PLANE('',#6863);
#6863 = AXIS2_PLACEMENT_3D('',#6864,#6865,#6866);
#6864 = CARTESIAN_POINT('',(1.267218127795E-16,-13.2,106.));
#6865 = DIRECTION('',(-0.,-1.,-0.));
#6866 = DIRECTION('',(0.,0.,-1.));
#6867 = ADVANCED_FACE('',(#6868),#6895,.F.);
#6868 = FACE_BOUND('',#6869,.F.);
#6869 = EDGE_LOOP('',(#6870,#6871,#6872,#6880,#6888,#6894));
#6870 = ORIENTED_EDGE('',*,*,#6172,.F.);
#6871 = ORIENTED_EDGE('',*,*,#6751,.F.);
#6872 = ORIENTED_EDGE('',*,*,#6873,.F.);
#6873 = EDGE_CURVE('',#6874,#6752,#6876,.T.);
#6874 = VERTEX_POINT('',#6875);
#6875 = CARTESIAN_POINT('',(8.2,-12.8,140.));
#6876 = LINE('',#6877,#6878);
#6877 = CARTESIAN_POINT('',(8.2,-16.06626499314,140.));
#6878 = VECTOR('',#6879,1.);
#6879 = DIRECTION('',(0.,-1.,0.));
#6880 = ORIENTED_EDGE('',*,*,#6881,.F.);
#6881 = EDGE_CURVE('',#6882,#6874,#6884,.T.);
#6882 = VERTEX_POINT('',#6883);
#6883 = CARTESIAN_POINT('',(8.2,-12.8,68.));
#6884 = LINE('',#6885,#6886);
#6885 = CARTESIAN_POINT('',(8.2,-12.8,68.));
#6886 = VECTOR('',#6887,1.);
#6887 = DIRECTION('',(0.,0.,1.));
#6888 = ORIENTED_EDGE('',*,*,#6889,.T.);
#6889 = EDGE_CURVE('',#6882,#6525,#6890,.T.);
#6890 = LINE('',#6891,#6892);
#6891 = CARTESIAN_POINT('',(8.2,-13.4,68.));
#6892 = VECTOR('',#6893,1.);
#6893 = DIRECTION('',(0.,1.,0.));
#6894 = ORIENTED_EDGE('',*,*,#6524,.T.);
#6895 = PLANE('',#6896);
#6896 = AXIS2_PLACEMENT_3D('',#6897,#6898,#6899);
#6897 = CARTESIAN_POINT('',(8.2,-13.4,68.));
#6898 = DIRECTION('',(1.,0.,0.));
#6899 = DIRECTION('',(0.,0.,1.));
#6900 = ADVANCED_FACE('',(#6901),#6907,.T.);
#6901 = FACE_BOUND('',#6902,.T.);
#6902 = EDGE_LOOP('',(#6903,#6904,#6905,#6906));
#6903 = ORIENTED_EDGE('',*,*,#6510,.T.);
#6904 = ORIENTED_EDGE('',*,*,#6462,.T.);
#6905 = ORIENTED_EDGE('',*,*,#6194,.F.);
#6906 = ORIENTED_EDGE('',*,*,#6855,.F.);
#6907 = PLANE('',#6908);
#6908 = AXIS2_PLACEMENT_3D('',#6909,#6910,#6911);
#6909 = CARTESIAN_POINT('',(21.,-13.2,73.));
#6910 = DIRECTION('',(1.,0.,0.));
#6911 = DIRECTION('',(0.,0.,1.));
#6912 = ADVANCED_FACE('',(#6913),#6970,.F.);
#6913 = FACE_BOUND('',#6914,.F.);
#6914 = EDGE_LOOP('',(#6915,#6925,#6933,#6939,#6940,#6948,#6956,#6964));
#6915 = ORIENTED_EDGE('',*,*,#6916,.T.);
#6916 = EDGE_CURVE('',#6917,#6919,#6921,.T.);
#6917 = VERTEX_POINT('',#6918);
#6918 = CARTESIAN_POINT('',(-13.,-6.7,84.2));
#6919 = VERTEX_POINT('',#6920);
#6920 = CARTESIAN_POINT('',(-13.,-6.7,68.));
#6921 = LINE('',#6922,#6923);
#6922 = CARTESIAN_POINT('',(-13.,-6.7,57.));
#6923 = VECTOR('',#6924,1.);
#6924 = DIRECTION('',(0.,0.,-1.));
#6925 = ORIENTED_EDGE('',*,*,#6926,.T.);
#6926 = EDGE_CURVE('',#6919,#6927,#6929,.T.);
#6927 = VERTEX_POINT('',#6928);
#6928 = CARTESIAN_POINT('',(-8.2,-6.7,68.));
#6929 = LINE('',#6930,#6931);
#6930 = CARTESIAN_POINT('',(-16.,-6.7,68.));
#6931 = VECTOR('',#6932,1.);
#6932 = DIRECTION('',(1.,0.,0.));
#6933 = ORIENTED_EDGE('',*,*,#6934,.T.);
#6934 = EDGE_CURVE('',#6927,#6404,#6935,.T.);
#6935 = LINE('',#6936,#6937);
#6936 = CARTESIAN_POINT('',(-8.2,-6.7,87.));
#6937 = VECTOR('',#6938,1.);
#6938 = DIRECTION('',(0.,0.,1.));
#6939 = ORIENTED_EDGE('',*,*,#6411,.T.);
#6940 = ORIENTED_EDGE('',*,*,#6941,.T.);
#6941 = EDGE_CURVE('',#6412,#6942,#6944,.T.);
#6942 = VERTEX_POINT('',#6943);
#6943 = CARTESIAN_POINT('',(-13.,-6.7,127.8));
#6944 = LINE('',#6945,#6946);
#6945 = CARTESIAN_POINT('',(-13.,-6.7,57.));
#6946 = VECTOR('',#6947,1.);
#6947 = DIRECTION('',(0.,0.,-1.));
#6948 = ORIENTED_EDGE('',*,*,#6949,.F.);
#6949 = EDGE_CURVE('',#6950,#6942,#6952,.T.);
#6950 = VERTEX_POINT('',#6951);
#6951 = CARTESIAN_POINT('',(-8.45,-6.7,123.25));
#6952 = LINE('',#6953,#6954);
#6953 = CARTESIAN_POINT('',(-2.025,-6.7,116.825));
#6954 = VECTOR('',#6955,1.);
#6955 = DIRECTION('',(-0.707106781187,0.,0.707106781187));
#6956 = ORIENTED_EDGE('',*,*,#6957,.F.);
#6957 = EDGE_CURVE('',#6958,#6950,#6960,.T.);
#6958 = VERTEX_POINT('',#6959);
#6959 = CARTESIAN_POINT('',(-8.45,-6.7,88.75));
#6960 = LINE('',#6961,#6962);
#6961 = CARTESIAN_POINT('',(-8.45,-6.7,97.375));
#6962 = VECTOR('',#6963,1.);
#6963 = DIRECTION('',(0.,0.,1.));
#6964 = ORIENTED_EDGE('',*,*,#6965,.F.);
#6965 = EDGE_CURVE('',#6917,#6958,#6966,.T.);
#6966 = LINE('',#6967,#6968);
#6967 = CARTESIAN_POINT('',(-4.4,-6.7,92.8));
#6968 = VECTOR('',#6969,1.);
#6969 = DIRECTION('',(0.707106781187,0.,0.707106781187));
#6970 = PLANE('',#6971);
#6971 = AXIS2_PLACEMENT_3D('',#6972,#6973,#6974);
#6972 = CARTESIAN_POINT('',(1.267218127795E-16,-6.7,106.));
#6973 = DIRECTION('',(-0.,-1.,-0.));
#6974 = DIRECTION('',(0.,0.,-1.));
#6975 = ADVANCED_FACE('',(#6976),#7033,.F.);
#6976 = FACE_BOUND('',#6977,.F.);
#6977 = EDGE_LOOP('',(#6978,#6988,#6996,#7004,#7010,#7011,#7019,#7027));
#6978 = ORIENTED_EDGE('',*,*,#6979,.F.);
#6979 = EDGE_CURVE('',#6980,#6982,#6984,.T.);
#6980 = VERTEX_POINT('',#6981);
#6981 = CARTESIAN_POINT('',(-13.2,-13.2,84.));
#6982 = VERTEX_POINT('',#6983);
#6983 = CARTESIAN_POINT('',(-10.,-13.2,87.2));
#6984 = LINE('',#6985,#6986);
#6985 = CARTESIAN_POINT('',(-4.4,-13.2,92.8));
#6986 = VECTOR('',#6987,1.);
#6987 = DIRECTION('',(0.707106781187,0.,0.707106781187));
#6988 = ORIENTED_EDGE('',*,*,#6989,.T.);
#6989 = EDGE_CURVE('',#6980,#6990,#6992,.T.);
#6990 = VERTEX_POINT('',#6991);
#6991 = CARTESIAN_POINT('',(-13.2,-8.,84.));
#6992 = LINE('',#6993,#6994);
#6993 = CARTESIAN_POINT('',(-13.2,-13.5,84.));
#6994 = VECTOR('',#6995,1.);
#6995 = DIRECTION('',(0.,1.,0.));
#6996 = ORIENTED_EDGE('',*,*,#6997,.F.);
#6997 = EDGE_CURVE('',#6998,#6990,#7000,.T.);
#6998 = VERTEX_POINT('',#6999);
#6999 = CARTESIAN_POINT('',(-13.,-8.,84.2));
#7000 = LINE('',#7001,#7002);
#7001 = CARTESIAN_POINT('',(-33.65,-8.,63.55));
#7002 = VECTOR('',#7003,1.);
#7003 = DIRECTION('',(-0.707106781187,0.,-0.707106781187));
#7004 = ORIENTED_EDGE('',*,*,#7005,.T.);
#7005 = EDGE_CURVE('',#6998,#6917,#7006,.T.);
#7006 = LINE('',#7007,#7008);
#7007 = CARTESIAN_POINT('',(-13.,-10.75,84.2));
#7008 = VECTOR('',#7009,1.);
#7009 = DIRECTION('',(0.,1.,0.));
#7010 = ORIENTED_EDGE('',*,*,#6965,.T.);
#7011 = ORIENTED_EDGE('',*,*,#7012,.F.);
#7012 = EDGE_CURVE('',#7013,#6958,#7015,.T.);
#7013 = VERTEX_POINT('',#7014);
#7014 = CARTESIAN_POINT('',(-8.45,-12.8,88.75));
#7015 = LINE('',#7016,#7017);
#7016 = CARTESIAN_POINT('',(-8.45,-13.5,88.75));
#7017 = VECTOR('',#7018,1.);
#7018 = DIRECTION('',(0.,1.,0.));
#7019 = ORIENTED_EDGE('',*,*,#7020,.F.);
#7020 = EDGE_CURVE('',#7021,#7013,#7023,.T.);
#7021 = VERTEX_POINT('',#7022);
#7022 = CARTESIAN_POINT('',(-10.,-12.8,87.2));
#7023 = LINE('',#7024,#7025);
#7024 = CARTESIAN_POINT('',(-16.4,-12.8,80.8));
#7025 = VECTOR('',#7026,1.);
#7026 = DIRECTION('',(0.707106781187,0.,0.707106781187));
#7027 = ORIENTED_EDGE('',*,*,#7028,.T.);
#7028 = EDGE_CURVE('',#7021,#6982,#7029,.T.);
#7029 = LINE('',#7030,#7031);
#7030 = CARTESIAN_POINT('',(-10.,-13.65,87.2));
#7031 = VECTOR('',#7032,1.);
#7032 = DIRECTION('',(0.,-1.,0.));
#7033 = PLANE('',#7034);
#7034 = AXIS2_PLACEMENT_3D('',#7035,#7036,#7037);
#7035 = CARTESIAN_POINT('',(-13.2,-13.5,84.));
#7036 = DIRECTION('',(0.707106781187,0.,-0.707106781187));
#7037 = DIRECTION('',(0.707106781187,0.,0.707106781187));
#7038 = ADVANCED_FACE('',(#7039),#7080,.F.);
#7039 = FACE_BOUND('',#7040,.F.);
#7040 = EDGE_LOOP('',(#7041,#7049,#7050,#7058,#7066,#7074));
#7041 = ORIENTED_EDGE('',*,*,#7042,.F.);
#7042 = EDGE_CURVE('',#6998,#7043,#7045,.T.);
#7043 = VERTEX_POINT('',#7044);
#7044 = CARTESIAN_POINT('',(-13.,-8.,127.8));
#7045 = LINE('',#7046,#7047);
#7046 = CARTESIAN_POINT('',(-13.,-8.,8.));
#7047 = VECTOR('',#7048,1.);
#7048 = DIRECTION('',(0.,0.,1.));
#7049 = ORIENTED_EDGE('',*,*,#6997,.T.);
#7050 = ORIENTED_EDGE('',*,*,#7051,.T.);
#7051 = EDGE_CURVE('',#6990,#7052,#7054,.T.);
#7052 = VERTEX_POINT('',#7053);
#7053 = CARTESIAN_POINT('',(-17.95,-8.,88.75));
#7054 = LINE('',#7055,#7056);
#7055 = CARTESIAN_POINT('',(1.975,-8.,68.825));
#7056 = VECTOR('',#7057,1.);
#7057 = DIRECTION('',(-0.707106781187,0.,0.707106781187));
#7058 = ORIENTED_EDGE('',*,*,#7059,.T.);
#7059 = EDGE_CURVE('',#7052,#7060,#7062,.T.);
#7060 = VERTEX_POINT('',#7061);
#7061 = CARTESIAN_POINT('',(-17.95,-8.,123.25));
#7062 = LINE('',#7063,#7064);
#7063 = CARTESIAN_POINT('',(-17.95,-8.,65.625));
#7064 = VECTOR('',#7065,1.);
#7065 = DIRECTION('',(0.,0.,1.));
#7066 = ORIENTED_EDGE('',*,*,#7067,.T.);
#7067 = EDGE_CURVE('',#7060,#7068,#7070,.T.);
#7068 = VERTEX_POINT('',#7069);
#7069 = CARTESIAN_POINT('',(-13.2,-8.,128.));
#7070 = LINE('',#7071,#7072);
#7071 = CARTESIAN_POINT('',(-44.65,-8.,96.55));
#7072 = VECTOR('',#7073,1.);
#7073 = DIRECTION('',(0.707106781187,0.,0.707106781187));
#7074 = ORIENTED_EDGE('',*,*,#7075,.T.);
#7075 = EDGE_CURVE('',#7068,#7043,#7076,.T.);
#7076 = LINE('',#7077,#7078);
#7077 = CARTESIAN_POINT('',(17.725,-8.,97.075));
#7078 = VECTOR('',#7079,1.);
#7079 = DIRECTION('',(0.707106781187,0.,-0.707106781187));
#7080 = PLANE('',#7081);
#7081 = AXIS2_PLACEMENT_3D('',#7082,#7083,#7084);
#7082 = CARTESIAN_POINT('',(-19.,-8.,8.));
#7083 = DIRECTION('',(0.,1.,0.));
#7084 = DIRECTION('',(0.,0.,1.));
#7085 = ADVANCED_FACE('',(#7086),#7134,.F.);
#7086 = FACE_BOUND('',#7087,.F.);
#7087 = EDGE_LOOP('',(#7088,#7098,#7106,#7114,#7120,#7121,#7127,#7128));
#7088 = ORIENTED_EDGE('',*,*,#7089,.F.);
#7089 = EDGE_CURVE('',#7090,#7092,#7094,.T.);
#7090 = VERTEX_POINT('',#7091);
#7091 = CARTESIAN_POINT('',(-10.,-13.2,124.8));
#7092 = VERTEX_POINT('',#7093);
#7093 = CARTESIAN_POINT('',(-13.2,-13.2,128.));
#7094 = LINE('',#7095,#7096);
#7095 = CARTESIAN_POINT('',(-2.025,-13.2,116.825));
#7096 = VECTOR('',#7097,1.);
#7097 = DIRECTION('',(-0.707106781187,0.,0.707106781187));
#7098 = ORIENTED_EDGE('',*,*,#7099,.T.);
#7099 = EDGE_CURVE('',#7090,#7100,#7102,.T.);
#7100 = VERTEX_POINT('',#7101);
#7101 = CARTESIAN_POINT('',(-10.,-12.8,124.8));
#7102 = LINE('',#7103,#7104);
#7103 = CARTESIAN_POINT('',(-10.,-13.65,124.8));
#7104 = VECTOR('',#7105,1.);
#7105 = DIRECTION('',(0.,1.,0.));
#7106 = ORIENTED_EDGE('',*,*,#7107,.F.);
#7107 = EDGE_CURVE('',#7108,#7100,#7110,.T.);
#7108 = VERTEX_POINT('',#7109);
#7109 = CARTESIAN_POINT('',(-8.45,-12.8,123.25));
#7110 = LINE('',#7111,#7112);
#7111 = CARTESIAN_POINT('',(4.975,-12.8,109.825));
#7112 = VECTOR('',#7113,1.);
#7113 = DIRECTION('',(-0.707106781187,0.,0.707106781187));
#7114 = ORIENTED_EDGE('',*,*,#7115,.T.);
#7115 = EDGE_CURVE('',#7108,#6950,#7116,.T.);
#7116 = LINE('',#7117,#7118);
#7117 = CARTESIAN_POINT('',(-8.45,-13.5,123.25));
#7118 = VECTOR('',#7119,1.);
#7119 = DIRECTION('',(0.,1.,0.));
#7120 = ORIENTED_EDGE('',*,*,#6949,.T.);
#7121 = ORIENTED_EDGE('',*,*,#7122,.T.);
#7122 = EDGE_CURVE('',#6942,#7043,#7123,.T.);
#7123 = LINE('',#7124,#7125);
#7124 = CARTESIAN_POINT('',(-13.,-10.75,127.8));
#7125 = VECTOR('',#7126,1.);
#7126 = DIRECTION('',(0.,-1.,0.));
#7127 = ORIENTED_EDGE('',*,*,#7075,.F.);
#7128 = ORIENTED_EDGE('',*,*,#7129,.F.);
#7129 = EDGE_CURVE('',#7092,#7068,#7130,.T.);
#7130 = LINE('',#7131,#7132);
#7131 = CARTESIAN_POINT('',(-13.2,-13.5,128.));
#7132 = VECTOR('',#7133,1.);
#7133 = DIRECTION('',(0.,1.,0.));
#7134 = PLANE('',#7135);
#7135 = AXIS2_PLACEMENT_3D('',#7136,#7137,#7138);
#7136 = CARTESIAN_POINT('',(-8.45,-13.5,123.25));
#7137 = DIRECTION('',(0.707106781187,0.,0.707106781187));
#7138 = DIRECTION('',(-0.707106781187,0.,0.707106781187));
#7139 = ADVANCED_FACE('',(#7140),#7263,.T.);
#7140 = FACE_BOUND('',#7141,.T.);
#7141 = EDGE_LOOP('',(#7142,#7150,#7158,#7166,#7209,#7215,#7216,#7224,
    #7232,#7238,#7239,#7247,#7255,#7261,#7262));
#7142 = ORIENTED_EDGE('',*,*,#7143,.T.);
#7143 = EDGE_CURVE('',#6351,#7144,#7146,.T.);
#7144 = VERTEX_POINT('',#7145);
#7145 = CARTESIAN_POINT('',(-21.,-13.2,73.));
#7146 = LINE('',#7147,#7148);
#7147 = CARTESIAN_POINT('',(-21.,-13.2,139.));
#7148 = VECTOR('',#7149,1.);
#7149 = DIRECTION('',(0.,0.,-1.));
#7150 = ORIENTED_EDGE('',*,*,#7151,.T.);
#7151 = EDGE_CURVE('',#7144,#7152,#7154,.T.);
#7152 = VERTEX_POINT('',#7153);
#7153 = CARTESIAN_POINT('',(-16.,-13.2,68.));
#7154 = LINE('',#7155,#7156);
#7155 = CARTESIAN_POINT('',(-21.,-13.2,73.));
#7156 = VECTOR('',#7157,1.);
#7157 = DIRECTION('',(0.707106781187,0.,-0.707106781187));
#7158 = ORIENTED_EDGE('',*,*,#7159,.T.);
#7159 = EDGE_CURVE('',#7152,#7160,#7162,.T.);
#7160 = VERTEX_POINT('',#7161);
#7161 = CARTESIAN_POINT('',(-10.,-13.2,68.));
#7162 = LINE('',#7163,#7164);
#7163 = CARTESIAN_POINT('',(-16.,-13.2,68.));
#7164 = VECTOR('',#7165,1.);
#7165 = DIRECTION('',(1.,0.,0.));
#7166 = ORIENTED_EDGE('',*,*,#7167,.T.);
#7167 = EDGE_CURVE('',#7160,#7168,#7170,.T.);
#7168 = VERTEX_POINT('',#7169);
#7169 = CARTESIAN_POINT('',(-10.,-13.2,72.));
#7170 = B_SPLINE_CURVE_WITH_KNOTS('',7,(#7171,#7172,#7173,#7174,#7175,
    #7176,#7177,#7178,#7179,#7180,#7181,#7182,#7183,#7184,#7185,#7186,
    #7187,#7188,#7189,#7190,#7191,#7192,#7193,#7194,#7195,#7196,#7197,
    #7198,#7199,#7200,#7201,#7202,#7203,#7204,#7205,#7206,#7207,#7208),
  .UNSPECIFIED.,.F.,.F.,(8,6,6,6,6,6,8),(0.,0.194931486321,
    0.429019660073,0.592666818756,0.685792518861,0.928091386316,1.),
  .UNSPECIFIED.);
#7171 = CARTESIAN_POINT('',(-10.,-13.2,68.));
#7172 = CARTESIAN_POINT('',(-10.00447055711,-13.2,68.044705571103));
#7173 = CARTESIAN_POINT('',(-10.00879651494,-13.2,68.092511737402));
#7174 = CARTESIAN_POINT('',(-10.01295987821,-13.2,68.143755983949));
#7175 = CARTESIAN_POINT('',(-10.01693849077,-13.2,68.198808279229));
#7176 = CARTESIAN_POINT('',(-10.02070580355,-13.2,68.25807565344));
#7177 = CARTESIAN_POINT('',(-10.0242316691,-13.2,68.321986519827));
#7178 = CARTESIAN_POINT('',(-10.03138999778,-13.2,68.473776887494));
#7179 = CARTESIAN_POINT('',(-10.03490308872,-13.2,68.563922993428));
#7180 = CARTESIAN_POINT('',(-10.03796422087,-13.2,68.662047060197));
#7181 = CARTESIAN_POINT('',(-10.04051234479,-13.2,68.768714019561));
#7182 = CARTESIAN_POINT('',(-10.04249118548,-13.2,68.884294196653));
#7183 = CARTESIAN_POINT('',(-10.04386611498,-13.2,69.008695365508));
#7184 = CARTESIAN_POINT('',(-10.04516972596,-13.2,69.233847302884));
#7185 = CARTESIAN_POINT('',(-10.04540929496,-13.2,69.330477076991));
#7186 = CARTESIAN_POINT('',(-10.04535035475,-13.2,69.430872528029));
#7187 = CARTESIAN_POINT('',(-10.04499916832,-13.2,69.534740406502));
#7188 = CARTESIAN_POINT('',(-10.04436806637,-13.2,69.641741819081));
#7189 = CARTESIAN_POINT('',(-10.0434735411,-13.2,69.751513910817));
#7190 = CARTESIAN_POINT('',(-10.04168606185,-13.2,69.927527797376));
#7191 = CARTESIAN_POINT('',(-10.04095848075,-13.2,69.992149122726));
#7192 = CARTESIAN_POINT('',(-10.04015497058,-13.2,70.05749381277));
#7193 = CARTESIAN_POINT('',(-10.03927905738,-13.2,70.123502631349));
#7194 = CARTESIAN_POINT('',(-10.03833432184,-13.2,70.190119711422));
#7195 = CARTESIAN_POINT('',(-10.03732430172,-13.2,70.257293449713));
#7196 = CARTESIAN_POINT('',(-10.03346345432,-13.2,70.501080719901));
#7197 = CARTESIAN_POINT('',(-10.03025627886,-13.2,70.680592008152));
#7198 = CARTESIAN_POINT('',(-10.02669025215,-13.2,70.86275984026));
#7199 = CARTESIAN_POINT('',(-10.02281936075,-13.2,71.046957970461));
#7200 = CARTESIAN_POINT('',(-10.01868900939,-13.2,71.232708199702));
#7201 = CARTESIAN_POINT('',(-10.0143351576,-13.2,71.419686742337));
#7202 = CARTESIAN_POINT('',(-10.00843562797,-13.2,71.663516194867));
#7203 = CARTESIAN_POINT('',(-10.00706833566,-13.2,71.719407408743));
#7204 = CARTESIAN_POINT('',(-10.00568466659,-13.2,71.775381509095));
#7205 = CARTESIAN_POINT('',(-10.00428534281,-13.2,71.831432777165));
#7206 = CARTESIAN_POINT('',(-10.00287104212,-13.2,71.887556000856));
#7207 = CARTESIAN_POINT('',(-10.00144239808,-13.2,71.943746474727));
#7208 = CARTESIAN_POINT('',(-10.,-13.2,72.));
#7209 = ORIENTED_EDGE('',*,*,#7210,.T.);
#7210 = EDGE_CURVE('',#7168,#6982,#7211,.T.);
#7211 = LINE('',#7212,#7213);
#7212 = CARTESIAN_POINT('',(-10.,-13.2,87.));
#7213 = VECTOR('',#7214,1.);
#7214 = DIRECTION('',(0.,0.,1.));
#7215 = ORIENTED_EDGE('',*,*,#6979,.F.);
#7216 = ORIENTED_EDGE('',*,*,#7217,.F.);
#7217 = EDGE_CURVE('',#7218,#6980,#7220,.T.);
#7218 = VERTEX_POINT('',#7219);
#7219 = CARTESIAN_POINT('',(-17.95,-13.2,88.75));
#7220 = LINE('',#7221,#7222);
#7221 = CARTESIAN_POINT('',(-17.775,-13.2,88.575));
#7222 = VECTOR('',#7223,1.);
#7223 = DIRECTION('',(0.707106781187,0.,-0.707106781187));
#7224 = ORIENTED_EDGE('',*,*,#7225,.F.);
#7225 = EDGE_CURVE('',#7226,#7218,#7228,.T.);
#7226 = VERTEX_POINT('',#7227);
#7227 = CARTESIAN_POINT('',(-17.95,-13.2,123.25));
#7228 = LINE('',#7229,#7230);
#7229 = CARTESIAN_POINT('',(-17.95,-13.2,114.625));
#7230 = VECTOR('',#7231,1.);
#7231 = DIRECTION('',(0.,0.,-1.));
#7232 = ORIENTED_EDGE('',*,*,#7233,.F.);
#7233 = EDGE_CURVE('',#7092,#7226,#7234,.T.);
#7234 = LINE('',#7235,#7236);
#7235 = CARTESIAN_POINT('',(-15.4,-13.2,125.8));
#7236 = VECTOR('',#7237,1.);
#7237 = DIRECTION('',(-0.707106781187,0.,-0.707106781187));
#7238 = ORIENTED_EDGE('',*,*,#7089,.F.);
#7239 = ORIENTED_EDGE('',*,*,#7240,.T.);
#7240 = EDGE_CURVE('',#7090,#7241,#7243,.T.);
#7241 = VERTEX_POINT('',#7242);
#7242 = CARTESIAN_POINT('',(-10.,-13.2,140.));
#7243 = LINE('',#7244,#7245);
#7244 = CARTESIAN_POINT('',(-10.,-13.2,87.));
#7245 = VECTOR('',#7246,1.);
#7246 = DIRECTION('',(0.,0.,1.));
#7247 = ORIENTED_EDGE('',*,*,#7248,.F.);
#7248 = EDGE_CURVE('',#7249,#7241,#7251,.T.);
#7249 = VERTEX_POINT('',#7250);
#7250 = CARTESIAN_POINT('',(-8.2,-13.2,140.));
#7251 = LINE('',#7252,#7253);
#7252 = CARTESIAN_POINT('',(6.336090638974E-17,-13.2,140.));
#7253 = VECTOR('',#7254,1.);
#7254 = DIRECTION('',(-1.,0.,0.));
#7255 = ORIENTED_EDGE('',*,*,#7256,.T.);
#7256 = EDGE_CURVE('',#7249,#6396,#7257,.T.);
#7257 = LINE('',#7258,#7259);
#7258 = CARTESIAN_POINT('',(-8.2,-13.2,87.));
#7259 = VECTOR('',#7260,1.);
#7260 = DIRECTION('',(0.,0.,1.));
#7261 = ORIENTED_EDGE('',*,*,#6395,.T.);
#7262 = ORIENTED_EDGE('',*,*,#6348,.T.);
#7263 = PLANE('',#7264);
#7264 = AXIS2_PLACEMENT_3D('',#7265,#7266,#7267);
#7265 = CARTESIAN_POINT('',(1.267218127795E-16,-13.2,106.));
#7266 = DIRECTION('',(-0.,-1.,-0.));
#7267 = DIRECTION('',(0.,0.,-1.));
#7268 = ADVANCED_FACE('',(#7269),#7287,.T.);
#7269 = FACE_BOUND('',#7270,.T.);
#7270 = EDGE_LOOP('',(#7271,#7272,#7280,#7286));
#7271 = ORIENTED_EDGE('',*,*,#6381,.T.);
#7272 = ORIENTED_EDGE('',*,*,#7273,.T.);
#7273 = EDGE_CURVE('',#6374,#7274,#7276,.T.);
#7274 = VERTEX_POINT('',#7275);
#7275 = CARTESIAN_POINT('',(-21.,-6.7,73.));
#7276 = LINE('',#7277,#7278);
#7277 = CARTESIAN_POINT('',(-21.,-6.7,139.));
#7278 = VECTOR('',#7279,1.);
#7279 = DIRECTION('',(0.,0.,-1.));
#7280 = ORIENTED_EDGE('',*,*,#7281,.F.);
#7281 = EDGE_CURVE('',#7144,#7274,#7282,.T.);
#7282 = LINE('',#7283,#7284);
#7283 = CARTESIAN_POINT('',(-21.,-13.2,73.));
#7284 = VECTOR('',#7285,1.);
#7285 = DIRECTION('',(0.,1.,0.));
#7286 = ORIENTED_EDGE('',*,*,#7143,.F.);
#7287 = PLANE('',#7288);
#7288 = AXIS2_PLACEMENT_3D('',#7289,#7290,#7291);
#7289 = CARTESIAN_POINT('',(-21.,-13.2,139.));
#7290 = DIRECTION('',(-1.,0.,0.));
#7291 = DIRECTION('',(0.,0.,-1.));
#7292 = ADVANCED_FACE('',(#7293),#7311,.F.);
#7293 = FACE_BOUND('',#7294,.F.);
#7294 = EDGE_LOOP('',(#7295,#7296,#7304,#7310));
#7295 = ORIENTED_EDGE('',*,*,#7273,.T.);
#7296 = ORIENTED_EDGE('',*,*,#7297,.T.);
#7297 = EDGE_CURVE('',#7274,#7298,#7300,.T.);
#7298 = VERTEX_POINT('',#7299);
#7299 = CARTESIAN_POINT('',(-19.,-6.7,71.));
#7300 = LINE('',#7301,#7302);
#7301 = CARTESIAN_POINT('',(-21.,-6.7,73.));
#7302 = VECTOR('',#7303,1.);
#7303 = DIRECTION('',(0.707106781187,0.,-0.707106781187));
#7304 = ORIENTED_EDGE('',*,*,#7305,.F.);
#7305 = EDGE_CURVE('',#6366,#7298,#7306,.T.);
#7306 = LINE('',#7307,#7308);
#7307 = CARTESIAN_POINT('',(-19.,-6.7,57.));
#7308 = VECTOR('',#7309,1.);
#7309 = DIRECTION('',(0.,0.,-1.));
#7310 = ORIENTED_EDGE('',*,*,#6373,.T.);
#7311 = PLANE('',#7312);
#7312 = AXIS2_PLACEMENT_3D('',#7313,#7314,#7315);
#7313 = CARTESIAN_POINT('',(1.267218127795E-16,-6.7,106.));
#7314 = DIRECTION('',(-0.,-1.,-0.));
#7315 = DIRECTION('',(0.,0.,-1.));
#7316 = ADVANCED_FACE('',(#7317),#7344,.T.);
#7317 = FACE_BOUND('',#7318,.T.);
#7318 = EDGE_LOOP('',(#7319,#7320,#7321,#7329,#7337,#7343));
#7319 = ORIENTED_EDGE('',*,*,#6403,.F.);
#7320 = ORIENTED_EDGE('',*,*,#7256,.F.);
#7321 = ORIENTED_EDGE('',*,*,#7322,.F.);
#7322 = EDGE_CURVE('',#7323,#7249,#7325,.T.);
#7323 = VERTEX_POINT('',#7324);
#7324 = CARTESIAN_POINT('',(-8.2,-12.8,140.));
#7325 = LINE('',#7326,#7327);
#7326 = CARTESIAN_POINT('',(-8.2,-16.06626499314,140.));
#7327 = VECTOR('',#7328,1.);
#7328 = DIRECTION('',(0.,-1.,0.));
#7329 = ORIENTED_EDGE('',*,*,#7330,.F.);
#7330 = EDGE_CURVE('',#7331,#7323,#7333,.T.);
#7331 = VERTEX_POINT('',#7332);
#7332 = CARTESIAN_POINT('',(-8.2,-12.8,68.));
#7333 = LINE('',#7334,#7335);
#7334 = CARTESIAN_POINT('',(-8.2,-12.8,68.));
#7335 = VECTOR('',#7336,1.);
#7336 = DIRECTION('',(0.,0.,1.));
#7337 = ORIENTED_EDGE('',*,*,#7338,.T.);
#7338 = EDGE_CURVE('',#7331,#6927,#7339,.T.);
#7339 = LINE('',#7340,#7341);
#7340 = CARTESIAN_POINT('',(-8.2,-13.4,68.));
#7341 = VECTOR('',#7342,1.);
#7342 = DIRECTION('',(0.,1.,0.));
#7343 = ORIENTED_EDGE('',*,*,#6934,.T.);
#7344 = PLANE('',#7345);
#7345 = AXIS2_PLACEMENT_3D('',#7346,#7347,#7348);
#7346 = CARTESIAN_POINT('',(-8.2,-13.4,68.));
#7347 = DIRECTION('',(1.,0.,0.));
#7348 = DIRECTION('',(0.,0.,1.));
#7349 = ADVANCED_FACE('',(#7350),#7377,.T.);
#7350 = FACE_BOUND('',#7351,.T.);
#7351 = EDGE_LOOP('',(#7352,#7353,#7354,#7355,#7363,#7371));
#7352 = ORIENTED_EDGE('',*,*,#7151,.F.);
#7353 = ORIENTED_EDGE('',*,*,#7281,.T.);
#7354 = ORIENTED_EDGE('',*,*,#7297,.T.);
#7355 = ORIENTED_EDGE('',*,*,#7356,.F.);
#7356 = EDGE_CURVE('',#7357,#7298,#7359,.T.);
#7357 = VERTEX_POINT('',#7358);
#7358 = CARTESIAN_POINT('',(-19.,-8.,71.));
#7359 = LINE('',#7360,#7361);
#7360 = CARTESIAN_POINT('',(-19.,-10.6,71.));
#7361 = VECTOR('',#7362,1.);
#7362 = DIRECTION('',(0.,1.,0.));
#7363 = ORIENTED_EDGE('',*,*,#7364,.F.);
#7364 = EDGE_CURVE('',#7365,#7357,#7367,.T.);
#7365 = VERTEX_POINT('',#7366);
#7366 = CARTESIAN_POINT('',(-16.,-8.,68.));
#7367 = LINE('',#7368,#7369);
#7368 = CARTESIAN_POINT('',(-4.25,-8.,56.25));
#7369 = VECTOR('',#7370,1.);
#7370 = DIRECTION('',(-0.707106781187,0.,0.707106781187));
#7371 = ORIENTED_EDGE('',*,*,#7372,.F.);
#7372 = EDGE_CURVE('',#7152,#7365,#7373,.T.);
#7373 = LINE('',#7374,#7375);
#7374 = CARTESIAN_POINT('',(-16.,-13.2,68.));
#7375 = VECTOR('',#7376,1.);
#7376 = DIRECTION('',(0.,1.,0.));
#7377 = PLANE('',#7378);
#7378 = AXIS2_PLACEMENT_3D('',#7379,#7380,#7381);
#7379 = CARTESIAN_POINT('',(-21.,-13.2,73.));
#7380 = DIRECTION('',(-0.707106781187,0.,-0.707106781187));
#7381 = DIRECTION('',(0.707106781187,0.,-0.707106781187));
#7382 = ADVANCED_FACE('',(#7383),#7394,.F.);
#7383 = FACE_BOUND('',#7384,.F.);
#7384 = EDGE_LOOP('',(#7385,#7391,#7392,#7393));
#7385 = ORIENTED_EDGE('',*,*,#7386,.F.);
#7386 = EDGE_CURVE('',#6722,#6606,#7387,.T.);
#7387 = LINE('',#7388,#7389);
#7388 = CARTESIAN_POINT('',(8.45,-12.8,95.625));
#7389 = VECTOR('',#7390,1.);
#7390 = DIRECTION('',(0.,0.,-1.));
#7391 = ORIENTED_EDGE('',*,*,#6721,.T.);
#7392 = ORIENTED_EDGE('',*,*,#6556,.T.);
#7393 = ORIENTED_EDGE('',*,*,#6613,.F.);
#7394 = PLANE('',#7395);
#7395 = AXIS2_PLACEMENT_3D('',#7396,#7397,#7398);
#7396 = CARTESIAN_POINT('',(8.45,-13.5,123.25));
#7397 = DIRECTION('',(-1.,0.,0.));
#7398 = DIRECTION('',(0.,0.,-1.));
#7399 = ADVANCED_FACE('',(#7400),#7411,.F.);
#7400 = FACE_BOUND('',#7401,.F.);
#7401 = EDGE_LOOP('',(#7402,#7403,#7404,#7405));
#7402 = ORIENTED_EDGE('',*,*,#6790,.F.);
#7403 = ORIENTED_EDGE('',*,*,#6636,.T.);
#7404 = ORIENTED_EDGE('',*,*,#6683,.F.);
#7405 = ORIENTED_EDGE('',*,*,#7406,.F.);
#7406 = EDGE_CURVE('',#6783,#6676,#7407,.T.);
#7407 = LINE('',#7408,#7409);
#7408 = CARTESIAN_POINT('',(17.95,-13.5,88.75));
#7409 = VECTOR('',#7410,1.);
#7410 = DIRECTION('',(0.,1.,0.));
#7411 = PLANE('',#7412);
#7412 = AXIS2_PLACEMENT_3D('',#7413,#7414,#7415);
#7413 = CARTESIAN_POINT('',(13.2,-13.5,84.));
#7414 = DIRECTION('',(0.707106781187,0.,-0.707106781187));
#7415 = DIRECTION('',(0.707106781187,0.,0.707106781187));
#7416 = ADVANCED_FACE('',(#7417),#7428,.T.);
#7417 = FACE_BOUND('',#7418,.T.);
#7418 = EDGE_LOOP('',(#7419,#7425,#7426,#7427));
#7419 = ORIENTED_EDGE('',*,*,#7420,.F.);
#7420 = EDGE_CURVE('',#6598,#6730,#7421,.T.);
#7421 = LINE('',#7422,#7423);
#7422 = CARTESIAN_POINT('',(10.,-12.8,68.));
#7423 = VECTOR('',#7424,1.);
#7424 = DIRECTION('',(0.,0.,1.));
#7425 = ORIENTED_EDGE('',*,*,#6605,.F.);
#7426 = ORIENTED_EDGE('',*,*,#7386,.F.);
#7427 = ORIENTED_EDGE('',*,*,#6729,.F.);
#7428 = PLANE('',#7429);
#7429 = AXIS2_PLACEMENT_3D('',#7430,#7431,#7432);
#7430 = CARTESIAN_POINT('',(-10.,-12.8,68.));
#7431 = DIRECTION('',(0.,1.,0.));
#7432 = DIRECTION('',(0.,0.,1.));
#7433 = ADVANCED_FACE('',(#7434),#7462,.T.);
#7434 = FACE_BOUND('',#7435,.T.);
#7435 = EDGE_LOOP('',(#7436,#7446,#7451,#7452,#7453,#7454,#7455,#7456));
#7436 = ORIENTED_EDGE('',*,*,#7437,.F.);
#7437 = EDGE_CURVE('',#7438,#7440,#7442,.T.);
#7438 = VERTEX_POINT('',#7439);
#7439 = CARTESIAN_POINT('',(10.,-13.8,78.));
#7440 = VERTEX_POINT('',#7441);
#7441 = CARTESIAN_POINT('',(10.,-13.8,140.));
#7442 = LINE('',#7443,#7444);
#7443 = CARTESIAN_POINT('',(10.,-13.8,78.));
#7444 = VECTOR('',#7445,1.);
#7445 = DIRECTION('',(0.,0.,1.));
#7446 = ORIENTED_EDGE('',*,*,#7447,.F.);
#7447 = EDGE_CURVE('',#6798,#7438,#7448,.T.);
#7448 = B_SPLINE_CURVE_WITH_KNOTS('',1,(#7449,#7450),.UNSPECIFIED.,.F.,
  .F.,(2,2),(0.,1.),.PIECEWISE_BEZIER_KNOTS.);
#7449 = CARTESIAN_POINT('',(10.,-12.8,68.));
#7450 = CARTESIAN_POINT('',(10.,-13.8,78.));
#7451 = ORIENTED_EDGE('',*,*,#6797,.T.);
#7452 = ORIENTED_EDGE('',*,*,#6597,.F.);
#7453 = ORIENTED_EDGE('',*,*,#7420,.T.);
#7454 = ORIENTED_EDGE('',*,*,#6737,.F.);
#7455 = ORIENTED_EDGE('',*,*,#6767,.T.);
#7456 = ORIENTED_EDGE('',*,*,#7457,.F.);
#7457 = EDGE_CURVE('',#7440,#6760,#7458,.T.);
#7458 = LINE('',#7459,#7460);
#7459 = CARTESIAN_POINT('',(10.,-13.8,140.));
#7460 = VECTOR('',#7461,1.);
#7461 = DIRECTION('',(0.,1.,0.));
#7462 = PLANE('',#7463);
#7463 = AXIS2_PLACEMENT_3D('',#7464,#7465,#7466);
#7464 = CARTESIAN_POINT('',(10.,-13.8,68.));
#7465 = DIRECTION('',(1.,0.,0.));
#7466 = DIRECTION('',(0.,0.,1.));
#7467 = ADVANCED_FACE('',(#7468),#7479,.F.);
#7468 = FACE_BOUND('',#7469,.F.);
#7469 = EDGE_LOOP('',(#7470,#7471,#7472,#7473));
#7470 = ORIENTED_EDGE('',*,*,#6782,.F.);
#7471 = ORIENTED_EDGE('',*,*,#7406,.T.);
#7472 = ORIENTED_EDGE('',*,*,#6675,.F.);
#7473 = ORIENTED_EDGE('',*,*,#7474,.F.);
#7474 = EDGE_CURVE('',#6775,#6668,#7475,.T.);
#7475 = LINE('',#7476,#7477);
#7476 = CARTESIAN_POINT('',(17.95,-13.5,123.25));
#7477 = VECTOR('',#7478,1.);
#7478 = DIRECTION('',(0.,1.,0.));
#7479 = PLANE('',#7480);
#7480 = AXIS2_PLACEMENT_3D('',#7481,#7482,#7483);
#7481 = CARTESIAN_POINT('',(17.95,-13.5,88.75));
#7482 = DIRECTION('',(1.,0.,0.));
#7483 = DIRECTION('',(0.,0.,1.));
#7484 = ADVANCED_FACE('',(#7485),#7491,.F.);
#7485 = FACE_BOUND('',#7486,.F.);
#7486 = EDGE_LOOP('',(#7487,#7488,#7489,#7490));
#7487 = ORIENTED_EDGE('',*,*,#6774,.F.);
#7488 = ORIENTED_EDGE('',*,*,#7474,.T.);
#7489 = ORIENTED_EDGE('',*,*,#6667,.F.);
#7490 = ORIENTED_EDGE('',*,*,#6707,.F.);
#7491 = PLANE('',#7492);
#7492 = AXIS2_PLACEMENT_3D('',#7493,#7494,#7495);
#7493 = CARTESIAN_POINT('',(17.95,-13.5,123.25));
#7494 = DIRECTION('',(0.707106781187,0.,0.707106781187));
#7495 = DIRECTION('',(-0.707106781187,0.,0.707106781187));
#7496 = ADVANCED_FACE('',(#7497),#7522,.T.);
#7497 = FACE_BOUND('',#7498,.T.);
#7498 = EDGE_LOOP('',(#7499,#7508,#7514,#7515,#7516));
#7499 = ORIENTED_EDGE('',*,*,#7500,.F.);
#7500 = EDGE_CURVE('',#7501,#7503,#7505,.T.);
#7501 = VERTEX_POINT('',#7502);
#7502 = CARTESIAN_POINT('',(10.,-14.,68.));
#7503 = VERTEX_POINT('',#7504);
#7504 = CARTESIAN_POINT('',(13.,-23.7,78.));
#7505 = B_SPLINE_CURVE_WITH_KNOTS('',1,(#7506,#7507),.UNSPECIFIED.,.F.,
  .F.,(2,2),(0.,1.),.PIECEWISE_BEZIER_KNOTS.);
#7506 = CARTESIAN_POINT('',(10.,-14.,68.));
#7507 = CARTESIAN_POINT('',(13.,-23.7,78.));
#7508 = ORIENTED_EDGE('',*,*,#7509,.T.);
#7509 = EDGE_CURVE('',#7501,#6806,#7510,.T.);
#7510 = LINE('',#7511,#7512);
#7511 = CARTESIAN_POINT('',(10.,-14.,68.));
#7512 = VECTOR('',#7513,1.);
#7513 = DIRECTION('',(0.,1.,0.));
#7514 = ORIENTED_EDGE('',*,*,#6805,.T.);
#7515 = ORIENTED_EDGE('',*,*,#7447,.T.);
#7516 = ORIENTED_EDGE('',*,*,#7517,.F.);
#7517 = EDGE_CURVE('',#7503,#7438,#7518,.T.);
#7518 = LINE('',#7519,#7520);
#7519 = CARTESIAN_POINT('',(13.,-23.7,78.));
#7520 = VECTOR('',#7521,1.);
#7521 = DIRECTION('',(-0.290007395283,0.957024404433,0.));
#7522 = B_SPLINE_SURFACE_WITH_KNOTS('',1,1,(
    (#7523,#7524)
    ,(#7525,#7526
    )),.UNSPECIFIED.,.F.,.F.,.F.,(2,2),(2,2),(0.,10.34456378974),(0.,1.)
  ,.PIECEWISE_BEZIER_KNOTS.);
#7523 = CARTESIAN_POINT('',(10.,-14.,68.));
#7524 = CARTESIAN_POINT('',(13.,-23.7,78.));
#7525 = CARTESIAN_POINT('',(10.,-12.8,68.));
#7526 = CARTESIAN_POINT('',(10.,-13.8,78.));
#7527 = ADVANCED_FACE('',(#7528),#7571,.T.);
#7528 = FACE_BOUND('',#7529,.T.);
#7529 = EDGE_LOOP('',(#7530,#7540,#7548,#7554,#7555,#7556,#7557,#7563,
    #7564,#7565));
#7530 = ORIENTED_EDGE('',*,*,#7531,.T.);
#7531 = EDGE_CURVE('',#7532,#7534,#7536,.T.);
#7532 = VERTEX_POINT('',#7533);
#7533 = CARTESIAN_POINT('',(-10.,-13.8,140.));
#7534 = VERTEX_POINT('',#7535);
#7535 = CARTESIAN_POINT('',(-13.,-23.7,140.));
#7536 = LINE('',#7537,#7538);
#7537 = CARTESIAN_POINT('',(-10.,-13.8,140.));
#7538 = VECTOR('',#7539,1.);
#7539 = DIRECTION('',(-0.290007395283,-0.957024404433,0.));
#7540 = ORIENTED_EDGE('',*,*,#7541,.T.);
#7541 = EDGE_CURVE('',#7534,#7542,#7544,.T.);
#7542 = VERTEX_POINT('',#7543);
#7543 = CARTESIAN_POINT('',(13.,-23.7,140.));
#7544 = LINE('',#7545,#7546);
#7545 = CARTESIAN_POINT('',(-13.,-23.7,140.));
#7546 = VECTOR('',#7547,1.);
#7547 = DIRECTION('',(1.,0.,0.));
#7548 = ORIENTED_EDGE('',*,*,#7549,.T.);
#7549 = EDGE_CURVE('',#7542,#7440,#7550,.T.);
#7550 = LINE('',#7551,#7552);
#7551 = CARTESIAN_POINT('',(13.,-23.7,140.));
#7552 = VECTOR('',#7553,1.);
#7553 = DIRECTION('',(-0.290007395283,0.957024404433,0.));
#7554 = ORIENTED_EDGE('',*,*,#7457,.T.);
#7555 = ORIENTED_EDGE('',*,*,#6759,.T.);
#7556 = ORIENTED_EDGE('',*,*,#6873,.F.);
#7557 = ORIENTED_EDGE('',*,*,#7558,.F.);
#7558 = EDGE_CURVE('',#7323,#6874,#7559,.T.);
#7559 = LINE('',#7560,#7561);
#7560 = CARTESIAN_POINT('',(-10.,-12.8,140.));
#7561 = VECTOR('',#7562,1.);
#7562 = DIRECTION('',(1.,0.,0.));
#7563 = ORIENTED_EDGE('',*,*,#7322,.T.);
#7564 = ORIENTED_EDGE('',*,*,#7248,.T.);
#7565 = ORIENTED_EDGE('',*,*,#7566,.F.);
#7566 = EDGE_CURVE('',#7532,#7241,#7567,.T.);
#7567 = LINE('',#7568,#7569);
#7568 = CARTESIAN_POINT('',(-10.,-13.8,140.));
#7569 = VECTOR('',#7570,1.);
#7570 = DIRECTION('',(0.,1.,0.));
#7571 = PLANE('',#7572);
#7572 = AXIS2_PLACEMENT_3D('',#7573,#7574,#7575);
#7573 = CARTESIAN_POINT('',(0.,-18.73252998629,140.));
#7574 = DIRECTION('',(0.,0.,1.));
#7575 = DIRECTION('',(1.,0.,0.));
#7576 = ADVANCED_FACE('',(#7577,#7588),#7622,.T.);
#7577 = FACE_BOUND('',#7578,.T.);
#7578 = EDGE_LOOP('',(#7579,#7580,#7586,#7587));
#7579 = ORIENTED_EDGE('',*,*,#6881,.F.);
#7580 = ORIENTED_EDGE('',*,*,#7581,.T.);
#7581 = EDGE_CURVE('',#6882,#7331,#7582,.T.);
#7582 = LINE('',#7583,#7584);
#7583 = CARTESIAN_POINT('',(10.,-12.8,68.));
#7584 = VECTOR('',#7585,1.);
#7585 = DIRECTION('',(-1.,0.,0.));
#7586 = ORIENTED_EDGE('',*,*,#7330,.T.);
#7587 = ORIENTED_EDGE('',*,*,#7558,.T.);
#7588 = FACE_BOUND('',#7589,.T.);
#7589 = EDGE_LOOP('',(#7590,#7600,#7608,#7616));
#7590 = ORIENTED_EDGE('',*,*,#7591,.F.);
#7591 = EDGE_CURVE('',#7592,#7594,#7596,.T.);
#7592 = VERTEX_POINT('',#7593);
#7593 = CARTESIAN_POINT('',(-6.,-12.8,138.));
#7594 = VERTEX_POINT('',#7595);
#7595 = CARTESIAN_POINT('',(6.,-12.8,138.));
#7596 = LINE('',#7597,#7598);
#7597 = CARTESIAN_POINT('',(-8.,-12.8,138.));
#7598 = VECTOR('',#7599,1.);
#7599 = DIRECTION('',(1.,0.,0.));
#7600 = ORIENTED_EDGE('',*,*,#7601,.T.);
#7601 = EDGE_CURVE('',#7592,#7602,#7604,.T.);
#7602 = VERTEX_POINT('',#7603);
#7603 = CARTESIAN_POINT('',(-6.,-12.8,131.));
#7604 = LINE('',#7605,#7606);
#7605 = CARTESIAN_POINT('',(-6.,-12.8,99.5));
#7606 = VECTOR('',#7607,1.);
#7607 = DIRECTION('',(0.,0.,-1.));
#7608 = ORIENTED_EDGE('',*,*,#7609,.T.);
#7609 = EDGE_CURVE('',#7602,#7610,#7612,.T.);
#7610 = VERTEX_POINT('',#7611);
#7611 = CARTESIAN_POINT('',(6.,-12.8,131.));
#7612 = LINE('',#7613,#7614);
#7613 = CARTESIAN_POINT('',(-8.,-12.8,131.));
#7614 = VECTOR('',#7615,1.);
#7615 = DIRECTION('',(1.,0.,0.));
#7616 = ORIENTED_EDGE('',*,*,#7617,.F.);
#7617 = EDGE_CURVE('',#7594,#7610,#7618,.T.);
#7618 = LINE('',#7619,#7620);
#7619 = CARTESIAN_POINT('',(6.,-12.8,99.5));
#7620 = VECTOR('',#7621,1.);
#7621 = DIRECTION('',(0.,0.,-1.));
#7622 = PLANE('',#7623);
#7623 = AXIS2_PLACEMENT_3D('',#7624,#7625,#7626);
#7624 = CARTESIAN_POINT('',(-10.,-12.8,68.));
#7625 = DIRECTION('',(0.,1.,0.));
#7626 = DIRECTION('',(0.,0.,1.));
#7627 = ADVANCED_FACE('',(#7628),#7639,.F.);
#7628 = FACE_BOUND('',#7629,.F.);
#7629 = EDGE_LOOP('',(#7630,#7636,#7637,#7638));
#7630 = ORIENTED_EDGE('',*,*,#7631,.F.);
#7631 = EDGE_CURVE('',#7013,#7108,#7632,.T.);
#7632 = LINE('',#7633,#7634);
#7633 = CARTESIAN_POINT('',(-8.45,-12.8,78.375));
#7634 = VECTOR('',#7635,1.);
#7635 = DIRECTION('',(0.,0.,1.));
#7636 = ORIENTED_EDGE('',*,*,#7012,.T.);
#7637 = ORIENTED_EDGE('',*,*,#6957,.T.);
#7638 = ORIENTED_EDGE('',*,*,#7115,.F.);
#7639 = PLANE('',#7640);
#7640 = AXIS2_PLACEMENT_3D('',#7641,#7642,#7643);
#7641 = CARTESIAN_POINT('',(-8.45,-13.5,88.75));
#7642 = DIRECTION('',(1.,0.,0.));
#7643 = DIRECTION('',(0.,0.,1.));
#7644 = ADVANCED_FACE('',(#7645),#7671,.F.);
#7645 = FACE_BOUND('',#7646,.F.);
#7646 = EDGE_LOOP('',(#7647,#7655,#7660,#7661,#7662,#7668,#7669,#7670));
#7647 = ORIENTED_EDGE('',*,*,#7648,.F.);
#7648 = EDGE_CURVE('',#7649,#7532,#7651,.T.);
#7649 = VERTEX_POINT('',#7650);
#7650 = CARTESIAN_POINT('',(-10.,-13.8,78.));
#7651 = LINE('',#7652,#7653);
#7652 = CARTESIAN_POINT('',(-10.,-13.8,78.));
#7653 = VECTOR('',#7654,1.);
#7654 = DIRECTION('',(0.,0.,1.));
#7655 = ORIENTED_EDGE('',*,*,#7656,.F.);
#7656 = EDGE_CURVE('',#7168,#7649,#7657,.T.);
#7657 = B_SPLINE_CURVE_WITH_KNOTS('',1,(#7658,#7659),.UNSPECIFIED.,.F.,
  .F.,(2,2),(0.,1.),.PIECEWISE_BEZIER_KNOTS.);
#7658 = CARTESIAN_POINT('',(-10.,-12.8,68.));
#7659 = CARTESIAN_POINT('',(-10.,-13.8,78.));
#7660 = ORIENTED_EDGE('',*,*,#7210,.T.);
#7661 = ORIENTED_EDGE('',*,*,#7028,.F.);
#7662 = ORIENTED_EDGE('',*,*,#7663,.T.);
#7663 = EDGE_CURVE('',#7021,#7100,#7664,.T.);
#7664 = LINE('',#7665,#7666);
#7665 = CARTESIAN_POINT('',(-10.,-12.8,68.));
#7666 = VECTOR('',#7667,1.);
#7667 = DIRECTION('',(0.,0.,1.));
#7668 = ORIENTED_EDGE('',*,*,#7099,.F.);
#7669 = ORIENTED_EDGE('',*,*,#7240,.T.);
#7670 = ORIENTED_EDGE('',*,*,#7566,.F.);
#7671 = PLANE('',#7672);
#7672 = AXIS2_PLACEMENT_3D('',#7673,#7674,#7675);
#7673 = CARTESIAN_POINT('',(-10.,-13.8,68.));
#7674 = DIRECTION('',(1.,0.,0.));
#7675 = DIRECTION('',(0.,0.,1.));
#7676 = ADVANCED_FACE('',(#7677),#7683,.T.);
#7677 = FACE_BOUND('',#7678,.T.);
#7678 = EDGE_LOOP('',(#7679,#7680,#7681,#7682));
#7679 = ORIENTED_EDGE('',*,*,#7020,.F.);
#7680 = ORIENTED_EDGE('',*,*,#7663,.T.);
#7681 = ORIENTED_EDGE('',*,*,#7107,.F.);
#7682 = ORIENTED_EDGE('',*,*,#7631,.F.);
#7683 = PLANE('',#7684);
#7684 = AXIS2_PLACEMENT_3D('',#7685,#7686,#7687);
#7685 = CARTESIAN_POINT('',(-10.,-12.8,68.));
#7686 = DIRECTION('',(0.,1.,0.));
#7687 = DIRECTION('',(0.,0.,1.));
#7688 = ADVANCED_FACE('',(#7689),#7700,.F.);
#7689 = FACE_BOUND('',#7690,.F.);
#7690 = EDGE_LOOP('',(#7691,#7692,#7698,#7699));
#7691 = ORIENTED_EDGE('',*,*,#7217,.F.);
#7692 = ORIENTED_EDGE('',*,*,#7693,.T.);
#7693 = EDGE_CURVE('',#7218,#7052,#7694,.T.);
#7694 = LINE('',#7695,#7696);
#7695 = CARTESIAN_POINT('',(-17.95,-13.5,88.75));
#7696 = VECTOR('',#7697,1.);
#7697 = DIRECTION('',(0.,1.,0.));
#7698 = ORIENTED_EDGE('',*,*,#7051,.F.);
#7699 = ORIENTED_EDGE('',*,*,#6989,.F.);
#7700 = PLANE('',#7701);
#7701 = AXIS2_PLACEMENT_3D('',#7702,#7703,#7704);
#7702 = CARTESIAN_POINT('',(-17.95,-13.5,88.75));
#7703 = DIRECTION('',(-0.707106781187,0.,-0.707106781187));
#7704 = DIRECTION('',(0.707106781187,0.,-0.707106781187));
#7705 = ADVANCED_FACE('',(#7706),#7717,.F.);
#7706 = FACE_BOUND('',#7707,.F.);
#7707 = EDGE_LOOP('',(#7708,#7709,#7710,#7711));
#7708 = ORIENTED_EDGE('',*,*,#7233,.F.);
#7709 = ORIENTED_EDGE('',*,*,#7129,.T.);
#7710 = ORIENTED_EDGE('',*,*,#7067,.F.);
#7711 = ORIENTED_EDGE('',*,*,#7712,.F.);
#7712 = EDGE_CURVE('',#7226,#7060,#7713,.T.);
#7713 = LINE('',#7714,#7715);
#7714 = CARTESIAN_POINT('',(-17.95,-13.5,123.25));
#7715 = VECTOR('',#7716,1.);
#7716 = DIRECTION('',(0.,1.,0.));
#7717 = PLANE('',#7718);
#7718 = AXIS2_PLACEMENT_3D('',#7719,#7720,#7721);
#7719 = CARTESIAN_POINT('',(-13.2,-13.5,128.));
#7720 = DIRECTION('',(-0.707106781187,0.,0.707106781187));
#7721 = DIRECTION('',(-0.707106781187,0.,-0.707106781187));
#7722 = ADVANCED_FACE('',(#7723),#7729,.F.);
#7723 = FACE_BOUND('',#7724,.F.);
#7724 = EDGE_LOOP('',(#7725,#7726,#7727,#7728));
#7725 = ORIENTED_EDGE('',*,*,#7225,.F.);
#7726 = ORIENTED_EDGE('',*,*,#7712,.T.);
#7727 = ORIENTED_EDGE('',*,*,#7059,.F.);
#7728 = ORIENTED_EDGE('',*,*,#7693,.F.);
#7729 = PLANE('',#7730);
#7730 = AXIS2_PLACEMENT_3D('',#7731,#7732,#7733);
#7731 = CARTESIAN_POINT('',(-17.95,-13.5,123.25));
#7732 = DIRECTION('',(-1.,0.,0.));
#7733 = DIRECTION('',(0.,0.,-1.));
#7734 = ADVANCED_FACE('',(#7735),#7760,.T.);
#7735 = FACE_BOUND('',#7736,.T.);
#7736 = EDGE_LOOP('',(#7737,#7738,#7746,#7753,#7759));
#7737 = ORIENTED_EDGE('',*,*,#7167,.F.);
#7738 = ORIENTED_EDGE('',*,*,#7739,.T.);
#7739 = EDGE_CURVE('',#7160,#7740,#7742,.T.);
#7740 = VERTEX_POINT('',#7741);
#7741 = CARTESIAN_POINT('',(-10.,-14.,68.));
#7742 = LINE('',#7743,#7744);
#7743 = CARTESIAN_POINT('',(-10.,-12.8,68.));
#7744 = VECTOR('',#7745,1.);
#7745 = DIRECTION('',(0.,-1.,0.));
#7746 = ORIENTED_EDGE('',*,*,#7747,.T.);
#7747 = EDGE_CURVE('',#7740,#7748,#7750,.T.);
#7748 = VERTEX_POINT('',#7749);
#7749 = CARTESIAN_POINT('',(-13.,-23.7,78.));
#7750 = B_SPLINE_CURVE_WITH_KNOTS('',1,(#7751,#7752),.UNSPECIFIED.,.F.,
  .F.,(2,2),(0.,1.),.PIECEWISE_BEZIER_KNOTS.);
#7751 = CARTESIAN_POINT('',(-10.,-14.,68.));
#7752 = CARTESIAN_POINT('',(-13.,-23.7,78.));
#7753 = ORIENTED_EDGE('',*,*,#7754,.F.);
#7754 = EDGE_CURVE('',#7649,#7748,#7755,.T.);
#7755 = LINE('',#7756,#7757);
#7756 = CARTESIAN_POINT('',(-10.,-13.8,78.));
#7757 = VECTOR('',#7758,1.);
#7758 = DIRECTION('',(-0.290007395283,-0.957024404433,0.));
#7759 = ORIENTED_EDGE('',*,*,#7656,.F.);
#7760 = B_SPLINE_SURFACE_WITH_KNOTS('',1,1,(
    (#7761,#7762)
    ,(#7763,#7764
    )),.UNSPECIFIED.,.F.,.F.,.F.,(2,2),(2,2),(0.,10.34456378974),(0.,1.)
  ,.PIECEWISE_BEZIER_KNOTS.);
#7761 = CARTESIAN_POINT('',(-10.,-12.8,68.));
#7762 = CARTESIAN_POINT('',(-10.,-13.8,78.));
#7763 = CARTESIAN_POINT('',(-10.,-14.,68.));
#7764 = CARTESIAN_POINT('',(-13.,-23.7,78.));
#7765 = ADVANCED_FACE('',(#7766),#7777,.F.);
#7766 = FACE_BOUND('',#7767,.F.);
#7767 = EDGE_LOOP('',(#7768,#7774,#7775,#7776));
#7768 = ORIENTED_EDGE('',*,*,#7769,.T.);
#7769 = EDGE_CURVE('',#7503,#7542,#7770,.T.);
#7770 = LINE('',#7771,#7772);
#7771 = CARTESIAN_POINT('',(13.,-23.7,78.));
#7772 = VECTOR('',#7773,1.);
#7773 = DIRECTION('',(0.,0.,1.));
#7774 = ORIENTED_EDGE('',*,*,#7549,.T.);
#7775 = ORIENTED_EDGE('',*,*,#7437,.F.);
#7776 = ORIENTED_EDGE('',*,*,#7517,.F.);
#7777 = PLANE('',#7778);
#7778 = AXIS2_PLACEMENT_3D('',#7779,#7780,#7781);
#7779 = CARTESIAN_POINT('',(13.,-23.7,78.));
#7780 = DIRECTION('',(-0.957024404433,-0.290007395283,0.));
#7781 = DIRECTION('',(-0.290007395283,0.957024404433,0.));
#7782 = ADVANCED_FACE('',(#7783),#7799,.T.);
#7783 = FACE_BOUND('',#7784,.T.);
#7784 = EDGE_LOOP('',(#7785,#7791,#7792,#7798));
#7785 = ORIENTED_EDGE('',*,*,#7786,.T.);
#7786 = EDGE_CURVE('',#7740,#7501,#7787,.T.);
#7787 = LINE('',#7788,#7789);
#7788 = CARTESIAN_POINT('',(-10.,-14.,68.));
#7789 = VECTOR('',#7790,1.);
#7790 = DIRECTION('',(1.,0.,0.));
#7791 = ORIENTED_EDGE('',*,*,#7500,.T.);
#7792 = ORIENTED_EDGE('',*,*,#7793,.F.);
#7793 = EDGE_CURVE('',#7748,#7503,#7794,.T.);
#7794 = LINE('',#7795,#7796);
#7795 = CARTESIAN_POINT('',(-13.,-23.7,78.));
#7796 = VECTOR('',#7797,1.);
#7797 = DIRECTION('',(1.,0.,0.));
#7798 = ORIENTED_EDGE('',*,*,#7747,.F.);
#7799 = B_SPLINE_SURFACE_WITH_KNOTS('',1,1,(
    (#7800,#7801)
    ,(#7802,#7803
    )),.UNSPECIFIED.,.F.,.F.,.F.,(2,2),(2,2),(0.,26.),(0.,1.),
  .PIECEWISE_BEZIER_KNOTS.);
#7800 = CARTESIAN_POINT('',(-10.,-14.,68.));
#7801 = CARTESIAN_POINT('',(-13.,-23.7,78.));
#7802 = CARTESIAN_POINT('',(10.,-14.,68.));
#7803 = CARTESIAN_POINT('',(13.,-23.7,78.));
#7804 = ADVANCED_FACE('',(#7805),#7816,.F.);
#7805 = FACE_BOUND('',#7806,.F.);
#7806 = EDGE_LOOP('',(#7807,#7808,#7809,#7815));
#7807 = ORIENTED_EDGE('',*,*,#7648,.T.);
#7808 = ORIENTED_EDGE('',*,*,#7531,.T.);
#7809 = ORIENTED_EDGE('',*,*,#7810,.F.);
#7810 = EDGE_CURVE('',#7748,#7534,#7811,.T.);
#7811 = LINE('',#7812,#7813);
#7812 = CARTESIAN_POINT('',(-13.,-23.7,78.));
#7813 = VECTOR('',#7814,1.);
#7814 = DIRECTION('',(0.,0.,1.));
#7815 = ORIENTED_EDGE('',*,*,#7754,.F.);
#7816 = PLANE('',#7817);
#7817 = AXIS2_PLACEMENT_3D('',#7818,#7819,#7820);
#7818 = CARTESIAN_POINT('',(-10.,-13.8,78.));
#7819 = DIRECTION('',(0.957024404433,-0.290007395283,0.));
#7820 = DIRECTION('',(-0.290007395283,-0.957024404433,0.));
#7821 = ADVANCED_FACE('',(#7822),#7828,.F.);
#7822 = FACE_BOUND('',#7823,.F.);
#7823 = EDGE_LOOP('',(#7824,#7825,#7826,#7827));
#7824 = ORIENTED_EDGE('',*,*,#7810,.T.);
#7825 = ORIENTED_EDGE('',*,*,#7541,.T.);
#7826 = ORIENTED_EDGE('',*,*,#7769,.F.);
#7827 = ORIENTED_EDGE('',*,*,#7793,.F.);
#7828 = PLANE('',#7829);
#7829 = AXIS2_PLACEMENT_3D('',#7830,#7831,#7832);
#7830 = CARTESIAN_POINT('',(-13.,-23.7,78.));
#7831 = DIRECTION('',(0.,1.,0.));
#7832 = DIRECTION('',(1.,0.,0.));
#7833 = ADVANCED_FACE('',(#7834),#7859,.F.);
#7834 = FACE_BOUND('',#7835,.F.);
#7835 = EDGE_LOOP('',(#7836,#7844,#7852,#7858));
#7836 = ORIENTED_EDGE('',*,*,#7837,.F.);
#7837 = EDGE_CURVE('',#7838,#7592,#7840,.T.);
#7838 = VERTEX_POINT('',#7839);
#7839 = CARTESIAN_POINT('',(-6.,-16.,138.));
#7840 = LINE('',#7841,#7842);
#7841 = CARTESIAN_POINT('',(-6.,-16.,138.));
#7842 = VECTOR('',#7843,1.);
#7843 = DIRECTION('',(0.,1.,0.));
#7844 = ORIENTED_EDGE('',*,*,#7845,.T.);
#7845 = EDGE_CURVE('',#7838,#7846,#7848,.T.);
#7846 = VERTEX_POINT('',#7847);
#7847 = CARTESIAN_POINT('',(6.,-16.,138.));
#7848 = LINE('',#7849,#7850);
#7849 = CARTESIAN_POINT('',(-6.,-16.,138.));
#7850 = VECTOR('',#7851,1.);
#7851 = DIRECTION('',(1.,0.,0.));
#7852 = ORIENTED_EDGE('',*,*,#7853,.T.);
#7853 = EDGE_CURVE('',#7846,#7594,#7854,.T.);
#7854 = LINE('',#7855,#7856);
#7855 = CARTESIAN_POINT('',(6.,-16.,138.));
#7856 = VECTOR('',#7857,1.);
#7857 = DIRECTION('',(0.,1.,0.));
#7858 = ORIENTED_EDGE('',*,*,#7591,.F.);
#7859 = PLANE('',#7860);
#7860 = AXIS2_PLACEMENT_3D('',#7861,#7862,#7863);
#7861 = CARTESIAN_POINT('',(-6.,-16.,138.));
#7862 = DIRECTION('',(0.,0.,1.));
#7863 = DIRECTION('',(1.,0.,0.));
#7864 = ADVANCED_FACE('',(#7865),#7883,.T.);
#7865 = FACE_BOUND('',#7866,.T.);
#7866 = EDGE_LOOP('',(#7867,#7868,#7876,#7882));
#7867 = ORIENTED_EDGE('',*,*,#7837,.F.);
#7868 = ORIENTED_EDGE('',*,*,#7869,.F.);
#7869 = EDGE_CURVE('',#7870,#7838,#7872,.T.);
#7870 = VERTEX_POINT('',#7871);
#7871 = CARTESIAN_POINT('',(-6.,-16.,131.));
#7872 = LINE('',#7873,#7874);
#7873 = CARTESIAN_POINT('',(-6.,-16.,131.));
#7874 = VECTOR('',#7875,1.);
#7875 = DIRECTION('',(0.,0.,1.));
#7876 = ORIENTED_EDGE('',*,*,#7877,.T.);
#7877 = EDGE_CURVE('',#7870,#7602,#7878,.T.);
#7878 = LINE('',#7879,#7880);
#7879 = CARTESIAN_POINT('',(-6.,-16.,131.));
#7880 = VECTOR('',#7881,1.);
#7881 = DIRECTION('',(0.,1.,0.));
#7882 = ORIENTED_EDGE('',*,*,#7601,.F.);
#7883 = PLANE('',#7884);
#7884 = AXIS2_PLACEMENT_3D('',#7885,#7886,#7887);
#7885 = CARTESIAN_POINT('',(-6.,-16.,131.));
#7886 = DIRECTION('',(1.,0.,0.));
#7887 = DIRECTION('',(0.,0.,1.));
#7888 = ADVANCED_FACE('',(#7889),#7907,.F.);
#7889 = FACE_BOUND('',#7890,.F.);
#7890 = EDGE_LOOP('',(#7891,#7892,#7900,#7906));
#7891 = ORIENTED_EDGE('',*,*,#7853,.F.);
#7892 = ORIENTED_EDGE('',*,*,#7893,.F.);
#7893 = EDGE_CURVE('',#7894,#7846,#7896,.T.);
#7894 = VERTEX_POINT('',#7895);
#7895 = CARTESIAN_POINT('',(6.,-16.,131.));
#7896 = LINE('',#7897,#7898);
#7897 = CARTESIAN_POINT('',(6.,-16.,131.));
#7898 = VECTOR('',#7899,1.);
#7899 = DIRECTION('',(0.,0.,1.));
#7900 = ORIENTED_EDGE('',*,*,#7901,.T.);
#7901 = EDGE_CURVE('',#7894,#7610,#7902,.T.);
#7902 = LINE('',#7903,#7904);
#7903 = CARTESIAN_POINT('',(6.,-16.,131.));
#7904 = VECTOR('',#7905,1.);
#7905 = DIRECTION('',(0.,1.,0.));
#7906 = ORIENTED_EDGE('',*,*,#7617,.F.);
#7907 = PLANE('',#7908);
#7908 = AXIS2_PLACEMENT_3D('',#7909,#7910,#7911);
#7909 = CARTESIAN_POINT('',(6.,-16.,131.));
#7910 = DIRECTION('',(1.,0.,0.));
#7911 = DIRECTION('',(0.,0.,1.));
#7912 = ADVANCED_FACE('',(#7913),#7924,.T.);
#7913 = FACE_BOUND('',#7914,.T.);
#7914 = EDGE_LOOP('',(#7915,#7916,#7922,#7923));
#7915 = ORIENTED_EDGE('',*,*,#7877,.F.);
#7916 = ORIENTED_EDGE('',*,*,#7917,.T.);
#7917 = EDGE_CURVE('',#7870,#7894,#7918,.T.);
#7918 = LINE('',#7919,#7920);
#7919 = CARTESIAN_POINT('',(-6.,-16.,131.));
#7920 = VECTOR('',#7921,1.);
#7921 = DIRECTION('',(1.,0.,0.));
#7922 = ORIENTED_EDGE('',*,*,#7901,.T.);
#7923 = ORIENTED_EDGE('',*,*,#7609,.F.);
#7924 = PLANE('',#7925);
#7925 = AXIS2_PLACEMENT_3D('',#7926,#7927,#7928);
#7926 = CARTESIAN_POINT('',(-6.,-16.,131.));
#7927 = DIRECTION('',(0.,0.,1.));
#7928 = DIRECTION('',(1.,0.,0.));
#7929 = ADVANCED_FACE('',(#7930),#7936,.T.);
#7930 = FACE_BOUND('',#7931,.T.);
#7931 = EDGE_LOOP('',(#7932,#7933,#7934,#7935));
#7932 = ORIENTED_EDGE('',*,*,#7917,.F.);
#7933 = ORIENTED_EDGE('',*,*,#7869,.T.);
#7934 = ORIENTED_EDGE('',*,*,#7845,.T.);
#7935 = ORIENTED_EDGE('',*,*,#7893,.F.);
#7936 = PLANE('',#7937);
#7937 = AXIS2_PLACEMENT_3D('',#7938,#7939,#7940);
#7938 = CARTESIAN_POINT('',(-6.,-16.,131.));
#7939 = DIRECTION('',(0.,1.,0.));
#7940 = DIRECTION('',(0.,0.,1.));
#7941 = ADVANCED_FACE('',(#7942,#8054,#8080),#8106,.T.);
#7942 = FACE_BOUND('',#7943,.T.);
#7943 = EDGE_LOOP('',(#7944,#7952,#7953,#7961,#7969,#7977,#7985,#7993,
    #7999,#8000,#8008,#8016,#8024,#8032,#8040,#8048));
#7944 = ORIENTED_EDGE('',*,*,#7945,.T.);
#7945 = EDGE_CURVE('',#7946,#6496,#7948,.T.);
#7946 = VERTEX_POINT('',#7947);
#7947 = CARTESIAN_POINT('',(19.,-8.,8.));
#7948 = LINE('',#7949,#7950);
#7949 = CARTESIAN_POINT('',(19.,-8.,8.));
#7950 = VECTOR('',#7951,1.);
#7951 = DIRECTION('',(0.,0.,1.));
#7952 = ORIENTED_EDGE('',*,*,#6495,.T.);
#7953 = ORIENTED_EDGE('',*,*,#7954,.T.);
#7954 = EDGE_CURVE('',#6488,#7955,#7957,.T.);
#7955 = VERTEX_POINT('',#7956);
#7956 = CARTESIAN_POINT('',(13.,-8.,68.));
#7957 = LINE('',#7958,#7959);
#7958 = CARTESIAN_POINT('',(-1.5,-8.,68.));
#7959 = VECTOR('',#7960,1.);
#7960 = DIRECTION('',(-1.,0.,0.));
#7961 = ORIENTED_EDGE('',*,*,#7962,.F.);
#7962 = EDGE_CURVE('',#7963,#7955,#7965,.T.);
#7963 = VERTEX_POINT('',#7964);
#7964 = CARTESIAN_POINT('',(13.,-8.,64.860588706619));
#7965 = LINE('',#7966,#7967);
#7966 = CARTESIAN_POINT('',(13.,-8.,8.));
#7967 = VECTOR('',#7968,1.);
#7968 = DIRECTION('',(0.,0.,1.));
#7969 = ORIENTED_EDGE('',*,*,#7970,.F.);
#7970 = EDGE_CURVE('',#7971,#7963,#7973,.T.);
#7971 = VERTEX_POINT('',#7972);
#7972 = CARTESIAN_POINT('',(2.6645352591E-15,-8.,42.923088706619));
#7973 = LINE('',#7974,#7975);
#7974 = CARTESIAN_POINT('',(-17.72058306726,-8.,13.019604780603));
#7975 = VECTOR('',#7976,1.);
#7976 = DIRECTION('',(0.509802390302,0.,0.860291533634));
#7977 = ORIENTED_EDGE('',*,*,#7978,.F.);
#7978 = EDGE_CURVE('',#7979,#7971,#7981,.T.);
#7979 = VERTEX_POINT('',#7980);
#7980 = CARTESIAN_POINT('',(-13.,-8.,64.860588706619));
#7981 = LINE('',#7982,#7983);
#7982 = CARTESIAN_POINT('',(-14.27941693273,-8.,67.019604780603));
#7983 = VECTOR('',#7984,1.);
#7984 = DIRECTION('',(0.509802390302,0.,-0.860291533634));
#7985 = ORIENTED_EDGE('',*,*,#7986,.T.);
#7986 = EDGE_CURVE('',#7979,#7987,#7989,.T.);
#7987 = VERTEX_POINT('',#7988);
#7988 = CARTESIAN_POINT('',(-13.,-8.,68.));
#7989 = LINE('',#7990,#7991);
#7990 = CARTESIAN_POINT('',(-13.,-8.,8.));
#7991 = VECTOR('',#7992,1.);
#7992 = DIRECTION('',(0.,0.,1.));
#7993 = ORIENTED_EDGE('',*,*,#7994,.T.);
#7994 = EDGE_CURVE('',#7987,#7365,#7995,.T.);
#7995 = LINE('',#7996,#7997);
#7996 = CARTESIAN_POINT('',(-17.5,-8.,68.));
#7997 = VECTOR('',#7998,1.);
#7998 = DIRECTION('',(-1.,0.,0.));
#7999 = ORIENTED_EDGE('',*,*,#7364,.T.);
#8000 = ORIENTED_EDGE('',*,*,#8001,.F.);
#8001 = EDGE_CURVE('',#8002,#7357,#8004,.T.);
#8002 = VERTEX_POINT('',#8003);
#8003 = CARTESIAN_POINT('',(-19.,-8.,8.));
#8004 = LINE('',#8005,#8006);
#8005 = CARTESIAN_POINT('',(-19.,-8.,8.));
#8006 = VECTOR('',#8007,1.);
#8007 = DIRECTION('',(0.,0.,1.));
#8008 = ORIENTED_EDGE('',*,*,#8009,.T.);
#8009 = EDGE_CURVE('',#8002,#8010,#8012,.T.);
#8010 = VERTEX_POINT('',#8011);
#8011 = CARTESIAN_POINT('',(-13.,-8.,8.));
#8012 = LINE('',#8013,#8014);
#8013 = CARTESIAN_POINT('',(-19.,-8.,8.));
#8014 = VECTOR('',#8015,1.);
#8015 = DIRECTION('',(1.,0.,0.));
#8016 = ORIENTED_EDGE('',*,*,#8017,.T.);
#8017 = EDGE_CURVE('',#8010,#8018,#8020,.T.);
#8018 = VERTEX_POINT('',#8019);
#8019 = CARTESIAN_POINT('',(-13.,-8.,13.139411293381));
#8020 = LINE('',#8021,#8022);
#8021 = CARTESIAN_POINT('',(-13.,-8.,8.));
#8022 = VECTOR('',#8023,1.);
#8023 = DIRECTION('',(0.,0.,1.));
#8024 = ORIENTED_EDGE('',*,*,#8025,.F.);
#8025 = EDGE_CURVE('',#8026,#8018,#8028,.T.);
#8026 = VERTEX_POINT('',#8027);
#8027 = CARTESIAN_POINT('',(0.,-8.,35.076911293381));
#8028 = LINE('',#8029,#8030);
#8029 = CARTESIAN_POINT('',(17.720583067268,-8.,64.980395219397));
#8030 = VECTOR('',#8031,1.);
#8031 = DIRECTION('',(-0.509802390302,0.,-0.860291533634));
#8032 = ORIENTED_EDGE('',*,*,#8033,.F.);
#8033 = EDGE_CURVE('',#8034,#8026,#8036,.T.);
#8034 = VERTEX_POINT('',#8035);
#8035 = CARTESIAN_POINT('',(13.,-8.,13.139411293381));
#8036 = LINE('',#8037,#8038);
#8037 = CARTESIAN_POINT('',(14.279416932732,-8.,10.980395219397));
#8038 = VECTOR('',#8039,1.);
#8039 = DIRECTION('',(-0.509802390302,0.,0.860291533634));
#8040 = ORIENTED_EDGE('',*,*,#8041,.F.);
#8041 = EDGE_CURVE('',#8042,#8034,#8044,.T.);
#8042 = VERTEX_POINT('',#8043);
#8043 = CARTESIAN_POINT('',(13.,-8.,8.));
#8044 = LINE('',#8045,#8046);
#8045 = CARTESIAN_POINT('',(13.,-8.,8.));
#8046 = VECTOR('',#8047,1.);
#8047 = DIRECTION('',(0.,0.,1.));
#8048 = ORIENTED_EDGE('',*,*,#8049,.T.);
#8049 = EDGE_CURVE('',#8042,#7946,#8050,.T.);
#8050 = LINE('',#8051,#8052);
#8051 = CARTESIAN_POINT('',(13.,-8.,8.));
#8052 = VECTOR('',#8053,1.);
#8053 = DIRECTION('',(1.,0.,0.));
#8054 = FACE_BOUND('',#8055,.T.);
#8055 = EDGE_LOOP('',(#8056,#8066,#8074));
#8056 = ORIENTED_EDGE('',*,*,#8057,.F.);
#8057 = EDGE_CURVE('',#8058,#8060,#8062,.T.);
#8058 = VERTEX_POINT('',#8059);
#8059 = CARTESIAN_POINT('',(-2.324793307626,-8.,39.));
#8060 = VERTEX_POINT('',#8061);
#8061 = CARTESIAN_POINT('',(-13.,-8.,57.014411293381));
#8062 = LINE('',#8063,#8064);
#8063 = CARTESIAN_POINT('',(14.279416932732,-8.,10.980395219397));
#8064 = VECTOR('',#8065,1.);
#8065 = DIRECTION('',(-0.509802390302,0.,0.860291533634));
#8066 = ORIENTED_EDGE('',*,*,#8067,.F.);
#8067 = EDGE_CURVE('',#8068,#8058,#8070,.T.);
#8068 = VERTEX_POINT('',#8069);
#8069 = CARTESIAN_POINT('',(-13.,-8.,20.985588706619));
#8070 = LINE('',#8071,#8072);
#8071 = CARTESIAN_POINT('',(-17.72058306726,-8.,13.019604780603));
#8072 = VECTOR('',#8073,1.);
#8073 = DIRECTION('',(0.509802390302,0.,0.860291533634));
#8074 = ORIENTED_EDGE('',*,*,#8075,.T.);
#8075 = EDGE_CURVE('',#8068,#8060,#8076,.T.);
#8076 = LINE('',#8077,#8078);
#8077 = CARTESIAN_POINT('',(-13.,-8.,8.));
#8078 = VECTOR('',#8079,1.);
#8079 = DIRECTION('',(0.,0.,1.));
#8080 = FACE_BOUND('',#8081,.T.);
#8081 = EDGE_LOOP('',(#8082,#8092,#8100));
#8082 = ORIENTED_EDGE('',*,*,#8083,.F.);
#8083 = EDGE_CURVE('',#8084,#8086,#8088,.T.);
#8084 = VERTEX_POINT('',#8085);
#8085 = CARTESIAN_POINT('',(13.,-8.,20.985588706619));
#8086 = VERTEX_POINT('',#8087);
#8087 = CARTESIAN_POINT('',(13.,-8.,57.014411293381));
#8088 = LINE('',#8089,#8090);
#8089 = CARTESIAN_POINT('',(13.,-8.,8.));
#8090 = VECTOR('',#8091,1.);
#8091 = DIRECTION('',(0.,0.,1.));
#8092 = ORIENTED_EDGE('',*,*,#8093,.F.);
#8093 = EDGE_CURVE('',#8094,#8084,#8096,.T.);
#8094 = VERTEX_POINT('',#8095);
#8095 = CARTESIAN_POINT('',(2.324793307626,-8.,39.));
#8096 = LINE('',#8097,#8098);
#8097 = CARTESIAN_POINT('',(-14.27941693273,-8.,67.019604780603));
#8098 = VECTOR('',#8099,1.);
#8099 = DIRECTION('',(0.509802390302,0.,-0.860291533634));
#8100 = ORIENTED_EDGE('',*,*,#8101,.F.);
#8101 = EDGE_CURVE('',#8086,#8094,#8102,.T.);
#8102 = LINE('',#8103,#8104);
#8103 = CARTESIAN_POINT('',(17.720583067268,-8.,64.980395219397));
#8104 = VECTOR('',#8105,1.);
#8105 = DIRECTION('',(-0.509802390302,0.,-0.860291533634));
#8106 = PLANE('',#8107);
#8107 = AXIS2_PLACEMENT_3D('',#8108,#8109,#8110);
#8108 = CARTESIAN_POINT('',(-7.864532105513E-16,-8.,39.014023895278));
#8109 = DIRECTION('',(-0.,-1.,-0.));
#8110 = DIRECTION('',(0.,0.,-1.));
#8111 = ADVANCED_FACE('',(#8112),#8137,.F.);
#8112 = FACE_BOUND('',#8113,.F.);
#8113 = EDGE_LOOP('',(#8114,#8115,#8123,#8131));
#8114 = ORIENTED_EDGE('',*,*,#7970,.F.);
#8115 = ORIENTED_EDGE('',*,*,#8116,.T.);
#8116 = EDGE_CURVE('',#7971,#8117,#8119,.T.);
#8117 = VERTEX_POINT('',#8118);
#8118 = CARTESIAN_POINT('',(2.6645352591E-15,4.,42.923088706619));
#8119 = LINE('',#8120,#8121);
#8120 = CARTESIAN_POINT('',(6.217248937901E-15,-8.,42.923088706619));
#8121 = VECTOR('',#8122,1.);
#8122 = DIRECTION('',(0.,1.,0.));
#8123 = ORIENTED_EDGE('',*,*,#8124,.T.);
#8124 = EDGE_CURVE('',#8117,#8125,#8127,.T.);
#8125 = VERTEX_POINT('',#8126);
#8126 = CARTESIAN_POINT('',(13.,4.,64.860588706619));
#8127 = LINE('',#8128,#8129);
#8128 = CARTESIAN_POINT('',(-17.72058306726,4.,13.019604780603));
#8129 = VECTOR('',#8130,1.);
#8130 = DIRECTION('',(0.509802390302,0.,0.860291533634));
#8131 = ORIENTED_EDGE('',*,*,#8132,.F.);
#8132 = EDGE_CURVE('',#7963,#8125,#8133,.T.);
#8133 = LINE('',#8134,#8135);
#8134 = CARTESIAN_POINT('',(13.,-8.,64.860588706619));
#8135 = VECTOR('',#8136,1.);
#8136 = DIRECTION('',(0.,1.,0.));
#8137 = PLANE('',#8138);
#8138 = AXIS2_PLACEMENT_3D('',#8139,#8140,#8141);
#8139 = CARTESIAN_POINT('',(-17.72058306726,-8.,13.019604780603));
#8140 = DIRECTION('',(0.860291533634,0.,-0.509802390302));
#8141 = DIRECTION('',(0.509802390302,0.,0.860291533634));
#8142 = ADVANCED_FACE('',(#8143),#8161,.F.);
#8143 = FACE_BOUND('',#8144,.F.);
#8144 = EDGE_LOOP('',(#8145,#8146,#8154,#8160));
#8145 = ORIENTED_EDGE('',*,*,#7978,.F.);
#8146 = ORIENTED_EDGE('',*,*,#8147,.T.);
#8147 = EDGE_CURVE('',#7979,#8148,#8150,.T.);
#8148 = VERTEX_POINT('',#8149);
#8149 = CARTESIAN_POINT('',(-13.,4.,64.860588706619));
#8150 = LINE('',#8151,#8152);
#8151 = CARTESIAN_POINT('',(-13.,-8.,64.860588706619));
#8152 = VECTOR('',#8153,1.);
#8153 = DIRECTION('',(0.,1.,0.));
#8154 = ORIENTED_EDGE('',*,*,#8155,.T.);
#8155 = EDGE_CURVE('',#8148,#8117,#8156,.T.);
#8156 = LINE('',#8157,#8158);
#8157 = CARTESIAN_POINT('',(-14.27941693273,4.,67.019604780603));
#8158 = VECTOR('',#8159,1.);
#8159 = DIRECTION('',(0.509802390302,0.,-0.860291533634));
#8160 = ORIENTED_EDGE('',*,*,#8116,.F.);
#8161 = PLANE('',#8162);
#8162 = AXIS2_PLACEMENT_3D('',#8163,#8164,#8165);
#8163 = CARTESIAN_POINT('',(-14.27941693273,-8.,67.019604780603));
#8164 = DIRECTION('',(-0.860291533634,0.,-0.509802390302));
#8165 = DIRECTION('',(0.509802390302,0.,-0.860291533634));
#8166 = ADVANCED_FACE('',(#8167),#8218,.F.);
#8167 = FACE_BOUND('',#8168,.F.);
#8168 = EDGE_LOOP('',(#8169,#8179,#8187,#8195,#8203,#8211));
#8169 = ORIENTED_EDGE('',*,*,#8170,.F.);
#8170 = EDGE_CURVE('',#8171,#8173,#8175,.T.);
#8171 = VERTEX_POINT('',#8172);
#8172 = CARTESIAN_POINT('',(18.,10.5,0.));
#8173 = VERTEX_POINT('',#8174);
#8174 = CARTESIAN_POINT('',(0.743303437366,10.5,0.));
#8175 = LINE('',#8176,#8177);
#8176 = CARTESIAN_POINT('',(55.,10.5,0.));
#8177 = VECTOR('',#8178,1.);
#8178 = DIRECTION('',(-1.,0.,0.));
#8179 = ORIENTED_EDGE('',*,*,#8180,.F.);
#8180 = EDGE_CURVE('',#8181,#8171,#8183,.T.);
#8181 = VERTEX_POINT('',#8182);
#8182 = CARTESIAN_POINT('',(18.,10.5,8.));
#8183 = LINE('',#8184,#8185);
#8184 = CARTESIAN_POINT('',(18.,10.5,0.));
#8185 = VECTOR('',#8186,1.);
#8186 = DIRECTION('',(-0.,-0.,-1.));
#8187 = ORIENTED_EDGE('',*,*,#8188,.T.);
#8188 = EDGE_CURVE('',#8181,#8189,#8191,.T.);
#8189 = VERTEX_POINT('',#8190);
#8190 = CARTESIAN_POINT('',(-18.,10.5,8.));
#8191 = LINE('',#8192,#8193);
#8192 = CARTESIAN_POINT('',(55.,10.5,8.));
#8193 = VECTOR('',#8194,1.);
#8194 = DIRECTION('',(-1.,0.,0.));
#8195 = ORIENTED_EDGE('',*,*,#8196,.F.);
#8196 = EDGE_CURVE('',#8197,#8189,#8199,.T.);
#8197 = VERTEX_POINT('',#8198);
#8198 = CARTESIAN_POINT('',(-18.,10.5,0.));
#8199 = LINE('',#8200,#8201);
#8200 = CARTESIAN_POINT('',(-18.,10.5,0.));
#8201 = VECTOR('',#8202,1.);
#8202 = DIRECTION('',(0.,0.,1.));
#8203 = ORIENTED_EDGE('',*,*,#8204,.F.);
#8204 = EDGE_CURVE('',#8205,#8197,#8207,.T.);
#8205 = VERTEX_POINT('',#8206);
#8206 = CARTESIAN_POINT('',(-0.743303437366,10.5,0.));
#8207 = LINE('',#8208,#8209);
#8208 = CARTESIAN_POINT('',(55.,10.5,0.));
#8209 = VECTOR('',#8210,1.);
#8210 = DIRECTION('',(-1.,0.,0.));
#8211 = ORIENTED_EDGE('',*,*,#8212,.T.);
#8212 = EDGE_CURVE('',#8205,#8173,#8213,.T.);
#8213 = HYPERBOLA('',#8214,172.85714285714,5.5);
#8214 = AXIS2_PLACEMENT_3D('',#8215,#8216,#8217);
#8215 = CARTESIAN_POINT('',(0.,10.5,174.42857142857));
#8216 = DIRECTION('',(0.,-1.,0.));
#8217 = DIRECTION('',(-0.,-0.,-1.));
#8218 = PLANE('',#8219);
#8219 = AXIS2_PLACEMENT_3D('',#8220,#8221,#8222);
#8220 = CARTESIAN_POINT('',(55.,10.5,0.));
#8221 = DIRECTION('',(0.,-1.,0.));
#8222 = DIRECTION('',(-1.,0.,0.));
#8223 = ADVANCED_FACE('',(#8224),#8269,.T.);
#8224 = FACE_BOUND('',#8225,.T.);
#8225 = EDGE_LOOP('',(#8226,#8236,#8245,#8254,#8261,#8262));
#8226 = ORIENTED_EDGE('',*,*,#8227,.T.);
#8227 = EDGE_CURVE('',#8228,#8230,#8232,.T.);
#8228 = VERTEX_POINT('',#8229);
#8229 = CARTESIAN_POINT('',(5.55,16.,0.));
#8230 = VERTEX_POINT('',#8231);
#8231 = CARTESIAN_POINT('',(5.2,16.,11.));
#8232 = LINE('',#8233,#8234);
#8233 = CARTESIAN_POINT('',(5.55,16.,0.));
#8234 = VECTOR('',#8235,1.);
#8235 = DIRECTION('',(-3.180208772631E-02,7.789264988046E-18,
    0.999494185684));
#8236 = ORIENTED_EDGE('',*,*,#8237,.F.);
#8237 = EDGE_CURVE('',#8238,#8230,#8240,.T.);
#8238 = VERTEX_POINT('',#8239);
#8239 = CARTESIAN_POINT('',(-2.1775,20.722128095467,11.));
#8240 = CIRCLE('',#8241,5.2);
#8241 = AXIS2_PLACEMENT_3D('',#8242,#8243,#8244);
#8242 = CARTESIAN_POINT('',(0.,16.,11.));
#8243 = DIRECTION('',(0.,0.,1.));
#8244 = DIRECTION('',(1.,0.,0.));
#8245 = ORIENTED_EDGE('',*,*,#8246,.T.);
#8246 = EDGE_CURVE('',#8238,#8247,#8249,.T.);
#8247 = VERTEX_POINT('',#8248);
#8248 = CARTESIAN_POINT('',(-2.1775,21.104996939274,0.));
#8249 = HYPERBOLA('',#8250,68.435714285714,2.1775);
#8250 = AXIS2_PLACEMENT_3D('',#8251,#8252,#8253);
#8251 = CARTESIAN_POINT('',(-2.1775,16.,174.42857142857));
#8252 = DIRECTION('',(1.,-0.,0.));
#8253 = DIRECTION('',(0.,0.,-1.));
#8254 = ORIENTED_EDGE('',*,*,#8255,.T.);
#8255 = EDGE_CURVE('',#8247,#8205,#8256,.T.);
#8256 = CIRCLE('',#8257,5.55);
#8257 = AXIS2_PLACEMENT_3D('',#8258,#8259,#8260);
#8258 = CARTESIAN_POINT('',(0.,16.,0.));
#8259 = DIRECTION('',(0.,0.,1.));
#8260 = DIRECTION('',(1.,0.,0.));
#8261 = ORIENTED_EDGE('',*,*,#8212,.T.);
#8262 = ORIENTED_EDGE('',*,*,#8263,.T.);
#8263 = EDGE_CURVE('',#8173,#8228,#8264,.T.);
#8264 = CIRCLE('',#8265,5.55);
#8265 = AXIS2_PLACEMENT_3D('',#8266,#8267,#8268);
#8266 = CARTESIAN_POINT('',(0.,16.,0.));
#8267 = DIRECTION('',(0.,0.,1.));
#8268 = DIRECTION('',(1.,0.,0.));
#8269 = CONICAL_SURFACE('',#8270,5.55,3.180745079516E-02);
#8270 = AXIS2_PLACEMENT_3D('',#8271,#8272,#8273);
#8271 = CARTESIAN_POINT('',(0.,16.,0.));
#8272 = DIRECTION('',(-0.,-0.,-1.));
#8273 = DIRECTION('',(1.,0.,0.));
#8274 = ADVANCED_FACE('',(#8275),#8300,.T.);
#8275 = FACE_BOUND('',#8276,.T.);
#8276 = EDGE_LOOP('',(#8277,#8285,#8293,#8299));
#8277 = ORIENTED_EDGE('',*,*,#8278,.F.);
#8278 = EDGE_CURVE('',#8279,#8197,#8281,.T.);
#8279 = VERTEX_POINT('',#8280);
#8280 = CARTESIAN_POINT('',(-18.,14.75,0.));
#8281 = LINE('',#8282,#8283);
#8282 = CARTESIAN_POINT('',(-18.,14.75,0.));
#8283 = VECTOR('',#8284,1.);
#8284 = DIRECTION('',(0.,-1.,0.));
#8285 = ORIENTED_EDGE('',*,*,#8286,.T.);
#8286 = EDGE_CURVE('',#8279,#8287,#8289,.T.);
#8287 = VERTEX_POINT('',#8288);
#8288 = CARTESIAN_POINT('',(-18.,14.75,8.));
#8289 = LINE('',#8290,#8291);
#8290 = CARTESIAN_POINT('',(-18.,14.75,0.));
#8291 = VECTOR('',#8292,1.);
#8292 = DIRECTION('',(0.,0.,1.));
#8293 = ORIENTED_EDGE('',*,*,#8294,.T.);
#8294 = EDGE_CURVE('',#8287,#8189,#8295,.T.);
#8295 = LINE('',#8296,#8297);
#8296 = CARTESIAN_POINT('',(-18.,14.75,8.));
#8297 = VECTOR('',#8298,1.);
#8298 = DIRECTION('',(0.,-1.,0.));
#8299 = ORIENTED_EDGE('',*,*,#8196,.F.);
#8300 = PLANE('',#8301);
#8301 = AXIS2_PLACEMENT_3D('',#8302,#8303,#8304);
#8302 = CARTESIAN_POINT('',(-18.,14.75,0.));
#8303 = DIRECTION('',(1.,0.,0.));
#8304 = DIRECTION('',(0.,-1.,0.));
#8305 = ADVANCED_FACE('',(#8306),#8331,.T.);
#8306 = FACE_BOUND('',#8307,.T.);
#8307 = EDGE_LOOP('',(#8308,#8316,#8317,#8325));
#8308 = ORIENTED_EDGE('',*,*,#8309,.F.);
#8309 = EDGE_CURVE('',#8171,#8310,#8312,.T.);
#8310 = VERTEX_POINT('',#8311);
#8311 = CARTESIAN_POINT('',(18.,14.75,0.));
#8312 = LINE('',#8313,#8314);
#8313 = CARTESIAN_POINT('',(18.,10.3,0.));
#8314 = VECTOR('',#8315,1.);
#8315 = DIRECTION('',(0.,1.,0.));
#8316 = ORIENTED_EDGE('',*,*,#8180,.F.);
#8317 = ORIENTED_EDGE('',*,*,#8318,.T.);
#8318 = EDGE_CURVE('',#8181,#8319,#8321,.T.);
#8319 = VERTEX_POINT('',#8320);
#8320 = CARTESIAN_POINT('',(18.,14.75,8.));
#8321 = LINE('',#8322,#8323);
#8322 = CARTESIAN_POINT('',(18.,10.3,8.));
#8323 = VECTOR('',#8324,1.);
#8324 = DIRECTION('',(0.,1.,0.));
#8325 = ORIENTED_EDGE('',*,*,#8326,.F.);
#8326 = EDGE_CURVE('',#8310,#8319,#8327,.T.);
#8327 = LINE('',#8328,#8329);
#8328 = CARTESIAN_POINT('',(18.,14.75,0.));
#8329 = VECTOR('',#8330,1.);
#8330 = DIRECTION('',(0.,0.,1.));
#8331 = PLANE('',#8332);
#8332 = AXIS2_PLACEMENT_3D('',#8333,#8334,#8335);
#8333 = CARTESIAN_POINT('',(18.,10.3,0.));
#8334 = DIRECTION('',(-1.,0.,0.));
#8335 = DIRECTION('',(0.,1.,0.));
#8336 = ADVANCED_FACE('',(#8337),#8363,.T.);
#8337 = FACE_BOUND('',#8338,.T.);
#8338 = EDGE_LOOP('',(#8339,#8347,#8356,#8362));
#8339 = ORIENTED_EDGE('',*,*,#8340,.F.);
#8340 = EDGE_CURVE('',#8341,#8279,#8343,.T.);
#8341 = VERTEX_POINT('',#8342);
#8342 = CARTESIAN_POINT('',(-18.2,14.75,0.));
#8343 = LINE('',#8344,#8345);
#8344 = CARTESIAN_POINT('',(-22.,14.75,0.));
#8345 = VECTOR('',#8346,1.);
#8346 = DIRECTION('',(1.,0.,0.));
#8347 = ORIENTED_EDGE('',*,*,#8348,.T.);
#8348 = EDGE_CURVE('',#8341,#8349,#8351,.T.);
#8349 = VERTEX_POINT('',#8350);
#8350 = CARTESIAN_POINT('',(-19.30765699037,14.75,8.));
#8351 = HYPERBOLA('',#8352,165.,5.25);
#8352 = AXIS2_PLACEMENT_3D('',#8353,#8354,#8355);
#8353 = CARTESIAN_POINT('',(-20.,14.75,174.42857142857));
#8354 = DIRECTION('',(0.,1.,0.));
#8355 = DIRECTION('',(0.,0.,-1.));
#8356 = ORIENTED_EDGE('',*,*,#8357,.T.);
#8357 = EDGE_CURVE('',#8349,#8287,#8358,.T.);
#8358 = LINE('',#8359,#8360);
#8359 = CARTESIAN_POINT('',(-22.,14.75,8.));
#8360 = VECTOR('',#8361,1.);
#8361 = DIRECTION('',(1.,0.,0.));
#8362 = ORIENTED_EDGE('',*,*,#8286,.F.);
#8363 = PLANE('',#8364);
#8364 = AXIS2_PLACEMENT_3D('',#8365,#8366,#8367);
#8365 = CARTESIAN_POINT('',(-22.,14.75,0.));
#8366 = DIRECTION('',(0.,1.,0.));
#8367 = DIRECTION('',(1.,0.,0.));
#8368 = ADVANCED_FACE('',(#8369),#8432,.T.);
#8369 = FACE_BOUND('',#8370,.T.);
#8370 = EDGE_LOOP('',(#8371,#8381,#8390,#8399,#8408,#8417,#8424,#8425));
#8371 = ORIENTED_EDGE('',*,*,#8372,.T.);
#8372 = EDGE_CURVE('',#8373,#8375,#8377,.T.);
#8373 = VERTEX_POINT('',#8374);
#8374 = CARTESIAN_POINT('',(-14.45,20.,0.));
#8375 = VERTEX_POINT('',#8376);
#8376 = CARTESIAN_POINT('',(-14.8,20.,11.));
#8377 = LINE('',#8378,#8379);
#8378 = CARTESIAN_POINT('',(-14.45,20.,0.));
#8379 = VECTOR('',#8380,1.);
#8380 = DIRECTION('',(-3.180208772631E-02,7.789264988046E-18,
    0.999494185684));
#8381 = ORIENTED_EDGE('',*,*,#8382,.F.);
#8382 = EDGE_CURVE('',#8383,#8375,#8385,.T.);
#8383 = VERTEX_POINT('',#8384);
#8384 = CARTESIAN_POINT('',(-22.1775,24.722128095467,11.));
#8385 = CIRCLE('',#8386,5.2);
#8386 = AXIS2_PLACEMENT_3D('',#8387,#8388,#8389);
#8387 = CARTESIAN_POINT('',(-20.,20.,11.));
#8388 = DIRECTION('',(0.,0.,1.));
#8389 = DIRECTION('',(1.,0.,0.));
#8390 = ORIENTED_EDGE('',*,*,#8391,.T.);
#8391 = EDGE_CURVE('',#8383,#8392,#8394,.T.);
#8392 = VERTEX_POINT('',#8393);
#8393 = CARTESIAN_POINT('',(-22.1775,25.104996939274,0.));
#8394 = HYPERBOLA('',#8395,68.435714285714,2.1775);
#8395 = AXIS2_PLACEMENT_3D('',#8396,#8397,#8398);
#8396 = CARTESIAN_POINT('',(-22.1775,20.,174.42857142857));
#8397 = DIRECTION('',(1.,-0.,0.));
#8398 = DIRECTION('',(0.,0.,-1.));
#8399 = ORIENTED_EDGE('',*,*,#8400,.T.);
#8400 = EDGE_CURVE('',#8392,#8401,#8403,.T.);
#8401 = VERTEX_POINT('',#8402);
#8402 = CARTESIAN_POINT('',(-21.8,14.75,0.));
#8403 = CIRCLE('',#8404,5.55);
#8404 = AXIS2_PLACEMENT_3D('',#8405,#8406,#8407);
#8405 = CARTESIAN_POINT('',(-20.,20.,0.));
#8406 = DIRECTION('',(0.,0.,1.));
#8407 = DIRECTION('',(1.,0.,0.));
#8408 = ORIENTED_EDGE('',*,*,#8409,.F.);
#8409 = EDGE_CURVE('',#8410,#8401,#8412,.T.);
#8410 = VERTEX_POINT('',#8411);
#8411 = CARTESIAN_POINT('',(-20.69234300962,14.75,8.));
#8412 = HYPERBOLA('',#8413,165.,5.25);
#8413 = AXIS2_PLACEMENT_3D('',#8414,#8415,#8416);
#8414 = CARTESIAN_POINT('',(-20.,14.75,174.42857142857));
#8415 = DIRECTION('',(0.,1.,0.));
#8416 = DIRECTION('',(0.,0.,-1.));
#8417 = ORIENTED_EDGE('',*,*,#8418,.T.);
#8418 = EDGE_CURVE('',#8410,#8349,#8419,.T.);
#8419 = CIRCLE('',#8420,5.295454545455);
#8420 = AXIS2_PLACEMENT_3D('',#8421,#8422,#8423);
#8421 = CARTESIAN_POINT('',(-20.,20.,8.));
#8422 = DIRECTION('',(0.,0.,1.));
#8423 = DIRECTION('',(1.,0.,0.));
#8424 = ORIENTED_EDGE('',*,*,#8348,.F.);
#8425 = ORIENTED_EDGE('',*,*,#8426,.T.);
#8426 = EDGE_CURVE('',#8341,#8373,#8427,.T.);
#8427 = CIRCLE('',#8428,5.55);
#8428 = AXIS2_PLACEMENT_3D('',#8429,#8430,#8431);
#8429 = CARTESIAN_POINT('',(-20.,20.,0.));
#8430 = DIRECTION('',(0.,0.,1.));
#8431 = DIRECTION('',(1.,0.,0.));
#8432 = CONICAL_SURFACE('',#8433,5.55,3.180745079516E-02);
#8433 = AXIS2_PLACEMENT_3D('',#8434,#8435,#8436);
#8434 = CARTESIAN_POINT('',(-20.,20.,0.));
#8435 = DIRECTION('',(-0.,-0.,-1.));
#8436 = DIRECTION('',(1.,0.,0.));
#8437 = ADVANCED_FACE('',(#8438),#8463,.T.);
#8438 = FACE_BOUND('',#8439,.T.);
#8439 = EDGE_LOOP('',(#8440,#8448,#8456,#8462));
#8440 = ORIENTED_EDGE('',*,*,#8441,.F.);
#8441 = EDGE_CURVE('',#8442,#8401,#8444,.T.);
#8442 = VERTEX_POINT('',#8443);
#8443 = CARTESIAN_POINT('',(-22.,14.75,0.));
#8444 = LINE('',#8445,#8446);
#8445 = CARTESIAN_POINT('',(-22.,14.75,0.));
#8446 = VECTOR('',#8447,1.);
#8447 = DIRECTION('',(1.,0.,0.));
#8448 = ORIENTED_EDGE('',*,*,#8449,.T.);
#8449 = EDGE_CURVE('',#8442,#8450,#8452,.T.);
#8450 = VERTEX_POINT('',#8451);
#8451 = CARTESIAN_POINT('',(-22.,14.75,8.));
#8452 = LINE('',#8453,#8454);
#8453 = CARTESIAN_POINT('',(-22.,14.75,0.));
#8454 = VECTOR('',#8455,1.);
#8455 = DIRECTION('',(0.,0.,1.));
#8456 = ORIENTED_EDGE('',*,*,#8457,.T.);
#8457 = EDGE_CURVE('',#8450,#8410,#8458,.T.);
#8458 = LINE('',#8459,#8460);
#8459 = CARTESIAN_POINT('',(-22.,14.75,8.));
#8460 = VECTOR('',#8461,1.);
#8461 = DIRECTION('',(1.,0.,0.));
#8462 = ORIENTED_EDGE('',*,*,#8409,.T.);
#8463 = PLANE('',#8464);
#8464 = AXIS2_PLACEMENT_3D('',#8465,#8466,#8467);
#8465 = CARTESIAN_POINT('',(-22.,14.75,0.));
#8466 = DIRECTION('',(0.,1.,0.));
#8467 = DIRECTION('',(1.,0.,0.));
#8468 = ADVANCED_FACE('',(#8469),#8494,.F.);
#8469 = FACE_BOUND('',#8470,.F.);
#8470 = EDGE_LOOP('',(#8471,#8479,#8480,#8488));
#8471 = ORIENTED_EDGE('',*,*,#8472,.F.);
#8472 = EDGE_CURVE('',#8002,#8473,#8475,.T.);
#8473 = VERTEX_POINT('',#8474);
#8474 = CARTESIAN_POINT('',(-19.,-2.,8.));
#8475 = LINE('',#8476,#8477);
#8476 = CARTESIAN_POINT('',(-19.,-8.,8.));
#8477 = VECTOR('',#8478,1.);
#8478 = DIRECTION('',(0.,1.,0.));
#8479 = ORIENTED_EDGE('',*,*,#8009,.T.);
#8480 = ORIENTED_EDGE('',*,*,#8481,.T.);
#8481 = EDGE_CURVE('',#8010,#8482,#8484,.T.);
#8482 = VERTEX_POINT('',#8483);
#8483 = CARTESIAN_POINT('',(-13.,-2.,8.));
#8484 = LINE('',#8485,#8486);
#8485 = CARTESIAN_POINT('',(-13.,-8.,8.));
#8486 = VECTOR('',#8487,1.);
#8487 = DIRECTION('',(0.,1.,0.));
#8488 = ORIENTED_EDGE('',*,*,#8489,.T.);
#8489 = EDGE_CURVE('',#8482,#8473,#8490,.T.);
#8490 = LINE('',#8491,#8492);
#8491 = CARTESIAN_POINT('',(-12.,-2.,8.));
#8492 = VECTOR('',#8493,1.);
#8493 = DIRECTION('',(-1.,0.,0.));
#8494 = PLANE('',#8495);
#8495 = AXIS2_PLACEMENT_3D('',#8496,#8497,#8498);
#8496 = CARTESIAN_POINT('',(-19.,-8.,8.));
#8497 = DIRECTION('',(0.,0.,1.));
#8498 = DIRECTION('',(1.,0.,0.));
#8499 = ADVANCED_FACE('',(#8500),#8526,.T.);
#8500 = FACE_BOUND('',#8501,.T.);
#8501 = EDGE_LOOP('',(#8502,#8503,#8504,#8512,#8520));
#8502 = ORIENTED_EDGE('',*,*,#8017,.F.);
#8503 = ORIENTED_EDGE('',*,*,#8481,.T.);
#8504 = ORIENTED_EDGE('',*,*,#8505,.T.);
#8505 = EDGE_CURVE('',#8482,#8506,#8508,.T.);
#8506 = VERTEX_POINT('',#8507);
#8507 = CARTESIAN_POINT('',(-13.,4.,8.));
#8508 = LINE('',#8509,#8510);
#8509 = CARTESIAN_POINT('',(-13.,-8.,8.));
#8510 = VECTOR('',#8511,1.);
#8511 = DIRECTION('',(0.,1.,0.));
#8512 = ORIENTED_EDGE('',*,*,#8513,.T.);
#8513 = EDGE_CURVE('',#8506,#8514,#8516,.T.);
#8514 = VERTEX_POINT('',#8515);
#8515 = CARTESIAN_POINT('',(-13.,4.,13.139411293381));
#8516 = LINE('',#8517,#8518);
#8517 = CARTESIAN_POINT('',(-13.,4.,8.));
#8518 = VECTOR('',#8519,1.);
#8519 = DIRECTION('',(0.,0.,1.));
#8520 = ORIENTED_EDGE('',*,*,#8521,.T.);
#8521 = EDGE_CURVE('',#8514,#8018,#8522,.T.);
#8522 = LINE('',#8523,#8524);
#8523 = CARTESIAN_POINT('',(-13.,-8.,13.139411293381));
#8524 = VECTOR('',#8525,1.);
#8525 = DIRECTION('',(0.,-1.,0.));
#8526 = PLANE('',#8527);
#8527 = AXIS2_PLACEMENT_3D('',#8528,#8529,#8530);
#8528 = CARTESIAN_POINT('',(-13.,-8.,8.));
#8529 = DIRECTION('',(1.,0.,0.));
#8530 = DIRECTION('',(0.,0.,1.));
#8531 = ADVANCED_FACE('',(#8532),#8573,.T.);
#8532 = FACE_BOUND('',#8533,.T.);
#8533 = EDGE_LOOP('',(#8534,#8544,#8550,#8551,#8559,#8567));
#8534 = ORIENTED_EDGE('',*,*,#8535,.T.);
#8535 = EDGE_CURVE('',#8536,#8538,#8540,.T.);
#8536 = VERTEX_POINT('',#8537);
#8537 = CARTESIAN_POINT('',(-12.,-2.,0.));
#8538 = VERTEX_POINT('',#8539);
#8539 = CARTESIAN_POINT('',(-12.,-2.,8.));
#8540 = LINE('',#8541,#8542);
#8541 = CARTESIAN_POINT('',(-12.,-2.,0.));
#8542 = VECTOR('',#8543,1.);
#8543 = DIRECTION('',(0.,0.,1.));
#8544 = ORIENTED_EDGE('',*,*,#8545,.T.);
#8545 = EDGE_CURVE('',#8538,#8482,#8546,.T.);
#8546 = LINE('',#8547,#8548);
#8547 = CARTESIAN_POINT('',(-12.,-2.,8.));
#8548 = VECTOR('',#8549,1.);
#8549 = DIRECTION('',(-1.,0.,0.));
#8550 = ORIENTED_EDGE('',*,*,#8489,.T.);
#8551 = ORIENTED_EDGE('',*,*,#8552,.T.);
#8552 = EDGE_CURVE('',#8473,#8553,#8555,.T.);
#8553 = VERTEX_POINT('',#8554);
#8554 = CARTESIAN_POINT('',(-20.,-2.,8.));
#8555 = LINE('',#8556,#8557);
#8556 = CARTESIAN_POINT('',(-12.,-2.,8.));
#8557 = VECTOR('',#8558,1.);
#8558 = DIRECTION('',(-1.,0.,0.));
#8559 = ORIENTED_EDGE('',*,*,#8560,.F.);
#8560 = EDGE_CURVE('',#8561,#8553,#8563,.T.);
#8561 = VERTEX_POINT('',#8562);
#8562 = CARTESIAN_POINT('',(-20.,-2.,0.));
#8563 = LINE('',#8564,#8565);
#8564 = CARTESIAN_POINT('',(-20.,-2.,0.));
#8565 = VECTOR('',#8566,1.);
#8566 = DIRECTION('',(0.,0.,1.));
#8567 = ORIENTED_EDGE('',*,*,#8568,.F.);
#8568 = EDGE_CURVE('',#8536,#8561,#8569,.T.);
#8569 = LINE('',#8570,#8571);
#8570 = CARTESIAN_POINT('',(-12.,-2.,0.));
#8571 = VECTOR('',#8572,1.);
#8572 = DIRECTION('',(-1.,0.,0.));
#8573 = PLANE('',#8574);
#8574 = AXIS2_PLACEMENT_3D('',#8575,#8576,#8577);
#8575 = CARTESIAN_POINT('',(-12.,-2.,0.));
#8576 = DIRECTION('',(0.,-1.,0.));
#8577 = DIRECTION('',(-1.,0.,0.));
#8578 = ADVANCED_FACE('',(#8579),#8604,.T.);
#8579 = FACE_BOUND('',#8580,.T.);
#8580 = EDGE_LOOP('',(#8581,#8589,#8590,#8598));
#8581 = ORIENTED_EDGE('',*,*,#8582,.F.);
#8582 = EDGE_CURVE('',#8561,#8583,#8585,.T.);
#8583 = VERTEX_POINT('',#8584);
#8584 = CARTESIAN_POINT('',(-20.,3.5,0.));
#8585 = LINE('',#8586,#8587);
#8586 = CARTESIAN_POINT('',(-20.,-2.,0.));
#8587 = VECTOR('',#8588,1.);
#8588 = DIRECTION('',(0.,1.,0.));
#8589 = ORIENTED_EDGE('',*,*,#8560,.T.);
#8590 = ORIENTED_EDGE('',*,*,#8591,.T.);
#8591 = EDGE_CURVE('',#8553,#8592,#8594,.T.);
#8592 = VERTEX_POINT('',#8593);
#8593 = CARTESIAN_POINT('',(-20.,3.5,8.));
#8594 = LINE('',#8595,#8596);
#8595 = CARTESIAN_POINT('',(-20.,-2.,8.));
#8596 = VECTOR('',#8597,1.);
#8597 = DIRECTION('',(0.,1.,0.));
#8598 = ORIENTED_EDGE('',*,*,#8599,.F.);
#8599 = EDGE_CURVE('',#8583,#8592,#8600,.T.);
#8600 = LINE('',#8601,#8602);
#8601 = CARTESIAN_POINT('',(-20.,3.5,0.));
#8602 = VECTOR('',#8603,1.);
#8603 = DIRECTION('',(0.,0.,1.));
#8604 = PLANE('',#8605);
#8605 = AXIS2_PLACEMENT_3D('',#8606,#8607,#8608);
#8606 = CARTESIAN_POINT('',(-20.,-2.,0.));
#8607 = DIRECTION('',(-1.,0.,0.));
#8608 = DIRECTION('',(0.,1.,0.));
#8609 = ADVANCED_FACE('',(#8610),#8635,.F.);
#8610 = FACE_BOUND('',#8611,.F.);
#8611 = EDGE_LOOP('',(#8612,#8620,#8628,#8634));
#8612 = ORIENTED_EDGE('',*,*,#8613,.F.);
#8613 = EDGE_CURVE('',#8614,#8583,#8616,.T.);
#8614 = VERTEX_POINT('',#8615);
#8615 = CARTESIAN_POINT('',(-55.,3.5,0.));
#8616 = LINE('',#8617,#8618);
#8617 = CARTESIAN_POINT('',(-55.,3.5,0.));
#8618 = VECTOR('',#8619,1.);
#8619 = DIRECTION('',(1.,0.,0.));
#8620 = ORIENTED_EDGE('',*,*,#8621,.T.);
#8621 = EDGE_CURVE('',#8614,#8622,#8624,.T.);
#8622 = VERTEX_POINT('',#8623);
#8623 = CARTESIAN_POINT('',(-55.,3.5,8.));
#8624 = LINE('',#8625,#8626);
#8625 = CARTESIAN_POINT('',(-55.,3.5,0.));
#8626 = VECTOR('',#8627,1.);
#8627 = DIRECTION('',(0.,0.,1.));
#8628 = ORIENTED_EDGE('',*,*,#8629,.T.);
#8629 = EDGE_CURVE('',#8622,#8592,#8630,.T.);
#8630 = LINE('',#8631,#8632);
#8631 = CARTESIAN_POINT('',(-55.,3.5,8.));
#8632 = VECTOR('',#8633,1.);
#8633 = DIRECTION('',(1.,0.,0.));
#8634 = ORIENTED_EDGE('',*,*,#8599,.F.);
#8635 = PLANE('',#8636);
#8636 = AXIS2_PLACEMENT_3D('',#8637,#8638,#8639);
#8637 = CARTESIAN_POINT('',(-55.,3.5,0.));
#8638 = DIRECTION('',(0.,1.,0.));
#8639 = DIRECTION('',(1.,0.,0.));
#8640 = ADVANCED_FACE('',(#8641),#8666,.F.);
#8641 = FACE_BOUND('',#8642,.F.);
#8642 = EDGE_LOOP('',(#8643,#8653,#8659,#8660));
#8643 = ORIENTED_EDGE('',*,*,#8644,.T.);
#8644 = EDGE_CURVE('',#8645,#8647,#8649,.T.);
#8645 = VERTEX_POINT('',#8646);
#8646 = CARTESIAN_POINT('',(-58.,6.5,0.));
#8647 = VERTEX_POINT('',#8648);
#8648 = CARTESIAN_POINT('',(-58.,6.5,8.));
#8649 = LINE('',#8650,#8651);
#8650 = CARTESIAN_POINT('',(-58.,6.5,0.));
#8651 = VECTOR('',#8652,1.);
#8652 = DIRECTION('',(0.,0.,1.));
#8653 = ORIENTED_EDGE('',*,*,#8654,.T.);
#8654 = EDGE_CURVE('',#8647,#8622,#8655,.T.);
#8655 = LINE('',#8656,#8657);
#8656 = CARTESIAN_POINT('',(-58.,6.5,8.));
#8657 = VECTOR('',#8658,1.);
#8658 = DIRECTION('',(0.707106781187,-0.707106781187,0.));
#8659 = ORIENTED_EDGE('',*,*,#8621,.F.);
#8660 = ORIENTED_EDGE('',*,*,#8661,.F.);
#8661 = EDGE_CURVE('',#8645,#8614,#8662,.T.);
#8662 = LINE('',#8663,#8664);
#8663 = CARTESIAN_POINT('',(-58.,6.5,0.));
#8664 = VECTOR('',#8665,1.);
#8665 = DIRECTION('',(0.707106781187,-0.707106781187,0.));
#8666 = PLANE('',#8667);
#8667 = AXIS2_PLACEMENT_3D('',#8668,#8669,#8670);
#8668 = CARTESIAN_POINT('',(-58.,6.5,0.));
#8669 = DIRECTION('',(0.707106781187,0.707106781187,0.));
#8670 = DIRECTION('',(0.707106781187,-0.707106781187,0.));
#8671 = ADVANCED_FACE('',(#8672),#8697,.F.);
#8672 = FACE_BOUND('',#8673,.F.);
#8673 = EDGE_LOOP('',(#8674,#8684,#8690,#8691));
#8674 = ORIENTED_EDGE('',*,*,#8675,.T.);
#8675 = EDGE_CURVE('',#8676,#8678,#8680,.T.);
#8676 = VERTEX_POINT('',#8677);
#8677 = CARTESIAN_POINT('',(-58.,7.5,0.));
#8678 = VERTEX_POINT('',#8679);
#8679 = CARTESIAN_POINT('',(-58.,7.5,8.));
#8680 = LINE('',#8681,#8682);
#8681 = CARTESIAN_POINT('',(-58.,7.5,0.));
#8682 = VECTOR('',#8683,1.);
#8683 = DIRECTION('',(0.,0.,1.));
#8684 = ORIENTED_EDGE('',*,*,#8685,.T.);
#8685 = EDGE_CURVE('',#8678,#8647,#8686,.T.);
#8686 = LINE('',#8687,#8688);
#8687 = CARTESIAN_POINT('',(-58.,7.5,8.));
#8688 = VECTOR('',#8689,1.);
#8689 = DIRECTION('',(0.,-1.,0.));
#8690 = ORIENTED_EDGE('',*,*,#8644,.F.);
#8691 = ORIENTED_EDGE('',*,*,#8692,.F.);
#8692 = EDGE_CURVE('',#8676,#8645,#8693,.T.);
#8693 = LINE('',#8694,#8695);
#8694 = CARTESIAN_POINT('',(-58.,7.5,0.));
#8695 = VECTOR('',#8696,1.);
#8696 = DIRECTION('',(0.,-1.,0.));
#8697 = PLANE('',#8698);
#8698 = AXIS2_PLACEMENT_3D('',#8699,#8700,#8701);
#8699 = CARTESIAN_POINT('',(-58.,7.5,0.));
#8700 = DIRECTION('',(1.,0.,0.));
#8701 = DIRECTION('',(0.,-1.,0.));
#8702 = ADVANCED_FACE('',(#8703),#8728,.F.);
#8703 = FACE_BOUND('',#8704,.F.);
#8704 = EDGE_LOOP('',(#8705,#8715,#8721,#8722));
#8705 = ORIENTED_EDGE('',*,*,#8706,.T.);
#8706 = EDGE_CURVE('',#8707,#8709,#8711,.T.);
#8707 = VERTEX_POINT('',#8708);
#8708 = CARTESIAN_POINT('',(-55.,10.5,0.));
#8709 = VERTEX_POINT('',#8710);
#8710 = CARTESIAN_POINT('',(-55.,10.5,8.));
#8711 = LINE('',#8712,#8713);
#8712 = CARTESIAN_POINT('',(-55.,10.5,0.));
#8713 = VECTOR('',#8714,1.);
#8714 = DIRECTION('',(0.,0.,1.));
#8715 = ORIENTED_EDGE('',*,*,#8716,.T.);
#8716 = EDGE_CURVE('',#8709,#8678,#8717,.T.);
#8717 = LINE('',#8718,#8719);
#8718 = CARTESIAN_POINT('',(-55.,10.5,8.));
#8719 = VECTOR('',#8720,1.);
#8720 = DIRECTION('',(-0.707106781187,-0.707106781187,0.));
#8721 = ORIENTED_EDGE('',*,*,#8675,.F.);
#8722 = ORIENTED_EDGE('',*,*,#8723,.F.);
#8723 = EDGE_CURVE('',#8707,#8676,#8724,.T.);
#8724 = LINE('',#8725,#8726);
#8725 = CARTESIAN_POINT('',(-55.,10.5,0.));
#8726 = VECTOR('',#8727,1.);
#8727 = DIRECTION('',(-0.707106781187,-0.707106781187,0.));
#8728 = PLANE('',#8729);
#8729 = AXIS2_PLACEMENT_3D('',#8730,#8731,#8732);
#8730 = CARTESIAN_POINT('',(-55.,10.5,0.));
#8731 = DIRECTION('',(0.707106781187,-0.707106781187,0.));
#8732 = DIRECTION('',(-0.707106781187,-0.707106781187,0.));
#8733 = ADVANCED_FACE('',(#8734),#8776,.F.);
#8734 = FACE_BOUND('',#8735,.F.);
#8735 = EDGE_LOOP('',(#8736,#8746,#8754,#8760,#8761,#8769));
#8736 = ORIENTED_EDGE('',*,*,#8737,.F.);
#8737 = EDGE_CURVE('',#8738,#8740,#8742,.T.);
#8738 = VERTEX_POINT('',#8739);
#8739 = CARTESIAN_POINT('',(-22.,10.5,0.));
#8740 = VERTEX_POINT('',#8741);
#8741 = CARTESIAN_POINT('',(-39.25669656263,10.5,0.));
#8742 = LINE('',#8743,#8744);
#8743 = CARTESIAN_POINT('',(55.,10.5,0.));
#8744 = VECTOR('',#8745,1.);
#8745 = DIRECTION('',(-1.,0.,0.));
#8746 = ORIENTED_EDGE('',*,*,#8747,.F.);
#8747 = EDGE_CURVE('',#8748,#8738,#8750,.T.);
#8748 = VERTEX_POINT('',#8749);
#8749 = CARTESIAN_POINT('',(-22.,10.5,8.));
#8750 = LINE('',#8751,#8752);
#8751 = CARTESIAN_POINT('',(-22.,10.5,0.));
#8752 = VECTOR('',#8753,1.);
#8753 = DIRECTION('',(-0.,-0.,-1.));
#8754 = ORIENTED_EDGE('',*,*,#8755,.T.);
#8755 = EDGE_CURVE('',#8748,#8709,#8756,.T.);
#8756 = LINE('',#8757,#8758);
#8757 = CARTESIAN_POINT('',(55.,10.5,8.));
#8758 = VECTOR('',#8759,1.);
#8759 = DIRECTION('',(-1.,0.,0.));
#8760 = ORIENTED_EDGE('',*,*,#8706,.F.);
#8761 = ORIENTED_EDGE('',*,*,#8762,.F.);
#8762 = EDGE_CURVE('',#8763,#8707,#8765,.T.);
#8763 = VERTEX_POINT('',#8764);
#8764 = CARTESIAN_POINT('',(-40.74330343736,10.5,0.));
#8765 = LINE('',#8766,#8767);
#8766 = CARTESIAN_POINT('',(55.,10.5,0.));
#8767 = VECTOR('',#8768,1.);
#8768 = DIRECTION('',(-1.,0.,0.));
#8769 = ORIENTED_EDGE('',*,*,#8770,.T.);
#8770 = EDGE_CURVE('',#8763,#8740,#8771,.T.);
#8771 = HYPERBOLA('',#8772,172.85714285714,5.5);
#8772 = AXIS2_PLACEMENT_3D('',#8773,#8774,#8775);
#8773 = CARTESIAN_POINT('',(-40.,10.5,174.42857142857));
#8774 = DIRECTION('',(0.,-1.,0.));
#8775 = DIRECTION('',(-0.,-0.,-1.));
#8776 = PLANE('',#8777);
#8777 = AXIS2_PLACEMENT_3D('',#8778,#8779,#8780);
#8778 = CARTESIAN_POINT('',(55.,10.5,0.));
#8779 = DIRECTION('',(0.,-1.,0.));
#8780 = DIRECTION('',(-1.,0.,0.));
#8781 = ADVANCED_FACE('',(#8782),#8800,.F.);
#8782 = FACE_BOUND('',#8783,.F.);
#8783 = EDGE_LOOP('',(#8784,#8785,#8793,#8799));
#8784 = ORIENTED_EDGE('',*,*,#8025,.F.);
#8785 = ORIENTED_EDGE('',*,*,#8786,.T.);
#8786 = EDGE_CURVE('',#8026,#8787,#8789,.T.);
#8787 = VERTEX_POINT('',#8788);
#8788 = CARTESIAN_POINT('',(0.,4.,35.076911293381));
#8789 = LINE('',#8790,#8791);
#8790 = CARTESIAN_POINT('',(-7.993605777301E-15,-8.,35.076911293381));
#8791 = VECTOR('',#8792,1.);
#8792 = DIRECTION('',(0.,1.,0.));
#8793 = ORIENTED_EDGE('',*,*,#8794,.T.);
#8794 = EDGE_CURVE('',#8787,#8514,#8795,.T.);
#8795 = LINE('',#8796,#8797);
#8796 = CARTESIAN_POINT('',(17.720583067268,4.,64.980395219397));
#8797 = VECTOR('',#8798,1.);
#8798 = DIRECTION('',(-0.509802390302,0.,-0.860291533634));
#8799 = ORIENTED_EDGE('',*,*,#8521,.T.);
#8800 = PLANE('',#8801);
#8801 = AXIS2_PLACEMENT_3D('',#8802,#8803,#8804);
#8802 = CARTESIAN_POINT('',(17.720583067268,-8.,64.980395219397));
#8803 = DIRECTION('',(-0.860291533634,0.,0.509802390302));
#8804 = DIRECTION('',(-0.509802390302,0.,-0.860291533634));
#8805 = ADVANCED_FACE('',(#8806),#8857,.F.);
#8806 = FACE_BOUND('',#8807,.F.);
#8807 = EDGE_LOOP('',(#8808,#8818,#8826,#8834,#8842,#8850));
#8808 = ORIENTED_EDGE('',*,*,#8809,.F.);
#8809 = EDGE_CURVE('',#8810,#8812,#8814,.T.);
#8810 = VERTEX_POINT('',#8811);
#8811 = CARTESIAN_POINT('',(55.,10.5,0.));
#8812 = VERTEX_POINT('',#8813);
#8813 = CARTESIAN_POINT('',(40.743303437366,10.5,0.));
#8814 = LINE('',#8815,#8816);
#8815 = CARTESIAN_POINT('',(55.,10.5,0.));
#8816 = VECTOR('',#8817,1.);
#8817 = DIRECTION('',(-1.,0.,0.));
#8818 = ORIENTED_EDGE('',*,*,#8819,.T.);
#8819 = EDGE_CURVE('',#8810,#8820,#8822,.T.);
#8820 = VERTEX_POINT('',#8821);
#8821 = CARTESIAN_POINT('',(55.,10.5,8.));
#8822 = LINE('',#8823,#8824);
#8823 = CARTESIAN_POINT('',(55.,10.5,0.));
#8824 = VECTOR('',#8825,1.);
#8825 = DIRECTION('',(0.,0.,1.));
#8826 = ORIENTED_EDGE('',*,*,#8827,.T.);
#8827 = EDGE_CURVE('',#8820,#8828,#8830,.T.);
#8828 = VERTEX_POINT('',#8829);
#8829 = CARTESIAN_POINT('',(22.,10.5,8.));
#8830 = LINE('',#8831,#8832);
#8831 = CARTESIAN_POINT('',(55.,10.5,8.));
#8832 = VECTOR('',#8833,1.);
#8833 = DIRECTION('',(-1.,0.,0.));
#8834 = ORIENTED_EDGE('',*,*,#8835,.F.);
#8835 = EDGE_CURVE('',#8836,#8828,#8838,.T.);
#8836 = VERTEX_POINT('',#8837);
#8837 = CARTESIAN_POINT('',(22.,10.5,0.));
#8838 = LINE('',#8839,#8840);
#8839 = CARTESIAN_POINT('',(22.,10.5,0.));
#8840 = VECTOR('',#8841,1.);
#8841 = DIRECTION('',(0.,0.,1.));
#8842 = ORIENTED_EDGE('',*,*,#8843,.F.);
#8843 = EDGE_CURVE('',#8844,#8836,#8846,.T.);
#8844 = VERTEX_POINT('',#8845);
#8845 = CARTESIAN_POINT('',(39.256696562634,10.5,0.));
#8846 = LINE('',#8847,#8848);
#8847 = CARTESIAN_POINT('',(55.,10.5,0.));
#8848 = VECTOR('',#8849,1.);
#8849 = DIRECTION('',(-1.,0.,0.));
#8850 = ORIENTED_EDGE('',*,*,#8851,.T.);
#8851 = EDGE_CURVE('',#8844,#8812,#8852,.T.);
#8852 = HYPERBOLA('',#8853,172.85714285714,5.5);
#8853 = AXIS2_PLACEMENT_3D('',#8854,#8855,#8856);
#8854 = CARTESIAN_POINT('',(40.,10.5,174.42857142857));
#8855 = DIRECTION('',(0.,-1.,0.));
#8856 = DIRECTION('',(-0.,-0.,-1.));
#8857 = PLANE('',#8858);
#8858 = AXIS2_PLACEMENT_3D('',#8859,#8860,#8861);
#8859 = CARTESIAN_POINT('',(55.,10.5,0.));
#8860 = DIRECTION('',(0.,-1.,0.));
#8861 = DIRECTION('',(-1.,0.,0.));
#8862 = ADVANCED_FACE('',(#8863),#8888,.F.);
#8863 = FACE_BOUND('',#8864,.F.);
#8864 = EDGE_LOOP('',(#8865,#8875,#8881,#8882));
#8865 = ORIENTED_EDGE('',*,*,#8866,.T.);
#8866 = EDGE_CURVE('',#8867,#8869,#8871,.T.);
#8867 = VERTEX_POINT('',#8868);
#8868 = CARTESIAN_POINT('',(58.,7.5,0.));
#8869 = VERTEX_POINT('',#8870);
#8870 = CARTESIAN_POINT('',(58.,7.5,8.));
#8871 = LINE('',#8872,#8873);
#8872 = CARTESIAN_POINT('',(58.,7.5,0.));
#8873 = VECTOR('',#8874,1.);
#8874 = DIRECTION('',(0.,0.,1.));
#8875 = ORIENTED_EDGE('',*,*,#8876,.T.);
#8876 = EDGE_CURVE('',#8869,#8820,#8877,.T.);
#8877 = LINE('',#8878,#8879);
#8878 = CARTESIAN_POINT('',(58.,7.5,8.));
#8879 = VECTOR('',#8880,1.);
#8880 = DIRECTION('',(-0.707106781187,0.707106781187,0.));
#8881 = ORIENTED_EDGE('',*,*,#8819,.F.);
#8882 = ORIENTED_EDGE('',*,*,#8883,.F.);
#8883 = EDGE_CURVE('',#8867,#8810,#8884,.T.);
#8884 = LINE('',#8885,#8886);
#8885 = CARTESIAN_POINT('',(58.,7.5,0.));
#8886 = VECTOR('',#8887,1.);
#8887 = DIRECTION('',(-0.707106781187,0.707106781187,0.));
#8888 = PLANE('',#8889);
#8889 = AXIS2_PLACEMENT_3D('',#8890,#8891,#8892);
#8890 = CARTESIAN_POINT('',(58.,7.5,0.));
#8891 = DIRECTION('',(-0.707106781187,-0.707106781187,0.));
#8892 = DIRECTION('',(-0.707106781187,0.707106781187,0.));
#8893 = ADVANCED_FACE('',(#8894),#8919,.F.);
#8894 = FACE_BOUND('',#8895,.F.);
#8895 = EDGE_LOOP('',(#8896,#8906,#8912,#8913));
#8896 = ORIENTED_EDGE('',*,*,#8897,.T.);
#8897 = EDGE_CURVE('',#8898,#8900,#8902,.T.);
#8898 = VERTEX_POINT('',#8899);
#8899 = CARTESIAN_POINT('',(58.,6.5,0.));
#8900 = VERTEX_POINT('',#8901);
#8901 = CARTESIAN_POINT('',(58.,6.5,8.));
#8902 = LINE('',#8903,#8904);
#8903 = CARTESIAN_POINT('',(58.,6.5,0.));
#8904 = VECTOR('',#8905,1.);
#8905 = DIRECTION('',(0.,0.,1.));
#8906 = ORIENTED_EDGE('',*,*,#8907,.T.);
#8907 = EDGE_CURVE('',#8900,#8869,#8908,.T.);
#8908 = LINE('',#8909,#8910);
#8909 = CARTESIAN_POINT('',(58.,6.5,8.));
#8910 = VECTOR('',#8911,1.);
#8911 = DIRECTION('',(0.,1.,0.));
#8912 = ORIENTED_EDGE('',*,*,#8866,.F.);
#8913 = ORIENTED_EDGE('',*,*,#8914,.F.);
#8914 = EDGE_CURVE('',#8898,#8867,#8915,.T.);
#8915 = LINE('',#8916,#8917);
#8916 = CARTESIAN_POINT('',(58.,6.5,0.));
#8917 = VECTOR('',#8918,1.);
#8918 = DIRECTION('',(0.,1.,0.));
#8919 = PLANE('',#8920);
#8920 = AXIS2_PLACEMENT_3D('',#8921,#8922,#8923);
#8921 = CARTESIAN_POINT('',(58.,6.5,0.));
#8922 = DIRECTION('',(-1.,0.,0.));
#8923 = DIRECTION('',(0.,1.,0.));
#8924 = ADVANCED_FACE('',(#8925),#8950,.F.);
#8925 = FACE_BOUND('',#8926,.F.);
#8926 = EDGE_LOOP('',(#8927,#8937,#8943,#8944));
#8927 = ORIENTED_EDGE('',*,*,#8928,.T.);
#8928 = EDGE_CURVE('',#8929,#8931,#8933,.T.);
#8929 = VERTEX_POINT('',#8930);
#8930 = CARTESIAN_POINT('',(55.,3.5,0.));
#8931 = VERTEX_POINT('',#8932);
#8932 = CARTESIAN_POINT('',(55.,3.5,8.));
#8933 = LINE('',#8934,#8935);
#8934 = CARTESIAN_POINT('',(55.,3.5,0.));
#8935 = VECTOR('',#8936,1.);
#8936 = DIRECTION('',(0.,0.,1.));
#8937 = ORIENTED_EDGE('',*,*,#8938,.T.);
#8938 = EDGE_CURVE('',#8931,#8900,#8939,.T.);
#8939 = LINE('',#8940,#8941);
#8940 = CARTESIAN_POINT('',(55.,3.5,8.));
#8941 = VECTOR('',#8942,1.);
#8942 = DIRECTION('',(0.707106781187,0.707106781187,0.));
#8943 = ORIENTED_EDGE('',*,*,#8897,.F.);
#8944 = ORIENTED_EDGE('',*,*,#8945,.F.);
#8945 = EDGE_CURVE('',#8929,#8898,#8946,.T.);
#8946 = LINE('',#8947,#8948);
#8947 = CARTESIAN_POINT('',(55.,3.5,0.));
#8948 = VECTOR('',#8949,1.);
#8949 = DIRECTION('',(0.707106781187,0.707106781187,0.));
#8950 = PLANE('',#8951);
#8951 = AXIS2_PLACEMENT_3D('',#8952,#8953,#8954);
#8952 = CARTESIAN_POINT('',(55.,3.5,0.));
#8953 = DIRECTION('',(-0.707106781187,0.707106781187,0.));
#8954 = DIRECTION('',(0.707106781187,0.707106781187,0.));
#8955 = ADVANCED_FACE('',(#8956),#8981,.F.);
#8956 = FACE_BOUND('',#8957,.F.);
#8957 = EDGE_LOOP('',(#8958,#8966,#8974,#8980));
#8958 = ORIENTED_EDGE('',*,*,#8959,.F.);
#8959 = EDGE_CURVE('',#8960,#8929,#8962,.T.);
#8960 = VERTEX_POINT('',#8961);
#8961 = CARTESIAN_POINT('',(20.,3.5,0.));
#8962 = LINE('',#8963,#8964);
#8963 = CARTESIAN_POINT('',(-55.,3.5,0.));
#8964 = VECTOR('',#8965,1.);
#8965 = DIRECTION('',(1.,0.,0.));
#8966 = ORIENTED_EDGE('',*,*,#8967,.F.);
#8967 = EDGE_CURVE('',#8968,#8960,#8970,.T.);
#8968 = VERTEX_POINT('',#8969);
#8969 = CARTESIAN_POINT('',(20.,3.5,8.));
#8970 = LINE('',#8971,#8972);
#8971 = CARTESIAN_POINT('',(20.,3.5,0.));
#8972 = VECTOR('',#8973,1.);
#8973 = DIRECTION('',(0.,0.,-1.));
#8974 = ORIENTED_EDGE('',*,*,#8975,.T.);
#8975 = EDGE_CURVE('',#8968,#8931,#8976,.T.);
#8976 = LINE('',#8977,#8978);
#8977 = CARTESIAN_POINT('',(-55.,3.5,8.));
#8978 = VECTOR('',#8979,1.);
#8979 = DIRECTION('',(1.,0.,0.));
#8980 = ORIENTED_EDGE('',*,*,#8928,.F.);
#8981 = PLANE('',#8982);
#8982 = AXIS2_PLACEMENT_3D('',#8983,#8984,#8985);
#8983 = CARTESIAN_POINT('',(-55.,3.5,0.));
#8984 = DIRECTION('',(0.,1.,0.));
#8985 = DIRECTION('',(1.,0.,0.));
#8986 = ADVANCED_FACE('',(#8987),#9012,.F.);
#8987 = FACE_BOUND('',#8988,.F.);
#8988 = EDGE_LOOP('',(#8989,#8997,#8998,#9006));
#8989 = ORIENTED_EDGE('',*,*,#8990,.F.);
#8990 = EDGE_CURVE('',#8042,#8991,#8993,.T.);
#8991 = VERTEX_POINT('',#8992);
#8992 = CARTESIAN_POINT('',(13.,-2.,8.));
#8993 = LINE('',#8994,#8995);
#8994 = CARTESIAN_POINT('',(13.,-8.,8.));
#8995 = VECTOR('',#8996,1.);
#8996 = DIRECTION('',(0.,1.,0.));
#8997 = ORIENTED_EDGE('',*,*,#8049,.T.);
#8998 = ORIENTED_EDGE('',*,*,#8999,.T.);
#8999 = EDGE_CURVE('',#7946,#9000,#9002,.T.);
#9000 = VERTEX_POINT('',#9001);
#9001 = CARTESIAN_POINT('',(19.,-2.,8.));
#9002 = LINE('',#9003,#9004);
#9003 = CARTESIAN_POINT('',(19.,-8.,8.));
#9004 = VECTOR('',#9005,1.);
#9005 = DIRECTION('',(0.,1.,0.));
#9006 = ORIENTED_EDGE('',*,*,#9007,.T.);
#9007 = EDGE_CURVE('',#9000,#8991,#9008,.T.);
#9008 = LINE('',#9009,#9010);
#9009 = CARTESIAN_POINT('',(20.,-2.,8.));
#9010 = VECTOR('',#9011,1.);
#9011 = DIRECTION('',(-1.,0.,0.));
#9012 = PLANE('',#9013);
#9013 = AXIS2_PLACEMENT_3D('',#9014,#9015,#9016);
#9014 = CARTESIAN_POINT('',(13.,-8.,8.));
#9015 = DIRECTION('',(0.,0.,1.));
#9016 = DIRECTION('',(1.,0.,0.));
#9017 = ADVANCED_FACE('',(#9018),#9044,.F.);
#9018 = FACE_BOUND('',#9019,.F.);
#9019 = EDGE_LOOP('',(#9020,#9021,#9022,#9030,#9038));
#9020 = ORIENTED_EDGE('',*,*,#8041,.F.);
#9021 = ORIENTED_EDGE('',*,*,#8990,.T.);
#9022 = ORIENTED_EDGE('',*,*,#9023,.T.);
#9023 = EDGE_CURVE('',#8991,#9024,#9026,.T.);
#9024 = VERTEX_POINT('',#9025);
#9025 = CARTESIAN_POINT('',(13.,4.,8.));
#9026 = LINE('',#9027,#9028);
#9027 = CARTESIAN_POINT('',(13.,-8.,8.));
#9028 = VECTOR('',#9029,1.);
#9029 = DIRECTION('',(0.,1.,0.));
#9030 = ORIENTED_EDGE('',*,*,#9031,.T.);
#9031 = EDGE_CURVE('',#9024,#9032,#9034,.T.);
#9032 = VERTEX_POINT('',#9033);
#9033 = CARTESIAN_POINT('',(13.,4.,13.139411293381));
#9034 = LINE('',#9035,#9036);
#9035 = CARTESIAN_POINT('',(13.,4.,8.));
#9036 = VECTOR('',#9037,1.);
#9037 = DIRECTION('',(0.,0.,1.));
#9038 = ORIENTED_EDGE('',*,*,#9039,.T.);
#9039 = EDGE_CURVE('',#9032,#8034,#9040,.T.);
#9040 = LINE('',#9041,#9042);
#9041 = CARTESIAN_POINT('',(13.,-8.,13.139411293381));
#9042 = VECTOR('',#9043,1.);
#9043 = DIRECTION('',(0.,-1.,0.));
#9044 = PLANE('',#9045);
#9045 = AXIS2_PLACEMENT_3D('',#9046,#9047,#9048);
#9046 = CARTESIAN_POINT('',(13.,-8.,8.));
#9047 = DIRECTION('',(1.,0.,0.));
#9048 = DIRECTION('',(0.,0.,1.));
#9049 = ADVANCED_FACE('',(#9050),#9091,.T.);
#9050 = FACE_BOUND('',#9051,.T.);
#9051 = EDGE_LOOP('',(#9052,#9062,#9068,#9069,#9077,#9085));
#9052 = ORIENTED_EDGE('',*,*,#9053,.T.);
#9053 = EDGE_CURVE('',#9054,#9056,#9058,.T.);
#9054 = VERTEX_POINT('',#9055);
#9055 = CARTESIAN_POINT('',(20.,-2.,0.));
#9056 = VERTEX_POINT('',#9057);
#9057 = CARTESIAN_POINT('',(20.,-2.,8.));
#9058 = LINE('',#9059,#9060);
#9059 = CARTESIAN_POINT('',(20.,-2.,0.));
#9060 = VECTOR('',#9061,1.);
#9061 = DIRECTION('',(0.,0.,1.));
#9062 = ORIENTED_EDGE('',*,*,#9063,.T.);
#9063 = EDGE_CURVE('',#9056,#9000,#9064,.T.);
#9064 = LINE('',#9065,#9066);
#9065 = CARTESIAN_POINT('',(20.,-2.,8.));
#9066 = VECTOR('',#9067,1.);
#9067 = DIRECTION('',(-1.,0.,0.));
#9068 = ORIENTED_EDGE('',*,*,#9007,.T.);
#9069 = ORIENTED_EDGE('',*,*,#9070,.T.);
#9070 = EDGE_CURVE('',#8991,#9071,#9073,.T.);
#9071 = VERTEX_POINT('',#9072);
#9072 = CARTESIAN_POINT('',(12.,-2.,8.));
#9073 = LINE('',#9074,#9075);
#9074 = CARTESIAN_POINT('',(20.,-2.,8.));
#9075 = VECTOR('',#9076,1.);
#9076 = DIRECTION('',(-1.,0.,0.));
#9077 = ORIENTED_EDGE('',*,*,#9078,.F.);
#9078 = EDGE_CURVE('',#9079,#9071,#9081,.T.);
#9079 = VERTEX_POINT('',#9080);
#9080 = CARTESIAN_POINT('',(12.,-2.,0.));
#9081 = LINE('',#9082,#9083);
#9082 = CARTESIAN_POINT('',(12.,-2.,0.));
#9083 = VECTOR('',#9084,1.);
#9084 = DIRECTION('',(0.,0.,1.));
#9085 = ORIENTED_EDGE('',*,*,#9086,.F.);
#9086 = EDGE_CURVE('',#9054,#9079,#9087,.T.);
#9087 = LINE('',#9088,#9089);
#9088 = CARTESIAN_POINT('',(20.,-2.,0.));
#9089 = VECTOR('',#9090,1.);
#9090 = DIRECTION('',(-1.,0.,0.));
#9091 = PLANE('',#9092);
#9092 = AXIS2_PLACEMENT_3D('',#9093,#9094,#9095);
#9093 = CARTESIAN_POINT('',(20.,-2.,0.));
#9094 = DIRECTION('',(0.,-1.,0.));
#9095 = DIRECTION('',(-1.,0.,0.));
#9096 = ADVANCED_FACE('',(#9097),#9113,.T.);
#9097 = FACE_BOUND('',#9098,.T.);
#9098 = EDGE_LOOP('',(#9099,#9105,#9106,#9112));
#9099 = ORIENTED_EDGE('',*,*,#9100,.F.);
#9100 = EDGE_CURVE('',#8960,#9054,#9101,.T.);
#9101 = LINE('',#9102,#9103);
#9102 = CARTESIAN_POINT('',(20.,7.,0.));
#9103 = VECTOR('',#9104,1.);
#9104 = DIRECTION('',(0.,-1.,0.));
#9105 = ORIENTED_EDGE('',*,*,#8967,.F.);
#9106 = ORIENTED_EDGE('',*,*,#9107,.T.);
#9107 = EDGE_CURVE('',#8968,#9056,#9108,.T.);
#9108 = LINE('',#9109,#9110);
#9109 = CARTESIAN_POINT('',(20.,7.,8.));
#9110 = VECTOR('',#9111,1.);
#9111 = DIRECTION('',(0.,-1.,0.));
#9112 = ORIENTED_EDGE('',*,*,#9053,.F.);
#9113 = PLANE('',#9114);
#9114 = AXIS2_PLACEMENT_3D('',#9115,#9116,#9117);
#9115 = CARTESIAN_POINT('',(20.,7.,0.));
#9116 = DIRECTION('',(1.,0.,0.));
#9117 = DIRECTION('',(0.,-1.,0.));
#9118 = ADVANCED_FACE('',(#9119),#9130,.F.);
#9119 = FACE_BOUND('',#9120,.F.);
#9120 = EDGE_LOOP('',(#9121,#9122,#9123,#9129));
#9121 = ORIENTED_EDGE('',*,*,#8033,.F.);
#9122 = ORIENTED_EDGE('',*,*,#9039,.F.);
#9123 = ORIENTED_EDGE('',*,*,#9124,.T.);
#9124 = EDGE_CURVE('',#9032,#8787,#9125,.T.);
#9125 = LINE('',#9126,#9127);
#9126 = CARTESIAN_POINT('',(14.279416932732,4.,10.980395219397));
#9127 = VECTOR('',#9128,1.);
#9128 = DIRECTION('',(-0.509802390302,0.,0.860291533634));
#9129 = ORIENTED_EDGE('',*,*,#8786,.F.);
#9130 = PLANE('',#9131);
#9131 = AXIS2_PLACEMENT_3D('',#9132,#9133,#9134);
#9132 = CARTESIAN_POINT('',(14.279416932732,-8.,10.980395219397));
#9133 = DIRECTION('',(0.860291533634,0.,0.509802390302));
#9134 = DIRECTION('',(-0.509802390302,0.,0.860291533634));
#9135 = ADVANCED_FACE('',(#9136),#9161,.T.);
#9136 = FACE_BOUND('',#9137,.T.);
#9137 = EDGE_LOOP('',(#9138,#9146,#9147,#9155));
#9138 = ORIENTED_EDGE('',*,*,#9139,.F.);
#9139 = EDGE_CURVE('',#9079,#9140,#9142,.T.);
#9140 = VERTEX_POINT('',#9141);
#9141 = CARTESIAN_POINT('',(12.,3.5,0.));
#9142 = LINE('',#9143,#9144);
#9143 = CARTESIAN_POINT('',(12.,-2.,0.));
#9144 = VECTOR('',#9145,1.);
#9145 = DIRECTION('',(0.,1.,0.));
#9146 = ORIENTED_EDGE('',*,*,#9078,.T.);
#9147 = ORIENTED_EDGE('',*,*,#9148,.T.);
#9148 = EDGE_CURVE('',#9071,#9149,#9151,.T.);
#9149 = VERTEX_POINT('',#9150);
#9150 = CARTESIAN_POINT('',(12.,3.5,8.));
#9151 = LINE('',#9152,#9153);
#9152 = CARTESIAN_POINT('',(12.,-2.,8.));
#9153 = VECTOR('',#9154,1.);
#9154 = DIRECTION('',(0.,1.,0.));
#9155 = ORIENTED_EDGE('',*,*,#9156,.F.);
#9156 = EDGE_CURVE('',#9140,#9149,#9157,.T.);
#9157 = LINE('',#9158,#9159);
#9158 = CARTESIAN_POINT('',(12.,3.5,0.));
#9159 = VECTOR('',#9160,1.);
#9160 = DIRECTION('',(0.,0.,1.));
#9161 = PLANE('',#9162);
#9162 = AXIS2_PLACEMENT_3D('',#9163,#9164,#9165);
#9163 = CARTESIAN_POINT('',(12.,-2.,0.));
#9164 = DIRECTION('',(-1.,0.,0.));
#9165 = DIRECTION('',(0.,1.,0.));
#9166 = ADVANCED_FACE('',(#9167),#9192,.F.);
#9167 = FACE_BOUND('',#9168,.F.);
#9168 = EDGE_LOOP('',(#9169,#9177,#9185,#9191));
#9169 = ORIENTED_EDGE('',*,*,#9170,.F.);
#9170 = EDGE_CURVE('',#9171,#9140,#9173,.T.);
#9171 = VERTEX_POINT('',#9172);
#9172 = CARTESIAN_POINT('',(-12.,3.5,0.));
#9173 = LINE('',#9174,#9175);
#9174 = CARTESIAN_POINT('',(-55.,3.5,0.));
#9175 = VECTOR('',#9176,1.);
#9176 = DIRECTION('',(1.,0.,0.));
#9177 = ORIENTED_EDGE('',*,*,#9178,.F.);
#9178 = EDGE_CURVE('',#9179,#9171,#9181,.T.);
#9179 = VERTEX_POINT('',#9180);
#9180 = CARTESIAN_POINT('',(-12.,3.5,8.));
#9181 = LINE('',#9182,#9183);
#9182 = CARTESIAN_POINT('',(-12.,3.5,0.));
#9183 = VECTOR('',#9184,1.);
#9184 = DIRECTION('',(0.,0.,-1.));
#9185 = ORIENTED_EDGE('',*,*,#9186,.T.);
#9186 = EDGE_CURVE('',#9179,#9149,#9187,.T.);
#9187 = LINE('',#9188,#9189);
#9188 = CARTESIAN_POINT('',(-55.,3.5,8.));
#9189 = VECTOR('',#9190,1.);
#9190 = DIRECTION('',(1.,0.,0.));
#9191 = ORIENTED_EDGE('',*,*,#9156,.F.);
#9192 = PLANE('',#9193);
#9193 = AXIS2_PLACEMENT_3D('',#9194,#9195,#9196);
#9194 = CARTESIAN_POINT('',(-55.,3.5,0.));
#9195 = DIRECTION('',(0.,1.,0.));
#9196 = DIRECTION('',(1.,0.,0.));
#9197 = ADVANCED_FACE('',(#9198),#9214,.T.);
#9198 = FACE_BOUND('',#9199,.T.);
#9199 = EDGE_LOOP('',(#9200,#9206,#9207,#9213));
#9200 = ORIENTED_EDGE('',*,*,#9201,.F.);
#9201 = EDGE_CURVE('',#9171,#8536,#9202,.T.);
#9202 = LINE('',#9203,#9204);
#9203 = CARTESIAN_POINT('',(-12.,7.,0.));
#9204 = VECTOR('',#9205,1.);
#9205 = DIRECTION('',(0.,-1.,0.));
#9206 = ORIENTED_EDGE('',*,*,#9178,.F.);
#9207 = ORIENTED_EDGE('',*,*,#9208,.T.);
#9208 = EDGE_CURVE('',#9179,#8538,#9209,.T.);
#9209 = LINE('',#9210,#9211);
#9210 = CARTESIAN_POINT('',(-12.,7.,8.));
#9211 = VECTOR('',#9212,1.);
#9212 = DIRECTION('',(0.,-1.,0.));
#9213 = ORIENTED_EDGE('',*,*,#8535,.F.);
#9214 = PLANE('',#9215);
#9215 = AXIS2_PLACEMENT_3D('',#9216,#9217,#9218);
#9216 = CARTESIAN_POINT('',(-12.,7.,0.));
#9217 = DIRECTION('',(1.,0.,0.));
#9218 = DIRECTION('',(0.,-1.,0.));
#9219 = ADVANCED_FACE('',(#9220),#9265,.T.);
#9220 = FACE_BOUND('',#9221,.T.);
#9221 = EDGE_LOOP('',(#9222,#9232,#9241,#9250,#9257,#9258));
#9222 = ORIENTED_EDGE('',*,*,#9223,.T.);
#9223 = EDGE_CURVE('',#9224,#9226,#9228,.T.);
#9224 = VERTEX_POINT('',#9225);
#9225 = CARTESIAN_POINT('',(45.55,16.,0.));
#9226 = VERTEX_POINT('',#9227);
#9227 = CARTESIAN_POINT('',(45.2,16.,11.));
#9228 = LINE('',#9229,#9230);
#9229 = CARTESIAN_POINT('',(45.55,16.,0.));
#9230 = VECTOR('',#9231,1.);
#9231 = DIRECTION('',(-3.180208772631E-02,7.789264988046E-18,
    0.999494185684));
#9232 = ORIENTED_EDGE('',*,*,#9233,.F.);
#9233 = EDGE_CURVE('',#9234,#9226,#9236,.T.);
#9234 = VERTEX_POINT('',#9235);
#9235 = CARTESIAN_POINT('',(37.8225,20.722128095467,11.));
#9236 = CIRCLE('',#9237,5.2);
#9237 = AXIS2_PLACEMENT_3D('',#9238,#9239,#9240);
#9238 = CARTESIAN_POINT('',(40.,16.,11.));
#9239 = DIRECTION('',(0.,0.,1.));
#9240 = DIRECTION('',(1.,0.,0.));
#9241 = ORIENTED_EDGE('',*,*,#9242,.T.);
#9242 = EDGE_CURVE('',#9234,#9243,#9245,.T.);
#9243 = VERTEX_POINT('',#9244);
#9244 = CARTESIAN_POINT('',(37.8225,21.104996939274,0.));
#9245 = HYPERBOLA('',#9246,68.435714285714,2.1775);
#9246 = AXIS2_PLACEMENT_3D('',#9247,#9248,#9249);
#9247 = CARTESIAN_POINT('',(37.8225,16.,174.42857142857));
#9248 = DIRECTION('',(1.,-0.,0.));
#9249 = DIRECTION('',(0.,0.,-1.));
#9250 = ORIENTED_EDGE('',*,*,#9251,.T.);
#9251 = EDGE_CURVE('',#9243,#8844,#9252,.T.);
#9252 = CIRCLE('',#9253,5.55);
#9253 = AXIS2_PLACEMENT_3D('',#9254,#9255,#9256);
#9254 = CARTESIAN_POINT('',(40.,16.,0.));
#9255 = DIRECTION('',(0.,0.,1.));
#9256 = DIRECTION('',(1.,0.,0.));
#9257 = ORIENTED_EDGE('',*,*,#8851,.T.);
#9258 = ORIENTED_EDGE('',*,*,#9259,.T.);
#9259 = EDGE_CURVE('',#8812,#9224,#9260,.T.);
#9260 = CIRCLE('',#9261,5.55);
#9261 = AXIS2_PLACEMENT_3D('',#9262,#9263,#9264);
#9262 = CARTESIAN_POINT('',(40.,16.,0.));
#9263 = DIRECTION('',(0.,0.,1.));
#9264 = DIRECTION('',(1.,0.,0.));
#9265 = CONICAL_SURFACE('',#9266,5.55,3.180745079516E-02);
#9266 = AXIS2_PLACEMENT_3D('',#9267,#9268,#9269);
#9267 = CARTESIAN_POINT('',(40.,16.,0.));
#9268 = DIRECTION('',(-0.,-0.,-1.));
#9269 = DIRECTION('',(1.,0.,0.));
#9270 = ADVANCED_FACE('',(#9271),#9296,.T.);
#9271 = FACE_BOUND('',#9272,.T.);
#9272 = EDGE_LOOP('',(#9273,#9281,#9289,#9295));
#9273 = ORIENTED_EDGE('',*,*,#9274,.F.);
#9274 = EDGE_CURVE('',#9275,#8836,#9277,.T.);
#9275 = VERTEX_POINT('',#9276);
#9276 = CARTESIAN_POINT('',(22.,14.75,0.));
#9277 = LINE('',#9278,#9279);
#9278 = CARTESIAN_POINT('',(22.,14.75,0.));
#9279 = VECTOR('',#9280,1.);
#9280 = DIRECTION('',(0.,-1.,0.));
#9281 = ORIENTED_EDGE('',*,*,#9282,.T.);
#9282 = EDGE_CURVE('',#9275,#9283,#9285,.T.);
#9283 = VERTEX_POINT('',#9284);
#9284 = CARTESIAN_POINT('',(22.,14.75,8.));
#9285 = LINE('',#9286,#9287);
#9286 = CARTESIAN_POINT('',(22.,14.75,0.));
#9287 = VECTOR('',#9288,1.);
#9288 = DIRECTION('',(0.,0.,1.));
#9289 = ORIENTED_EDGE('',*,*,#9290,.T.);
#9290 = EDGE_CURVE('',#9283,#8828,#9291,.T.);
#9291 = LINE('',#9292,#9293);
#9292 = CARTESIAN_POINT('',(22.,14.75,8.));
#9293 = VECTOR('',#9294,1.);
#9294 = DIRECTION('',(0.,-1.,0.));
#9295 = ORIENTED_EDGE('',*,*,#8835,.F.);
#9296 = PLANE('',#9297);
#9297 = AXIS2_PLACEMENT_3D('',#9298,#9299,#9300);
#9298 = CARTESIAN_POINT('',(22.,14.75,0.));
#9299 = DIRECTION('',(1.,0.,0.));
#9300 = DIRECTION('',(0.,-1.,0.));
#9301 = ADVANCED_FACE('',(#9302),#9347,.T.);
#9302 = FACE_BOUND('',#9303,.T.);
#9303 = EDGE_LOOP('',(#9304,#9314,#9323,#9332,#9339,#9340));
#9304 = ORIENTED_EDGE('',*,*,#9305,.T.);
#9305 = EDGE_CURVE('',#9306,#9308,#9310,.T.);
#9306 = VERTEX_POINT('',#9307);
#9307 = CARTESIAN_POINT('',(-34.45,16.,0.));
#9308 = VERTEX_POINT('',#9309);
#9309 = CARTESIAN_POINT('',(-34.8,16.,11.));
#9310 = LINE('',#9311,#9312);
#9311 = CARTESIAN_POINT('',(-34.45,16.,0.));
#9312 = VECTOR('',#9313,1.);
#9313 = DIRECTION('',(-3.180208772631E-02,7.789264988046E-18,
    0.999494185684));
#9314 = ORIENTED_EDGE('',*,*,#9315,.F.);
#9315 = EDGE_CURVE('',#9316,#9308,#9318,.T.);
#9316 = VERTEX_POINT('',#9317);
#9317 = CARTESIAN_POINT('',(-42.1775,20.722128095467,11.));
#9318 = CIRCLE('',#9319,5.2);
#9319 = AXIS2_PLACEMENT_3D('',#9320,#9321,#9322);
#9320 = CARTESIAN_POINT('',(-40.,16.,11.));
#9321 = DIRECTION('',(0.,0.,1.));
#9322 = DIRECTION('',(1.,0.,0.));
#9323 = ORIENTED_EDGE('',*,*,#9324,.T.);
#9324 = EDGE_CURVE('',#9316,#9325,#9327,.T.);
#9325 = VERTEX_POINT('',#9326);
#9326 = CARTESIAN_POINT('',(-42.1775,21.104996939274,0.));
#9327 = HYPERBOLA('',#9328,68.435714285714,2.1775);
#9328 = AXIS2_PLACEMENT_3D('',#9329,#9330,#9331);
#9329 = CARTESIAN_POINT('',(-42.1775,16.,174.42857142857));
#9330 = DIRECTION('',(1.,-0.,0.));
#9331 = DIRECTION('',(0.,0.,-1.));
#9332 = ORIENTED_EDGE('',*,*,#9333,.T.);
#9333 = EDGE_CURVE('',#9325,#8763,#9334,.T.);
#9334 = CIRCLE('',#9335,5.55);
#9335 = AXIS2_PLACEMENT_3D('',#9336,#9337,#9338);
#9336 = CARTESIAN_POINT('',(-40.,16.,0.));
#9337 = DIRECTION('',(0.,0.,1.));
#9338 = DIRECTION('',(1.,0.,0.));
#9339 = ORIENTED_EDGE('',*,*,#8770,.T.);
#9340 = ORIENTED_EDGE('',*,*,#9341,.T.);
#9341 = EDGE_CURVE('',#8740,#9306,#9342,.T.);
#9342 = CIRCLE('',#9343,5.55);
#9343 = AXIS2_PLACEMENT_3D('',#9344,#9345,#9346);
#9344 = CARTESIAN_POINT('',(-40.,16.,0.));
#9345 = DIRECTION('',(0.,0.,1.));
#9346 = DIRECTION('',(1.,0.,0.));
#9347 = CONICAL_SURFACE('',#9348,5.55,3.180745079516E-02);
#9348 = AXIS2_PLACEMENT_3D('',#9349,#9350,#9351);
#9349 = CARTESIAN_POINT('',(-40.,16.,0.));
#9350 = DIRECTION('',(-0.,-0.,-1.));
#9351 = DIRECTION('',(1.,0.,0.));
#9352 = ADVANCED_FACE('',(#9353),#9369,.T.);
#9353 = FACE_BOUND('',#9354,.T.);
#9354 = EDGE_LOOP('',(#9355,#9361,#9362,#9368));
#9355 = ORIENTED_EDGE('',*,*,#9356,.F.);
#9356 = EDGE_CURVE('',#8738,#8442,#9357,.T.);
#9357 = LINE('',#9358,#9359);
#9358 = CARTESIAN_POINT('',(-22.,10.3,0.));
#9359 = VECTOR('',#9360,1.);
#9360 = DIRECTION('',(0.,1.,0.));
#9361 = ORIENTED_EDGE('',*,*,#8747,.F.);
#9362 = ORIENTED_EDGE('',*,*,#9363,.T.);
#9363 = EDGE_CURVE('',#8748,#8450,#9364,.T.);
#9364 = LINE('',#9365,#9366);
#9365 = CARTESIAN_POINT('',(-22.,10.3,8.));
#9366 = VECTOR('',#9367,1.);
#9367 = DIRECTION('',(0.,1.,0.));
#9368 = ORIENTED_EDGE('',*,*,#8449,.F.);
#9369 = PLANE('',#9370);
#9370 = AXIS2_PLACEMENT_3D('',#9371,#9372,#9373);
#9371 = CARTESIAN_POINT('',(-22.,10.3,0.));
#9372 = DIRECTION('',(-1.,0.,0.));
#9373 = DIRECTION('',(0.,1.,0.));
#9374 = ADVANCED_FACE('',(#9375),#9403,.T.);
#9375 = FACE_BOUND('',#9376,.T.);
#9376 = EDGE_LOOP('',(#9377,#9386,#9387,#9396));
#9377 = ORIENTED_EDGE('',*,*,#9378,.F.);
#9378 = EDGE_CURVE('',#8230,#9379,#9381,.T.);
#9379 = VERTEX_POINT('',#9380);
#9380 = CARTESIAN_POINT('',(2.1775,20.722128095467,11.));
#9381 = CIRCLE('',#9382,5.2);
#9382 = AXIS2_PLACEMENT_3D('',#9383,#9384,#9385);
#9383 = CARTESIAN_POINT('',(0.,16.,11.));
#9384 = DIRECTION('',(0.,0.,1.));
#9385 = DIRECTION('',(1.,0.,0.));
#9386 = ORIENTED_EDGE('',*,*,#8227,.F.);
#9387 = ORIENTED_EDGE('',*,*,#9388,.T.);
#9388 = EDGE_CURVE('',#8228,#9389,#9391,.T.);
#9389 = VERTEX_POINT('',#9390);
#9390 = CARTESIAN_POINT('',(2.1775,21.104996939274,0.));
#9391 = CIRCLE('',#9392,5.55);
#9392 = AXIS2_PLACEMENT_3D('',#9393,#9394,#9395);
#9393 = CARTESIAN_POINT('',(0.,16.,0.));
#9394 = DIRECTION('',(0.,0.,1.));
#9395 = DIRECTION('',(1.,0.,0.));
#9396 = ORIENTED_EDGE('',*,*,#9397,.F.);
#9397 = EDGE_CURVE('',#9379,#9389,#9398,.T.);
#9398 = HYPERBOLA('',#9399,68.435714285714,2.1775);
#9399 = AXIS2_PLACEMENT_3D('',#9400,#9401,#9402);
#9400 = CARTESIAN_POINT('',(2.1775,16.,174.42857142857));
#9401 = DIRECTION('',(1.,-0.,0.));
#9402 = DIRECTION('',(0.,0.,-1.));
#9403 = CONICAL_SURFACE('',#9404,5.55,3.180745079516E-02);
#9404 = AXIS2_PLACEMENT_3D('',#9405,#9406,#9407);
#9405 = CARTESIAN_POINT('',(0.,16.,0.));
#9406 = DIRECTION('',(-0.,-0.,-1.));
#9407 = DIRECTION('',(1.,0.,0.));
#9408 = ADVANCED_FACE('',(#9409),#9434,.T.);
#9409 = FACE_BOUND('',#9410,.T.);
#9410 = EDGE_LOOP('',(#9411,#9421,#9427,#9428));
#9411 = ORIENTED_EDGE('',*,*,#9412,.F.);
#9412 = EDGE_CURVE('',#9413,#9415,#9417,.T.);
#9413 = VERTEX_POINT('',#9414);
#9414 = CARTESIAN_POINT('',(-2.1775,18.27617963922,0.));
#9415 = VERTEX_POINT('',#9416);
#9416 = CARTESIAN_POINT('',(-2.1775,18.27617963922,11.));
#9417 = LINE('',#9418,#9419);
#9418 = CARTESIAN_POINT('',(-2.1775,18.27617963922,-1.));
#9419 = VECTOR('',#9420,1.);
#9420 = DIRECTION('',(0.,0.,1.));
#9421 = ORIENTED_EDGE('',*,*,#9422,.T.);
#9422 = EDGE_CURVE('',#9413,#8247,#9423,.T.);
#9423 = LINE('',#9424,#9425);
#9424 = CARTESIAN_POINT('',(-2.1775,16.,0.));
#9425 = VECTOR('',#9426,1.);
#9426 = DIRECTION('',(0.,1.,0.));
#9427 = ORIENTED_EDGE('',*,*,#8246,.F.);
#9428 = ORIENTED_EDGE('',*,*,#9429,.F.);
#9429 = EDGE_CURVE('',#9415,#8238,#9430,.T.);
#9430 = LINE('',#9431,#9432);
#9431 = CARTESIAN_POINT('',(-2.1775,16.,11.));
#9432 = VECTOR('',#9433,1.);
#9433 = DIRECTION('',(0.,1.,0.));
#9434 = PLANE('',#9435);
#9435 = AXIS2_PLACEMENT_3D('',#9436,#9437,#9438);
#9436 = CARTESIAN_POINT('',(-2.1775,16.,-1.));
#9437 = DIRECTION('',(1.,0.,0.));
#9438 = DIRECTION('',(0.,0.,1.));
#9439 = ADVANCED_FACE('',(#9440),#9469,.T.);
#9440 = FACE_BOUND('',#9441,.T.);
#9441 = EDGE_LOOP('',(#9442,#9443,#9444,#9452,#9461,#9468));
#9442 = ORIENTED_EDGE('',*,*,#8237,.T.);
#9443 = ORIENTED_EDGE('',*,*,#9378,.T.);
#9444 = ORIENTED_EDGE('',*,*,#9445,.F.);
#9445 = EDGE_CURVE('',#9446,#9379,#9448,.T.);
#9446 = VERTEX_POINT('',#9447);
#9447 = CARTESIAN_POINT('',(2.1775,18.27617963922,11.));
#9448 = LINE('',#9449,#9450);
#9449 = CARTESIAN_POINT('',(2.1775,16.,11.));
#9450 = VECTOR('',#9451,1.);
#9451 = DIRECTION('',(0.,1.,0.));
#9452 = ORIENTED_EDGE('',*,*,#9453,.F.);
#9453 = EDGE_CURVE('',#9454,#9446,#9456,.T.);
#9454 = VERTEX_POINT('',#9455);
#9455 = CARTESIAN_POINT('',(3.15,16.,11.));
#9456 = CIRCLE('',#9457,3.15);
#9457 = AXIS2_PLACEMENT_3D('',#9458,#9459,#9460);
#9458 = CARTESIAN_POINT('',(0.,16.,11.));
#9459 = DIRECTION('',(0.,0.,1.));
#9460 = DIRECTION('',(1.,0.,0.));
#9461 = ORIENTED_EDGE('',*,*,#9462,.F.);
#9462 = EDGE_CURVE('',#9415,#9454,#9463,.T.);
#9463 = CIRCLE('',#9464,3.15);
#9464 = AXIS2_PLACEMENT_3D('',#9465,#9466,#9467);
#9465 = CARTESIAN_POINT('',(0.,16.,11.));
#9466 = DIRECTION('',(0.,0.,1.));
#9467 = DIRECTION('',(1.,0.,0.));
#9468 = ORIENTED_EDGE('',*,*,#9429,.T.);
#9469 = PLANE('',#9470);
#9470 = AXIS2_PLACEMENT_3D('',#9471,#9472,#9473);
#9471 = CARTESIAN_POINT('',(0.,16.,11.));
#9472 = DIRECTION('',(0.,0.,1.));
#9473 = DIRECTION('',(1.,0.,0.));
#9474 = ADVANCED_FACE('',(#9475),#9501,.T.);
#9475 = FACE_BOUND('',#9476,.T.);
#9476 = EDGE_LOOP('',(#9477,#9485,#9486,#9494));
#9477 = ORIENTED_EDGE('',*,*,#9478,.F.);
#9478 = EDGE_CURVE('',#8310,#9479,#9481,.T.);
#9479 = VERTEX_POINT('',#9480);
#9480 = CARTESIAN_POINT('',(18.2,14.75,0.));
#9481 = LINE('',#9482,#9483);
#9482 = CARTESIAN_POINT('',(18.,14.75,0.));
#9483 = VECTOR('',#9484,1.);
#9484 = DIRECTION('',(1.,0.,0.));
#9485 = ORIENTED_EDGE('',*,*,#8326,.T.);
#9486 = ORIENTED_EDGE('',*,*,#9487,.T.);
#9487 = EDGE_CURVE('',#8319,#9488,#9490,.T.);
#9488 = VERTEX_POINT('',#9489);
#9489 = CARTESIAN_POINT('',(19.307656990376,14.75,8.));
#9490 = LINE('',#9491,#9492);
#9491 = CARTESIAN_POINT('',(18.,14.75,8.));
#9492 = VECTOR('',#9493,1.);
#9493 = DIRECTION('',(1.,0.,0.));
#9494 = ORIENTED_EDGE('',*,*,#9495,.T.);
#9495 = EDGE_CURVE('',#9488,#9479,#9496,.T.);
#9496 = HYPERBOLA('',#9497,165.,5.25);
#9497 = AXIS2_PLACEMENT_3D('',#9498,#9499,#9500);
#9498 = CARTESIAN_POINT('',(20.,14.75,174.42857142857));
#9499 = DIRECTION('',(0.,1.,0.));
#9500 = DIRECTION('',(0.,0.,-1.));
#9501 = PLANE('',#9502);
#9502 = AXIS2_PLACEMENT_3D('',#9503,#9504,#9505);
#9503 = CARTESIAN_POINT('',(18.,14.75,0.));
#9504 = DIRECTION('',(0.,1.,0.));
#9505 = DIRECTION('',(1.,0.,0.));
#9506 = ADVANCED_FACE('',(#9507),#9533,.T.);
#9507 = FACE_BOUND('',#9508,.T.);
#9508 = EDGE_LOOP('',(#9509,#9517,#9526,#9532));
#9509 = ORIENTED_EDGE('',*,*,#9510,.F.);
#9510 = EDGE_CURVE('',#9511,#9275,#9513,.T.);
#9511 = VERTEX_POINT('',#9512);
#9512 = CARTESIAN_POINT('',(21.8,14.75,0.));
#9513 = LINE('',#9514,#9515);
#9514 = CARTESIAN_POINT('',(18.,14.75,0.));
#9515 = VECTOR('',#9516,1.);
#9516 = DIRECTION('',(1.,0.,0.));
#9517 = ORIENTED_EDGE('',*,*,#9518,.T.);
#9518 = EDGE_CURVE('',#9511,#9519,#9521,.T.);
#9519 = VERTEX_POINT('',#9520);
#9520 = CARTESIAN_POINT('',(20.692343009624,14.75,8.));
#9521 = HYPERBOLA('',#9522,165.,5.25);
#9522 = AXIS2_PLACEMENT_3D('',#9523,#9524,#9525);
#9523 = CARTESIAN_POINT('',(20.,14.75,174.42857142857));
#9524 = DIRECTION('',(0.,1.,0.));
#9525 = DIRECTION('',(0.,0.,-1.));
#9526 = ORIENTED_EDGE('',*,*,#9527,.T.);
#9527 = EDGE_CURVE('',#9519,#9283,#9528,.T.);
#9528 = LINE('',#9529,#9530);
#9529 = CARTESIAN_POINT('',(18.,14.75,8.));
#9530 = VECTOR('',#9531,1.);
#9531 = DIRECTION('',(1.,0.,0.));
#9532 = ORIENTED_EDGE('',*,*,#9282,.F.);
#9533 = PLANE('',#9534);
#9534 = AXIS2_PLACEMENT_3D('',#9535,#9536,#9537);
#9535 = CARTESIAN_POINT('',(18.,14.75,0.));
#9536 = DIRECTION('',(0.,1.,0.));
#9537 = DIRECTION('',(1.,0.,0.));
#9538 = ADVANCED_FACE('',(#9539),#9592,.T.);
#9539 = FACE_BOUND('',#9540,.T.);
#9540 = EDGE_LOOP('',(#9541,#9551,#9560,#9569,#9576,#9577,#9584,#9585));
#9541 = ORIENTED_EDGE('',*,*,#9542,.T.);
#9542 = EDGE_CURVE('',#9543,#9545,#9547,.T.);
#9543 = VERTEX_POINT('',#9544);
#9544 = CARTESIAN_POINT('',(25.55,20.,0.));
#9545 = VERTEX_POINT('',#9546);
#9546 = CARTESIAN_POINT('',(25.2,20.,11.));
#9547 = LINE('',#9548,#9549);
#9548 = CARTESIAN_POINT('',(25.55,20.,0.));
#9549 = VECTOR('',#9550,1.);
#9550 = DIRECTION('',(-3.180208772631E-02,7.789264988046E-18,
    0.999494185684));
#9551 = ORIENTED_EDGE('',*,*,#9552,.F.);
#9552 = EDGE_CURVE('',#9553,#9545,#9555,.T.);
#9553 = VERTEX_POINT('',#9554);
#9554 = CARTESIAN_POINT('',(17.8225,24.722128095467,11.));
#9555 = CIRCLE('',#9556,5.2);
#9556 = AXIS2_PLACEMENT_3D('',#9557,#9558,#9559);
#9557 = CARTESIAN_POINT('',(20.,20.,11.));
#9558 = DIRECTION('',(0.,0.,1.));
#9559 = DIRECTION('',(1.,0.,0.));
#9560 = ORIENTED_EDGE('',*,*,#9561,.T.);
#9561 = EDGE_CURVE('',#9553,#9562,#9564,.T.);
#9562 = VERTEX_POINT('',#9563);
#9563 = CARTESIAN_POINT('',(17.8225,25.104996939274,0.));
#9564 = HYPERBOLA('',#9565,68.435714285714,2.1775);
#9565 = AXIS2_PLACEMENT_3D('',#9566,#9567,#9568);
#9566 = CARTESIAN_POINT('',(17.8225,20.,174.42857142857));
#9567 = DIRECTION('',(1.,-0.,0.));
#9568 = DIRECTION('',(0.,0.,-1.));
#9569 = ORIENTED_EDGE('',*,*,#9570,.T.);
#9570 = EDGE_CURVE('',#9562,#9479,#9571,.T.);
#9571 = CIRCLE('',#9572,5.55);
#9572 = AXIS2_PLACEMENT_3D('',#9573,#9574,#9575);
#9573 = CARTESIAN_POINT('',(20.,20.,0.));
#9574 = DIRECTION('',(0.,0.,1.));
#9575 = DIRECTION('',(1.,0.,0.));
#9576 = ORIENTED_EDGE('',*,*,#9495,.F.);
#9577 = ORIENTED_EDGE('',*,*,#9578,.T.);
#9578 = EDGE_CURVE('',#9488,#9519,#9579,.T.);
#9579 = CIRCLE('',#9580,5.295454545455);
#9580 = AXIS2_PLACEMENT_3D('',#9581,#9582,#9583);
#9581 = CARTESIAN_POINT('',(20.,20.,8.));
#9582 = DIRECTION('',(0.,0.,1.));
#9583 = DIRECTION('',(1.,0.,0.));
#9584 = ORIENTED_EDGE('',*,*,#9518,.F.);
#9585 = ORIENTED_EDGE('',*,*,#9586,.T.);
#9586 = EDGE_CURVE('',#9511,#9543,#9587,.T.);
#9587 = CIRCLE('',#9588,5.55);
#9588 = AXIS2_PLACEMENT_3D('',#9589,#9590,#9591);
#9589 = CARTESIAN_POINT('',(20.,20.,0.));
#9590 = DIRECTION('',(0.,0.,1.));
#9591 = DIRECTION('',(1.,0.,0.));
#9592 = CONICAL_SURFACE('',#9593,5.55,3.180745079516E-02);
#9593 = AXIS2_PLACEMENT_3D('',#9594,#9595,#9596);
#9594 = CARTESIAN_POINT('',(20.,20.,0.));
#9595 = DIRECTION('',(-0.,-0.,-1.));
#9596 = DIRECTION('',(1.,0.,0.));
#9597 = ADVANCED_FACE('',(#9598),#9626,.T.);
#9598 = FACE_BOUND('',#9599,.T.);
#9599 = EDGE_LOOP('',(#9600,#9609,#9610,#9619));
#9600 = ORIENTED_EDGE('',*,*,#9601,.F.);
#9601 = EDGE_CURVE('',#9226,#9602,#9604,.T.);
#9602 = VERTEX_POINT('',#9603);
#9603 = CARTESIAN_POINT('',(42.1775,20.722128095467,11.));
#9604 = CIRCLE('',#9605,5.2);
#9605 = AXIS2_PLACEMENT_3D('',#9606,#9607,#9608);
#9606 = CARTESIAN_POINT('',(40.,16.,11.));
#9607 = DIRECTION('',(0.,0.,1.));
#9608 = DIRECTION('',(1.,0.,0.));
#9609 = ORIENTED_EDGE('',*,*,#9223,.F.);
#9610 = ORIENTED_EDGE('',*,*,#9611,.T.);
#9611 = EDGE_CURVE('',#9224,#9612,#9614,.T.);
#9612 = VERTEX_POINT('',#9613);
#9613 = CARTESIAN_POINT('',(42.1775,21.104996939274,0.));
#9614 = CIRCLE('',#9615,5.55);
#9615 = AXIS2_PLACEMENT_3D('',#9616,#9617,#9618);
#9616 = CARTESIAN_POINT('',(40.,16.,0.));
#9617 = DIRECTION('',(0.,0.,1.));
#9618 = DIRECTION('',(1.,0.,0.));
#9619 = ORIENTED_EDGE('',*,*,#9620,.F.);
#9620 = EDGE_CURVE('',#9602,#9612,#9621,.T.);
#9621 = HYPERBOLA('',#9622,68.435714285714,2.1775);
#9622 = AXIS2_PLACEMENT_3D('',#9623,#9624,#9625);
#9623 = CARTESIAN_POINT('',(42.1775,16.,174.42857142857));
#9624 = DIRECTION('',(1.,-0.,0.));
#9625 = DIRECTION('',(0.,0.,-1.));
#9626 = CONICAL_SURFACE('',#9627,5.55,3.180745079516E-02);
#9627 = AXIS2_PLACEMENT_3D('',#9628,#9629,#9630);
#9628 = CARTESIAN_POINT('',(40.,16.,0.));
#9629 = DIRECTION('',(-0.,-0.,-1.));
#9630 = DIRECTION('',(1.,0.,0.));
#9631 = ADVANCED_FACE('',(#9632),#9657,.T.);
#9632 = FACE_BOUND('',#9633,.T.);
#9633 = EDGE_LOOP('',(#9634,#9644,#9650,#9651));
#9634 = ORIENTED_EDGE('',*,*,#9635,.F.);
#9635 = EDGE_CURVE('',#9636,#9638,#9640,.T.);
#9636 = VERTEX_POINT('',#9637);
#9637 = CARTESIAN_POINT('',(37.8225,18.27617963922,0.));
#9638 = VERTEX_POINT('',#9639);
#9639 = CARTESIAN_POINT('',(37.8225,18.27617963922,11.));
#9640 = LINE('',#9641,#9642);
#9641 = CARTESIAN_POINT('',(37.8225,18.27617963922,-1.));
#9642 = VECTOR('',#9643,1.);
#9643 = DIRECTION('',(0.,0.,1.));
#9644 = ORIENTED_EDGE('',*,*,#9645,.T.);
#9645 = EDGE_CURVE('',#9636,#9243,#9646,.T.);
#9646 = LINE('',#9647,#9648);
#9647 = CARTESIAN_POINT('',(37.8225,16.,0.));
#9648 = VECTOR('',#9649,1.);
#9649 = DIRECTION('',(0.,1.,0.));
#9650 = ORIENTED_EDGE('',*,*,#9242,.F.);
#9651 = ORIENTED_EDGE('',*,*,#9652,.F.);
#9652 = EDGE_CURVE('',#9638,#9234,#9653,.T.);
#9653 = LINE('',#9654,#9655);
#9654 = CARTESIAN_POINT('',(37.8225,16.,11.));
#9655 = VECTOR('',#9656,1.);
#9656 = DIRECTION('',(0.,1.,0.));
#9657 = PLANE('',#9658);
#9658 = AXIS2_PLACEMENT_3D('',#9659,#9660,#9661);
#9659 = CARTESIAN_POINT('',(37.8225,16.,-1.));
#9660 = DIRECTION('',(1.,0.,0.));
#9661 = DIRECTION('',(0.,0.,1.));
#9662 = ADVANCED_FACE('',(#9663),#9692,.T.);
#9663 = FACE_BOUND('',#9664,.T.);
#9664 = EDGE_LOOP('',(#9665,#9666,#9667,#9675,#9684,#9691));
#9665 = ORIENTED_EDGE('',*,*,#9233,.T.);
#9666 = ORIENTED_EDGE('',*,*,#9601,.T.);
#9667 = ORIENTED_EDGE('',*,*,#9668,.F.);
#9668 = EDGE_CURVE('',#9669,#9602,#9671,.T.);
#9669 = VERTEX_POINT('',#9670);
#9670 = CARTESIAN_POINT('',(42.1775,18.27617963922,11.));
#9671 = LINE('',#9672,#9673);
#9672 = CARTESIAN_POINT('',(42.1775,16.,11.));
#9673 = VECTOR('',#9674,1.);
#9674 = DIRECTION('',(0.,1.,0.));
#9675 = ORIENTED_EDGE('',*,*,#9676,.F.);
#9676 = EDGE_CURVE('',#9677,#9669,#9679,.T.);
#9677 = VERTEX_POINT('',#9678);
#9678 = CARTESIAN_POINT('',(43.15,16.,11.));
#9679 = CIRCLE('',#9680,3.15);
#9680 = AXIS2_PLACEMENT_3D('',#9681,#9682,#9683);
#9681 = CARTESIAN_POINT('',(40.,16.,11.));
#9682 = DIRECTION('',(0.,0.,1.));
#9683 = DIRECTION('',(1.,0.,0.));
#9684 = ORIENTED_EDGE('',*,*,#9685,.F.);
#9685 = EDGE_CURVE('',#9638,#9677,#9686,.T.);
#9686 = CIRCLE('',#9687,3.15);
#9687 = AXIS2_PLACEMENT_3D('',#9688,#9689,#9690);
#9688 = CARTESIAN_POINT('',(40.,16.,11.));
#9689 = DIRECTION('',(0.,0.,1.));
#9690 = DIRECTION('',(1.,0.,0.));
#9691 = ORIENTED_EDGE('',*,*,#9652,.T.);
#9692 = PLANE('',#9693);
#9693 = AXIS2_PLACEMENT_3D('',#9694,#9695,#9696);
#9694 = CARTESIAN_POINT('',(40.,16.,11.));
#9695 = DIRECTION('',(0.,0.,1.));
#9696 = DIRECTION('',(1.,0.,0.));
#9697 = ADVANCED_FACE('',(#9698),#9726,.T.);
#9698 = FACE_BOUND('',#9699,.T.);
#9699 = EDGE_LOOP('',(#9700,#9709,#9710,#9719));
#9700 = ORIENTED_EDGE('',*,*,#9701,.F.);
#9701 = EDGE_CURVE('',#9308,#9702,#9704,.T.);
#9702 = VERTEX_POINT('',#9703);
#9703 = CARTESIAN_POINT('',(-37.8225,20.722128095467,11.));
#9704 = CIRCLE('',#9705,5.2);
#9705 = AXIS2_PLACEMENT_3D('',#9706,#9707,#9708);
#9706 = CARTESIAN_POINT('',(-40.,16.,11.));
#9707 = DIRECTION('',(0.,0.,1.));
#9708 = DIRECTION('',(1.,0.,0.));
#9709 = ORIENTED_EDGE('',*,*,#9305,.F.);
#9710 = ORIENTED_EDGE('',*,*,#9711,.T.);
#9711 = EDGE_CURVE('',#9306,#9712,#9714,.T.);
#9712 = VERTEX_POINT('',#9713);
#9713 = CARTESIAN_POINT('',(-37.8225,21.104996939274,0.));
#9714 = CIRCLE('',#9715,5.55);
#9715 = AXIS2_PLACEMENT_3D('',#9716,#9717,#9718);
#9716 = CARTESIAN_POINT('',(-40.,16.,0.));
#9717 = DIRECTION('',(0.,0.,1.));
#9718 = DIRECTION('',(1.,0.,0.));
#9719 = ORIENTED_EDGE('',*,*,#9720,.F.);
#9720 = EDGE_CURVE('',#9702,#9712,#9721,.T.);
#9721 = HYPERBOLA('',#9722,68.435714285714,2.1775);
#9722 = AXIS2_PLACEMENT_3D('',#9723,#9724,#9725);
#9723 = CARTESIAN_POINT('',(-37.8225,16.,174.42857142857));
#9724 = DIRECTION('',(1.,-0.,0.));
#9725 = DIRECTION('',(0.,0.,-1.));
#9726 = CONICAL_SURFACE('',#9727,5.55,3.180745079516E-02);
#9727 = AXIS2_PLACEMENT_3D('',#9728,#9729,#9730);
#9728 = CARTESIAN_POINT('',(-40.,16.,0.));
#9729 = DIRECTION('',(-0.,-0.,-1.));
#9730 = DIRECTION('',(1.,0.,0.));
#9731 = ADVANCED_FACE('',(#9732),#9757,.T.);
#9732 = FACE_BOUND('',#9733,.T.);
#9733 = EDGE_LOOP('',(#9734,#9744,#9750,#9751));
#9734 = ORIENTED_EDGE('',*,*,#9735,.F.);
#9735 = EDGE_CURVE('',#9736,#9738,#9740,.T.);
#9736 = VERTEX_POINT('',#9737);
#9737 = CARTESIAN_POINT('',(-42.1775,18.27617963922,0.));
#9738 = VERTEX_POINT('',#9739);
#9739 = CARTESIAN_POINT('',(-42.1775,18.27617963922,11.));
#9740 = LINE('',#9741,#9742);
#9741 = CARTESIAN_POINT('',(-42.1775,18.27617963922,-1.));
#9742 = VECTOR('',#9743,1.);
#9743 = DIRECTION('',(0.,0.,1.));
#9744 = ORIENTED_EDGE('',*,*,#9745,.T.);
#9745 = EDGE_CURVE('',#9736,#9325,#9746,.T.);
#9746 = LINE('',#9747,#9748);
#9747 = CARTESIAN_POINT('',(-42.1775,16.,0.));
#9748 = VECTOR('',#9749,1.);
#9749 = DIRECTION('',(0.,1.,0.));
#9750 = ORIENTED_EDGE('',*,*,#9324,.F.);
#9751 = ORIENTED_EDGE('',*,*,#9752,.F.);
#9752 = EDGE_CURVE('',#9738,#9316,#9753,.T.);
#9753 = LINE('',#9754,#9755);
#9754 = CARTESIAN_POINT('',(-42.1775,16.,11.));
#9755 = VECTOR('',#9756,1.);
#9756 = DIRECTION('',(0.,1.,0.));
#9757 = PLANE('',#9758);
#9758 = AXIS2_PLACEMENT_3D('',#9759,#9760,#9761);
#9759 = CARTESIAN_POINT('',(-42.1775,16.,-1.));
#9760 = DIRECTION('',(1.,0.,0.));
#9761 = DIRECTION('',(0.,0.,1.));
#9762 = ADVANCED_FACE('',(#9763),#9792,.T.);
#9763 = FACE_BOUND('',#9764,.T.);
#9764 = EDGE_LOOP('',(#9765,#9766,#9767,#9775,#9784,#9791));
#9765 = ORIENTED_EDGE('',*,*,#9315,.T.);
#9766 = ORIENTED_EDGE('',*,*,#9701,.T.);
#9767 = ORIENTED_EDGE('',*,*,#9768,.F.);
#9768 = EDGE_CURVE('',#9769,#9702,#9771,.T.);
#9769 = VERTEX_POINT('',#9770);
#9770 = CARTESIAN_POINT('',(-37.8225,18.27617963922,11.));
#9771 = LINE('',#9772,#9773);
#9772 = CARTESIAN_POINT('',(-37.8225,16.,11.));
#9773 = VECTOR('',#9774,1.);
#9774 = DIRECTION('',(0.,1.,0.));
#9775 = ORIENTED_EDGE('',*,*,#9776,.F.);
#9776 = EDGE_CURVE('',#9777,#9769,#9779,.T.);
#9777 = VERTEX_POINT('',#9778);
#9778 = CARTESIAN_POINT('',(-36.85,16.,11.));
#9779 = CIRCLE('',#9780,3.15);
#9780 = AXIS2_PLACEMENT_3D('',#9781,#9782,#9783);
#9781 = CARTESIAN_POINT('',(-40.,16.,11.));
#9782 = DIRECTION('',(0.,0.,1.));
#9783 = DIRECTION('',(1.,0.,0.));
#9784 = ORIENTED_EDGE('',*,*,#9785,.F.);
#9785 = EDGE_CURVE('',#9738,#9777,#9786,.T.);
#9786 = CIRCLE('',#9787,3.15);
#9787 = AXIS2_PLACEMENT_3D('',#9788,#9789,#9790);
#9788 = CARTESIAN_POINT('',(-40.,16.,11.));
#9789 = DIRECTION('',(0.,0.,1.));
#9790 = DIRECTION('',(1.,0.,0.));
#9791 = ORIENTED_EDGE('',*,*,#9752,.T.);
#9792 = PLANE('',#9793);
#9793 = AXIS2_PLACEMENT_3D('',#9794,#9795,#9796);
#9794 = CARTESIAN_POINT('',(-40.,16.,11.));
#9795 = DIRECTION('',(0.,0.,1.));
#9796 = DIRECTION('',(1.,0.,0.));
#9797 = ADVANCED_FACE('',(#9798),#9826,.T.);
#9798 = FACE_BOUND('',#9799,.T.);
#9799 = EDGE_LOOP('',(#9800,#9809,#9810,#9819));
#9800 = ORIENTED_EDGE('',*,*,#9801,.F.);
#9801 = EDGE_CURVE('',#8375,#9802,#9804,.T.);
#9802 = VERTEX_POINT('',#9803);
#9803 = CARTESIAN_POINT('',(-17.8225,24.722128095467,11.));
#9804 = CIRCLE('',#9805,5.2);
#9805 = AXIS2_PLACEMENT_3D('',#9806,#9807,#9808);
#9806 = CARTESIAN_POINT('',(-20.,20.,11.));
#9807 = DIRECTION('',(0.,0.,1.));
#9808 = DIRECTION('',(1.,0.,0.));
#9809 = ORIENTED_EDGE('',*,*,#8372,.F.);
#9810 = ORIENTED_EDGE('',*,*,#9811,.T.);
#9811 = EDGE_CURVE('',#8373,#9812,#9814,.T.);
#9812 = VERTEX_POINT('',#9813);
#9813 = CARTESIAN_POINT('',(-17.8225,25.104996939274,0.));
#9814 = CIRCLE('',#9815,5.55);
#9815 = AXIS2_PLACEMENT_3D('',#9816,#9817,#9818);
#9816 = CARTESIAN_POINT('',(-20.,20.,0.));
#9817 = DIRECTION('',(0.,0.,1.));
#9818 = DIRECTION('',(1.,0.,0.));
#9819 = ORIENTED_EDGE('',*,*,#9820,.F.);
#9820 = EDGE_CURVE('',#9802,#9812,#9821,.T.);
#9821 = HYPERBOLA('',#9822,68.435714285714,2.1775);
#9822 = AXIS2_PLACEMENT_3D('',#9823,#9824,#9825);
#9823 = CARTESIAN_POINT('',(-17.8225,20.,174.42857142857));
#9824 = DIRECTION('',(1.,-0.,0.));
#9825 = DIRECTION('',(0.,0.,-1.));
#9826 = CONICAL_SURFACE('',#9827,5.55,3.180745079516E-02);
#9827 = AXIS2_PLACEMENT_3D('',#9828,#9829,#9830);
#9828 = CARTESIAN_POINT('',(-20.,20.,0.));
#9829 = DIRECTION('',(-0.,-0.,-1.));
#9830 = DIRECTION('',(1.,0.,0.));
#9831 = ADVANCED_FACE('',(#9832),#9857,.T.);
#9832 = FACE_BOUND('',#9833,.T.);
#9833 = EDGE_LOOP('',(#9834,#9844,#9850,#9851));
#9834 = ORIENTED_EDGE('',*,*,#9835,.F.);
#9835 = EDGE_CURVE('',#9836,#9838,#9840,.T.);
#9836 = VERTEX_POINT('',#9837);
#9837 = CARTESIAN_POINT('',(-22.1775,22.27617963922,0.));
#9838 = VERTEX_POINT('',#9839);
#9839 = CARTESIAN_POINT('',(-22.1775,22.27617963922,11.));
#9840 = LINE('',#9841,#9842);
#9841 = CARTESIAN_POINT('',(-22.1775,22.27617963922,-1.));
#9842 = VECTOR('',#9843,1.);
#9843 = DIRECTION('',(0.,0.,1.));
#9844 = ORIENTED_EDGE('',*,*,#9845,.T.);
#9845 = EDGE_CURVE('',#9836,#8392,#9846,.T.);
#9846 = LINE('',#9847,#9848);
#9847 = CARTESIAN_POINT('',(-22.1775,20.,0.));
#9848 = VECTOR('',#9849,1.);
#9849 = DIRECTION('',(0.,1.,0.));
#9850 = ORIENTED_EDGE('',*,*,#8391,.F.);
#9851 = ORIENTED_EDGE('',*,*,#9852,.F.);
#9852 = EDGE_CURVE('',#9838,#8383,#9853,.T.);
#9853 = LINE('',#9854,#9855);
#9854 = CARTESIAN_POINT('',(-22.1775,20.,11.));
#9855 = VECTOR('',#9856,1.);
#9856 = DIRECTION('',(0.,1.,0.));
#9857 = PLANE('',#9858);
#9858 = AXIS2_PLACEMENT_3D('',#9859,#9860,#9861);
#9859 = CARTESIAN_POINT('',(-22.1775,20.,-1.));
#9860 = DIRECTION('',(1.,0.,0.));
#9861 = DIRECTION('',(0.,0.,1.));
#9862 = ADVANCED_FACE('',(#9863),#9892,.T.);
#9863 = FACE_BOUND('',#9864,.T.);
#9864 = EDGE_LOOP('',(#9865,#9866,#9867,#9875,#9884,#9891));
#9865 = ORIENTED_EDGE('',*,*,#8382,.T.);
#9866 = ORIENTED_EDGE('',*,*,#9801,.T.);
#9867 = ORIENTED_EDGE('',*,*,#9868,.F.);
#9868 = EDGE_CURVE('',#9869,#9802,#9871,.T.);
#9869 = VERTEX_POINT('',#9870);
#9870 = CARTESIAN_POINT('',(-17.8225,22.27617963922,11.));
#9871 = LINE('',#9872,#9873);
#9872 = CARTESIAN_POINT('',(-17.8225,20.,11.));
#9873 = VECTOR('',#9874,1.);
#9874 = DIRECTION('',(0.,1.,0.));
#9875 = ORIENTED_EDGE('',*,*,#9876,.F.);
#9876 = EDGE_CURVE('',#9877,#9869,#9879,.T.);
#9877 = VERTEX_POINT('',#9878);
#9878 = CARTESIAN_POINT('',(-16.85,20.,11.));
#9879 = CIRCLE('',#9880,3.15);
#9880 = AXIS2_PLACEMENT_3D('',#9881,#9882,#9883);
#9881 = CARTESIAN_POINT('',(-20.,20.,11.));
#9882 = DIRECTION('',(0.,0.,1.));
#9883 = DIRECTION('',(1.,0.,0.));
#9884 = ORIENTED_EDGE('',*,*,#9885,.F.);
#9885 = EDGE_CURVE('',#9838,#9877,#9886,.T.);
#9886 = CIRCLE('',#9887,3.15);
#9887 = AXIS2_PLACEMENT_3D('',#9888,#9889,#9890);
#9888 = CARTESIAN_POINT('',(-20.,20.,11.));
#9889 = DIRECTION('',(0.,0.,1.));
#9890 = DIRECTION('',(1.,0.,0.));
#9891 = ORIENTED_EDGE('',*,*,#9852,.T.);
#9892 = PLANE('',#9893);
#9893 = AXIS2_PLACEMENT_3D('',#9894,#9895,#9896);
#9894 = CARTESIAN_POINT('',(-20.,20.,11.));
#9895 = DIRECTION('',(0.,0.,1.));
#9896 = DIRECTION('',(1.,0.,0.));
#9897 = ADVANCED_FACE('',(#9898),#9916,.F.);
#9898 = FACE_BOUND('',#9899,.F.);
#9899 = EDGE_LOOP('',(#9900,#9908,#9914,#9915));
#9900 = ORIENTED_EDGE('',*,*,#9901,.F.);
#9901 = EDGE_CURVE('',#9902,#9446,#9904,.T.);
#9902 = VERTEX_POINT('',#9903);
#9903 = CARTESIAN_POINT('',(2.1775,18.27617963922,0.));
#9904 = LINE('',#9905,#9906);
#9905 = CARTESIAN_POINT('',(2.1775,18.27617963922,-1.));
#9906 = VECTOR('',#9907,1.);
#9907 = DIRECTION('',(0.,0.,1.));
#9908 = ORIENTED_EDGE('',*,*,#9909,.T.);
#9909 = EDGE_CURVE('',#9902,#9389,#9910,.T.);
#9910 = LINE('',#9911,#9912);
#9911 = CARTESIAN_POINT('',(2.1775,16.,0.));
#9912 = VECTOR('',#9913,1.);
#9913 = DIRECTION('',(0.,1.,0.));
#9914 = ORIENTED_EDGE('',*,*,#9397,.F.);
#9915 = ORIENTED_EDGE('',*,*,#9445,.F.);
#9916 = PLANE('',#9917);
#9917 = AXIS2_PLACEMENT_3D('',#9918,#9919,#9920);
#9918 = CARTESIAN_POINT('',(2.1775,16.,-1.));
#9919 = DIRECTION('',(1.,0.,0.));
#9920 = DIRECTION('',(0.,0.,1.));
#9921 = ADVANCED_FACE('',(#9922),#9950,.T.);
#9922 = FACE_BOUND('',#9923,.T.);
#9923 = EDGE_LOOP('',(#9924,#9933,#9934,#9943));
#9924 = ORIENTED_EDGE('',*,*,#9925,.F.);
#9925 = EDGE_CURVE('',#9545,#9926,#9928,.T.);
#9926 = VERTEX_POINT('',#9927);
#9927 = CARTESIAN_POINT('',(22.1775,24.722128095467,11.));
#9928 = CIRCLE('',#9929,5.2);
#9929 = AXIS2_PLACEMENT_3D('',#9930,#9931,#9932);
#9930 = CARTESIAN_POINT('',(20.,20.,11.));
#9931 = DIRECTION('',(0.,0.,1.));
#9932 = DIRECTION('',(1.,0.,0.));
#9933 = ORIENTED_EDGE('',*,*,#9542,.F.);
#9934 = ORIENTED_EDGE('',*,*,#9935,.T.);
#9935 = EDGE_CURVE('',#9543,#9936,#9938,.T.);
#9936 = VERTEX_POINT('',#9937);
#9937 = CARTESIAN_POINT('',(22.1775,25.104996939274,0.));
#9938 = CIRCLE('',#9939,5.55);
#9939 = AXIS2_PLACEMENT_3D('',#9940,#9941,#9942);
#9940 = CARTESIAN_POINT('',(20.,20.,0.));
#9941 = DIRECTION('',(0.,0.,1.));
#9942 = DIRECTION('',(1.,0.,0.));
#9943 = ORIENTED_EDGE('',*,*,#9944,.F.);
#9944 = EDGE_CURVE('',#9926,#9936,#9945,.T.);
#9945 = HYPERBOLA('',#9946,68.435714285714,2.1775);
#9946 = AXIS2_PLACEMENT_3D('',#9947,#9948,#9949);
#9947 = CARTESIAN_POINT('',(22.1775,20.,174.42857142857));
#9948 = DIRECTION('',(1.,-0.,0.));
#9949 = DIRECTION('',(0.,0.,-1.));
#9950 = CONICAL_SURFACE('',#9951,5.55,3.180745079516E-02);
#9951 = AXIS2_PLACEMENT_3D('',#9952,#9953,#9954);
#9952 = CARTESIAN_POINT('',(20.,20.,0.));
#9953 = DIRECTION('',(-0.,-0.,-1.));
#9954 = DIRECTION('',(1.,0.,0.));
#9955 = ADVANCED_FACE('',(#9956),#9981,.T.);
#9956 = FACE_BOUND('',#9957,.T.);
#9957 = EDGE_LOOP('',(#9958,#9968,#9974,#9975));
#9958 = ORIENTED_EDGE('',*,*,#9959,.F.);
#9959 = EDGE_CURVE('',#9960,#9962,#9964,.T.);
#9960 = VERTEX_POINT('',#9961);
#9961 = CARTESIAN_POINT('',(17.8225,22.27617963922,0.));
#9962 = VERTEX_POINT('',#9963);
#9963 = CARTESIAN_POINT('',(17.8225,22.27617963922,11.));
#9964 = LINE('',#9965,#9966);
#9965 = CARTESIAN_POINT('',(17.8225,22.27617963922,-1.));
#9966 = VECTOR('',#9967,1.);
#9967 = DIRECTION('',(0.,0.,1.));
#9968 = ORIENTED_EDGE('',*,*,#9969,.T.);
#9969 = EDGE_CURVE('',#9960,#9562,#9970,.T.);
#9970 = LINE('',#9971,#9972);
#9971 = CARTESIAN_POINT('',(17.8225,20.,0.));
#9972 = VECTOR('',#9973,1.);
#9973 = DIRECTION('',(0.,1.,0.));
#9974 = ORIENTED_EDGE('',*,*,#9561,.F.);
#9975 = ORIENTED_EDGE('',*,*,#9976,.F.);
#9976 = EDGE_CURVE('',#9962,#9553,#9977,.T.);
#9977 = LINE('',#9978,#9979);
#9978 = CARTESIAN_POINT('',(17.8225,20.,11.));
#9979 = VECTOR('',#9980,1.);
#9980 = DIRECTION('',(0.,1.,0.));
#9981 = PLANE('',#9982);
#9982 = AXIS2_PLACEMENT_3D('',#9983,#9984,#9985);
#9983 = CARTESIAN_POINT('',(17.8225,20.,-1.));
#9984 = DIRECTION('',(1.,0.,0.));
#9985 = DIRECTION('',(0.,0.,1.));
#9986 = ADVANCED_FACE('',(#9987),#10016,.T.);
#9987 = FACE_BOUND('',#9988,.T.);
#9988 = EDGE_LOOP('',(#9989,#9990,#9991,#9999,#10008,#10015));
#9989 = ORIENTED_EDGE('',*,*,#9552,.T.);
#9990 = ORIENTED_EDGE('',*,*,#9925,.T.);
#9991 = ORIENTED_EDGE('',*,*,#9992,.F.);
#9992 = EDGE_CURVE('',#9993,#9926,#9995,.T.);
#9993 = VERTEX_POINT('',#9994);
#9994 = CARTESIAN_POINT('',(22.1775,22.27617963922,11.));
#9995 = LINE('',#9996,#9997);
#9996 = CARTESIAN_POINT('',(22.1775,20.,11.));
#9997 = VECTOR('',#9998,1.);
#9998 = DIRECTION('',(0.,1.,0.));
#9999 = ORIENTED_EDGE('',*,*,#10000,.F.);
#10000 = EDGE_CURVE('',#10001,#9993,#10003,.T.);
#10001 = VERTEX_POINT('',#10002);
#10002 = CARTESIAN_POINT('',(23.15,20.,11.));
#10003 = CIRCLE('',#10004,3.15);
#10004 = AXIS2_PLACEMENT_3D('',#10005,#10006,#10007);
#10005 = CARTESIAN_POINT('',(20.,20.,11.));
#10006 = DIRECTION('',(0.,0.,1.));
#10007 = DIRECTION('',(1.,0.,0.));
#10008 = ORIENTED_EDGE('',*,*,#10009,.F.);
#10009 = EDGE_CURVE('',#9962,#10001,#10010,.T.);
#10010 = CIRCLE('',#10011,3.15);
#10011 = AXIS2_PLACEMENT_3D('',#10012,#10013,#10014);
#10012 = CARTESIAN_POINT('',(20.,20.,11.));
#10013 = DIRECTION('',(0.,0.,1.));
#10014 = DIRECTION('',(1.,0.,0.));
#10015 = ORIENTED_EDGE('',*,*,#9976,.T.);
#10016 = PLANE('',#10017);
#10017 = AXIS2_PLACEMENT_3D('',#10018,#10019,#10020);
#10018 = CARTESIAN_POINT('',(20.,20.,11.));
#10019 = DIRECTION('',(0.,0.,1.));
#10020 = DIRECTION('',(1.,0.,0.));
#10021 = ADVANCED_FACE('',(#10022),#10040,.F.);
#10022 = FACE_BOUND('',#10023,.F.);
#10023 = EDGE_LOOP('',(#10024,#10032,#10038,#10039));
#10024 = ORIENTED_EDGE('',*,*,#10025,.F.);
#10025 = EDGE_CURVE('',#10026,#9669,#10028,.T.);
#10026 = VERTEX_POINT('',#10027);
#10027 = CARTESIAN_POINT('',(42.1775,18.27617963922,0.));
#10028 = LINE('',#10029,#10030);
#10029 = CARTESIAN_POINT('',(42.1775,18.27617963922,-1.));
#10030 = VECTOR('',#10031,1.);
#10031 = DIRECTION('',(0.,0.,1.));
#10032 = ORIENTED_EDGE('',*,*,#10033,.T.);
#10033 = EDGE_CURVE('',#10026,#9612,#10034,.T.);
#10034 = LINE('',#10035,#10036);
#10035 = CARTESIAN_POINT('',(42.1775,16.,0.));
#10036 = VECTOR('',#10037,1.);
#10037 = DIRECTION('',(0.,1.,0.));
#10038 = ORIENTED_EDGE('',*,*,#9620,.F.);
#10039 = ORIENTED_EDGE('',*,*,#9668,.F.);
#10040 = PLANE('',#10041);
#10041 = AXIS2_PLACEMENT_3D('',#10042,#10043,#10044);
#10042 = CARTESIAN_POINT('',(42.1775,16.,-1.));
#10043 = DIRECTION('',(1.,0.,0.));
#10044 = DIRECTION('',(0.,0.,1.));
#10045 = ADVANCED_FACE('',(#10046),#10064,.F.);
#10046 = FACE_BOUND('',#10047,.F.);
#10047 = EDGE_LOOP('',(#10048,#10056,#10062,#10063));
#10048 = ORIENTED_EDGE('',*,*,#10049,.F.);
#10049 = EDGE_CURVE('',#10050,#9769,#10052,.T.);
#10050 = VERTEX_POINT('',#10051);
#10051 = CARTESIAN_POINT('',(-37.8225,18.27617963922,0.));
#10052 = LINE('',#10053,#10054);
#10053 = CARTESIAN_POINT('',(-37.8225,18.27617963922,-1.));
#10054 = VECTOR('',#10055,1.);
#10055 = DIRECTION('',(0.,0.,1.));
#10056 = ORIENTED_EDGE('',*,*,#10057,.T.);
#10057 = EDGE_CURVE('',#10050,#9712,#10058,.T.);
#10058 = LINE('',#10059,#10060);
#10059 = CARTESIAN_POINT('',(-37.8225,16.,0.));
#10060 = VECTOR('',#10061,1.);
#10061 = DIRECTION('',(0.,1.,0.));
#10062 = ORIENTED_EDGE('',*,*,#9720,.F.);
#10063 = ORIENTED_EDGE('',*,*,#9768,.F.);
#10064 = PLANE('',#10065);
#10065 = AXIS2_PLACEMENT_3D('',#10066,#10067,#10068);
#10066 = CARTESIAN_POINT('',(-37.8225,16.,-1.));
#10067 = DIRECTION('',(1.,0.,0.));
#10068 = DIRECTION('',(0.,0.,1.));
#10069 = ADVANCED_FACE('',(#10070),#10088,.F.);
#10070 = FACE_BOUND('',#10071,.F.);
#10071 = EDGE_LOOP('',(#10072,#10080,#10086,#10087));
#10072 = ORIENTED_EDGE('',*,*,#10073,.F.);
#10073 = EDGE_CURVE('',#10074,#9869,#10076,.T.);
#10074 = VERTEX_POINT('',#10075);
#10075 = CARTESIAN_POINT('',(-17.8225,22.27617963922,0.));
#10076 = LINE('',#10077,#10078);
#10077 = CARTESIAN_POINT('',(-17.8225,22.27617963922,-1.));
#10078 = VECTOR('',#10079,1.);
#10079 = DIRECTION('',(0.,0.,1.));
#10080 = ORIENTED_EDGE('',*,*,#10081,.T.);
#10081 = EDGE_CURVE('',#10074,#9812,#10082,.T.);
#10082 = LINE('',#10083,#10084);
#10083 = CARTESIAN_POINT('',(-17.8225,20.,0.));
#10084 = VECTOR('',#10085,1.);
#10085 = DIRECTION('',(0.,1.,0.));
#10086 = ORIENTED_EDGE('',*,*,#9820,.F.);
#10087 = ORIENTED_EDGE('',*,*,#9868,.F.);
#10088 = PLANE('',#10089);
#10089 = AXIS2_PLACEMENT_3D('',#10090,#10091,#10092);
#10090 = CARTESIAN_POINT('',(-17.8225,20.,-1.));
#10091 = DIRECTION('',(1.,0.,0.));
#10092 = DIRECTION('',(0.,0.,1.));
#10093 = ADVANCED_FACE('',(#10094),#10112,.F.);
#10094 = FACE_BOUND('',#10095,.F.);
#10095 = EDGE_LOOP('',(#10096,#10104,#10110,#10111));
#10096 = ORIENTED_EDGE('',*,*,#10097,.F.);
#10097 = EDGE_CURVE('',#10098,#9993,#10100,.T.);
#10098 = VERTEX_POINT('',#10099);
#10099 = CARTESIAN_POINT('',(22.1775,22.27617963922,0.));
#10100 = LINE('',#10101,#10102);
#10101 = CARTESIAN_POINT('',(22.1775,22.27617963922,-1.));
#10102 = VECTOR('',#10103,1.);
#10103 = DIRECTION('',(0.,0.,1.));
#10104 = ORIENTED_EDGE('',*,*,#10105,.T.);
#10105 = EDGE_CURVE('',#10098,#9936,#10106,.T.);
#10106 = LINE('',#10107,#10108);
#10107 = CARTESIAN_POINT('',(22.1775,20.,0.));
#10108 = VECTOR('',#10109,1.);
#10109 = DIRECTION('',(0.,1.,0.));
#10110 = ORIENTED_EDGE('',*,*,#9944,.F.);
#10111 = ORIENTED_EDGE('',*,*,#9992,.F.);
#10112 = PLANE('',#10113);
#10113 = AXIS2_PLACEMENT_3D('',#10114,#10115,#10116);
#10114 = CARTESIAN_POINT('',(22.1775,20.,-1.));
#10115 = DIRECTION('',(1.,0.,0.));
#10116 = DIRECTION('',(0.,0.,1.));
#10117 = ADVANCED_FACE('',(#10118),#10143,.T.);
#10118 = FACE_BOUND('',#10119,.T.);
#10119 = EDGE_LOOP('',(#10120,#10121,#10129,#10137));
#10120 = ORIENTED_EDGE('',*,*,#8075,.F.);
#10121 = ORIENTED_EDGE('',*,*,#10122,.T.);
#10122 = EDGE_CURVE('',#8068,#10123,#10125,.T.);
#10123 = VERTEX_POINT('',#10124);
#10124 = CARTESIAN_POINT('',(-13.,4.,20.985588706619));
#10125 = LINE('',#10126,#10127);
#10126 = CARTESIAN_POINT('',(-13.,-8.,20.985588706619));
#10127 = VECTOR('',#10128,1.);
#10128 = DIRECTION('',(0.,1.,0.));
#10129 = ORIENTED_EDGE('',*,*,#10130,.T.);
#10130 = EDGE_CURVE('',#10123,#10131,#10133,.T.);
#10131 = VERTEX_POINT('',#10132);
#10132 = CARTESIAN_POINT('',(-13.,4.,57.014411293381));
#10133 = LINE('',#10134,#10135);
#10134 = CARTESIAN_POINT('',(-13.,4.,8.));
#10135 = VECTOR('',#10136,1.);
#10136 = DIRECTION('',(0.,0.,1.));
#10137 = ORIENTED_EDGE('',*,*,#10138,.T.);
#10138 = EDGE_CURVE('',#10131,#8060,#10139,.T.);
#10139 = LINE('',#10140,#10141);
#10140 = CARTESIAN_POINT('',(-13.,-8.,57.014411293381));
#10141 = VECTOR('',#10142,1.);
#10142 = DIRECTION('',(0.,-1.,0.));
#10143 = PLANE('',#10144);
#10144 = AXIS2_PLACEMENT_3D('',#10145,#10146,#10147);
#10145 = CARTESIAN_POINT('',(-13.,-8.,8.));
#10146 = DIRECTION('',(1.,0.,0.));
#10147 = DIRECTION('',(0.,0.,1.));
#10148 = ADVANCED_FACE('',(#10149),#10167,.F.);
#10149 = FACE_BOUND('',#10150,.F.);
#10150 = EDGE_LOOP('',(#10151,#10152,#10160,#10166));
#10151 = ORIENTED_EDGE('',*,*,#8057,.F.);
#10152 = ORIENTED_EDGE('',*,*,#10153,.F.);
#10153 = EDGE_CURVE('',#10154,#8058,#10156,.T.);
#10154 = VERTEX_POINT('',#10155);
#10155 = CARTESIAN_POINT('',(-2.324793307626,4.,39.));
#10156 = LINE('',#10157,#10158);
#10157 = CARTESIAN_POINT('',(-2.324793307626,-8.,39.));
#10158 = VECTOR('',#10159,1.);
#10159 = DIRECTION('',(0.,-1.,0.));
#10160 = ORIENTED_EDGE('',*,*,#10161,.T.);
#10161 = EDGE_CURVE('',#10154,#10131,#10162,.T.);
#10162 = LINE('',#10163,#10164);
#10163 = CARTESIAN_POINT('',(14.279416932732,4.,10.980395219397));
#10164 = VECTOR('',#10165,1.);
#10165 = DIRECTION('',(-0.509802390302,0.,0.860291533634));
#10166 = ORIENTED_EDGE('',*,*,#10138,.T.);
#10167 = PLANE('',#10168);
#10168 = AXIS2_PLACEMENT_3D('',#10169,#10170,#10171);
#10169 = CARTESIAN_POINT('',(14.279416932732,-8.,10.980395219397));
#10170 = DIRECTION('',(0.860291533634,0.,0.509802390302));
#10171 = DIRECTION('',(-0.509802390302,0.,0.860291533634));
#10172 = ADVANCED_FACE('',(#10173),#10184,.F.);
#10173 = FACE_BOUND('',#10174,.F.);
#10174 = EDGE_LOOP('',(#10175,#10176,#10177,#10183));
#10175 = ORIENTED_EDGE('',*,*,#8067,.F.);
#10176 = ORIENTED_EDGE('',*,*,#10122,.T.);
#10177 = ORIENTED_EDGE('',*,*,#10178,.T.);
#10178 = EDGE_CURVE('',#10123,#10154,#10179,.T.);
#10179 = LINE('',#10180,#10181);
#10180 = CARTESIAN_POINT('',(-17.72058306726,4.,13.019604780603));
#10181 = VECTOR('',#10182,1.);
#10182 = DIRECTION('',(0.509802390302,0.,0.860291533634));
#10183 = ORIENTED_EDGE('',*,*,#10153,.T.);
#10184 = PLANE('',#10185);
#10185 = AXIS2_PLACEMENT_3D('',#10186,#10187,#10188);
#10186 = CARTESIAN_POINT('',(-17.72058306726,-8.,13.019604780603));
#10187 = DIRECTION('',(0.860291533634,0.,-0.509802390302));
#10188 = DIRECTION('',(0.509802390302,0.,0.860291533634));
#10189 = ADVANCED_FACE('',(#10190),#10215,.F.);
#10190 = FACE_BOUND('',#10191,.F.);
#10191 = EDGE_LOOP('',(#10192,#10193,#10201,#10209));
#10192 = ORIENTED_EDGE('',*,*,#8083,.F.);
#10193 = ORIENTED_EDGE('',*,*,#10194,.T.);
#10194 = EDGE_CURVE('',#8084,#10195,#10197,.T.);
#10195 = VERTEX_POINT('',#10196);
#10196 = CARTESIAN_POINT('',(13.,4.,20.985588706619));
#10197 = LINE('',#10198,#10199);
#10198 = CARTESIAN_POINT('',(13.,-8.,20.985588706619));
#10199 = VECTOR('',#10200,1.);
#10200 = DIRECTION('',(0.,1.,0.));
#10201 = ORIENTED_EDGE('',*,*,#10202,.T.);
#10202 = EDGE_CURVE('',#10195,#10203,#10205,.T.);
#10203 = VERTEX_POINT('',#10204);
#10204 = CARTESIAN_POINT('',(13.,4.,57.014411293381));
#10205 = LINE('',#10206,#10207);
#10206 = CARTESIAN_POINT('',(13.,4.,8.));
#10207 = VECTOR('',#10208,1.);
#10208 = DIRECTION('',(0.,0.,1.));
#10209 = ORIENTED_EDGE('',*,*,#10210,.T.);
#10210 = EDGE_CURVE('',#10203,#8086,#10211,.T.);
#10211 = LINE('',#10212,#10213);
#10212 = CARTESIAN_POINT('',(13.,-8.,57.014411293381));
#10213 = VECTOR('',#10214,1.);
#10214 = DIRECTION('',(0.,-1.,0.));
#10215 = PLANE('',#10216);
#10216 = AXIS2_PLACEMENT_3D('',#10217,#10218,#10219);
#10217 = CARTESIAN_POINT('',(13.,-8.,8.));
#10218 = DIRECTION('',(1.,0.,0.));
#10219 = DIRECTION('',(0.,0.,1.));
#10220 = ADVANCED_FACE('',(#10221),#10239,.F.);
#10221 = FACE_BOUND('',#10222,.F.);
#10222 = EDGE_LOOP('',(#10223,#10224,#10225,#10233));
#10223 = ORIENTED_EDGE('',*,*,#8101,.F.);
#10224 = ORIENTED_EDGE('',*,*,#10210,.F.);
#10225 = ORIENTED_EDGE('',*,*,#10226,.T.);
#10226 = EDGE_CURVE('',#10203,#10227,#10229,.T.);
#10227 = VERTEX_POINT('',#10228);
#10228 = CARTESIAN_POINT('',(2.324793307626,4.,39.));
#10229 = LINE('',#10230,#10231);
#10230 = CARTESIAN_POINT('',(17.720583067268,4.,64.980395219397));
#10231 = VECTOR('',#10232,1.);
#10232 = DIRECTION('',(-0.509802390302,0.,-0.860291533634));
#10233 = ORIENTED_EDGE('',*,*,#10234,.T.);
#10234 = EDGE_CURVE('',#10227,#8094,#10235,.T.);
#10235 = LINE('',#10236,#10237);
#10236 = CARTESIAN_POINT('',(2.324793307626,-8.,39.));
#10237 = VECTOR('',#10238,1.);
#10238 = DIRECTION('',(0.,-1.,0.));
#10239 = PLANE('',#10240);
#10240 = AXIS2_PLACEMENT_3D('',#10241,#10242,#10243);
#10241 = CARTESIAN_POINT('',(17.720583067268,-8.,64.980395219397));
#10242 = DIRECTION('',(-0.860291533634,0.,0.509802390302));
#10243 = DIRECTION('',(-0.509802390302,0.,-0.860291533634));
#10244 = ADVANCED_FACE('',(#10245),#10256,.F.);
#10245 = FACE_BOUND('',#10246,.F.);
#10246 = EDGE_LOOP('',(#10247,#10248,#10249,#10255));
#10247 = ORIENTED_EDGE('',*,*,#8093,.F.);
#10248 = ORIENTED_EDGE('',*,*,#10234,.F.);
#10249 = ORIENTED_EDGE('',*,*,#10250,.T.);
#10250 = EDGE_CURVE('',#10227,#10195,#10251,.T.);
#10251 = LINE('',#10252,#10253);
#10252 = CARTESIAN_POINT('',(-14.27941693273,4.,67.019604780603));
#10253 = VECTOR('',#10254,1.);
#10254 = DIRECTION('',(0.509802390302,0.,-0.860291533634));
#10255 = ORIENTED_EDGE('',*,*,#10194,.F.);
#10256 = PLANE('',#10257);
#10257 = AXIS2_PLACEMENT_3D('',#10258,#10259,#10260);
#10258 = CARTESIAN_POINT('',(-14.27941693273,-8.,67.019604780603));
#10259 = DIRECTION('',(-0.860291533634,0.,-0.509802390302));
#10260 = DIRECTION('',(0.509802390302,0.,-0.860291533634));
#10261 = ADVANCED_FACE('',(#10262),#10288,.T.);
#10262 = FACE_BOUND('',#10263,.T.);
#10263 = EDGE_LOOP('',(#10264,#10270,#10271,#10272,#10278,#10279,#10280,
    #10281,#10282,#10283,#10284,#10285,#10286,#10287));
#10264 = ORIENTED_EDGE('',*,*,#10265,.F.);
#10265 = EDGE_CURVE('',#6243,#5157,#10266,.T.);
#10266 = LINE('',#10267,#10268);
#10267 = CARTESIAN_POINT('',(13.,22.510196025048,83.773966994071));
#10268 = VECTOR('',#10269,1.);
#10269 = DIRECTION('',(0.,-0.289389501276,0.957211427299));
#10270 = ORIENTED_EDGE('',*,*,#6242,.T.);
#10271 = ORIENTED_EDGE('',*,*,#6314,.T.);
#10272 = ORIENTED_EDGE('',*,*,#10273,.T.);
#10273 = EDGE_CURVE('',#6308,#5194,#10274,.T.);
#10274 = LINE('',#10275,#10276);
#10275 = CARTESIAN_POINT('',(-13.,22.132473438155,85.02335708918));
#10276 = VECTOR('',#10277,1.);
#10277 = DIRECTION('',(0.,-0.289389501276,0.957211427299));
#10278 = ORIENTED_EDGE('',*,*,#5193,.T.);
#10279 = ORIENTED_EDGE('',*,*,#5937,.T.);
#10280 = ORIENTED_EDGE('',*,*,#5879,.T.);
#10281 = ORIENTED_EDGE('',*,*,#5229,.T.);
#10282 = ORIENTED_EDGE('',*,*,#5907,.T.);
#10283 = ORIENTED_EDGE('',*,*,#5740,.T.);
#10284 = ORIENTED_EDGE('',*,*,#5134,.F.);
#10285 = ORIENTED_EDGE('',*,*,#5683,.T.);
#10286 = ORIENTED_EDGE('',*,*,#5841,.T.);
#10287 = ORIENTED_EDGE('',*,*,#5164,.F.);
#10288 = PLANE('',#10289);
#10289 = AXIS2_PLACEMENT_3D('',#10290,#10291,#10292);
#10290 = CARTESIAN_POINT('',(-3.847900378351E-15,-2.348837209302,166.));
#10291 = DIRECTION('',(0.,0.957211427299,0.289389501276));
#10292 = DIRECTION('',(0.,-0.289389501276,0.957211427299));
#10293 = ADVANCED_FACE('',(#10294),#10322,.F.);
#10294 = FACE_BOUND('',#10295,.T.);
#10295 = EDGE_LOOP('',(#10296,#10297,#10298,#10299,#10300,#10301,#10307,
    #10308,#10309,#10315,#10316,#10317,#10318,#10319,#10320,#10321));
#10296 = ORIENTED_EDGE('',*,*,#6270,.T.);
#10297 = ORIENTED_EDGE('',*,*,#6250,.T.);
#10298 = ORIENTED_EDGE('',*,*,#10265,.T.);
#10299 = ORIENTED_EDGE('',*,*,#5156,.T.);
#10300 = ORIENTED_EDGE('',*,*,#6087,.T.);
#10301 = ORIENTED_EDGE('',*,*,#10302,.F.);
#10302 = EDGE_CURVE('',#8125,#6088,#10303,.T.);
#10303 = LINE('',#10304,#10305);
#10304 = CARTESIAN_POINT('',(13.,4.,8.));
#10305 = VECTOR('',#10306,1.);
#10306 = DIRECTION('',(0.,0.,1.));
#10307 = ORIENTED_EDGE('',*,*,#8132,.F.);
#10308 = ORIENTED_EDGE('',*,*,#7962,.T.);
#10309 = ORIENTED_EDGE('',*,*,#10310,.T.);
#10310 = EDGE_CURVE('',#7955,#6533,#10311,.T.);
#10311 = LINE('',#10312,#10313);
#10312 = CARTESIAN_POINT('',(13.,-10.6,68.));
#10313 = VECTOR('',#10314,1.);
#10314 = DIRECTION('',(0.,1.,0.));
#10315 = ORIENTED_EDGE('',*,*,#6540,.F.);
#10316 = ORIENTED_EDGE('',*,*,#6620,.F.);
#10317 = ORIENTED_EDGE('',*,*,#6651,.T.);
#10318 = ORIENTED_EDGE('',*,*,#6714,.F.);
#10319 = ORIENTED_EDGE('',*,*,#6572,.F.);
#10320 = ORIENTED_EDGE('',*,*,#6156,.T.);
#10321 = ORIENTED_EDGE('',*,*,#5778,.T.);
#10322 = PLANE('',#10323);
#10323 = AXIS2_PLACEMENT_3D('',#10324,#10325,#10326);
#10324 = CARTESIAN_POINT('',(13.,-8.,8.));
#10325 = DIRECTION('',(1.,0.,0.));
#10326 = DIRECTION('',(0.,0.,1.));
#10327 = ADVANCED_FACE('',(#10328),#10356,.T.);
#10328 = FACE_BOUND('',#10329,.T.);
#10329 = EDGE_LOOP('',(#10330,#10331,#10332,#10333,#10334,#10335,#10336,
    #10337,#10338,#10344,#10345,#10346,#10352,#10353,#10354,#10355));
#10330 = ORIENTED_EDGE('',*,*,#6333,.F.);
#10331 = ORIENTED_EDGE('',*,*,#6019,.F.);
#10332 = ORIENTED_EDGE('',*,*,#6419,.F.);
#10333 = ORIENTED_EDGE('',*,*,#6941,.T.);
#10334 = ORIENTED_EDGE('',*,*,#7122,.T.);
#10335 = ORIENTED_EDGE('',*,*,#7042,.F.);
#10336 = ORIENTED_EDGE('',*,*,#7005,.T.);
#10337 = ORIENTED_EDGE('',*,*,#6916,.T.);
#10338 = ORIENTED_EDGE('',*,*,#10339,.F.);
#10339 = EDGE_CURVE('',#7987,#6919,#10340,.T.);
#10340 = LINE('',#10341,#10342);
#10341 = CARTESIAN_POINT('',(-13.,-10.6,68.));
#10342 = VECTOR('',#10343,1.);
#10343 = DIRECTION('',(0.,1.,0.));
#10344 = ORIENTED_EDGE('',*,*,#7986,.F.);
#10345 = ORIENTED_EDGE('',*,*,#8147,.T.);
#10346 = ORIENTED_EDGE('',*,*,#10347,.T.);
#10347 = EDGE_CURVE('',#8148,#6051,#10348,.T.);
#10348 = LINE('',#10349,#10350);
#10349 = CARTESIAN_POINT('',(-13.,4.,8.));
#10350 = VECTOR('',#10351,1.);
#10351 = DIRECTION('',(0.,0.,1.));
#10352 = ORIENTED_EDGE('',*,*,#6050,.F.);
#10353 = ORIENTED_EDGE('',*,*,#5200,.F.);
#10354 = ORIENTED_EDGE('',*,*,#10273,.F.);
#10355 = ORIENTED_EDGE('',*,*,#6307,.F.);
#10356 = PLANE('',#10357);
#10357 = AXIS2_PLACEMENT_3D('',#10358,#10359,#10360);
#10358 = CARTESIAN_POINT('',(-13.,-8.,8.));
#10359 = DIRECTION('',(1.,0.,0.));
#10360 = DIRECTION('',(0.,0.,1.));
#10361 = ADVANCED_FACE('',(#10362),#10387,.F.);
#10362 = FACE_BOUND('',#10363,.T.);
#10363 = EDGE_LOOP('',(#10364,#10365,#10366,#10367,#10375,#10381,#10382,
    #10383,#10384,#10385,#10386));
#10364 = ORIENTED_EDGE('',*,*,#5378,.T.);
#10365 = ORIENTED_EDGE('',*,*,#5416,.T.);
#10366 = ORIENTED_EDGE('',*,*,#6041,.T.);
#10367 = ORIENTED_EDGE('',*,*,#10368,.F.);
#10368 = EDGE_CURVE('',#10369,#6042,#10371,.T.);
#10369 = VERTEX_POINT('',#10370);
#10370 = CARTESIAN_POINT('',(-19.,4.,8.));
#10371 = LINE('',#10372,#10373);
#10372 = CARTESIAN_POINT('',(-19.,4.,8.));
#10373 = VECTOR('',#10374,1.);
#10374 = DIRECTION('',(0.,0.,1.));
#10375 = ORIENTED_EDGE('',*,*,#10376,.F.);
#10376 = EDGE_CURVE('',#8473,#10369,#10377,.T.);
#10377 = LINE('',#10378,#10379);
#10378 = CARTESIAN_POINT('',(-19.,-8.,8.));
#10379 = VECTOR('',#10380,1.);
#10380 = DIRECTION('',(0.,1.,0.));
#10381 = ORIENTED_EDGE('',*,*,#8472,.F.);
#10382 = ORIENTED_EDGE('',*,*,#8001,.T.);
#10383 = ORIENTED_EDGE('',*,*,#7356,.T.);
#10384 = ORIENTED_EDGE('',*,*,#7305,.F.);
#10385 = ORIENTED_EDGE('',*,*,#6365,.T.);
#10386 = ORIENTED_EDGE('',*,*,#5996,.T.);
#10387 = PLANE('',#10388);
#10388 = AXIS2_PLACEMENT_3D('',#10389,#10390,#10391);
#10389 = CARTESIAN_POINT('',(-19.,-8.,8.));
#10390 = DIRECTION('',(1.,0.,0.));
#10391 = DIRECTION('',(0.,0.,1.));
#10392 = ADVANCED_FACE('',(#10393),#10418,.T.);
#10393 = FACE_BOUND('',#10394,.T.);
#10394 = EDGE_LOOP('',(#10395,#10396,#10397,#10398,#10399,#10400,#10401,
    #10402,#10410,#10416,#10417));
#10395 = ORIENTED_EDGE('',*,*,#5618,.F.);
#10396 = ORIENTED_EDGE('',*,*,#5754,.F.);
#10397 = ORIENTED_EDGE('',*,*,#6210,.F.);
#10398 = ORIENTED_EDGE('',*,*,#6446,.T.);
#10399 = ORIENTED_EDGE('',*,*,#6503,.F.);
#10400 = ORIENTED_EDGE('',*,*,#7945,.F.);
#10401 = ORIENTED_EDGE('',*,*,#8999,.T.);
#10402 = ORIENTED_EDGE('',*,*,#10403,.T.);
#10403 = EDGE_CURVE('',#9000,#10404,#10406,.T.);
#10404 = VERTEX_POINT('',#10405);
#10405 = CARTESIAN_POINT('',(19.,4.,8.));
#10406 = LINE('',#10407,#10408);
#10407 = CARTESIAN_POINT('',(19.,-8.,8.));
#10408 = VECTOR('',#10409,1.);
#10409 = DIRECTION('',(0.,1.,0.));
#10410 = ORIENTED_EDGE('',*,*,#10411,.T.);
#10411 = EDGE_CURVE('',#10404,#6097,#10412,.T.);
#10412 = LINE('',#10413,#10414);
#10413 = CARTESIAN_POINT('',(19.,4.,8.));
#10414 = VECTOR('',#10415,1.);
#10415 = DIRECTION('',(0.,0.,1.));
#10416 = ORIENTED_EDGE('',*,*,#6096,.F.);
#10417 = ORIENTED_EDGE('',*,*,#5626,.F.);
#10418 = PLANE('',#10419);
#10419 = AXIS2_PLACEMENT_3D('',#10420,#10421,#10422);
#10420 = CARTESIAN_POINT('',(19.,-8.,8.));
#10421 = DIRECTION('',(1.,0.,0.));
#10422 = DIRECTION('',(0.,0.,1.));
#10423 = ADVANCED_FACE('',(#10424),#10440,.T.);
#10424 = FACE_BOUND('',#10425,.T.);
#10425 = EDGE_LOOP('',(#10426,#10427,#10428,#10429,#10430,#10431,#10432,
    #10433,#10434,#10435,#10436,#10437,#10438,#10439));
#10426 = ORIENTED_EDGE('',*,*,#5668,.F.);
#10427 = ORIENTED_EDGE('',*,*,#5706,.F.);
#10428 = ORIENTED_EDGE('',*,*,#5731,.F.);
#10429 = ORIENTED_EDGE('',*,*,#5900,.F.);
#10430 = ORIENTED_EDGE('',*,*,#5954,.F.);
#10431 = ORIENTED_EDGE('',*,*,#5864,.F.);
#10432 = ORIENTED_EDGE('',*,*,#5930,.F.);
#10433 = ORIENTED_EDGE('',*,*,#5971,.F.);
#10434 = ORIENTED_EDGE('',*,*,#6003,.T.);
#10435 = ORIENTED_EDGE('',*,*,#6287,.F.);
#10436 = ORIENTED_EDGE('',*,*,#6227,.F.);
#10437 = ORIENTED_EDGE('',*,*,#5794,.T.);
#10438 = ORIENTED_EDGE('',*,*,#5816,.F.);
#10439 = ORIENTED_EDGE('',*,*,#5832,.F.);
#10440 = PLANE('',#10441);
#10441 = AXIS2_PLACEMENT_3D('',#10442,#10443,#10444);
#10442 = CARTESIAN_POINT('',(1.35652827163E-16,-14.36262720335,
    166.04561305725));
#10443 = DIRECTION('',(-0.,-0.957211427299,-0.289389501276));
#10444 = DIRECTION('',(0.,0.289389501276,-0.957211427299));
#10445 = ADVANCED_FACE('',(#10446,#10472,#10477,#10482,#10509),#10536,
  .T.);
#10446 = FACE_BOUND('',#10447,.T.);
#10447 = EDGE_LOOP('',(#10448,#10449,#10450,#10451,#10452,#10453,#10454,
    #10460,#10461,#10462,#10463,#10464,#10470,#10471));
#10448 = ORIENTED_EDGE('',*,*,#10347,.F.);
#10449 = ORIENTED_EDGE('',*,*,#8155,.T.);
#10450 = ORIENTED_EDGE('',*,*,#8124,.T.);
#10451 = ORIENTED_EDGE('',*,*,#10302,.T.);
#10452 = ORIENTED_EDGE('',*,*,#6104,.T.);
#10453 = ORIENTED_EDGE('',*,*,#10411,.F.);
#10454 = ORIENTED_EDGE('',*,*,#10455,.F.);
#10455 = EDGE_CURVE('',#9024,#10404,#10456,.T.);
#10456 = LINE('',#10457,#10458);
#10457 = CARTESIAN_POINT('',(13.,4.,8.));
#10458 = VECTOR('',#10459,1.);
#10459 = DIRECTION('',(1.,0.,0.));
#10460 = ORIENTED_EDGE('',*,*,#9031,.T.);
#10461 = ORIENTED_EDGE('',*,*,#9124,.T.);
#10462 = ORIENTED_EDGE('',*,*,#8794,.T.);
#10463 = ORIENTED_EDGE('',*,*,#8513,.F.);
#10464 = ORIENTED_EDGE('',*,*,#10465,.F.);
#10465 = EDGE_CURVE('',#10369,#8506,#10466,.T.);
#10466 = LINE('',#10467,#10468);
#10467 = CARTESIAN_POINT('',(-19.,4.,8.));
#10468 = VECTOR('',#10469,1.);
#10469 = DIRECTION('',(1.,0.,0.));
#10470 = ORIENTED_EDGE('',*,*,#10368,.T.);
#10471 = ORIENTED_EDGE('',*,*,#6058,.T.);
#10472 = FACE_BOUND('',#10473,.T.);
#10473 = EDGE_LOOP('',(#10474,#10475,#10476));
#10474 = ORIENTED_EDGE('',*,*,#10130,.F.);
#10475 = ORIENTED_EDGE('',*,*,#10178,.T.);
#10476 = ORIENTED_EDGE('',*,*,#10161,.T.);
#10477 = FACE_BOUND('',#10478,.T.);
#10478 = EDGE_LOOP('',(#10479,#10480,#10481));
#10479 = ORIENTED_EDGE('',*,*,#10250,.T.);
#10480 = ORIENTED_EDGE('',*,*,#10202,.T.);
#10481 = ORIENTED_EDGE('',*,*,#10226,.T.);
#10482 = FACE_BOUND('',#10483,.T.);
#10483 = EDGE_LOOP('',(#10484,#10493,#10501));
#10484 = ORIENTED_EDGE('',*,*,#10485,.T.);
#10485 = EDGE_CURVE('',#10486,#10488,#10490,.T.);
#10486 = VERTEX_POINT('',#10487);
#10487 = CARTESIAN_POINT('',(14.438262381114,4.,144.75060990489));
#10488 = VERTEX_POINT('',#10489);
#10489 = CARTESIAN_POINT('',(14.75,4.,145.));
#10490 = B_SPLINE_CURVE_WITH_KNOTS('',1,(#10491,#10492),.UNSPECIFIED.,
  .F.,.F.,(2,2),(0.,1.),.PIECEWISE_BEZIER_KNOTS.);
#10491 = CARTESIAN_POINT('',(14.438262381114,4.,144.75060990489));
#10492 = CARTESIAN_POINT('',(14.75,4.,145.));
#10493 = ORIENTED_EDGE('',*,*,#10494,.T.);
#10494 = EDGE_CURVE('',#10488,#10495,#10497,.T.);
#10495 = VERTEX_POINT('',#10496);
#10496 = CARTESIAN_POINT('',(14.238750305027,4.,145.));
#10497 = LINE('',#10498,#10499);
#10498 = CARTESIAN_POINT('',(19.,4.,145.));
#10499 = VECTOR('',#10500,1.);
#10500 = DIRECTION('',(-1.,0.,0.));
#10501 = ORIENTED_EDGE('',*,*,#10502,.T.);
#10502 = EDGE_CURVE('',#10495,#10486,#10503,.T.);
#10503 = B_SPLINE_CURVE_WITH_KNOTS('',4,(#10504,#10505,#10506,#10507,
    #10508),.UNSPECIFIED.,.F.,.F.,(5,5),(0.,1.),
  .PIECEWISE_BEZIER_KNOTS.);
#10504 = CARTESIAN_POINT('',(14.238750305027,4.,145.));
#10505 = CARTESIAN_POINT('',(14.288628324049,4.,144.93765247622));
#10506 = CARTESIAN_POINT('',(14.33850634307,4.,144.87530495244));
#10507 = CARTESIAN_POINT('',(14.388384362092,4.,144.81295742866));
#10508 = CARTESIAN_POINT('',(14.438262381114,4.,144.75060990489));
#10509 = FACE_BOUND('',#10510,.T.);
#10510 = EDGE_LOOP('',(#10511,#10521,#10528));
#10511 = ORIENTED_EDGE('',*,*,#10512,.T.);
#10512 = EDGE_CURVE('',#10513,#10515,#10517,.T.);
#10513 = VERTEX_POINT('',#10514);
#10514 = CARTESIAN_POINT('',(-14.23875030502,4.,145.));
#10515 = VERTEX_POINT('',#10516);
#10516 = CARTESIAN_POINT('',(-14.75,4.,145.));
#10517 = LINE('',#10518,#10519);
#10518 = CARTESIAN_POINT('',(-13.,4.,145.));
#10519 = VECTOR('',#10520,1.);
#10520 = DIRECTION('',(-1.,0.,0.));
#10521 = ORIENTED_EDGE('',*,*,#10522,.T.);
#10522 = EDGE_CURVE('',#10515,#10523,#10525,.T.);
#10523 = VERTEX_POINT('',#10524);
#10524 = CARTESIAN_POINT('',(-14.43826238111,4.,144.75060990489));
#10525 = B_SPLINE_CURVE_WITH_KNOTS('',1,(#10526,#10527),.UNSPECIFIED.,
  .F.,.F.,(2,2),(0.,1.),.PIECEWISE_BEZIER_KNOTS.);
#10526 = CARTESIAN_POINT('',(-14.75,4.,145.));
#10527 = CARTESIAN_POINT('',(-14.43826238111,4.,144.75060990489));
#10528 = ORIENTED_EDGE('',*,*,#10529,.T.);
#10529 = EDGE_CURVE('',#10523,#10513,#10530,.T.);
#10530 = B_SPLINE_CURVE_WITH_KNOTS('',4,(#10531,#10532,#10533,#10534,
    #10535),.UNSPECIFIED.,.F.,.F.,(5,5),(0.,1.),
  .PIECEWISE_BEZIER_KNOTS.);
#10531 = CARTESIAN_POINT('',(-14.43826238111,4.,144.75060990489));
#10532 = CARTESIAN_POINT('',(-14.38838436209,4.,144.81295742866));
#10533 = CARTESIAN_POINT('',(-14.33850634307,4.,144.87530495244));
#10534 = CARTESIAN_POINT('',(-14.28862832404,4.,144.93765247622));
#10535 = CARTESIAN_POINT('',(-14.23875030502,4.,145.));
#10536 = PLANE('',#10537);
#10537 = AXIS2_PLACEMENT_3D('',#10538,#10539,#10540);
#10538 = CARTESIAN_POINT('',(0.,4.,77.595960768227));
#10539 = DIRECTION('',(0.,1.,0.));
#10540 = DIRECTION('',(0.,0.,1.));
#10541 = ADVANCED_FACE('',(#10542),#10559,.T.);
#10542 = FACE_BOUND('',#10543,.T.);
#10543 = EDGE_LOOP('',(#10544,#10552,#10558));
#10544 = ORIENTED_EDGE('',*,*,#10545,.T.);
#10545 = EDGE_CURVE('',#10488,#10546,#10548,.T.);
#10546 = VERTEX_POINT('',#10547);
#10547 = CARTESIAN_POINT('',(14.438262381114,4.075397005498,
    144.75060990489));
#10548 = LINE('',#10549,#10550);
#10549 = CARTESIAN_POINT('',(17.561737618886,3.319951831711,
    147.2493900951));
#10550 = VECTOR('',#10551,1.);
#10551 = DIRECTION('',(-0.76730437389,0.185580592755,-0.613843499112));
#10552 = ORIENTED_EDGE('',*,*,#10553,.T.);
#10553 = EDGE_CURVE('',#10546,#10495,#10554,.T.);
#10554 = LINE('',#10555,#10556);
#10555 = CARTESIAN_POINT('',(14.438262381114,4.075397005498,
    144.75060990489));
#10556 = VECTOR('',#10557,1.);
#10557 = DIRECTION('',(-0.607982649232,-0.229760884884,0.75997831154));
#10558 = ORIENTED_EDGE('',*,*,#10494,.F.);
#10559 = PLANE('',#10560);
#10560 = AXIS2_PLACEMENT_3D('',#10561,#10562,#10563);
#10561 = CARTESIAN_POINT('',(14.438262381114,4.075397005498,
    144.75060990489));
#10562 = DIRECTION('',(1.397749910897E-16,0.957211427299,0.289389501276)
  );
#10563 = DIRECTION('',(-0.545220349058,-0.242593127107,0.80242342043));
#10564 = ADVANCED_FACE('',(#10565),#10574,.T.);
#10565 = FACE_BOUND('',#10566,.T.);
#10566 = EDGE_LOOP('',(#10567,#10568,#10573));
#10567 = ORIENTED_EDGE('',*,*,#10485,.F.);
#10568 = ORIENTED_EDGE('',*,*,#10569,.T.);
#10569 = EDGE_CURVE('',#10486,#10546,#10570,.T.);
#10570 = B_SPLINE_CURVE_WITH_KNOTS('',1,(#10571,#10572),.UNSPECIFIED.,
  .F.,.F.,(2,2),(0.,1.),.PIECEWISE_BEZIER_KNOTS.);
#10571 = CARTESIAN_POINT('',(14.438262381114,-7.924602994502,
    144.75060990489));
#10572 = CARTESIAN_POINT('',(14.438262381114,4.075397005498,
    144.75060990489));
#10573 = ORIENTED_EDGE('',*,*,#10545,.F.);
#10574 = B_SPLINE_SURFACE_WITH_KNOTS('',1,1,(
    (#10575,#10576)
    ,(#10577,#10578
    )),.UNSPECIFIED.,.F.,.F.,.F.,(2,2),(2,2),(0.,4.0707121503),(0.,1.),
  .PIECEWISE_BEZIER_KNOTS.);
#10575 = CARTESIAN_POINT('',(17.561737618886,-8.680048168289,
    147.2493900951));
#10576 = CARTESIAN_POINT('',(17.561737618886,3.319951831711,
    147.2493900951));
#10577 = CARTESIAN_POINT('',(14.438262381114,-7.924602994502,
    144.75060990489));
#10578 = CARTESIAN_POINT('',(14.438262381114,4.075397005498,
    144.75060990489));
#10579 = ADVANCED_FACE('',(#10580),#10585,.T.);
#10580 = FACE_BOUND('',#10581,.T.);
#10581 = EDGE_LOOP('',(#10582,#10583,#10584));
#10582 = ORIENTED_EDGE('',*,*,#10569,.F.);
#10583 = ORIENTED_EDGE('',*,*,#10502,.F.);
#10584 = ORIENTED_EDGE('',*,*,#10553,.F.);
#10585 = B_SPLINE_SURFACE_WITH_KNOTS('',1,1,(
    (#10586,#10587)
    ,(#10588,#10589
    )),.UNSPECIFIED.,.F.,.F.,.F.,(2,2),(2,2),(0.,52.633080961176),(0.,1.
    ),.PIECEWISE_BEZIER_KNOTS.);
#10586 = CARTESIAN_POINT('',(14.438262381114,-7.924602994502,
    144.75060990489));
#10587 = CARTESIAN_POINT('',(14.438262381114,4.075397005498,
    144.75060990489));
#10588 = CARTESIAN_POINT('',(-17.56173761888,-20.01762625031,
    184.75060990489));
#10589 = CARTESIAN_POINT('',(-17.56173761888,-8.017626250316,
    184.75060990489));
#10590 = ADVANCED_FACE('',(#10591),#10608,.T.);
#10591 = FACE_BOUND('',#10592,.T.);
#10592 = EDGE_LOOP('',(#10593,#10601,#10602));
#10593 = ORIENTED_EDGE('',*,*,#10594,.T.);
#10594 = EDGE_CURVE('',#10595,#10515,#10597,.T.);
#10595 = VERTEX_POINT('',#10596);
#10596 = CARTESIAN_POINT('',(-14.43826238111,4.075397005498,
    144.75060990489));
#10597 = LINE('',#10598,#10599);
#10598 = CARTESIAN_POINT('',(-14.43826238111,4.075397005498,
    144.75060990489));
#10599 = VECTOR('',#10600,1.);
#10600 = DIRECTION('',(-0.76730437389,-0.185580592755,0.613843499112));
#10601 = ORIENTED_EDGE('',*,*,#10512,.F.);
#10602 = ORIENTED_EDGE('',*,*,#10603,.T.);
#10603 = EDGE_CURVE('',#10513,#10595,#10604,.T.);
#10604 = LINE('',#10605,#10606);
#10605 = CARTESIAN_POINT('',(17.561737618886,-8.017626250316,
    184.75060990489));
#10606 = VECTOR('',#10607,1.);
#10607 = DIRECTION('',(-0.607982649232,0.229760884884,-0.75997831154));
#10608 = PLANE('',#10609);
#10609 = AXIS2_PLACEMENT_3D('',#10610,#10611,#10612);
#10610 = CARTESIAN_POINT('',(-17.56173761888,3.319951831711,
    147.2493900951));
#10611 = DIRECTION('',(-1.666850475097E-16,0.957211427299,0.289389501276
    ));
#10612 = DIRECTION('',(0.607982649232,-0.229760884884,0.75997831154));
#10613 = ADVANCED_FACE('',(#10614),#10623,.T.);
#10614 = FACE_BOUND('',#10615,.T.);
#10615 = EDGE_LOOP('',(#10616,#10617,#10622));
#10616 = ORIENTED_EDGE('',*,*,#10529,.F.);
#10617 = ORIENTED_EDGE('',*,*,#10618,.T.);
#10618 = EDGE_CURVE('',#10523,#10595,#10619,.T.);
#10619 = B_SPLINE_CURVE_WITH_KNOTS('',1,(#10620,#10621),.UNSPECIFIED.,
  .F.,.F.,(2,2),(0.,1.),.PIECEWISE_BEZIER_KNOTS.);
#10620 = CARTESIAN_POINT('',(-14.43826238111,-7.924602994502,
    144.75060990489));
#10621 = CARTESIAN_POINT('',(-14.43826238111,4.075397005498,
    144.75060990489));
#10622 = ORIENTED_EDGE('',*,*,#10603,.F.);
#10623 = B_SPLINE_SURFACE_WITH_KNOTS('',1,1,(
    (#10624,#10625)
    ,(#10626,#10627
    )),.UNSPECIFIED.,.F.,.F.,.F.,(2,2),(2,2),(0.,52.633080961176),(0.,1.
    ),.PIECEWISE_BEZIER_KNOTS.);
#10624 = CARTESIAN_POINT('',(17.561737618886,-20.01762625031,
    184.75060990489));
#10625 = CARTESIAN_POINT('',(17.561737618886,-8.017626250316,
    184.75060990489));
#10626 = CARTESIAN_POINT('',(-14.43826238111,-7.924602994502,
    144.75060990489));
#10627 = CARTESIAN_POINT('',(-14.43826238111,4.075397005498,
    144.75060990489));
#10628 = ADVANCED_FACE('',(#10629),#10634,.T.);
#10629 = FACE_BOUND('',#10630,.T.);
#10630 = EDGE_LOOP('',(#10631,#10632,#10633));
#10631 = ORIENTED_EDGE('',*,*,#10618,.F.);
#10632 = ORIENTED_EDGE('',*,*,#10522,.F.);
#10633 = ORIENTED_EDGE('',*,*,#10594,.F.);
#10634 = B_SPLINE_SURFACE_WITH_KNOTS('',1,1,(
    (#10635,#10636)
    ,(#10637,#10638
    )),.UNSPECIFIED.,.F.,.F.,.F.,(2,2),(2,2),(0.,4.0707121503),(0.,1.),
  .PIECEWISE_BEZIER_KNOTS.);
#10635 = CARTESIAN_POINT('',(-14.43826238111,-7.924602994502,
    144.75060990489));
#10636 = CARTESIAN_POINT('',(-14.43826238111,4.075397005498,
    144.75060990489));
#10637 = CARTESIAN_POINT('',(-17.56173761888,-8.680048168289,
    147.2493900951));
#10638 = CARTESIAN_POINT('',(-17.56173761888,3.319951831711,
    147.2493900951));
#10639 = ADVANCED_FACE('',(#10640),#10678,.T.);
#10640 = FACE_BOUND('',#10641,.T.);
#10641 = EDGE_LOOP('',(#10642,#10643,#10644,#10645,#10646,#10647,#10648,
    #10649,#10650,#10651,#10652,#10653,#10654,#10655,#10656,#10657,
    #10658,#10659,#10660,#10661,#10662,#10663,#10664,#10665,#10666,
    #10667,#10668,#10669,#10670,#10671,#10672,#10673,#10674,#10675,
    #10676,#10677));
#10642 = ORIENTED_EDGE('',*,*,#10403,.F.);
#10643 = ORIENTED_EDGE('',*,*,#9063,.F.);
#10644 = ORIENTED_EDGE('',*,*,#9107,.F.);
#10645 = ORIENTED_EDGE('',*,*,#8975,.T.);
#10646 = ORIENTED_EDGE('',*,*,#8938,.T.);
#10647 = ORIENTED_EDGE('',*,*,#8907,.T.);
#10648 = ORIENTED_EDGE('',*,*,#8876,.T.);
#10649 = ORIENTED_EDGE('',*,*,#8827,.T.);
#10650 = ORIENTED_EDGE('',*,*,#9290,.F.);
#10651 = ORIENTED_EDGE('',*,*,#9527,.F.);
#10652 = ORIENTED_EDGE('',*,*,#9578,.F.);
#10653 = ORIENTED_EDGE('',*,*,#9487,.F.);
#10654 = ORIENTED_EDGE('',*,*,#8318,.F.);
#10655 = ORIENTED_EDGE('',*,*,#8188,.T.);
#10656 = ORIENTED_EDGE('',*,*,#8294,.F.);
#10657 = ORIENTED_EDGE('',*,*,#8357,.F.);
#10658 = ORIENTED_EDGE('',*,*,#8418,.F.);
#10659 = ORIENTED_EDGE('',*,*,#8457,.F.);
#10660 = ORIENTED_EDGE('',*,*,#9363,.F.);
#10661 = ORIENTED_EDGE('',*,*,#8755,.T.);
#10662 = ORIENTED_EDGE('',*,*,#8716,.T.);
#10663 = ORIENTED_EDGE('',*,*,#8685,.T.);
#10664 = ORIENTED_EDGE('',*,*,#8654,.T.);
#10665 = ORIENTED_EDGE('',*,*,#8629,.T.);
#10666 = ORIENTED_EDGE('',*,*,#8591,.F.);
#10667 = ORIENTED_EDGE('',*,*,#8552,.F.);
#10668 = ORIENTED_EDGE('',*,*,#10376,.T.);
#10669 = ORIENTED_EDGE('',*,*,#10465,.T.);
#10670 = ORIENTED_EDGE('',*,*,#8505,.F.);
#10671 = ORIENTED_EDGE('',*,*,#8545,.F.);
#10672 = ORIENTED_EDGE('',*,*,#9208,.F.);
#10673 = ORIENTED_EDGE('',*,*,#9186,.T.);
#10674 = ORIENTED_EDGE('',*,*,#9148,.F.);
#10675 = ORIENTED_EDGE('',*,*,#9070,.F.);
#10676 = ORIENTED_EDGE('',*,*,#9023,.T.);
#10677 = ORIENTED_EDGE('',*,*,#10455,.T.);
#10678 = PLANE('',#10679);
#10679 = AXIS2_PLACEMENT_3D('',#10680,#10681,#10682);
#10680 = CARTESIAN_POINT('',(1.505897477531E-15,6.444015090337,8.));
#10681 = DIRECTION('',(0.,0.,1.));
#10682 = DIRECTION('',(1.,0.,0.));
#10683 = ADVANCED_FACE('',(#10684),#10702,.T.);
#10684 = FACE_BOUND('',#10685,.T.);
#10685 = EDGE_LOOP('',(#10686,#10687,#10688,#10689,#10690,#10691,#10692,
    #10693,#10694,#10695,#10696,#10697,#10698,#10699,#10700,#10701));
#10686 = ORIENTED_EDGE('',*,*,#6848,.F.);
#10687 = ORIENTED_EDGE('',*,*,#7509,.F.);
#10688 = ORIENTED_EDGE('',*,*,#7786,.F.);
#10689 = ORIENTED_EDGE('',*,*,#7739,.F.);
#10690 = ORIENTED_EDGE('',*,*,#7159,.F.);
#10691 = ORIENTED_EDGE('',*,*,#7372,.T.);
#10692 = ORIENTED_EDGE('',*,*,#7994,.F.);
#10693 = ORIENTED_EDGE('',*,*,#10339,.T.);
#10694 = ORIENTED_EDGE('',*,*,#6926,.T.);
#10695 = ORIENTED_EDGE('',*,*,#7338,.F.);
#10696 = ORIENTED_EDGE('',*,*,#7581,.F.);
#10697 = ORIENTED_EDGE('',*,*,#6889,.T.);
#10698 = ORIENTED_EDGE('',*,*,#6532,.T.);
#10699 = ORIENTED_EDGE('',*,*,#10310,.F.);
#10700 = ORIENTED_EDGE('',*,*,#7954,.F.);
#10701 = ORIENTED_EDGE('',*,*,#6487,.F.);
#10702 = PLANE('',#10703);
#10703 = AXIS2_PLACEMENT_3D('',#10704,#10705,#10706);
#10704 = CARTESIAN_POINT('',(0.,-11.3513215859,68.));
#10705 = DIRECTION('',(-0.,-0.,-1.));
#10706 = DIRECTION('',(-1.,0.,0.));
#10707 = ADVANCED_FACE('',(#10708),#10844,.T.);
#10708 = FACE_BOUND('',#10709,.T.);
#10709 = EDGE_LOOP('',(#10710,#10711,#10712,#10713,#10714,#10715,#10716,
    #10717,#10718,#10719,#10720,#10721,#10722,#10723,#10732,#10739,
    #10740,#10741,#10742,#10743,#10744,#10745,#10746,#10747,#10756,
    #10763,#10764,#10765,#10766,#10767,#10768,#10769,#10770,#10771,
    #10780,#10787,#10788,#10789,#10790,#10791,#10792,#10793,#10794,
    #10795,#10804,#10811,#10812,#10813,#10814,#10815,#10816,#10817,
    #10818,#10819,#10828,#10835,#10836,#10837,#10838,#10839,#10840,
    #10841,#10842,#10843));
#10710 = ORIENTED_EDGE('',*,*,#9086,.T.);
#10711 = ORIENTED_EDGE('',*,*,#9139,.T.);
#10712 = ORIENTED_EDGE('',*,*,#9170,.F.);
#10713 = ORIENTED_EDGE('',*,*,#9201,.T.);
#10714 = ORIENTED_EDGE('',*,*,#8568,.T.);
#10715 = ORIENTED_EDGE('',*,*,#8582,.T.);
#10716 = ORIENTED_EDGE('',*,*,#8613,.F.);
#10717 = ORIENTED_EDGE('',*,*,#8661,.F.);
#10718 = ORIENTED_EDGE('',*,*,#8692,.F.);
#10719 = ORIENTED_EDGE('',*,*,#8723,.F.);
#10720 = ORIENTED_EDGE('',*,*,#8762,.F.);
#10721 = ORIENTED_EDGE('',*,*,#9333,.F.);
#10722 = ORIENTED_EDGE('',*,*,#9745,.F.);
#10723 = ORIENTED_EDGE('',*,*,#10724,.T.);
#10724 = EDGE_CURVE('',#9736,#10725,#10727,.T.);
#10725 = VERTEX_POINT('',#10726);
#10726 = CARTESIAN_POINT('',(-36.85,16.,0.));
#10727 = CIRCLE('',#10728,3.15);
#10728 = AXIS2_PLACEMENT_3D('',#10729,#10730,#10731);
#10729 = CARTESIAN_POINT('',(-40.,16.,0.));
#10730 = DIRECTION('',(0.,0.,1.));
#10731 = DIRECTION('',(1.,0.,0.));
#10732 = ORIENTED_EDGE('',*,*,#10733,.T.);
#10733 = EDGE_CURVE('',#10725,#10050,#10734,.T.);
#10734 = CIRCLE('',#10735,3.15);
#10735 = AXIS2_PLACEMENT_3D('',#10736,#10737,#10738);
#10736 = CARTESIAN_POINT('',(-40.,16.,0.));
#10737 = DIRECTION('',(0.,0.,1.));
#10738 = DIRECTION('',(1.,0.,0.));
#10739 = ORIENTED_EDGE('',*,*,#10057,.T.);
#10740 = ORIENTED_EDGE('',*,*,#9711,.F.);
#10741 = ORIENTED_EDGE('',*,*,#9341,.F.);
#10742 = ORIENTED_EDGE('',*,*,#8737,.F.);
#10743 = ORIENTED_EDGE('',*,*,#9356,.T.);
#10744 = ORIENTED_EDGE('',*,*,#8441,.T.);
#10745 = ORIENTED_EDGE('',*,*,#8400,.F.);
#10746 = ORIENTED_EDGE('',*,*,#9845,.F.);
#10747 = ORIENTED_EDGE('',*,*,#10748,.T.);
#10748 = EDGE_CURVE('',#9836,#10749,#10751,.T.);
#10749 = VERTEX_POINT('',#10750);
#10750 = CARTESIAN_POINT('',(-16.85,20.,0.));
#10751 = CIRCLE('',#10752,3.15);
#10752 = AXIS2_PLACEMENT_3D('',#10753,#10754,#10755);
#10753 = CARTESIAN_POINT('',(-20.,20.,0.));
#10754 = DIRECTION('',(0.,0.,1.));
#10755 = DIRECTION('',(1.,0.,0.));
#10756 = ORIENTED_EDGE('',*,*,#10757,.T.);
#10757 = EDGE_CURVE('',#10749,#10074,#10758,.T.);
#10758 = CIRCLE('',#10759,3.15);
#10759 = AXIS2_PLACEMENT_3D('',#10760,#10761,#10762);
#10760 = CARTESIAN_POINT('',(-20.,20.,0.));
#10761 = DIRECTION('',(0.,0.,1.));
#10762 = DIRECTION('',(1.,0.,0.));
#10763 = ORIENTED_EDGE('',*,*,#10081,.T.);
#10764 = ORIENTED_EDGE('',*,*,#9811,.F.);
#10765 = ORIENTED_EDGE('',*,*,#8426,.F.);
#10766 = ORIENTED_EDGE('',*,*,#8340,.T.);
#10767 = ORIENTED_EDGE('',*,*,#8278,.T.);
#10768 = ORIENTED_EDGE('',*,*,#8204,.F.);
#10769 = ORIENTED_EDGE('',*,*,#8255,.F.);
#10770 = ORIENTED_EDGE('',*,*,#9422,.F.);
#10771 = ORIENTED_EDGE('',*,*,#10772,.T.);
#10772 = EDGE_CURVE('',#9413,#10773,#10775,.T.);
#10773 = VERTEX_POINT('',#10774);
#10774 = CARTESIAN_POINT('',(3.15,16.,0.));
#10775 = CIRCLE('',#10776,3.15);
#10776 = AXIS2_PLACEMENT_3D('',#10777,#10778,#10779);
#10777 = CARTESIAN_POINT('',(0.,16.,0.));
#10778 = DIRECTION('',(0.,0.,1.));
#10779 = DIRECTION('',(1.,0.,0.));
#10780 = ORIENTED_EDGE('',*,*,#10781,.T.);
#10781 = EDGE_CURVE('',#10773,#9902,#10782,.T.);
#10782 = CIRCLE('',#10783,3.15);
#10783 = AXIS2_PLACEMENT_3D('',#10784,#10785,#10786);
#10784 = CARTESIAN_POINT('',(0.,16.,0.));
#10785 = DIRECTION('',(0.,0.,1.));
#10786 = DIRECTION('',(1.,0.,0.));
#10787 = ORIENTED_EDGE('',*,*,#9909,.T.);
#10788 = ORIENTED_EDGE('',*,*,#9388,.F.);
#10789 = ORIENTED_EDGE('',*,*,#8263,.F.);
#10790 = ORIENTED_EDGE('',*,*,#8170,.F.);
#10791 = ORIENTED_EDGE('',*,*,#8309,.T.);
#10792 = ORIENTED_EDGE('',*,*,#9478,.T.);
#10793 = ORIENTED_EDGE('',*,*,#9570,.F.);
#10794 = ORIENTED_EDGE('',*,*,#9969,.F.);
#10795 = ORIENTED_EDGE('',*,*,#10796,.T.);
#10796 = EDGE_CURVE('',#9960,#10797,#10799,.T.);
#10797 = VERTEX_POINT('',#10798);
#10798 = CARTESIAN_POINT('',(23.15,20.,0.));
#10799 = CIRCLE('',#10800,3.15);
#10800 = AXIS2_PLACEMENT_3D('',#10801,#10802,#10803);
#10801 = CARTESIAN_POINT('',(20.,20.,0.));
#10802 = DIRECTION('',(0.,0.,1.));
#10803 = DIRECTION('',(1.,0.,0.));
#10804 = ORIENTED_EDGE('',*,*,#10805,.T.);
#10805 = EDGE_CURVE('',#10797,#10098,#10806,.T.);
#10806 = CIRCLE('',#10807,3.15);
#10807 = AXIS2_PLACEMENT_3D('',#10808,#10809,#10810);
#10808 = CARTESIAN_POINT('',(20.,20.,0.));
#10809 = DIRECTION('',(0.,0.,1.));
#10810 = DIRECTION('',(1.,0.,0.));
#10811 = ORIENTED_EDGE('',*,*,#10105,.T.);
#10812 = ORIENTED_EDGE('',*,*,#9935,.F.);
#10813 = ORIENTED_EDGE('',*,*,#9586,.F.);
#10814 = ORIENTED_EDGE('',*,*,#9510,.T.);
#10815 = ORIENTED_EDGE('',*,*,#9274,.T.);
#10816 = ORIENTED_EDGE('',*,*,#8843,.F.);
#10817 = ORIENTED_EDGE('',*,*,#9251,.F.);
#10818 = ORIENTED_EDGE('',*,*,#9645,.F.);
#10819 = ORIENTED_EDGE('',*,*,#10820,.T.);
#10820 = EDGE_CURVE('',#9636,#10821,#10823,.T.);
#10821 = VERTEX_POINT('',#10822);
#10822 = CARTESIAN_POINT('',(43.15,16.,0.));
#10823 = CIRCLE('',#10824,3.15);
#10824 = AXIS2_PLACEMENT_3D('',#10825,#10826,#10827);
#10825 = CARTESIAN_POINT('',(40.,16.,0.));
#10826 = DIRECTION('',(0.,0.,1.));
#10827 = DIRECTION('',(1.,0.,0.));
#10828 = ORIENTED_EDGE('',*,*,#10829,.T.);
#10829 = EDGE_CURVE('',#10821,#10026,#10830,.T.);
#10830 = CIRCLE('',#10831,3.15);
#10831 = AXIS2_PLACEMENT_3D('',#10832,#10833,#10834);
#10832 = CARTESIAN_POINT('',(40.,16.,0.));
#10833 = DIRECTION('',(0.,0.,1.));
#10834 = DIRECTION('',(1.,0.,0.));
#10835 = ORIENTED_EDGE('',*,*,#10033,.T.);
#10836 = ORIENTED_EDGE('',*,*,#9611,.F.);
#10837 = ORIENTED_EDGE('',*,*,#9259,.F.);
#10838 = ORIENTED_EDGE('',*,*,#8809,.F.);
#10839 = ORIENTED_EDGE('',*,*,#8883,.F.);
#10840 = ORIENTED_EDGE('',*,*,#8914,.F.);
#10841 = ORIENTED_EDGE('',*,*,#8945,.F.);
#10842 = ORIENTED_EDGE('',*,*,#8959,.F.);
#10843 = ORIENTED_EDGE('',*,*,#9100,.T.);
#10844 = PLANE('',#10845);
#10845 = AXIS2_PLACEMENT_3D('',#10846,#10847,#10848);
#10846 = CARTESIAN_POINT('',(5.200779152146E-02,11.633795189582,0.));
#10847 = DIRECTION('',(-0.,-0.,-1.));
#10848 = DIRECTION('',(-1.,0.,0.));
#10849 = ADVANCED_FACE('',(#10850),#10858,.F.);
#10850 = FACE_BOUND('',#10851,.F.);
#10851 = EDGE_LOOP('',(#10852,#10853,#10854,#10855,#10856,#10857));
#10852 = ORIENTED_EDGE('',*,*,#9901,.T.);
#10853 = ORIENTED_EDGE('',*,*,#9453,.F.);
#10854 = ORIENTED_EDGE('',*,*,#9462,.F.);
#10855 = ORIENTED_EDGE('',*,*,#9412,.F.);
#10856 = ORIENTED_EDGE('',*,*,#10772,.T.);
#10857 = ORIENTED_EDGE('',*,*,#10781,.T.);
#10858 = CYLINDRICAL_SURFACE('',#10859,3.15);
#10859 = AXIS2_PLACEMENT_3D('',#10860,#10861,#10862);
#10860 = CARTESIAN_POINT('',(0.,16.,-1.));
#10861 = DIRECTION('',(0.,0.,1.));
#10862 = DIRECTION('',(1.,0.,0.));
#10863 = ADVANCED_FACE('',(#10864),#10872,.F.);
#10864 = FACE_BOUND('',#10865,.F.);
#10865 = EDGE_LOOP('',(#10866,#10867,#10868,#10869,#10870,#10871));
#10866 = ORIENTED_EDGE('',*,*,#10025,.T.);
#10867 = ORIENTED_EDGE('',*,*,#9676,.F.);
#10868 = ORIENTED_EDGE('',*,*,#9685,.F.);
#10869 = ORIENTED_EDGE('',*,*,#9635,.F.);
#10870 = ORIENTED_EDGE('',*,*,#10820,.T.);
#10871 = ORIENTED_EDGE('',*,*,#10829,.T.);
#10872 = CYLINDRICAL_SURFACE('',#10873,3.15);
#10873 = AXIS2_PLACEMENT_3D('',#10874,#10875,#10876);
#10874 = CARTESIAN_POINT('',(40.,16.,-1.));
#10875 = DIRECTION('',(0.,0.,1.));
#10876 = DIRECTION('',(1.,0.,0.));
#10877 = ADVANCED_FACE('',(#10878),#10886,.F.);
#10878 = FACE_BOUND('',#10879,.F.);
#10879 = EDGE_LOOP('',(#10880,#10881,#10882,#10883,#10884,#10885));
#10880 = ORIENTED_EDGE('',*,*,#10049,.T.);
#10881 = ORIENTED_EDGE('',*,*,#9776,.F.);
#10882 = ORIENTED_EDGE('',*,*,#9785,.F.);
#10883 = ORIENTED_EDGE('',*,*,#9735,.F.);
#10884 = ORIENTED_EDGE('',*,*,#10724,.T.);
#10885 = ORIENTED_EDGE('',*,*,#10733,.T.);
#10886 = CYLINDRICAL_SURFACE('',#10887,3.15);
#10887 = AXIS2_PLACEMENT_3D('',#10888,#10889,#10890);
#10888 = CARTESIAN_POINT('',(-40.,16.,-1.));
#10889 = DIRECTION('',(0.,0.,1.));
#10890 = DIRECTION('',(1.,0.,0.));
#10891 = ADVANCED_FACE('',(#10892),#10900,.F.);
#10892 = FACE_BOUND('',#10893,.F.);
#10893 = EDGE_LOOP('',(#10894,#10895,#10896,#10897,#10898,#10899));
#10894 = ORIENTED_EDGE('',*,*,#10073,.T.);
#10895 = ORIENTED_EDGE('',*,*,#9876,.F.);
#10896 = ORIENTED_EDGE('',*,*,#9885,.F.);
#10897 = ORIENTED_EDGE('',*,*,#9835,.F.);
#10898 = ORIENTED_EDGE('',*,*,#10748,.T.);
#10899 = ORIENTED_EDGE('',*,*,#10757,.T.);
#10900 = CYLINDRICAL_SURFACE('',#10901,3.15);
#10901 = AXIS2_PLACEMENT_3D('',#10902,#10903,#10904);
#10902 = CARTESIAN_POINT('',(-20.,20.,-1.));
#10903 = DIRECTION('',(0.,0.,1.));
#10904 = DIRECTION('',(1.,0.,0.));
#10905 = ADVANCED_FACE('',(#10906),#10914,.F.);
#10906 = FACE_BOUND('',#10907,.F.);
#10907 = EDGE_LOOP('',(#10908,#10909,#10910,#10911,#10912,#10913));
#10908 = ORIENTED_EDGE('',*,*,#10097,.T.);
#10909 = ORIENTED_EDGE('',*,*,#10000,.F.);
#10910 = ORIENTED_EDGE('',*,*,#10009,.F.);
#10911 = ORIENTED_EDGE('',*,*,#9959,.F.);
#10912 = ORIENTED_EDGE('',*,*,#10796,.T.);
#10913 = ORIENTED_EDGE('',*,*,#10805,.T.);
#10914 = CYLINDRICAL_SURFACE('',#10915,3.15);
#10915 = AXIS2_PLACEMENT_3D('',#10916,#10917,#10918);
#10916 = CARTESIAN_POINT('',(20.,20.,-1.));
#10917 = DIRECTION('',(0.,0.,1.));
#10918 = DIRECTION('',(1.,0.,0.));
#10919 = ADVANCED_FACE('',(#10920),#10928,.T.);
#10920 = FACE_BOUND('',#10921,.T.);
#10921 = EDGE_LOOP('',(#10922,#10923,#10924,#10925,#10926,#10927));
#10922 = ORIENTED_EDGE('',*,*,#1600,.F.);
#10923 = ORIENTED_EDGE('',*,*,#5387,.T.);
#10924 = ORIENTED_EDGE('',*,*,#2781,.T.);
#10925 = ORIENTED_EDGE('',*,*,#4947,.T.);
#10926 = ORIENTED_EDGE('',*,*,#4963,.T.);
#10927 = ORIENTED_EDGE('',*,*,#4363,.T.);
#10928 = B_SPLINE_SURFACE_WITH_KNOTS('',1,1,(
    (#10929,#10930)
    ,(#10931,#10932
    )),.UNSPECIFIED.,.F.,.F.,.F.,(2,2),(2,2),(0.,12.),(0.,1.),
  .PIECEWISE_BEZIER_KNOTS.);
#10929 = CARTESIAN_POINT('',(-19.,-9.,188.));
#10930 = CARTESIAN_POINT('',(-19.,-7.,198.));
#10931 = CARTESIAN_POINT('',(-19.,-21.,188.));
#10932 = CARTESIAN_POINT('',(-19.,-17.,198.));
#10933 = ADVANCED_FACE('',(#10934),#10940,.T.);
#10934 = FACE_BOUND('',#10935,.T.);
#10935 = EDGE_LOOP('',(#10936,#10937,#10938,#10939));
#10936 = ORIENTED_EDGE('',*,*,#5402,.F.);
#10937 = ORIENTED_EDGE('',*,*,#5394,.T.);
#10938 = ORIENTED_EDGE('',*,*,#3621,.F.);
#10939 = ORIENTED_EDGE('',*,*,#5437,.F.);
#10940 = B_SPLINE_SURFACE_WITH_KNOTS('',1,1,(
    (#10941,#10942)
    ,(#10943,#10944
    )),.UNSPECIFIED.,.F.,.F.,.F.,(2,2),(2,2),(0.,12.),(0.,1.),
  .PIECEWISE_BEZIER_KNOTS.);
#10941 = CARTESIAN_POINT('',(-19.,-9.,188.));
#10942 = CARTESIAN_POINT('',(-19.,-7.,198.));
#10943 = CARTESIAN_POINT('',(-19.,-21.,188.));
#10944 = CARTESIAN_POINT('',(-19.,-17.,198.));
#10945 = ADVANCED_FACE('',(#10946),#10954,.T.);
#10946 = FACE_BOUND('',#10947,.T.);
#10947 = EDGE_LOOP('',(#10948,#10949,#10950,#10951,#10952,#10953));
#10948 = ORIENTED_EDGE('',*,*,#5018,.F.);
#10949 = ORIENTED_EDGE('',*,*,#5034,.F.);
#10950 = ORIENTED_EDGE('',*,*,#2829,.T.);
#10951 = ORIENTED_EDGE('',*,*,#5647,.T.);
#10952 = ORIENTED_EDGE('',*,*,#2634,.F.);
#10953 = ORIENTED_EDGE('',*,*,#5004,.F.);
#10954 = B_SPLINE_SURFACE_WITH_KNOTS('',1,1,(
    (#10955,#10956)
    ,(#10957,#10958
    )),.UNSPECIFIED.,.F.,.F.,.F.,(2,2),(2,2),(0.,12.),(0.,1.),
  .PIECEWISE_BEZIER_KNOTS.);
#10955 = CARTESIAN_POINT('',(19.,-21.,188.));
#10956 = CARTESIAN_POINT('',(19.,-17.,198.));
#10957 = CARTESIAN_POINT('',(19.,-9.,188.));
#10958 = CARTESIAN_POINT('',(19.,-7.,198.));
#10959 = ADVANCED_FACE('',(#10960),#10966,.T.);
#10960 = FACE_BOUND('',#10961,.T.);
#10961 = EDGE_LOOP('',(#10962,#10963,#10964,#10965));
#10962 = ORIENTED_EDGE('',*,*,#5470,.F.);
#10963 = ORIENTED_EDGE('',*,*,#5640,.T.);
#10964 = ORIENTED_EDGE('',*,*,#5633,.T.);
#10965 = ORIENTED_EDGE('',*,*,#6072,.T.);
#10966 = B_SPLINE_SURFACE_WITH_KNOTS('',1,1,(
    (#10967,#10968)
    ,(#10969,#10970
    )),.UNSPECIFIED.,.F.,.F.,.F.,(2,2),(2,2),(0.,12.),(0.,1.),
  .PIECEWISE_BEZIER_KNOTS.);
#10967 = CARTESIAN_POINT('',(19.,-21.,188.));
#10968 = CARTESIAN_POINT('',(19.,-17.,198.));
#10969 = CARTESIAN_POINT('',(19.,-9.,188.));
#10970 = CARTESIAN_POINT('',(19.,-7.,198.));
#10971 = ( GEOMETRIC_REPRESENTATION_CONTEXT(3) 
GLOBAL_UNCERTAINTY_ASSIGNED_CONTEXT((#10975)) 
GLOBAL_UNIT_ASSIGNED_CONTEXT((#10972,#10973,#10974)) 
REPRESENTATION_CONTEXT('Context #1',
  '3D Context with UNIT and UNCERTAINTY') );
#10972 = ( LENGTH_UNIT() NAMED_UNIT(*) SI_UNIT(.MILLI.,.METRE.) );
#10973 = ( NAMED_UNIT(*) PLANE_ANGLE_UNIT() SI_UNIT($,.RADIAN.) );
#10974 = ( NAMED_UNIT(*) SI_UNIT($,.STERADIAN.) SOLID_ANGLE_UNIT() );
#10975 = UNCERTAINTY_MEASURE_WITH_UNIT(LENGTH_MEASURE(2.E-06),#10972,
  'distance_accuracy_value','confusion accuracy');
#10976 = PRODUCT_RELATED_PRODUCT_CATEGORY('part',$,(#7));
ENDSEC;
END-ISO-10303-21;
