ISO-10303-21;
HEADER;
FILE_DESCRIPTION(('FreeCAD Model'),'2;1');
FILE_NAME('Open CASCADE Shape Model','2026-08-12T20:48:49',('FreeCAD'),(
    'FreeCAD'),'Open CASCADE STEP processor 7.8','FreeCAD','Unknown');
FILE_SCHEMA(('AUTOMOTIVE_DESIGN { 1 0 10303 214 1 1 1 1 }'));
ENDSEC;
DATA;
#1 = APPLICATION_PROTOCOL_DEFINITION('international standard',
  'automotive_design',2000,#2);
#2 = APPLICATION_CONTEXT(
  'core data for automotive mechanical design processes');
#3 = SHAPE_DEFINITION_REPRESENTATION(#4,#10);
#4 = PRODUCT_DEFINITION_SHAPE('','',#5);
#5 = PRODUCT_DEFINITION('design','',#6,#9);
#6 = PRODUCT_DEFINITION_FORMATION('','',#7);
#7 = PRODUCT('Open CASCADE STEP translator 7.8 3',
  'Open CASCADE STEP translator 7.8 3','',(#8));
#8 = PRODUCT_CONTEXT('',#2,'mechanical');
#9 = PRODUCT_DEFINITION_CONTEXT('part definition',#2,'design');
#10 = ADVANCED_BREP_SHAPE_REPRESENTATION('',(#11,#15),#9655);
#11 = AXIS2_PLACEMENT_3D('',#12,#13,#14);
#12 = CARTESIAN_POINT('',(0.,0.,0.));
#13 = DIRECTION('',(0.,0.,1.));
#14 = DIRECTION('',(1.,0.,-0.));
#15 = MANIFOLD_SOLID_BREP('',#16);
#16 = CLOSED_SHELL('',(#17,#55,#182,#205,#228,#257,#280,#303,#855,#878,
    #895,#966,#1023,#1046,#1071,#1142,#1199,#1230,#1247,#1270,#1293,
    #1322,#1345,#1368,#1711,#1878,#2071,#2233,#2396,#2563,#2586,#2603,
    #2641,#2664,#2696,#2751,#2773,#2797,#2828,#2858,#2881,#2913,#2943,
    #2959,#3014,#3045,#3068,#3091,#3120,#3143,#3166,#3189,#3264,#3303,
    #3326,#3343,#3364,#3411,#3451,#3495,#3511,#3558,#3598,#3619,#3641,
    #3671,#3694,#3717,#3828,#3844,#3860,#3876,#3906,#3935,#3965,#3988,
    #4011,#4120,#4136,#4148,#4179,#4226,#4289,#4352,#4399,#4453,#4573,
    #4606,#4618,#4765,#4789,#4813,#4876,#4909,#4963,#5010,#5055,#5088,
    #5117,#5140,#5161,#5177,#5200,#5223,#5246,#5263,#5279,#5309,#5325,
    #5355,#5371,#5387,#5410,#5521,#5551,#5574,#5598,#5628,#5651,#5675,
    #5692,#5709,#5726,#5743,#5777,#5794,#5806,#5837,#5886,#5937,#5969,
    #5986,#6003,#6015,#6046,#6063,#6075,#6102,#6114,#6130,#6153,#6170,
    #6186,#6202,#6214,#6231,#6248,#6277,#6300,#6323,#6352,#6375,#6398,
    #6415,#6437,#6454,#6466,#6497,#6521,#6545,#6562,#6579,#6596,#6608,
    #6620,#6632,#6802,#6833,#6857,#6888,#6920,#6967,#6998,#7029,#7053,
    #7084,#7115,#7146,#7178,#7225,#7247,#7278,#7295,#7326,#7357,#7388,
    #7467,#7499,#7568,#7600,#7669,#7701,#7770,#7802,#7871,#7902,#7924,
    #7955,#7986,#8017,#8039,#8073,#8104,#8139,#8173,#8204,#8239,#8273,
    #8304,#8339,#8373,#8404,#8439,#8473,#8504,#8539,#8563,#8587,#8611,
    #8635,#8659,#8690,#8714,#8731,#8762,#8786,#8803,#8835,#8869,#8900,
    #8934,#8965,#8987,#9083,#9106,#9121,#9132,#9155,#9170,#9181,#9223,
    #9247,#9432,#9463,#9479,#9510,#9526,#9557,#9573,#9591,#9605,#9623,
    #9637));
#17 = ADVANCED_FACE('',(#18),#50,.T.);
#18 = FACE_BOUND('',#19,.T.);
#19 = EDGE_LOOP('',(#20,#30,#37,#45));
#20 = ORIENTED_EDGE('',*,*,#21,.T.);
#21 = EDGE_CURVE('',#22,#24,#26,.T.);
#22 = VERTEX_POINT('',#23);
#23 = CARTESIAN_POINT('',(-38.,-21.,188.));
#24 = VERTEX_POINT('',#25);
#25 = CARTESIAN_POINT('',(38.,-21.,188.));
#26 = LINE('',#27,#28);
#27 = CARTESIAN_POINT('',(-38.,-21.,188.));
#28 = VECTOR('',#29,1.);
#29 = DIRECTION('',(1.,0.,0.));
#30 = ORIENTED_EDGE('',*,*,#31,.T.);
#31 = EDGE_CURVE('',#24,#32,#34,.T.);
#32 = VERTEX_POINT('',#33);
#33 = CARTESIAN_POINT('',(49.,-21.,202.));
#34 = B_SPLINE_CURVE_WITH_KNOTS('',1,(#35,#36),.UNSPECIFIED.,.F.,.F.,(2,
    2),(0.,1.),.PIECEWISE_BEZIER_KNOTS.);
#35 = CARTESIAN_POINT('',(38.,-21.,188.));
#36 = CARTESIAN_POINT('',(49.,-21.,202.));
#37 = ORIENTED_EDGE('',*,*,#38,.F.);
#38 = EDGE_CURVE('',#39,#32,#41,.T.);
#39 = VERTEX_POINT('',#40);
#40 = CARTESIAN_POINT('',(-49.,-21.,202.));
#41 = LINE('',#42,#43);
#42 = CARTESIAN_POINT('',(-49.,-21.,202.));
#43 = VECTOR('',#44,1.);
#44 = DIRECTION('',(1.,0.,0.));
#45 = ORIENTED_EDGE('',*,*,#46,.F.);
#46 = EDGE_CURVE('',#22,#39,#47,.T.);
#47 = B_SPLINE_CURVE_WITH_KNOTS('',1,(#48,#49),.UNSPECIFIED.,.F.,.F.,(2,
    2),(0.,1.),.PIECEWISE_BEZIER_KNOTS.);
#48 = CARTESIAN_POINT('',(-38.,-21.,188.));
#49 = CARTESIAN_POINT('',(-49.,-21.,202.));
#50 = B_SPLINE_SURFACE_WITH_KNOTS('',1,1,(
    (#51,#52)
    ,(#53,#54)),.UNSPECIFIED.,.F.,.F.,.F.,(2,2),(2,2),(0.,98.),(0.,1.),
  .PIECEWISE_BEZIER_KNOTS.);
#51 = CARTESIAN_POINT('',(-38.,-21.,188.));
#52 = CARTESIAN_POINT('',(-49.,-21.,202.));
#53 = CARTESIAN_POINT('',(38.,-21.,188.));
#54 = CARTESIAN_POINT('',(49.,-21.,202.));
#55 = ADVANCED_FACE('',(#56,#113,#145),#177,.T.);
#56 = FACE_BOUND('',#57,.T.);
#57 = EDGE_LOOP('',(#58,#68,#76,#84,#92,#100,#106,#107));
#58 = ORIENTED_EDGE('',*,*,#59,.F.);
#59 = EDGE_CURVE('',#60,#62,#64,.T.);
#60 = VERTEX_POINT('',#61);
#61 = CARTESIAN_POINT('',(-41.,-8.,188.));
#62 = VERTEX_POINT('',#63);
#63 = CARTESIAN_POINT('',(-41.,-18.,188.));
#64 = LINE('',#65,#66);
#65 = CARTESIAN_POINT('',(-41.,-8.,188.));
#66 = VECTOR('',#67,1.);
#67 = DIRECTION('',(0.,-1.,0.));
#68 = ORIENTED_EDGE('',*,*,#69,.F.);
#69 = EDGE_CURVE('',#70,#60,#72,.T.);
#70 = VERTEX_POINT('',#71);
#71 = CARTESIAN_POINT('',(-38.,-5.,188.));
#72 = LINE('',#73,#74);
#73 = CARTESIAN_POINT('',(-38.,-5.,188.));
#74 = VECTOR('',#75,1.);
#75 = DIRECTION('',(-0.707106781187,-0.707106781187,0.));
#76 = ORIENTED_EDGE('',*,*,#77,.F.);
#77 = EDGE_CURVE('',#78,#70,#80,.T.);
#78 = VERTEX_POINT('',#79);
#79 = CARTESIAN_POINT('',(38.,-5.,188.));
#80 = LINE('',#81,#82);
#81 = CARTESIAN_POINT('',(38.,-5.,188.));
#82 = VECTOR('',#83,1.);
#83 = DIRECTION('',(-1.,0.,0.));
#84 = ORIENTED_EDGE('',*,*,#85,.F.);
#85 = EDGE_CURVE('',#86,#78,#88,.T.);
#86 = VERTEX_POINT('',#87);
#87 = CARTESIAN_POINT('',(41.,-8.,188.));
#88 = LINE('',#89,#90);
#89 = CARTESIAN_POINT('',(41.,-8.,188.));
#90 = VECTOR('',#91,1.);
#91 = DIRECTION('',(-0.707106781187,0.707106781187,0.));
#92 = ORIENTED_EDGE('',*,*,#93,.F.);
#93 = EDGE_CURVE('',#94,#86,#96,.T.);
#94 = VERTEX_POINT('',#95);
#95 = CARTESIAN_POINT('',(41.,-18.,188.));
#96 = LINE('',#97,#98);
#97 = CARTESIAN_POINT('',(41.,-18.,188.));
#98 = VECTOR('',#99,1.);
#99 = DIRECTION('',(0.,1.,0.));
#100 = ORIENTED_EDGE('',*,*,#101,.F.);
#101 = EDGE_CURVE('',#24,#94,#102,.T.);
#102 = LINE('',#103,#104);
#103 = CARTESIAN_POINT('',(38.,-21.,188.));
#104 = VECTOR('',#105,1.);
#105 = DIRECTION('',(0.707106781187,0.707106781187,0.));
#106 = ORIENTED_EDGE('',*,*,#21,.F.);
#107 = ORIENTED_EDGE('',*,*,#108,.F.);
#108 = EDGE_CURVE('',#62,#22,#109,.T.);
#109 = LINE('',#110,#111);
#110 = CARTESIAN_POINT('',(-41.,-18.,188.));
#111 = VECTOR('',#112,1.);
#112 = DIRECTION('',(0.707106781187,-0.707106781187,0.));
#113 = FACE_BOUND('',#114,.T.);
#114 = EDGE_LOOP('',(#115,#125,#132,#140));
#115 = ORIENTED_EDGE('',*,*,#116,.F.);
#116 = EDGE_CURVE('',#117,#119,#121,.T.);
#117 = VERTEX_POINT('',#118);
#118 = CARTESIAN_POINT('',(19.,-20.70454545454,188.));
#119 = VERTEX_POINT('',#120);
#120 = CARTESIAN_POINT('',(13.,-20.70454545454,188.));
#121 = LINE('',#122,#123);
#122 = CARTESIAN_POINT('',(6.5,-20.70454545454,188.));
#123 = VECTOR('',#124,1.);
#124 = DIRECTION('',(-1.,0.,0.));
#125 = ORIENTED_EDGE('',*,*,#126,.F.);
#126 = EDGE_CURVE('',#127,#117,#129,.T.);
#127 = VERTEX_POINT('',#128);
#128 = CARTESIAN_POINT('',(19.,-8.704545454545,188.));
#129 = B_SPLINE_CURVE_WITH_KNOTS('',1,(#130,#131),.UNSPECIFIED.,.F.,.F.,
  (2,2),(0.,1.),.PIECEWISE_BEZIER_KNOTS.);
#130 = CARTESIAN_POINT('',(19.,-8.704545454545,188.));
#131 = CARTESIAN_POINT('',(19.,-20.70454545454,188.));
#132 = ORIENTED_EDGE('',*,*,#133,.F.);
#133 = EDGE_CURVE('',#134,#127,#136,.T.);
#134 = VERTEX_POINT('',#135);
#135 = CARTESIAN_POINT('',(13.,-8.704545454545,188.));
#136 = LINE('',#137,#138);
#137 = CARTESIAN_POINT('',(9.5,-8.704545454545,188.));
#138 = VECTOR('',#139,1.);
#139 = DIRECTION('',(1.,0.,0.));
#140 = ORIENTED_EDGE('',*,*,#141,.F.);
#141 = EDGE_CURVE('',#119,#134,#142,.T.);
#142 = B_SPLINE_CURVE_WITH_KNOTS('',1,(#143,#144),.UNSPECIFIED.,.F.,.F.,
  (2,2),(0.,1.),.PIECEWISE_BEZIER_KNOTS.);
#143 = CARTESIAN_POINT('',(13.,-20.70454545454,188.));
#144 = CARTESIAN_POINT('',(13.,-8.704545454545,188.));
#145 = FACE_BOUND('',#146,.T.);
#146 = EDGE_LOOP('',(#147,#157,#164,#172));
#147 = ORIENTED_EDGE('',*,*,#148,.F.);
#148 = EDGE_CURVE('',#149,#151,#153,.T.);
#149 = VERTEX_POINT('',#150);
#150 = CARTESIAN_POINT('',(-13.,-20.70454545454,188.));
#151 = VERTEX_POINT('',#152);
#152 = CARTESIAN_POINT('',(-19.,-20.70454545454,188.));
#153 = LINE('',#154,#155);
#154 = CARTESIAN_POINT('',(-9.5,-20.70454545454,188.));
#155 = VECTOR('',#156,1.);
#156 = DIRECTION('',(-1.,0.,0.));
#157 = ORIENTED_EDGE('',*,*,#158,.F.);
#158 = EDGE_CURVE('',#159,#149,#161,.T.);
#159 = VERTEX_POINT('',#160);
#160 = CARTESIAN_POINT('',(-13.,-8.704545454545,188.));
#161 = B_SPLINE_CURVE_WITH_KNOTS('',1,(#162,#163),.UNSPECIFIED.,.F.,.F.,
  (2,2),(0.,1.),.PIECEWISE_BEZIER_KNOTS.);
#162 = CARTESIAN_POINT('',(-13.,-8.704545454545,188.));
#163 = CARTESIAN_POINT('',(-13.,-20.70454545454,188.));
#164 = ORIENTED_EDGE('',*,*,#165,.F.);
#165 = EDGE_CURVE('',#166,#159,#168,.T.);
#166 = VERTEX_POINT('',#167);
#167 = CARTESIAN_POINT('',(-19.,-8.704545454545,188.));
#168 = LINE('',#169,#170);
#169 = CARTESIAN_POINT('',(-6.5,-8.704545454545,188.));
#170 = VECTOR('',#171,1.);
#171 = DIRECTION('',(1.,0.,0.));
#172 = ORIENTED_EDGE('',*,*,#173,.F.);
#173 = EDGE_CURVE('',#151,#166,#174,.T.);
#174 = B_SPLINE_CURVE_WITH_KNOTS('',1,(#175,#176),.UNSPECIFIED.,.F.,.F.,
  (2,2),(0.,1.),.PIECEWISE_BEZIER_KNOTS.);
#175 = CARTESIAN_POINT('',(-19.,-20.70454545454,188.));
#176 = CARTESIAN_POINT('',(-19.,-8.704545454545,188.));
#177 = PLANE('',#178);
#178 = AXIS2_PLACEMENT_3D('',#179,#180,#181);
#179 = CARTESIAN_POINT('',(0.,-13.,188.));
#180 = DIRECTION('',(-0.,-0.,-1.));
#181 = DIRECTION('',(-1.,0.,0.));
#182 = ADVANCED_FACE('',(#183),#200,.T.);
#183 = FACE_BOUND('',#184,.T.);
#184 = EDGE_LOOP('',(#185,#186,#187,#195));
#185 = ORIENTED_EDGE('',*,*,#108,.T.);
#186 = ORIENTED_EDGE('',*,*,#46,.T.);
#187 = ORIENTED_EDGE('',*,*,#188,.F.);
#188 = EDGE_CURVE('',#189,#39,#191,.T.);
#189 = VERTEX_POINT('',#190);
#190 = CARTESIAN_POINT('',(-54.,-16.,202.));
#191 = LINE('',#192,#193);
#192 = CARTESIAN_POINT('',(-54.,-16.,202.));
#193 = VECTOR('',#194,1.);
#194 = DIRECTION('',(0.707106781187,-0.707106781187,0.));
#195 = ORIENTED_EDGE('',*,*,#196,.F.);
#196 = EDGE_CURVE('',#62,#189,#197,.T.);
#197 = B_SPLINE_CURVE_WITH_KNOTS('',1,(#198,#199),.UNSPECIFIED.,.F.,.F.,
  (2,2),(0.,1.),.PIECEWISE_BEZIER_KNOTS.);
#198 = CARTESIAN_POINT('',(-41.,-18.,188.));
#199 = CARTESIAN_POINT('',(-54.,-16.,202.));
#200 = B_SPLINE_SURFACE_WITH_KNOTS('',1,1,(
    (#201,#202)
    ,(#203,#204
    )),.UNSPECIFIED.,.F.,.F.,.F.,(2,2),(2,2),(0.,7.071067811865),(0.,1.)
  ,.PIECEWISE_BEZIER_KNOTS.);
#201 = CARTESIAN_POINT('',(-41.,-18.,188.));
#202 = CARTESIAN_POINT('',(-54.,-16.,202.));
#203 = CARTESIAN_POINT('',(-38.,-21.,188.));
#204 = CARTESIAN_POINT('',(-49.,-21.,202.));
#205 = ADVANCED_FACE('',(#206),#223,.T.);
#206 = FACE_BOUND('',#207,.T.);
#207 = EDGE_LOOP('',(#208,#209,#216,#222));
#208 = ORIENTED_EDGE('',*,*,#101,.T.);
#209 = ORIENTED_EDGE('',*,*,#210,.T.);
#210 = EDGE_CURVE('',#94,#211,#213,.T.);
#211 = VERTEX_POINT('',#212);
#212 = CARTESIAN_POINT('',(54.,-16.,202.));
#213 = B_SPLINE_CURVE_WITH_KNOTS('',1,(#214,#215),.UNSPECIFIED.,.F.,.F.,
  (2,2),(0.,1.),.PIECEWISE_BEZIER_KNOTS.);
#214 = CARTESIAN_POINT('',(41.,-18.,188.));
#215 = CARTESIAN_POINT('',(54.,-16.,202.));
#216 = ORIENTED_EDGE('',*,*,#217,.F.);
#217 = EDGE_CURVE('',#32,#211,#218,.T.);
#218 = LINE('',#219,#220);
#219 = CARTESIAN_POINT('',(49.,-21.,202.));
#220 = VECTOR('',#221,1.);
#221 = DIRECTION('',(0.707106781187,0.707106781187,0.));
#222 = ORIENTED_EDGE('',*,*,#31,.F.);
#223 = B_SPLINE_SURFACE_WITH_KNOTS('',1,1,(
    (#224,#225)
    ,(#226,#227
    )),.UNSPECIFIED.,.F.,.F.,.F.,(2,2),(2,2),(0.,7.071067811865),(0.,1.)
  ,.PIECEWISE_BEZIER_KNOTS.);
#224 = CARTESIAN_POINT('',(38.,-21.,188.));
#225 = CARTESIAN_POINT('',(49.,-21.,202.));
#226 = CARTESIAN_POINT('',(41.,-18.,188.));
#227 = CARTESIAN_POINT('',(54.,-16.,202.));
#228 = ADVANCED_FACE('',(#229),#252,.T.);
#229 = FACE_BOUND('',#230,.T.);
#230 = EDGE_LOOP('',(#231,#232,#239,#247));
#231 = ORIENTED_EDGE('',*,*,#38,.T.);
#232 = ORIENTED_EDGE('',*,*,#233,.T.);
#233 = EDGE_CURVE('',#32,#234,#236,.T.);
#234 = VERTEX_POINT('',#235);
#235 = CARTESIAN_POINT('',(56.,-19.,212.));
#236 = B_SPLINE_CURVE_WITH_KNOTS('',1,(#237,#238),.UNSPECIFIED.,.F.,.F.,
  (2,2),(0.,1.),.PIECEWISE_BEZIER_KNOTS.);
#237 = CARTESIAN_POINT('',(49.,-21.,202.));
#238 = CARTESIAN_POINT('',(56.,-19.,212.));
#239 = ORIENTED_EDGE('',*,*,#240,.F.);
#240 = EDGE_CURVE('',#241,#234,#243,.T.);
#241 = VERTEX_POINT('',#242);
#242 = CARTESIAN_POINT('',(-56.,-19.,212.));
#243 = LINE('',#244,#245);
#244 = CARTESIAN_POINT('',(-56.,-19.,212.));
#245 = VECTOR('',#246,1.);
#246 = DIRECTION('',(1.,0.,0.));
#247 = ORIENTED_EDGE('',*,*,#248,.F.);
#248 = EDGE_CURVE('',#39,#241,#249,.T.);
#249 = B_SPLINE_CURVE_WITH_KNOTS('',1,(#250,#251),.UNSPECIFIED.,.F.,.F.,
  (2,2),(0.,1.),.PIECEWISE_BEZIER_KNOTS.);
#250 = CARTESIAN_POINT('',(-49.,-21.,202.));
#251 = CARTESIAN_POINT('',(-56.,-19.,212.));
#252 = B_SPLINE_SURFACE_WITH_KNOTS('',1,1,(
    (#253,#254)
    ,(#255,#256
    )),.UNSPECIFIED.,.F.,.F.,.F.,(2,2),(2,2),(0.,112.),(0.,1.),
  .PIECEWISE_BEZIER_KNOTS.);
#253 = CARTESIAN_POINT('',(-49.,-21.,202.));
#254 = CARTESIAN_POINT('',(-56.,-19.,212.));
#255 = CARTESIAN_POINT('',(49.,-21.,202.));
#256 = CARTESIAN_POINT('',(56.,-19.,212.));
#257 = ADVANCED_FACE('',(#258),#275,.T.);
#258 = FACE_BOUND('',#259,.T.);
#259 = EDGE_LOOP('',(#260,#261,#262,#270));
#260 = ORIENTED_EDGE('',*,*,#59,.T.);
#261 = ORIENTED_EDGE('',*,*,#196,.T.);
#262 = ORIENTED_EDGE('',*,*,#263,.F.);
#263 = EDGE_CURVE('',#264,#189,#266,.T.);
#264 = VERTEX_POINT('',#265);
#265 = CARTESIAN_POINT('',(-54.,14.,202.));
#266 = LINE('',#267,#268);
#267 = CARTESIAN_POINT('',(-54.,14.,202.));
#268 = VECTOR('',#269,1.);
#269 = DIRECTION('',(0.,-1.,0.));
#270 = ORIENTED_EDGE('',*,*,#271,.F.);
#271 = EDGE_CURVE('',#60,#264,#272,.T.);
#272 = B_SPLINE_CURVE_WITH_KNOTS('',1,(#273,#274),.UNSPECIFIED.,.F.,.F.,
  (2,2),(0.,1.),.PIECEWISE_BEZIER_KNOTS.);
#273 = CARTESIAN_POINT('',(-41.,-8.,188.));
#274 = CARTESIAN_POINT('',(-54.,14.,202.));
#275 = B_SPLINE_SURFACE_WITH_KNOTS('',1,1,(
    (#276,#277)
    ,(#278,#279
  )),.UNSPECIFIED.,.F.,.F.,.F.,(2,2),(2,2),(0.,30.),(0.,1.),
  .PIECEWISE_BEZIER_KNOTS.);
#276 = CARTESIAN_POINT('',(-41.,-8.,188.));
#277 = CARTESIAN_POINT('',(-54.,14.,202.));
#278 = CARTESIAN_POINT('',(-41.,-18.,188.));
#279 = CARTESIAN_POINT('',(-54.,-16.,202.));
#280 = ADVANCED_FACE('',(#281),#298,.T.);
#281 = FACE_BOUND('',#282,.T.);
#282 = EDGE_LOOP('',(#283,#284,#285,#293));
#283 = ORIENTED_EDGE('',*,*,#69,.T.);
#284 = ORIENTED_EDGE('',*,*,#271,.T.);
#285 = ORIENTED_EDGE('',*,*,#286,.F.);
#286 = EDGE_CURVE('',#287,#264,#289,.T.);
#287 = VERTEX_POINT('',#288);
#288 = CARTESIAN_POINT('',(-49.,19.,202.));
#289 = LINE('',#290,#291);
#290 = CARTESIAN_POINT('',(-49.,19.,202.));
#291 = VECTOR('',#292,1.);
#292 = DIRECTION('',(-0.707106781187,-0.707106781187,0.));
#293 = ORIENTED_EDGE('',*,*,#294,.F.);
#294 = EDGE_CURVE('',#70,#287,#295,.T.);
#295 = B_SPLINE_CURVE_WITH_KNOTS('',1,(#296,#297),.UNSPECIFIED.,.F.,.F.,
  (2,2),(0.,1.),.PIECEWISE_BEZIER_KNOTS.);
#296 = CARTESIAN_POINT('',(-38.,-5.,188.));
#297 = CARTESIAN_POINT('',(-49.,19.,202.));
#298 = B_SPLINE_SURFACE_WITH_KNOTS('',1,1,(
    (#299,#300)
    ,(#301,#302
    )),.UNSPECIFIED.,.F.,.F.,.F.,(2,2),(2,2),(0.,7.071067811865),(0.,1.)
  ,.PIECEWISE_BEZIER_KNOTS.);
#299 = CARTESIAN_POINT('',(-38.,-5.,188.));
#300 = CARTESIAN_POINT('',(-49.,19.,202.));
#301 = CARTESIAN_POINT('',(-41.,-8.,188.));
#302 = CARTESIAN_POINT('',(-54.,14.,202.));
#303 = ADVANCED_FACE('',(#304),#850,.T.);
#304 = FACE_BOUND('',#305,.T.);
#305 = EDGE_LOOP('',(#306,#313,#314,#315,#323,#426,#453,#461,#528,#536,
    #628,#645,#653,#720,#728,#825,#844));
#306 = ORIENTED_EDGE('',*,*,#307,.F.);
#307 = EDGE_CURVE('',#78,#308,#310,.T.);
#308 = VERTEX_POINT('',#309);
#309 = CARTESIAN_POINT('',(49.,19.,202.));
#310 = B_SPLINE_CURVE_WITH_KNOTS('',1,(#311,#312),.UNSPECIFIED.,.F.,.F.,
  (2,2),(0.,1.),.PIECEWISE_BEZIER_KNOTS.);
#311 = CARTESIAN_POINT('',(38.,-5.,188.));
#312 = CARTESIAN_POINT('',(49.,19.,202.));
#313 = ORIENTED_EDGE('',*,*,#77,.T.);
#314 = ORIENTED_EDGE('',*,*,#294,.T.);
#315 = ORIENTED_EDGE('',*,*,#316,.F.);
#316 = EDGE_CURVE('',#317,#287,#319,.T.);
#317 = VERTEX_POINT('',#318);
#318 = CARTESIAN_POINT('',(-43.03388273412,19.,202.));
#319 = LINE('',#320,#321);
#320 = CARTESIAN_POINT('',(49.,19.,202.));
#321 = VECTOR('',#322,1.);
#322 = DIRECTION('',(-1.,0.,0.));
#323 = ORIENTED_EDGE('',*,*,#324,.T.);
#324 = EDGE_CURVE('',#317,#325,#327,.T.);
#325 = VERTEX_POINT('',#326);
#326 = CARTESIAN_POINT('',(-35.7625,16.,200.25));
#327 = B_SPLINE_CURVE_WITH_KNOTS('',7,(#328,#329,#330,#331,#332,#333,
    #334,#335,#336,#337,#338,#339,#340,#341,#342,#343,#344,#345,#346,
    #347,#348,#349,#350,#351,#352,#353,#354,#355,#356,#357,#358,#359,
    #360,#361,#362,#363,#364,#365,#366,#367,#368,#369,#370,#371,#372,
    #373,#374,#375,#376,#377,#378,#379,#380,#381,#382,#383,#384,#385,
    #386,#387,#388,#389,#390,#391,#392,#393,#394,#395,#396,#397,#398,
    #399,#400,#401,#402,#403,#404,#405,#406,#407,#408,#409,#410,#411,
    #412,#413,#414,#415,#416,#417,#418,#419,#420,#421,#422,#423,#424,
    #425),.UNSPECIFIED.,.F.,.F.,(8,6,6,6,6,6,6,6,6,6,6,6,6,6,6,6,8),(0.,
    0.165366947298,0.228287745945,0.279076805248,0.306621548127,
    0.363396561021,0.402646269371,0.420131371978,0.4480652349,
    0.49875674129,0.560719446339,0.605954450124,0.727902588942,
    0.821773302329,0.860957730277,0.916710980983,1.),.UNSPECIFIED.);
#328 = CARTESIAN_POINT('',(-43.03388273412,19.,202.));
#329 = CARTESIAN_POINT('',(-43.28757902773,18.739841140048,
    201.84824066502));
#330 = CARTESIAN_POINT('',(-43.5153806032,18.454170045492,201.6815991932
    ));
#331 = CARTESIAN_POINT('',(-43.71557538636,18.144636199447,
    201.50103778301));
#332 = CARTESIAN_POINT('',(-43.88571238656,17.81292454835,
    201.30753931987));
#333 = CARTESIAN_POINT('',(-44.02290542952,17.461016154675,
    201.10225942356));
#334 = CARTESIAN_POINT('',(-44.1240230081,17.091276444141,
    200.88657792574));
#335 = CARTESIAN_POINT('',(-44.20848178221,16.559678389268,
    200.5764790604));
#336 = CARTESIAN_POINT('',(-44.22596847429,16.410999822551,
    200.48974989648));
#337 = CARTESIAN_POINT('',(-44.23745375466,16.260335310101,
    200.40186226422));
#338 = CARTESIAN_POINT('',(-44.24271505742,16.107895218013,
    200.31293887717));
#339 = CARTESIAN_POINT('',(-44.24152548647,15.953929268543,
    200.22312540665));
#340 = CARTESIAN_POINT('',(-44.23366252286,15.798728792308,
    200.13259179551));
#341 = CARTESIAN_POINT('',(-44.20701407276,15.516626724135,
    199.96803225574));
#342 = CARTESIAN_POINT('',(-44.19062722231,15.390043141999,
    199.89419183283));
#343 = CARTESIAN_POINT('',(-44.16964780153,15.263060158395,
    199.82011842573));
#344 = CARTESIAN_POINT('',(-44.1439742802,15.135886070031,
    199.74593354085));
#345 = CARTESIAN_POINT('',(-44.11351956398,15.008755540316,
    199.67177406518));
#346 = CARTESIAN_POINT('',(-44.07821858121,14.881929593683,
    199.59779226298));
#347 = CARTESIAN_POINT('',(-44.01624333262,14.687234357171,
    199.48422004168));
#348 = CARTESIAN_POINT('',(-43.99301507993,14.618947529686,
    199.44438605898));
#349 = CARTESIAN_POINT('',(-43.96834576388,14.550881475012,
    199.40468086042));
#350 = CARTESIAN_POINT('',(-43.94223265825,14.483084537904,
    199.36513264711));
#351 = CARTESIAN_POINT('',(-43.91467612009,14.415606957477,
    199.32577072519));
#352 = CARTESIAN_POINT('',(-43.88568005156,14.348500764353,
    199.28662544587));
#353 = CARTESIAN_POINT('',(-43.79253504056,14.144377133369,
    199.16755332779));
#354 = CARTESIAN_POINT('',(-43.72372708287,14.008722204086,
    199.08842128571));
#355 = CARTESIAN_POINT('',(-43.64890655428,13.875351649115,
    199.01062179531));
#356 = CARTESIAN_POINT('',(-43.56821599498,13.744755921759,
    198.93444095436));
#357 = CARTESIAN_POINT('',(-43.48186620289,13.617416455616,
    198.8601595991));
#358 = CARTESIAN_POINT('',(-43.39014485549,13.493800096454,
    198.78805005626));
#359 = CARTESIAN_POINT('',(-43.22656902482,13.291772895604,
    198.67020085576));
#360 = CARTESIAN_POINT('',(-43.15731485128,13.21117837861,
    198.62318738752));
#361 = CARTESIAN_POINT('',(-43.08578858806,13.132710549351,
    198.57741448712));
#362 = CARTESIAN_POINT('',(-43.01212099313,13.056495848857,
    198.53295591183));
#363 = CARTESIAN_POINT('',(-42.93645141047,12.982644653032,
    198.4898760476));
#364 = CARTESIAN_POINT('',(-42.85892673659,12.911252186988,
    198.44823044241));
#365 = CARTESIAN_POINT('',(-42.74440634525,12.811726667343,
    198.39017388928));
#366 = CARTESIAN_POINT('',(-42.708774078,12.781557485804,198.37257520005
    ));
#367 = CARTESIAN_POINT('',(-42.67281685753,12.751898747309,
    198.35527426926));
#368 = CARTESIAN_POINT('',(-42.63654793699,12.722756623825,
    198.33827469723));
#369 = CARTESIAN_POINT('',(-42.59998055047,12.694136606739,
    198.32157968726));
#370 = CARTESIAN_POINT('',(-42.56312791306,12.666043506855,
    198.30519204566));
#371 = CARTESIAN_POINT('',(-42.46669352802,12.594448850609,
    198.26342849618));
#372 = CARTESIAN_POINT('',(-42.40668924174,12.551771525798,
    198.23853339004));
#373 = CARTESIAN_POINT('',(-42.34604409317,12.510466530466,
    198.21443880943));
#374 = CARTESIAN_POINT('',(-42.2848106947,12.470546357063,
    198.19115204162));
#375 = CARTESIAN_POINT('',(-42.22304033935,12.432019431845,
    198.16867800191));
#376 = CARTESIAN_POINT('',(-42.16078280018,12.394890606725,
    198.14701952059));
#377 = CARTESIAN_POINT('',(-41.98431064959,12.294324410904,
    198.08835590636));
#378 = CARTESIAN_POINT('',(-41.86908996935,12.234097800437,
    198.05322371692));
#379 = CARTESIAN_POINT('',(-41.75270846398,12.178489719814,
    198.02078566989));
#380 = CARTESIAN_POINT('',(-41.63542849599,12.127474703056,
    197.99102691011));
#381 = CARTESIAN_POINT('',(-41.51748921431,12.08100155567,
    197.96391757414));
#382 = CARTESIAN_POINT('',(-41.39910535326,12.039000992193,
    197.93941724544));
#383 = CARTESIAN_POINT('',(-41.13544739158,11.955423521947,
    197.89066372113));
#384 = CARTESIAN_POINT('',(-40.99005342228,11.916019158598,
    197.86767784251));
#385 = CARTESIAN_POINT('',(-40.84462040237,11.883029251419,
    197.84843372999));
#386 = CARTESIAN_POINT('',(-40.69944405914,11.856285819089,
    197.83283339446));
#387 = CARTESIAN_POINT('',(-40.55478058369,11.835612148113,
    197.82077375306));
#388 = CARTESIAN_POINT('',(-40.41084764613,11.8208311097,197.81215148065
    ));
#389 = CARTESIAN_POINT('',(-40.16341403401,11.805161078659,
    197.80301062921));
#390 = CARTESIAN_POINT('',(-40.05949117527,11.801599139686,
    197.80093283148));
#391 = CARTESIAN_POINT('',(-39.9561284515,11.801021559966,
    197.80059590998));
#392 = CARTESIAN_POINT('',(-39.8533916378,11.80336431695,197.80196251822
    ));
#393 = CARTESIAN_POINT('',(-39.75134083695,11.808565920865,
    197.80499678717));
#394 = CARTESIAN_POINT('',(-39.65003064871,11.816567870284,
    197.80966459099));
#395 = CARTESIAN_POINT('',(-39.27851965411,11.856288369326,
    197.8328348821));
#396 = CARTESIAN_POINT('',(-39.01334625266,11.90520526544,
    197.86136973817));
#397 = CARTESIAN_POINT('',(-38.75484660501,11.972981133973,
    197.90090566148));
#398 = CARTESIAN_POINT('',(-38.50385934671,12.058731641017,
    197.95092679059));
#399 = CARTESIAN_POINT('',(-38.26117917598,12.161695278232,
    198.0109889123));
#400 = CARTESIAN_POINT('',(-38.02755989518,12.281227306074,
    198.08071592854));
#401 = CARTESIAN_POINT('',(-37.63146422949,12.521273628506,
    198.22074294996));
#402 = CARTESIAN_POINT('',(-37.46503442947,12.6351995366,198.28719972968
    ));
#403 = CARTESIAN_POINT('',(-37.30481461493,12.758409356402,
    198.35907212456));
#404 = CARTESIAN_POINT('',(-37.15121281934,12.890689370498,
    198.43623546612));
#405 = CARTESIAN_POINT('',(-37.00467763998,13.031830831644,
    198.51856798512));
#406 = CARTESIAN_POINT('',(-36.86569556378,13.181624207527,
    198.60594745439));
#407 = CARTESIAN_POINT('',(-36.68015416091,13.405915860767,
    198.73678425211));
#408 = CARTESIAN_POINT('',(-36.6269226064,13.473438597545,
    198.77617251523));
#409 = CARTESIAN_POINT('',(-36.57514041744,13.542414508933,
    198.81640846354));
#410 = CARTESIAN_POINT('',(-36.52484874818,13.612826160431,
    198.85748192691));
#411 = CARTESIAN_POINT('',(-36.47609049607,13.684654877881,
    198.89938201209));
#412 = CARTESIAN_POINT('',(-36.4289103019,13.757880747465,
    198.94209710268));
#413 = CARTESIAN_POINT('',(-36.31853591131,13.938629288774,
    199.04753375178));
#414 = CARTESIAN_POINT('',(-36.25700660951,14.04756018738,
    199.11107677597));
#415 = CARTESIAN_POINT('',(-36.19889930631,14.159214698852,
    199.17620857433));
#416 = CARTESIAN_POINT('',(-36.14435547379,14.273522818813,
    199.24288831097));
#417 = CARTESIAN_POINT('',(-36.09352395394,14.390403980341,
    199.31106898853));
#418 = CARTESIAN_POINT('',(-36.04655951842,14.509765883136,
    199.38069676516));
#419 = CARTESIAN_POINT('',(-35.93947680242,14.813365219335,
    199.55779637794));
#420 = CARTESIAN_POINT('',(-35.88431933353,15.000523945604,
    199.6669723016));
#421 = CARTESIAN_POINT('',(-35.83867954018,15.192629087817,
    199.77903363456));
#422 = CARTESIAN_POINT('',(-35.80311970023,15.389236568213,
    199.89372133145));
#423 = CARTESIAN_POINT('',(-35.77821136585,15.589798155684,
    200.01071559081));
#424 = CARTESIAN_POINT('',(-35.76450618084,15.793649972928,
    200.12962915087));
#425 = CARTESIAN_POINT('',(-35.7625,16.,200.25));
#426 = ORIENTED_EDGE('',*,*,#427,.T.);
#427 = EDGE_CURVE('',#325,#428,#430,.T.);
#428 = VERTEX_POINT('',#429);
#429 = CARTESIAN_POINT('',(-36.96611726587,19.,202.));
#430 = B_SPLINE_CURVE_WITH_KNOTS('',6,(#431,#432,#433,#434,#435,#436,
    #437,#438,#439,#440,#441,#442,#443,#444,#445,#446,#447,#448,#449,
    #450,#451,#452),.UNSPECIFIED.,.F.,.F.,(7,5,5,5,7),(0.,0.289545255061
    ,0.455284225568,0.813996367347,1.),.UNSPECIFIED.);
#431 = CARTESIAN_POINT('',(-35.7625,16.,200.25));
#432 = CARTESIAN_POINT('',(-35.76102698473,16.151510151195,
    200.33838092153));
#433 = CARTESIAN_POINT('',(-35.76604133951,16.304398744622,
    200.42756593436));
#434 = CARTESIAN_POINT('',(-35.77775746016,16.458309298826,
    200.51734709098));
#435 = CARTESIAN_POINT('',(-35.7963674289,16.612835369297,
    200.60748729875));
#436 = CARTESIAN_POINT('',(-35.82202113788,16.767519693637,
    200.69771982128));
#437 = CARTESIAN_POINT('',(-35.87357307406,17.010195655147,
    200.83928079883));
#438 = CARTESIAN_POINT('',(-35.89467649104,17.09842360784,
    200.89074710457));
#439 = CARTESIAN_POINT('',(-35.91813297819,17.186441696362,
    200.94209098954));
#440 = CARTESIAN_POINT('',(-35.94395234704,17.274150529445,
    200.99325447551));
#441 = CARTESIAN_POINT('',(-35.97213661492,17.361447035407,
    201.04417743732));
#442 = CARTESIAN_POINT('',(-36.06878158383,17.636039240428,
    201.20435622358));
#443 = CARTESIAN_POINT('',(-36.14593856139,17.821450122881,
    201.31251257168));
#444 = CARTESIAN_POINT('',(-36.23406757193,18.003330087959,
    201.41860921797));
#445 = CARTESIAN_POINT('',(-36.33289971372,18.180576296642,
    201.5220028397));
#446 = CARTESIAN_POINT('',(-36.44197675472,18.352112193369,
    201.62206544613));
#447 = CARTESIAN_POINT('',(-36.62209950104,18.602372840437,
    201.76805082358));
#448 = CARTESIAN_POINT('',(-36.68617516561,18.686025079791,
    201.81684796321));
#449 = CARTESIAN_POINT('',(-36.75272518853,18.767735115691,
    201.86451215082));
#450 = CARTESIAN_POINT('',(-36.82164431202,18.847376097195,
    201.91096939003));
#451 = CARTESIAN_POINT('',(-36.89281696554,18.92483247471,
    201.95615227691));
#452 = CARTESIAN_POINT('',(-36.96611726587,19.,202.));
#453 = ORIENTED_EDGE('',*,*,#454,.F.);
#454 = EDGE_CURVE('',#455,#428,#457,.T.);
#455 = VERTEX_POINT('',#456);
#456 = CARTESIAN_POINT('',(-24.14782406141,19.,202.));
#457 = LINE('',#458,#459);
#458 = CARTESIAN_POINT('',(49.,19.,202.));
#459 = VECTOR('',#460,1.);
#460 = DIRECTION('',(-1.,0.,0.));
#461 = ORIENTED_EDGE('',*,*,#462,.T.);
#462 = EDGE_CURVE('',#455,#463,#465,.T.);
#463 = VERTEX_POINT('',#464);
#464 = CARTESIAN_POINT('',(-15.85217593858,19.,202.));
#465 = B_SPLINE_CURVE_WITH_KNOTS('',6,(#466,#467,#468,#469,#470,#471,
    #472,#473,#474,#475,#476,#477,#478,#479,#480,#481,#482,#483,#484,
    #485,#486,#487,#488,#489,#490,#491,#492,#493,#494,#495,#496,#497,
    #498,#499,#500,#501,#502,#503,#504,#505,#506,#507,#508,#509,#510,
    #511,#512,#513,#514,#515,#516,#517,#518,#519,#520,#521,#522,#523,
    #524,#525,#526,#527),.UNSPECIFIED.,.F.,.F.,(7,5,5,5,5,5,5,5,5,5,5,5,
    7),(0.,3.119048603909E-02,9.98778790269E-02,0.196001487933,
    0.241116075597,0.319358763247,0.407486596921,0.468164880649,
    0.618502224216,0.736762020173,0.788745200063,0.8666121778,1.),
  .UNSPECIFIED.);
#466 = CARTESIAN_POINT('',(-24.14782406141,19.,202.));
#467 = CARTESIAN_POINT('',(-24.13246189356,18.938818336616,
    201.96431069635));
#468 = CARTESIAN_POINT('',(-24.11599518432,18.877822025819,
    201.92872951506));
#469 = CARTESIAN_POINT('',(-24.09842561295,18.817042421598,
    201.89327474593));
#470 = CARTESIAN_POINT('',(-24.07975656805,18.756511231032,
    201.85796488476));
#471 = CARTESIAN_POINT('',(-24.05999314754,18.696260514294,
    201.82281863333));
#472 = CARTESIAN_POINT('',(-23.99322430842,18.504328163795,
    201.71085809554));
#473 = CARTESIAN_POINT('',(-23.94203080485,18.373847001509,
    201.63474408421));
#474 = CARTESIAN_POINT('',(-23.88563742395,18.24523199882,
    201.55971866597));
#475 = CARTESIAN_POINT('',(-23.82415909815,18.118827773631,
    201.48598286795));
#476 = CARTESIAN_POINT('',(-23.75775286685,17.994968757405,
    201.41373177515));
#477 = CARTESIAN_POINT('',(-23.5870760912,17.704657242139,
    201.24438339124));
#478 = CARTESIAN_POINT('',(-23.47826338602,17.540930844135,
    201.14887632574));
#479 = CARTESIAN_POINT('',(-23.36074372502,17.383701151467,
    201.05715900502));
#480 = CARTESIAN_POINT('',(-23.23519673376,17.233709775195,
    200.96966403553));
#481 = CARTESIAN_POINT('',(-23.10238085694,17.091565913257,
    200.88674678273));
#482 = CARTESIAN_POINT('',(-22.89777029422,16.894945301264,
    200.77205142573));
#483 = CARTESIAN_POINT('',(-22.83099149825,16.833971423039,
    200.7364833301));
#484 = CARTESIAN_POINT('',(-22.76287379267,16.774875897534,
    200.70201094022));
#485 = CARTESIAN_POINT('',(-22.69350024942,16.717697764903,
    200.66865702952));
#486 = CARTESIAN_POINT('',(-22.62295359727,16.662468787761,
    200.63644012619));
#487 = CARTESIAN_POINT('',(-22.42707303151,16.516854814555,
    200.55149864182));
#488 = CARTESIAN_POINT('',(-22.29954732211,16.430434246987,
    200.50108664407));
#489 = CARTESIAN_POINT('',(-22.16916397332,16.35008393761,
    200.45421563027));
#490 = CARTESIAN_POINT('',(-22.03633058342,16.275873399548,
    200.41092614973));
#491 = CARTESIAN_POINT('',(-21.9014310461,16.207825504489,
    200.37123154428));
#492 = CARTESIAN_POINT('',(-21.61094909016,16.076217949051,
    200.29446047028));
#493 = CARTESIAN_POINT('',(-21.45490810245,16.01431200572,200.25834867)
  );
#494 = CARTESIAN_POINT('',(-21.2971965609,15.960196712272,
    200.22678141549));
#495 = CARTESIAN_POINT('',(-21.13827175465,15.913808301893,
    200.19972150943));
#496 = CARTESIAN_POINT('',(-20.97854683994,15.875053424659,
    200.17711449771));
#497 = CARTESIAN_POINT('',(-20.70811648951,15.822325653613,
    200.14635663127));
#498 = CARTESIAN_POINT('',(-20.59763967385,15.80439382647,
    200.13589639877));
#499 = CARTESIAN_POINT('',(-20.4870789777,15.789996168387,
    200.12749776489));
#500 = CARTESIAN_POINT('',(-20.37654748669,15.779095570868,200.121139083
    ));
#501 = CARTESIAN_POINT('',(-20.26615127795,15.771653790605,
    200.11679804452));
#502 = CARTESIAN_POINT('',(-19.88305145402,15.757670176117,
    200.10864093606));
#503 = CARTESIAN_POINT('',(-19.61158942922,15.768707391686,
    200.11507931181));
#504 = CARTESIAN_POINT('',(-19.34304989099,15.800152879023,
    200.13342251276));
#505 = CARTESIAN_POINT('',(-19.07879006979,15.851460374099,
    200.16335188489));
#506 = CARTESIAN_POINT('',(-18.82008460013,15.922099414043,
    200.20455799152));
#507 = CARTESIAN_POINT('',(-18.36996748931,16.082041987754,
    200.29785782619));
#508 = CARTESIAN_POINT('',(-18.17599829638,16.164138669304,
    200.34574755709));
#509 = CARTESIAN_POINT('',(-17.98684560084,16.257683951867,
    200.40031563858));
#510 = CARTESIAN_POINT('',(-17.80314785746,16.362450926011,
    200.46142970684));
#511 = CARTESIAN_POINT('',(-17.62557350739,16.478199666877,
    200.52894980567));
#512 = CARTESIAN_POINT('',(-17.37975874554,16.66025314535,
    200.63514766812));
#513 = CARTESIAN_POINT('',(-17.30601868882,16.717912012476,
    200.66878200727));
#514 = CARTESIAN_POINT('',(-17.23365748546,16.777617101033,
    200.7036099756));
#515 = CARTESIAN_POINT('',(-17.16273692213,16.839343052604,
    200.73961678068));
#516 = CARTESIAN_POINT('',(-17.09332045929,16.903062314759,
    200.77678635027));
#517 = CARTESIAN_POINT('',(-16.9238430766,17.067133180874,
    200.87249435551));
#518 = CARTESIAN_POINT('',(-16.82573428866,17.169926430193,
    200.93245708427));
#519 = CARTESIAN_POINT('',(-16.73136512531,17.277024139913,
    200.99493074828));
#520 = CARTESIAN_POINT('',(-16.64096388093,17.388309980543,
    201.05984748865));
#521 = CARTESIAN_POINT('',(-16.55476546562,17.503648182192,
    201.12712810627));
#522 = CARTESIAN_POINT('',(-16.33295564584,17.827125807734,
    201.31582338784));
#523 = CARTESIAN_POINT('',(-16.2059278701,18.042806633986,
    201.44163720315));
#524 = CARTESIAN_POINT('',(-16.09313846095,18.269104801237,
    201.57364446738));
#525 = CARTESIAN_POINT('',(-15.99581930215,18.504986295111,
    201.71124200548));
#526 = CARTESIAN_POINT('',(-15.91516004024,18.749158312598,
    201.85367568234));
#527 = CARTESIAN_POINT('',(-15.85217593858,19.,202.));
#528 = ORIENTED_EDGE('',*,*,#529,.F.);
#529 = EDGE_CURVE('',#530,#463,#532,.T.);
#530 = VERTEX_POINT('',#531);
#531 = CARTESIAN_POINT('',(-3.033882734129,19.,202.));
#532 = LINE('',#533,#534);
#533 = CARTESIAN_POINT('',(49.,19.,202.));
#534 = VECTOR('',#535,1.);
#535 = DIRECTION('',(-1.,0.,0.));
#536 = ORIENTED_EDGE('',*,*,#537,.T.);
#537 = EDGE_CURVE('',#530,#538,#540,.T.);
#538 = VERTEX_POINT('',#539);
#539 = CARTESIAN_POINT('',(4.2375,16.,200.25));
#540 = B_SPLINE_CURVE_WITH_KNOTS('',6,(#541,#542,#543,#544,#545,#546,
    #547,#548,#549,#550,#551,#552,#553,#554,#555,#556,#557,#558,#559,
    #560,#561,#562,#563,#564,#565,#566,#567,#568,#569,#570,#571,#572,
    #573,#574,#575,#576,#577,#578,#579,#580,#581,#582,#583,#584,#585,
    #586,#587,#588,#589,#590,#591,#592,#593,#594,#595,#596,#597,#598,
    #599,#600,#601,#602,#603,#604,#605,#606,#607,#608,#609,#610,#611,
    #612,#613,#614,#615,#616,#617,#618,#619,#620,#621,#622,#623,#624,
    #625,#626,#627),.UNSPECIFIED.,.F.,.F.,(7,5,5,5,5,5,5,5,5,5,5,5,5,5,5
    ,5,5,7),(0.,0.104476383728,0.151715677273,0.179969993996,
    0.23917267854,0.312904120324,0.346513259629,0.403254004004,
    0.463747116337,0.503462918767,0.597727280942,0.69124594235,
    0.730967713585,0.79147196926,0.848223116686,0.881876307263,
    0.955711703738,1.),.UNSPECIFIED.);
#541 = CARTESIAN_POINT('',(-3.033882734129,19.,202.));
#542 = CARTESIAN_POINT('',(-3.234895772607,18.793866429096,
    201.87975541697));
#543 = CARTESIAN_POINT('',(-3.420215721416,18.570203878683,
    201.74928559589));
#544 = CARTESIAN_POINT('',(-3.587934848289,18.330268837869,
    201.60932348875));
#545 = CARTESIAN_POINT('',(-3.736188856484,18.075617960844,
    201.46077714382));
#546 = CARTESIAN_POINT('',(-3.863213835647,17.808147683301,
    201.30475281525));
#547 = CARTESIAN_POINT('',(-4.01467326259,17.404540881332,
    201.06931551411));
#548 = CARTESIAN_POINT('',(-4.057186017835,17.276733291513,
    200.99476108671));
#549 = CARTESIAN_POINT('',(-4.094913384523,17.147008499357,
    200.91908829129));
#550 = CARTESIAN_POINT('',(-4.12772937207,17.015603910058,200.8424356142
    ));
#551 = CARTESIAN_POINT('',(-4.155524946933,16.882775292812,
    200.76495225414));
#552 = CARTESIAN_POINT('',(-4.191781910874,16.668665074164,
    200.64005462659));
#553 = CARTESIAN_POINT('',(-4.203524230989,16.588120812126,
    200.59307047374));
#554 = CARTESIAN_POINT('',(-4.21342036049,16.507224287492,
    200.54588083437));
#555 = CARTESIAN_POINT('',(-4.221454576422,16.426036265939,
    200.49852115513));
#556 = CARTESIAN_POINT('',(-4.227614374746,16.34461939143,
    200.45102797833));
#557 = CARTESIAN_POINT('',(-4.240850387563,16.092097002123,
    200.30372325123));
#558 = CARTESIAN_POINT('',(-4.241540411974,15.920426682207,
    200.20358223128));
#559 = CARTESIAN_POINT('',(-4.233876057325,15.748633804681,
    200.10336971939));
#560 = CARTESIAN_POINT('',(-4.217844607134,15.577334446372,
    200.00344509371));
#561 = CARTESIAN_POINT('',(-4.193512326285,15.407152532461,
    199.9041723106));
#562 = CARTESIAN_POINT('',(-4.120580036971,15.028948860897,
    199.68355350219));
#563 = CARTESIAN_POINT('',(-4.067484415708,14.821859644029,
    199.56275145901));
#564 = CARTESIAN_POINT('',(-4.002038704171,14.618689010595,
    199.44423525618));
#565 = CARTESIAN_POINT('',(-3.924732531257,14.420549847588,
    199.32865407775));
#566 = CARTESIAN_POINT('',(-3.836197995656,14.22844533052,
    199.21659310947));
#567 = CARTESIAN_POINT('',(-3.692087233919,13.958855567661,
    199.05933241446));
#568 = CARTESIAN_POINT('',(-3.644790464421,13.875879424975,
    199.01092966456));
#569 = CARTESIAN_POINT('',(-3.595390064372,13.794418737002,
    198.96341092991));
#570 = CARTESIAN_POINT('',(-3.543960550779,13.714546630219,
    198.91681886762));
#571 = CARTESIAN_POINT('',(-3.490579083396,13.636328974335,
    198.87119190169));
#572 = CARTESIAN_POINT('',(-3.342040952399,13.430666968234,
    198.75122239813));
#573 = CARTESIAN_POINT('',(-3.24341793278,13.306392312244,198.6787288488
    ));
#574 = CARTESIAN_POINT('',(-3.139835212279,13.187285276466,
    198.6092497446));
#575 = CARTESIAN_POINT('',(-3.03167842018,13.073567173966,
    198.54291418481));
#576 = CARTESIAN_POINT('',(-2.919329359091,12.965407664234,
    198.47982113747));
#577 = CARTESIAN_POINT('',(-2.679300400729,12.753687713863,
    198.35631783308));
#578 = CARTESIAN_POINT('',(-2.551097805884,12.650904214665,
    198.29636079188));
#579 = CARTESIAN_POINT('',(-2.418990686396,12.554737445661,
    198.24026350996));
#580 = CARTESIAN_POINT('',(-2.283402838186,12.46528818885,
    198.18808477682));
#581 = CARTESIAN_POINT('',(-2.144733641633,12.382618999681,
    198.13986108314));
#582 = CARTESIAN_POINT('',(-1.910530224286,12.256967784677,
    198.06656454106));
#583 = CARTESIAN_POINT('',(-1.816539611454,12.210107350302,
    198.03922928767));
#584 = CARTESIAN_POINT('',(-1.721484773736,12.166195633234,
    198.01361411938));
#585 = CARTESIAN_POINT('',(-1.62546585336,12.125239412574,
    197.98972299066));
#586 = CARTESIAN_POINT('',(-1.528578594809,12.087242444958,
    197.96755809289));
#587 = CARTESIAN_POINT('',(-1.199110939909,11.969046157455,
    197.89861025851));
#588 = CARTESIAN_POINT('',(-0.962950282443,11.902569911342,
    197.85983244828));
#589 = CARTESIAN_POINT('',(-0.723618317228,11.852776522851,
    197.83078630499));
#590 = CARTESIAN_POINT('',(-0.482231098527,11.819648708655,
    197.81146174671));
#591 = CARTESIAN_POINT('',(-0.239842463712,11.803155835773,
    197.8018409042));
#592 = CARTESIAN_POINT('',(0.243035579458,11.803447024757,
    197.80201076444));
#593 = CARTESIAN_POINT('',(0.48349292399,11.819968855607,197.8116484991)
  );
#594 = CARTESIAN_POINT('',(0.722957905942,11.852863813546,
    197.83083722456));
#595 = CARTESIAN_POINT('',(0.960401418751,11.902161561042,
    197.85959424394));
#596 = CARTESIAN_POINT('',(1.194734080365,11.967879058517,197.8979294508
    ));
#597 = CARTESIAN_POINT('',(1.5225182249,12.084904612521,197.9661943573)
  );
#598 = CARTESIAN_POINT('',(1.619464157844,12.122753323642,
    197.98827277212));
#599 = CARTESIAN_POINT('',(1.715545423766,12.163562290482,
    198.01207800278));
#600 = CARTESIAN_POINT('',(1.810666369122,12.207327836093,
    198.03760790438));
#601 = CARTESIAN_POINT('',(1.904726949307,12.254043286608,
    198.06485858385));
#602 = CARTESIAN_POINT('',(2.139121705421,12.379334577237,
    198.13794517005));
#603 = CARTESIAN_POINT('',(2.27791730861,12.461791025166,198.18604476468
    ));
#604 = CARTESIAN_POINT('',(2.413640906136,12.551031536262,
    198.23810172948));
#605 = CARTESIAN_POINT('',(2.545893436883,12.646994183463,
    198.29407994035));
#606 = CARTESIAN_POINT('',(2.674251360956,12.749578986487,
    198.35392107545));
#607 = CARTESIAN_POINT('',(2.914600760831,12.960926229646,
    198.47720696729));
#608 = CARTESIAN_POINT('',(3.027113710768,13.068910929101,
    198.54019804197));
#609 = CARTESIAN_POINT('',(3.13544337266,13.182460683496,198.6064353987)
  );
#610 = CARTESIAN_POINT('',(3.239207925925,13.301406769294,
    198.67582061542));
#611 = CARTESIAN_POINT('',(3.338021546779,13.425528891512,
    198.74822518671));
#612 = CARTESIAN_POINT('',(3.486938920357,13.631049277099,198.8681120783
    ));
#613 = CARTESIAN_POINT('',(3.540499373221,13.709275546312,
    198.91374406868));
#614 = CARTESIAN_POINT('',(3.592106234439,13.789163487145,198.9603453675
    ));
#615 = CARTESIAN_POINT('',(3.641681968711,13.870647216949,
    199.00787754322));
#616 = CARTESIAN_POINT('',(3.689151667388,13.953653556134,
    199.05629790774));
#617 = CARTESIAN_POINT('',(3.8338156096,14.223380647197,199.21363871086)
  );
#618 = CARTESIAN_POINT('',(3.922717725172,14.415620693445,
    199.32577873784));
#619 = CARTESIAN_POINT('',(4.000371313748,14.613929332575,
    199.44145877733));
#620 = CARTESIAN_POINT('',(4.066139800216,14.817300884228,
    199.56009218246));
#621 = CARTESIAN_POINT('',(4.119529443871,15.024618895254,
    199.68102768889));
#622 = CARTESIAN_POINT('',(4.184664265732,15.360615851046,
    199.87702591311));
#623 = CARTESIAN_POINT('',(4.204526435853,15.487573358575,
    199.95108445916));
#624 = CARTESIAN_POINT('',(4.219765909142,15.615251266798,
    200.02556323896));
#625 = CARTESIAN_POINT('',(4.23034542268,15.743388512052,200.10030996536
    ));
#626 = CARTESIAN_POINT('',(4.236252878069,15.871724602861,200.175172685)
  );
#627 = CARTESIAN_POINT('',(4.2375,16.,200.25));
#628 = ORIENTED_EDGE('',*,*,#629,.T.);
#629 = EDGE_CURVE('',#538,#630,#632,.T.);
#630 = VERTEX_POINT('',#631);
#631 = CARTESIAN_POINT('',(3.033882734129,19.,202.));
#632 = B_SPLINE_CURVE_WITH_KNOTS('',6,(#633,#634,#635,#636,#637,#638,
    #639,#640,#641,#642,#643,#644),.UNSPECIFIED.,.F.,.F.,(7,5,7),(0.,
    0.500422380725,1.),.UNSPECIFIED.);
#633 = CARTESIAN_POINT('',(4.2375,16.,200.25));
#634 = CARTESIAN_POINT('',(4.240249636418,16.282819749005,
    200.41497818692));
#635 = CARTESIAN_POINT('',(4.220345193821,16.565376683686,
    200.57980306548));
#636 = CARTESIAN_POINT('',(4.177906673509,16.844845039386,
    200.74282627297));
#637 = CARTESIAN_POINT('',(4.113645580605,17.118735543499,200.9025957337
    ));
#638 = CARTESIAN_POINT('',(4.028593083811,17.384839931179,
    201.05782329318));
#639 = CARTESIAN_POINT('',(3.819712759685,17.897169601711,
    201.35668226766));
#640 = CARTESIAN_POINT('',(3.695933603899,18.143468268504,
    201.50035648996));
#641 = CARTESIAN_POINT('',(3.55398583719,18.378277661037,201.6373286356)
  );
#642 = CARTESIAN_POINT('',(3.395312430116,18.600095377482,
    201.76672230353));
#643 = CARTESIAN_POINT('',(3.221429403639,18.807675835419,
    201.88781090399));
#644 = CARTESIAN_POINT('',(3.033882734129,19.,202.));
#645 = ORIENTED_EDGE('',*,*,#646,.F.);
#646 = EDGE_CURVE('',#647,#630,#649,.T.);
#647 = VERTEX_POINT('',#648);
#648 = CARTESIAN_POINT('',(15.852175938586,19.,202.));
#649 = LINE('',#650,#651);
#650 = CARTESIAN_POINT('',(49.,19.,202.));
#651 = VECTOR('',#652,1.);
#652 = DIRECTION('',(-1.,0.,0.));
#653 = ORIENTED_EDGE('',*,*,#654,.T.);
#654 = EDGE_CURVE('',#647,#655,#657,.T.);
#655 = VERTEX_POINT('',#656);
#656 = CARTESIAN_POINT('',(24.147824061414,19.,202.));
#657 = B_SPLINE_CURVE_WITH_KNOTS('',6,(#658,#659,#660,#661,#662,#663,
    #664,#665,#666,#667,#668,#669,#670,#671,#672,#673,#674,#675,#676,
    #677,#678,#679,#680,#681,#682,#683,#684,#685,#686,#687,#688,#689,
    #690,#691,#692,#693,#694,#695,#696,#697,#698,#699,#700,#701,#702,
    #703,#704,#705,#706,#707,#708,#709,#710,#711,#712,#713,#714,#715,
    #716,#717,#718,#719),.UNSPECIFIED.,.F.,.F.,(7,5,5,5,5,5,5,5,5,5,5,5,
    7),(0.,0.133905197526,0.211790850579,0.263779599219,0.382044212531,
    0.531295391917,0.591983740482,0.680129266074,0.759375614387,
    0.804483118275,0.899742455526,0.968774575274,1.),.UNSPECIFIED.);
#658 = CARTESIAN_POINT('',(15.852175938586,19.,202.));
#659 = CARTESIAN_POINT('',(15.915404382998,18.748185188457,
    201.8531080266));
#660 = CARTESIAN_POINT('',(15.996445362201,18.503092029396,
    201.71013701714));
#661 = CARTESIAN_POINT('',(16.094271724458,18.266360207354,
    201.57204345429));
#662 = CARTESIAN_POINT('',(16.207679310575,18.039296244236,
    201.4395894758));
#663 = CARTESIAN_POINT('',(16.335421549994,17.822944151113,
    201.31338408814));
#664 = CARTESIAN_POINT('',(16.558195273521,17.498997713827,
    201.12441533306));
#665 = CARTESIAN_POINT('',(16.644556569796,17.383766487691,
    201.05719711782));
#666 = CARTESIAN_POINT('',(16.735116381865,17.272593361495,
    200.99234612753));
#667 = CARTESIAN_POINT('',(16.829639756088,17.165613773415,
    200.92994136782));
#668 = CARTESIAN_POINT('',(16.92789839263,17.062943773793,
    200.87005053471));
#669 = CARTESIAN_POINT('',(17.097609407258,16.899095312725,
    200.77447226575));
#670 = CARTESIAN_POINT('',(17.167111642254,16.835471968756,
    200.73735864844));
#671 = CARTESIAN_POINT('',(17.238115657228,16.773843520538,
    200.70140872031));
#672 = CARTESIAN_POINT('',(17.310558023994,16.714237454345,
    200.66663851503));
#673 = CARTESIAN_POINT('',(17.384376988538,16.656679074316,
    200.63306279335));
#674 = CARTESIAN_POINT('',(17.630431545118,16.474967725173,
    200.52706450635));
#675 = CARTESIAN_POINT('',(17.808156586011,16.359465133822,
    200.45968799472));
#676 = CARTESIAN_POINT('',(17.991993140291,16.254949694974,
    200.3987206554));
#677 = CARTESIAN_POINT('',(18.181273199786,16.161661081426,
    200.34430229749));
#678 = CARTESIAN_POINT('',(18.375358588693,16.079826179212,
    200.2965652712));
#679 = CARTESIAN_POINT('',(18.82388305701,15.921138036873,
    200.20399718817));
#680 = CARTESIAN_POINT('',(19.080775636862,15.851221140083,
    200.16321233171));
#681 = CARTESIAN_POINT('',(19.343133072968,15.800361607068,
    200.13354427079));
#682 = CARTESIAN_POINT('',(19.609707917117,15.769078266455,
    200.11529565543));
#683 = CARTESIAN_POINT('',(19.879172540942,15.757905691446,
    200.10877832001));
#684 = CARTESIAN_POINT('',(20.260282197996,15.771291916925,
    200.11658695154));
#685 = CARTESIAN_POINT('',(20.370689761275,15.778582066882,
    200.12083953901));
#686 = CARTESIAN_POINT('',(20.481236339244,15.789330828499,
    200.12710964995));
#687 = CARTESIAN_POINT('',(20.591815975944,15.803576478699,
    200.13541961257));
#688 = CARTESIAN_POINT('',(20.702315728483,15.821356184686,
    200.14579110773));
#689 = CARTESIAN_POINT('',(20.97281811628,15.873711923321,
    200.17633195527));
#690 = CARTESIAN_POINT('',(21.132596702598,15.912247389157,200.198810977
    ));
#691 = CARTESIAN_POINT('',(21.291584393302,15.958417159515,
    200.22574334305));
#692 = CARTESIAN_POINT('',(21.449368568126,16.01231503323,
    200.25718376938));
#693 = CARTESIAN_POINT('',(21.605492495199,16.074005434676,
    200.29316983689));
#694 = CARTESIAN_POINT('',(21.897877179044,16.205990344981,
    200.37016103457));
#695 = CARTESIAN_POINT('',(22.034550983986,16.274786990818,
    200.41029241131));
#696 = CARTESIAN_POINT('',(22.169110717545,16.349905907948,
    200.45411177963));
#697 = CARTESIAN_POINT('',(22.301157641603,16.431323751552,
    200.50160552173));
#698 = CARTESIAN_POINT('',(22.430268103775,16.518968111866,
    200.55273139858));
#699 = CARTESIAN_POINT('',(22.627566883528,16.666055066878,
    200.63853212234));
#700 = CARTESIAN_POINT('',(22.698039499641,16.721381549068,
    200.67080590362));
#701 = CARTESIAN_POINT('',(22.767335790443,16.778655257411,
    200.70421556682));
#702 = CARTESIAN_POINT('',(22.835373040419,16.83784421101,
    200.73874245642));
#703 = CARTESIAN_POINT('',(22.90206821781,16.898909145705,
    200.77436366832));
#704 = CARTESIAN_POINT('',(23.105178552034,17.094622678797,
    200.88852989596));
#705 = CARTESIAN_POINT('',(23.23667993636,17.235612522345,
    200.97077397136));
#706 = CARTESIAN_POINT('',(23.36103461372,17.384302302943,
    201.05750967671));
#707 = CARTESIAN_POINT('',(23.477504813882,17.540098212372,
    201.14839062388));
#708 = CARTESIAN_POINT('',(23.585429000772,17.702278589594,
    201.24299584393));
#709 = CARTESIAN_POINT('',(23.755880019955,17.991485264342,
    201.41169973753));
#710 = CARTESIAN_POINT('',(23.822731365865,18.115907749505,
    201.48427952054));
#711 = CARTESIAN_POINT('',(23.884607966961,18.242906822908,
    201.55836231336));
#712 = CARTESIAN_POINT('',(23.941349927248,18.372143160382,
    201.63375017689));
#713 = CARTESIAN_POINT('',(23.992840293248,18.5032669616,201.71023906093
    ));
#714 = CARTESIAN_POINT('',(24.059882483814,18.695923190985,
    201.8226218614));
#715 = CARTESIAN_POINT('',(24.079672941659,18.75624011546,
    201.85780673401));
#716 = CARTESIAN_POINT('',(24.098366588891,18.81683825044,
    201.89315564609));
#717 = CARTESIAN_POINT('',(24.11595830644,18.877685427033,
    201.92864983243));
#718 = CARTESIAN_POINT('',(24.132444692277,18.93874983045,
    201.96427073442));
#719 = CARTESIAN_POINT('',(24.147824061414,19.,202.));
#720 = ORIENTED_EDGE('',*,*,#721,.F.);
#721 = EDGE_CURVE('',#722,#655,#724,.T.);
#722 = VERTEX_POINT('',#723);
#723 = CARTESIAN_POINT('',(36.966117265871,19.,202.));
#724 = LINE('',#725,#726);
#725 = CARTESIAN_POINT('',(49.,19.,202.));
#726 = VECTOR('',#727,1.);
#727 = DIRECTION('',(-1.,0.,0.));
#728 = ORIENTED_EDGE('',*,*,#729,.T.);
#729 = EDGE_CURVE('',#722,#730,#732,.T.);
#730 = VERTEX_POINT('',#731);
#731 = CARTESIAN_POINT('',(44.2375,16.,200.25));
#732 = B_SPLINE_CURVE_WITH_KNOTS('',6,(#733,#734,#735,#736,#737,#738,
    #739,#740,#741,#742,#743,#744,#745,#746,#747,#748,#749,#750,#751,
    #752,#753,#754,#755,#756,#757,#758,#759,#760,#761,#762,#763,#764,
    #765,#766,#767,#768,#769,#770,#771,#772,#773,#774,#775,#776,#777,
    #778,#779,#780,#781,#782,#783,#784,#785,#786,#787,#788,#789,#790,
    #791,#792,#793,#794,#795,#796,#797,#798,#799,#800,#801,#802,#803,
    #804,#805,#806,#807,#808,#809,#810,#811,#812,#813,#814,#815,#816,
    #817,#818,#819,#820,#821,#822,#823,#824),.UNSPECIFIED.,.F.,.F.,(7,5,
    5,5,5,5,5,5,5,5,5,5,5,5,5,5,5,5,7),(0.,3.463684893646E-02,
    0.110888094273,0.1478046425,0.213425436907,0.288893371511,
    0.341319082996,0.465716942424,0.556345268244,0.590973032941,
    0.637434345779,0.701074784315,0.753139074701,0.781830527629,
    0.839730115905,0.883704602463,0.903562691538,0.93615873619,1.),
  .UNSPECIFIED.);
#733 = CARTESIAN_POINT('',(36.966117265871,19.,202.));
#734 = CARTESIAN_POINT('',(36.892719346351,18.924732368798,
    201.95609388179));
#735 = CARTESIAN_POINT('',(36.821454700408,18.84716973703,
    201.91084901326));
#736 = CARTESIAN_POINT('',(36.752449793229,18.767416856792,
    201.86432649979));
#737 = CARTESIAN_POINT('',(36.685820666194,18.685589779979,
    201.81659403832));
#738 = CARTESIAN_POINT('',(36.621672936881,18.601815858286,
    201.76772591733));
#739 = CARTESIAN_POINT('',(36.424556099041,18.327829109013,
    201.60790031359));
#740 = CARTESIAN_POINT('',(36.301469309222,18.130623024749,
    201.4928634311));
#741 = CARTESIAN_POINT('',(36.191909293349,17.926156970142,
    201.37359156591));
#742 = CARTESIAN_POINT('',(36.096502910108,17.716054324411,
    201.25103168924));
#743 = CARTESIAN_POINT('',(36.015562503909,17.501960338385,
    201.12614353072));
#744 = CARTESIAN_POINT('',(35.916907330186,17.180760474317,
    200.93877694335));
#745 = CARTESIAN_POINT('',(35.888112424969,17.075424106074,
    200.87733072854));
#746 = CARTESIAN_POINT('',(35.862703502211,16.969708777616,
    200.8156634536));
#747 = CARTESIAN_POINT('',(35.84066167138,16.863784157935,
    200.75387409212));
#748 = CARTESIAN_POINT('',(35.821953887787,16.757810698827,
    200.69205624098));
#749 = CARTESIAN_POINT('',(35.779130581169,16.463748257307,
    200.52051981676));
#750 = CARTESIAN_POINT('',(35.762120950327,16.275879909474,
    200.41092994719));
#751 = CARTESIAN_POINT('',(35.755256689626,16.089175060037,
    200.30201878502));
#752 = CARTESIAN_POINT('',(35.75818150257,15.904356210271,
    200.19420778932));
#753 = CARTESIAN_POINT('',(35.770478917537,15.722034409817,
    200.08785340572));
#754 = CARTESIAN_POINT('',(35.816143796095,15.336489037965,
    199.86295193881));
#755 = CARTESIAN_POINT('',(35.852395140895,15.13424051526,199.7449736339
    ));
#756 = CARTESIAN_POINT('',(35.89981398237,14.93671749331,199.62975187109
    ));
#757 = CARTESIAN_POINT('',(35.9577179834,14.744513524741,199.51763288943
    ));
#758 = CARTESIAN_POINT('',(36.02544183626,14.558090006996,
    199.40888583741));
#759 = CARTESIAN_POINT('',(36.15582498689,14.252552650719,
    199.23065571291));
#760 = CARTESIAN_POINT('',(36.213715808672,14.130269537368,
    199.15932389679));
#761 = CARTESIAN_POINT('',(36.275846724623,14.011066796708,
    199.08978896474));
#762 = CARTESIAN_POINT('',(36.34202226708,13.895045881791,
    199.02211009771));
#763 = CARTESIAN_POINT('',(36.412058570524,13.782293343246,
    198.95633778356));
#764 = CARTESIAN_POINT('',(36.660729152286,13.413270251014,
    198.74107431309));
#765 = CARTESIAN_POINT('',(36.856408195698,13.172544591461,
    198.60065101168));
#766 = CARTESIAN_POINT('',(37.070610819981,12.951566886295,
    198.47174735033));
#767 = CARTESIAN_POINT('',(37.301432354789,12.751162299923,
    198.35484467495));
#768 = CARTESIAN_POINT('',(37.547196073195,12.572064168111,
    198.25037076473));
#769 = CARTESIAN_POINT('',(37.995604088552,12.300799158263,
    198.09213284232));
#770 = CARTESIAN_POINT('',(38.191802113716,12.198256499122,
    198.03231629115));
#771 = CARTESIAN_POINT('',(38.394684515115,12.107834832848,
    197.97957031916));
#772 = CARTESIAN_POINT('',(38.603738048909,12.029956476629,
    197.93414127803));
#773 = CARTESIAN_POINT('',(38.818441167907,11.965107306498,
    197.89631259545));
#774 = CARTESIAN_POINT('',(39.122277767094,11.89430278861,
    197.85500996002));
#775 = CARTESIAN_POINT('',(39.207022315867,11.876717296384,
    197.84475175622));
#776 = CARTESIAN_POINT('',(39.292483660577,11.861153772333,
    197.83567303386));
#777 = CARTESIAN_POINT('',(39.378629473675,11.847647659265,
    197.8277944679));
#778 = CARTESIAN_POINT('',(39.46542548224,11.836236697501,
    197.82113807354));
#779 = CARTESIAN_POINT('',(39.670116578318,11.814515288332,
    197.80846725152));
#780 = CARTESIAN_POINT('',(39.788501489454,11.805913655087,
    197.80344963213));
#781 = CARTESIAN_POINT('',(39.907903904377,11.801252435465,
    197.80073058735));
#782 = CARTESIAN_POINT('',(40.028225047697,11.800636065991,
    197.80037103849));
#783 = CARTESIAN_POINT('',(40.149353071526,11.804175406095,
    197.80243565355));
#784 = CARTESIAN_POINT('',(40.438011017997,11.822684889756,
    197.81323285235));
#785 = CARTESIAN_POINT('',(40.606129681011,11.84139728842,
    197.82414841824));
#786 = CARTESIAN_POINT('',(40.775202700158,11.868419459793,
    197.83991135154));
#787 = CARTESIAN_POINT('',(40.944826684475,11.90406584668,
    197.86070507723));
#788 = CARTESIAN_POINT('',(41.114507064454,11.948640003692,
    197.88670666882));
#789 = CARTESIAN_POINT('',(41.422034242147,12.046390902298,
    197.94372802634));
#790 = CARTESIAN_POINT('',(41.560051330109,12.096526241817,
    197.97297364106));
#791 = CARTESIAN_POINT('',(41.697374393739,12.152950574107,
    198.00588783489));
#792 = CARTESIAN_POINT('',(41.833612260131,12.215778522075,
    198.04253747121));
#793 = CARTESIAN_POINT('',(41.968318245619,12.285073410605,
    198.08295948952));
#794 = CARTESIAN_POINT('',(42.174109218051,12.402563017042,
    198.15149509327));
#795 = CARTESIAN_POINT('',(42.2466072261,12.446264687626,198.17698773444
    ));
#796 = CARTESIAN_POINT('',(42.31840426936,12.491922270118,
    198.20362132423));
#797 = CARTESIAN_POINT('',(42.389412204031,12.539525311445,
    198.23138976501));
#798 = CARTESIAN_POINT('',(42.459539594607,12.589054433372,
    198.2602817528));
#799 = CARTESIAN_POINT('',(42.668243383863,12.744256048475,
    198.35081602827));
#800 = CARTESIAN_POINT('',(42.803847934972,12.855770462279,
    198.41586610299));
#801 = CARTESIAN_POINT('',(42.93469275245,12.974752022258,
    198.48527201298));
#802 = CARTESIAN_POINT('',(43.060000473596,13.100788988451,
    198.55879357659));
#803 = CARTESIAN_POINT('',(43.179041378296,13.233314734944,
    198.63610026205));
#804 = CARTESIAN_POINT('',(43.37633654012,13.476566568334,
    198.77799716486));
#805 = CARTESIAN_POINT('',(43.457526286606,13.584884574872,
    198.84118266867));
#806 = CARTESIAN_POINT('',(43.534464961972,13.696193494245,
    198.90611287164));
#807 = CARTESIAN_POINT('',(43.606935886948,13.810146306803,
    198.97258534563));
#808 = CARTESIAN_POINT('',(43.674777512573,13.926379469162,
    199.04038802367));
#809 = CARTESIAN_POINT('',(43.766372929918,14.097866173581,
    199.14042193458));
#810 = CARTESIAN_POINT('',(43.793901747443,14.151604803421,
    199.17176946866));
#811 = CARTESIAN_POINT('',(43.820454716657,14.205699537007,
    199.20332472992));
#812 = CARTESIAN_POINT('',(43.846024424814,14.26011732815,
    199.23506844142));
#813 = CARTESIAN_POINT('',(43.870605701072,14.31482570183,199.2669816594
    ));
#814 = CARTESIAN_POINT('',(43.932917264561,14.460018378959,
    199.35167738772));
#815 = CARTESIAN_POINT('',(43.968967866563,14.550941455522,
    199.40471584905));
#816 = CARTESIAN_POINT('',(44.002333892296,14.64242115624,199.4580790078
    ));
#817 = CARTESIAN_POINT('',(44.033017366841,14.73432449384,
    199.51168928807));
#818 = CARTESIAN_POINT('',(44.061032624772,14.826526891714,
    199.56547402016));
#819 = CARTESIAN_POINT('',(44.136092557224,15.09985588034,
    199.72491593019));
#820 = CARTESIAN_POINT('',(44.175634581302,15.28149519198,
    199.83087219532));
#821 = CARTESIAN_POINT('',(44.205212766296,15.462980916623,
    199.93673886803));
#822 = CARTESIAN_POINT('',(44.225138829452,15.643597494114,
    200.04209853823));
#823 = CARTESIAN_POINT('',(44.235776814201,15.822758034075,
    200.14660885321));
#824 = CARTESIAN_POINT('',(44.2375,16.,200.25));
#825 = ORIENTED_EDGE('',*,*,#826,.T.);
#826 = EDGE_CURVE('',#730,#827,#829,.T.);
#827 = VERTEX_POINT('',#828);
#828 = CARTESIAN_POINT('',(43.033882734129,19.,202.));
#829 = B_SPLINE_CURVE_WITH_KNOTS('',7,(#830,#831,#832,#833,#834,#835,
    #836,#837,#838,#839,#840,#841,#842,#843),.UNSPECIFIED.,.F.,.F.,(8,6,
    8),(0.,0.280722251111,1.),.UNSPECIFIED.);
#830 = CARTESIAN_POINT('',(44.2375,16.,200.25));
#831 = CARTESIAN_POINT('',(44.238884675715,16.142423794469,
    200.33308054677));
#832 = CARTESIAN_POINT('',(44.234672865732,16.283637571625,
    200.41545525011));
#833 = CARTESIAN_POINT('',(44.225040941237,16.423427384272,
    200.49699930749));
#834 = CARTESIAN_POINT('',(44.210166730294,16.561604920564,
    200.57760287032));
#835 = CARTESIAN_POINT('',(44.190225522721,16.698006190088,
    200.65717027755));
#836 = CARTESIAN_POINT('',(44.165386074986,16.832490209956,
    200.73561928914));
#837 = CARTESIAN_POINT('',(44.060016943098,17.304299909418,
    201.01084161382));
#838 = CARTESIAN_POINT('',(43.953161671116,17.630056963374,
    201.20086656196));
#839 = CARTESIAN_POINT('',(43.81790527898,17.940546609566,
    201.38198552224));
#840 = CARTESIAN_POINT('',(43.656467130292,18.234148363148,
    201.55325321183));
#841 = CARTESIAN_POINT('',(43.470880451805,18.509437530802,
    201.71383855963));
#842 = CARTESIAN_POINT('',(43.262907648024,18.765140989451,
    201.86299891051));
#843 = CARTESIAN_POINT('',(43.033882734129,19.,202.));
#844 = ORIENTED_EDGE('',*,*,#845,.F.);
#845 = EDGE_CURVE('',#308,#827,#846,.T.);
#846 = LINE('',#847,#848);
#847 = CARTESIAN_POINT('',(49.,19.,202.));
#848 = VECTOR('',#849,1.);
#849 = DIRECTION('',(-1.,0.,0.));
#850 = B_SPLINE_SURFACE_WITH_KNOTS('',1,1,(
    (#851,#852)
    ,(#853,#854
  )),.UNSPECIFIED.,.F.,.F.,.F.,(2,2),(2,2),(0.,98.),(0.,1.),
  .PIECEWISE_BEZIER_KNOTS.);
#851 = CARTESIAN_POINT('',(38.,-5.,188.));
#852 = CARTESIAN_POINT('',(49.,19.,202.));
#853 = CARTESIAN_POINT('',(-38.,-5.,188.));
#854 = CARTESIAN_POINT('',(-49.,19.,202.));
#855 = ADVANCED_FACE('',(#856),#873,.T.);
#856 = FACE_BOUND('',#857,.T.);
#857 = EDGE_LOOP('',(#858,#859,#860,#868));
#858 = ORIENTED_EDGE('',*,*,#85,.T.);
#859 = ORIENTED_EDGE('',*,*,#307,.T.);
#860 = ORIENTED_EDGE('',*,*,#861,.F.);
#861 = EDGE_CURVE('',#862,#308,#864,.T.);
#862 = VERTEX_POINT('',#863);
#863 = CARTESIAN_POINT('',(54.,14.,202.));
#864 = LINE('',#865,#866);
#865 = CARTESIAN_POINT('',(54.,14.,202.));
#866 = VECTOR('',#867,1.);
#867 = DIRECTION('',(-0.707106781187,0.707106781187,0.));
#868 = ORIENTED_EDGE('',*,*,#869,.F.);
#869 = EDGE_CURVE('',#86,#862,#870,.T.);
#870 = B_SPLINE_CURVE_WITH_KNOTS('',1,(#871,#872),.UNSPECIFIED.,.F.,.F.,
  (2,2),(0.,1.),.PIECEWISE_BEZIER_KNOTS.);
#871 = CARTESIAN_POINT('',(41.,-8.,188.));
#872 = CARTESIAN_POINT('',(54.,14.,202.));
#873 = B_SPLINE_SURFACE_WITH_KNOTS('',1,1,(
    (#874,#875)
    ,(#876,#877
    )),.UNSPECIFIED.,.F.,.F.,.F.,(2,2),(2,2),(0.,7.071067811865),(0.,1.)
  ,.PIECEWISE_BEZIER_KNOTS.);
#874 = CARTESIAN_POINT('',(41.,-8.,188.));
#875 = CARTESIAN_POINT('',(54.,14.,202.));
#876 = CARTESIAN_POINT('',(38.,-5.,188.));
#877 = CARTESIAN_POINT('',(49.,19.,202.));
#878 = ADVANCED_FACE('',(#879),#890,.T.);
#879 = FACE_BOUND('',#880,.T.);
#880 = EDGE_LOOP('',(#881,#882,#883,#889));
#881 = ORIENTED_EDGE('',*,*,#93,.T.);
#882 = ORIENTED_EDGE('',*,*,#869,.T.);
#883 = ORIENTED_EDGE('',*,*,#884,.F.);
#884 = EDGE_CURVE('',#211,#862,#885,.T.);
#885 = LINE('',#886,#887);
#886 = CARTESIAN_POINT('',(54.,-16.,202.));
#887 = VECTOR('',#888,1.);
#888 = DIRECTION('',(0.,1.,0.));
#889 = ORIENTED_EDGE('',*,*,#210,.F.);
#890 = B_SPLINE_SURFACE_WITH_KNOTS('',1,1,(
    (#891,#892)
    ,(#893,#894
  )),.UNSPECIFIED.,.F.,.F.,.F.,(2,2),(2,2),(0.,30.),(0.,1.),
  .PIECEWISE_BEZIER_KNOTS.);
#891 = CARTESIAN_POINT('',(41.,-18.,188.));
#892 = CARTESIAN_POINT('',(54.,-16.,202.));
#893 = CARTESIAN_POINT('',(41.,-8.,188.));
#894 = CARTESIAN_POINT('',(54.,14.,202.));
#895 = ADVANCED_FACE('',(#896),#961,.T.);
#896 = FACE_BOUND('',#897,.T.);
#897 = EDGE_LOOP('',(#898,#907,#914,#921,#929,#934,#935,#942,#949,#956)
  );
#898 = ORIENTED_EDGE('',*,*,#899,.F.);
#899 = EDGE_CURVE('',#900,#902,#904,.T.);
#900 = VERTEX_POINT('',#901);
#901 = CARTESIAN_POINT('',(13.,-10.34932517143,152.95156211871));
#902 = VERTEX_POINT('',#903);
#903 = CARTESIAN_POINT('',(13.,-18.05976573765,179.04843788128));
#904 = B_SPLINE_CURVE_WITH_KNOTS('',1,(#905,#906),.UNSPECIFIED.,.F.,.F.,
  (2,2),(0.,1.),.PIECEWISE_BEZIER_KNOTS.);
#905 = CARTESIAN_POINT('',(13.,-8.,145.));
#906 = CARTESIAN_POINT('',(13.,-21.,189.));
#907 = ORIENTED_EDGE('',*,*,#908,.F.);
#908 = EDGE_CURVE('',#909,#900,#911,.T.);
#909 = VERTEX_POINT('',#910);
#910 = CARTESIAN_POINT('',(17.561737618886,-8.6645925281,147.2493900951)
  );
#911 = B_SPLINE_CURVE_WITH_KNOTS('',1,(#912,#913),.UNSPECIFIED.,.F.,.F.,
  (2,2),(0.,1.),.PIECEWISE_BEZIER_KNOTS.);
#912 = CARTESIAN_POINT('',(17.561737618886,-8.6645925281,147.2493900951)
  );
#913 = CARTESIAN_POINT('',(13.,-10.34932517143,152.95156211871));
#914 = ORIENTED_EDGE('',*,*,#915,.F.);
#915 = EDGE_CURVE('',#916,#909,#918,.T.);
#916 = VERTEX_POINT('',#917);
#917 = CARTESIAN_POINT('',(14.75,-8.,145.));
#918 = B_SPLINE_CURVE_WITH_KNOTS('',1,(#919,#920),.UNSPECIFIED.,.F.,.F.,
  (2,2),(0.,1.),.PIECEWISE_BEZIER_KNOTS.);
#919 = CARTESIAN_POINT('',(14.75,-8.,145.));
#920 = CARTESIAN_POINT('',(17.561737618886,-8.6645925281,147.2493900951)
  );
#921 = ORIENTED_EDGE('',*,*,#922,.T.);
#922 = EDGE_CURVE('',#916,#923,#925,.T.);
#923 = VERTEX_POINT('',#924);
#924 = CARTESIAN_POINT('',(19.,-8.,145.));
#925 = LINE('',#926,#927);
#926 = CARTESIAN_POINT('',(13.,-8.,145.));
#927 = VECTOR('',#928,1.);
#928 = DIRECTION('',(1.,0.,0.));
#929 = ORIENTED_EDGE('',*,*,#930,.T.);
#930 = EDGE_CURVE('',#923,#117,#931,.T.);
#931 = B_SPLINE_CURVE_WITH_KNOTS('',1,(#932,#933),.UNSPECIFIED.,.F.,.F.,
  (2,2),(0.,1.),.PIECEWISE_BEZIER_KNOTS.);
#932 = CARTESIAN_POINT('',(19.,-8.,145.));
#933 = CARTESIAN_POINT('',(19.,-21.,189.));
#934 = ORIENTED_EDGE('',*,*,#116,.T.);
#935 = ORIENTED_EDGE('',*,*,#936,.F.);
#936 = EDGE_CURVE('',#937,#119,#939,.T.);
#937 = VERTEX_POINT('',#938);
#938 = CARTESIAN_POINT('',(13.,-19.95159789871,185.45156211871));
#939 = B_SPLINE_CURVE_WITH_KNOTS('',1,(#940,#941),.UNSPECIFIED.,.F.,.F.,
  (2,2),(0.,1.),.PIECEWISE_BEZIER_KNOTS.);
#940 = CARTESIAN_POINT('',(13.,-8.,145.));
#941 = CARTESIAN_POINT('',(13.,-21.,189.));
#942 = ORIENTED_EDGE('',*,*,#943,.F.);
#943 = EDGE_CURVE('',#944,#937,#946,.T.);
#944 = VERTEX_POINT('',#945);
#945 = CARTESIAN_POINT('',(14.438262381114,-20.48277434628,
    187.2493900951));
#946 = B_SPLINE_CURVE_WITH_KNOTS('',1,(#947,#948),.UNSPECIFIED.,.F.,.F.,
  (2,2),(0.,1.),.PIECEWISE_BEZIER_KNOTS.);
#947 = CARTESIAN_POINT('',(14.438262381114,-20.48277434628,
    187.2493900951));
#948 = CARTESIAN_POINT('',(13.,-19.95159789871,185.45156211871));
#949 = ORIENTED_EDGE('',*,*,#950,.F.);
#950 = EDGE_CURVE('',#951,#944,#953,.T.);
#951 = VERTEX_POINT('',#952);
#952 = CARTESIAN_POINT('',(17.561737618886,-19.74449838099,
    184.75060990489));
#953 = B_SPLINE_CURVE_WITH_KNOTS('',1,(#954,#955),.UNSPECIFIED.,.F.,.F.,
  (2,2),(0.,1.),.PIECEWISE_BEZIER_KNOTS.);
#954 = CARTESIAN_POINT('',(17.561737618886,-19.74449838099,
    184.75060990489));
#955 = CARTESIAN_POINT('',(14.438262381114,-20.48277434628,
    187.2493900951));
#956 = ORIENTED_EDGE('',*,*,#957,.F.);
#957 = EDGE_CURVE('',#902,#951,#958,.T.);
#958 = B_SPLINE_CURVE_WITH_KNOTS('',1,(#959,#960),.UNSPECIFIED.,.F.,.F.,
  (2,2),(0.,1.),.PIECEWISE_BEZIER_KNOTS.);
#959 = CARTESIAN_POINT('',(13.,-18.05976573765,179.04843788128));
#960 = CARTESIAN_POINT('',(17.561737618886,-19.74449838099,
    184.75060990489));
#961 = PLANE('',#962);
#962 = AXIS2_PLACEMENT_3D('',#963,#964,#965);
#963 = CARTESIAN_POINT('',(13.,-21.,189.));
#964 = DIRECTION('',(0.,-0.959017708059,-0.283346141017));
#965 = DIRECTION('',(1.,0.,0.));
#966 = ADVANCED_FACE('',(#967),#1018,.T.);
#967 = FACE_BOUND('',#968,.T.);
#968 = EDGE_LOOP('',(#969,#976,#977,#984,#991,#996,#997,#998,#1005,#1013
    ));
#969 = ORIENTED_EDGE('',*,*,#970,.T.);
#970 = EDGE_CURVE('',#971,#900,#973,.T.);
#971 = VERTEX_POINT('',#972);
#972 = CARTESIAN_POINT('',(13.,1.596039359458,152.95156211871));
#973 = B_SPLINE_CURVE_WITH_KNOTS('',1,(#974,#975),.UNSPECIFIED.,.F.,.F.,
  (2,2),(0.,1.),.PIECEWISE_BEZIER_KNOTS.);
#974 = CARTESIAN_POINT('',(13.,1.596039359458,152.95156211871));
#975 = CARTESIAN_POINT('',(13.,-10.34932517143,152.95156211871));
#976 = ORIENTED_EDGE('',*,*,#899,.T.);
#977 = ORIENTED_EDGE('',*,*,#978,.T.);
#978 = EDGE_CURVE('',#902,#979,#981,.T.);
#979 = VERTEX_POINT('',#980);
#980 = CARTESIAN_POINT('',(13.,-6.293713778062,179.04843788128));
#981 = B_SPLINE_CURVE_WITH_KNOTS('',1,(#982,#983),.UNSPECIFIED.,.F.,.F.,
  (2,2),(0.,1.),.PIECEWISE_BEZIER_KNOTS.);
#982 = CARTESIAN_POINT('',(13.,-18.05976573765,179.04843788128));
#983 = CARTESIAN_POINT('',(13.,-6.293713778062,179.04843788128));
#984 = ORIENTED_EDGE('',*,*,#985,.T.);
#985 = EDGE_CURVE('',#979,#986,#988,.T.);
#986 = VERTEX_POINT('',#987);
#987 = CARTESIAN_POINT('',(13.,-8.229542035891,185.45156211871));
#988 = B_SPLINE_CURVE_WITH_KNOTS('',1,(#989,#990),.UNSPECIFIED.,.F.,.F.,
  (2,2),(0.,1.),.PIECEWISE_BEZIER_KNOTS.);
#989 = CARTESIAN_POINT('',(13.,-6.293713778062,179.04843788128));
#990 = CARTESIAN_POINT('',(13.,-8.229542035891,185.45156211871));
#991 = ORIENTED_EDGE('',*,*,#992,.T.);
#992 = EDGE_CURVE('',#986,#937,#993,.T.);
#993 = B_SPLINE_CURVE_WITH_KNOTS('',1,(#994,#995),.UNSPECIFIED.,.F.,.F.,
  (2,2),(0.,1.),.PIECEWISE_BEZIER_KNOTS.);
#994 = CARTESIAN_POINT('',(13.,-8.229542035891,185.45156211871));
#995 = CARTESIAN_POINT('',(13.,-19.95159789871,185.45156211871));
#996 = ORIENTED_EDGE('',*,*,#936,.T.);
#997 = ORIENTED_EDGE('',*,*,#141,.T.);
#998 = ORIENTED_EDGE('',*,*,#999,.F.);
#999 = EDGE_CURVE('',#1000,#134,#1002,.T.);
#1000 = VERTEX_POINT('',#1001);
#1001 = CARTESIAN_POINT('',(13.,3.40909090909,147.));
#1002 = B_SPLINE_CURVE_WITH_KNOTS('',1,(#1003,#1004),.UNSPECIFIED.,.F.,
  .F.,(2,2),(0.,1.),.PIECEWISE_BEZIER_KNOTS.);
#1003 = CARTESIAN_POINT('',(13.,4.,145.));
#1004 = CARTESIAN_POINT('',(13.,-9.,189.));
#1005 = ORIENTED_EDGE('',*,*,#1006,.F.);
#1006 = EDGE_CURVE('',#1007,#1000,#1009,.T.);
#1007 = VERTEX_POINT('',#1008);
#1008 = CARTESIAN_POINT('',(13.,3.395348837209,147.));
#1009 = LINE('',#1010,#1011);
#1010 = CARTESIAN_POINT('',(13.,-8.,147.));
#1011 = VECTOR('',#1012,1.);
#1012 = DIRECTION('',(0.,1.,0.));
#1013 = ORIENTED_EDGE('',*,*,#1014,.T.);
#1014 = EDGE_CURVE('',#1007,#971,#1015,.T.);
#1015 = B_SPLINE_CURVE_WITH_KNOTS('',1,(#1016,#1017),.UNSPECIFIED.,.F.,
  .F.,(2,2),(0.,1.),.PIECEWISE_BEZIER_KNOTS.);
#1016 = CARTESIAN_POINT('',(13.,4.,145.));
#1017 = CARTESIAN_POINT('',(13.,1.290228994113,153.96308871178));
#1018 = B_SPLINE_SURFACE_WITH_KNOTS('',1,1,(
    (#1019,#1020)
    ,(#1021,#1022
    )),.UNSPECIFIED.,.F.,.F.,.F.,(2,2),(2,2),(0.,12.),(0.,1.),
  .PIECEWISE_BEZIER_KNOTS.);
#1019 = CARTESIAN_POINT('',(13.,4.,145.));
#1020 = CARTESIAN_POINT('',(13.,-9.,189.));
#1021 = CARTESIAN_POINT('',(13.,-8.,145.));
#1022 = CARTESIAN_POINT('',(13.,-21.,189.));
#1023 = ADVANCED_FACE('',(#1024),#1041,.T.);
#1024 = FACE_BOUND('',#1025,.T.);
#1025 = EDGE_LOOP('',(#1026,#1033,#1039,#1040));
#1026 = ORIENTED_EDGE('',*,*,#1027,.F.);
#1027 = EDGE_CURVE('',#1028,#127,#1030,.T.);
#1028 = VERTEX_POINT('',#1029);
#1029 = CARTESIAN_POINT('',(19.,3.40909090909,147.));
#1030 = B_SPLINE_CURVE_WITH_KNOTS('',1,(#1031,#1032),.UNSPECIFIED.,.F.,
  .F.,(2,2),(0.,1.),.PIECEWISE_BEZIER_KNOTS.);
#1031 = CARTESIAN_POINT('',(19.,4.,145.));
#1032 = CARTESIAN_POINT('',(19.,-9.,189.));
#1033 = ORIENTED_EDGE('',*,*,#1034,.T.);
#1034 = EDGE_CURVE('',#1028,#1000,#1035,.T.);
#1035 = LINE('',#1036,#1037);
#1036 = CARTESIAN_POINT('',(16.,3.409090909091,147.));
#1037 = VECTOR('',#1038,1.);
#1038 = DIRECTION('',(-1.,0.,0.));
#1039 = ORIENTED_EDGE('',*,*,#999,.T.);
#1040 = ORIENTED_EDGE('',*,*,#133,.T.);
#1041 = PLANE('',#1042);
#1042 = AXIS2_PLACEMENT_3D('',#1043,#1044,#1045);
#1043 = CARTESIAN_POINT('',(19.,-9.,189.));
#1044 = DIRECTION('',(0.,0.959017708059,0.283346141017));
#1045 = DIRECTION('',(-1.,0.,0.));
#1046 = ADVANCED_FACE('',(#1047),#1066,.T.);
#1047 = FACE_BOUND('',#1048,.T.);
#1048 = EDGE_LOOP('',(#1049,#1050,#1058,#1064,#1065));
#1049 = ORIENTED_EDGE('',*,*,#930,.F.);
#1050 = ORIENTED_EDGE('',*,*,#1051,.T.);
#1051 = EDGE_CURVE('',#923,#1052,#1054,.T.);
#1052 = VERTEX_POINT('',#1053);
#1053 = CARTESIAN_POINT('',(19.,-8.,147.));
#1054 = LINE('',#1055,#1056);
#1055 = CARTESIAN_POINT('',(19.,-8.,8.));
#1056 = VECTOR('',#1057,1.);
#1057 = DIRECTION('',(0.,0.,1.));
#1058 = ORIENTED_EDGE('',*,*,#1059,.T.);
#1059 = EDGE_CURVE('',#1052,#1028,#1060,.T.);
#1060 = LINE('',#1061,#1062);
#1061 = CARTESIAN_POINT('',(19.,-8.,147.));
#1062 = VECTOR('',#1063,1.);
#1063 = DIRECTION('',(0.,1.,0.));
#1064 = ORIENTED_EDGE('',*,*,#1027,.T.);
#1065 = ORIENTED_EDGE('',*,*,#126,.T.);
#1066 = B_SPLINE_SURFACE_WITH_KNOTS('',1,1,(
    (#1067,#1068)
    ,(#1069,#1070
    )),.UNSPECIFIED.,.F.,.F.,.F.,(2,2),(2,2),(0.,12.),(0.,1.),
  .PIECEWISE_BEZIER_KNOTS.);
#1067 = CARTESIAN_POINT('',(19.,-8.,145.));
#1068 = CARTESIAN_POINT('',(19.,-21.,189.));
#1069 = CARTESIAN_POINT('',(19.,4.,145.));
#1070 = CARTESIAN_POINT('',(19.,-9.,189.));
#1071 = ADVANCED_FACE('',(#1072),#1137,.T.);
#1072 = FACE_BOUND('',#1073,.T.);
#1073 = EDGE_LOOP('',(#1074,#1081,#1089,#1096,#1103,#1110,#1117,#1124,
    #1131,#1136));
#1074 = ORIENTED_EDGE('',*,*,#1075,.F.);
#1075 = EDGE_CURVE('',#1076,#151,#1078,.T.);
#1076 = VERTEX_POINT('',#1077);
#1077 = CARTESIAN_POINT('',(-19.,-8.,145.));
#1078 = B_SPLINE_CURVE_WITH_KNOTS('',1,(#1079,#1080),.UNSPECIFIED.,.F.,
  .F.,(2,2),(0.,1.),.PIECEWISE_BEZIER_KNOTS.);
#1079 = CARTESIAN_POINT('',(-19.,-8.,145.));
#1080 = CARTESIAN_POINT('',(-19.,-21.,189.));
#1081 = ORIENTED_EDGE('',*,*,#1082,.T.);
#1082 = EDGE_CURVE('',#1076,#1083,#1085,.T.);
#1083 = VERTEX_POINT('',#1084);
#1084 = CARTESIAN_POINT('',(-14.75,-8.,145.));
#1085 = LINE('',#1086,#1087);
#1086 = CARTESIAN_POINT('',(-19.,-8.,145.));
#1087 = VECTOR('',#1088,1.);
#1088 = DIRECTION('',(1.,0.,0.));
#1089 = ORIENTED_EDGE('',*,*,#1090,.T.);
#1090 = EDGE_CURVE('',#1083,#1091,#1093,.T.);
#1091 = VERTEX_POINT('',#1092);
#1092 = CARTESIAN_POINT('',(-17.56173761888,-8.6645925281,147.2493900951
    ));
#1093 = B_SPLINE_CURVE_WITH_KNOTS('',1,(#1094,#1095),.UNSPECIFIED.,.F.,
  .F.,(2,2),(0.,1.),.PIECEWISE_BEZIER_KNOTS.);
#1094 = CARTESIAN_POINT('',(-14.75,-8.,145.));
#1095 = CARTESIAN_POINT('',(-17.56173761888,-8.6645925281,147.2493900951
    ));
#1096 = ORIENTED_EDGE('',*,*,#1097,.F.);
#1097 = EDGE_CURVE('',#1098,#1091,#1100,.T.);
#1098 = VERTEX_POINT('',#1099);
#1099 = CARTESIAN_POINT('',(-13.,-10.34932517143,152.95156211871));
#1100 = B_SPLINE_CURVE_WITH_KNOTS('',1,(#1101,#1102),.UNSPECIFIED.,.F.,
  .F.,(2,2),(0.,1.),.PIECEWISE_BEZIER_KNOTS.);
#1101 = CARTESIAN_POINT('',(-13.,-10.34932517143,152.95156211871));
#1102 = CARTESIAN_POINT('',(-17.56173761888,-8.6645925281,147.2493900951
    ));
#1103 = ORIENTED_EDGE('',*,*,#1104,.T.);
#1104 = EDGE_CURVE('',#1098,#1105,#1107,.T.);
#1105 = VERTEX_POINT('',#1106);
#1106 = CARTESIAN_POINT('',(-13.,-18.05976573765,179.04843788128));
#1107 = B_SPLINE_CURVE_WITH_KNOTS('',1,(#1108,#1109),.UNSPECIFIED.,.F.,
  .F.,(2,2),(0.,1.),.PIECEWISE_BEZIER_KNOTS.);
#1108 = CARTESIAN_POINT('',(-13.,-8.,145.));
#1109 = CARTESIAN_POINT('',(-13.,-21.,189.));
#1110 = ORIENTED_EDGE('',*,*,#1111,.T.);
#1111 = EDGE_CURVE('',#1105,#1112,#1114,.T.);
#1112 = VERTEX_POINT('',#1113);
#1113 = CARTESIAN_POINT('',(-17.56173761888,-19.74449838099,
    184.75060990489));
#1114 = B_SPLINE_CURVE_WITH_KNOTS('',1,(#1115,#1116),.UNSPECIFIED.,.F.,
  .F.,(2,2),(0.,1.),.PIECEWISE_BEZIER_KNOTS.);
#1115 = CARTESIAN_POINT('',(-13.,-18.05976573765,179.04843788128));
#1116 = CARTESIAN_POINT('',(-17.56173761888,-19.74449838099,
    184.75060990489));
#1117 = ORIENTED_EDGE('',*,*,#1118,.F.);
#1118 = EDGE_CURVE('',#1119,#1112,#1121,.T.);
#1119 = VERTEX_POINT('',#1120);
#1120 = CARTESIAN_POINT('',(-14.43826238111,-20.48277434628,
    187.2493900951));
#1121 = B_SPLINE_CURVE_WITH_KNOTS('',1,(#1122,#1123),.UNSPECIFIED.,.F.,
  .F.,(2,2),(0.,1.),.PIECEWISE_BEZIER_KNOTS.);
#1122 = CARTESIAN_POINT('',(-14.43826238111,-20.48277434628,
    187.2493900951));
#1123 = CARTESIAN_POINT('',(-17.56173761888,-19.74449838099,
    184.75060990489));
#1124 = ORIENTED_EDGE('',*,*,#1125,.F.);
#1125 = EDGE_CURVE('',#1126,#1119,#1128,.T.);
#1126 = VERTEX_POINT('',#1127);
#1127 = CARTESIAN_POINT('',(-13.,-19.95159789871,185.45156211871));
#1128 = B_SPLINE_CURVE_WITH_KNOTS('',1,(#1129,#1130),.UNSPECIFIED.,.F.,
  .F.,(2,2),(0.,1.),.PIECEWISE_BEZIER_KNOTS.);
#1129 = CARTESIAN_POINT('',(-13.,-19.95159789871,185.45156211871));
#1130 = CARTESIAN_POINT('',(-14.43826238111,-20.48277434628,
    187.2493900951));
#1131 = ORIENTED_EDGE('',*,*,#1132,.T.);
#1132 = EDGE_CURVE('',#1126,#149,#1133,.T.);
#1133 = B_SPLINE_CURVE_WITH_KNOTS('',1,(#1134,#1135),.UNSPECIFIED.,.F.,
  .F.,(2,2),(0.,1.),.PIECEWISE_BEZIER_KNOTS.);
#1134 = CARTESIAN_POINT('',(-13.,-8.,145.));
#1135 = CARTESIAN_POINT('',(-13.,-21.,189.));
#1136 = ORIENTED_EDGE('',*,*,#148,.T.);
#1137 = PLANE('',#1138);
#1138 = AXIS2_PLACEMENT_3D('',#1139,#1140,#1141);
#1139 = CARTESIAN_POINT('',(-19.,-21.,189.));
#1140 = DIRECTION('',(0.,-0.959017708059,-0.283346141017));
#1141 = DIRECTION('',(1.,0.,0.));
#1142 = ADVANCED_FACE('',(#1143),#1194,.T.);
#1143 = FACE_BOUND('',#1144,.T.);
#1144 = EDGE_LOOP('',(#1145,#1146,#1153,#1160,#1168,#1173,#1174,#1175,
    #1182,#1189));
#1145 = ORIENTED_EDGE('',*,*,#1104,.F.);
#1146 = ORIENTED_EDGE('',*,*,#1147,.T.);
#1147 = EDGE_CURVE('',#1098,#1148,#1150,.T.);
#1148 = VERTEX_POINT('',#1149);
#1149 = CARTESIAN_POINT('',(-13.,1.596039359458,152.95156211871));
#1150 = B_SPLINE_CURVE_WITH_KNOTS('',1,(#1151,#1152),.UNSPECIFIED.,.F.,
  .F.,(2,2),(0.,1.),.PIECEWISE_BEZIER_KNOTS.);
#1151 = CARTESIAN_POINT('',(-13.,-10.34932517143,152.95156211871));
#1152 = CARTESIAN_POINT('',(-13.,1.596039359458,152.95156211871));
#1153 = ORIENTED_EDGE('',*,*,#1154,.F.);
#1154 = EDGE_CURVE('',#1155,#1148,#1157,.T.);
#1155 = VERTEX_POINT('',#1156);
#1156 = CARTESIAN_POINT('',(-13.,3.395348837209,147.));
#1157 = B_SPLINE_CURVE_WITH_KNOTS('',1,(#1158,#1159),.UNSPECIFIED.,.F.,
  .F.,(2,2),(0.,1.),.PIECEWISE_BEZIER_KNOTS.);
#1158 = CARTESIAN_POINT('',(-13.,3.531867617286,146.54843788128));
#1159 = CARTESIAN_POINT('',(-13.,1.596039359458,152.95156211871));
#1160 = ORIENTED_EDGE('',*,*,#1161,.T.);
#1161 = EDGE_CURVE('',#1155,#1162,#1164,.T.);
#1162 = VERTEX_POINT('',#1163);
#1163 = CARTESIAN_POINT('',(-13.,3.40909090909,147.));
#1164 = LINE('',#1165,#1166);
#1165 = CARTESIAN_POINT('',(-13.,-8.,147.));
#1166 = VECTOR('',#1167,1.);
#1167 = DIRECTION('',(0.,1.,0.));
#1168 = ORIENTED_EDGE('',*,*,#1169,.T.);
#1169 = EDGE_CURVE('',#1162,#159,#1170,.T.);
#1170 = B_SPLINE_CURVE_WITH_KNOTS('',1,(#1171,#1172),.UNSPECIFIED.,.F.,
  .F.,(2,2),(0.,1.),.PIECEWISE_BEZIER_KNOTS.);
#1171 = CARTESIAN_POINT('',(-13.,4.,145.));
#1172 = CARTESIAN_POINT('',(-13.,-9.,189.));
#1173 = ORIENTED_EDGE('',*,*,#158,.T.);
#1174 = ORIENTED_EDGE('',*,*,#1132,.F.);
#1175 = ORIENTED_EDGE('',*,*,#1176,.T.);
#1176 = EDGE_CURVE('',#1126,#1177,#1179,.T.);
#1177 = VERTEX_POINT('',#1178);
#1178 = CARTESIAN_POINT('',(-13.,-8.229542035891,185.45156211871));
#1179 = B_SPLINE_CURVE_WITH_KNOTS('',1,(#1180,#1181),.UNSPECIFIED.,.F.,
  .F.,(2,2),(0.,1.),.PIECEWISE_BEZIER_KNOTS.);
#1180 = CARTESIAN_POINT('',(-13.,-19.95159789871,185.45156211871));
#1181 = CARTESIAN_POINT('',(-13.,-8.229542035891,185.45156211871));
#1182 = ORIENTED_EDGE('',*,*,#1183,.F.);
#1183 = EDGE_CURVE('',#1184,#1177,#1186,.T.);
#1184 = VERTEX_POINT('',#1185);
#1185 = CARTESIAN_POINT('',(-13.,-6.293713778062,179.04843788128));
#1186 = B_SPLINE_CURVE_WITH_KNOTS('',1,(#1187,#1188),.UNSPECIFIED.,.F.,
  .F.,(2,2),(0.,1.),.PIECEWISE_BEZIER_KNOTS.);
#1187 = CARTESIAN_POINT('',(-13.,-5.987903412717,178.03691128821));
#1188 = CARTESIAN_POINT('',(-13.,-9.000007981395,188.0000264));
#1189 = ORIENTED_EDGE('',*,*,#1190,.T.);
#1190 = EDGE_CURVE('',#1184,#1105,#1191,.T.);
#1191 = B_SPLINE_CURVE_WITH_KNOTS('',1,(#1192,#1193),.UNSPECIFIED.,.F.,
  .F.,(2,2),(0.,1.),.PIECEWISE_BEZIER_KNOTS.);
#1192 = CARTESIAN_POINT('',(-13.,-6.293713778062,179.04843788128));
#1193 = CARTESIAN_POINT('',(-13.,-18.05976573765,179.04843788128));
#1194 = B_SPLINE_SURFACE_WITH_KNOTS('',1,1,(
    (#1195,#1196)
    ,(#1197,#1198
    )),.UNSPECIFIED.,.F.,.F.,.F.,(2,2),(2,2),(0.,12.),(0.,1.),
  .PIECEWISE_BEZIER_KNOTS.);
#1195 = CARTESIAN_POINT('',(-13.,-8.,145.));
#1196 = CARTESIAN_POINT('',(-13.,-21.,189.));
#1197 = CARTESIAN_POINT('',(-13.,4.,145.));
#1198 = CARTESIAN_POINT('',(-13.,-9.,189.));
#1199 = ADVANCED_FACE('',(#1200),#1225,.T.);
#1200 = FACE_BOUND('',#1201,.T.);
#1201 = EDGE_LOOP('',(#1202,#1210,#1211,#1212,#1219));
#1202 = ORIENTED_EDGE('',*,*,#1203,.F.);
#1203 = EDGE_CURVE('',#1076,#1204,#1206,.T.);
#1204 = VERTEX_POINT('',#1205);
#1205 = CARTESIAN_POINT('',(-19.,-8.,147.));
#1206 = LINE('',#1207,#1208);
#1207 = CARTESIAN_POINT('',(-19.,-8.,8.));
#1208 = VECTOR('',#1209,1.);
#1209 = DIRECTION('',(0.,0.,1.));
#1210 = ORIENTED_EDGE('',*,*,#1075,.T.);
#1211 = ORIENTED_EDGE('',*,*,#173,.T.);
#1212 = ORIENTED_EDGE('',*,*,#1213,.F.);
#1213 = EDGE_CURVE('',#1214,#166,#1216,.T.);
#1214 = VERTEX_POINT('',#1215);
#1215 = CARTESIAN_POINT('',(-19.,3.40909090909,147.));
#1216 = B_SPLINE_CURVE_WITH_KNOTS('',1,(#1217,#1218),.UNSPECIFIED.,.F.,
  .F.,(2,2),(0.,1.),.PIECEWISE_BEZIER_KNOTS.);
#1217 = CARTESIAN_POINT('',(-19.,4.,145.));
#1218 = CARTESIAN_POINT('',(-19.,-9.,189.));
#1219 = ORIENTED_EDGE('',*,*,#1220,.F.);
#1220 = EDGE_CURVE('',#1204,#1214,#1221,.T.);
#1221 = LINE('',#1222,#1223);
#1222 = CARTESIAN_POINT('',(-19.,-8.,147.));
#1223 = VECTOR('',#1224,1.);
#1224 = DIRECTION('',(0.,1.,0.));
#1225 = B_SPLINE_SURFACE_WITH_KNOTS('',1,1,(
    (#1226,#1227)
    ,(#1228,#1229
    )),.UNSPECIFIED.,.F.,.F.,.F.,(2,2),(2,2),(0.,12.),(0.,1.),
  .PIECEWISE_BEZIER_KNOTS.);
#1226 = CARTESIAN_POINT('',(-19.,4.,145.));
#1227 = CARTESIAN_POINT('',(-19.,-9.,189.));
#1228 = CARTESIAN_POINT('',(-19.,-8.,145.));
#1229 = CARTESIAN_POINT('',(-19.,-21.,189.));
#1230 = ADVANCED_FACE('',(#1231),#1242,.T.);
#1231 = FACE_BOUND('',#1232,.T.);
#1232 = EDGE_LOOP('',(#1233,#1234,#1240,#1241));
#1233 = ORIENTED_EDGE('',*,*,#1169,.F.);
#1234 = ORIENTED_EDGE('',*,*,#1235,.T.);
#1235 = EDGE_CURVE('',#1162,#1214,#1236,.T.);
#1236 = LINE('',#1237,#1238);
#1237 = CARTESIAN_POINT('',(-16.,3.409090909091,147.));
#1238 = VECTOR('',#1239,1.);
#1239 = DIRECTION('',(-1.,0.,0.));
#1240 = ORIENTED_EDGE('',*,*,#1213,.T.);
#1241 = ORIENTED_EDGE('',*,*,#165,.T.);
#1242 = PLANE('',#1243);
#1243 = AXIS2_PLACEMENT_3D('',#1244,#1245,#1246);
#1244 = CARTESIAN_POINT('',(-13.,-9.,189.));
#1245 = DIRECTION('',(0.,0.959017708059,0.283346141017));
#1246 = DIRECTION('',(-1.,0.,0.));
#1247 = ADVANCED_FACE('',(#1248),#1265,.T.);
#1248 = FACE_BOUND('',#1249,.T.);
#1249 = EDGE_LOOP('',(#1250,#1251,#1252,#1260));
#1250 = ORIENTED_EDGE('',*,*,#188,.T.);
#1251 = ORIENTED_EDGE('',*,*,#248,.T.);
#1252 = ORIENTED_EDGE('',*,*,#1253,.F.);
#1253 = EDGE_CURVE('',#1254,#241,#1256,.T.);
#1254 = VERTEX_POINT('',#1255);
#1255 = CARTESIAN_POINT('',(-63.,-12.,212.));
#1256 = LINE('',#1257,#1258);
#1257 = CARTESIAN_POINT('',(-63.,-12.,212.));
#1258 = VECTOR('',#1259,1.);
#1259 = DIRECTION('',(0.707106781187,-0.707106781187,0.));
#1260 = ORIENTED_EDGE('',*,*,#1261,.F.);
#1261 = EDGE_CURVE('',#189,#1254,#1262,.T.);
#1262 = B_SPLINE_CURVE_WITH_KNOTS('',1,(#1263,#1264),.UNSPECIFIED.,.F.,
  .F.,(2,2),(0.,1.),.PIECEWISE_BEZIER_KNOTS.);
#1263 = CARTESIAN_POINT('',(-54.,-16.,202.));
#1264 = CARTESIAN_POINT('',(-63.,-12.,212.));
#1265 = B_SPLINE_SURFACE_WITH_KNOTS('',1,1,(
    (#1266,#1267)
    ,(#1268,#1269
    )),.UNSPECIFIED.,.F.,.F.,.F.,(2,2),(2,2),(0.,9.899494936612),(0.,1.)
  ,.PIECEWISE_BEZIER_KNOTS.);
#1266 = CARTESIAN_POINT('',(-54.,-16.,202.));
#1267 = CARTESIAN_POINT('',(-63.,-12.,212.));
#1268 = CARTESIAN_POINT('',(-49.,-21.,202.));
#1269 = CARTESIAN_POINT('',(-56.,-19.,212.));
#1270 = ADVANCED_FACE('',(#1271),#1288,.T.);
#1271 = FACE_BOUND('',#1272,.T.);
#1272 = EDGE_LOOP('',(#1273,#1274,#1281,#1287));
#1273 = ORIENTED_EDGE('',*,*,#217,.T.);
#1274 = ORIENTED_EDGE('',*,*,#1275,.T.);
#1275 = EDGE_CURVE('',#211,#1276,#1278,.T.);
#1276 = VERTEX_POINT('',#1277);
#1277 = CARTESIAN_POINT('',(63.,-12.,212.));
#1278 = B_SPLINE_CURVE_WITH_KNOTS('',1,(#1279,#1280),.UNSPECIFIED.,.F.,
  .F.,(2,2),(0.,1.),.PIECEWISE_BEZIER_KNOTS.);
#1279 = CARTESIAN_POINT('',(54.,-16.,202.));
#1280 = CARTESIAN_POINT('',(63.,-12.,212.));
#1281 = ORIENTED_EDGE('',*,*,#1282,.F.);
#1282 = EDGE_CURVE('',#234,#1276,#1283,.T.);
#1283 = LINE('',#1284,#1285);
#1284 = CARTESIAN_POINT('',(56.,-19.,212.));
#1285 = VECTOR('',#1286,1.);
#1286 = DIRECTION('',(0.707106781187,0.707106781187,0.));
#1287 = ORIENTED_EDGE('',*,*,#233,.F.);
#1288 = B_SPLINE_SURFACE_WITH_KNOTS('',1,1,(
    (#1289,#1290)
    ,(#1291,#1292
    )),.UNSPECIFIED.,.F.,.F.,.F.,(2,2),(2,2),(0.,9.899494936612),(0.,1.)
  ,.PIECEWISE_BEZIER_KNOTS.);
#1289 = CARTESIAN_POINT('',(49.,-21.,202.));
#1290 = CARTESIAN_POINT('',(56.,-19.,212.));
#1291 = CARTESIAN_POINT('',(54.,-16.,202.));
#1292 = CARTESIAN_POINT('',(63.,-12.,212.));
#1293 = ADVANCED_FACE('',(#1294),#1317,.T.);
#1294 = FACE_BOUND('',#1295,.T.);
#1295 = EDGE_LOOP('',(#1296,#1297,#1304,#1312));
#1296 = ORIENTED_EDGE('',*,*,#240,.T.);
#1297 = ORIENTED_EDGE('',*,*,#1298,.T.);
#1298 = EDGE_CURVE('',#234,#1299,#1301,.T.);
#1299 = VERTEX_POINT('',#1300);
#1300 = CARTESIAN_POINT('',(52.,-14.5,240.));
#1301 = B_SPLINE_CURVE_WITH_KNOTS('',1,(#1302,#1303),.UNSPECIFIED.,.F.,
  .F.,(2,2),(0.,1.),.PIECEWISE_BEZIER_KNOTS.);
#1302 = CARTESIAN_POINT('',(56.,-19.,212.));
#1303 = CARTESIAN_POINT('',(52.,-14.5,240.));
#1304 = ORIENTED_EDGE('',*,*,#1305,.F.);
#1305 = EDGE_CURVE('',#1306,#1299,#1308,.T.);
#1306 = VERTEX_POINT('',#1307);
#1307 = CARTESIAN_POINT('',(-52.,-14.5,240.));
#1308 = LINE('',#1309,#1310);
#1309 = CARTESIAN_POINT('',(-52.,-14.5,240.));
#1310 = VECTOR('',#1311,1.);
#1311 = DIRECTION('',(1.,0.,0.));
#1312 = ORIENTED_EDGE('',*,*,#1313,.F.);
#1313 = EDGE_CURVE('',#241,#1306,#1314,.T.);
#1314 = B_SPLINE_CURVE_WITH_KNOTS('',1,(#1315,#1316),.UNSPECIFIED.,.F.,
  .F.,(2,2),(0.,1.),.PIECEWISE_BEZIER_KNOTS.);
#1315 = CARTESIAN_POINT('',(-56.,-19.,212.));
#1316 = CARTESIAN_POINT('',(-52.,-14.5,240.));
#1317 = B_SPLINE_SURFACE_WITH_KNOTS('',1,1,(
    (#1318,#1319)
    ,(#1320,#1321
    )),.UNSPECIFIED.,.F.,.F.,.F.,(2,2),(2,2),(0.,112.),(0.,1.),
  .PIECEWISE_BEZIER_KNOTS.);
#1318 = CARTESIAN_POINT('',(-56.,-19.,212.));
#1319 = CARTESIAN_POINT('',(-52.,-14.5,240.));
#1320 = CARTESIAN_POINT('',(56.,-19.,212.));
#1321 = CARTESIAN_POINT('',(52.,-14.5,240.));
#1322 = ADVANCED_FACE('',(#1323),#1340,.T.);
#1323 = FACE_BOUND('',#1324,.T.);
#1324 = EDGE_LOOP('',(#1325,#1326,#1327,#1335));
#1325 = ORIENTED_EDGE('',*,*,#263,.T.);
#1326 = ORIENTED_EDGE('',*,*,#1261,.T.);
#1327 = ORIENTED_EDGE('',*,*,#1328,.F.);
#1328 = EDGE_CURVE('',#1329,#1254,#1331,.T.);
#1329 = VERTEX_POINT('',#1330);
#1330 = CARTESIAN_POINT('',(-63.,36.,212.));
#1331 = LINE('',#1332,#1333);
#1332 = CARTESIAN_POINT('',(-63.,36.,212.));
#1333 = VECTOR('',#1334,1.);
#1334 = DIRECTION('',(0.,-1.,0.));
#1335 = ORIENTED_EDGE('',*,*,#1336,.F.);
#1336 = EDGE_CURVE('',#264,#1329,#1337,.T.);
#1337 = B_SPLINE_CURVE_WITH_KNOTS('',1,(#1338,#1339),.UNSPECIFIED.,.F.,
  .F.,(2,2),(0.,1.),.PIECEWISE_BEZIER_KNOTS.);
#1338 = CARTESIAN_POINT('',(-54.,14.,202.));
#1339 = CARTESIAN_POINT('',(-63.,36.,212.));
#1340 = B_SPLINE_SURFACE_WITH_KNOTS('',1,1,(
    (#1341,#1342)
    ,(#1343,#1344
    )),.UNSPECIFIED.,.F.,.F.,.F.,(2,2),(2,2),(0.,48.),(0.,1.),
  .PIECEWISE_BEZIER_KNOTS.);
#1341 = CARTESIAN_POINT('',(-54.,14.,202.));
#1342 = CARTESIAN_POINT('',(-63.,36.,212.));
#1343 = CARTESIAN_POINT('',(-54.,-16.,202.));
#1344 = CARTESIAN_POINT('',(-63.,-12.,212.));
#1345 = ADVANCED_FACE('',(#1346),#1363,.T.);
#1346 = FACE_BOUND('',#1347,.T.);
#1347 = EDGE_LOOP('',(#1348,#1349,#1350,#1358));
#1348 = ORIENTED_EDGE('',*,*,#286,.T.);
#1349 = ORIENTED_EDGE('',*,*,#1336,.T.);
#1350 = ORIENTED_EDGE('',*,*,#1351,.F.);
#1351 = EDGE_CURVE('',#1352,#1329,#1354,.T.);
#1352 = VERTEX_POINT('',#1353);
#1353 = CARTESIAN_POINT('',(-56.,43.,212.));
#1354 = LINE('',#1355,#1356);
#1355 = CARTESIAN_POINT('',(-56.,43.,212.));
#1356 = VECTOR('',#1357,1.);
#1357 = DIRECTION('',(-0.707106781187,-0.707106781187,0.));
#1358 = ORIENTED_EDGE('',*,*,#1359,.F.);
#1359 = EDGE_CURVE('',#287,#1352,#1360,.T.);
#1360 = B_SPLINE_CURVE_WITH_KNOTS('',1,(#1361,#1362),.UNSPECIFIED.,.F.,
  .F.,(2,2),(0.,1.),.PIECEWISE_BEZIER_KNOTS.);
#1361 = CARTESIAN_POINT('',(-49.,19.,202.));
#1362 = CARTESIAN_POINT('',(-56.,43.,212.));
#1363 = B_SPLINE_SURFACE_WITH_KNOTS('',1,1,(
    (#1364,#1365)
    ,(#1366,#1367
    )),.UNSPECIFIED.,.F.,.F.,.F.,(2,2),(2,2),(0.,9.899494936612),(0.,1.)
  ,.PIECEWISE_BEZIER_KNOTS.);
#1364 = CARTESIAN_POINT('',(-49.,19.,202.));
#1365 = CARTESIAN_POINT('',(-56.,43.,212.));
#1366 = CARTESIAN_POINT('',(-54.,14.,202.));
#1367 = CARTESIAN_POINT('',(-63.,36.,212.));
#1368 = ADVANCED_FACE('',(#1369),#1706,.T.);
#1369 = FACE_BOUND('',#1370,.T.);
#1370 = EDGE_LOOP('',(#1371,#1378,#1379,#1414,#1415,#1430,#1525,#1526,
    #1561,#1562,#1573,#1662,#1663,#1698,#1699,#1700));
#1371 = ORIENTED_EDGE('',*,*,#1372,.F.);
#1372 = EDGE_CURVE('',#308,#1373,#1375,.T.);
#1373 = VERTEX_POINT('',#1374);
#1374 = CARTESIAN_POINT('',(56.,43.,212.));
#1375 = B_SPLINE_CURVE_WITH_KNOTS('',1,(#1376,#1377),.UNSPECIFIED.,.F.,
  .F.,(2,2),(0.,1.),.PIECEWISE_BEZIER_KNOTS.);
#1376 = CARTESIAN_POINT('',(49.,19.,202.));
#1377 = CARTESIAN_POINT('',(56.,43.,212.));
#1378 = ORIENTED_EDGE('',*,*,#845,.T.);
#1379 = ORIENTED_EDGE('',*,*,#1380,.T.);
#1380 = EDGE_CURVE('',#827,#722,#1381,.T.);
#1381 = B_SPLINE_CURVE_WITH_KNOTS('',6,(#1382,#1383,#1384,#1385,#1386,
    #1387,#1388,#1389,#1390,#1391,#1392,#1393,#1394,#1395,#1396,#1397,
    #1398,#1399,#1400,#1401,#1402,#1403,#1404,#1405,#1406,#1407,#1408,
    #1409,#1410,#1411,#1412,#1413),.UNSPECIFIED.,.F.,.F.,(7,5,5,5,5,5,7)
  ,(0.,8.297311746369E-02,0.298137417138,0.575810340594,0.681507085917,
    0.819583716074,1.),.UNSPECIFIED.);
#1382 = CARTESIAN_POINT('',(43.033882734129,19.,202.));
#1383 = CARTESIAN_POINT('',(42.969415940728,19.065845220304,
    202.02743550846));
#1384 = CARTESIAN_POINT('',(42.903537110979,19.129702275896,
    202.05404261495));
#1385 = CARTESIAN_POINT('',(42.83630730785,19.191569106698,
    202.07982046112));
#1386 = CARTESIAN_POINT('',(42.767784222334,19.251443277129,
    202.10476803213));
#1387 = CARTESIAN_POINT('',(42.698022173452,19.309321976104,
    202.12888415671));
#1388 = CARTESIAN_POINT('',(42.443085757518,19.510109069337,
    202.21254544555));
#1389 = CARTESIAN_POINT('',(42.251124872815,19.641564784781,
    202.26731866032));
#1390 = CARTESIAN_POINT('',(42.052056462531,19.759535821406,
    202.31647325891));
#1391 = CARTESIAN_POINT('',(41.846663084971,19.86390276262,
    202.35995948442));
#1392 = CARTESIAN_POINT('',(41.635667335256,19.954509998418,
    202.39771249934));
#1393 = CARTESIAN_POINT('',(41.141028543456,20.130008089453,
    202.47083670393));
#1394 = CARTESIAN_POINT('',(40.854165465722,20.205563560242,
    202.5023181501));
#1395 = CARTESIAN_POINT('',(40.560484093033,20.25734647536,
    202.52389436473));
#1396 = CARTESIAN_POINT('',(40.261431268865,20.284573633681,
    202.53523901403));
#1397 = CARTESIAN_POINT('',(39.958594403282,20.286331651482,
    202.53597152145));
#1398 = CARTESIAN_POINT('',(39.537598801832,20.251876408497,
    202.5216151702));
#1399 = CARTESIAN_POINT('',(39.421235620576,20.23850707631,
    202.51604461512));
#1400 = CARTESIAN_POINT('',(39.304679318269,20.221200453263,
    202.50883352219));
#1401 = CARTESIAN_POINT('',(39.188039494862,20.199884636852,
    202.49995193202));
#1402 = CARTESIAN_POINT('',(39.071435674562,20.174483246509,
    202.48936801937));
#1403 = CARTESIAN_POINT('',(38.802888387778,20.106289585732,
    202.46095399405));
#1404 = CARTESIAN_POINT('',(38.651067808599,20.06055528058,
    202.44189803357));
#1405 = CARTESIAN_POINT('',(38.499818641381,20.00753152982,
    202.41980480409));
#1406 = CARTESIAN_POINT('',(38.349476735562,19.947030374798,
    202.39459598949));
#1407 = CARTESIAN_POINT('',(38.200429711129,19.878864269437,
    202.36619344559));
#1408 = CARTESIAN_POINT('',(37.860630078736,19.703534816596,
    202.29313950691));
#1409 = CARTESIAN_POINT('',(37.671128566319,19.590835799542,
    202.24618158314));
#1410 = CARTESIAN_POINT('',(37.485568536927,19.464349380124,
    202.19347890838));
#1411 = CARTESIAN_POINT('',(37.305191270985,19.323751577114,
    202.13489649046));
#1412 = CARTESIAN_POINT('',(37.131484665829,19.168903280367,
    202.07037636682));
#1413 = CARTESIAN_POINT('',(36.966117265871,19.,202.));
#1414 = ORIENTED_EDGE('',*,*,#721,.T.);
#1415 = ORIENTED_EDGE('',*,*,#1416,.T.);
#1416 = EDGE_CURVE('',#655,#1417,#1419,.T.);
#1417 = VERTEX_POINT('',#1418);
#1418 = CARTESIAN_POINT('',(24.273611111111,20.,202.41666666666));
#1419 = B_SPLINE_CURVE_WITH_KNOTS('',5,(#1420,#1421,#1422,#1423,#1424,
    #1425,#1426,#1427,#1428,#1429),.UNSPECIFIED.,.F.,.F.,(6,4,6),(0.,
    0.136189533373,1.),.UNSPECIFIED.);
#1420 = CARTESIAN_POINT('',(24.147824061414,19.,202.));
#1421 = CARTESIAN_POINT('',(24.154468144977,19.026765439607,
    202.0111522665));
#1422 = CARTESIAN_POINT('',(24.160898362654,19.053592594813,
    202.02233024783));
#1423 = CARTESIAN_POINT('',(24.167113456883,19.080477521564,
    202.03353230065));
#1424 = CARTESIAN_POINT('',(24.173112314681,19.107416230607,
    202.04475676275));
#1425 = CARTESIAN_POINT('',(24.215565305158,19.305584593655,
    202.12732691402));
#1426 = CARTESIAN_POINT('',(24.24350109912,19.478779241996,
    202.19949135083));
#1427 = CARTESIAN_POINT('',(24.262444618688,19.652918860562,
    202.27204952523));
#1428 = CARTESIAN_POINT('',(24.272409589157,19.826980841868,
    202.34457535077));
#1429 = CARTESIAN_POINT('',(24.273611111111,20.,202.41666666666));
#1430 = ORIENTED_EDGE('',*,*,#1431,.T.);
#1431 = EDGE_CURVE('',#1417,#647,#1432,.T.);
#1432 = B_SPLINE_CURVE_WITH_KNOTS('',7,(#1433,#1434,#1435,#1436,#1437,
    #1438,#1439,#1440,#1441,#1442,#1443,#1444,#1445,#1446,#1447,#1448,
    #1449,#1450,#1451,#1452,#1453,#1454,#1455,#1456,#1457,#1458,#1459,
    #1460,#1461,#1462,#1463,#1464,#1465,#1466,#1467,#1468,#1469,#1470,
    #1471,#1472,#1473,#1474,#1475,#1476,#1477,#1478,#1479,#1480,#1481,
    #1482,#1483,#1484,#1485,#1486,#1487,#1488,#1489,#1490,#1491,#1492,
    #1493,#1494,#1495,#1496,#1497,#1498,#1499,#1500,#1501,#1502,#1503,
    #1504,#1505,#1506,#1507,#1508,#1509,#1510,#1511,#1512,#1513,#1514,
    #1515,#1516,#1517,#1518,#1519,#1520,#1521,#1522,#1523,#1524),
  .UNSPECIFIED.,.F.,.F.,(8,6,6,6,6,6,6,6,6,6,6,6,6,6,6,8),(0.,
    0.122335613796,0.200044361361,0.259885819867,0.305310936863,
    0.421821056435,0.542521315308,0.59036537329,0.654033358061,
    0.737395598281,0.803058956814,0.838038763514,0.859843217958,
    0.908562854626,0.970104170806,1.),.UNSPECIFIED.);
#1433 = CARTESIAN_POINT('',(24.273611111111,20.,202.41666666666));
#1434 = CARTESIAN_POINT('',(24.27560083389,20.286520089606,
    202.53605003733));
#1435 = CARTESIAN_POINT('',(24.255160457608,20.570336165618,
    202.65430673567));
#1436 = CARTESIAN_POINT('',(24.213074366378,20.848131032485,
    202.77005459686));
#1437 = CARTESIAN_POINT('',(24.150924077124,21.117462265483,
    202.88227594395));
#1438 = CARTESIAN_POINT('',(24.070511898765,21.376528070005,
    202.99022002916));
#1439 = CARTESIAN_POINT('',(23.973711787187,21.624095830889,
    203.09337326287));
#1440 = CARTESIAN_POINT('',(23.7914314898,22.008876914091,203.2536987142
    ));
#1441 = CARTESIAN_POINT('',(23.714689285873,22.153431931922,
    203.31392997163));
#1442 = CARTESIAN_POINT('',(23.632435448832,22.292901393897,
    203.37204224745));
#1443 = CARTESIAN_POINT('',(23.545073456807,22.427162388836,
    203.42798432868));
#1444 = CARTESIAN_POINT('',(23.452981530664,22.556132045538,
    203.48172168564));
#1445 = CARTESIAN_POINT('',(23.356506307076,22.679761036845,
    203.53323376535));
#1446 = CARTESIAN_POINT('',(23.178525764064,22.889100649538,
    203.62045860397));
#1447 = CARTESIAN_POINT('',(23.098682048217,22.976990054808,
    203.6570791895));
#1448 = CARTESIAN_POINT('',(23.016568375925,23.061683378979,
    203.69236807457));
#1449 = CARTESIAN_POINT('',(22.932320014948,23.143172677928,
    203.72632194913));
#1450 = CARTESIAN_POINT('',(22.84606415944,23.221453499377,
    203.75893895807));
#1451 = CARTESIAN_POINT('',(22.757919600453,23.296524398298,
    203.79021849929));
#1452 = CARTESIAN_POINT('',(22.599736494951,23.422936296097,
    203.84289012337));
#1453 = CARTESIAN_POINT('',(22.530452433735,23.475636521784,
    203.86484855074));
#1454 = CARTESIAN_POINT('',(22.460192774105,23.526487316125,
    203.88603638171));
#1455 = CARTESIAN_POINT('',(22.38900418852,23.575488878977,
    203.90645369957));
#1456 = CARTESIAN_POINT('',(22.316931460594,23.622641423331,
    203.92610059305));
#1457 = CARTESIAN_POINT('',(22.244017485091,23.667945175305,
    203.94497715637));
#1458 = CARTESIAN_POINT('',(21.98123491051,23.822857883745,
    204.00952411822));
#1459 = CARTESIAN_POINT('',(21.78691780726,23.922145071908,
    204.05089377996));
#1460 = CARTESIAN_POINT('',(21.588024059271,24.009280617433,
    204.08720025726));
#1461 = CARTESIAN_POINT('',(21.38518749681,24.084244393891,
    204.11843516412));
#1462 = CARTESIAN_POINT('',(21.179009510142,24.146995585607,
    204.144581494));
#1463 = CARTESIAN_POINT('',(20.970059686143,24.197473336798,
    204.16561389033));
#1464 = CARTESIAN_POINT('',(20.540087689856,24.275056986597,
    204.19794041108));
#1465 = CARTESIAN_POINT('',(20.318935647251,24.301250924583,
    204.20885455191));
#1466 = CARTESIAN_POINT('',(20.096008407704,24.314060944575,
    204.21419206024));
#1467 = CARTESIAN_POINT('',(19.871927493894,24.313331008939,
    204.21388792039));
#1468 = CARTESIAN_POINT('',(19.647344655789,24.298872683063,
    204.20786361794));
#1469 = CARTESIAN_POINT('',(19.422942586965,24.270466643498,
    204.19602776812));
#1470 = CARTESIAN_POINT('',(19.110838533007,24.210947326252,
    204.1712280526));
#1471 = CARTESIAN_POINT('',(19.0223864387,24.191818525644,
    204.16325771901));
#1472 = CARTESIAN_POINT('',(18.934124199249,24.170440121379,
    204.15435005057));
#1473 = CARTESIAN_POINT('',(18.846100198022,24.146795227427,
    204.14449801142));
#1474 = CARTESIAN_POINT('',(18.758365087403,24.120866405388,
    204.13369433557));
#1475 = CARTESIAN_POINT('',(18.670971788788,24.092635664499,
    204.12193152687));
#1476 = CARTESIAN_POINT('',(18.468206072206,24.021428764738,
    204.0922619853));
#1477 = CARTESIAN_POINT('',(18.353141626174,23.976664613047,
    204.07361025543));
#1478 = CARTESIAN_POINT('',(18.23891079671,23.9277480526,204.05322835525
    ));
#1479 = CARTESIAN_POINT('',(18.125654024472,23.874635245234,
    204.03109801884));
#1480 = CARTESIAN_POINT('',(18.013523288479,23.817283421205,
    204.0072014255));
#1481 = CARTESIAN_POINT('',(17.902681846042,23.755651831828,
    203.98152159659));
#1482 = CARTESIAN_POINT('',(17.650092520538,23.60335369619,
    203.91806404007));
#1483 = CARTESIAN_POINT('',(17.509399123663,23.509608289494,
    203.87900345395));
#1484 = CARTESIAN_POINT('',(17.371608407065,23.408379365168,
    203.83682473548));
#1485 = CARTESIAN_POINT('',(17.237163606531,23.299601141177,
    203.79150047549));
#1486 = CARTESIAN_POINT('',(17.106560110451,23.183241724966,
    203.7430173854));
#1487 = CARTESIAN_POINT('',(16.980339001636,23.059315668125,
    203.69138152838));
#1488 = CARTESIAN_POINT('',(16.76356692367,22.824379358482,
    203.59349139936));
#1489 = CARTESIAN_POINT('',(16.671137684093,22.716218607391,
    203.54842441974));
#1490 = CARTESIAN_POINT('',(16.582080896897,22.603457956564,
    203.50144081523));
#1491 = CARTESIAN_POINT('',(16.496707958788,22.486173819941,
    203.45257242497));
#1492 = CARTESIAN_POINT('',(16.4153455697,22.36448407348,203.40186836395
    ));
#1493 = CARTESIAN_POINT('',(16.338327655801,22.238556792031,
    203.34939866334));
#1494 = CARTESIAN_POINT('',(16.227450550231,22.03939926562,
    203.26641636067));
#1495 = CARTESIAN_POINT('',(16.190241506369,21.969042056805,
    203.237100857));
#1496 = CARTESIAN_POINT('',(16.154410772382,21.897582648478,
    203.20732610353));
#1497 = CARTESIAN_POINT('',(16.120008558128,21.825060971925,
    203.1771087383));
#1498 = CARTESIAN_POINT('',(16.08708406776,21.751522016038,
    203.14646750668));
#1499 = CARTESIAN_POINT('',(16.055684895612,21.677016242336,
    203.1154234343));
#1500 = CARTESIAN_POINT('',(16.007263020556,21.554589733923,
    203.06441238913));
#1501 = CARTESIAN_POINT('',(15.989279847579,21.507225596762,
    203.04467733198));
#1502 = CARTESIAN_POINT('',(15.971917956947,21.459521200384,
    203.02480050016));
#1503 = CARTESIAN_POINT('',(15.955187905473,21.411490920654,
    203.0047878836));
#1504 = CARTESIAN_POINT('',(15.939099753003,21.363149897438,
    202.98464579059));
#1505 = CARTESIAN_POINT('',(15.923663062418,21.314514034598,
    202.96438084774));
#1506 = CARTESIAN_POINT('',(15.875871201663,21.156307011276,
    202.89846125469));
#1507 = CARTESIAN_POINT('',(15.846151727838,21.045620741711,
    202.85234197571));
#1508 = CARTESIAN_POINT('',(15.819830937064,20.933733671952,
    202.80572236331));
#1509 = CARTESIAN_POINT('',(15.796993013743,20.820848775899,
    202.75868698995));
#1510 = CARTESIAN_POINT('',(15.77770208819,20.707179793668,
    202.71132491402));
#1511 = CARTESIAN_POINT('',(15.762000457035,20.592951504556,
    202.66372979356));
#1512 = CARTESIAN_POINT('',(15.734630430525,20.33370166391,
    202.55570902662));
#1513 = CARTESIAN_POINT('',(15.725109203917,20.188469115595,
    202.49519546483));
#1514 = CARTESIAN_POINT('',(15.721382507533,20.043186262515,
    202.43466094271));
#1515 = CARTESIAN_POINT('',(15.723423177704,19.898313323509,
    202.37429721812));
#1516 = CARTESIAN_POINT('',(15.731145006817,19.754286788321,
    202.3142861618));
#1517 = CARTESIAN_POINT('',(15.744410246762,19.611519377114,
    202.25479974046));
#1518 = CARTESIAN_POINT('',(15.77208575851,19.401846367155,
    202.16743598631));
#1519 = CARTESIAN_POINT('',(15.782400077329,19.333678139468,
    202.13903255811));
#1520 = CARTESIAN_POINT('',(15.793959626618,19.265937649896,
    202.11080735412));
#1521 = CARTESIAN_POINT('',(15.8067418939,19.198664307665,
    202.08277679486));
#1522 = CARTESIAN_POINT('',(15.820722635178,19.131894722017,
    202.05495613417));
#1523 = CARTESIAN_POINT('',(15.835876213677,19.065662825958,
    202.02735951081));
#1524 = CARTESIAN_POINT('',(15.852175938586,19.,202.));
#1525 = ORIENTED_EDGE('',*,*,#646,.T.);
#1526 = ORIENTED_EDGE('',*,*,#1527,.T.);
#1527 = EDGE_CURVE('',#630,#530,#1528,.T.);
#1528 = B_SPLINE_CURVE_WITH_KNOTS('',6,(#1529,#1530,#1531,#1532,#1533,
    #1534,#1535,#1536,#1537,#1538,#1539,#1540,#1541,#1542,#1543,#1544,
    #1545,#1546,#1547,#1548,#1549,#1550,#1551,#1552,#1553,#1554,#1555,
    #1556,#1557,#1558,#1559,#1560),.UNSPECIFIED.,.F.,.F.,(7,5,5,5,5,5,7)
  ,(0.,0.133614873872,0.234568015724,0.500438801161,0.764684585658,
    0.865658084447,1.),.UNSPECIFIED.);
#1529 = CARTESIAN_POINT('',(3.033882734129,19.,202.));
#1530 = CARTESIAN_POINT('',(2.920987740533,19.115308910719,
    202.04804537946));
#1531 = CARTESIAN_POINT('',(2.804071406326,19.224205050218,
    202.09341877092));
#1532 = CARTESIAN_POINT('',(2.683557317902,19.326687602686,
    202.13611983445));
#1533 = CARTESIAN_POINT('',(2.55983293464,19.422778754349,
    202.17615781431));
#1534 = CARTESIAN_POINT('',(2.433246347135,19.512517624384,
    202.21354901016));
#1535 = CARTESIAN_POINT('',(2.20652839657,19.658994962091,202.2745812342
    ));
#1536 = CARTESIAN_POINT('',(2.107496555347,19.718436355807,
    202.29934848158));
#1537 = CARTESIAN_POINT('',(2.007141028642,19.774299181939,
    202.32262465914));
#1538 = CARTESIAN_POINT('',(1.905586878275,19.826604135396,
    202.34441838974));
#1539 = CARTESIAN_POINT('',(1.802950711014,19.875371801031,
    202.36473825043));
#1540 = CARTESIAN_POINT('',(1.426472690525,20.039795564022,
    202.43324815167));
#1541 = CARTESIAN_POINT('',(1.146901116763,20.134553507996,
    202.47273062833));
#1542 = CARTESIAN_POINT('',(0.862518845046,20.205317058632,
    202.50221544109));
#1543 = CARTESIAN_POINT('',(0.575058383533,20.252310892188,
    202.52179620507));
#1544 = CARTESIAN_POINT('',(0.28611688255,20.275718207246,
    202.53154925301));
#1545 = CARTESIAN_POINT('',(-0.290071818711,20.275330006494,
    202.5313875027));
#1546 = CARTESIAN_POINT('',(-0.577228209662,20.251822183235,
    202.52159257634));
#1547 = CARTESIAN_POINT('',(-0.862909845585,20.205013474049,
    202.50208894752));
#1548 = CARTESIAN_POINT('',(-1.145548418567,20.134724274743,
    202.47280178114));
#1549 = CARTESIAN_POINT('',(-1.423443348835,20.040733505415,
    202.43363896059));
#1550 = CARTESIAN_POINT('',(-1.798404592881,19.877499957303,
    202.36562498221));
#1551 = CARTESIAN_POINT('',(-1.901100464611,19.828852536941,
    202.34535522372));
#1552 = CARTESIAN_POINT('',(-2.002717245527,19.776667012757,
    202.32361125531));
#1553 = CARTESIAN_POINT('',(-2.103138431324,19.720922799627,
    202.30038449984));
#1554 = CARTESIAN_POINT('',(-2.202239081953,19.661599181364,
    202.27566632556));
#1555 = CARTESIAN_POINT('',(-2.429801593704,19.514957172597,
    202.21456548858));
#1556 = CARTESIAN_POINT('',(-2.557139562262,19.424868999543,
    202.17702874981));
#1557 = CARTESIAN_POINT('',(-2.681589827884,19.328359872772,
    202.13681661365));
#1558 = CARTESIAN_POINT('',(-2.802798987037,19.225389881882,
    202.09391245078));
#1559 = CARTESIAN_POINT('',(-2.920373445889,19.115936340177,
    202.0483068084));
#1560 = CARTESIAN_POINT('',(-3.033882734129,19.,202.));
#1561 = ORIENTED_EDGE('',*,*,#529,.T.);
#1562 = ORIENTED_EDGE('',*,*,#1563,.T.);
#1563 = EDGE_CURVE('',#463,#1564,#1566,.T.);
#1564 = VERTEX_POINT('',#1565);
#1565 = CARTESIAN_POINT('',(-15.72638888888,20.,202.41666666666));
#1566 = B_SPLINE_CURVE_WITH_KNOTS('',5,(#1567,#1568,#1569,#1570,#1571,
    #1572),.UNSPECIFIED.,.F.,.F.,(6,6),(0.,1.),
  .PIECEWISE_BEZIER_KNOTS.);
#1567 = CARTESIAN_POINT('',(-15.85217593858,19.,202.));
#1568 = CARTESIAN_POINT('',(-15.80453368718,19.191925009735,
    202.07996875405));
#1569 = CARTESIAN_POINT('',(-15.76737799637,19.389080601462,
    202.16211691727));
#1570 = CARTESIAN_POINT('',(-15.74157148762,19.59042259308,
    202.24600941378));
#1571 = CARTESIAN_POINT('',(-15.72781513453,19.794620630304,
    202.33109192929));
#1572 = CARTESIAN_POINT('',(-15.72638888888,20.,202.41666666666));
#1573 = ORIENTED_EDGE('',*,*,#1574,.T.);
#1574 = EDGE_CURVE('',#1564,#455,#1575,.T.);
#1575 = B_SPLINE_CURVE_WITH_KNOTS('',7,(#1576,#1577,#1578,#1579,#1580,
    #1581,#1582,#1583,#1584,#1585,#1586,#1587,#1588,#1589,#1590,#1591,
    #1592,#1593,#1594,#1595,#1596,#1597,#1598,#1599,#1600,#1601,#1602,
    #1603,#1604,#1605,#1606,#1607,#1608,#1609,#1610,#1611,#1612,#1613,
    #1614,#1615,#1616,#1617,#1618,#1619,#1620,#1621,#1622,#1623,#1624,
    #1625,#1626,#1627,#1628,#1629,#1630,#1631,#1632,#1633,#1634,#1635,
    #1636,#1637,#1638,#1639,#1640,#1641,#1642,#1643,#1644,#1645,#1646,
    #1647,#1648,#1649,#1650,#1651,#1652,#1653,#1654,#1655,#1656,#1657,
    #1658,#1659,#1660,#1661),.UNSPECIFIED.,.F.,.F.,(8,6,6,6,6,6,6,6,6,6,
    6,6,6,6,8),(0.,2.934958209222E-02,9.998962780659E-02,0.135080751599,
    0.200852902803,0.284353969178,0.347321623245,0.395221034144,
    0.51691255229,0.637665126514,0.684653558991,0.746646202854,
    0.827109514111,0.890511843805,1.),.UNSPECIFIED.);
#1576 = CARTESIAN_POINT('',(-15.72638888888,20.,202.41666666666));
#1577 = CARTESIAN_POINT('',(-15.72591047205,20.068892026185,
    202.44537167757));
#1578 = CARTESIAN_POINT('',(-15.7267267906,20.13791013195,
    202.47412922164));
#1579 = CARTESIAN_POINT('',(-15.72884621118,20.20700580882,202.502919087
    ));
#1580 = CARTESIAN_POINT('',(-15.732274004,20.276130068248,
    202.53172086177));
#1581 = CARTESIAN_POINT('',(-15.73701234291,20.345233441613,
    202.560513934));
#1582 = CARTESIAN_POINT('',(-15.74306030533,20.414265980217,
    202.58927749175));
#1583 = CARTESIAN_POINT('',(-15.76811280599,20.649036367214,
    202.68709848633));
#1584 = CARTESIAN_POINT('',(-15.79337723371,20.814216360495,
    202.75592348353));
#1585 = CARTESIAN_POINT('',(-15.82614930217,20.977979961562,
    202.82415831731));
#1586 = CARTESIAN_POINT('',(-15.86626149525,21.139657544656,
    202.89152397694));
#1587 = CARTESIAN_POINT('',(-15.91346009011,21.298640814702,
    202.95776700612));
#1588 = CARTESIAN_POINT('',(-15.96741974714,21.454378957223,
    203.02265789884));
#1589 = CARTESIAN_POINT('',(-16.05771848828,21.681883875359,
    203.11745161473));
#1590 = CARTESIAN_POINT('',(-16.08926222161,21.756474101912,
    203.14853087579));
#1591 = CARTESIAN_POINT('',(-16.12233471156,21.830091470122,
    203.17920477921));
#1592 = CARTESIAN_POINT('',(-16.15688802759,21.902685444712,
    203.20945226863));
#1593 = CARTESIAN_POINT('',(-16.1928726397,21.97421100021,
    203.23925458342));
#1594 = CARTESIAN_POINT('',(-16.23023802701,22.04462820122,
    203.26859508384));
#1595 = CARTESIAN_POINT('',(-16.34146075687,22.243742949949,
    203.35155956247));
#1596 = CARTESIAN_POINT('',(-16.41865917602,22.369564208676,
    203.40398508694));
#1597 = CARTESIAN_POINT('',(-16.50019509882,22.491139798838,
    203.45464158284));
#1598 = CARTESIAN_POINT('',(-16.58573442607,22.608302760846,
    203.50345948368));
#1599 = CARTESIAN_POINT('',(-16.67495044782,22.720936205546,
    203.55039008564));
#1600 = CARTESIAN_POINT('',(-16.76753188695,22.828964584214,
    203.59540191008));
#1601 = CARTESIAN_POINT('',(-16.98463494315,23.063591562813,
    203.69316315117));
#1602 = CARTESIAN_POINT('',(-17.11103069708,23.187337810046,
    203.74472408751));
#1603 = CARTESIAN_POINT('',(-17.24179827333,23.303511587032,
    203.79312982793));
#1604 = CARTESIAN_POINT('',(-17.3763970721,23.412099437779,
    203.83837476574));
#1605 = CARTESIAN_POINT('',(-17.51433223355,23.513134063136,
    203.8804725263));
#1606 = CARTESIAN_POINT('',(-17.65516104646,23.606681820397,
    203.91945075849));
#1607 = CARTESIAN_POINT('',(-17.90658991837,23.757794217284,
    203.9824142572));
#1608 = CARTESIAN_POINT('',(-18.01610245417,23.818547518362,
    204.00772813265));
#1609 = CARTESIAN_POINT('',(-18.12686934829,23.875126611812,
    204.03130275492));
#1610 = CARTESIAN_POINT('',(-18.23873347222,23.927570791193,
    204.05315449633));
#1611 = CARTESIAN_POINT('',(-18.35154842963,23.975921263339,
    204.07330052639));
#1612 = CARTESIAN_POINT('',(-18.46517880101,24.02022025374,
    204.09175843905));
#1613 = CARTESIAN_POINT('',(-18.66646466827,24.091158553606,
    204.121316064));
#1614 = CARTESIAN_POINT('',(-18.7538278647,24.119486631776,
    204.1331194299));
#1615 = CARTESIAN_POINT('',(-18.84153473237,24.145512888574,
    204.14396370357));
#1616 = CARTESIAN_POINT('',(-18.92953230122,24.16925531796,
    204.15385638248));
#1617 = CARTESIAN_POINT('',(-19.01776987644,24.190731365726,
    204.16280473571));
#1618 = CARTESIAN_POINT('',(-19.10619903851,24.209957929494,
    204.17081580395));
#1619 = CARTESIAN_POINT('',(-19.41980309345,24.270124252967,
    204.1958851054));
#1620 = CARTESIAN_POINT('',(-19.64574961795,24.298879068362,
    204.20786627848));
#1621 = CARTESIAN_POINT('',(-19.87188493104,24.313492043452,
    204.2139550181));
#1622 = CARTESIAN_POINT('',(-20.09751195359,24.314187111134,
    204.21424462963));
#1623 = CARTESIAN_POINT('',(-20.32196539051,24.301156559158,
    204.20881523298));
#1624 = CARTESIAN_POINT('',(-20.54461098196,24.274559470202,
    204.19773311258));
#1625 = CARTESIAN_POINT('',(-20.98337661178,24.194745518476,
    204.16447729936));
#1626 = CARTESIAN_POINT('',(-21.19949747189,24.141742214373,
    204.14239258932));
#1627 = CARTESIAN_POINT('',(-21.41261706598,24.075595777103,
    204.11483157379));
#1628 = CARTESIAN_POINT('',(-21.62210282755,23.996371111425,
    204.08182129642));
#1629 = CARTESIAN_POINT('',(-21.82728433994,23.904111139813,
    204.04337964158));
#1630 = CARTESIAN_POINT('',(-22.02745256342,23.798836093421,
    203.99951503892));
#1631 = CARTESIAN_POINT('',(-22.29749934267,23.634481388006,
    203.93103391166));
#1632 = CARTESIAN_POINT('',(-22.37226987622,23.586468783461,
    203.91102865977));
#1633 = CARTESIAN_POINT('',(-22.44611823908,23.536483019938,
    203.8902012583));
#1634 = CARTESIAN_POINT('',(-22.51899630798,23.484523796556,
    203.86855158189));
#1635 = CARTESIAN_POINT('',(-22.59085371397,23.430590911158,
    203.84607954631));
#1636 = CARTESIAN_POINT('',(-22.66163784244,23.374684260313,
    203.82278510846));
#1637 = CARTESIAN_POINT('',(-22.8231921747,23.240441208413,
    203.7668505035));
#1638 = CARTESIAN_POINT('',(-22.91312534337,23.160644401366,
    203.7336018339));
#1639 = CARTESIAN_POINT('',(-23.00096855935,23.077412596877,
    203.69892191536));
#1640 = CARTESIAN_POINT('',(-23.08658652115,22.990748432189,
    203.66281184674));
#1641 = CARTESIAN_POINT('',(-23.16983387719,22.900658675242,
    203.62527444801));
#1642 = CARTESIAN_POINT('',(-23.2505556974,22.80715489684,
    203.58631454035));
#1643 = CARTESIAN_POINT('',(-23.42986984911,22.584481872967,
    203.49353411373));
#1644 = CARTESIAN_POINT('',(-23.5266141788,22.452994773376,
    203.43874782224));
#1645 = CARTESIAN_POINT('',(-23.61846752601,22.315825707183,
    203.38159404465));
#1646 = CARTESIAN_POINT('',(-23.70503116776,22.173042978217,
    203.32210124092));
#1647 = CARTESIAN_POINT('',(-23.7858701841,22.024759143853,
    203.26031630993));
#1648 = CARTESIAN_POINT('',(-23.86052257604,21.871139827872,
    203.19630826161));
#1649 = CARTESIAN_POINT('',(-23.98207886832,21.587340868935,
    203.07805869538));
#1650 = CARTESIAN_POINT('',(-24.03150706171,21.459104471986,
    203.02462686332));
#1651 = CARTESIAN_POINT('',(-24.07655667986,21.327822862257,
    202.9699261926));
#1652 = CARTESIAN_POINT('',(-24.11698003036,21.193651358348,
    202.91402139931));
#1653 = CARTESIAN_POINT('',(-24.15252768958,21.056786427686,
    202.85699434486));
#1654 = CARTESIAN_POINT('',(-24.18295817992,20.917471036533,
    202.79894626522));
#1655 = CARTESIAN_POINT('',(-24.25137412278,20.531696627869,
    202.63820692827));
#1656 = CARTESIAN_POINT('',(-24.27881488773,20.280732726859,
    202.53363863619));
#1657 = CARTESIAN_POINT('',(-24.28910527216,20.024958537415,
    202.42706605725));
#1658 = CARTESIAN_POINT('',(-24.28133005785,19.766489703715,
    202.31937070988));
#1659 = CARTESIAN_POINT('',(-24.25500567871,19.507703216473,
    202.21154300686));
#1660 = CARTESIAN_POINT('',(-24.21019005735,19.251239058349,
    202.10468294097));
#1661 = CARTESIAN_POINT('',(-24.14782406141,19.,202.));
#1662 = ORIENTED_EDGE('',*,*,#454,.T.);
#1663 = ORIENTED_EDGE('',*,*,#1664,.T.);
#1664 = EDGE_CURVE('',#428,#317,#1665,.T.);
#1665 = B_SPLINE_CURVE_WITH_KNOTS('',6,(#1666,#1667,#1668,#1669,#1670,
    #1671,#1672,#1673,#1674,#1675,#1676,#1677,#1678,#1679,#1680,#1681,
    #1682,#1683,#1684,#1685,#1686,#1687,#1688,#1689,#1690,#1691,#1692,
    #1693,#1694,#1695,#1696,#1697),.UNSPECIFIED.,.F.,.F.,(7,5,5,5,5,5,7)
  ,(0.,0.179719311314,0.317756260067,0.423429565153,0.702757813023,
    0.916258625704,1.),.UNSPECIFIED.);
#1666 = CARTESIAN_POINT('',(-36.96611726587,19.,202.));
#1667 = CARTESIAN_POINT('',(-37.13084575974,19.168250713238,
    202.07010446384));
#1668 = CARTESIAN_POINT('',(-37.3038494961,19.322555198736,
    202.13439799947));
#1669 = CARTESIAN_POINT('',(-37.48347882168,19.462719626995,
    202.19279984458));
#1670 = CARTESIAN_POINT('',(-37.66826208046,19.588880256587,
    202.24536677357));
#1671 = CARTESIAN_POINT('',(-37.85697059363,19.701356081975,
    202.29223170082));
#1672 = CARTESIAN_POINT('',(-38.19588316008,19.876735576899,
    202.36530649037));
#1673 = CARTESIAN_POINT('',(-38.34485199553,19.945078737021,
    202.39378280709));
#1674 = CARTESIAN_POINT('',(-38.49512315704,20.005757524575,
    202.41906563523));
#1675 = CARTESIAN_POINT('',(-38.64630847172,20.058959259288,
    202.4412330247));
#1676 = CARTESIAN_POINT('',(-38.79807163431,20.104871815568,
    202.46036325648));
#1677 = CARTESIAN_POINT('',(-39.06653594894,20.173382614445,
    202.48890942268));
#1678 = CARTESIAN_POINT('',(-39.18311171017,20.198922224753,
    202.49955092698));
#1679 = CARTESIAN_POINT('',(-39.29972688225,20.220375890577,
    202.5084899544));
#1680 = CARTESIAN_POINT('',(-39.41626179033,20.237820029082,
    202.51575834545));
#1681 = CARTESIAN_POINT('',(-39.53260671442,20.251326595464,
    202.52138608144));
#1682 = CARTESIAN_POINT('',(-39.95543273057,20.286435392782,
    202.53601474699));
#1683 = CARTESIAN_POINT('',(-40.2601094727,20.284860804778,
    202.53535866865));
#1684 = CARTESIAN_POINT('',(-40.56096480742,20.257509019134,
    202.5239620913));
#1685 = CARTESIAN_POINT('',(-40.85638215308,20.205309418175,
    202.50221225757));
#1686 = CARTESIAN_POINT('',(-41.14488907681,20.129059431502,
    202.47044142979));
#1687 = CARTESIAN_POINT('',(-41.63928416824,19.95289770139,
    202.39704070891));
#1688 = CARTESIAN_POINT('',(-41.84857383808,19.862813267407,
    202.35950552808));
#1689 = CARTESIAN_POINT('',(-42.05234075442,19.759182201868,
    202.31632591744));
#1690 = CARTESIAN_POINT('',(-42.24987880365,19.642156458238,
    202.26756519093));
#1691 = CARTESIAN_POINT('',(-42.44042356237,19.511852556938,
    202.21327189872));
#1692 = CARTESIAN_POINT('',(-42.69479137219,19.311999846425,
    202.12999993601));
#1693 = CARTESIAN_POINT('',(-42.76524565525,19.253659822325,
    202.10569159263));
#1694 = CARTESIAN_POINT('',(-42.8344394614,19.193287122477,
    202.08053630103));
#1695 = CARTESIAN_POINT('',(-42.90231700914,19.130884646553,
    202.05453526939));
#1696 = CARTESIAN_POINT('',(-42.9688190231,19.066454901193,
    202.02768954216));
#1697 = CARTESIAN_POINT('',(-43.03388273412,19.,202.));
#1698 = ORIENTED_EDGE('',*,*,#316,.T.);
#1699 = ORIENTED_EDGE('',*,*,#1359,.T.);
#1700 = ORIENTED_EDGE('',*,*,#1701,.F.);
#1701 = EDGE_CURVE('',#1373,#1352,#1702,.T.);
#1702 = LINE('',#1703,#1704);
#1703 = CARTESIAN_POINT('',(56.,43.,212.));
#1704 = VECTOR('',#1705,1.);
#1705 = DIRECTION('',(-1.,0.,0.));
#1706 = B_SPLINE_SURFACE_WITH_KNOTS('',1,1,(
    (#1707,#1708)
    ,(#1709,#1710
    )),.UNSPECIFIED.,.F.,.F.,.F.,(2,2),(2,2),(0.,112.),(0.,1.),
  .PIECEWISE_BEZIER_KNOTS.);
#1707 = CARTESIAN_POINT('',(49.,19.,202.));
#1708 = CARTESIAN_POINT('',(56.,43.,212.));
#1709 = CARTESIAN_POINT('',(-49.,19.,202.));
#1710 = CARTESIAN_POINT('',(-56.,43.,212.));
#1711 = ADVANCED_FACE('',(#1712),#1873,.F.);
#1712 = FACE_BOUND('',#1713,.F.);
#1713 = EDGE_LOOP('',(#1714,#1788,#1794,#1795,#1796,#1797,#1798));
#1714 = ORIENTED_EDGE('',*,*,#1715,.F.);
#1715 = EDGE_CURVE('',#1716,#1718,#1720,.T.);
#1716 = VERTEX_POINT('',#1717);
#1717 = CARTESIAN_POINT('',(44.316666666667,16.,205.));
#1718 = VERTEX_POINT('',#1719);
#1719 = CARTESIAN_POINT('',(35.683333333333,16.,205.));
#1720 = B_SPLINE_CURVE_WITH_KNOTS('',6,(#1721,#1722,#1723,#1724,#1725,
    #1726,#1727,#1728,#1729,#1730,#1731,#1732,#1733,#1734,#1735,#1736,
    #1737,#1738,#1739,#1740,#1741,#1742,#1743,#1744,#1745,#1746,#1747,
    #1748,#1749,#1750,#1751,#1752,#1753,#1754,#1755,#1756,#1757,#1758,
    #1759,#1760,#1761,#1762,#1763,#1764,#1765,#1766,#1767,#1768,#1769,
    #1770,#1771,#1772,#1773,#1774,#1775,#1776,#1777,#1778,#1779,#1780,
    #1781,#1782,#1783,#1784,#1785,#1786,#1787),.UNSPECIFIED.,.F.,.F.,(7,
    5,5,5,5,5,5,5,5,5,5,5,5,7),(0.,9.626492520625E-02,0.169682879196,
    0.227803449381,0.390188973869,0.529211152831,0.58252688926,
    0.652390681131,0.741544884593,0.809688766441,0.84538309968,
    0.916531186581,0.972933772123,1.),.UNSPECIFIED.);
#1721 = CARTESIAN_POINT('',(44.316666666667,16.,205.));
#1722 = CARTESIAN_POINT('',(44.318368191883,16.245019631181,
    205.10209151299));
#1723 = CARTESIAN_POINT('',(44.303349055084,16.485556592548,
    205.20231524689));
#1724 = CARTESIAN_POINT('',(44.272775095068,16.71997183602,205.299988265
    ));
#1725 = CARTESIAN_POINT('',(44.228023648486,16.947173312019,
    205.39465554667));
#1726 = CARTESIAN_POINT('',(44.170406741214,17.166489211854,
    205.4860371716));
#1727 = CARTESIAN_POINT('',(44.048133231504,17.538606039568,
    205.64108584982));
#1728 = CARTESIAN_POINT('',(43.988399148462,17.694820254563,
    205.70617510606));
#1729 = CARTESIAN_POINT('',(43.922335149537,17.846090727347,
    205.76920446972));
#1730 = CARTESIAN_POINT('',(43.850398572545,17.992314347639,
    205.83013097818));
#1731 = CARTESIAN_POINT('',(43.772997694084,18.133430416876,
    205.88892934036));
#1732 = CARTESIAN_POINT('',(43.625163791227,18.377065388006,
    205.99044391166));
#1733 = CARTESIAN_POINT('',(43.556642134213,18.481495099762,
    206.03395629156));
#1734 = CARTESIAN_POINT('',(43.485096518114,18.582688403107,
    206.07612016796));
#1735 = CARTESIAN_POINT('',(43.410689476476,18.68063301013,
    206.11693042088));
#1736 = CARTESIAN_POINT('',(43.333569095571,18.775319847014,
    206.15638326958));
#1737 = CARTESIAN_POINT('',(43.031191579513,19.122174227139,
    206.30090592797));
#1738 = CARTESIAN_POINT('',(42.78845248472,19.352043334943,
    206.39668472289));
#1739 = CARTESIAN_POINT('',(42.528458936198,19.556389071273,
    206.48182877969));
#1740 = CARTESIAN_POINT('',(42.253507510197,19.734839129437,
    206.55618297059));
#1741 = CARTESIAN_POINT('',(41.965632147033,19.887012154066,
    206.61958839752));
#1742 = CARTESIAN_POINT('',(41.410293264303,20.119414692073,
    206.71642278836));
#1743 = CARTESIAN_POINT('',(41.145951861047,20.206803735781,
    206.7528348899));
#1744 = CARTESIAN_POINT('',(40.874480057124,20.273969378474,
    206.78082057436));
#1745 = CARTESIAN_POINT('',(40.596986385244,20.320246738483,
    206.8001028077));
#1746 = CARTESIAN_POINT('',(40.314664058143,20.344852328128,
    206.81035513672));
#1747 = CARTESIAN_POINT('',(39.919116762909,20.347487903307,
    206.81145329304));
#1748 = CARTESIAN_POINT('',(39.808951759726,20.344879729924,
    206.81036655413));
#1749 = CARTESIAN_POINT('',(39.698341385476,20.33887526707,
    206.80786469461));
#1750 = CARTESIAN_POINT('',(39.587366596241,20.329412686497,
    206.8039219527));
#1751 = CARTESIAN_POINT('',(39.476114696008,20.316425870932,
    206.79851077955));
#1752 = CARTESIAN_POINT('',(39.218656843633,20.278116430402,
    206.78254851266));
#1753 = CARTESIAN_POINT('',(39.072323351472,20.250216820138,
    206.77092367505));
#1754 = CARTESIAN_POINT('',(38.925885880675,20.215986736941,
    206.75666114039));
#1755 = CARTESIAN_POINT('',(38.779585819806,20.175256899182,
    206.73969037465));
#1756 = CARTESIAN_POINT('',(38.63369881474,20.127850636146,
    206.71993776506));
#1757 = CARTESIAN_POINT('',(38.303288560724,20.004340233049,
    206.6684750971));
#1758 = CARTESIAN_POINT('',(38.119239454758,19.923933716978,
    206.63497238207));
#1759 = CARTESIAN_POINT('',(37.9370126778,19.831987568085,206.5966614867
    ));
#1760 = CARTESIAN_POINT('',(37.757412317896,19.728133716204,
    206.55338904841));
#1761 = CARTESIAN_POINT('',(37.581406964617,19.612069546808,
    206.50502897783));
#1762 = CARTESIAN_POINT('',(37.279190977016,19.385426417283,
    206.41059434053));
#1763 = CARTESIAN_POINT('',(37.151032856474,19.28000955672,
    206.36667064863));
#1764 = CARTESIAN_POINT('',(37.026152353381,19.167293313663,
    206.31970554736));
#1765 = CARTESIAN_POINT('',(36.905144965574,19.047276852068,
    206.26969868836));
#1766 = CARTESIAN_POINT('',(36.788665835974,18.920067912756,
    206.21669496364));
#1767 = CARTESIAN_POINT('',(36.619125882234,18.715659081945,
    206.13152461747));
#1768 = CARTESIAN_POINT('',(36.562279322273,18.643492250244,
    206.10145510426));
#1769 = CARTESIAN_POINT('',(36.506965727589,18.569463199498,
    206.07060966645));
#1770 = CARTESIAN_POINT('',(36.453287388229,18.493622760467,
    206.03900948352));
#1771 = CARTESIAN_POINT('',(36.401346611643,18.416035551962,
    206.00668147998));
#1772 = CARTESIAN_POINT('',(36.25137557908,18.178809423472,
    205.90783725978));
#1773 = CARTESIAN_POINT('',(36.158786215493,18.014180119687,
    205.83924171653));
#1774 = CARTESIAN_POINT('',(36.074316280952,17.843590156855,
    205.76816256535));
#1775 = CARTESIAN_POINT('',(35.998684406457,17.667901155178,
    205.69495881465));
#1776 = CARTESIAN_POINT('',(35.932463458423,17.48815200432,
    205.62006333513));
#1777 = CARTESIAN_POINT('',(35.831238312779,17.160882053417,
    205.48370085559));
#1778 = CARTESIAN_POINT('',(35.792599399056,17.01437154104,
    205.42265480876));
#1779 = CARTESIAN_POINT('',(35.760255537433,16.866681739073,
    205.36111739128));
#1780 = CARTESIAN_POINT('',(35.734264658091,16.718409275773,
    205.29933719823));
#1781 = CARTESIAN_POINT('',(35.714587039404,16.570130858372,
    205.23755452432));
#1782 = CARTESIAN_POINT('',(35.694631135712,16.35150755706,
    205.1464614821));
#1783 = CARTESIAN_POINT('',(35.689585965862,16.280737946209,
    205.11697414425));
#1784 = CARTESIAN_POINT('',(35.685952757029,16.210149551385,
    205.08756231307));
#1785 = CARTESIAN_POINT('',(35.683714097931,16.139797056364,
    205.05824877348));
#1786 = CARTESIAN_POINT('',(35.682849087189,16.069731444755,
    205.02905476864));
#1787 = CARTESIAN_POINT('',(35.683333333333,16.,205.));
#1788 = ORIENTED_EDGE('',*,*,#1789,.F.);
#1789 = EDGE_CURVE('',#730,#1716,#1790,.T.);
#1790 = LINE('',#1791,#1792);
#1791 = CARTESIAN_POINT('',(44.,16.,186.));
#1792 = VECTOR('',#1793,1.);
#1793 = DIRECTION('',(1.666435233399E-02,-4.081589149138E-18,
    0.99986114004));
#1794 = ORIENTED_EDGE('',*,*,#826,.T.);
#1795 = ORIENTED_EDGE('',*,*,#1380,.T.);
#1796 = ORIENTED_EDGE('',*,*,#729,.T.);
#1797 = ORIENTED_EDGE('',*,*,#1789,.T.);
#1798 = ORIENTED_EDGE('',*,*,#1799,.F.);
#1799 = EDGE_CURVE('',#1718,#1716,#1800,.T.);
#1800 = B_SPLINE_CURVE_WITH_KNOTS('',6,(#1801,#1802,#1803,#1804,#1805,
    #1806,#1807,#1808,#1809,#1810,#1811,#1812,#1813,#1814,#1815,#1816,
    #1817,#1818,#1819,#1820,#1821,#1822,#1823,#1824,#1825,#1826,#1827,
    #1828,#1829,#1830,#1831,#1832,#1833,#1834,#1835,#1836,#1837,#1838,
    #1839,#1840,#1841,#1842,#1843,#1844,#1845,#1846,#1847,#1848,#1849,
    #1850,#1851,#1852,#1853,#1854,#1855,#1856,#1857,#1858,#1859,#1860,
    #1861,#1862,#1863,#1864,#1865,#1866,#1867,#1868,#1869,#1870,#1871,
    #1872),.UNSPECIFIED.,.F.,.F.,(7,5,5,5,5,5,5,5,5,5,5,5,5,5,7),(0.,
    0.1001455487,0.168797923396,0.332393647519,0.444936200527,
    0.48845405914,0.545492315205,0.62261029498,0.685485439709,
    0.719763053625,0.788992774117,0.843994494508,0.869677891471,
    0.910931917642,1.),.UNSPECIFIED.);
#1801 = CARTESIAN_POINT('',(35.683333333333,16.,205.));
#1802 = CARTESIAN_POINT('',(35.685585347408,15.768364266576,
    204.8648791555));
#1803 = CARTESIAN_POINT('',(35.702721541651,15.540016471966,
    204.73167627531));
#1804 = CARTESIAN_POINT('',(35.733969675614,15.316091938711,
    204.60105363091));
#1805 = CARTESIAN_POINT('',(35.778480427093,15.097495648127,
    204.47353912807));
#1806 = CARTESIAN_POINT('',(35.835400662402,14.884930425308,
    204.34954274809));
#1807 = CARTESIAN_POINT('',(35.950936800329,14.537703139644,
    204.14699349812));
#1808 = CARTESIAN_POINT('',(36.003389007793,14.399567622492,
    204.06641444645));
#1809 = CARTESIAN_POINT('',(36.061049530008,14.264690061502,
    203.9877358692));
#1810 = CARTESIAN_POINT('',(36.123674417027,14.13321593207,
    203.91104262704));
#1811 = CARTESIAN_POINT('',(36.191033752914,14.005267993889,
    203.83640632976));
#1812 = CARTESIAN_POINT('',(36.434207835226,13.584704052905,
    203.59107736419));
#1813 = CARTESIAN_POINT('',(36.63112270672,13.309171747321,
    203.43035018593));
#1814 = CARTESIAN_POINT('',(36.850860833847,13.055559576553,
    203.28240975298));
#1815 = CARTESIAN_POINT('',(37.091049705942,12.824987997979,
    203.14790966548));
#1816 = CARTESIAN_POINT('',(37.349619330387,12.618412233704,
    203.02740713632));
#1817 = CARTESIAN_POINT('',(37.814541339279,12.312099519053,
    202.84872471944));
#1818 = CARTESIAN_POINT('',(38.011960531132,12.199170570213,
    202.78284949929));
#1819 = CARTESIAN_POINT('',(38.216795955339,12.09851646064,
    202.72413460204));
#1820 = CARTESIAN_POINT('',(38.428541917224,12.010599039906,
    202.67284943994));
#1821 = CARTESIAN_POINT('',(38.646689372794,11.935950815085,
    202.62930464213));
#1822 = CARTESIAN_POINT('',(38.957386633283,11.851739204189,
    202.58018120244));
#1823 = CARTESIAN_POINT('',(39.044906275281,11.830338574714,
    202.56769750191));
#1824 = CARTESIAN_POINT('',(39.133276502608,11.811057859639,
    202.55645041812));
#1825 = CARTESIAN_POINT('',(39.222464966748,11.793937824131,
    202.54646373074));
#1826 = CARTESIAN_POINT('',(39.312437274354,11.779022085114,
    202.53776288298));
#1827 = CARTESIAN_POINT('',(39.522062061609,11.749757305025,
    202.52069176126));
#1828 = CARTESIAN_POINT('',(39.642249428241,11.737024282367,
    202.51326416471));
#1829 = CARTESIAN_POINT('',(39.763638324273,11.728262353721,
    202.50815303967));
#1830 = CARTESIAN_POINT('',(39.886135266937,11.723585201129,
    202.50542470065));
#1831 = CARTESIAN_POINT('',(40.009633391974,11.72311433475,
    202.5051500286));
#1832 = CARTESIAN_POINT('',(40.302176311799,11.732200768435,
    202.51045044825));
#1833 = CARTESIAN_POINT('',(40.471941089785,11.745346581703,
    202.51811883932));
#1834 = CARTESIAN_POINT('',(40.643014504639,11.766729396396,
    202.53059214789));
#1835 = CARTESIAN_POINT('',(40.81501661875,11.796687426071,
    202.5480676652));
#1836 = CARTESIAN_POINT('',(40.987474220213,11.835553593921,
    202.57073959645));
#1837 = CARTESIAN_POINT('',(41.300327920205,11.922820757774,
    202.62164544203));
#1838 = CARTESIAN_POINT('',(41.440756473422,11.968133398047,
    202.64807781552));
#1839 = CARTESIAN_POINT('',(41.58078265633,12.01972121995,
    202.67817071163));
#1840 = CARTESIAN_POINT('',(41.720025393695,12.077719667313,
    202.71200313926));
#1841 = CARTESIAN_POINT('',(41.858044361971,12.142215232826,
    202.74962555248));
#1842 = CARTESIAN_POINT('',(42.068648786019,12.25192643198,
    202.81362375198));
#1843 = CARTESIAN_POINT('',(42.142442862561,12.292568619027,
    202.83733169443));
#1844 = CARTESIAN_POINT('',(42.215643844099,12.335145343495,
    202.86216811703));
#1845 = CARTESIAN_POINT('',(42.288166086672,12.379650634411,
    202.88812953674));
#1846 = CARTESIAN_POINT('',(42.359920239253,12.42606997496,
    202.91520748539));
#1847 = CARTESIAN_POINT('',(42.57399606095,12.57194638711,
    203.00030205914));
#1848 = CARTESIAN_POINT('',(42.713690780485,12.677236125299,
    203.06172107309));
#1849 = CARTESIAN_POINT('',(42.849095278364,12.790021397618,
    203.12751248194));
#1850 = CARTESIAN_POINT('',(42.979433650442,12.909936891638,
    203.19746318678));
#1851 = CARTESIAN_POINT('',(43.103968128193,13.0364630224,203.2712700964
    ));
#1852 = CARTESIAN_POINT('',(43.315838273025,13.274088029797,
    203.40988468404));
#1853 = CARTESIAN_POINT('',(43.405572877014,13.383029129917,
    203.47343365911));
#1854 = CARTESIAN_POINT('',(43.490911266901,13.495354937817,
    203.53895704706));
#1855 = CARTESIAN_POINT('',(43.571595919334,13.610687432079,
    203.60623433537));
#1856 = CARTESIAN_POINT('',(43.647433257503,13.728627652188,
    203.67503279711));
#1857 = CARTESIAN_POINT('',(43.751372340896,13.904858769985,
    203.77783428249));
#1858 = CARTESIAN_POINT('',(43.783372096675,13.961436046042,
    203.81083769352));
#1859 = CARTESIAN_POINT('',(43.81427315813,14.018452473571,
    203.84409727624));
#1860 = CARTESIAN_POINT('',(43.844065580474,14.075867954059,
    203.87758963986));
#1861 = CARTESIAN_POINT('',(43.872742408268,14.13364315818,
    203.91129184227));
#1862 = CARTESIAN_POINT('',(43.944563610665,14.285056974144,
    203.99961656825));
#1863 = CARTESIAN_POINT('',(43.985939028243,14.379203568143,
    204.05453541475));
#1864 = CARTESIAN_POINT('',(44.024408806155,14.47402011307,
    204.10984506595));
#1865 = CARTESIAN_POINT('',(44.059974590285,14.569356954497,
    204.16545822345));
#1866 = CARTESIAN_POINT('',(44.092652637137,14.665074792878,
    204.22129362917));
#1867 = CARTESIAN_POINT('',(44.186845063999,14.968247739359,
    204.39814451462));
#1868 = CARTESIAN_POINT('',(44.237877967591,15.176608625862,
    204.51968836508));
#1869 = CARTESIAN_POINT('',(44.275857409338,15.384880921576,
    204.64118053758));
#1870 = CARTESIAN_POINT('',(44.301276494919,15.592041376709,
    204.76202413641));
#1871 = CARTESIAN_POINT('',(44.314695792629,15.797281527523,
    204.88174755772));
#1872 = CARTESIAN_POINT('',(44.316666666667,16.,205.));
#1873 = CONICAL_SURFACE('',#1874,4.,1.666512371394E-02);
#1874 = AXIS2_PLACEMENT_3D('',#1875,#1876,#1877);
#1875 = CARTESIAN_POINT('',(40.,16.,186.));
#1876 = DIRECTION('',(0.,0.,1.));
#1877 = DIRECTION('',(1.,0.,0.));
#1878 = ADVANCED_FACE('',(#1879),#2066,.F.);
#1879 = FACE_BOUND('',#1880,.F.);
#1880 = EDGE_LOOP('',(#1881,#2009,#2015,#2016,#2017,#2018,#2019,#2051));
#1881 = ORIENTED_EDGE('',*,*,#1882,.F.);
#1882 = EDGE_CURVE('',#1883,#1885,#1887,.T.);
#1883 = VERTEX_POINT('',#1884);
#1884 = CARTESIAN_POINT('',(24.344444444444,20.,206.66666666666));
#1885 = VERTEX_POINT('',#1886);
#1886 = CARTESIAN_POINT('',(18.377159554635,16.,205.));
#1887 = B_SPLINE_CURVE_WITH_KNOTS('',8,(#1888,#1889,#1890,#1891,#1892,
    #1893,#1894,#1895,#1896,#1897,#1898,#1899,#1900,#1901,#1902,#1903,
    #1904,#1905,#1906,#1907,#1908,#1909,#1910,#1911,#1912,#1913,#1914,
    #1915,#1916,#1917,#1918,#1919,#1920,#1921,#1922,#1923,#1924,#1925,
    #1926,#1927,#1928,#1929,#1930,#1931,#1932,#1933,#1934,#1935,#1936,
    #1937,#1938,#1939,#1940,#1941,#1942,#1943,#1944,#1945,#1946,#1947,
    #1948,#1949,#1950,#1951,#1952,#1953,#1954,#1955,#1956,#1957,#1958,
    #1959,#1960,#1961,#1962,#1963,#1964,#1965,#1966,#1967,#1968,#1969,
    #1970,#1971,#1972,#1973,#1974,#1975,#1976,#1977,#1978,#1979,#1980,
    #1981,#1982,#1983,#1984,#1985,#1986,#1987,#1988,#1989,#1990,#1991,
    #1992,#1993,#1994,#1995,#1996,#1997,#1998,#1999,#2000,#2001,#2002,
    #2003,#2004,#2005,#2006,#2007,#2008),.UNSPECIFIED.,.F.,.F.,(9,7,7,7,
    7,7,7,7,7,7,7,7,7,7,7,7,7,9),(0.,8.988742266965E-02,0.148819876386,
    0.194451550702,0.229001936331,0.319755989074,0.415510165568,
    0.452808229289,0.502347474386,0.567623378883,0.618724039304,
    0.646090108509,0.700813781617,0.737998188862,0.754461422838,
    0.780666901421,0.828591629829,1.),.UNSPECIFIED.);
#1888 = CARTESIAN_POINT('',(24.344444444444,20.,206.66666666666));
#1889 = CARTESIAN_POINT('',(24.346118456804,20.241057788613,
    206.76710741192));
#1890 = CARTESIAN_POINT('',(24.332491016115,20.479942919724,
    206.86664288321));
#1891 = CARTESIAN_POINT('',(24.304056935443,20.714941059709,
    206.96455877487));
#1892 = CARTESIAN_POINT('',(24.261609456295,20.944692730409,
    207.06028863767));
#1893 = CARTESIAN_POINT('',(24.206077746865,21.168126014328,
    207.1533858393));
#1894 = CARTESIAN_POINT('',(24.13844099715,21.384419329676,
    207.24350805403));
#1895 = CARTESIAN_POINT('',(24.059673820401,21.592976984951,
    207.33040707706));
#1896 = CARTESIAN_POINT('',(23.91232955741,21.924802735294,
    207.46866780637));
#1897 = CARTESIAN_POINT('',(23.849579391132,22.052720572573,
    207.52196690523));
#1898 = CARTESIAN_POINT('',(23.782674919831,22.177051745161,
    207.57377156048));
#1899 = CARTESIAN_POINT('',(23.711855067598,22.29771524457,
    207.62404801857));
#1900 = CARTESIAN_POINT('',(23.637347811693,22.414648998796,
    207.67277041616));
#1901 = CARTESIAN_POINT('',(23.559368059918,22.527807827858,
    207.71991992827));
#1902 = CARTESIAN_POINT('',(23.478115527984,22.637161399343,
    207.76548391639));
#1903 = CARTESIAN_POINT('',(23.328465506664,22.824405163633,
    207.84350215151));
#1904 = CARTESIAN_POINT('',(23.26130787986,22.903823314977,
    207.8765930479));
#1905 = CARTESIAN_POINT('',(23.192385608509,22.980937366376,
    207.90872390265));
#1906 = CARTESIAN_POINT('',(23.121780921498,23.055739909551,
    207.93989162898));
#1907 = CARTESIAN_POINT('',(23.049572292152,23.128225253072,
    207.97009385544));
#1908 = CARTESIAN_POINT('',(22.975834325835,23.198389275884,
    207.99932886495));
#1909 = CARTESIAN_POINT('',(22.900637647539,23.266229280829,
    208.02759553367));
#1910 = CARTESIAN_POINT('',(22.766058925628,23.381348724616,
    208.07556196859));
#1911 = CARTESIAN_POINT('',(22.707271445001,23.429620001355,
    208.09567500056));
#1912 = CARTESIAN_POINT('',(22.647715471224,23.476556874834,
    208.11523203118));
#1913 = CARTESIAN_POINT('',(22.587419244558,23.522158564799,
    208.13423273533));
#1914 = CARTESIAN_POINT('',(22.526410121897,23.566424314299,
    208.15267679762));
#1915 = CARTESIAN_POINT('',(22.464714576774,23.609353389685,
    208.17056391236));
#1916 = CARTESIAN_POINT('',(22.402358199357,23.650945080614,
    208.18789378358));
#1917 = CARTESIAN_POINT('',(22.173902277525,23.796933528593,
    208.24872230358));
#1918 = CARTESIAN_POINT('',(22.00406170674,23.893428513151,
    208.28892854714));
#1919 = CARTESIAN_POINT('',(21.830279206966,23.980681317394,
    208.32528388224));
#1920 = CARTESIAN_POINT('',(21.652969827032,24.05866981591,
    208.35777908996));
#1921 = CARTESIAN_POINT('',(21.47253099061,24.127359390453,
    208.38639974602));
#1922 = CARTESIAN_POINT('',(21.289343529487,24.186705671669,
    208.41112736319));
#1923 = CARTESIAN_POINT('',(21.10377120123,24.236652726284,
    208.43193863595));
#1924 = CARTESIAN_POINT('',(20.718209609658,24.319830579307,
    208.46659607471));
#1925 = CARTESIAN_POINT('',(20.518017085533,24.351982801548,
    208.47999283397));
#1926 = CARTESIAN_POINT('',(20.31598609482,24.373502160672,
    208.48895923361));
#1927 = CARTESIAN_POINT('',(20.112536696518,24.38427675153,
    208.49344864647));
#1928 = CARTESIAN_POINT('',(19.908105153837,24.384173890727,
    208.4934057878));
#1929 = CARTESIAN_POINT('',(19.703144500257,24.373043932411,
    208.48876830517));
#1930 = CARTESIAN_POINT('',(19.498124550509,24.350717968742,
    208.4794658203));
#1931 = CARTESIAN_POINT('',(19.213838435817,24.303865400333,
    208.4599439168));
#1932 = CARTESIAN_POINT('',(19.134212933422,24.289003312177,
    208.45375138007));
#1933 = CARTESIAN_POINT('',(19.054684720876,24.272401831095,
    208.44683409629));
#1934 = CARTESIAN_POINT('',(18.975284837703,24.254049347933,
    208.4391872283));
#1935 = CARTESIAN_POINT('',(18.896045491347,24.233933963877,
    208.43080581828));
#1936 = CARTESIAN_POINT('',(18.817000057174,24.212043490454,
    208.42168478768));
#1937 = CARTESIAN_POINT('',(18.738183078472,24.188365449532,
    208.4118189373));
#1938 = CARTESIAN_POINT('',(18.555296512373,24.129046723499,
    208.38710280145));
#1939 = CARTESIAN_POINT('',(18.451430275177,24.092030942042,
    208.37167955918));
#1940 = CARTESIAN_POINT('',(18.348114315632,24.051809670434,
    208.35492069601));
#1941 = CARTESIAN_POINT('',(18.245437435962,24.0083528391,
    208.33681368295));
#1942 = CARTESIAN_POINT('',(18.14349438279,23.961630730311,
    208.31734613762));
#1943 = CARTESIAN_POINT('',(18.042385750082,23.911614341083,
    208.29650597545));
#1944 = CARTESIAN_POINT('',(17.94221788209,23.858275746088,
    208.27428156087));
#1945 = CARTESIAN_POINT('',(17.712502720377,23.726893865799,
    208.21953911074));
#1946 = CARTESIAN_POINT('',(17.583737748791,23.646389250688,
    208.18599552112));
#1947 = CARTESIAN_POINT('',(17.457059574303,23.560012489314,
    208.15000520388));
#1948 = CARTESIAN_POINT('',(17.332751002225,23.467712142569,
    208.11154672607));
#1949 = CARTESIAN_POINT('',(17.21112344416,23.369452448424,
    208.07060518684));
#1950 = CARTESIAN_POINT('',(17.092514431754,23.265218312209,
    208.02717429675));
#1951 = CARTESIAN_POINT('',(16.977285130445,23.15502029689,
    207.98125845703));
#1952 = CARTESIAN_POINT('',(16.77855668807,22.94799557053,
    207.89499815438));
#1953 = CARTESIAN_POINT('',(16.693605385563,22.853466199172,
    207.85561091632));
#1954 = CARTESIAN_POINT('',(16.611150317975,22.75533624922,
    207.81472343717));
#1955 = CARTESIAN_POINT('',(16.531390276273,22.653647167786,
    207.77235298657));
#1956 = CARTESIAN_POINT('',(16.454533383944,22.548460546855,
    207.72852522785));
#1957 = CARTESIAN_POINT('',(16.380794010838,22.439861570978,
    207.68327565457));
#1958 = CARTESIAN_POINT('',(16.310389687009,22.327962464977,
    207.63665102707));
#1959 = CARTESIAN_POINT('',(16.207736768092,22.1512894233,207.5630372597
    ));
#1960 = CARTESIAN_POINT('',(16.172954645312,22.088767886986,
    207.53698661957));
#1961 = CARTESIAN_POINT('',(16.139225258847,22.025363904608,
    207.51056829358));
#1962 = CARTESIAN_POINT('',(16.106582052941,21.961102514947,
    207.48379271456));
#1963 = CARTESIAN_POINT('',(16.075058064688,21.896011395244,
    207.45667141468));
#1964 = CARTESIAN_POINT('',(16.044685683271,21.830121032797,
    207.42921709699));
#1965 = CARTESIAN_POINT('',(16.015496409195,21.763464896558,
    207.40144370689));
#1966 = CARTESIAN_POINT('',(15.931577676112,21.561329877715,
    207.31722078238));
#1967 = CARTESIAN_POINT('',(15.880478632421,21.423644077975,
    207.25985169915));
#1968 = CARTESIAN_POINT('',(15.83447853579,21.28333699846,
    207.20139041602));
#1969 = CARTESIAN_POINT('',(15.793798652867,21.140752707151,
    207.14198029464));
#1970 = CARTESIAN_POINT('',(15.758624302663,20.996265105766,
    207.0817771274));
#1971 = CARTESIAN_POINT('',(15.72910040336,20.850279162879,
    207.0209496512));
#1972 = CARTESIAN_POINT('',(15.705324726872,20.703232825443,
    206.95968034393));
#1973 = CARTESIAN_POINT('',(15.675117573433,20.455283724538,
    206.85636821855));
#1974 = CARTESIAN_POINT('',(15.665568257928,20.354686242445,
    206.81445260101));
#1975 = CARTESIAN_POINT('',(15.658704238859,20.253951522782,
    206.77247980115));
#1976 = CARTESIAN_POINT('',(15.654526397712,20.153220639594,
    206.73050859983));
#1977 = CARTESIAN_POINT('',(15.653023875293,20.052631339144,
    206.68859639131));
#1978 = CARTESIAN_POINT('',(15.654174773765,19.952317998414,
    206.646799166));
#1979 = CARTESIAN_POINT('',(15.657946858685,19.85241158362,
    206.60517149317));
#1980 = CARTESIAN_POINT('',(15.667110316712,19.709043100647,
    206.54543462527));
#1981 = CARTESIAN_POINT('',(15.670428036692,19.665150678711,
    206.52714611612));
#1982 = CARTESIAN_POINT('',(15.674247775607,19.62137305509,
    206.50890543962));
#1983 = CARTESIAN_POINT('',(15.678565590591,19.577720624406,
    206.49071692683));
#1984 = CARTESIAN_POINT('',(15.68337724129,19.534203463713,
    206.47258477654));
#1985 = CARTESIAN_POINT('',(15.688678189868,19.490831332507,
    206.45451305521));
#1986 = CARTESIAN_POINT('',(15.694463600999,19.447613672719,
    206.43650569696));
#1987 = CARTESIAN_POINT('',(15.710700291067,19.336027973097,
    206.39001165545));
#1988 = CARTESIAN_POINT('',(15.721886813114,19.267910616767,
    206.36162942365));
#1989 = CARTESIAN_POINT('',(15.734267374643,19.200244405724,
    206.33343516905));
#1990 = CARTESIAN_POINT('',(15.74781993535,19.133063663168,
    206.30544319298));
#1991 = CARTESIAN_POINT('',(15.762521187681,19.066400269166,
    206.27766677881));
#1992 = CARTESIAN_POINT('',(15.77834679653,19.000283760311,
    206.25011823346));
#1993 = CARTESIAN_POINT('',(15.795271638926,18.93474142939,
    206.22280892891));
#1994 = CARTESIAN_POINT('',(15.846185628877,18.751030288984,
    206.14626262041));
#1995 = CARTESIAN_POINT('',(15.882691585283,18.634267836145,
    206.09761159839));
#1996 = CARTESIAN_POINT('',(15.922630970024,18.519661567342,
    206.04985898639));
#1997 = CARTESIAN_POINT('',(15.9658423142,18.407336677366,206.0030569489
    ));
#1998 = CARTESIAN_POINT('',(16.012162719134,18.297395321311,
    205.95724805054));
#1999 = CARTESIAN_POINT('',(16.061430952565,18.189918880915,
    205.91246620038));
#2000 = CARTESIAN_POINT('',(16.113490544849,18.084970230897,
    205.8687375962));
#2001 = CARTESIAN_POINT('',(16.363842173298,17.61644266985,
    205.6735177791));
#2002 = CARTESIAN_POINT('',(16.592774036562,17.284197439726,
    205.53508226655));
#2003 = CARTESIAN_POINT('',(16.848612335271,16.986268988349,
    205.41094541181));
#2004 = CARTESIAN_POINT('',(17.126081547349,16.72276685315,
    205.30115285547));
#2005 = CARTESIAN_POINT('',(17.420691304088,16.493171746639,
    205.20548822776));
#2006 = CARTESIAN_POINT('',(17.728914701314,16.296712394486,
    205.12363016436));
#2007 = CARTESIAN_POINT('',(18.048180185537,16.132477442348,
    205.05519893431));
#2008 = CARTESIAN_POINT('',(18.377159554635,16.,205.));
#2009 = ORIENTED_EDGE('',*,*,#2010,.F.);
#2010 = EDGE_CURVE('',#1417,#1883,#2011,.T.);
#2011 = LINE('',#2012,#2013);
#2012 = CARTESIAN_POINT('',(24.,20.,186.));
#2013 = VECTOR('',#2014,1.);
#2014 = DIRECTION('',(1.666435233399E-02,-4.081589149138E-18,
    0.99986114004));
#2015 = ORIENTED_EDGE('',*,*,#1431,.T.);
#2016 = ORIENTED_EDGE('',*,*,#654,.T.);
#2017 = ORIENTED_EDGE('',*,*,#1416,.T.);
#2018 = ORIENTED_EDGE('',*,*,#2010,.T.);
#2019 = ORIENTED_EDGE('',*,*,#2020,.F.);
#2020 = EDGE_CURVE('',#2021,#1883,#2023,.T.);
#2021 = VERTEX_POINT('',#2022);
#2022 = CARTESIAN_POINT('',(21.622840445365,16.,205.));
#2023 = B_SPLINE_CURVE_WITH_KNOTS('',6,(#2024,#2025,#2026,#2027,#2028,
    #2029,#2030,#2031,#2032,#2033,#2034,#2035,#2036,#2037,#2038,#2039,
    #2040,#2041,#2042,#2043,#2044,#2045,#2046,#2047,#2048,#2049,#2050),
  .UNSPECIFIED.,.F.,.F.,(7,5,5,5,5,7),(0.,0.391362805962,0.543004077934,
    0.629712229514,0.813309569821,1.),.UNSPECIFIED.);
#2024 = CARTESIAN_POINT('',(21.622840445365,16.,205.));
#2025 = CARTESIAN_POINT('',(21.892630428112,16.108642335156,
    205.04526763964));
#2026 = CARTESIAN_POINT('',(22.158844417805,16.241031857484,
    205.10042994061));
#2027 = CARTESIAN_POINT('',(22.419893654551,16.39833759182,
    205.16597399659));
#2028 = CARTESIAN_POINT('',(22.673215596155,16.581787124377,
    205.24241130182));
#2029 = CARTESIAN_POINT('',(22.915366240455,16.792255929684,
    205.33010663736));
#2030 = CARTESIAN_POINT('',(23.230026821394,17.121798276194,
    205.46741594841));
#2031 = CARTESIAN_POINT('',(23.315570465983,17.217863550001,
    205.50744314583));
#2032 = CARTESIAN_POINT('',(23.398525511265,17.31794296993,
    205.54914290413));
#2033 = CARTESIAN_POINT('',(23.47860871642,17.421979510493,
    205.5924914627));
#2034 = CARTESIAN_POINT('',(23.555522087576,17.529868414308,
    205.63744517262));
#2035 = CARTESIAN_POINT('',(23.670955360602,17.705243526027,
    205.71051813584));
#2036 = CARTESIAN_POINT('',(23.711813042795,17.770247919932,
    205.73760329997));
#2037 = CARTESIAN_POINT('',(23.7514779787,17.836426732695,
    205.76517780529));
#2038 = CARTESIAN_POINT('',(23.789893661789,17.903742322687,
    205.79322596778));
#2039 = CARTESIAN_POINT('',(23.827004514238,17.97215039471,
    205.82172933112));
#2040 = CARTESIAN_POINT('',(23.938456461994,18.1886537958,
    205.91193908158));
#2041 = CARTESIAN_POINT('',(24.008072404993,18.340396354864,
    205.97516514786));
#2042 = CARTESIAN_POINT('',(24.071070716922,18.49630616831,
    206.04012757012));
#2043 = CARTESIAN_POINT('',(24.126993491543,18.655770730148,
    206.10657113756));
#2044 = CARTESIAN_POINT('',(24.175484846053,18.818076689029,
    206.17419862042));
#2045 = CARTESIAN_POINT('',(24.257838776802,19.149491688595,
    206.31228820358));
#2046 = CARTESIAN_POINT('',(24.291450053318,19.31870525325,
    206.38279385552));
#2047 = CARTESIAN_POINT('',(24.316911017929,19.489175084005,
    206.45382295166));
#2048 = CARTESIAN_POINT('',(24.334156535756,19.660069419453,
    206.52502892477));
#2049 = CARTESIAN_POINT('',(24.343268018823,19.830594713147,
    206.59608113047));
#2050 = CARTESIAN_POINT('',(24.344444444444,20.,206.66666666666));
#2051 = ORIENTED_EDGE('',*,*,#2052,.F.);
#2052 = EDGE_CURVE('',#1885,#2021,#2053,.T.);
#2053 = B_SPLINE_CURVE_WITH_KNOTS('',6,(#2054,#2055,#2056,#2057,#2058,
    #2059,#2060,#2061,#2062,#2063,#2064,#2065),.UNSPECIFIED.,.F.,.F.,(7,
    5,7),(0.,0.705820169302,1.),.UNSPECIFIED.);
#2054 = CARTESIAN_POINT('',(18.377159554635,16.,205.));
#2055 = CARTESIAN_POINT('',(18.730838697975,15.857998659003,
    204.91716588441));
#2056 = CARTESIAN_POINT('',(19.099459011506,15.753120944462,
    204.8559872176));
#2057 = CARTESIAN_POINT('',(19.479781174583,15.686686343541,
    204.81723370039));
#2058 = CARTESIAN_POINT('',(19.868228021322,15.66046012989,
    204.80193507576));
#2059 = CARTESIAN_POINT('',(20.260735464398,15.676158538059,
    204.81109248053));
#2060 = CARTESIAN_POINT('',(20.816038567556,15.760320863355,
    204.86018717029));
#2061 = CARTESIAN_POINT('',(20.979261372886,15.792666219464,
    204.87905529468));
#2062 = CARTESIAN_POINT('',(21.141984305286,15.832715650321,
    204.90241746268));
#2063 = CARTESIAN_POINT('',(21.303798227365,15.88057595743,
    204.93033597516));
#2064 = CARTESIAN_POINT('',(21.464249422128,15.936326078603,
    204.96285687918));
#2065 = CARTESIAN_POINT('',(21.622840445365,16.,205.));
#2066 = CONICAL_SURFACE('',#2067,4.,1.666512371394E-02);
#2067 = AXIS2_PLACEMENT_3D('',#2068,#2069,#2070);
#2068 = CARTESIAN_POINT('',(20.,20.,186.));
#2069 = DIRECTION('',(0.,0.,1.));
#2070 = DIRECTION('',(1.,0.,0.));
#2071 = ADVANCED_FACE('',(#2072),#2228,.F.);
#2072 = FACE_BOUND('',#2073,.F.);
#2073 = EDGE_LOOP('',(#2074,#2143,#2149,#2150,#2151,#2152,#2153));
#2074 = ORIENTED_EDGE('',*,*,#2075,.F.);
#2075 = EDGE_CURVE('',#2076,#2078,#2080,.T.);
#2076 = VERTEX_POINT('',#2077);
#2077 = CARTESIAN_POINT('',(4.316666666667,16.,205.));
#2078 = VERTEX_POINT('',#2079);
#2079 = CARTESIAN_POINT('',(-4.316666666667,16.,205.));
#2080 = B_SPLINE_CURVE_WITH_KNOTS('',6,(#2081,#2082,#2083,#2084,#2085,
    #2086,#2087,#2088,#2089,#2090,#2091,#2092,#2093,#2094,#2095,#2096,
    #2097,#2098,#2099,#2100,#2101,#2102,#2103,#2104,#2105,#2106,#2107,
    #2108,#2109,#2110,#2111,#2112,#2113,#2114,#2115,#2116,#2117,#2118,
    #2119,#2120,#2121,#2122,#2123,#2124,#2125,#2126,#2127,#2128,#2129,
    #2130,#2131,#2132,#2133,#2134,#2135,#2136,#2137,#2138,#2139,#2140,
    #2141,#2142),.UNSPECIFIED.,.F.,.F.,(7,5,5,5,5,5,5,5,5,5,5,5,7),(0.,
    9.340788829179E-02,0.161525458835,0.248450125389,0.316148476084,
    0.367086212158,0.500271319611,0.633442751126,0.68436827545,
    0.751227687119,0.838911846373,0.906777209975,1.),.UNSPECIFIED.);
#2081 = CARTESIAN_POINT('',(4.316666666667,16.,205.));
#2082 = CARTESIAN_POINT('',(4.31837069053,16.245379436298,
    205.10224143179));
#2083 = CARTESIAN_POINT('',(4.303334464719,16.490518423289,
    205.20438267637));
#2084 = CARTESIAN_POINT('',(4.271633559157,16.732787399696,
    205.3053280832));
#2085 = CARTESIAN_POINT('',(4.224043553137,16.970047227719,
    205.40418634488));
#2086 = CARTESIAN_POINT('',(4.161672789978,17.200559129067,
    205.50023297044));
#2087 = CARTESIAN_POINT('',(4.030568703743,17.585131032418,
    205.6604712635));
#2088 = CARTESIAN_POINT('',(3.968114107446,17.743038179234,
    205.72626590801));
#2089 = CARTESIAN_POINT('',(3.898981232911,17.896205603556,
    205.79008566814));
#2090 = CARTESIAN_POINT('',(3.823680885956,18.044297459873,
    205.85179060828));
#2091 = CARTESIAN_POINT('',(3.742714502286,18.187084754319,
    205.9112853143));
#2092 = CARTESIAN_POINT('',(3.546577119604,18.499674501786,
    206.04153104241));
#2093 = CARTESIAN_POINT('',(3.428144705214,18.666035436412,
    206.1108480985));
#2094 = CARTESIAN_POINT('',(3.302190151731,18.82322753641,
    206.17634480683));
#2095 = CARTESIAN_POINT('',(3.169591457503,18.971118044305,
    206.23796585179));
#2096 = CARTESIAN_POINT('',(3.031130678033,19.109680467851,
    206.29570019493));
#2097 = CARTESIAN_POINT('',(2.775576778564,19.339641013104,
    206.39151708879));
#2098 = CARTESIAN_POINT('',(2.660538380294,19.434686039313,
    206.43111918304));
#2099 = CARTESIAN_POINT('',(2.542666295537,19.524109935698,
    206.46837913987));
#2100 = CARTESIAN_POINT('',(2.422251308879,19.607940102523,
    206.50330837605));
#2101 = CARTESIAN_POINT('',(2.299557609149,19.686211470441,
    206.53592144601));
#2102 = CARTESIAN_POINT('',(2.080967051202,19.813704149081,
    206.58904339545));
#2103 = CARTESIAN_POINT('',(1.985957890623,19.865319029338,
    206.61054959555));
#2104 = CARTESIAN_POINT('',(1.889895594489,19.913824768503,
    206.63076032021));
#2105 = CARTESIAN_POINT('',(1.792876328525,19.959237222992,
    206.64968217624));
#2106 = CARTESIAN_POINT('',(1.694990709866,20.001571713739,
    206.66732154739));
#2107 = CARTESIAN_POINT('',(1.338342925584,20.143524346032,
    206.72646847751));
#2108 = CARTESIAN_POINT('',(1.075053623247,20.225251077108,
    206.76052128212));
#2109 = CARTESIAN_POINT('',(0.807923292609,20.286315580593,
    206.78596482524));
#2110 = CARTESIAN_POINT('',(0.538317511307,20.326877694823,
    206.80286570617));
#2111 = CARTESIAN_POINT('',(0.267513215518,20.347059594698,
    206.81127483112));
#2112 = CARTESIAN_POINT('',(-0.274107027088,20.346644181002,
    206.81110174208));
#2113 = CARTESIAN_POINT('',(-0.544863219864,20.326051099673,
    206.80252129153));
#2114 = CARTESIAN_POINT('',(-0.814401055451,20.285080748787,
    206.78545031199));
#2115 = CARTESIAN_POINT('',(-1.08144321573,20.223609812978,
    206.75983742207));
#2116 = CARTESIAN_POINT('',(-1.344623016422,20.14147753112,
    206.72561563796));
#2117 = CARTESIAN_POINT('',(-1.701073755936,19.998969850003,
    206.6662374375));
#2118 = CARTESIAN_POINT('',(-1.798891892309,19.956486586165,
    206.64853607756));
#2119 = CARTESIAN_POINT('',(-1.89584040793,19.910926202359,
    206.62955258431));
#2120 = CARTESIAN_POINT('',(-1.991828590968,19.862273365151,
    206.60928056881));
#2121 = CARTESIAN_POINT('',(-2.086760162351,19.810512221891,
    206.58771342578));
#2122 = CARTESIAN_POINT('',(-2.303646690446,19.683567570465,
    206.53481982102));
#2123 = CARTESIAN_POINT('',(-2.424760762885,19.606124432704,
    206.50255184696));
#2124 = CARTESIAN_POINT('',(-2.543647430914,19.523258826497,
    206.46802451104));
#2125 = CARTESIAN_POINT('',(-2.660051968025,19.434937173536,
    206.4312238223));
#2126 = CARTESIAN_POINT('',(-2.773694329661,19.341133079501,
    206.39213878312));
#2127 = CARTESIAN_POINT('',(-3.029287906098,19.111596771799,
    206.29649865491));
#2128 = CARTESIAN_POINT('',(-3.169019634788,18.971916083334,
    206.23829836805));
#2129 = CARTESIAN_POINT('',(-3.302791932202,18.82274302052,
    206.17614292521));
#2130 = CARTESIAN_POINT('',(-3.429802079671,18.664104372743,
    206.11004348864));
#2131 = CARTESIAN_POINT('',(-3.549148069931,18.496137051095,
    206.04005710462));
#2132 = CARTESIAN_POINT('',(-3.745545242394,18.182124851805,
    205.90921868825));
#2133 = CARTESIAN_POINT('',(-3.826052613078,18.039715748457,
    205.84988156185));
#2134 = CARTESIAN_POINT('',(-3.900925054787,17.892046050183,
    205.7883525209));
#2135 = CARTESIAN_POINT('',(-3.969666409838,17.739343765864,
    205.72472656911));
#2136 = CARTESIAN_POINT('',(-4.031771548009,17.581942480285,
    205.65914270011));
#2137 = CARTESIAN_POINT('',(-4.162290261514,17.198274472483,
    205.4992810302));
#2138 = CARTESIAN_POINT('',(-4.224420504089,16.968166093006,
    205.40340253875));
#2139 = CARTESIAN_POINT('',(-4.271821909354,16.731346600584,
    205.30472775024));
#2140 = CARTESIAN_POINT('',(-4.303394014173,16.489546409077,
    205.20397767044));
#2141 = CARTESIAN_POINT('',(-4.318367312652,16.244893021838,
    205.10203875909));
#2142 = CARTESIAN_POINT('',(-4.316666666667,16.,205.));
#2143 = ORIENTED_EDGE('',*,*,#2144,.F.);
#2144 = EDGE_CURVE('',#538,#2076,#2145,.T.);
#2145 = LINE('',#2146,#2147);
#2146 = CARTESIAN_POINT('',(4.,16.,186.));
#2147 = VECTOR('',#2148,1.);
#2148 = DIRECTION('',(1.666435233399E-02,-4.081589149138E-18,
    0.99986114004));
#2149 = ORIENTED_EDGE('',*,*,#629,.T.);
#2150 = ORIENTED_EDGE('',*,*,#1527,.T.);
#2151 = ORIENTED_EDGE('',*,*,#537,.T.);
#2152 = ORIENTED_EDGE('',*,*,#2144,.T.);
#2153 = ORIENTED_EDGE('',*,*,#2154,.F.);
#2154 = EDGE_CURVE('',#2078,#2076,#2155,.T.);
#2155 = B_SPLINE_CURVE_WITH_KNOTS('',6,(#2156,#2157,#2158,#2159,#2160,
    #2161,#2162,#2163,#2164,#2165,#2166,#2167,#2168,#2169,#2170,#2171,
    #2172,#2173,#2174,#2175,#2176,#2177,#2178,#2179,#2180,#2181,#2182,
    #2183,#2184,#2185,#2186,#2187,#2188,#2189,#2190,#2191,#2192,#2193,
    #2194,#2195,#2196,#2197,#2198,#2199,#2200,#2201,#2202,#2203,#2204,
    #2205,#2206,#2207,#2208,#2209,#2210,#2211,#2212,#2213,#2214,#2215,
    #2216,#2217,#2218,#2219,#2220,#2221,#2222,#2223,#2224,#2225,#2226,
    #2227),.UNSPECIFIED.,.F.,.F.,(7,5,5,5,5,5,5,5,5,5,5,5,5,5,7),(0.,
    6.747063292152E-02,0.158325506152,0.199726380348,0.268712267525,
    0.342119446397,0.389549637221,0.499707806613,0.610791337554,
    0.658217203397,0.731616138006,0.800594276158,0.841303345146,
    0.932641088096,1.),.UNSPECIFIED.);
#2156 = CARTESIAN_POINT('',(-4.316666666667,16.,205.));
#2157 = CARTESIAN_POINT('',(-4.315119958536,15.840910020825,
    204.90719751214));
#2158 = CARTESIAN_POINT('',(-4.306536211328,15.681713177782,
    204.81433268704));
#2159 = CARTESIAN_POINT('',(-4.290891458595,15.52287499967,
    204.72167708314));
#2160 = CARTESIAN_POINT('',(-4.26821119661,15.364863332465,
    204.6295036106));
#2161 = CARTESIAN_POINT('',(-4.238574294953,15.208147141307,
    204.53808583242));
#2162 = CARTESIAN_POINT('',(-4.153023972759,14.844539662576,
    204.32598146983));
#2163 = CARTESIAN_POINT('',(-4.091557768935,14.639057951707,
    204.20611713849));
#2164 = CARTESIAN_POINT('',(-4.018051752879,14.437917295646,
    204.08878508912));
#2165 = CARTESIAN_POINT('',(-3.933013562685,14.242164520593,
    203.97459597034));
#2166 = CARTESIAN_POINT('',(-3.837079000982,14.052741290023,
    203.86409908584));
#2167 = CARTESIAN_POINT('',(-3.682678966979,13.787429090718,
    203.70933363625));
#2168 = CARTESIAN_POINT('',(-3.632239692994,13.705860359301,
    203.66175187625));
#2169 = CARTESIAN_POINT('',(-3.579764531385,13.625850968858,
    203.61507973183));
#2170 = CARTESIAN_POINT('',(-3.525326370906,13.547469885841,
    203.5693574334));
#2171 = CARTESIAN_POINT('',(-3.469000446513,13.470779368862,
    203.5246212985));
#2172 = CARTESIAN_POINT('',(-3.313992690963,13.270955819773,
    203.40805756153));
#2173 = CARTESIAN_POINT('',(-3.212093680732,13.150924088643,
    203.3380390517));
#2174 = CARTESIAN_POINT('',(-3.105524078272,13.035997725758,
    203.27099867335));
#2175 = CARTESIAN_POINT('',(-2.99464511941,12.926379316932,
    203.20705460154));
#2176 = CARTESIAN_POINT('',(-2.87981450592,12.822225825638,
    203.14629839828));
#2177 = CARTESIAN_POINT('',(-2.635351758602,12.618773674233,
    203.02761797663));
#2178 = CARTESIAN_POINT('',(-2.505242313067,12.520213631839,
    202.97012461857));
#2179 = CARTESIAN_POINT('',(-2.37146363219,12.428120235731,
    202.91640347084));
#2180 = CARTESIAN_POINT('',(-2.234412966506,12.342589771649,
    202.86651070012));
#2181 = CARTESIAN_POINT('',(-2.094466287609,12.263684185836,
    202.82048244173));
#2182 = CARTESIAN_POINT('',(-1.859905098874,12.144765342291,
    202.75111311633));
#2183 = CARTESIAN_POINT('',(-1.766774116567,12.100870510375,
    202.72550779771));
#2184 = CARTESIAN_POINT('',(-1.672674761563,12.059767878059,
    202.7015312622));
#2185 = CARTESIAN_POINT('',(-1.577697799945,12.021464660238,
    202.67918771847));
#2186 = CARTESIAN_POINT('',(-1.481930377604,11.98596540032,
    202.65847981685));
#2187 = CARTESIAN_POINT('',(-1.161391170097,11.877340409566,
    202.59511523891));
#2188 = CARTESIAN_POINT('',(-0.933527658577,11.816549472139,
    202.55965385874));
#2189 = CARTESIAN_POINT('',(-0.702885642922,11.770918323078,
    202.53303568846));
#2190 = CARTESIAN_POINT('',(-0.470431884994,11.740439463239,
    202.51525635355));
#2191 = CARTESIAN_POINT('',(-0.237083975982,11.725099252743,
    202.50630789743));
#2192 = CARTESIAN_POINT('',(0.231615226621,11.724695929391,
    202.50607262547));
#2193 = CARTESIAN_POINT('',(0.466942276228,11.739888242309,
    202.51493480801));
#2194 = CARTESIAN_POINT('',(0.701372225198,11.77047439896,
    202.53277673272));
#2195 = CARTESIAN_POINT('',(0.9339644335,11.816468465583,202.55960660492
    ));
#2196 = CARTESIAN_POINT('',(1.163727549849,11.877878209489,
    202.59542895553));
#2197 = CARTESIAN_POINT('',(1.486055220912,11.987475026486,
    202.65936043211));
#2198 = CARTESIAN_POINT('',(1.581786151145,12.023071540983,
    202.68012506557));
#2199 = CARTESIAN_POINT('',(1.67672429431,12.061471396387,
    202.70252498122));
#2200 = CARTESIAN_POINT('',(1.770782452078,12.102670000065,
    202.72655750003));
#2201 = CARTESIAN_POINT('',(1.863869802138,12.146660073416,
    202.75221837615));
#2202 = CARTESIAN_POINT('',(2.098310464336,12.265817974558,
    202.82172715182));
#2203 = CARTESIAN_POINT('',(2.238176883806,12.344865969819,
    202.86783848239));
#2204 = CARTESIAN_POINT('',(2.375141221783,12.430536329877,
    202.91781285909));
#2205 = CARTESIAN_POINT('',(2.50882731395,12.522766720142,
    202.97161392008));
#2206 = CARTESIAN_POINT('',(2.638837754563,12.621460364251,
    203.02918521248));
#2207 = CARTESIAN_POINT('',(2.883095821466,12.825163915349,
    203.14801228395));
#2208 = CARTESIAN_POINT('',(2.997821531887,12.929435681497,
    203.20883748087));
#2209 = CARTESIAN_POINT('',(3.108589766721,13.039168334372,
    203.27284819505));
#2210 = CARTESIAN_POINT('',(3.21504283147,13.154204342989,
    203.33995253341));
#2211 = CARTESIAN_POINT('',(3.316819600468,13.274340506036,
    203.41003196185));
#2212 = CARTESIAN_POINT('',(3.470659235036,13.473076753454,
    203.52596143951));
#2213 = CARTESIAN_POINT('',(3.526002429251,13.548521866202,
    203.56997108861));
#2214 = CARTESIAN_POINT('',(3.579519410226,13.625600603463,
    203.61493368535));
#2215 = CARTESIAN_POINT('',(3.631138663456,13.704253736696,
    203.66081467973));
#2216 = CARTESIAN_POINT('',(3.680790863518,13.784415762966,
    203.70757586173));
#2217 = CARTESIAN_POINT('',(3.83524800639,14.049096504217,
    203.86197296079));
#2218 = CARTESIAN_POINT('',(3.931858899432,14.239431328911,
    203.97300160853));
#2219 = CARTESIAN_POINT('',(4.017464229999,14.436173727175,
    204.08776800751));
#2220 = CARTESIAN_POINT('',(4.091417135603,14.638367844692,
    204.20571457607));
#2221 = CARTESIAN_POINT('',(4.153201385065,14.844950325953,
    204.32622102347));
#2222 = CARTESIAN_POINT('',(4.238819450163,15.209444532235,
    204.5388426438));
#2223 = CARTESIAN_POINT('',(4.268361282908,15.365909800899,
    204.63011405052));
#2224 = CARTESIAN_POINT('',(4.290969107661,15.523663950456,
    204.72213730443));
#2225 = CARTESIAN_POINT('',(4.306564617423,15.682240338863,
    204.81464019767));
#2226 = CARTESIAN_POINT('',(4.315122519478,15.841173432022,
    204.90735116868));
#2227 = CARTESIAN_POINT('',(4.316666666667,16.,205.));
#2228 = CONICAL_SURFACE('',#2229,4.,1.666512371394E-02);
#2229 = AXIS2_PLACEMENT_3D('',#2230,#2231,#2232);
#2230 = CARTESIAN_POINT('',(0.,16.,186.));
#2231 = DIRECTION('',(0.,0.,1.));
#2232 = DIRECTION('',(1.,0.,0.));
#2233 = ADVANCED_FACE('',(#2234),#2391,.F.);
#2234 = FACE_BOUND('',#2235,.F.);
#2235 = EDGE_LOOP('',(#2236,#2345,#2351,#2352,#2353,#2354,#2355,#2376));
#2236 = ORIENTED_EDGE('',*,*,#2237,.F.);
#2237 = EDGE_CURVE('',#2238,#2240,#2242,.T.);
#2238 = VERTEX_POINT('',#2239);
#2239 = CARTESIAN_POINT('',(-15.65555555555,20.,206.66666666666));
#2240 = VERTEX_POINT('',#2241);
#2241 = CARTESIAN_POINT('',(-21.62284044536,16.,205.));
#2242 = B_SPLINE_CURVE_WITH_KNOTS('',6,(#2243,#2244,#2245,#2246,#2247,
    #2248,#2249,#2250,#2251,#2252,#2253,#2254,#2255,#2256,#2257,#2258,
    #2259,#2260,#2261,#2262,#2263,#2264,#2265,#2266,#2267,#2268,#2269,
    #2270,#2271,#2272,#2273,#2274,#2275,#2276,#2277,#2278,#2279,#2280,
    #2281,#2282,#2283,#2284,#2285,#2286,#2287,#2288,#2289,#2290,#2291,
    #2292,#2293,#2294,#2295,#2296,#2297,#2298,#2299,#2300,#2301,#2302,
    #2303,#2304,#2305,#2306,#2307,#2308,#2309,#2310,#2311,#2312,#2313,
    #2314,#2315,#2316,#2317,#2318,#2319,#2320,#2321,#2322,#2323,#2324,
    #2325,#2326,#2327,#2328,#2329,#2330,#2331,#2332,#2333,#2334,#2335,
    #2336,#2337,#2338,#2339,#2340,#2341,#2342,#2343,#2344),
  .UNSPECIFIED.,.F.,.F.,(7,5,5,5,5,5,5,5,5,5,5,5,5,5,5,5,5,5,5,5,7),(0.,
    2.652741564242E-02,8.183072372368E-02,0.109786493873,0.161935795164,
    0.228509651468,0.279034933183,0.31707640764,0.414743837851,
    0.512296271209,0.549517380702,0.598459843709,0.661481616173,
    0.710605640083,0.736679295804,0.75322109877,0.789365319733,
    0.83684954252,0.859294452483,0.898890624639,1.),.UNSPECIFIED.);
#2243 = CARTESIAN_POINT('',(-15.65555555555,20.,206.66666666666));
#2244 = CARTESIAN_POINT('',(-15.65490622874,20.093503062431,
    206.70562627601));
#2245 = CARTESIAN_POINT('',(-15.65666978548,20.187275286284,
    206.74469803595));
#2246 = CARTESIAN_POINT('',(-15.66087198068,20.281187255246,
    206.78382802301));
#2247 = CARTESIAN_POINT('',(-15.667525838,20.375107321225,
    206.82296138384));
#2248 = CARTESIAN_POINT('',(-15.67663164983,20.468901604348,
    206.86204233514));
#2249 = CARTESIAN_POINT('',(-15.71224621988,20.757426621457,
    206.98226109227));
#2250 = CARTESIAN_POINT('',(-15.74692162179,20.951314724926,
    207.06304780205));
#2251 = CARTESIAN_POINT('',(-15.79208557685,21.14281077012,
    207.14283782088));
#2252 = CARTESIAN_POINT('',(-15.84736856569,21.330787466356,
    207.22116144431));
#2253 = CARTESIAN_POINT('',(-15.91222960132,21.514254612178,
    207.2976060884));
#2254 = CARTESIAN_POINT('',(-16.02325459531,21.782383062216,
    207.40932627592));
#2255 = CARTESIAN_POINT('',(-16.06280760107,21.8710497868,207.4462707445
    ));
#2256 = CARTESIAN_POINT('',(-16.10454962356,21.958250876326,
    207.4826045318));
#2257 = CARTESIAN_POINT('',(-16.14839001827,22.043897850189,
    207.51829077091));
#2258 = CARTESIAN_POINT('',(-16.19423506372,22.127915426312,
    207.55329809429));
#2259 = CARTESIAN_POINT('',(-16.33107375014,22.363809790978,
    207.6515874129));
#2260 = CARTESIAN_POINT('',(-16.426802539,22.511484718578,
    207.71311863274));
#2261 = CARTESIAN_POINT('',(-16.52856641474,22.652863180966,
    207.7720263254));
#2262 = CARTESIAN_POINT('',(-16.63575531362,22.787686475233,
    207.82820269801));
#2263 = CARTESIAN_POINT('',(-16.74778823762,22.915806414836,
    207.88158600618));
#2264 = CARTESIAN_POINT('',(-17.01267980673,23.192064270815,
    207.99669344617));
#2265 = CARTESIAN_POINT('',(-17.16824626042,23.335923818369,
    208.05663492432));
#2266 = CARTESIAN_POINT('',(-17.32977078282,23.46861525957,
    208.11192302482));
#2267 = CARTESIAN_POINT('',(-17.49628119664,23.590165529675,
    208.16256897069));
#2268 = CARTESIAN_POINT('',(-17.66692720505,23.700698262526,
    208.20862427605));
#2269 = CARTESIAN_POINT('',(-17.97311652376,23.876044585022,
    208.28168524375));
#2270 = CARTESIAN_POINT('',(-18.10719747672,23.945451768751,
    208.31060490364));
#2271 = CARTESIAN_POINT('',(-18.24293277009,24.008682728674,
    208.33695113694));
#2272 = CARTESIAN_POINT('',(-18.38003504809,24.06581827516,
    208.36075761465));
#2273 = CARTESIAN_POINT('',(-18.51824426538,24.116942588945,
    208.38205941206));
#2274 = CARTESIAN_POINT('',(-18.76204791508,24.196169709475,
    208.41507071228));
#2275 = CARTESIAN_POINT('',(-18.86726173994,24.226839009467,
    208.42784958727));
#2276 = CARTESIAN_POINT('',(-18.97287003111,24.254183473887,
    208.43924311411));
#2277 = CARTESIAN_POINT('',(-19.07877820595,24.278237504733,
    208.44926562697));
#2278 = CARTESIAN_POINT('',(-19.1848971396,24.299034157083,
    208.45793089878));
#2279 = CARTESIAN_POINT('',(-19.56391850878,24.361716762222,
    208.48404865092));
#2280 = CARTESIAN_POINT('',(-19.83749873015,24.385560580595,
    208.49398357524));
#2281 = CARTESIAN_POINT('',(-20.11052225297,24.388687368807,
    208.49528640366));
#2282 = CARTESIAN_POINT('',(-20.38170356179,24.371518778903,
    208.48813282454));
#2283 = CARTESIAN_POINT('',(-20.64983825433,24.334425878808,
    208.4726774495));
#2284 = CARTESIAN_POINT('',(-21.1774361774,24.220913864389,
    208.42538077682));
#2285 = CARTESIAN_POINT('',(-21.43685306619,24.144553156085,
    208.39356381503));
#2286 = CARTESIAN_POINT('',(-21.6909209168,24.048796691918,
    208.35366528829));
#2287 = CARTESIAN_POINT('',(-21.93840146204,23.933781240274,
    208.30574218344));
#2288 = CARTESIAN_POINT('',(-22.17796695072,23.799620425425,
    208.24984184392));
#2289 = CARTESIAN_POINT('',(-22.49599947296,23.587816620016,
    208.16159025834));
#2290 = CARTESIAN_POINT('',(-22.58246448257,23.526536926311,
    208.13605705263));
#2291 = CARTESIAN_POINT('',(-22.6674786963,23.46247447209,
    208.10936436337));
#2292 = CARTESIAN_POINT('',(-22.75095355998,23.395631653836,
    208.08151318909));
#2293 = CARTESIAN_POINT('',(-22.83279507691,23.326011288614,
    208.05250470358));
#2294 = CARTESIAN_POINT('',(-23.01823969516,23.15842402768,
    207.9826766782));
#2295 = CARTESIAN_POINT('',(-23.12057741373,23.058436783437,
    207.94101532643));
#2296 = CARTESIAN_POINT('',(-23.21969305291,22.953660586324,
    207.89735857763));
#2297 = CARTESIAN_POINT('',(-23.31533760768,22.844110426192,
    207.85171267758));
#2298 = CARTESIAN_POINT('',(-23.4072387557,22.729812819909,
    207.80408867496));
#2299 = CARTESIAN_POINT('',(-23.60824237137,22.457569110298,
    207.69065379595));
#2300 = CARTESIAN_POINT('',(-23.71467889319,22.296537268944,
    207.62355719539));
#2301 = CARTESIAN_POINT('',(-23.81379402838,22.127790097378,
    207.5532458739));
#2302 = CARTESIAN_POINT('',(-23.90486561823,21.951492755044,
    207.47978864793));
#2303 = CARTESIAN_POINT('',(-23.98710095415,21.767927652241,
    207.40330318843));
#2304 = CARTESIAN_POINT('',(-24.1162362865,21.429108921788,
    207.26212871741));
#2305 = CARTESIAN_POINT('',(-24.16692539508,21.276548686821,
    207.19856195284));
#2306 = CARTESIAN_POINT('',(-24.21134259452,21.120060961553,
    207.13335873398));
#2307 = CARTESIAN_POINT('',(-24.24906988508,20.959945747024,
    207.06664406126));
#2308 = CARTESIAN_POINT('',(-24.27969965777,20.796602456445,
    206.99858435685));
#2309 = CARTESIAN_POINT('',(-24.31516531954,20.542409237009,
    206.89267051542));
#2310 = CARTESIAN_POINT('',(-24.32536045644,20.453508460399,
    206.85562852516));
#2311 = CARTESIAN_POINT('',(-24.33339930936,20.363923330321,
    206.81830138763));
#2312 = CARTESIAN_POINT('',(-24.33923166349,20.273741549775,
    206.78072564574));
#2313 = CARTESIAN_POINT('',(-24.34281354496,20.183060315128,
    206.74294179797));
#2314 = CARTESIAN_POINT('',(-24.3449315835,20.03420753773,
    206.68091980738));
#2315 = CARTESIAN_POINT('',(-24.34483367877,19.976270177495,
    206.65677924062));
#2316 = CARTESIAN_POINT('',(-24.34380653042,19.918202181909,
    206.63258424246));
#2317 = CARTESIAN_POINT('',(-24.34184256145,19.860032177423,
    206.60834674059));
#2318 = CARTESIAN_POINT('',(-24.33893580959,19.801790037641,
    206.58407918235));
#2319 = CARTESIAN_POINT('',(-24.3266611057,19.616156846999,
    206.50673201958));
#2320 = CARTESIAN_POINT('',(-24.31371812783,19.488605188279,
    206.45358549511));
#2321 = CARTESIAN_POINT('',(-24.29620930819,19.361186636655,
    206.40049443194));
#2322 = CARTESIAN_POINT('',(-24.2741329595,19.234243693875,
    206.34760153911));
#2323 = CARTESIAN_POINT('',(-24.24753479118,19.108125530639,
    206.29505230443));
#2324 = CARTESIAN_POINT('',(-24.1757590467,18.81904959093,
    206.17460399622));
#2325 = CARTESIAN_POINT('',(-24.12736384274,18.656922433434,
    206.10705101393));
#2326 = CARTESIAN_POINT('',(-24.07155346337,18.497626567341,
    206.04067773639));
#2327 = CARTESIAN_POINT('',(-24.00868207858,18.341873155469,
    205.97578048144));
#2328 = CARTESIAN_POINT('',(-23.93920553845,18.190273117962,
    205.91261379915));
#2329 = CARTESIAN_POINT('',(-23.82794314949,17.973897581749,
    205.82245732572));
#2330 = CARTESIAN_POINT('',(-23.79087213214,17.905488295069,
    205.79395345627));
#2331 = CARTESIAN_POINT('',(-23.75249616614,17.838170006999,
    205.76590416958));
#2332 = CARTESIAN_POINT('',(-23.7128707589,17.771987056785,
    205.73832794032));
#2333 = CARTESIAN_POINT('',(-23.67205235762,17.706977139199,
    205.71124047466));
#2334 = CARTESIAN_POINT('',(-23.55608521504,17.530608286106,
    205.63775345254));
#2335 = CARTESIAN_POINT('',(-23.47853712503,17.421793097435,
    205.59241379059));
#2336 = CARTESIAN_POINT('',(-23.39776508266,17.316895532089,
    205.5487064717));
#2337 = CARTESIAN_POINT('',(-23.31407469963,17.216022900633,
    205.50667620859));
#2338 = CARTESIAN_POINT('',(-23.22775631496,17.119233210631,
    205.46634717109));
#2339 = CARTESIAN_POINT('',(-22.91262643614,16.789876259541,
    205.32911510814));
#2340 = CARTESIAN_POINT('',(-22.67092289484,16.580127935917,
    205.24171997329));
#2341 = CARTESIAN_POINT('',(-22.41812227983,16.39727065659,
    205.16552944024));
#2342 = CARTESIAN_POINT('',(-22.15764034526,16.240433160828,
    205.10018048367));
#2343 = CARTESIAN_POINT('',(-21.8920200559,16.108396542984,
    205.04516522624));
#2344 = CARTESIAN_POINT('',(-21.62284044536,16.,205.));
#2345 = ORIENTED_EDGE('',*,*,#2346,.F.);
#2346 = EDGE_CURVE('',#1564,#2238,#2347,.T.);
#2347 = LINE('',#2348,#2349);
#2348 = CARTESIAN_POINT('',(-16.,20.,186.));
#2349 = VECTOR('',#2350,1.);
#2350 = DIRECTION('',(1.666435233399E-02,-4.081589149138E-18,
    0.99986114004));
#2351 = ORIENTED_EDGE('',*,*,#1574,.T.);
#2352 = ORIENTED_EDGE('',*,*,#462,.T.);
#2353 = ORIENTED_EDGE('',*,*,#1563,.T.);
#2354 = ORIENTED_EDGE('',*,*,#2346,.T.);
#2355 = ORIENTED_EDGE('',*,*,#2356,.F.);
#2356 = EDGE_CURVE('',#2357,#2238,#2359,.T.);
#2357 = VERTEX_POINT('',#2358);
#2358 = CARTESIAN_POINT('',(-18.37715955463,16.,205.));
#2359 = B_SPLINE_CURVE_WITH_KNOTS('',8,(#2360,#2361,#2362,#2363,#2364,
    #2365,#2366,#2367,#2368,#2369,#2370,#2371,#2372,#2373,#2374,#2375),
  .UNSPECIFIED.,.F.,.F.,(9,7,9),(0.,0.616565219546,1.),.UNSPECIFIED.);
#2360 = CARTESIAN_POINT('',(-18.37715955463,16.,205.));
#2361 = CARTESIAN_POINT('',(-18.05358217288,16.130302103906,
    205.05429254329));
#2362 = CARTESIAN_POINT('',(-17.73937992095,16.2913363204,205.1213901335
    ));
#2363 = CARTESIAN_POINT('',(-17.43584528664,16.483543825707,
    205.20147659404));
#2364 = CARTESIAN_POINT('',(-17.145414121,16.707774553479,
    205.29490606395));
#2365 = CARTESIAN_POINT('',(-16.87140901618,16.964760562431,
    205.40198356767));
#2366 = CARTESIAN_POINT('',(-16.61804489806,17.255011923168,
    205.52292163465));
#2367 = CARTESIAN_POINT('',(-16.39027406156,17.578481756999,
    205.65770073208));
#2368 = CARTESIAN_POINT('',(-16.07206226582,18.15651423383,
    205.89854759742));
#2369 = CARTESIAN_POINT('',(-15.96234079037,18.390738700235,
    205.99614112509));
#2370 = CARTESIAN_POINT('',(-15.86657004368,18.636994194714,
    206.09874758113));
#2371 = CARTESIAN_POINT('',(-15.78652697113,18.894360348925,
    206.20598347871));
#2372 = CARTESIAN_POINT('',(-15.72396714506,19.161485454512,
    206.31728560604));
#2373 = CARTESIAN_POINT('',(-15.68052432506,19.436531774152,
    206.43188823923));
#2374 = CARTESIAN_POINT('',(-15.65752022576,19.717087494775,
    206.54878645615));
#2375 = CARTESIAN_POINT('',(-15.65555555555,20.,206.66666666666));
#2376 = ORIENTED_EDGE('',*,*,#2377,.F.);
#2377 = EDGE_CURVE('',#2240,#2357,#2378,.T.);
#2378 = B_SPLINE_CURVE_WITH_KNOTS('',6,(#2379,#2380,#2381,#2382,#2383,
    #2384,#2385,#2386,#2387,#2388,#2389,#2390),.UNSPECIFIED.,.F.,.F.,(7,
    5,7),(0.,0.293719070795,1.),.UNSPECIFIED.);
#2379 = CARTESIAN_POINT('',(-21.62284044536,16.,205.));
#2380 = CARTESIAN_POINT('',(-21.46449774332,15.936425778986,
    204.96291503774));
#2381 = CARTESIAN_POINT('',(-21.3043006866,15.880750561592,
    204.93043782759));
#2382 = CARTESIAN_POINT('',(-21.14274439469,15.832940526286,
    204.90254864033));
#2383 = CARTESIAN_POINT('',(-20.98028052449,15.792917172645,
    204.87920168404));
#2384 = CARTESIAN_POINT('',(-20.81731642826,15.760574283625,
    204.86033499878));
#2385 = CARTESIAN_POINT('',(-20.26201671202,15.676210010909,
    204.81112250636));
#2386 = CARTESIAN_POINT('',(-19.86924230673,15.660391707568,
    204.80189516274));
#2387 = CARTESIAN_POINT('',(-19.48052580928,15.686556301711,
    204.81715784266));
#2388 = CARTESIAN_POINT('',(-19.0999401383,15.752984096505,
    204.85590738962));
#2389 = CARTESIAN_POINT('',(-18.73106960485,15.857905950417,
    204.91711180441));
#2390 = CARTESIAN_POINT('',(-18.37715955463,16.,205.));
#2391 = CONICAL_SURFACE('',#2392,4.,1.666512371394E-02);
#2392 = AXIS2_PLACEMENT_3D('',#2393,#2394,#2395);
#2393 = CARTESIAN_POINT('',(-20.,20.,186.));
#2394 = DIRECTION('',(0.,0.,1.));
#2395 = DIRECTION('',(1.,0.,0.));
#2396 = ADVANCED_FACE('',(#2397),#2558,.F.);
#2397 = FACE_BOUND('',#2398,.F.);
#2398 = EDGE_LOOP('',(#2399,#2473,#2479,#2480,#2481,#2482,#2483));
#2399 = ORIENTED_EDGE('',*,*,#2400,.F.);
#2400 = EDGE_CURVE('',#2401,#2403,#2405,.T.);
#2401 = VERTEX_POINT('',#2402);
#2402 = CARTESIAN_POINT('',(-35.68333333333,16.,205.));
#2403 = VERTEX_POINT('',#2404);
#2404 = CARTESIAN_POINT('',(-44.31666666666,16.,205.));
#2405 = B_SPLINE_CURVE_WITH_KNOTS('',6,(#2406,#2407,#2408,#2409,#2410,
    #2411,#2412,#2413,#2414,#2415,#2416,#2417,#2418,#2419,#2420,#2421,
    #2422,#2423,#2424,#2425,#2426,#2427,#2428,#2429,#2430,#2431,#2432,
    #2433,#2434,#2435,#2436,#2437,#2438,#2439,#2440,#2441,#2442,#2443,
    #2444,#2445,#2446,#2447,#2448,#2449,#2450,#2451,#2452,#2453,#2454,
    #2455,#2456,#2457,#2458,#2459,#2460,#2461,#2462,#2463,#2464,#2465,
    #2466,#2467,#2468,#2469,#2470,#2471,#2472),.UNSPECIFIED.,.F.,.F.,(7,
    5,5,5,5,5,5,5,5,5,5,5,5,7),(0.,2.728046643878E-02,8.368643932399E-02
    ,0.154006438531,0.189811761723,0.257922551146,0.347032104669,
    0.416866870057,0.471051114912,0.610080795377,0.773323865786,
    0.831363049014,0.904349273223,1.),.UNSPECIFIED.);
#2406 = CARTESIAN_POINT('',(-35.68333333333,16.,205.));
#2407 = CARTESIAN_POINT('',(-35.68284525315,16.070283545842,
    205.02928481076));
#2408 = CARTESIAN_POINT('',(-35.68372787241,16.140906355267,
    205.05871098136));
#2409 = CARTESIAN_POINT('',(-35.68600617279,16.211820207128,
    205.08825841963));
#2410 = CARTESIAN_POINT('',(-35.68970152741,16.28297295461,
    205.11790539775));
#2411 = CARTESIAN_POINT('',(-35.69483170089,16.354308525234,
    205.14762855218));
#2412 = CARTESIAN_POINT('',(-35.71501410899,16.573516605962,
    205.23896525248));
#2413 = CARTESIAN_POINT('',(-35.73481272857,16.721805934478,
    205.30075247269));
#2414 = CARTESIAN_POINT('',(-35.76092629104,16.870080552211,
    205.36253356342));
#2415 = CARTESIAN_POINT('',(-35.79339340582,17.017763233978,
    205.42406801415));
#2416 = CARTESIAN_POINT('',(-35.83215493794,17.164257170349,
    205.48510715431));
#2417 = CARTESIAN_POINT('',(-35.93299094373,17.489333471051,
    205.62055561293));
#2418 = CARTESIAN_POINT('',(-35.99847194773,17.666964745148,
    205.69456864381));
#2419 = CARTESIAN_POINT('',(-36.07314393122,17.840631432082,
    205.76692976336));
#2420 = CARTESIAN_POINT('',(-36.15645486998,18.009329555115,
    205.83722064796));
#2421 = CARTESIAN_POINT('',(-36.24771279375,18.172224280174,
    205.90509345007));
#2422 = CARTESIAN_POINT('',(-36.39620914018,18.408281626995,
    206.00345067791));
#2423 = CARTESIAN_POINT('',(-36.44816610089,18.486253285955,
    206.03593886914));
#2424 = CARTESIAN_POINT('',(-36.50187815693,18.562471797398,
    206.06769658224));
#2425 = CARTESIAN_POINT('',(-36.55724207784,18.636871245143,
    206.09869635214));
#2426 = CARTESIAN_POINT('',(-36.61415456464,18.7093997116,206.1289165465
    ));
#2427 = CARTESIAN_POINT('',(-36.78352931977,18.91434927538,
    206.21431219807));
#2428 = CARTESIAN_POINT('',(-36.89977812567,19.041761648893,
    206.26740068703));
#2429 = CARTESIAN_POINT('',(-37.02057071888,19.161992898378,
    206.31749704099));
#2430 = CARTESIAN_POINT('',(-37.14525158093,19.274932617348,
    206.36455525722));
#2431 = CARTESIAN_POINT('',(-37.27322445662,19.380579531627,
    206.40857480484));
#2432 = CARTESIAN_POINT('',(-37.57504124484,19.607763123716,
    206.50323463488));
#2433 = CARTESIAN_POINT('',(-37.75084216146,19.724141602118,
    206.55172566754));
#2434 = CARTESIAN_POINT('',(-37.93025910959,19.828315177343,
    206.59513132389));
#2435 = CARTESIAN_POINT('',(-38.11232154518,19.920584374991,
    206.63357682291));
#2436 = CARTESIAN_POINT('',(-38.29622359919,20.001316121122,
    206.66721505046));
#2437 = CARTESIAN_POINT('',(-38.62641228607,20.125414121894,
    206.71892255078));
#2438 = CARTESIAN_POINT('',(-38.77221878101,20.173080947401,
    206.73878372808));
#2439 = CARTESIAN_POINT('',(-38.91844748774,20.214070915586,
    206.75586288149));
#2440 = CARTESIAN_POINT('',(-39.06482214332,20.248560622015,
    206.7702335925));
#2441 = CARTESIAN_POINT('',(-39.21110086604,20.276719385918,
    206.78196641079));
#2442 = CARTESIAN_POINT('',(-39.47033744297,20.315765534877,
    206.79823563953));
#2443 = CARTESIAN_POINT('',(-39.58341356223,20.329108884609,
    206.80379536858));
#2444 = CARTESIAN_POINT('',(-39.69620607394,20.338810268169,
    206.80783761173));
#2445 = CARTESIAN_POINT('',(-39.80862320572,20.344939165154,
    206.81039131881));
#2446 = CARTESIAN_POINT('',(-39.92057996999,20.347560481363,
    206.8114835339));
#2447 = CARTESIAN_POINT('',(-40.31788266672,20.344615313929,
    206.8102563808));
#2448 = CARTESIAN_POINT('',(-40.60017674103,20.319800713867,
    206.79991696411));
#2449 = CARTESIAN_POINT('',(-40.87763259224,20.273318509241,
    206.78054937885));
#2450 = CARTESIAN_POINT('',(-41.1490574262,20.205951226171,
    206.75247967757));
#2451 = CARTESIAN_POINT('',(-41.41334267174,20.118362810204,
    206.71598450425));
#2452 = CARTESIAN_POINT('',(-41.97010206662,19.884875376243,
    206.61869807343));
#2453 = CARTESIAN_POINT('',(-42.25933007789,19.731535561839,
    206.55480648409));
#2454 = CARTESIAN_POINT('',(-42.53547717589,19.551647708966,
    206.47985321206));
#2455 = CARTESIAN_POINT('',(-42.79647321448,19.34559512412,
    206.39399796838));
#2456 = CARTESIAN_POINT('',(-43.03997888762,19.11375565689,
    206.29739819037));
#2457 = CARTESIAN_POINT('',(-43.34246689238,18.764475004594,
    206.15186458524));
#2458 = CARTESIAN_POINT('',(-43.41922220712,18.669609784871,
    206.11233741036));
#2459 = CARTESIAN_POINT('',(-43.49326076988,18.571496514988,
    206.07145688124));
#2460 = CARTESIAN_POINT('',(-43.56443434691,18.470144352451,
    206.02922681352));
#2461 = CARTESIAN_POINT('',(-43.63258024234,18.365565782714,
    205.98565240946));
#2462 = CARTESIAN_POINT('',(-43.77918685926,18.122228122144,
    205.88426171756));
#2463 = CARTESIAN_POINT('',(-43.85577978338,17.981610103113,
    205.82567087629));
#2464 = CARTESIAN_POINT('',(-43.92695236562,17.835947154913,
    205.76497798121));
#2465 = CARTESIAN_POINT('',(-43.99230172218,17.685300105849,
    205.70220837743));
#2466 = CARTESIAN_POINT('',(-44.0513769803,17.529771848426,
    205.63740493684));
#2467 = CARTESIAN_POINT('',(-44.17223968636,17.159489161234,
    205.48312048384));
#2468 = CARTESIAN_POINT('',(-44.22916213132,16.941373521799,
    205.39223896741));
#2469 = CARTESIAN_POINT('',(-44.27335827205,16.715484940588,
    205.29811872524));
#2470 = CARTESIAN_POINT('',(-44.30354015418,16.482487139421,
    205.20103630809));
#2471 = CARTESIAN_POINT('',(-44.3183573296,16.243455463328,
    205.10143977638));
#2472 = CARTESIAN_POINT('',(-44.31666666666,16.,205.));
#2473 = ORIENTED_EDGE('',*,*,#2474,.F.);
#2474 = EDGE_CURVE('',#325,#2401,#2475,.T.);
#2475 = LINE('',#2476,#2477);
#2476 = CARTESIAN_POINT('',(-36.,16.,186.));
#2477 = VECTOR('',#2478,1.);
#2478 = DIRECTION('',(1.666435233399E-02,-4.081589149138E-18,
    0.99986114004));
#2479 = ORIENTED_EDGE('',*,*,#427,.T.);
#2480 = ORIENTED_EDGE('',*,*,#1664,.T.);
#2481 = ORIENTED_EDGE('',*,*,#324,.T.);
#2482 = ORIENTED_EDGE('',*,*,#2474,.T.);
#2483 = ORIENTED_EDGE('',*,*,#2484,.F.);
#2484 = EDGE_CURVE('',#2403,#2401,#2485,.T.);
#2485 = B_SPLINE_CURVE_WITH_KNOTS('',6,(#2486,#2487,#2488,#2489,#2490,
    #2491,#2492,#2493,#2494,#2495,#2496,#2497,#2498,#2499,#2500,#2501,
    #2502,#2503,#2504,#2505,#2506,#2507,#2508,#2509,#2510,#2511,#2512,
    #2513,#2514,#2515,#2516,#2517,#2518,#2519,#2520,#2521,#2522,#2523,
    #2524,#2525,#2526,#2527,#2528,#2529,#2530,#2531,#2532,#2533,#2534,
    #2535,#2536,#2537,#2538,#2539,#2540,#2541,#2542,#2543,#2544,#2545,
    #2546,#2547,#2548,#2549,#2550,#2551,#2552,#2553,#2554,#2555,#2556,
    #2557),.UNSPECIFIED.,.F.,.F.,(7,5,5,5,5,5,5,5,5,5,5,5,5,5,7),(0.,
    8.767111789675E-02,0.129732189043,0.15560860082,0.210947372662,
    0.280689604343,0.314977832595,0.37787749617,0.45502631113,
    0.512083571707,0.555612576523,0.667189862347,0.829909385692,
    0.898142233509,1.),.UNSPECIFIED.);
#2486 = CARTESIAN_POINT('',(-44.31666666666,16.,205.));
#2487 = CARTESIAN_POINT('',(-44.31472670111,15.800460686098,
    204.88360206689));
#2488 = CARTESIAN_POINT('',(-44.30169456559,15.598477776625,
    204.76577870303));
#2489 = CARTESIAN_POINT('',(-44.27704440875,15.394625578109,
    204.64686492056));
#2490 = CARTESIAN_POINT('',(-44.24024185665,15.189671920552,
    204.52730862032));
#2491 = CARTESIAN_POINT('',(-44.19081464226,14.984585458937,
    204.40767485104));
#2492 = CARTESIAN_POINT('',(-44.09857057072,14.682654625358,
    204.23154853145));
#2493 = CARTESIAN_POINT('',(-44.06569350643,14.585009226696,
    204.17458871557));
#2494 = CARTESIAN_POINT('',(-44.02981679457,14.487743344445,
    204.11785028426));
#2495 = CARTESIAN_POINT('',(-43.99092200032,14.391003651044,
    204.06141879644));
#2496 = CARTESIAN_POINT('',(-43.94900627565,14.294948091834,
    204.0053863869));
#2497 = CARTESIAN_POINT('',(-43.87645206473,14.141175081126,
    203.91568546399));
#2498 = CARTESIAN_POINT('',(-43.84768038528,14.082927592741,
    203.88170776243));
#2499 = CARTESIAN_POINT('',(-43.81777574299,14.025041902121,
    203.84794110957));
#2500 = CARTESIAN_POINT('',(-43.78674506847,13.967558172699,
    203.81440893407));
#2501 = CARTESIAN_POINT('',(-43.75459836359,13.910517377041,
    203.7811351366));
#2502 = CARTESIAN_POINT('',(-43.65024164501,13.733011605498,
    203.6775901032));
#2503 = CARTESIAN_POINT('',(-43.57408575691,13.614270744164,
    203.60832460076));
#2504 = CARTESIAN_POINT('',(-43.49301860285,13.498160472241,
    203.5405936088));
#2505 = CARTESIAN_POINT('',(-43.40723623656,13.385087339527,
    203.47463428139));
#2506 = CARTESIAN_POINT('',(-43.31700029979,13.275436662005,
    203.41067138617));
#2507 = CARTESIAN_POINT('',(-43.10373137689,13.036140668162,
    203.27108205642));
#2508 = CARTESIAN_POINT('',(-42.97825226768,12.908693591842,
    203.19673792857));
#2509 = CARTESIAN_POINT('',(-42.84688558192,12.787958957381,
    203.1263093918));
#2510 = CARTESIAN_POINT('',(-42.71038606441,12.674466860553,
    203.06010566865));
#2511 = CARTESIAN_POINT('',(-42.56954726027,12.568588631124,
    202.99834336815));
#2512 = CARTESIAN_POINT('',(-42.3542176427,12.422354152911,
    202.91303992253));
#2513 = CARTESIAN_POINT('',(-42.28238922885,12.37604728922,
    202.88602758537));
#2514 = CARTESIAN_POINT('',(-42.2097970516,12.331656562164,
    202.86013299459));
#2515 = CARTESIAN_POINT('',(-42.13653040934,12.289196141732,
    202.83536441601));
#2516 = CARTESIAN_POINT('',(-42.06267485347,12.248671676508,
    202.81172514462));
#2517 = CARTESIAN_POINT('',(-41.85189671516,12.139291636374,
    202.74792012121));
#2518 = CARTESIAN_POINT('',(-41.71377486403,12.075013227349,
    202.71042438262));
#2519 = CARTESIAN_POINT('',(-41.57444192725,12.017234944237,
    202.67672038413));
#2520 = CARTESIAN_POINT('',(-41.43433734856,11.965868895626,
    202.64675685578));
#2521 = CARTESIAN_POINT('',(-41.29384123179,11.920778607966,
    202.62045418798));
#2522 = CARTESIAN_POINT('',(-40.98085729697,11.834005715224,
    202.56983666721));
#2523 = CARTESIAN_POINT('',(-40.80834204606,11.795411572503,
    202.54732341729));
#2524 = CARTESIAN_POINT('',(-40.63629542409,11.765724246637,
    202.53000581053));
#2525 = CARTESIAN_POINT('',(-40.46518916482,11.744610166845,
    202.51768926399));
#2526 = CARTESIAN_POINT('',(-40.29540198667,11.731730906177,
    202.51017636193));
#2527 = CARTESIAN_POINT('',(-40.00284492117,11.723104661693,
    202.50514438598));
#2528 = CARTESIAN_POINT('',(-39.87935063564,11.723769559236,
    202.50553224288));
#2529 = CARTESIAN_POINT('',(-39.75686223246,11.728639013832,
    202.50837275806));
#2530 = CARTESIAN_POINT('',(-39.63548626681,11.737591604557,
    202.51359510265));
#2531 = CARTESIAN_POINT('',(-39.51531598863,11.750513773468,
    202.52113303452));
#2532 = CARTESIAN_POINT('',(-39.30573536167,11.780108598666,
    202.53839668255));
#2533 = CARTESIAN_POINT('',(-39.21578833806,11.795165463201,
    202.54717985353));
#2534 = CARTESIAN_POINT('',(-39.12662728735,11.812425548917,
    202.55724823686));
#2535 = CARTESIAN_POINT('',(-39.0382865423,11.831845312935,
    202.56857643254));
#2536 = CARTESIAN_POINT('',(-38.95079841011,11.85338406443,
    202.58114070425));
#2537 = CARTESIAN_POINT('',(-38.64219918477,11.937548522598,
    202.63023663818));
#2538 = CARTESIAN_POINT('',(-38.42602502129,12.011762069728,
    202.673527874));
#2539 = CARTESIAN_POINT('',(-38.2161486,12.099012821226,202.72442414571)
  );
#2540 = CARTESIAN_POINT('',(-38.01306575734,12.198782158872,
    202.782622926));
#2541 = CARTESIAN_POINT('',(-37.81726935027,12.310620030744,
    202.8478616846));
#2542 = CARTESIAN_POINT('',(-37.355089866,12.614353089392,
    203.02503930214));
#2543 = CARTESIAN_POINT('',(-37.09758497168,12.819382903208,
    203.14464002687));
#2544 = CARTESIAN_POINT('',(-36.85823851399,13.048168003996,
    203.27809800233));
#2545 = CARTESIAN_POINT('',(-36.63908140881,13.299766597961,
    203.42486384881));
#2546 = CARTESIAN_POINT('',(-36.44244041737,13.573079456287,
    203.5842963495));
#2547 = CARTESIAN_POINT('',(-36.19919410815,13.99014530296,
    203.82758476006));
#2548 = CARTESIAN_POINT('',(-36.13178090677,14.116956913982,
    203.90155819982));
#2549 = CARTESIAN_POINT('',(-36.06902649437,14.24726103761,
    203.9775689386));
#2550 = CARTESIAN_POINT('',(-36.01115564285,14.380938363762,
    204.05554737886));
#2551 = CARTESIAN_POINT('',(-35.95840690779,14.517847762532,
    204.13541119481));
#2552 = CARTESIAN_POINT('',(-35.84030253754,14.866777849706,
    204.33895374566));
#2553 = CARTESIAN_POINT('',(-35.7815473045,15.082556908624,
    204.46482486336));
#2554 = CARTESIAN_POINT('',(-35.73558459577,15.304611796486,
    204.59435688128));
#2555 = CARTESIAN_POINT('',(-35.70331191441,15.532209860324,
    204.72712241852));
#2556 = CARTESIAN_POINT('',(-35.68562385385,15.764403603397,
    204.86256876864));
#2557 = CARTESIAN_POINT('',(-35.68333333333,16.,205.));
#2558 = CONICAL_SURFACE('',#2559,4.,1.666512371394E-02);
#2559 = AXIS2_PLACEMENT_3D('',#2560,#2561,#2562);
#2560 = CARTESIAN_POINT('',(-40.,16.,186.));
#2561 = DIRECTION('',(0.,0.,1.));
#2562 = DIRECTION('',(1.,0.,0.));
#2563 = ADVANCED_FACE('',(#2564),#2581,.T.);
#2564 = FACE_BOUND('',#2565,.T.);
#2565 = EDGE_LOOP('',(#2566,#2567,#2568,#2576));
#2566 = ORIENTED_EDGE('',*,*,#861,.T.);
#2567 = ORIENTED_EDGE('',*,*,#1372,.T.);
#2568 = ORIENTED_EDGE('',*,*,#2569,.F.);
#2569 = EDGE_CURVE('',#2570,#1373,#2572,.T.);
#2570 = VERTEX_POINT('',#2571);
#2571 = CARTESIAN_POINT('',(63.,36.,212.));
#2572 = LINE('',#2573,#2574);
#2573 = CARTESIAN_POINT('',(63.,36.,212.));
#2574 = VECTOR('',#2575,1.);
#2575 = DIRECTION('',(-0.707106781187,0.707106781187,0.));
#2576 = ORIENTED_EDGE('',*,*,#2577,.F.);
#2577 = EDGE_CURVE('',#862,#2570,#2578,.T.);
#2578 = B_SPLINE_CURVE_WITH_KNOTS('',1,(#2579,#2580),.UNSPECIFIED.,.F.,
  .F.,(2,2),(0.,1.),.PIECEWISE_BEZIER_KNOTS.);
#2579 = CARTESIAN_POINT('',(54.,14.,202.));
#2580 = CARTESIAN_POINT('',(63.,36.,212.));
#2581 = B_SPLINE_SURFACE_WITH_KNOTS('',1,1,(
    (#2582,#2583)
    ,(#2584,#2585
    )),.UNSPECIFIED.,.F.,.F.,.F.,(2,2),(2,2),(0.,9.899494936612),(0.,1.)
  ,.PIECEWISE_BEZIER_KNOTS.);
#2582 = CARTESIAN_POINT('',(54.,14.,202.));
#2583 = CARTESIAN_POINT('',(63.,36.,212.));
#2584 = CARTESIAN_POINT('',(49.,19.,202.));
#2585 = CARTESIAN_POINT('',(56.,43.,212.));
#2586 = ADVANCED_FACE('',(#2587),#2598,.T.);
#2587 = FACE_BOUND('',#2588,.T.);
#2588 = EDGE_LOOP('',(#2589,#2590,#2591,#2597));
#2589 = ORIENTED_EDGE('',*,*,#884,.T.);
#2590 = ORIENTED_EDGE('',*,*,#2577,.T.);
#2591 = ORIENTED_EDGE('',*,*,#2592,.F.);
#2592 = EDGE_CURVE('',#1276,#2570,#2593,.T.);
#2593 = LINE('',#2594,#2595);
#2594 = CARTESIAN_POINT('',(63.,-12.,212.));
#2595 = VECTOR('',#2596,1.);
#2596 = DIRECTION('',(0.,1.,0.));
#2597 = ORIENTED_EDGE('',*,*,#1275,.F.);
#2598 = B_SPLINE_SURFACE_WITH_KNOTS('',1,1,(
    (#2599,#2600)
    ,(#2601,#2602
    )),.UNSPECIFIED.,.F.,.F.,.F.,(2,2),(2,2),(0.,48.),(0.,1.),
  .PIECEWISE_BEZIER_KNOTS.);
#2599 = CARTESIAN_POINT('',(54.,-16.,202.));
#2600 = CARTESIAN_POINT('',(63.,-12.,212.));
#2601 = CARTESIAN_POINT('',(54.,14.,202.));
#2602 = CARTESIAN_POINT('',(63.,36.,212.));
#2603 = ADVANCED_FACE('',(#2604),#2636,.T.);
#2604 = FACE_BOUND('',#2605,.T.);
#2605 = EDGE_LOOP('',(#2606,#2613,#2621,#2628,#2634,#2635));
#2606 = ORIENTED_EDGE('',*,*,#2607,.F.);
#2607 = EDGE_CURVE('',#2608,#951,#2610,.T.);
#2608 = VERTEX_POINT('',#2609);
#2609 = CARTESIAN_POINT('',(17.561737618886,-20.01762625031,
    184.75060990489));
#2610 = B_SPLINE_CURVE_WITH_KNOTS('',1,(#2611,#2612),.UNSPECIFIED.,.F.,
  .F.,(2,2),(0.,1.),.PIECEWISE_BEZIER_KNOTS.);
#2611 = CARTESIAN_POINT('',(17.561737618886,-20.01762625031,
    184.75060990489));
#2612 = CARTESIAN_POINT('',(17.561737618886,-8.017626250316,
    184.75060990489));
#2613 = ORIENTED_EDGE('',*,*,#2614,.T.);
#2614 = EDGE_CURVE('',#2608,#2615,#2617,.T.);
#2615 = VERTEX_POINT('',#2616);
#2616 = CARTESIAN_POINT('',(2.561249694973,-14.3488372093,166.));
#2617 = LINE('',#2618,#2619);
#2618 = CARTESIAN_POINT('',(17.561737618886,-20.01762625031,
    184.75060990489));
#2619 = VECTOR('',#2620,1.);
#2620 = DIRECTION('',(-0.607982649232,0.229760884884,-0.75997831154));
#2621 = ORIENTED_EDGE('',*,*,#2622,.T.);
#2622 = EDGE_CURVE('',#2615,#2623,#2625,.T.);
#2623 = VERTEX_POINT('',#2624);
#2624 = CARTESIAN_POINT('',(2.561249694973,-2.348837209302,166.));
#2625 = B_SPLINE_CURVE_WITH_KNOTS('',1,(#2626,#2627),.UNSPECIFIED.,.F.,
  .F.,(2,2),(0.,1.),.PIECEWISE_BEZIER_KNOTS.);
#2626 = CARTESIAN_POINT('',(2.561249694973,-14.3488372093,166.));
#2627 = CARTESIAN_POINT('',(2.561249694973,-2.348837209302,166.));
#2628 = ORIENTED_EDGE('',*,*,#2629,.F.);
#2629 = EDGE_CURVE('',#979,#2623,#2630,.T.);
#2630 = LINE('',#2631,#2632);
#2631 = CARTESIAN_POINT('',(17.561737618886,-8.017626250316,
    184.75060990489));
#2632 = VECTOR('',#2633,1.);
#2633 = DIRECTION('',(-0.607982649232,0.229760884884,-0.75997831154));
#2634 = ORIENTED_EDGE('',*,*,#978,.F.);
#2635 = ORIENTED_EDGE('',*,*,#957,.T.);
#2636 = B_SPLINE_SURFACE_WITH_KNOTS('',1,1,(
    (#2637,#2638)
    ,(#2639,#2640
    )),.UNSPECIFIED.,.F.,.F.,.F.,(2,2),(2,2),(0.,52.633080961176),(0.,1.
    ),.PIECEWISE_BEZIER_KNOTS.);
#2637 = CARTESIAN_POINT('',(17.561737618886,-20.01762625031,
    184.75060990489));
#2638 = CARTESIAN_POINT('',(17.561737618886,-8.017626250316,
    184.75060990489));
#2639 = CARTESIAN_POINT('',(-14.43826238111,-7.924602994502,
    144.75060990489));
#2640 = CARTESIAN_POINT('',(-14.43826238111,4.075397005498,
    144.75060990489));
#2641 = ADVANCED_FACE('',(#2642),#2659,.T.);
#2642 = FACE_BOUND('',#2643,.T.);
#2643 = EDGE_LOOP('',(#2644,#2651,#2657,#2658));
#2644 = ORIENTED_EDGE('',*,*,#2645,.F.);
#2645 = EDGE_CURVE('',#2646,#944,#2648,.T.);
#2646 = VERTEX_POINT('',#2647);
#2647 = CARTESIAN_POINT('',(14.438262381114,-20.7730714241,
    187.2493900951));
#2648 = B_SPLINE_CURVE_WITH_KNOTS('',1,(#2649,#2650),.UNSPECIFIED.,.F.,
  .F.,(2,2),(0.,1.),.PIECEWISE_BEZIER_KNOTS.);
#2649 = CARTESIAN_POINT('',(14.438262381114,-20.7730714241,
    187.2493900951));
#2650 = CARTESIAN_POINT('',(14.438262381114,-8.773071424103,
    187.2493900951));
#2651 = ORIENTED_EDGE('',*,*,#2652,.T.);
#2652 = EDGE_CURVE('',#2646,#2608,#2653,.T.);
#2653 = LINE('',#2654,#2655);
#2654 = CARTESIAN_POINT('',(14.438262381114,-20.7730714241,
    187.2493900951));
#2655 = VECTOR('',#2656,1.);
#2656 = DIRECTION('',(0.76730437389,0.185580592755,-0.613843499112));
#2657 = ORIENTED_EDGE('',*,*,#2607,.T.);
#2658 = ORIENTED_EDGE('',*,*,#950,.T.);
#2659 = B_SPLINE_SURFACE_WITH_KNOTS('',1,1,(
    (#2660,#2661)
    ,(#2662,#2663
    )),.UNSPECIFIED.,.F.,.F.,.F.,(2,2),(2,2),(0.,4.0707121503),(0.,1.),
  .PIECEWISE_BEZIER_KNOTS.);
#2660 = CARTESIAN_POINT('',(14.438262381114,-20.7730714241,
    187.2493900951));
#2661 = CARTESIAN_POINT('',(14.438262381114,-8.773071424103,
    187.2493900951));
#2662 = CARTESIAN_POINT('',(17.561737618886,-20.01762625031,
    184.75060990489));
#2663 = CARTESIAN_POINT('',(17.561737618886,-8.017626250316,
    184.75060990489));
#2664 = ADVANCED_FACE('',(#2665),#2691,.T.);
#2665 = FACE_BOUND('',#2666,.T.);
#2666 = EDGE_LOOP('',(#2667,#2676,#2682,#2683,#2684,#2685));
#2667 = ORIENTED_EDGE('',*,*,#2668,.T.);
#2668 = EDGE_CURVE('',#2669,#2671,#2673,.T.);
#2669 = VERTEX_POINT('',#2670);
#2670 = CARTESIAN_POINT('',(8.881784197001E-16,-3.316751338217,
    169.20156211871));
#2671 = VERTEX_POINT('',#2672);
#2672 = CARTESIAN_POINT('',(8.881784197001E-16,-15.31675133821,
    169.20156211871));
#2673 = B_SPLINE_CURVE_WITH_KNOTS('',1,(#2674,#2675),.UNSPECIFIED.,.F.,
  .F.,(2,2),(0.,1.),.PIECEWISE_BEZIER_KNOTS.);
#2674 = CARTESIAN_POINT('',(1.887379141863E-15,-3.316751338217,
    169.20156211871));
#2675 = CARTESIAN_POINT('',(1.887379141863E-15,-15.31675133821,
    169.20156211871));
#2676 = ORIENTED_EDGE('',*,*,#2677,.T.);
#2677 = EDGE_CURVE('',#2671,#2646,#2678,.T.);
#2678 = LINE('',#2679,#2680);
#2679 = CARTESIAN_POINT('',(-17.56173761888,-8.680048168289,
    147.2493900951));
#2680 = VECTOR('',#2681,1.);
#2681 = DIRECTION('',(0.607982649232,-0.229760884884,0.75997831154));
#2682 = ORIENTED_EDGE('',*,*,#2645,.T.);
#2683 = ORIENTED_EDGE('',*,*,#943,.T.);
#2684 = ORIENTED_EDGE('',*,*,#992,.F.);
#2685 = ORIENTED_EDGE('',*,*,#2686,.F.);
#2686 = EDGE_CURVE('',#2669,#986,#2687,.T.);
#2687 = LINE('',#2688,#2689);
#2688 = CARTESIAN_POINT('',(-17.56173761888,3.319951831711,
    147.2493900951));
#2689 = VECTOR('',#2690,1.);
#2690 = DIRECTION('',(0.607982649232,-0.229760884884,0.75997831154));
#2691 = B_SPLINE_SURFACE_WITH_KNOTS('',1,1,(
    (#2692,#2693)
    ,(#2694,#2695
    )),.UNSPECIFIED.,.F.,.F.,.F.,(2,2),(2,2),(0.,52.633080961176),(0.,1.
    ),.PIECEWISE_BEZIER_KNOTS.);
#2692 = CARTESIAN_POINT('',(-17.56173761888,-8.680048168289,
    147.2493900951));
#2693 = CARTESIAN_POINT('',(-17.56173761888,3.319951831711,
    147.2493900951));
#2694 = CARTESIAN_POINT('',(14.438262381114,-20.7730714241,
    187.2493900951));
#2695 = CARTESIAN_POINT('',(14.438262381114,-8.773071424103,
    187.2493900951));
#2696 = ADVANCED_FACE('',(#2697),#2746,.F.);
#2697 = FACE_BOUND('',#2698,.F.);
#2698 = EDGE_LOOP('',(#2699,#2707,#2715,#2723,#2731,#2739,#2745));
#2699 = ORIENTED_EDGE('',*,*,#2700,.F.);
#2700 = EDGE_CURVE('',#2701,#923,#2703,.T.);
#2701 = VERTEX_POINT('',#2702);
#2702 = CARTESIAN_POINT('',(19.,-8.,141.));
#2703 = LINE('',#2704,#2705);
#2704 = CARTESIAN_POINT('',(19.,-8.,8.));
#2705 = VECTOR('',#2706,1.);
#2706 = DIRECTION('',(0.,0.,1.));
#2707 = ORIENTED_EDGE('',*,*,#2708,.F.);
#2708 = EDGE_CURVE('',#2709,#2701,#2711,.T.);
#2709 = VERTEX_POINT('',#2710);
#2710 = CARTESIAN_POINT('',(16.,-8.,144.));
#2711 = LINE('',#2712,#2713);
#2712 = CARTESIAN_POINT('',(51.75,-8.,108.25));
#2713 = VECTOR('',#2714,1.);
#2714 = DIRECTION('',(0.707106781187,0.,-0.707106781187));
#2715 = ORIENTED_EDGE('',*,*,#2716,.F.);
#2716 = EDGE_CURVE('',#2717,#2709,#2719,.T.);
#2717 = VERTEX_POINT('',#2718);
#2718 = CARTESIAN_POINT('',(13.,-8.,144.));
#2719 = LINE('',#2720,#2721);
#2720 = CARTESIAN_POINT('',(14.5,-8.,144.));
#2721 = VECTOR('',#2722,1.);
#2722 = DIRECTION('',(1.,0.,0.));
#2723 = ORIENTED_EDGE('',*,*,#2724,.T.);
#2724 = EDGE_CURVE('',#2717,#2725,#2727,.T.);
#2725 = VERTEX_POINT('',#2726);
#2726 = CARTESIAN_POINT('',(13.,-8.,145.));
#2727 = LINE('',#2728,#2729);
#2728 = CARTESIAN_POINT('',(13.,-8.,8.));
#2729 = VECTOR('',#2730,1.);
#2730 = DIRECTION('',(0.,0.,1.));
#2731 = ORIENTED_EDGE('',*,*,#2732,.T.);
#2732 = EDGE_CURVE('',#2725,#2733,#2735,.T.);
#2733 = VERTEX_POINT('',#2734);
#2734 = CARTESIAN_POINT('',(14.238750305027,-8.,145.));
#2735 = LINE('',#2736,#2737);
#2736 = CARTESIAN_POINT('',(13.,-8.,145.));
#2737 = VECTOR('',#2738,1.);
#2738 = DIRECTION('',(1.,0.,0.));
#2739 = ORIENTED_EDGE('',*,*,#2740,.T.);
#2740 = EDGE_CURVE('',#2733,#916,#2741,.T.);
#2741 = LINE('',#2742,#2743);
#2742 = CARTESIAN_POINT('',(13.,-8.,145.));
#2743 = VECTOR('',#2744,1.);
#2744 = DIRECTION('',(1.,0.,0.));
#2745 = ORIENTED_EDGE('',*,*,#922,.T.);
#2746 = PLANE('',#2747);
#2747 = AXIS2_PLACEMENT_3D('',#2748,#2749,#2750);
#2748 = CARTESIAN_POINT('',(13.,-8.,8.));
#2749 = DIRECTION('',(0.,1.,0.));
#2750 = DIRECTION('',(0.,0.,1.));
#2751 = ADVANCED_FACE('',(#2752),#2768,.T.);
#2752 = FACE_BOUND('',#2753,.T.);
#2753 = EDGE_LOOP('',(#2754,#2761,#2767));
#2754 = ORIENTED_EDGE('',*,*,#2755,.F.);
#2755 = EDGE_CURVE('',#2756,#909,#2758,.T.);
#2756 = VERTEX_POINT('',#2757);
#2757 = CARTESIAN_POINT('',(17.561737618886,-8.680048168289,
    147.2493900951));
#2758 = B_SPLINE_CURVE_WITH_KNOTS('',1,(#2759,#2760),.UNSPECIFIED.,.F.,
  .F.,(2,2),(0.,1.),.PIECEWISE_BEZIER_KNOTS.);
#2759 = CARTESIAN_POINT('',(17.561737618886,-8.680048168289,
    147.2493900951));
#2760 = CARTESIAN_POINT('',(17.561737618886,3.319951831711,
    147.2493900951));
#2761 = ORIENTED_EDGE('',*,*,#2762,.T.);
#2762 = EDGE_CURVE('',#2756,#916,#2763,.T.);
#2763 = LINE('',#2764,#2765);
#2764 = CARTESIAN_POINT('',(17.561737618886,-8.680048168289,
    147.2493900951));
#2765 = VECTOR('',#2766,1.);
#2766 = DIRECTION('',(-0.76730437389,0.185580592755,-0.613843499112));
#2767 = ORIENTED_EDGE('',*,*,#915,.T.);
#2768 = B_SPLINE_SURFACE_WITH_KNOTS('',1,1,(
    (#2769,#2770)
    ,(#2771,#2772
    )),.UNSPECIFIED.,.F.,.F.,.F.,(2,2),(2,2),(0.,4.0707121503),(0.,1.),
  .PIECEWISE_BEZIER_KNOTS.);
#2769 = CARTESIAN_POINT('',(17.561737618886,-8.680048168289,
    147.2493900951));
#2770 = CARTESIAN_POINT('',(17.561737618886,3.319951831711,
    147.2493900951));
#2771 = CARTESIAN_POINT('',(14.438262381114,-7.924602994502,
    144.75060990489));
#2772 = CARTESIAN_POINT('',(14.438262381114,4.075397005498,
    144.75060990489));
#2773 = ADVANCED_FACE('',(#2774),#2792,.T.);
#2774 = FACE_BOUND('',#2775,.T.);
#2775 = EDGE_LOOP('',(#2776,#2777,#2783,#2784,#2785,#2786));
#2776 = ORIENTED_EDGE('',*,*,#2622,.F.);
#2777 = ORIENTED_EDGE('',*,*,#2778,.T.);
#2778 = EDGE_CURVE('',#2615,#2756,#2779,.T.);
#2779 = LINE('',#2780,#2781);
#2780 = CARTESIAN_POINT('',(-14.43826238111,-20.7730714241,
    187.2493900951));
#2781 = VECTOR('',#2782,1.);
#2782 = DIRECTION('',(0.607982649232,0.229760884884,-0.75997831154));
#2783 = ORIENTED_EDGE('',*,*,#2755,.T.);
#2784 = ORIENTED_EDGE('',*,*,#908,.T.);
#2785 = ORIENTED_EDGE('',*,*,#970,.F.);
#2786 = ORIENTED_EDGE('',*,*,#2787,.F.);
#2787 = EDGE_CURVE('',#2623,#971,#2788,.T.);
#2788 = LINE('',#2789,#2790);
#2789 = CARTESIAN_POINT('',(-14.43826238111,-8.773071424103,
    187.2493900951));
#2790 = VECTOR('',#2791,1.);
#2791 = DIRECTION('',(0.607982649232,0.229760884884,-0.75997831154));
#2792 = B_SPLINE_SURFACE_WITH_KNOTS('',1,1,(
    (#2793,#2794)
    ,(#2795,#2796
    )),.UNSPECIFIED.,.F.,.F.,.F.,(2,2),(2,2),(0.,52.633080961176),(0.,1.
    ),.PIECEWISE_BEZIER_KNOTS.);
#2793 = CARTESIAN_POINT('',(-14.43826238111,-20.7730714241,
    187.2493900951));
#2794 = CARTESIAN_POINT('',(-14.43826238111,-8.773071424103,
    187.2493900951));
#2795 = CARTESIAN_POINT('',(17.561737618886,-8.680048168289,
    147.2493900951));
#2796 = CARTESIAN_POINT('',(17.561737618886,3.319951831711,
    147.2493900951));
#2797 = ADVANCED_FACE('',(#2798),#2823,.T.);
#2798 = FACE_BOUND('',#2799,.T.);
#2799 = EDGE_LOOP('',(#2800,#2808,#2809,#2817));
#2800 = ORIENTED_EDGE('',*,*,#2801,.F.);
#2801 = EDGE_CURVE('',#1000,#2802,#2804,.T.);
#2802 = VERTEX_POINT('',#2803);
#2803 = CARTESIAN_POINT('',(13.,4.,147.));
#2804 = LINE('',#2805,#2806);
#2805 = CARTESIAN_POINT('',(13.,-8.,147.));
#2806 = VECTOR('',#2807,1.);
#2807 = DIRECTION('',(0.,1.,0.));
#2808 = ORIENTED_EDGE('',*,*,#1034,.F.);
#2809 = ORIENTED_EDGE('',*,*,#2810,.T.);
#2810 = EDGE_CURVE('',#1028,#2811,#2813,.T.);
#2811 = VERTEX_POINT('',#2812);
#2812 = CARTESIAN_POINT('',(19.,4.,147.));
#2813 = LINE('',#2814,#2815);
#2814 = CARTESIAN_POINT('',(19.,-8.,147.));
#2815 = VECTOR('',#2816,1.);
#2816 = DIRECTION('',(0.,1.,0.));
#2817 = ORIENTED_EDGE('',*,*,#2818,.F.);
#2818 = EDGE_CURVE('',#2802,#2811,#2819,.T.);
#2819 = LINE('',#2820,#2821);
#2820 = CARTESIAN_POINT('',(13.,4.,147.));
#2821 = VECTOR('',#2822,1.);
#2822 = DIRECTION('',(1.,0.,0.));
#2823 = PLANE('',#2824);
#2824 = AXIS2_PLACEMENT_3D('',#2825,#2826,#2827);
#2825 = CARTESIAN_POINT('',(13.,-8.,147.));
#2826 = DIRECTION('',(0.,0.,1.));
#2827 = DIRECTION('',(1.,0.,0.));
#2828 = ADVANCED_FACE('',(#2829),#2853,.T.);
#2829 = FACE_BOUND('',#2830,.T.);
#2830 = EDGE_LOOP('',(#2831,#2838,#2844,#2845,#2851,#2852));
#2831 = ORIENTED_EDGE('',*,*,#2832,.F.);
#2832 = EDGE_CURVE('',#2833,#1119,#2835,.T.);
#2833 = VERTEX_POINT('',#2834);
#2834 = CARTESIAN_POINT('',(-14.43826238111,-20.7730714241,
    187.2493900951));
#2835 = B_SPLINE_CURVE_WITH_KNOTS('',1,(#2836,#2837),.UNSPECIFIED.,.F.,
  .F.,(2,2),(0.,1.),.PIECEWISE_BEZIER_KNOTS.);
#2836 = CARTESIAN_POINT('',(-14.43826238111,-20.7730714241,
    187.2493900951));
#2837 = CARTESIAN_POINT('',(-14.43826238111,-8.773071424103,
    187.2493900951));
#2838 = ORIENTED_EDGE('',*,*,#2839,.T.);
#2839 = EDGE_CURVE('',#2833,#2671,#2840,.T.);
#2840 = LINE('',#2841,#2842);
#2841 = CARTESIAN_POINT('',(-14.43826238111,-20.7730714241,
    187.2493900951));
#2842 = VECTOR('',#2843,1.);
#2843 = DIRECTION('',(0.607982649232,0.229760884884,-0.75997831154));
#2844 = ORIENTED_EDGE('',*,*,#2668,.F.);
#2845 = ORIENTED_EDGE('',*,*,#2846,.F.);
#2846 = EDGE_CURVE('',#1177,#2669,#2847,.T.);
#2847 = LINE('',#2848,#2849);
#2848 = CARTESIAN_POINT('',(-14.43826238111,-8.773071424103,
    187.2493900951));
#2849 = VECTOR('',#2850,1.);
#2850 = DIRECTION('',(0.607982649232,0.229760884884,-0.75997831154));
#2851 = ORIENTED_EDGE('',*,*,#1176,.F.);
#2852 = ORIENTED_EDGE('',*,*,#1125,.T.);
#2853 = B_SPLINE_SURFACE_WITH_KNOTS('',1,1,(
    (#2854,#2855)
    ,(#2856,#2857
    )),.UNSPECIFIED.,.F.,.F.,.F.,(2,2),(2,2),(0.,52.633080961176),(0.,1.
    ),.PIECEWISE_BEZIER_KNOTS.);
#2854 = CARTESIAN_POINT('',(-14.43826238111,-20.7730714241,
    187.2493900951));
#2855 = CARTESIAN_POINT('',(-14.43826238111,-8.773071424103,
    187.2493900951));
#2856 = CARTESIAN_POINT('',(17.561737618886,-8.680048168289,
    147.2493900951));
#2857 = CARTESIAN_POINT('',(17.561737618886,3.319951831711,
    147.2493900951));
#2858 = ADVANCED_FACE('',(#2859),#2876,.T.);
#2859 = FACE_BOUND('',#2860,.T.);
#2860 = EDGE_LOOP('',(#2861,#2868,#2874,#2875));
#2861 = ORIENTED_EDGE('',*,*,#2862,.F.);
#2862 = EDGE_CURVE('',#2863,#1112,#2865,.T.);
#2863 = VERTEX_POINT('',#2864);
#2864 = CARTESIAN_POINT('',(-17.56173761888,-20.01762625031,
    184.75060990489));
#2865 = B_SPLINE_CURVE_WITH_KNOTS('',1,(#2866,#2867),.UNSPECIFIED.,.F.,
  .F.,(2,2),(0.,1.),.PIECEWISE_BEZIER_KNOTS.);
#2866 = CARTESIAN_POINT('',(-17.56173761888,-20.01762625031,
    184.75060990489));
#2867 = CARTESIAN_POINT('',(-17.56173761888,-8.017626250316,
    184.75060990489));
#2868 = ORIENTED_EDGE('',*,*,#2869,.T.);
#2869 = EDGE_CURVE('',#2863,#2833,#2870,.T.);
#2870 = LINE('',#2871,#2872);
#2871 = CARTESIAN_POINT('',(-17.56173761888,-20.01762625031,
    184.75060990489));
#2872 = VECTOR('',#2873,1.);
#2873 = DIRECTION('',(0.76730437389,-0.185580592755,0.613843499112));
#2874 = ORIENTED_EDGE('',*,*,#2832,.T.);
#2875 = ORIENTED_EDGE('',*,*,#1118,.T.);
#2876 = B_SPLINE_SURFACE_WITH_KNOTS('',1,1,(
    (#2877,#2878)
    ,(#2879,#2880
    )),.UNSPECIFIED.,.F.,.F.,.F.,(2,2),(2,2),(0.,4.0707121503),(0.,1.),
  .PIECEWISE_BEZIER_KNOTS.);
#2877 = CARTESIAN_POINT('',(-17.56173761888,-20.01762625031,
    184.75060990489));
#2878 = CARTESIAN_POINT('',(-17.56173761888,-8.017626250316,
    184.75060990489));
#2879 = CARTESIAN_POINT('',(-14.43826238111,-20.7730714241,
    187.2493900951));
#2880 = CARTESIAN_POINT('',(-14.43826238111,-8.773071424103,
    187.2493900951));
#2881 = ADVANCED_FACE('',(#2882),#2908,.T.);
#2882 = FACE_BOUND('',#2883,.T.);
#2883 = EDGE_LOOP('',(#2884,#2893,#2899,#2900,#2901,#2902));
#2884 = ORIENTED_EDGE('',*,*,#2885,.F.);
#2885 = EDGE_CURVE('',#2886,#2888,#2890,.T.);
#2886 = VERTEX_POINT('',#2887);
#2887 = CARTESIAN_POINT('',(-2.561249694973,-14.3488372093,166.));
#2888 = VERTEX_POINT('',#2889);
#2889 = CARTESIAN_POINT('',(-2.561249694973,-2.348837209302,166.));
#2890 = B_SPLINE_CURVE_WITH_KNOTS('',1,(#2891,#2892),.UNSPECIFIED.,.F.,
  .F.,(2,2),(0.,1.),.PIECEWISE_BEZIER_KNOTS.);
#2891 = CARTESIAN_POINT('',(-2.561249694973,-14.3488372093,166.));
#2892 = CARTESIAN_POINT('',(-2.561249694973,-2.348837209302,166.));
#2893 = ORIENTED_EDGE('',*,*,#2894,.T.);
#2894 = EDGE_CURVE('',#2886,#2863,#2895,.T.);
#2895 = LINE('',#2896,#2897);
#2896 = CARTESIAN_POINT('',(14.438262381114,-7.924602994502,
    144.75060990489));
#2897 = VECTOR('',#2898,1.);
#2898 = DIRECTION('',(-0.607982649232,-0.229760884884,0.75997831154));
#2899 = ORIENTED_EDGE('',*,*,#2862,.T.);
#2900 = ORIENTED_EDGE('',*,*,#1111,.F.);
#2901 = ORIENTED_EDGE('',*,*,#1190,.F.);
#2902 = ORIENTED_EDGE('',*,*,#2903,.F.);
#2903 = EDGE_CURVE('',#2888,#1184,#2904,.T.);
#2904 = LINE('',#2905,#2906);
#2905 = CARTESIAN_POINT('',(14.438262381114,4.075397005498,
    144.75060990489));
#2906 = VECTOR('',#2907,1.);
#2907 = DIRECTION('',(-0.607982649232,-0.229760884884,0.75997831154));
#2908 = B_SPLINE_SURFACE_WITH_KNOTS('',1,1,(
    (#2909,#2910)
    ,(#2911,#2912
    )),.UNSPECIFIED.,.F.,.F.,.F.,(2,2),(2,2),(0.,52.633080961176),(0.,1.
    ),.PIECEWISE_BEZIER_KNOTS.);
#2909 = CARTESIAN_POINT('',(14.438262381114,-7.924602994502,
    144.75060990489));
#2910 = CARTESIAN_POINT('',(14.438262381114,4.075397005498,
    144.75060990489));
#2911 = CARTESIAN_POINT('',(-17.56173761888,-20.01762625031,
    184.75060990489));
#2912 = CARTESIAN_POINT('',(-17.56173761888,-8.017626250316,
    184.75060990489));
#2913 = ADVANCED_FACE('',(#2914),#2938,.T.);
#2914 = FACE_BOUND('',#2915,.T.);
#2915 = EDGE_LOOP('',(#2916,#2923,#2929,#2930,#2936,#2937));
#2916 = ORIENTED_EDGE('',*,*,#2917,.F.);
#2917 = EDGE_CURVE('',#2918,#1091,#2920,.T.);
#2918 = VERTEX_POINT('',#2919);
#2919 = CARTESIAN_POINT('',(-17.56173761888,-8.680048168289,
    147.2493900951));
#2920 = B_SPLINE_CURVE_WITH_KNOTS('',1,(#2921,#2922),.UNSPECIFIED.,.F.,
  .F.,(2,2),(0.,1.),.PIECEWISE_BEZIER_KNOTS.);
#2921 = CARTESIAN_POINT('',(-17.56173761888,-8.680048168289,
    147.2493900951));
#2922 = CARTESIAN_POINT('',(-17.56173761888,3.319951831711,
    147.2493900951));
#2923 = ORIENTED_EDGE('',*,*,#2924,.T.);
#2924 = EDGE_CURVE('',#2918,#2886,#2925,.T.);
#2925 = LINE('',#2926,#2927);
#2926 = CARTESIAN_POINT('',(-17.56173761888,-8.680048168289,
    147.2493900951));
#2927 = VECTOR('',#2928,1.);
#2928 = DIRECTION('',(0.607982649232,-0.229760884884,0.75997831154));
#2929 = ORIENTED_EDGE('',*,*,#2885,.T.);
#2930 = ORIENTED_EDGE('',*,*,#2931,.F.);
#2931 = EDGE_CURVE('',#1148,#2888,#2932,.T.);
#2932 = LINE('',#2933,#2934);
#2933 = CARTESIAN_POINT('',(-17.56173761888,3.319951831711,
    147.2493900951));
#2934 = VECTOR('',#2935,1.);
#2935 = DIRECTION('',(0.607982649232,-0.229760884884,0.75997831154));
#2936 = ORIENTED_EDGE('',*,*,#1147,.F.);
#2937 = ORIENTED_EDGE('',*,*,#1097,.T.);
#2938 = B_SPLINE_SURFACE_WITH_KNOTS('',1,1,(
    (#2939,#2940)
    ,(#2941,#2942
    )),.UNSPECIFIED.,.F.,.F.,.F.,(2,2),(2,2),(0.,52.633080961176),(0.,1.
    ),.PIECEWISE_BEZIER_KNOTS.);
#2939 = CARTESIAN_POINT('',(-17.56173761888,-8.680048168289,
    147.2493900951));
#2940 = CARTESIAN_POINT('',(-17.56173761888,3.319951831711,
    147.2493900951));
#2941 = CARTESIAN_POINT('',(14.438262381114,-20.7730714241,
    187.2493900951));
#2942 = CARTESIAN_POINT('',(14.438262381114,-8.773071424103,
    187.2493900951));
#2943 = ADVANCED_FACE('',(#2944),#2954,.T.);
#2944 = FACE_BOUND('',#2945,.T.);
#2945 = EDGE_LOOP('',(#2946,#2947,#2953));
#2946 = ORIENTED_EDGE('',*,*,#1090,.F.);
#2947 = ORIENTED_EDGE('',*,*,#2948,.T.);
#2948 = EDGE_CURVE('',#1083,#2918,#2949,.T.);
#2949 = LINE('',#2950,#2951);
#2950 = CARTESIAN_POINT('',(-14.43826238111,-7.924602994502,
    144.75060990489));
#2951 = VECTOR('',#2952,1.);
#2952 = DIRECTION('',(-0.76730437389,-0.185580592755,0.613843499112));
#2953 = ORIENTED_EDGE('',*,*,#2917,.T.);
#2954 = B_SPLINE_SURFACE_WITH_KNOTS('',1,1,(
    (#2955,#2956)
    ,(#2957,#2958
    )),.UNSPECIFIED.,.F.,.F.,.F.,(2,2),(2,2),(0.,4.0707121503),(0.,1.),
  .PIECEWISE_BEZIER_KNOTS.);
#2955 = CARTESIAN_POINT('',(-14.43826238111,-7.924602994502,
    144.75060990489));
#2956 = CARTESIAN_POINT('',(-14.43826238111,4.075397005498,
    144.75060990489));
#2957 = CARTESIAN_POINT('',(-17.56173761888,-8.680048168289,
    147.2493900951));
#2958 = CARTESIAN_POINT('',(-17.56173761888,3.319951831711,
    147.2493900951));
#2959 = ADVANCED_FACE('',(#2960),#3009,.F.);
#2960 = FACE_BOUND('',#2961,.F.);
#2961 = EDGE_LOOP('',(#2962,#2972,#2978,#2979,#2987,#2995,#3003));
#2962 = ORIENTED_EDGE('',*,*,#2963,.F.);
#2963 = EDGE_CURVE('',#2964,#2966,#2968,.T.);
#2964 = VERTEX_POINT('',#2965);
#2965 = CARTESIAN_POINT('',(-19.,-8.,141.));
#2966 = VERTEX_POINT('',#2967);
#2967 = CARTESIAN_POINT('',(-16.,-8.,144.));
#2968 = LINE('',#2969,#2970);
#2969 = CARTESIAN_POINT('',(-50.75,-8.,109.25));
#2970 = VECTOR('',#2971,1.);
#2971 = DIRECTION('',(0.707106781187,0.,0.707106781187));
#2972 = ORIENTED_EDGE('',*,*,#2973,.T.);
#2973 = EDGE_CURVE('',#2964,#1076,#2974,.T.);
#2974 = LINE('',#2975,#2976);
#2975 = CARTESIAN_POINT('',(-19.,-8.,8.));
#2976 = VECTOR('',#2977,1.);
#2977 = DIRECTION('',(0.,0.,1.));
#2978 = ORIENTED_EDGE('',*,*,#1082,.T.);
#2979 = ORIENTED_EDGE('',*,*,#2980,.T.);
#2980 = EDGE_CURVE('',#1083,#2981,#2983,.T.);
#2981 = VERTEX_POINT('',#2982);
#2982 = CARTESIAN_POINT('',(-14.23875030502,-8.,145.));
#2983 = LINE('',#2984,#2985);
#2984 = CARTESIAN_POINT('',(-19.,-8.,145.));
#2985 = VECTOR('',#2986,1.);
#2986 = DIRECTION('',(1.,0.,0.));
#2987 = ORIENTED_EDGE('',*,*,#2988,.T.);
#2988 = EDGE_CURVE('',#2981,#2989,#2991,.T.);
#2989 = VERTEX_POINT('',#2990);
#2990 = CARTESIAN_POINT('',(-13.,-8.,145.));
#2991 = LINE('',#2992,#2993);
#2992 = CARTESIAN_POINT('',(-19.,-8.,145.));
#2993 = VECTOR('',#2994,1.);
#2994 = DIRECTION('',(1.,0.,0.));
#2995 = ORIENTED_EDGE('',*,*,#2996,.F.);
#2996 = EDGE_CURVE('',#2997,#2989,#2999,.T.);
#2997 = VERTEX_POINT('',#2998);
#2998 = CARTESIAN_POINT('',(-13.,-8.,144.));
#2999 = LINE('',#3000,#3001);
#3000 = CARTESIAN_POINT('',(-13.,-8.,8.));
#3001 = VECTOR('',#3002,1.);
#3002 = DIRECTION('',(0.,0.,1.));
#3003 = ORIENTED_EDGE('',*,*,#3004,.F.);
#3004 = EDGE_CURVE('',#2966,#2997,#3005,.T.);
#3005 = LINE('',#3006,#3007);
#3006 = CARTESIAN_POINT('',(-1.5,-8.,144.));
#3007 = VECTOR('',#3008,1.);
#3008 = DIRECTION('',(1.,0.,0.));
#3009 = PLANE('',#3010);
#3010 = AXIS2_PLACEMENT_3D('',#3011,#3012,#3013);
#3011 = CARTESIAN_POINT('',(-19.,-8.,8.));
#3012 = DIRECTION('',(0.,1.,0.));
#3013 = DIRECTION('',(0.,0.,1.));
#3014 = ADVANCED_FACE('',(#3015),#3040,.T.);
#3015 = FACE_BOUND('',#3016,.T.);
#3016 = EDGE_LOOP('',(#3017,#3025,#3026,#3034));
#3017 = ORIENTED_EDGE('',*,*,#3018,.F.);
#3018 = EDGE_CURVE('',#1214,#3019,#3021,.T.);
#3019 = VERTEX_POINT('',#3020);
#3020 = CARTESIAN_POINT('',(-19.,4.,147.));
#3021 = LINE('',#3022,#3023);
#3022 = CARTESIAN_POINT('',(-19.,-8.,147.));
#3023 = VECTOR('',#3024,1.);
#3024 = DIRECTION('',(0.,1.,0.));
#3025 = ORIENTED_EDGE('',*,*,#1235,.F.);
#3026 = ORIENTED_EDGE('',*,*,#3027,.T.);
#3027 = EDGE_CURVE('',#1162,#3028,#3030,.T.);
#3028 = VERTEX_POINT('',#3029);
#3029 = CARTESIAN_POINT('',(-13.,4.,147.));
#3030 = LINE('',#3031,#3032);
#3031 = CARTESIAN_POINT('',(-13.,-8.,147.));
#3032 = VECTOR('',#3033,1.);
#3033 = DIRECTION('',(0.,1.,0.));
#3034 = ORIENTED_EDGE('',*,*,#3035,.F.);
#3035 = EDGE_CURVE('',#3019,#3028,#3036,.T.);
#3036 = LINE('',#3037,#3038);
#3037 = CARTESIAN_POINT('',(-19.,4.,147.));
#3038 = VECTOR('',#3039,1.);
#3039 = DIRECTION('',(1.,0.,0.));
#3040 = PLANE('',#3041);
#3041 = AXIS2_PLACEMENT_3D('',#3042,#3043,#3044);
#3042 = CARTESIAN_POINT('',(-19.,-8.,147.));
#3043 = DIRECTION('',(0.,0.,1.));
#3044 = DIRECTION('',(1.,0.,0.));
#3045 = ADVANCED_FACE('',(#3046),#3063,.T.);
#3046 = FACE_BOUND('',#3047,.T.);
#3047 = EDGE_LOOP('',(#3048,#3049,#3050,#3058));
#3048 = ORIENTED_EDGE('',*,*,#1253,.T.);
#3049 = ORIENTED_EDGE('',*,*,#1313,.T.);
#3050 = ORIENTED_EDGE('',*,*,#3051,.F.);
#3051 = EDGE_CURVE('',#3052,#1306,#3054,.T.);
#3052 = VERTEX_POINT('',#3053);
#3053 = CARTESIAN_POINT('',(-58.5,-8.,240.));
#3054 = LINE('',#3055,#3056);
#3055 = CARTESIAN_POINT('',(-58.5,-8.,240.));
#3056 = VECTOR('',#3057,1.);
#3057 = DIRECTION('',(0.707106781187,-0.707106781187,0.));
#3058 = ORIENTED_EDGE('',*,*,#3059,.F.);
#3059 = EDGE_CURVE('',#1254,#3052,#3060,.T.);
#3060 = B_SPLINE_CURVE_WITH_KNOTS('',1,(#3061,#3062),.UNSPECIFIED.,.F.,
  .F.,(2,2),(0.,1.),.PIECEWISE_BEZIER_KNOTS.);
#3061 = CARTESIAN_POINT('',(-63.,-12.,212.));
#3062 = CARTESIAN_POINT('',(-58.5,-8.,240.));
#3063 = B_SPLINE_SURFACE_WITH_KNOTS('',1,1,(
    (#3064,#3065)
    ,(#3066,#3067
    )),.UNSPECIFIED.,.F.,.F.,.F.,(2,2),(2,2),(0.,9.899494936612),(0.,1.)
  ,.PIECEWISE_BEZIER_KNOTS.);
#3064 = CARTESIAN_POINT('',(-63.,-12.,212.));
#3065 = CARTESIAN_POINT('',(-58.5,-8.,240.));
#3066 = CARTESIAN_POINT('',(-56.,-19.,212.));
#3067 = CARTESIAN_POINT('',(-52.,-14.5,240.));
#3068 = ADVANCED_FACE('',(#3069),#3086,.T.);
#3069 = FACE_BOUND('',#3070,.T.);
#3070 = EDGE_LOOP('',(#3071,#3072,#3079,#3085));
#3071 = ORIENTED_EDGE('',*,*,#1282,.T.);
#3072 = ORIENTED_EDGE('',*,*,#3073,.T.);
#3073 = EDGE_CURVE('',#1276,#3074,#3076,.T.);
#3074 = VERTEX_POINT('',#3075);
#3075 = CARTESIAN_POINT('',(58.5,-8.,240.));
#3076 = B_SPLINE_CURVE_WITH_KNOTS('',1,(#3077,#3078),.UNSPECIFIED.,.F.,
  .F.,(2,2),(0.,1.),.PIECEWISE_BEZIER_KNOTS.);
#3077 = CARTESIAN_POINT('',(63.,-12.,212.));
#3078 = CARTESIAN_POINT('',(58.5,-8.,240.));
#3079 = ORIENTED_EDGE('',*,*,#3080,.F.);
#3080 = EDGE_CURVE('',#1299,#3074,#3081,.T.);
#3081 = LINE('',#3082,#3083);
#3082 = CARTESIAN_POINT('',(52.,-14.5,240.));
#3083 = VECTOR('',#3084,1.);
#3084 = DIRECTION('',(0.707106781187,0.707106781187,0.));
#3085 = ORIENTED_EDGE('',*,*,#1298,.F.);
#3086 = B_SPLINE_SURFACE_WITH_KNOTS('',1,1,(
    (#3087,#3088)
    ,(#3089,#3090
    )),.UNSPECIFIED.,.F.,.F.,.F.,(2,2),(2,2),(0.,9.899494936612),(0.,1.)
  ,.PIECEWISE_BEZIER_KNOTS.);
#3087 = CARTESIAN_POINT('',(56.,-19.,212.));
#3088 = CARTESIAN_POINT('',(52.,-14.5,240.));
#3089 = CARTESIAN_POINT('',(63.,-12.,212.));
#3090 = CARTESIAN_POINT('',(58.5,-8.,240.));
#3091 = ADVANCED_FACE('',(#3092),#3115,.T.);
#3092 = FACE_BOUND('',#3093,.T.);
#3093 = EDGE_LOOP('',(#3094,#3095,#3102,#3110));
#3094 = ORIENTED_EDGE('',*,*,#1305,.T.);
#3095 = ORIENTED_EDGE('',*,*,#3096,.T.);
#3096 = EDGE_CURVE('',#1299,#3097,#3099,.T.);
#3097 = VERTEX_POINT('',#3098);
#3098 = CARTESIAN_POINT('',(51.,-13.,248.));
#3099 = B_SPLINE_CURVE_WITH_KNOTS('',1,(#3100,#3101),.UNSPECIFIED.,.F.,
  .F.,(2,2),(0.,1.),.PIECEWISE_BEZIER_KNOTS.);
#3100 = CARTESIAN_POINT('',(52.,-14.5,240.));
#3101 = CARTESIAN_POINT('',(51.,-13.,248.));
#3102 = ORIENTED_EDGE('',*,*,#3103,.F.);
#3103 = EDGE_CURVE('',#3104,#3097,#3106,.T.);
#3104 = VERTEX_POINT('',#3105);
#3105 = CARTESIAN_POINT('',(-51.,-13.,248.));
#3106 = LINE('',#3107,#3108);
#3107 = CARTESIAN_POINT('',(-51.,-13.,248.));
#3108 = VECTOR('',#3109,1.);
#3109 = DIRECTION('',(1.,0.,0.));
#3110 = ORIENTED_EDGE('',*,*,#3111,.F.);
#3111 = EDGE_CURVE('',#1306,#3104,#3112,.T.);
#3112 = B_SPLINE_CURVE_WITH_KNOTS('',1,(#3113,#3114),.UNSPECIFIED.,.F.,
  .F.,(2,2),(0.,1.),.PIECEWISE_BEZIER_KNOTS.);
#3113 = CARTESIAN_POINT('',(-52.,-14.5,240.));
#3114 = CARTESIAN_POINT('',(-51.,-13.,248.));
#3115 = B_SPLINE_SURFACE_WITH_KNOTS('',1,1,(
    (#3116,#3117)
    ,(#3118,#3119
    )),.UNSPECIFIED.,.F.,.F.,.F.,(2,2),(2,2),(0.,104.),(0.,1.),
  .PIECEWISE_BEZIER_KNOTS.);
#3116 = CARTESIAN_POINT('',(-52.,-14.5,240.));
#3117 = CARTESIAN_POINT('',(-51.,-13.,248.));
#3118 = CARTESIAN_POINT('',(52.,-14.5,240.));
#3119 = CARTESIAN_POINT('',(51.,-13.,248.));
#3120 = ADVANCED_FACE('',(#3121),#3138,.T.);
#3121 = FACE_BOUND('',#3122,.T.);
#3122 = EDGE_LOOP('',(#3123,#3124,#3125,#3133));
#3123 = ORIENTED_EDGE('',*,*,#1328,.T.);
#3124 = ORIENTED_EDGE('',*,*,#3059,.T.);
#3125 = ORIENTED_EDGE('',*,*,#3126,.F.);
#3126 = EDGE_CURVE('',#3127,#3052,#3129,.T.);
#3127 = VERTEX_POINT('',#3128);
#3128 = CARTESIAN_POINT('',(-58.5,32.,240.));
#3129 = LINE('',#3130,#3131);
#3130 = CARTESIAN_POINT('',(-58.5,32.,240.));
#3131 = VECTOR('',#3132,1.);
#3132 = DIRECTION('',(0.,-1.,0.));
#3133 = ORIENTED_EDGE('',*,*,#3134,.F.);
#3134 = EDGE_CURVE('',#1329,#3127,#3135,.T.);
#3135 = B_SPLINE_CURVE_WITH_KNOTS('',1,(#3136,#3137),.UNSPECIFIED.,.F.,
  .F.,(2,2),(0.,1.),.PIECEWISE_BEZIER_KNOTS.);
#3136 = CARTESIAN_POINT('',(-63.,36.,212.));
#3137 = CARTESIAN_POINT('',(-58.5,32.,240.));
#3138 = B_SPLINE_SURFACE_WITH_KNOTS('',1,1,(
    (#3139,#3140)
    ,(#3141,#3142
    )),.UNSPECIFIED.,.F.,.F.,.F.,(2,2),(2,2),(0.,48.),(0.,1.),
  .PIECEWISE_BEZIER_KNOTS.);
#3139 = CARTESIAN_POINT('',(-63.,36.,212.));
#3140 = CARTESIAN_POINT('',(-58.5,32.,240.));
#3141 = CARTESIAN_POINT('',(-63.,-12.,212.));
#3142 = CARTESIAN_POINT('',(-58.5,-8.,240.));
#3143 = ADVANCED_FACE('',(#3144),#3161,.T.);
#3144 = FACE_BOUND('',#3145,.T.);
#3145 = EDGE_LOOP('',(#3146,#3147,#3148,#3156));
#3146 = ORIENTED_EDGE('',*,*,#1351,.T.);
#3147 = ORIENTED_EDGE('',*,*,#3134,.T.);
#3148 = ORIENTED_EDGE('',*,*,#3149,.F.);
#3149 = EDGE_CURVE('',#3150,#3127,#3152,.T.);
#3150 = VERTEX_POINT('',#3151);
#3151 = CARTESIAN_POINT('',(-52.,38.5,240.));
#3152 = LINE('',#3153,#3154);
#3153 = CARTESIAN_POINT('',(-52.,38.5,240.));
#3154 = VECTOR('',#3155,1.);
#3155 = DIRECTION('',(-0.707106781187,-0.707106781187,0.));
#3156 = ORIENTED_EDGE('',*,*,#3157,.F.);
#3157 = EDGE_CURVE('',#1352,#3150,#3158,.T.);
#3158 = B_SPLINE_CURVE_WITH_KNOTS('',1,(#3159,#3160),.UNSPECIFIED.,.F.,
  .F.,(2,2),(0.,1.),.PIECEWISE_BEZIER_KNOTS.);
#3159 = CARTESIAN_POINT('',(-56.,43.,212.));
#3160 = CARTESIAN_POINT('',(-52.,38.5,240.));
#3161 = B_SPLINE_SURFACE_WITH_KNOTS('',1,1,(
    (#3162,#3163)
    ,(#3164,#3165
    )),.UNSPECIFIED.,.F.,.F.,.F.,(2,2),(2,2),(0.,9.899494936612),(0.,1.)
  ,.PIECEWISE_BEZIER_KNOTS.);
#3162 = CARTESIAN_POINT('',(-56.,43.,212.));
#3163 = CARTESIAN_POINT('',(-52.,38.5,240.));
#3164 = CARTESIAN_POINT('',(-63.,36.,212.));
#3165 = CARTESIAN_POINT('',(-58.5,32.,240.));
#3166 = ADVANCED_FACE('',(#3167),#3184,.T.);
#3167 = FACE_BOUND('',#3168,.T.);
#3168 = EDGE_LOOP('',(#3169,#3170,#3171,#3179));
#3169 = ORIENTED_EDGE('',*,*,#1701,.T.);
#3170 = ORIENTED_EDGE('',*,*,#3157,.T.);
#3171 = ORIENTED_EDGE('',*,*,#3172,.F.);
#3172 = EDGE_CURVE('',#3173,#3150,#3175,.T.);
#3173 = VERTEX_POINT('',#3174);
#3174 = CARTESIAN_POINT('',(52.,38.5,240.));
#3175 = LINE('',#3176,#3177);
#3176 = CARTESIAN_POINT('',(52.,38.5,240.));
#3177 = VECTOR('',#3178,1.);
#3178 = DIRECTION('',(-1.,0.,0.));
#3179 = ORIENTED_EDGE('',*,*,#3180,.F.);
#3180 = EDGE_CURVE('',#1373,#3173,#3181,.T.);
#3181 = B_SPLINE_CURVE_WITH_KNOTS('',1,(#3182,#3183),.UNSPECIFIED.,.F.,
  .F.,(2,2),(0.,1.),.PIECEWISE_BEZIER_KNOTS.);
#3182 = CARTESIAN_POINT('',(56.,43.,212.));
#3183 = CARTESIAN_POINT('',(52.,38.5,240.));
#3184 = B_SPLINE_SURFACE_WITH_KNOTS('',1,1,(
    (#3185,#3186)
    ,(#3187,#3188
    )),.UNSPECIFIED.,.F.,.F.,.F.,(2,2),(2,2),(0.,112.),(0.,1.),
  .PIECEWISE_BEZIER_KNOTS.);
#3185 = CARTESIAN_POINT('',(56.,43.,212.));
#3186 = CARTESIAN_POINT('',(52.,38.5,240.));
#3187 = CARTESIAN_POINT('',(-56.,43.,212.));
#3188 = CARTESIAN_POINT('',(-52.,38.5,240.));
#3189 = ADVANCED_FACE('',(#3190),#3259,.F.);
#3190 = FACE_BOUND('',#3191,.F.);
#3191 = EDGE_LOOP('',(#3192,#3201,#3207,#3208,#3214,#3215,#3216,#3222,
    #3223,#3229,#3230,#3231,#3237,#3238,#3246,#3253));
#3192 = ORIENTED_EDGE('',*,*,#3193,.F.);
#3193 = EDGE_CURVE('',#3194,#3196,#3198,.T.);
#3194 = VERTEX_POINT('',#3195);
#3195 = CARTESIAN_POINT('',(47.,16.,205.));
#3196 = VERTEX_POINT('',#3197);
#3197 = CARTESIAN_POINT('',(55.,40.,215.));
#3198 = B_SPLINE_CURVE_WITH_KNOTS('',1,(#3199,#3200),.UNSPECIFIED.,.F.,
  .F.,(2,2),(0.,1.),.PIECEWISE_BEZIER_KNOTS.);
#3199 = CARTESIAN_POINT('',(47.,16.,205.));
#3200 = CARTESIAN_POINT('',(55.,40.,215.));
#3201 = ORIENTED_EDGE('',*,*,#3202,.T.);
#3202 = EDGE_CURVE('',#3194,#1716,#3203,.T.);
#3203 = LINE('',#3204,#3205);
#3204 = CARTESIAN_POINT('',(47.,16.,205.));
#3205 = VECTOR('',#3206,1.);
#3206 = DIRECTION('',(-1.,0.,0.));
#3207 = ORIENTED_EDGE('',*,*,#1715,.T.);
#3208 = ORIENTED_EDGE('',*,*,#3209,.T.);
#3209 = EDGE_CURVE('',#1718,#2021,#3210,.T.);
#3210 = LINE('',#3211,#3212);
#3211 = CARTESIAN_POINT('',(47.,16.,205.));
#3212 = VECTOR('',#3213,1.);
#3213 = DIRECTION('',(-1.,0.,0.));
#3214 = ORIENTED_EDGE('',*,*,#2020,.T.);
#3215 = ORIENTED_EDGE('',*,*,#1882,.T.);
#3216 = ORIENTED_EDGE('',*,*,#3217,.T.);
#3217 = EDGE_CURVE('',#1885,#2076,#3218,.T.);
#3218 = LINE('',#3219,#3220);
#3219 = CARTESIAN_POINT('',(47.,16.,205.));
#3220 = VECTOR('',#3221,1.);
#3221 = DIRECTION('',(-1.,0.,0.));
#3222 = ORIENTED_EDGE('',*,*,#2075,.T.);
#3223 = ORIENTED_EDGE('',*,*,#3224,.T.);
#3224 = EDGE_CURVE('',#2078,#2357,#3225,.T.);
#3225 = LINE('',#3226,#3227);
#3226 = CARTESIAN_POINT('',(47.,16.,205.));
#3227 = VECTOR('',#3228,1.);
#3228 = DIRECTION('',(-1.,0.,0.));
#3229 = ORIENTED_EDGE('',*,*,#2356,.T.);
#3230 = ORIENTED_EDGE('',*,*,#2237,.T.);
#3231 = ORIENTED_EDGE('',*,*,#3232,.T.);
#3232 = EDGE_CURVE('',#2240,#2401,#3233,.T.);
#3233 = LINE('',#3234,#3235);
#3234 = CARTESIAN_POINT('',(47.,16.,205.));
#3235 = VECTOR('',#3236,1.);
#3236 = DIRECTION('',(-1.,0.,0.));
#3237 = ORIENTED_EDGE('',*,*,#2400,.T.);
#3238 = ORIENTED_EDGE('',*,*,#3239,.T.);
#3239 = EDGE_CURVE('',#2403,#3240,#3242,.T.);
#3240 = VERTEX_POINT('',#3241);
#3241 = CARTESIAN_POINT('',(-47.,16.,205.));
#3242 = LINE('',#3243,#3244);
#3243 = CARTESIAN_POINT('',(47.,16.,205.));
#3244 = VECTOR('',#3245,1.);
#3245 = DIRECTION('',(-1.,0.,0.));
#3246 = ORIENTED_EDGE('',*,*,#3247,.T.);
#3247 = EDGE_CURVE('',#3240,#3248,#3250,.T.);
#3248 = VERTEX_POINT('',#3249);
#3249 = CARTESIAN_POINT('',(-55.,40.,215.));
#3250 = B_SPLINE_CURVE_WITH_KNOTS('',1,(#3251,#3252),.UNSPECIFIED.,.F.,
  .F.,(2,2),(0.,1.),.PIECEWISE_BEZIER_KNOTS.);
#3251 = CARTESIAN_POINT('',(-47.,16.,205.));
#3252 = CARTESIAN_POINT('',(-55.,40.,215.));
#3253 = ORIENTED_EDGE('',*,*,#3254,.F.);
#3254 = EDGE_CURVE('',#3196,#3248,#3255,.T.);
#3255 = LINE('',#3256,#3257);
#3256 = CARTESIAN_POINT('',(55.,40.,215.));
#3257 = VECTOR('',#3258,1.);
#3258 = DIRECTION('',(-1.,0.,0.));
#3259 = B_SPLINE_SURFACE_WITH_KNOTS('',1,1,(
    (#3260,#3261)
    ,(#3262,#3263
    )),.UNSPECIFIED.,.F.,.F.,.F.,(2,2),(2,2),(0.,110.),(0.,1.),
  .PIECEWISE_BEZIER_KNOTS.);
#3260 = CARTESIAN_POINT('',(47.,16.,205.));
#3261 = CARTESIAN_POINT('',(55.,40.,215.));
#3262 = CARTESIAN_POINT('',(-47.,16.,205.));
#3263 = CARTESIAN_POINT('',(-55.,40.,215.));
#3264 = ADVANCED_FACE('',(#3265),#3298,.F.);
#3265 = FACE_BOUND('',#3266,.F.);
#3266 = EDGE_LOOP('',(#3267,#3274,#3282,#3287,#3288,#3289,#3290,#3291,
    #3292,#3293,#3294,#3295,#3296,#3297));
#3267 = ORIENTED_EDGE('',*,*,#3268,.F.);
#3268 = EDGE_CURVE('',#3269,#3194,#3271,.T.);
#3269 = VERTEX_POINT('',#3270);
#3270 = CARTESIAN_POINT('',(35.,-8.,191.));
#3271 = B_SPLINE_CURVE_WITH_KNOTS('',1,(#3272,#3273),.UNSPECIFIED.,.F.,
  .F.,(2,2),(0.,1.),.PIECEWISE_BEZIER_KNOTS.);
#3272 = CARTESIAN_POINT('',(35.,-8.,191.));
#3273 = CARTESIAN_POINT('',(47.,16.,205.));
#3274 = ORIENTED_EDGE('',*,*,#3275,.T.);
#3275 = EDGE_CURVE('',#3269,#3276,#3278,.T.);
#3276 = VERTEX_POINT('',#3277);
#3277 = CARTESIAN_POINT('',(-35.,-8.,191.));
#3278 = LINE('',#3279,#3280);
#3279 = CARTESIAN_POINT('',(35.,-8.,191.));
#3280 = VECTOR('',#3281,1.);
#3281 = DIRECTION('',(-1.,0.,0.));
#3282 = ORIENTED_EDGE('',*,*,#3283,.T.);
#3283 = EDGE_CURVE('',#3276,#3240,#3284,.T.);
#3284 = B_SPLINE_CURVE_WITH_KNOTS('',1,(#3285,#3286),.UNSPECIFIED.,.F.,
  .F.,(2,2),(0.,1.),.PIECEWISE_BEZIER_KNOTS.);
#3285 = CARTESIAN_POINT('',(-35.,-8.,191.));
#3286 = CARTESIAN_POINT('',(-47.,16.,205.));
#3287 = ORIENTED_EDGE('',*,*,#3239,.F.);
#3288 = ORIENTED_EDGE('',*,*,#2484,.T.);
#3289 = ORIENTED_EDGE('',*,*,#3232,.F.);
#3290 = ORIENTED_EDGE('',*,*,#2377,.T.);
#3291 = ORIENTED_EDGE('',*,*,#3224,.F.);
#3292 = ORIENTED_EDGE('',*,*,#2154,.T.);
#3293 = ORIENTED_EDGE('',*,*,#3217,.F.);
#3294 = ORIENTED_EDGE('',*,*,#2052,.T.);
#3295 = ORIENTED_EDGE('',*,*,#3209,.F.);
#3296 = ORIENTED_EDGE('',*,*,#1799,.T.);
#3297 = ORIENTED_EDGE('',*,*,#3202,.F.);
#3298 = B_SPLINE_SURFACE_WITH_KNOTS('',1,1,(
    (#3299,#3300)
    ,(#3301,#3302
    )),.UNSPECIFIED.,.F.,.F.,.F.,(2,2),(2,2),(0.,94.),(0.,1.),
  .PIECEWISE_BEZIER_KNOTS.);
#3299 = CARTESIAN_POINT('',(35.,-8.,191.));
#3300 = CARTESIAN_POINT('',(47.,16.,205.));
#3301 = CARTESIAN_POINT('',(-35.,-8.,191.));
#3302 = CARTESIAN_POINT('',(-47.,16.,205.));
#3303 = ADVANCED_FACE('',(#3304),#3321,.T.);
#3304 = FACE_BOUND('',#3305,.T.);
#3305 = EDGE_LOOP('',(#3306,#3307,#3308,#3316));
#3306 = ORIENTED_EDGE('',*,*,#2569,.T.);
#3307 = ORIENTED_EDGE('',*,*,#3180,.T.);
#3308 = ORIENTED_EDGE('',*,*,#3309,.F.);
#3309 = EDGE_CURVE('',#3310,#3173,#3312,.T.);
#3310 = VERTEX_POINT('',#3311);
#3311 = CARTESIAN_POINT('',(58.5,32.,240.));
#3312 = LINE('',#3313,#3314);
#3313 = CARTESIAN_POINT('',(58.5,32.,240.));
#3314 = VECTOR('',#3315,1.);
#3315 = DIRECTION('',(-0.707106781187,0.707106781187,0.));
#3316 = ORIENTED_EDGE('',*,*,#3317,.F.);
#3317 = EDGE_CURVE('',#2570,#3310,#3318,.T.);
#3318 = B_SPLINE_CURVE_WITH_KNOTS('',1,(#3319,#3320),.UNSPECIFIED.,.F.,
  .F.,(2,2),(0.,1.),.PIECEWISE_BEZIER_KNOTS.);
#3319 = CARTESIAN_POINT('',(63.,36.,212.));
#3320 = CARTESIAN_POINT('',(58.5,32.,240.));
#3321 = B_SPLINE_SURFACE_WITH_KNOTS('',1,1,(
    (#3322,#3323)
    ,(#3324,#3325
    )),.UNSPECIFIED.,.F.,.F.,.F.,(2,2),(2,2),(0.,9.899494936612),(0.,1.)
  ,.PIECEWISE_BEZIER_KNOTS.);
#3322 = CARTESIAN_POINT('',(63.,36.,212.));
#3323 = CARTESIAN_POINT('',(58.5,32.,240.));
#3324 = CARTESIAN_POINT('',(56.,43.,212.));
#3325 = CARTESIAN_POINT('',(52.,38.5,240.));
#3326 = ADVANCED_FACE('',(#3327),#3338,.T.);
#3327 = FACE_BOUND('',#3328,.T.);
#3328 = EDGE_LOOP('',(#3329,#3330,#3331,#3337));
#3329 = ORIENTED_EDGE('',*,*,#2592,.T.);
#3330 = ORIENTED_EDGE('',*,*,#3317,.T.);
#3331 = ORIENTED_EDGE('',*,*,#3332,.F.);
#3332 = EDGE_CURVE('',#3074,#3310,#3333,.T.);
#3333 = LINE('',#3334,#3335);
#3334 = CARTESIAN_POINT('',(58.5,-8.,240.));
#3335 = VECTOR('',#3336,1.);
#3336 = DIRECTION('',(0.,1.,0.));
#3337 = ORIENTED_EDGE('',*,*,#3073,.F.);
#3338 = B_SPLINE_SURFACE_WITH_KNOTS('',1,1,(
    (#3339,#3340)
    ,(#3341,#3342
    )),.UNSPECIFIED.,.F.,.F.,.F.,(2,2),(2,2),(0.,48.),(0.,1.),
  .PIECEWISE_BEZIER_KNOTS.);
#3339 = CARTESIAN_POINT('',(63.,-12.,212.));
#3340 = CARTESIAN_POINT('',(58.5,-8.,240.));
#3341 = CARTESIAN_POINT('',(63.,36.,212.));
#3342 = CARTESIAN_POINT('',(58.5,32.,240.));
#3343 = ADVANCED_FACE('',(#3344),#3359,.T.);
#3344 = FACE_BOUND('',#3345,.T.);
#3345 = EDGE_LOOP('',(#3346,#3353,#3354));
#3346 = ORIENTED_EDGE('',*,*,#3347,.F.);
#3347 = EDGE_CURVE('',#2725,#3348,#3350,.T.);
#3348 = VERTEX_POINT('',#3349);
#3349 = CARTESIAN_POINT('',(13.,-8.457493010379,146.54843788128));
#3350 = B_SPLINE_CURVE_WITH_KNOTS('',1,(#3351,#3352),.UNSPECIFIED.,.F.,
  .F.,(2,2),(0.,1.),.PIECEWISE_BEZIER_KNOTS.);
#3351 = CARTESIAN_POINT('',(13.,-8.,145.));
#3352 = CARTESIAN_POINT('',(13.,-21.,189.));
#3353 = ORIENTED_EDGE('',*,*,#2732,.T.);
#3354 = ORIENTED_EDGE('',*,*,#3355,.T.);
#3355 = EDGE_CURVE('',#2733,#3348,#3356,.T.);
#3356 = B_SPLINE_CURVE_WITH_KNOTS('',1,(#3357,#3358),.UNSPECIFIED.,.F.,
  .F.,(2,2),(0.,1.),.PIECEWISE_BEZIER_KNOTS.);
#3357 = CARTESIAN_POINT('',(14.238750305027,-8.,144.99999999999));
#3358 = CARTESIAN_POINT('',(13.,-8.457493010379,146.54843788128));
#3359 = PLANE('',#3360);
#3360 = AXIS2_PLACEMENT_3D('',#3361,#3362,#3363);
#3361 = CARTESIAN_POINT('',(13.,-21.,189.));
#3362 = DIRECTION('',(0.,-0.959017708059,-0.283346141017));
#3363 = DIRECTION('',(1.,0.,0.));
#3364 = ADVANCED_FACE('',(#3365),#3406,.T.);
#3365 = FACE_BOUND('',#3366,.T.);
#3366 = EDGE_LOOP('',(#3367,#3377,#3383,#3384,#3392,#3400));
#3367 = ORIENTED_EDGE('',*,*,#3368,.F.);
#3368 = EDGE_CURVE('',#3369,#3371,#3373,.T.);
#3369 = VERTEX_POINT('',#3370);
#3370 = CARTESIAN_POINT('',(16.,-13.2,144.));
#3371 = VERTEX_POINT('',#3372);
#3372 = CARTESIAN_POINT('',(8.2,-13.2,144.));
#3373 = LINE('',#3374,#3375);
#3374 = CARTESIAN_POINT('',(16.,-13.2,144.));
#3375 = VECTOR('',#3376,1.);
#3376 = DIRECTION('',(-1.,0.,0.));
#3377 = ORIENTED_EDGE('',*,*,#3378,.T.);
#3378 = EDGE_CURVE('',#3369,#2709,#3379,.T.);
#3379 = LINE('',#3380,#3381);
#3380 = CARTESIAN_POINT('',(16.,-13.2,144.));
#3381 = VECTOR('',#3382,1.);
#3382 = DIRECTION('',(0.,1.,0.));
#3383 = ORIENTED_EDGE('',*,*,#2716,.F.);
#3384 = ORIENTED_EDGE('',*,*,#3385,.F.);
#3385 = EDGE_CURVE('',#3386,#2717,#3388,.T.);
#3386 = VERTEX_POINT('',#3387);
#3387 = CARTESIAN_POINT('',(13.,-6.7,144.));
#3388 = LINE('',#3389,#3390);
#3389 = CARTESIAN_POINT('',(13.,-10.6,144.));
#3390 = VECTOR('',#3391,1.);
#3391 = DIRECTION('',(0.,-1.,0.));
#3392 = ORIENTED_EDGE('',*,*,#3393,.T.);
#3393 = EDGE_CURVE('',#3386,#3394,#3396,.T.);
#3394 = VERTEX_POINT('',#3395);
#3395 = CARTESIAN_POINT('',(8.2,-6.7,144.));
#3396 = LINE('',#3397,#3398);
#3397 = CARTESIAN_POINT('',(16.,-6.7,144.));
#3398 = VECTOR('',#3399,1.);
#3399 = DIRECTION('',(-1.,0.,0.));
#3400 = ORIENTED_EDGE('',*,*,#3401,.F.);
#3401 = EDGE_CURVE('',#3371,#3394,#3402,.T.);
#3402 = LINE('',#3403,#3404);
#3403 = CARTESIAN_POINT('',(8.2,-13.4,144.));
#3404 = VECTOR('',#3405,1.);
#3405 = DIRECTION('',(0.,1.,0.));
#3406 = PLANE('',#3407);
#3407 = AXIS2_PLACEMENT_3D('',#3408,#3409,#3410);
#3408 = CARTESIAN_POINT('',(16.,-13.2,144.));
#3409 = DIRECTION('',(0.,0.,1.));
#3410 = DIRECTION('',(-1.,0.,0.));
#3411 = ADVANCED_FACE('',(#3412),#3446,.T.);
#3412 = FACE_BOUND('',#3413,.T.);
#3413 = EDGE_LOOP('',(#3414,#3422,#3430,#3438,#3444,#3445));
#3414 = ORIENTED_EDGE('',*,*,#3415,.F.);
#3415 = EDGE_CURVE('',#3416,#3369,#3418,.T.);
#3416 = VERTEX_POINT('',#3417);
#3417 = CARTESIAN_POINT('',(21.,-13.2,139.));
#3418 = LINE('',#3419,#3420);
#3419 = CARTESIAN_POINT('',(21.,-13.2,139.));
#3420 = VECTOR('',#3421,1.);
#3421 = DIRECTION('',(-0.707106781187,0.,0.707106781187));
#3422 = ORIENTED_EDGE('',*,*,#3423,.T.);
#3423 = EDGE_CURVE('',#3416,#3424,#3426,.T.);
#3424 = VERTEX_POINT('',#3425);
#3425 = CARTESIAN_POINT('',(21.,-6.7,139.));
#3426 = LINE('',#3427,#3428);
#3427 = CARTESIAN_POINT('',(21.,-13.2,139.));
#3428 = VECTOR('',#3429,1.);
#3429 = DIRECTION('',(0.,1.,0.));
#3430 = ORIENTED_EDGE('',*,*,#3431,.T.);
#3431 = EDGE_CURVE('',#3424,#3432,#3434,.T.);
#3432 = VERTEX_POINT('',#3433);
#3433 = CARTESIAN_POINT('',(19.,-6.7,141.));
#3434 = LINE('',#3435,#3436);
#3435 = CARTESIAN_POINT('',(21.,-6.7,139.));
#3436 = VECTOR('',#3437,1.);
#3437 = DIRECTION('',(-0.707106781187,0.,0.707106781187));
#3438 = ORIENTED_EDGE('',*,*,#3439,.T.);
#3439 = EDGE_CURVE('',#3432,#2701,#3440,.T.);
#3440 = LINE('',#3441,#3442);
#3441 = CARTESIAN_POINT('',(19.,-10.6,141.));
#3442 = VECTOR('',#3443,1.);
#3443 = DIRECTION('',(0.,-1.,0.));
#3444 = ORIENTED_EDGE('',*,*,#2708,.F.);
#3445 = ORIENTED_EDGE('',*,*,#3378,.F.);
#3446 = PLANE('',#3447);
#3447 = AXIS2_PLACEMENT_3D('',#3448,#3449,#3450);
#3448 = CARTESIAN_POINT('',(21.,-13.2,139.));
#3449 = DIRECTION('',(0.707106781187,0.,0.707106781187));
#3450 = DIRECTION('',(-0.707106781187,0.,0.707106781187));
#3451 = ADVANCED_FACE('',(#3452),#3490,.T.);
#3452 = FACE_BOUND('',#3453,.T.);
#3453 = EDGE_LOOP('',(#3454,#3455,#3463,#3470,#3478,#3485));
#3454 = ORIENTED_EDGE('',*,*,#3355,.F.);
#3455 = ORIENTED_EDGE('',*,*,#3456,.T.);
#3456 = EDGE_CURVE('',#2733,#3457,#3459,.T.);
#3457 = VERTEX_POINT('',#3458);
#3458 = CARTESIAN_POINT('',(-1.7763568394E-15,-13.38092308038,
    162.79843788128));
#3459 = LINE('',#3460,#3461);
#3460 = CARTESIAN_POINT('',(14.438262381114,-7.924602994502,
    144.75060990489));
#3461 = VECTOR('',#3462,1.);
#3462 = DIRECTION('',(-0.607982649232,-0.229760884884,0.75997831154));
#3463 = ORIENTED_EDGE('',*,*,#3464,.F.);
#3464 = EDGE_CURVE('',#3465,#3457,#3467,.T.);
#3465 = VERTEX_POINT('',#3466);
#3466 = CARTESIAN_POINT('',(-1.7763568394E-15,-1.380923080388,
    162.79843788128));
#3467 = B_SPLINE_CURVE_WITH_KNOTS('',1,(#3468,#3469),.UNSPECIFIED.,.F.,
  .F.,(2,2),(0.,1.),.PIECEWISE_BEZIER_KNOTS.);
#3468 = CARTESIAN_POINT('',(6.661338147751E-15,-1.380923080388,
    162.79843788128));
#3469 = CARTESIAN_POINT('',(6.661338147751E-15,-13.38092308038,
    162.79843788128));
#3470 = ORIENTED_EDGE('',*,*,#3471,.F.);
#3471 = EDGE_CURVE('',#3472,#3465,#3474,.T.);
#3472 = VERTEX_POINT('',#3473);
#3473 = CARTESIAN_POINT('',(13.,3.531867617286,146.54843788128));
#3474 = LINE('',#3475,#3476);
#3475 = CARTESIAN_POINT('',(14.438262381114,4.075397005498,
    144.75060990489));
#3476 = VECTOR('',#3477,1.);
#3477 = DIRECTION('',(-0.607982649232,-0.229760884884,0.75997831154));
#3478 = ORIENTED_EDGE('',*,*,#3479,.F.);
#3479 = EDGE_CURVE('',#3480,#3472,#3482,.T.);
#3480 = VERTEX_POINT('',#3481);
#3481 = CARTESIAN_POINT('',(13.,-8.,146.54843788128));
#3482 = B_SPLINE_CURVE_WITH_KNOTS('',1,(#3483,#3484),.UNSPECIFIED.,.F.,
  .F.,(2,2),(0.,1.),.PIECEWISE_BEZIER_KNOTS.);
#3483 = CARTESIAN_POINT('',(13.,-8.,146.54843788128));
#3484 = CARTESIAN_POINT('',(13.,3.531867617286,146.54843788128));
#3485 = ORIENTED_EDGE('',*,*,#3486,.F.);
#3486 = EDGE_CURVE('',#3348,#3480,#3487,.T.);
#3487 = B_SPLINE_CURVE_WITH_KNOTS('',1,(#3488,#3489),.UNSPECIFIED.,.F.,
  .F.,(2,2),(0.,1.),.PIECEWISE_BEZIER_KNOTS.);
#3488 = CARTESIAN_POINT('',(13.,-8.457493010379,146.54843788128));
#3489 = CARTESIAN_POINT('',(13.,3.531867617286,146.54843788128));
#3490 = B_SPLINE_SURFACE_WITH_KNOTS('',1,1,(
    (#3491,#3492)
    ,(#3493,#3494
    )),.UNSPECIFIED.,.F.,.F.,.F.,(2,2),(2,2),(0.,52.633080961176),(0.,1.
    ),.PIECEWISE_BEZIER_KNOTS.);
#3491 = CARTESIAN_POINT('',(14.438262381114,-7.924602994502,
    144.75060990489));
#3492 = CARTESIAN_POINT('',(14.438262381114,4.075397005498,
    144.75060990489));
#3493 = CARTESIAN_POINT('',(-17.56173761888,-20.01762625031,
    184.75060990489));
#3494 = CARTESIAN_POINT('',(-17.56173761888,-8.017626250316,
    184.75060990489));
#3495 = ADVANCED_FACE('',(#3496),#3506,.T.);
#3496 = FACE_BOUND('',#3497,.T.);
#3497 = EDGE_LOOP('',(#3498,#3504,#3505));
#3498 = ORIENTED_EDGE('',*,*,#3499,.F.);
#3499 = EDGE_CURVE('',#2725,#3480,#3500,.T.);
#3500 = LINE('',#3501,#3502);
#3501 = CARTESIAN_POINT('',(13.,-8.,8.));
#3502 = VECTOR('',#3503,1.);
#3503 = DIRECTION('',(0.,0.,1.));
#3504 = ORIENTED_EDGE('',*,*,#3347,.T.);
#3505 = ORIENTED_EDGE('',*,*,#3486,.T.);
#3506 = B_SPLINE_SURFACE_WITH_KNOTS('',1,1,(
    (#3507,#3508)
    ,(#3509,#3510
    )),.UNSPECIFIED.,.F.,.F.,.F.,(2,2),(2,2),(0.,12.),(0.,1.),
  .PIECEWISE_BEZIER_KNOTS.);
#3507 = CARTESIAN_POINT('',(13.,4.,145.));
#3508 = CARTESIAN_POINT('',(13.,-9.,189.));
#3509 = CARTESIAN_POINT('',(13.,-8.,145.));
#3510 = CARTESIAN_POINT('',(13.,-21.,189.));
#3511 = ADVANCED_FACE('',(#3512),#3553,.T.);
#3512 = FACE_BOUND('',#3513,.T.);
#3513 = EDGE_LOOP('',(#3514,#3524,#3530,#3531,#3539,#3547));
#3514 = ORIENTED_EDGE('',*,*,#3515,.F.);
#3515 = EDGE_CURVE('',#3516,#3518,#3520,.T.);
#3516 = VERTEX_POINT('',#3517);
#3517 = CARTESIAN_POINT('',(-16.,-13.2,144.));
#3518 = VERTEX_POINT('',#3519);
#3519 = CARTESIAN_POINT('',(-21.,-13.2,139.));
#3520 = LINE('',#3521,#3522);
#3521 = CARTESIAN_POINT('',(-16.,-13.2,144.));
#3522 = VECTOR('',#3523,1.);
#3523 = DIRECTION('',(-0.707106781187,0.,-0.707106781187));
#3524 = ORIENTED_EDGE('',*,*,#3525,.T.);
#3525 = EDGE_CURVE('',#3516,#2966,#3526,.T.);
#3526 = LINE('',#3527,#3528);
#3527 = CARTESIAN_POINT('',(-16.,-13.2,144.));
#3528 = VECTOR('',#3529,1.);
#3529 = DIRECTION('',(0.,1.,0.));
#3530 = ORIENTED_EDGE('',*,*,#2963,.F.);
#3531 = ORIENTED_EDGE('',*,*,#3532,.F.);
#3532 = EDGE_CURVE('',#3533,#2964,#3535,.T.);
#3533 = VERTEX_POINT('',#3534);
#3534 = CARTESIAN_POINT('',(-19.,-6.7,141.));
#3535 = LINE('',#3536,#3537);
#3536 = CARTESIAN_POINT('',(-19.,-10.6,141.));
#3537 = VECTOR('',#3538,1.);
#3538 = DIRECTION('',(0.,-1.,0.));
#3539 = ORIENTED_EDGE('',*,*,#3540,.T.);
#3540 = EDGE_CURVE('',#3533,#3541,#3543,.T.);
#3541 = VERTEX_POINT('',#3542);
#3542 = CARTESIAN_POINT('',(-21.,-6.7,139.));
#3543 = LINE('',#3544,#3545);
#3544 = CARTESIAN_POINT('',(-16.,-6.7,144.));
#3545 = VECTOR('',#3546,1.);
#3546 = DIRECTION('',(-0.707106781187,0.,-0.707106781187));
#3547 = ORIENTED_EDGE('',*,*,#3548,.F.);
#3548 = EDGE_CURVE('',#3518,#3541,#3549,.T.);
#3549 = LINE('',#3550,#3551);
#3550 = CARTESIAN_POINT('',(-21.,-13.2,139.));
#3551 = VECTOR('',#3552,1.);
#3552 = DIRECTION('',(0.,1.,0.));
#3553 = PLANE('',#3554);
#3554 = AXIS2_PLACEMENT_3D('',#3555,#3556,#3557);
#3555 = CARTESIAN_POINT('',(-16.,-13.2,144.));
#3556 = DIRECTION('',(-0.707106781187,0.,0.707106781187));
#3557 = DIRECTION('',(-0.707106781187,0.,-0.707106781187));
#3558 = ADVANCED_FACE('',(#3559),#3593,.T.);
#3559 = FACE_BOUND('',#3560,.T.);
#3560 = EDGE_LOOP('',(#3561,#3569,#3577,#3585,#3591,#3592));
#3561 = ORIENTED_EDGE('',*,*,#3562,.F.);
#3562 = EDGE_CURVE('',#3563,#3516,#3565,.T.);
#3563 = VERTEX_POINT('',#3564);
#3564 = CARTESIAN_POINT('',(-8.2,-13.2,144.));
#3565 = LINE('',#3566,#3567);
#3566 = CARTESIAN_POINT('',(16.,-13.2,144.));
#3567 = VECTOR('',#3568,1.);
#3568 = DIRECTION('',(-1.,0.,0.));
#3569 = ORIENTED_EDGE('',*,*,#3570,.T.);
#3570 = EDGE_CURVE('',#3563,#3571,#3573,.T.);
#3571 = VERTEX_POINT('',#3572);
#3572 = CARTESIAN_POINT('',(-8.2,-6.7,144.));
#3573 = LINE('',#3574,#3575);
#3574 = CARTESIAN_POINT('',(-8.2,-13.4,144.));
#3575 = VECTOR('',#3576,1.);
#3576 = DIRECTION('',(0.,1.,0.));
#3577 = ORIENTED_EDGE('',*,*,#3578,.T.);
#3578 = EDGE_CURVE('',#3571,#3579,#3581,.T.);
#3579 = VERTEX_POINT('',#3580);
#3580 = CARTESIAN_POINT('',(-13.,-6.7,144.));
#3581 = LINE('',#3582,#3583);
#3582 = CARTESIAN_POINT('',(16.,-6.7,144.));
#3583 = VECTOR('',#3584,1.);
#3584 = DIRECTION('',(-1.,0.,0.));
#3585 = ORIENTED_EDGE('',*,*,#3586,.T.);
#3586 = EDGE_CURVE('',#3579,#2997,#3587,.T.);
#3587 = LINE('',#3588,#3589);
#3588 = CARTESIAN_POINT('',(-13.,-10.6,144.));
#3589 = VECTOR('',#3590,1.);
#3590 = DIRECTION('',(0.,-1.,0.));
#3591 = ORIENTED_EDGE('',*,*,#3004,.F.);
#3592 = ORIENTED_EDGE('',*,*,#3525,.F.);
#3593 = PLANE('',#3594);
#3594 = AXIS2_PLACEMENT_3D('',#3595,#3596,#3597);
#3595 = CARTESIAN_POINT('',(16.,-13.2,144.));
#3596 = DIRECTION('',(0.,0.,1.));
#3597 = DIRECTION('',(-1.,0.,0.));
#3598 = ADVANCED_FACE('',(#3599),#3614,.T.);
#3599 = FACE_BOUND('',#3600,.T.);
#3600 = EDGE_LOOP('',(#3601,#3608,#3609));
#3601 = ORIENTED_EDGE('',*,*,#3602,.F.);
#3602 = EDGE_CURVE('',#2981,#3603,#3605,.T.);
#3603 = VERTEX_POINT('',#3604);
#3604 = CARTESIAN_POINT('',(-13.,-8.457493010379,146.54843788128));
#3605 = B_SPLINE_CURVE_WITH_KNOTS('',1,(#3606,#3607),.UNSPECIFIED.,.F.,
  .F.,(2,2),(0.,1.),.PIECEWISE_BEZIER_KNOTS.);
#3606 = CARTESIAN_POINT('',(-14.23875030502,-8.,145.));
#3607 = CARTESIAN_POINT('',(-13.,-8.457493010379,146.54843788128));
#3608 = ORIENTED_EDGE('',*,*,#2988,.T.);
#3609 = ORIENTED_EDGE('',*,*,#3610,.T.);
#3610 = EDGE_CURVE('',#2989,#3603,#3611,.T.);
#3611 = B_SPLINE_CURVE_WITH_KNOTS('',1,(#3612,#3613),.UNSPECIFIED.,.F.,
  .F.,(2,2),(0.,1.),.PIECEWISE_BEZIER_KNOTS.);
#3612 = CARTESIAN_POINT('',(-13.,-8.,145.));
#3613 = CARTESIAN_POINT('',(-13.,-21.,189.));
#3614 = PLANE('',#3615);
#3615 = AXIS2_PLACEMENT_3D('',#3616,#3617,#3618);
#3616 = CARTESIAN_POINT('',(-19.,-21.,189.));
#3617 = DIRECTION('',(0.,-0.959017708059,-0.283346141017));
#3618 = DIRECTION('',(1.,0.,0.));
#3619 = ADVANCED_FACE('',(#3620),#3636,.T.);
#3620 = FACE_BOUND('',#3621,.T.);
#3621 = EDGE_LOOP('',(#3622,#3623,#3631));
#3622 = ORIENTED_EDGE('',*,*,#3610,.F.);
#3623 = ORIENTED_EDGE('',*,*,#3624,.T.);
#3624 = EDGE_CURVE('',#2989,#3625,#3627,.T.);
#3625 = VERTEX_POINT('',#3626);
#3626 = CARTESIAN_POINT('',(-13.,-8.,146.54843788128));
#3627 = LINE('',#3628,#3629);
#3628 = CARTESIAN_POINT('',(-13.,-8.,8.));
#3629 = VECTOR('',#3630,1.);
#3630 = DIRECTION('',(0.,0.,1.));
#3631 = ORIENTED_EDGE('',*,*,#3632,.T.);
#3632 = EDGE_CURVE('',#3625,#3603,#3633,.T.);
#3633 = B_SPLINE_CURVE_WITH_KNOTS('',1,(#3634,#3635),.UNSPECIFIED.,.F.,
  .F.,(2,2),(0.,1.),.PIECEWISE_BEZIER_KNOTS.);
#3634 = CARTESIAN_POINT('',(-13.,3.531867617286,146.54843788128));
#3635 = CARTESIAN_POINT('',(-13.,-8.457493010379,146.54843788128));
#3636 = B_SPLINE_SURFACE_WITH_KNOTS('',1,1,(
    (#3637,#3638)
    ,(#3639,#3640
    )),.UNSPECIFIED.,.F.,.F.,.F.,(2,2),(2,2),(0.,12.),(0.,1.),
  .PIECEWISE_BEZIER_KNOTS.);
#3637 = CARTESIAN_POINT('',(-13.,-8.,145.));
#3638 = CARTESIAN_POINT('',(-13.,-21.,189.));
#3639 = CARTESIAN_POINT('',(-13.,4.,145.));
#3640 = CARTESIAN_POINT('',(-13.,-9.,189.));
#3641 = ADVANCED_FACE('',(#3642),#3666,.T.);
#3642 = FACE_BOUND('',#3643,.T.);
#3643 = EDGE_LOOP('',(#3644,#3645,#3651,#3652,#3653,#3660));
#3644 = ORIENTED_EDGE('',*,*,#3464,.T.);
#3645 = ORIENTED_EDGE('',*,*,#3646,.T.);
#3646 = EDGE_CURVE('',#3457,#2981,#3647,.T.);
#3647 = LINE('',#3648,#3649);
#3648 = CARTESIAN_POINT('',(17.561737618886,-20.01762625031,
    184.75060990489));
#3649 = VECTOR('',#3650,1.);
#3650 = DIRECTION('',(-0.607982649232,0.229760884884,-0.75997831154));
#3651 = ORIENTED_EDGE('',*,*,#3602,.T.);
#3652 = ORIENTED_EDGE('',*,*,#3632,.F.);
#3653 = ORIENTED_EDGE('',*,*,#3654,.T.);
#3654 = EDGE_CURVE('',#3625,#3655,#3657,.T.);
#3655 = VERTEX_POINT('',#3656);
#3656 = CARTESIAN_POINT('',(-13.,3.531867617286,146.54843788128));
#3657 = B_SPLINE_CURVE_WITH_KNOTS('',1,(#3658,#3659),.UNSPECIFIED.,.F.,
  .F.,(2,2),(0.,1.),.PIECEWISE_BEZIER_KNOTS.);
#3658 = CARTESIAN_POINT('',(-13.,-8.,146.54843788128));
#3659 = CARTESIAN_POINT('',(-13.,3.531867617286,146.54843788128));
#3660 = ORIENTED_EDGE('',*,*,#3661,.F.);
#3661 = EDGE_CURVE('',#3465,#3655,#3662,.T.);
#3662 = LINE('',#3663,#3664);
#3663 = CARTESIAN_POINT('',(17.561737618886,-8.017626250316,
    184.75060990489));
#3664 = VECTOR('',#3665,1.);
#3665 = DIRECTION('',(-0.607982649232,0.229760884884,-0.75997831154));
#3666 = B_SPLINE_SURFACE_WITH_KNOTS('',1,1,(
    (#3667,#3668)
    ,(#3669,#3670
    )),.UNSPECIFIED.,.F.,.F.,.F.,(2,2),(2,2),(0.,52.633080961176),(0.,1.
    ),.PIECEWISE_BEZIER_KNOTS.);
#3667 = CARTESIAN_POINT('',(17.561737618886,-20.01762625031,
    184.75060990489));
#3668 = CARTESIAN_POINT('',(17.561737618886,-8.017626250316,
    184.75060990489));
#3669 = CARTESIAN_POINT('',(-14.43826238111,-7.924602994502,
    144.75060990489));
#3670 = CARTESIAN_POINT('',(-14.43826238111,4.075397005498,
    144.75060990489));
#3671 = ADVANCED_FACE('',(#3672),#3689,.T.);
#3672 = FACE_BOUND('',#3673,.T.);
#3673 = EDGE_LOOP('',(#3674,#3675,#3676,#3684));
#3674 = ORIENTED_EDGE('',*,*,#3051,.T.);
#3675 = ORIENTED_EDGE('',*,*,#3111,.T.);
#3676 = ORIENTED_EDGE('',*,*,#3677,.F.);
#3677 = EDGE_CURVE('',#3678,#3104,#3680,.T.);
#3678 = VERTEX_POINT('',#3679);
#3679 = CARTESIAN_POINT('',(-57.,-7.,248.));
#3680 = LINE('',#3681,#3682);
#3681 = CARTESIAN_POINT('',(-57.,-7.,248.));
#3682 = VECTOR('',#3683,1.);
#3683 = DIRECTION('',(0.707106781187,-0.707106781187,0.));
#3684 = ORIENTED_EDGE('',*,*,#3685,.F.);
#3685 = EDGE_CURVE('',#3052,#3678,#3686,.T.);
#3686 = B_SPLINE_CURVE_WITH_KNOTS('',1,(#3687,#3688),.UNSPECIFIED.,.F.,
  .F.,(2,2),(0.,1.),.PIECEWISE_BEZIER_KNOTS.);
#3687 = CARTESIAN_POINT('',(-58.5,-8.,240.));
#3688 = CARTESIAN_POINT('',(-57.,-7.,248.));
#3689 = B_SPLINE_SURFACE_WITH_KNOTS('',1,1,(
    (#3690,#3691)
    ,(#3692,#3693
    )),.UNSPECIFIED.,.F.,.F.,.F.,(2,2),(2,2),(0.,9.192388155425),(0.,1.)
  ,.PIECEWISE_BEZIER_KNOTS.);
#3690 = CARTESIAN_POINT('',(-58.5,-8.,240.));
#3691 = CARTESIAN_POINT('',(-57.,-7.,248.));
#3692 = CARTESIAN_POINT('',(-52.,-14.5,240.));
#3693 = CARTESIAN_POINT('',(-51.,-13.,248.));
#3694 = ADVANCED_FACE('',(#3695),#3712,.T.);
#3695 = FACE_BOUND('',#3696,.T.);
#3696 = EDGE_LOOP('',(#3697,#3698,#3705,#3711));
#3697 = ORIENTED_EDGE('',*,*,#3080,.T.);
#3698 = ORIENTED_EDGE('',*,*,#3699,.T.);
#3699 = EDGE_CURVE('',#3074,#3700,#3702,.T.);
#3700 = VERTEX_POINT('',#3701);
#3701 = CARTESIAN_POINT('',(57.,-7.,248.));
#3702 = B_SPLINE_CURVE_WITH_KNOTS('',1,(#3703,#3704),.UNSPECIFIED.,.F.,
  .F.,(2,2),(0.,1.),.PIECEWISE_BEZIER_KNOTS.);
#3703 = CARTESIAN_POINT('',(58.5,-8.,240.));
#3704 = CARTESIAN_POINT('',(57.,-7.,248.));
#3705 = ORIENTED_EDGE('',*,*,#3706,.F.);
#3706 = EDGE_CURVE('',#3097,#3700,#3707,.T.);
#3707 = LINE('',#3708,#3709);
#3708 = CARTESIAN_POINT('',(51.,-13.,248.));
#3709 = VECTOR('',#3710,1.);
#3710 = DIRECTION('',(0.707106781187,0.707106781187,0.));
#3711 = ORIENTED_EDGE('',*,*,#3096,.F.);
#3712 = B_SPLINE_SURFACE_WITH_KNOTS('',1,1,(
    (#3713,#3714)
    ,(#3715,#3716
    )),.UNSPECIFIED.,.F.,.F.,.F.,(2,2),(2,2),(0.,9.192388155425),(0.,1.)
  ,.PIECEWISE_BEZIER_KNOTS.);
#3713 = CARTESIAN_POINT('',(52.,-14.5,240.));
#3714 = CARTESIAN_POINT('',(51.,-13.,248.));
#3715 = CARTESIAN_POINT('',(58.5,-8.,240.));
#3716 = CARTESIAN_POINT('',(57.,-7.,248.));
#3717 = ADVANCED_FACE('',(#3718,#3761),#3823,.T.);
#3718 = FACE_BOUND('',#3719,.T.);
#3719 = EDGE_LOOP('',(#3720,#3721,#3722,#3730,#3738,#3746,#3754,#3760));
#3720 = ORIENTED_EDGE('',*,*,#3103,.T.);
#3721 = ORIENTED_EDGE('',*,*,#3706,.T.);
#3722 = ORIENTED_EDGE('',*,*,#3723,.T.);
#3723 = EDGE_CURVE('',#3700,#3724,#3726,.T.);
#3724 = VERTEX_POINT('',#3725);
#3725 = CARTESIAN_POINT('',(57.,31.,248.));
#3726 = LINE('',#3727,#3728);
#3727 = CARTESIAN_POINT('',(57.,-7.,248.));
#3728 = VECTOR('',#3729,1.);
#3729 = DIRECTION('',(0.,1.,0.));
#3730 = ORIENTED_EDGE('',*,*,#3731,.T.);
#3731 = EDGE_CURVE('',#3724,#3732,#3734,.T.);
#3732 = VERTEX_POINT('',#3733);
#3733 = CARTESIAN_POINT('',(51.,37.,248.));
#3734 = LINE('',#3735,#3736);
#3735 = CARTESIAN_POINT('',(57.,31.,248.));
#3736 = VECTOR('',#3737,1.);
#3737 = DIRECTION('',(-0.707106781187,0.707106781187,0.));
#3738 = ORIENTED_EDGE('',*,*,#3739,.T.);
#3739 = EDGE_CURVE('',#3732,#3740,#3742,.T.);
#3740 = VERTEX_POINT('',#3741);
#3741 = CARTESIAN_POINT('',(-51.,37.,248.));
#3742 = LINE('',#3743,#3744);
#3743 = CARTESIAN_POINT('',(51.,37.,248.));
#3744 = VECTOR('',#3745,1.);
#3745 = DIRECTION('',(-1.,0.,0.));
#3746 = ORIENTED_EDGE('',*,*,#3747,.T.);
#3747 = EDGE_CURVE('',#3740,#3748,#3750,.T.);
#3748 = VERTEX_POINT('',#3749);
#3749 = CARTESIAN_POINT('',(-57.,31.,248.));
#3750 = LINE('',#3751,#3752);
#3751 = CARTESIAN_POINT('',(-51.,37.,248.));
#3752 = VECTOR('',#3753,1.);
#3753 = DIRECTION('',(-0.707106781187,-0.707106781187,0.));
#3754 = ORIENTED_EDGE('',*,*,#3755,.T.);
#3755 = EDGE_CURVE('',#3748,#3678,#3756,.T.);
#3756 = LINE('',#3757,#3758);
#3757 = CARTESIAN_POINT('',(-57.,31.,248.));
#3758 = VECTOR('',#3759,1.);
#3759 = DIRECTION('',(0.,-1.,0.));
#3760 = ORIENTED_EDGE('',*,*,#3677,.T.);
#3761 = FACE_BOUND('',#3762,.T.);
#3762 = EDGE_LOOP('',(#3763,#3773,#3780,#3788,#3795,#3803,#3810,#3818));
#3763 = ORIENTED_EDGE('',*,*,#3764,.F.);
#3764 = EDGE_CURVE('',#3765,#3767,#3769,.T.);
#3765 = VERTEX_POINT('',#3766);
#3766 = CARTESIAN_POINT('',(50.111111111111,-10.11111111111,248.));
#3767 = VERTEX_POINT('',#3768);
#3768 = CARTESIAN_POINT('',(54.111111111111,-6.111111111111,248.));
#3769 = LINE('',#3770,#3771);
#3770 = CARTESIAN_POINT('',(24.111111111111,-36.11111111111,248.));
#3771 = VECTOR('',#3772,1.);
#3772 = DIRECTION('',(0.707106781187,0.707106781187,0.));
#3773 = ORIENTED_EDGE('',*,*,#3774,.T.);
#3774 = EDGE_CURVE('',#3765,#3775,#3777,.T.);
#3775 = VERTEX_POINT('',#3776);
#3776 = CARTESIAN_POINT('',(-50.11111111111,-10.11111111111,248.));
#3777 = B_SPLINE_CURVE_WITH_KNOTS('',1,(#3778,#3779),.UNSPECIFIED.,.F.,
  .F.,(2,2),(0.,1.),.PIECEWISE_BEZIER_KNOTS.);
#3778 = CARTESIAN_POINT('',(50.111111111111,-10.11111111111,248.));
#3779 = CARTESIAN_POINT('',(-50.11111111111,-10.11111111111,248.));
#3780 = ORIENTED_EDGE('',*,*,#3781,.F.);
#3781 = EDGE_CURVE('',#3782,#3775,#3784,.T.);
#3782 = VERTEX_POINT('',#3783);
#3783 = CARTESIAN_POINT('',(-54.11111111111,-6.111111111111,248.));
#3784 = LINE('',#3785,#3786);
#3785 = CARTESIAN_POINT('',(-51.61111111111,-8.611111111111,248.));
#3786 = VECTOR('',#3787,1.);
#3787 = DIRECTION('',(0.707106781187,-0.707106781187,0.));
#3788 = ORIENTED_EDGE('',*,*,#3789,.T.);
#3789 = EDGE_CURVE('',#3782,#3790,#3792,.T.);
#3790 = VERTEX_POINT('',#3791);
#3791 = CARTESIAN_POINT('',(-54.11111111111,30.111111111111,248.));
#3792 = B_SPLINE_CURVE_WITH_KNOTS('',1,(#3793,#3794),.UNSPECIFIED.,.F.,
  .F.,(2,2),(0.,1.),.PIECEWISE_BEZIER_KNOTS.);
#3793 = CARTESIAN_POINT('',(-54.11111111111,-6.111111111111,248.));
#3794 = CARTESIAN_POINT('',(-54.11111111111,30.111111111111,248.));
#3795 = ORIENTED_EDGE('',*,*,#3796,.F.);
#3796 = EDGE_CURVE('',#3797,#3790,#3799,.T.);
#3797 = VERTEX_POINT('',#3798);
#3798 = CARTESIAN_POINT('',(-50.11111111111,34.111111111111,248.));
#3799 = LINE('',#3800,#3801);
#3800 = CARTESIAN_POINT('',(-62.11111111111,22.111111111111,248.));
#3801 = VECTOR('',#3802,1.);
#3802 = DIRECTION('',(-0.707106781187,-0.707106781187,0.));
#3803 = ORIENTED_EDGE('',*,*,#3804,.T.);
#3804 = EDGE_CURVE('',#3797,#3805,#3807,.T.);
#3805 = VERTEX_POINT('',#3806);
#3806 = CARTESIAN_POINT('',(50.111111111111,34.111111111111,248.));
#3807 = B_SPLINE_CURVE_WITH_KNOTS('',1,(#3808,#3809),.UNSPECIFIED.,.F.,
  .F.,(2,2),(0.,1.),.PIECEWISE_BEZIER_KNOTS.);
#3808 = CARTESIAN_POINT('',(-50.11111111111,34.111111111111,248.));
#3809 = CARTESIAN_POINT('',(50.111111111111,34.111111111111,248.));
#3810 = ORIENTED_EDGE('',*,*,#3811,.F.);
#3811 = EDGE_CURVE('',#3812,#3805,#3814,.T.);
#3812 = VERTEX_POINT('',#3813);
#3813 = CARTESIAN_POINT('',(54.111111111111,30.111111111111,248.));
#3814 = LINE('',#3815,#3816);
#3815 = CARTESIAN_POINT('',(38.611111111111,45.611111111111,248.));
#3816 = VECTOR('',#3817,1.);
#3817 = DIRECTION('',(-0.707106781187,0.707106781187,0.));
#3818 = ORIENTED_EDGE('',*,*,#3819,.T.);
#3819 = EDGE_CURVE('',#3812,#3767,#3820,.T.);
#3820 = B_SPLINE_CURVE_WITH_KNOTS('',1,(#3821,#3822),.UNSPECIFIED.,.F.,
  .F.,(2,2),(0.,1.),.PIECEWISE_BEZIER_KNOTS.);
#3821 = CARTESIAN_POINT('',(54.111111111111,30.111111111111,248.));
#3822 = CARTESIAN_POINT('',(54.111111111111,-6.111111111111,248.));
#3823 = PLANE('',#3824);
#3824 = AXIS2_PLACEMENT_3D('',#3825,#3826,#3827);
#3825 = CARTESIAN_POINT('',(-51.,-13.,248.));
#3826 = DIRECTION('',(0.,0.,1.));
#3827 = DIRECTION('',(0.92609235977,0.377296887314,0.));
#3828 = ADVANCED_FACE('',(#3829),#3839,.T.);
#3829 = FACE_BOUND('',#3830,.T.);
#3830 = EDGE_LOOP('',(#3831,#3832,#3833,#3834));
#3831 = ORIENTED_EDGE('',*,*,#3126,.T.);
#3832 = ORIENTED_EDGE('',*,*,#3685,.T.);
#3833 = ORIENTED_EDGE('',*,*,#3755,.F.);
#3834 = ORIENTED_EDGE('',*,*,#3835,.F.);
#3835 = EDGE_CURVE('',#3127,#3748,#3836,.T.);
#3836 = B_SPLINE_CURVE_WITH_KNOTS('',1,(#3837,#3838),.UNSPECIFIED.,.F.,
  .F.,(2,2),(0.,1.),.PIECEWISE_BEZIER_KNOTS.);
#3837 = CARTESIAN_POINT('',(-58.5,32.,240.));
#3838 = CARTESIAN_POINT('',(-57.,31.,248.));
#3839 = B_SPLINE_SURFACE_WITH_KNOTS('',1,1,(
    (#3840,#3841)
    ,(#3842,#3843
    )),.UNSPECIFIED.,.F.,.F.,.F.,(2,2),(2,2),(0.,40.),(0.,1.),
  .PIECEWISE_BEZIER_KNOTS.);
#3840 = CARTESIAN_POINT('',(-58.5,32.,240.));
#3841 = CARTESIAN_POINT('',(-57.,31.,248.));
#3842 = CARTESIAN_POINT('',(-58.5,-8.,240.));
#3843 = CARTESIAN_POINT('',(-57.,-7.,248.));
#3844 = ADVANCED_FACE('',(#3845),#3855,.T.);
#3845 = FACE_BOUND('',#3846,.T.);
#3846 = EDGE_LOOP('',(#3847,#3848,#3849,#3850));
#3847 = ORIENTED_EDGE('',*,*,#3149,.T.);
#3848 = ORIENTED_EDGE('',*,*,#3835,.T.);
#3849 = ORIENTED_EDGE('',*,*,#3747,.F.);
#3850 = ORIENTED_EDGE('',*,*,#3851,.F.);
#3851 = EDGE_CURVE('',#3150,#3740,#3852,.T.);
#3852 = B_SPLINE_CURVE_WITH_KNOTS('',1,(#3853,#3854),.UNSPECIFIED.,.F.,
  .F.,(2,2),(0.,1.),.PIECEWISE_BEZIER_KNOTS.);
#3853 = CARTESIAN_POINT('',(-52.,38.5,240.));
#3854 = CARTESIAN_POINT('',(-51.,37.,248.));
#3855 = B_SPLINE_SURFACE_WITH_KNOTS('',1,1,(
    (#3856,#3857)
    ,(#3858,#3859
    )),.UNSPECIFIED.,.F.,.F.,.F.,(2,2),(2,2),(0.,9.192388155425),(0.,1.)
  ,.PIECEWISE_BEZIER_KNOTS.);
#3856 = CARTESIAN_POINT('',(-52.,38.5,240.));
#3857 = CARTESIAN_POINT('',(-51.,37.,248.));
#3858 = CARTESIAN_POINT('',(-58.5,32.,240.));
#3859 = CARTESIAN_POINT('',(-57.,31.,248.));
#3860 = ADVANCED_FACE('',(#3861),#3871,.T.);
#3861 = FACE_BOUND('',#3862,.T.);
#3862 = EDGE_LOOP('',(#3863,#3864,#3865,#3866));
#3863 = ORIENTED_EDGE('',*,*,#3172,.T.);
#3864 = ORIENTED_EDGE('',*,*,#3851,.T.);
#3865 = ORIENTED_EDGE('',*,*,#3739,.F.);
#3866 = ORIENTED_EDGE('',*,*,#3867,.F.);
#3867 = EDGE_CURVE('',#3173,#3732,#3868,.T.);
#3868 = B_SPLINE_CURVE_WITH_KNOTS('',1,(#3869,#3870),.UNSPECIFIED.,.F.,
  .F.,(2,2),(0.,1.),.PIECEWISE_BEZIER_KNOTS.);
#3869 = CARTESIAN_POINT('',(52.,38.5,240.));
#3870 = CARTESIAN_POINT('',(51.,37.,248.));
#3871 = B_SPLINE_SURFACE_WITH_KNOTS('',1,1,(
    (#3872,#3873)
    ,(#3874,#3875
    )),.UNSPECIFIED.,.F.,.F.,.F.,(2,2),(2,2),(0.,104.),(0.,1.),
  .PIECEWISE_BEZIER_KNOTS.);
#3872 = CARTESIAN_POINT('',(52.,38.5,240.));
#3873 = CARTESIAN_POINT('',(51.,37.,248.));
#3874 = CARTESIAN_POINT('',(-52.,38.5,240.));
#3875 = CARTESIAN_POINT('',(-51.,37.,248.));
#3876 = ADVANCED_FACE('',(#3877),#3901,.F.);
#3877 = FACE_BOUND('',#3878,.F.);
#3878 = EDGE_LOOP('',(#3879,#3887,#3888,#3896));
#3879 = ORIENTED_EDGE('',*,*,#3880,.T.);
#3880 = EDGE_CURVE('',#3881,#3194,#3883,.T.);
#3881 = VERTEX_POINT('',#3882);
#3882 = CARTESIAN_POINT('',(51.,12.,205.));
#3883 = LINE('',#3884,#3885);
#3884 = CARTESIAN_POINT('',(51.,12.,205.));
#3885 = VECTOR('',#3886,1.);
#3886 = DIRECTION('',(-0.707106781187,0.707106781187,0.));
#3887 = ORIENTED_EDGE('',*,*,#3193,.T.);
#3888 = ORIENTED_EDGE('',*,*,#3889,.F.);
#3889 = EDGE_CURVE('',#3890,#3196,#3892,.T.);
#3890 = VERTEX_POINT('',#3891);
#3891 = CARTESIAN_POINT('',(60.,35.,215.));
#3892 = LINE('',#3893,#3894);
#3893 = CARTESIAN_POINT('',(60.,35.,215.));
#3894 = VECTOR('',#3895,1.);
#3895 = DIRECTION('',(-0.707106781187,0.707106781187,0.));
#3896 = ORIENTED_EDGE('',*,*,#3897,.F.);
#3897 = EDGE_CURVE('',#3881,#3890,#3898,.T.);
#3898 = B_SPLINE_CURVE_WITH_KNOTS('',1,(#3899,#3900),.UNSPECIFIED.,.F.,
  .F.,(2,2),(0.,1.),.PIECEWISE_BEZIER_KNOTS.);
#3899 = CARTESIAN_POINT('',(51.,12.,205.));
#3900 = CARTESIAN_POINT('',(60.,35.,215.));
#3901 = B_SPLINE_SURFACE_WITH_KNOTS('',1,1,(
    (#3902,#3903)
    ,(#3904,#3905
    )),.UNSPECIFIED.,.F.,.F.,.F.,(2,2),(2,2),(0.,7.071067811865),(0.,1.)
  ,.PIECEWISE_BEZIER_KNOTS.);
#3902 = CARTESIAN_POINT('',(51.,12.,205.));
#3903 = CARTESIAN_POINT('',(60.,35.,215.));
#3904 = CARTESIAN_POINT('',(47.,16.,205.));
#3905 = CARTESIAN_POINT('',(55.,40.,215.));
#3906 = ADVANCED_FACE('',(#3907),#3930,.F.);
#3907 = FACE_BOUND('',#3908,.F.);
#3908 = EDGE_LOOP('',(#3909,#3910,#3917,#3925));
#3909 = ORIENTED_EDGE('',*,*,#3254,.T.);
#3910 = ORIENTED_EDGE('',*,*,#3911,.T.);
#3911 = EDGE_CURVE('',#3248,#3912,#3914,.T.);
#3912 = VERTEX_POINT('',#3913);
#3913 = CARTESIAN_POINT('',(-51.,35.,240.));
#3914 = B_SPLINE_CURVE_WITH_KNOTS('',1,(#3915,#3916),.UNSPECIFIED.,.F.,
  .F.,(2,2),(0.,1.),.PIECEWISE_BEZIER_KNOTS.);
#3915 = CARTESIAN_POINT('',(-55.,40.,215.));
#3916 = CARTESIAN_POINT('',(-51.,35.,240.));
#3917 = ORIENTED_EDGE('',*,*,#3918,.F.);
#3918 = EDGE_CURVE('',#3919,#3912,#3921,.T.);
#3919 = VERTEX_POINT('',#3920);
#3920 = CARTESIAN_POINT('',(51.,35.,240.));
#3921 = LINE('',#3922,#3923);
#3922 = CARTESIAN_POINT('',(51.,35.,240.));
#3923 = VECTOR('',#3924,1.);
#3924 = DIRECTION('',(-1.,0.,0.));
#3925 = ORIENTED_EDGE('',*,*,#3926,.F.);
#3926 = EDGE_CURVE('',#3196,#3919,#3927,.T.);
#3927 = B_SPLINE_CURVE_WITH_KNOTS('',1,(#3928,#3929),.UNSPECIFIED.,.F.,
  .F.,(2,2),(0.,1.),.PIECEWISE_BEZIER_KNOTS.);
#3928 = CARTESIAN_POINT('',(55.,40.,215.));
#3929 = CARTESIAN_POINT('',(51.,35.,240.));
#3930 = B_SPLINE_SURFACE_WITH_KNOTS('',1,1,(
    (#3931,#3932)
    ,(#3933,#3934
    )),.UNSPECIFIED.,.F.,.F.,.F.,(2,2),(2,2),(0.,110.),(0.,1.),
  .PIECEWISE_BEZIER_KNOTS.);
#3931 = CARTESIAN_POINT('',(55.,40.,215.));
#3932 = CARTESIAN_POINT('',(51.,35.,240.));
#3933 = CARTESIAN_POINT('',(-55.,40.,215.));
#3934 = CARTESIAN_POINT('',(-51.,35.,240.));
#3935 = ADVANCED_FACE('',(#3936),#3960,.F.);
#3936 = FACE_BOUND('',#3937,.F.);
#3937 = EDGE_LOOP('',(#3938,#3946,#3953,#3959));
#3938 = ORIENTED_EDGE('',*,*,#3939,.T.);
#3939 = EDGE_CURVE('',#3240,#3940,#3942,.T.);
#3940 = VERTEX_POINT('',#3941);
#3941 = CARTESIAN_POINT('',(-51.,12.,205.));
#3942 = LINE('',#3943,#3944);
#3943 = CARTESIAN_POINT('',(-47.,16.,205.));
#3944 = VECTOR('',#3945,1.);
#3945 = DIRECTION('',(-0.707106781187,-0.707106781187,0.));
#3946 = ORIENTED_EDGE('',*,*,#3947,.T.);
#3947 = EDGE_CURVE('',#3940,#3948,#3950,.T.);
#3948 = VERTEX_POINT('',#3949);
#3949 = CARTESIAN_POINT('',(-60.,35.,215.));
#3950 = B_SPLINE_CURVE_WITH_KNOTS('',1,(#3951,#3952),.UNSPECIFIED.,.F.,
  .F.,(2,2),(0.,1.),.PIECEWISE_BEZIER_KNOTS.);
#3951 = CARTESIAN_POINT('',(-51.,12.,205.));
#3952 = CARTESIAN_POINT('',(-60.,35.,215.));
#3953 = ORIENTED_EDGE('',*,*,#3954,.F.);
#3954 = EDGE_CURVE('',#3248,#3948,#3955,.T.);
#3955 = LINE('',#3956,#3957);
#3956 = CARTESIAN_POINT('',(-55.,40.,215.));
#3957 = VECTOR('',#3958,1.);
#3958 = DIRECTION('',(-0.707106781187,-0.707106781187,0.));
#3959 = ORIENTED_EDGE('',*,*,#3247,.F.);
#3960 = B_SPLINE_SURFACE_WITH_KNOTS('',1,1,(
    (#3961,#3962)
    ,(#3963,#3964
    )),.UNSPECIFIED.,.F.,.F.,.F.,(2,2),(2,2),(0.,7.071067811865),(0.,1.)
  ,.PIECEWISE_BEZIER_KNOTS.);
#3961 = CARTESIAN_POINT('',(-47.,16.,205.));
#3962 = CARTESIAN_POINT('',(-55.,40.,215.));
#3963 = CARTESIAN_POINT('',(-51.,12.,205.));
#3964 = CARTESIAN_POINT('',(-60.,35.,215.));
#3965 = ADVANCED_FACE('',(#3966),#3983,.F.);
#3966 = FACE_BOUND('',#3967,.F.);
#3967 = EDGE_LOOP('',(#3968,#3976,#3977,#3978));
#3968 = ORIENTED_EDGE('',*,*,#3969,.T.);
#3969 = EDGE_CURVE('',#3970,#3269,#3972,.T.);
#3970 = VERTEX_POINT('',#3971);
#3971 = CARTESIAN_POINT('',(37.,-10.,191.));
#3972 = LINE('',#3973,#3974);
#3973 = CARTESIAN_POINT('',(37.,-10.,191.));
#3974 = VECTOR('',#3975,1.);
#3975 = DIRECTION('',(-0.707106781187,0.707106781187,0.));
#3976 = ORIENTED_EDGE('',*,*,#3268,.T.);
#3977 = ORIENTED_EDGE('',*,*,#3880,.F.);
#3978 = ORIENTED_EDGE('',*,*,#3979,.F.);
#3979 = EDGE_CURVE('',#3970,#3881,#3980,.T.);
#3980 = B_SPLINE_CURVE_WITH_KNOTS('',1,(#3981,#3982),.UNSPECIFIED.,.F.,
  .F.,(2,2),(0.,1.),.PIECEWISE_BEZIER_KNOTS.);
#3981 = CARTESIAN_POINT('',(37.,-10.,191.));
#3982 = CARTESIAN_POINT('',(51.,12.,205.));
#3983 = B_SPLINE_SURFACE_WITH_KNOTS('',1,1,(
    (#3984,#3985)
    ,(#3986,#3987
    )),.UNSPECIFIED.,.F.,.F.,.F.,(2,2),(2,2),(0.,5.656854249492),(0.,1.)
  ,.PIECEWISE_BEZIER_KNOTS.);
#3984 = CARTESIAN_POINT('',(37.,-10.,191.));
#3985 = CARTESIAN_POINT('',(51.,12.,205.));
#3986 = CARTESIAN_POINT('',(35.,-8.,191.));
#3987 = CARTESIAN_POINT('',(47.,16.,205.));
#3988 = ADVANCED_FACE('',(#3989),#4006,.F.);
#3989 = FACE_BOUND('',#3990,.F.);
#3990 = EDGE_LOOP('',(#3991,#3999,#4004,#4005));
#3991 = ORIENTED_EDGE('',*,*,#3992,.T.);
#3992 = EDGE_CURVE('',#3276,#3993,#3995,.T.);
#3993 = VERTEX_POINT('',#3994);
#3994 = CARTESIAN_POINT('',(-37.,-10.,191.));
#3995 = LINE('',#3996,#3997);
#3996 = CARTESIAN_POINT('',(-35.,-8.,191.));
#3997 = VECTOR('',#3998,1.);
#3998 = DIRECTION('',(-0.707106781187,-0.707106781187,0.));
#3999 = ORIENTED_EDGE('',*,*,#4000,.T.);
#4000 = EDGE_CURVE('',#3993,#3940,#4001,.T.);
#4001 = B_SPLINE_CURVE_WITH_KNOTS('',1,(#4002,#4003),.UNSPECIFIED.,.F.,
  .F.,(2,2),(0.,1.),.PIECEWISE_BEZIER_KNOTS.);
#4002 = CARTESIAN_POINT('',(-37.,-10.,191.));
#4003 = CARTESIAN_POINT('',(-51.,12.,205.));
#4004 = ORIENTED_EDGE('',*,*,#3939,.F.);
#4005 = ORIENTED_EDGE('',*,*,#3283,.F.);
#4006 = B_SPLINE_SURFACE_WITH_KNOTS('',1,1,(
    (#4007,#4008)
    ,(#4009,#4010
    )),.UNSPECIFIED.,.F.,.F.,.F.,(2,2),(2,2),(0.,5.656854249492),(0.,1.)
  ,.PIECEWISE_BEZIER_KNOTS.);
#4007 = CARTESIAN_POINT('',(-35.,-8.,191.));
#4008 = CARTESIAN_POINT('',(-47.,16.,205.));
#4009 = CARTESIAN_POINT('',(-37.,-10.,191.));
#4010 = CARTESIAN_POINT('',(-51.,12.,205.));
#4011 = ADVANCED_FACE('',(#4012),#4115,.T.);
#4012 = FACE_BOUND('',#4013,.T.);
#4013 = EDGE_LOOP('',(#4014,#4022,#4030,#4038,#4045,#4053,#4060,#4068,
    #4075,#4083,#4090,#4098,#4106,#4112,#4113,#4114));
#4014 = ORIENTED_EDGE('',*,*,#4015,.T.);
#4015 = EDGE_CURVE('',#3993,#4016,#4018,.T.);
#4016 = VERTEX_POINT('',#4017);
#4017 = CARTESIAN_POINT('',(-37.,-16.,191.));
#4018 = LINE('',#4019,#4020);
#4019 = CARTESIAN_POINT('',(-37.,-10.,191.));
#4020 = VECTOR('',#4021,1.);
#4021 = DIRECTION('',(0.,-1.,0.));
#4022 = ORIENTED_EDGE('',*,*,#4023,.T.);
#4023 = EDGE_CURVE('',#4016,#4024,#4026,.T.);
#4024 = VERTEX_POINT('',#4025);
#4025 = CARTESIAN_POINT('',(-35.,-18.,191.));
#4026 = LINE('',#4027,#4028);
#4027 = CARTESIAN_POINT('',(-37.,-16.,191.));
#4028 = VECTOR('',#4029,1.);
#4029 = DIRECTION('',(0.707106781187,-0.707106781187,0.));
#4030 = ORIENTED_EDGE('',*,*,#4031,.T.);
#4031 = EDGE_CURVE('',#4024,#4032,#4034,.T.);
#4032 = VERTEX_POINT('',#4033);
#4033 = CARTESIAN_POINT('',(-19.,-18.,191.));
#4034 = LINE('',#4035,#4036);
#4035 = CARTESIAN_POINT('',(-35.,-18.,191.));
#4036 = VECTOR('',#4037,1.);
#4037 = DIRECTION('',(1.,0.,0.));
#4038 = ORIENTED_EDGE('',*,*,#4039,.T.);
#4039 = EDGE_CURVE('',#4032,#4040,#4042,.T.);
#4040 = VERTEX_POINT('',#4041);
#4041 = CARTESIAN_POINT('',(-19.,-8.4,191.));
#4042 = B_SPLINE_CURVE_WITH_KNOTS('',1,(#4043,#4044),.UNSPECIFIED.,.F.,
  .F.,(2,2),(0.,1.),.PIECEWISE_BEZIER_KNOTS.);
#4043 = CARTESIAN_POINT('',(-19.,-19.8,191.));
#4044 = CARTESIAN_POINT('',(-19.,-8.4,191.));
#4045 = ORIENTED_EDGE('',*,*,#4046,.F.);
#4046 = EDGE_CURVE('',#4047,#4040,#4049,.T.);
#4047 = VERTEX_POINT('',#4048);
#4048 = CARTESIAN_POINT('',(-13.,-8.4,191.));
#4049 = LINE('',#4050,#4051);
#4050 = CARTESIAN_POINT('',(-24.,-8.4,191.));
#4051 = VECTOR('',#4052,1.);
#4052 = DIRECTION('',(-1.,0.,0.));
#4053 = ORIENTED_EDGE('',*,*,#4054,.T.);
#4054 = EDGE_CURVE('',#4047,#4055,#4057,.T.);
#4055 = VERTEX_POINT('',#4056);
#4056 = CARTESIAN_POINT('',(-13.,-18.,191.));
#4057 = B_SPLINE_CURVE_WITH_KNOTS('',1,(#4058,#4059),.UNSPECIFIED.,.F.,
  .F.,(2,2),(0.,1.),.PIECEWISE_BEZIER_KNOTS.);
#4058 = CARTESIAN_POINT('',(-13.,-8.4,191.));
#4059 = CARTESIAN_POINT('',(-13.,-19.8,191.));
#4060 = ORIENTED_EDGE('',*,*,#4061,.T.);
#4061 = EDGE_CURVE('',#4055,#4062,#4064,.T.);
#4062 = VERTEX_POINT('',#4063);
#4063 = CARTESIAN_POINT('',(13.,-18.,191.));
#4064 = LINE('',#4065,#4066);
#4065 = CARTESIAN_POINT('',(-35.,-18.,191.));
#4066 = VECTOR('',#4067,1.);
#4067 = DIRECTION('',(1.,0.,0.));
#4068 = ORIENTED_EDGE('',*,*,#4069,.T.);
#4069 = EDGE_CURVE('',#4062,#4070,#4072,.T.);
#4070 = VERTEX_POINT('',#4071);
#4071 = CARTESIAN_POINT('',(13.,-8.4,191.));
#4072 = B_SPLINE_CURVE_WITH_KNOTS('',1,(#4073,#4074),.UNSPECIFIED.,.F.,
  .F.,(2,2),(0.,1.),.PIECEWISE_BEZIER_KNOTS.);
#4073 = CARTESIAN_POINT('',(13.,-19.8,191.));
#4074 = CARTESIAN_POINT('',(13.,-8.4,191.));
#4075 = ORIENTED_EDGE('',*,*,#4076,.F.);
#4076 = EDGE_CURVE('',#4077,#4070,#4079,.T.);
#4077 = VERTEX_POINT('',#4078);
#4078 = CARTESIAN_POINT('',(19.,-8.4,191.));
#4079 = LINE('',#4080,#4081);
#4080 = CARTESIAN_POINT('',(-8.,-8.4,191.));
#4081 = VECTOR('',#4082,1.);
#4082 = DIRECTION('',(-1.,0.,0.));
#4083 = ORIENTED_EDGE('',*,*,#4084,.T.);
#4084 = EDGE_CURVE('',#4077,#4085,#4087,.T.);
#4085 = VERTEX_POINT('',#4086);
#4086 = CARTESIAN_POINT('',(19.,-18.,191.));
#4087 = B_SPLINE_CURVE_WITH_KNOTS('',1,(#4088,#4089),.UNSPECIFIED.,.F.,
  .F.,(2,2),(0.,1.),.PIECEWISE_BEZIER_KNOTS.);
#4088 = CARTESIAN_POINT('',(19.,-8.4,191.));
#4089 = CARTESIAN_POINT('',(19.,-19.77777777777,191.));
#4090 = ORIENTED_EDGE('',*,*,#4091,.T.);
#4091 = EDGE_CURVE('',#4085,#4092,#4094,.T.);
#4092 = VERTEX_POINT('',#4093);
#4093 = CARTESIAN_POINT('',(35.,-18.,191.));
#4094 = LINE('',#4095,#4096);
#4095 = CARTESIAN_POINT('',(-35.,-18.,191.));
#4096 = VECTOR('',#4097,1.);
#4097 = DIRECTION('',(1.,0.,0.));
#4098 = ORIENTED_EDGE('',*,*,#4099,.T.);
#4099 = EDGE_CURVE('',#4092,#4100,#4102,.T.);
#4100 = VERTEX_POINT('',#4101);
#4101 = CARTESIAN_POINT('',(37.,-16.,191.));
#4102 = LINE('',#4103,#4104);
#4103 = CARTESIAN_POINT('',(35.,-18.,191.));
#4104 = VECTOR('',#4105,1.);
#4105 = DIRECTION('',(0.707106781187,0.707106781187,0.));
#4106 = ORIENTED_EDGE('',*,*,#4107,.T.);
#4107 = EDGE_CURVE('',#4100,#3970,#4108,.T.);
#4108 = LINE('',#4109,#4110);
#4109 = CARTESIAN_POINT('',(37.,-16.,191.));
#4110 = VECTOR('',#4111,1.);
#4111 = DIRECTION('',(0.,1.,0.));
#4112 = ORIENTED_EDGE('',*,*,#3969,.T.);
#4113 = ORIENTED_EDGE('',*,*,#3275,.T.);
#4114 = ORIENTED_EDGE('',*,*,#3992,.T.);
#4115 = PLANE('',#4116);
#4116 = AXIS2_PLACEMENT_3D('',#4117,#4118,#4119);
#4117 = CARTESIAN_POINT('',(-35.,-18.,191.));
#4118 = DIRECTION('',(0.,0.,1.));
#4119 = DIRECTION('',(0.993883734674,0.110431526075,0.));
#4120 = ADVANCED_FACE('',(#4121),#4131,.T.);
#4121 = FACE_BOUND('',#4122,.T.);
#4122 = EDGE_LOOP('',(#4123,#4124,#4125,#4126));
#4123 = ORIENTED_EDGE('',*,*,#3309,.T.);
#4124 = ORIENTED_EDGE('',*,*,#3867,.T.);
#4125 = ORIENTED_EDGE('',*,*,#3731,.F.);
#4126 = ORIENTED_EDGE('',*,*,#4127,.F.);
#4127 = EDGE_CURVE('',#3310,#3724,#4128,.T.);
#4128 = B_SPLINE_CURVE_WITH_KNOTS('',1,(#4129,#4130),.UNSPECIFIED.,.F.,
  .F.,(2,2),(0.,1.),.PIECEWISE_BEZIER_KNOTS.);
#4129 = CARTESIAN_POINT('',(58.5,32.,240.));
#4130 = CARTESIAN_POINT('',(57.,31.,248.));
#4131 = B_SPLINE_SURFACE_WITH_KNOTS('',1,1,(
    (#4132,#4133)
    ,(#4134,#4135
    )),.UNSPECIFIED.,.F.,.F.,.F.,(2,2),(2,2),(0.,9.192388155425),(0.,1.)
  ,.PIECEWISE_BEZIER_KNOTS.);
#4132 = CARTESIAN_POINT('',(58.5,32.,240.));
#4133 = CARTESIAN_POINT('',(57.,31.,248.));
#4134 = CARTESIAN_POINT('',(52.,38.5,240.));
#4135 = CARTESIAN_POINT('',(51.,37.,248.));
#4136 = ADVANCED_FACE('',(#4137),#4143,.T.);
#4137 = FACE_BOUND('',#4138,.T.);
#4138 = EDGE_LOOP('',(#4139,#4140,#4141,#4142));
#4139 = ORIENTED_EDGE('',*,*,#3332,.T.);
#4140 = ORIENTED_EDGE('',*,*,#4127,.T.);
#4141 = ORIENTED_EDGE('',*,*,#3723,.F.);
#4142 = ORIENTED_EDGE('',*,*,#3699,.F.);
#4143 = B_SPLINE_SURFACE_WITH_KNOTS('',1,1,(
    (#4144,#4145)
    ,(#4146,#4147
    )),.UNSPECIFIED.,.F.,.F.,.F.,(2,2),(2,2),(0.,40.),(0.,1.),
  .PIECEWISE_BEZIER_KNOTS.);
#4144 = CARTESIAN_POINT('',(58.5,-8.,240.));
#4145 = CARTESIAN_POINT('',(57.,-7.,248.));
#4146 = CARTESIAN_POINT('',(58.5,32.,240.));
#4147 = CARTESIAN_POINT('',(57.,31.,248.));
#4148 = ADVANCED_FACE('',(#4149),#4174,.F.);
#4149 = FACE_BOUND('',#4150,.F.);
#4150 = EDGE_LOOP('',(#4151,#4159,#4167,#4173));
#4151 = ORIENTED_EDGE('',*,*,#4152,.T.);
#4152 = EDGE_CURVE('',#3432,#4153,#4155,.T.);
#4153 = VERTEX_POINT('',#4154);
#4154 = CARTESIAN_POINT('',(19.,-6.7,71.));
#4155 = LINE('',#4156,#4157);
#4156 = CARTESIAN_POINT('',(19.,-6.7,57.));
#4157 = VECTOR('',#4158,1.);
#4158 = DIRECTION('',(0.,0.,-1.));
#4159 = ORIENTED_EDGE('',*,*,#4160,.T.);
#4160 = EDGE_CURVE('',#4153,#4161,#4163,.T.);
#4161 = VERTEX_POINT('',#4162);
#4162 = CARTESIAN_POINT('',(21.,-6.7,73.));
#4163 = LINE('',#4164,#4165);
#4164 = CARTESIAN_POINT('',(16.,-6.7,68.));
#4165 = VECTOR('',#4166,1.);
#4166 = DIRECTION('',(0.707106781187,0.,0.707106781187));
#4167 = ORIENTED_EDGE('',*,*,#4168,.T.);
#4168 = EDGE_CURVE('',#4161,#3424,#4169,.T.);
#4169 = LINE('',#4170,#4171);
#4170 = CARTESIAN_POINT('',(21.,-6.7,73.));
#4171 = VECTOR('',#4172,1.);
#4172 = DIRECTION('',(0.,0.,1.));
#4173 = ORIENTED_EDGE('',*,*,#3431,.T.);
#4174 = PLANE('',#4175);
#4175 = AXIS2_PLACEMENT_3D('',#4176,#4177,#4178);
#4176 = CARTESIAN_POINT('',(1.267218127795E-16,-6.7,106.));
#4177 = DIRECTION('',(-0.,-1.,-0.));
#4178 = DIRECTION('',(0.,0.,-1.));
#4179 = ADVANCED_FACE('',(#4180),#4221,.T.);
#4180 = FACE_BOUND('',#4181,.T.);
#4181 = EDGE_LOOP('',(#4182,#4192,#4200,#4208,#4214,#4215));
#4182 = ORIENTED_EDGE('',*,*,#4183,.F.);
#4183 = EDGE_CURVE('',#4184,#4186,#4188,.T.);
#4184 = VERTEX_POINT('',#4185);
#4185 = CARTESIAN_POINT('',(16.,-13.2,68.));
#4186 = VERTEX_POINT('',#4187);
#4187 = CARTESIAN_POINT('',(21.,-13.2,73.));
#4188 = LINE('',#4189,#4190);
#4189 = CARTESIAN_POINT('',(16.,-13.2,68.));
#4190 = VECTOR('',#4191,1.);
#4191 = DIRECTION('',(0.707106781187,0.,0.707106781187));
#4192 = ORIENTED_EDGE('',*,*,#4193,.T.);
#4193 = EDGE_CURVE('',#4184,#4194,#4196,.T.);
#4194 = VERTEX_POINT('',#4195);
#4195 = CARTESIAN_POINT('',(16.,-8.,68.));
#4196 = LINE('',#4197,#4198);
#4197 = CARTESIAN_POINT('',(16.,-13.2,68.));
#4198 = VECTOR('',#4199,1.);
#4199 = DIRECTION('',(0.,1.,0.));
#4200 = ORIENTED_EDGE('',*,*,#4201,.F.);
#4201 = EDGE_CURVE('',#4202,#4194,#4204,.T.);
#4202 = VERTEX_POINT('',#4203);
#4203 = CARTESIAN_POINT('',(19.,-8.,71.));
#4204 = LINE('',#4205,#4206);
#4205 = CARTESIAN_POINT('',(0.25,-8.,52.25));
#4206 = VECTOR('',#4207,1.);
#4207 = DIRECTION('',(-0.707106781187,0.,-0.707106781187));
#4208 = ORIENTED_EDGE('',*,*,#4209,.T.);
#4209 = EDGE_CURVE('',#4202,#4153,#4210,.T.);
#4210 = LINE('',#4211,#4212);
#4211 = CARTESIAN_POINT('',(19.,-10.6,71.));
#4212 = VECTOR('',#4213,1.);
#4213 = DIRECTION('',(0.,1.,0.));
#4214 = ORIENTED_EDGE('',*,*,#4160,.T.);
#4215 = ORIENTED_EDGE('',*,*,#4216,.F.);
#4216 = EDGE_CURVE('',#4186,#4161,#4217,.T.);
#4217 = LINE('',#4218,#4219);
#4218 = CARTESIAN_POINT('',(21.,-13.2,73.));
#4219 = VECTOR('',#4220,1.);
#4220 = DIRECTION('',(0.,1.,0.));
#4221 = PLANE('',#4222);
#4222 = AXIS2_PLACEMENT_3D('',#4223,#4224,#4225);
#4223 = CARTESIAN_POINT('',(16.,-13.2,68.));
#4224 = DIRECTION('',(0.707106781187,0.,-0.707106781187));
#4225 = DIRECTION('',(0.707106781187,0.,0.707106781187));
#4226 = ADVANCED_FACE('',(#4227),#4284,.F.);
#4227 = FACE_BOUND('',#4228,.F.);
#4228 = EDGE_LOOP('',(#4229,#4237,#4245,#4253,#4261,#4269,#4277,#4283));
#4229 = ORIENTED_EDGE('',*,*,#4230,.F.);
#4230 = EDGE_CURVE('',#4231,#3394,#4233,.T.);
#4231 = VERTEX_POINT('',#4232);
#4232 = CARTESIAN_POINT('',(8.2,-6.7,68.));
#4233 = LINE('',#4234,#4235);
#4234 = CARTESIAN_POINT('',(8.2,-6.7,87.));
#4235 = VECTOR('',#4236,1.);
#4236 = DIRECTION('',(0.,0.,1.));
#4237 = ORIENTED_EDGE('',*,*,#4238,.T.);
#4238 = EDGE_CURVE('',#4231,#4239,#4241,.T.);
#4239 = VERTEX_POINT('',#4240);
#4240 = CARTESIAN_POINT('',(13.,-6.7,68.));
#4241 = LINE('',#4242,#4243);
#4242 = CARTESIAN_POINT('',(-16.,-6.7,68.));
#4243 = VECTOR('',#4244,1.);
#4244 = DIRECTION('',(1.,0.,0.));
#4245 = ORIENTED_EDGE('',*,*,#4246,.F.);
#4246 = EDGE_CURVE('',#4247,#4239,#4249,.T.);
#4247 = VERTEX_POINT('',#4248);
#4248 = CARTESIAN_POINT('',(13.,-6.7,84.2));
#4249 = LINE('',#4250,#4251);
#4250 = CARTESIAN_POINT('',(13.,-6.7,57.));
#4251 = VECTOR('',#4252,1.);
#4252 = DIRECTION('',(0.,0.,-1.));
#4253 = ORIENTED_EDGE('',*,*,#4254,.F.);
#4254 = EDGE_CURVE('',#4255,#4247,#4257,.T.);
#4255 = VERTEX_POINT('',#4256);
#4256 = CARTESIAN_POINT('',(8.45,-6.7,88.75));
#4257 = LINE('',#4258,#4259);
#4258 = CARTESIAN_POINT('',(2.025,-6.7,95.175));
#4259 = VECTOR('',#4260,1.);
#4260 = DIRECTION('',(0.707106781187,0.,-0.707106781187));
#4261 = ORIENTED_EDGE('',*,*,#4262,.F.);
#4262 = EDGE_CURVE('',#4263,#4255,#4265,.T.);
#4263 = VERTEX_POINT('',#4264);
#4264 = CARTESIAN_POINT('',(8.45,-6.7,123.25));
#4265 = LINE('',#4266,#4267);
#4266 = CARTESIAN_POINT('',(8.45,-6.7,114.625));
#4267 = VECTOR('',#4268,1.);
#4268 = DIRECTION('',(0.,0.,-1.));
#4269 = ORIENTED_EDGE('',*,*,#4270,.F.);
#4270 = EDGE_CURVE('',#4271,#4263,#4273,.T.);
#4271 = VERTEX_POINT('',#4272);
#4272 = CARTESIAN_POINT('',(13.,-6.7,127.8));
#4273 = LINE('',#4274,#4275);
#4274 = CARTESIAN_POINT('',(4.4,-6.7,119.2));
#4275 = VECTOR('',#4276,1.);
#4276 = DIRECTION('',(-0.707106781187,0.,-0.707106781187));
#4277 = ORIENTED_EDGE('',*,*,#4278,.F.);
#4278 = EDGE_CURVE('',#3386,#4271,#4279,.T.);
#4279 = LINE('',#4280,#4281);
#4280 = CARTESIAN_POINT('',(13.,-6.7,57.));
#4281 = VECTOR('',#4282,1.);
#4282 = DIRECTION('',(0.,0.,-1.));
#4283 = ORIENTED_EDGE('',*,*,#3393,.T.);
#4284 = PLANE('',#4285);
#4285 = AXIS2_PLACEMENT_3D('',#4286,#4287,#4288);
#4286 = CARTESIAN_POINT('',(1.267218127795E-16,-6.7,106.));
#4287 = DIRECTION('',(-0.,-1.,-0.));
#4288 = DIRECTION('',(0.,0.,-1.));
#4289 = ADVANCED_FACE('',(#4290),#4347,.F.);
#4290 = FACE_BOUND('',#4291,.F.);
#4291 = EDGE_LOOP('',(#4292,#4302,#4310,#4318,#4324,#4325,#4333,#4341));
#4292 = ORIENTED_EDGE('',*,*,#4293,.F.);
#4293 = EDGE_CURVE('',#4294,#4296,#4298,.T.);
#4294 = VERTEX_POINT('',#4295);
#4295 = CARTESIAN_POINT('',(10.,-13.2,87.2));
#4296 = VERTEX_POINT('',#4297);
#4297 = CARTESIAN_POINT('',(13.2,-13.2,84.));
#4298 = LINE('',#4299,#4300);
#4299 = CARTESIAN_POINT('',(2.025,-13.2,95.175));
#4300 = VECTOR('',#4301,1.);
#4301 = DIRECTION('',(0.707106781187,0.,-0.707106781187));
#4302 = ORIENTED_EDGE('',*,*,#4303,.F.);
#4303 = EDGE_CURVE('',#4304,#4294,#4306,.T.);
#4304 = VERTEX_POINT('',#4305);
#4305 = CARTESIAN_POINT('',(10.,-12.8,87.2));
#4306 = LINE('',#4307,#4308);
#4307 = CARTESIAN_POINT('',(10.,-13.65,87.2));
#4308 = VECTOR('',#4309,1.);
#4309 = DIRECTION('',(0.,-1.,0.));
#4310 = ORIENTED_EDGE('',*,*,#4311,.F.);
#4311 = EDGE_CURVE('',#4312,#4304,#4314,.T.);
#4312 = VERTEX_POINT('',#4313);
#4313 = CARTESIAN_POINT('',(8.45,-12.8,88.75));
#4314 = LINE('',#4315,#4316);
#4315 = CARTESIAN_POINT('',(9.025,-12.8,88.175));
#4316 = VECTOR('',#4317,1.);
#4317 = DIRECTION('',(0.707106781187,0.,-0.707106781187));
#4318 = ORIENTED_EDGE('',*,*,#4319,.T.);
#4319 = EDGE_CURVE('',#4312,#4255,#4320,.T.);
#4320 = LINE('',#4321,#4322);
#4321 = CARTESIAN_POINT('',(8.45,-13.5,88.75));
#4322 = VECTOR('',#4323,1.);
#4323 = DIRECTION('',(0.,1.,0.));
#4324 = ORIENTED_EDGE('',*,*,#4254,.T.);
#4325 = ORIENTED_EDGE('',*,*,#4326,.F.);
#4326 = EDGE_CURVE('',#4327,#4247,#4329,.T.);
#4327 = VERTEX_POINT('',#4328);
#4328 = CARTESIAN_POINT('',(13.,-8.,84.2));
#4329 = LINE('',#4330,#4331);
#4330 = CARTESIAN_POINT('',(13.,-10.75,84.2));
#4331 = VECTOR('',#4332,1.);
#4332 = DIRECTION('',(0.,1.,0.));
#4333 = ORIENTED_EDGE('',*,*,#4334,.F.);
#4334 = EDGE_CURVE('',#4335,#4327,#4337,.T.);
#4335 = VERTEX_POINT('',#4336);
#4336 = CARTESIAN_POINT('',(13.2,-8.,84.));
#4337 = LINE('',#4338,#4339);
#4338 = CARTESIAN_POINT('',(29.775,-8.,67.425));
#4339 = VECTOR('',#4340,1.);
#4340 = DIRECTION('',(-0.707106781187,0.,0.707106781187));
#4341 = ORIENTED_EDGE('',*,*,#4342,.F.);
#4342 = EDGE_CURVE('',#4296,#4335,#4343,.T.);
#4343 = LINE('',#4344,#4345);
#4344 = CARTESIAN_POINT('',(13.2,-13.5,84.));
#4345 = VECTOR('',#4346,1.);
#4346 = DIRECTION('',(0.,1.,0.));
#4347 = PLANE('',#4348);
#4348 = AXIS2_PLACEMENT_3D('',#4349,#4350,#4351);
#4349 = CARTESIAN_POINT('',(8.45,-13.5,88.75));
#4350 = DIRECTION('',(-0.707106781187,0.,-0.707106781187));
#4351 = DIRECTION('',(0.707106781187,0.,-0.707106781187));
#4352 = ADVANCED_FACE('',(#4353),#4394,.F.);
#4353 = FACE_BOUND('',#4354,.F.);
#4354 = EDGE_LOOP('',(#4355,#4356,#4364,#4372,#4380,#4388));
#4355 = ORIENTED_EDGE('',*,*,#4334,.T.);
#4356 = ORIENTED_EDGE('',*,*,#4357,.T.);
#4357 = EDGE_CURVE('',#4327,#4358,#4360,.T.);
#4358 = VERTEX_POINT('',#4359);
#4359 = CARTESIAN_POINT('',(13.,-8.,127.8));
#4360 = LINE('',#4361,#4362);
#4361 = CARTESIAN_POINT('',(13.,-8.,8.));
#4362 = VECTOR('',#4363,1.);
#4363 = DIRECTION('',(0.,0.,1.));
#4364 = ORIENTED_EDGE('',*,*,#4365,.T.);
#4365 = EDGE_CURVE('',#4358,#4366,#4368,.T.);
#4366 = VERTEX_POINT('',#4367);
#4367 = CARTESIAN_POINT('',(13.2,-8.,128.));
#4368 = LINE('',#4369,#4370);
#4369 = CARTESIAN_POINT('',(-16.85,-8.,97.95));
#4370 = VECTOR('',#4371,1.);
#4371 = DIRECTION('',(0.707106781187,0.,0.707106781187));
#4372 = ORIENTED_EDGE('',*,*,#4373,.T.);
#4373 = EDGE_CURVE('',#4366,#4374,#4376,.T.);
#4374 = VERTEX_POINT('',#4375);
#4375 = CARTESIAN_POINT('',(17.95,-8.,123.25));
#4376 = LINE('',#4377,#4378);
#4377 = CARTESIAN_POINT('',(45.525,-8.,95.675));
#4378 = VECTOR('',#4379,1.);
#4379 = DIRECTION('',(0.707106781187,0.,-0.707106781187));
#4380 = ORIENTED_EDGE('',*,*,#4381,.T.);
#4381 = EDGE_CURVE('',#4374,#4382,#4384,.T.);
#4382 = VERTEX_POINT('',#4383);
#4383 = CARTESIAN_POINT('',(17.95,-8.,88.75));
#4384 = LINE('',#4385,#4386);
#4385 = CARTESIAN_POINT('',(17.95,-8.,48.375));
#4386 = VECTOR('',#4387,1.);
#4387 = DIRECTION('',(0.,0.,-1.));
#4388 = ORIENTED_EDGE('',*,*,#4389,.T.);
#4389 = EDGE_CURVE('',#4382,#4335,#4390,.T.);
#4390 = LINE('',#4391,#4392);
#4391 = CARTESIAN_POINT('',(-5.85,-8.,64.95));
#4392 = VECTOR('',#4393,1.);
#4393 = DIRECTION('',(-0.707106781187,0.,-0.707106781187));
#4394 = PLANE('',#4395);
#4395 = AXIS2_PLACEMENT_3D('',#4396,#4397,#4398);
#4396 = CARTESIAN_POINT('',(13.,-8.,8.));
#4397 = DIRECTION('',(0.,1.,0.));
#4398 = DIRECTION('',(0.,0.,1.));
#4399 = ADVANCED_FACE('',(#4400),#4448,.F.);
#4400 = FACE_BOUND('',#4401,.F.);
#4401 = EDGE_LOOP('',(#4402,#4412,#4418,#4419,#4425,#4426,#4434,#4442));
#4402 = ORIENTED_EDGE('',*,*,#4403,.F.);
#4403 = EDGE_CURVE('',#4404,#4406,#4408,.T.);
#4404 = VERTEX_POINT('',#4405);
#4405 = CARTESIAN_POINT('',(13.2,-13.2,128.));
#4406 = VERTEX_POINT('',#4407);
#4407 = CARTESIAN_POINT('',(10.,-13.2,124.8));
#4408 = LINE('',#4409,#4410);
#4409 = CARTESIAN_POINT('',(4.4,-13.2,119.2));
#4410 = VECTOR('',#4411,1.);
#4411 = DIRECTION('',(-0.707106781187,0.,-0.707106781187));
#4412 = ORIENTED_EDGE('',*,*,#4413,.T.);
#4413 = EDGE_CURVE('',#4404,#4366,#4414,.T.);
#4414 = LINE('',#4415,#4416);
#4415 = CARTESIAN_POINT('',(13.2,-13.5,128.));
#4416 = VECTOR('',#4417,1.);
#4417 = DIRECTION('',(0.,1.,0.));
#4418 = ORIENTED_EDGE('',*,*,#4365,.F.);
#4419 = ORIENTED_EDGE('',*,*,#4420,.F.);
#4420 = EDGE_CURVE('',#4271,#4358,#4421,.T.);
#4421 = LINE('',#4422,#4423);
#4422 = CARTESIAN_POINT('',(13.,-10.75,127.8));
#4423 = VECTOR('',#4424,1.);
#4424 = DIRECTION('',(0.,-1.,0.));
#4425 = ORIENTED_EDGE('',*,*,#4270,.T.);
#4426 = ORIENTED_EDGE('',*,*,#4427,.F.);
#4427 = EDGE_CURVE('',#4428,#4263,#4430,.T.);
#4428 = VERTEX_POINT('',#4429);
#4429 = CARTESIAN_POINT('',(8.45,-12.8,123.25));
#4430 = LINE('',#4431,#4432);
#4431 = CARTESIAN_POINT('',(8.45,-13.5,123.25));
#4432 = VECTOR('',#4433,1.);
#4433 = DIRECTION('',(0.,1.,0.));
#4434 = ORIENTED_EDGE('',*,*,#4435,.F.);
#4435 = EDGE_CURVE('',#4436,#4428,#4438,.T.);
#4436 = VERTEX_POINT('',#4437);
#4437 = CARTESIAN_POINT('',(10.,-12.8,124.8));
#4438 = LINE('',#4439,#4440);
#4439 = CARTESIAN_POINT('',(-7.6,-12.8,107.2));
#4440 = VECTOR('',#4441,1.);
#4441 = DIRECTION('',(-0.707106781187,0.,-0.707106781187));
#4442 = ORIENTED_EDGE('',*,*,#4443,.F.);
#4443 = EDGE_CURVE('',#4406,#4436,#4444,.T.);
#4444 = LINE('',#4445,#4446);
#4445 = CARTESIAN_POINT('',(10.,-13.65,124.8));
#4446 = VECTOR('',#4447,1.);
#4447 = DIRECTION('',(0.,1.,0.));
#4448 = PLANE('',#4449);
#4449 = AXIS2_PLACEMENT_3D('',#4450,#4451,#4452);
#4450 = CARTESIAN_POINT('',(13.2,-13.5,128.));
#4451 = DIRECTION('',(-0.707106781187,0.,0.707106781187));
#4452 = DIRECTION('',(-0.707106781187,0.,-0.707106781187));
#4453 = ADVANCED_FACE('',(#4454),#4568,.T.);
#4454 = FACE_BOUND('',#4455,.T.);
#4455 = EDGE_LOOP('',(#4456,#4464,#4472,#4478,#4479,#4487,#4495,#4501,
    #4502,#4510,#4553,#4559,#4560,#4566,#4567));
#4456 = ORIENTED_EDGE('',*,*,#4457,.F.);
#4457 = EDGE_CURVE('',#4458,#3371,#4460,.T.);
#4458 = VERTEX_POINT('',#4459);
#4459 = CARTESIAN_POINT('',(8.2,-13.2,140.));
#4460 = LINE('',#4461,#4462);
#4461 = CARTESIAN_POINT('',(8.2,-13.2,87.));
#4462 = VECTOR('',#4463,1.);
#4463 = DIRECTION('',(0.,0.,1.));
#4464 = ORIENTED_EDGE('',*,*,#4465,.F.);
#4465 = EDGE_CURVE('',#4466,#4458,#4468,.T.);
#4466 = VERTEX_POINT('',#4467);
#4467 = CARTESIAN_POINT('',(10.,-13.2,140.));
#4468 = LINE('',#4469,#4470);
#4469 = CARTESIAN_POINT('',(6.336090638974E-17,-13.2,140.));
#4470 = VECTOR('',#4471,1.);
#4471 = DIRECTION('',(-1.,0.,0.));
#4472 = ORIENTED_EDGE('',*,*,#4473,.F.);
#4473 = EDGE_CURVE('',#4406,#4466,#4474,.T.);
#4474 = LINE('',#4475,#4476);
#4475 = CARTESIAN_POINT('',(10.,-13.2,87.));
#4476 = VECTOR('',#4477,1.);
#4477 = DIRECTION('',(0.,0.,1.));
#4478 = ORIENTED_EDGE('',*,*,#4403,.F.);
#4479 = ORIENTED_EDGE('',*,*,#4480,.F.);
#4480 = EDGE_CURVE('',#4481,#4404,#4483,.T.);
#4481 = VERTEX_POINT('',#4482);
#4482 = CARTESIAN_POINT('',(17.95,-13.2,123.25));
#4483 = LINE('',#4484,#4485);
#4484 = CARTESIAN_POINT('',(17.775,-13.2,123.425));
#4485 = VECTOR('',#4486,1.);
#4486 = DIRECTION('',(-0.707106781187,0.,0.707106781187));
#4487 = ORIENTED_EDGE('',*,*,#4488,.F.);
#4488 = EDGE_CURVE('',#4489,#4481,#4491,.T.);
#4489 = VERTEX_POINT('',#4490);
#4490 = CARTESIAN_POINT('',(17.95,-13.2,88.75));
#4491 = LINE('',#4492,#4493);
#4492 = CARTESIAN_POINT('',(17.95,-13.2,97.375));
#4493 = VECTOR('',#4494,1.);
#4494 = DIRECTION('',(0.,0.,1.));
#4495 = ORIENTED_EDGE('',*,*,#4496,.F.);
#4496 = EDGE_CURVE('',#4296,#4489,#4497,.T.);
#4497 = LINE('',#4498,#4499);
#4498 = CARTESIAN_POINT('',(15.4,-13.2,86.2));
#4499 = VECTOR('',#4500,1.);
#4500 = DIRECTION('',(0.707106781187,0.,0.707106781187));
#4501 = ORIENTED_EDGE('',*,*,#4293,.F.);
#4502 = ORIENTED_EDGE('',*,*,#4503,.F.);
#4503 = EDGE_CURVE('',#4504,#4294,#4506,.T.);
#4504 = VERTEX_POINT('',#4505);
#4505 = CARTESIAN_POINT('',(10.,-13.2,72.));
#4506 = LINE('',#4507,#4508);
#4507 = CARTESIAN_POINT('',(10.,-13.2,87.));
#4508 = VECTOR('',#4509,1.);
#4509 = DIRECTION('',(0.,0.,1.));
#4510 = ORIENTED_EDGE('',*,*,#4511,.F.);
#4511 = EDGE_CURVE('',#4512,#4504,#4514,.T.);
#4512 = VERTEX_POINT('',#4513);
#4513 = CARTESIAN_POINT('',(10.,-13.2,68.));
#4514 = B_SPLINE_CURVE_WITH_KNOTS('',7,(#4515,#4516,#4517,#4518,#4519,
    #4520,#4521,#4522,#4523,#4524,#4525,#4526,#4527,#4528,#4529,#4530,
    #4531,#4532,#4533,#4534,#4535,#4536,#4537,#4538,#4539,#4540,#4541,
    #4542,#4543,#4544,#4545,#4546,#4547,#4548,#4549,#4550,#4551,#4552),
  .UNSPECIFIED.,.F.,.F.,(8,6,6,6,6,6,8),(0.,0.194931486321,
    0.429019660073,0.592666818756,0.685792518861,0.928091386316,1.),
  .UNSPECIFIED.);
#4515 = CARTESIAN_POINT('',(10.,-13.2,68.));
#4516 = CARTESIAN_POINT('',(10.00447055711,-13.2,68.044705571103));
#4517 = CARTESIAN_POINT('',(10.008796514942,-13.2,68.092511737402));
#4518 = CARTESIAN_POINT('',(10.012959878217,-13.2,68.143755983949));
#4519 = CARTESIAN_POINT('',(10.016938490774,-13.2,68.198808279229));
#4520 = CARTESIAN_POINT('',(10.020705803555,-13.2,68.25807565344));
#4521 = CARTESIAN_POINT('',(10.024231669103,-13.2,68.321986519827));
#4522 = CARTESIAN_POINT('',(10.031389997783,-13.2,68.473776887494));
#4523 = CARTESIAN_POINT('',(10.034903088722,-13.2,68.563922993428));
#4524 = CARTESIAN_POINT('',(10.037964220872,-13.2,68.662047060197));
#4525 = CARTESIAN_POINT('',(10.040512344794,-13.2,68.768714019562));
#4526 = CARTESIAN_POINT('',(10.042491185488,-13.2,68.884294196653));
#4527 = CARTESIAN_POINT('',(10.043866114986,-13.2,69.008695365509));
#4528 = CARTESIAN_POINT('',(10.045169725963,-13.2,69.233847302884));
#4529 = CARTESIAN_POINT('',(10.04540929496,-13.2,69.330477076991));
#4530 = CARTESIAN_POINT('',(10.045350354753,-13.2,69.430872528029));
#4531 = CARTESIAN_POINT('',(10.044999168329,-13.2,69.534740406502));
#4532 = CARTESIAN_POINT('',(10.044368066375,-13.2,69.641741819081));
#4533 = CARTESIAN_POINT('',(10.043473541105,-13.2,69.751513910817));
#4534 = CARTESIAN_POINT('',(10.041686061854,-13.2,69.927527797376));
#4535 = CARTESIAN_POINT('',(10.040958480757,-13.2,69.992149122726));
#4536 = CARTESIAN_POINT('',(10.040154970584,-13.2,70.05749381277));
#4537 = CARTESIAN_POINT('',(10.03927905738,-13.2,70.12350263135));
#4538 = CARTESIAN_POINT('',(10.038334321844,-13.2,70.190119711422));
#4539 = CARTESIAN_POINT('',(10.037324301722,-13.2,70.257293449713));
#4540 = CARTESIAN_POINT('',(10.033463454324,-13.2,70.501080719901));
#4541 = CARTESIAN_POINT('',(10.030256278863,-13.2,70.680592008152));
#4542 = CARTESIAN_POINT('',(10.026690252151,-13.2,70.86275984026));
#4543 = CARTESIAN_POINT('',(10.022819360757,-13.2,71.04695797046));
#4544 = CARTESIAN_POINT('',(10.018689009393,-13.2,71.232708199702));
#4545 = CARTESIAN_POINT('',(10.014335157604,-13.2,71.419686742337));
#4546 = CARTESIAN_POINT('',(10.008435627974,-13.2,71.663516194867));
#4547 = CARTESIAN_POINT('',(10.007068335666,-13.2,71.719407408743));
#4548 = CARTESIAN_POINT('',(10.005684666598,-13.2,71.775381509095));
#4549 = CARTESIAN_POINT('',(10.004285342818,-13.2,71.831432777165));
#4550 = CARTESIAN_POINT('',(10.002871042127,-13.2,71.887556000856));
#4551 = CARTESIAN_POINT('',(10.001442398084,-13.2,71.943746474727));
#4552 = CARTESIAN_POINT('',(10.,-13.2,72.));
#4553 = ORIENTED_EDGE('',*,*,#4554,.T.);
#4554 = EDGE_CURVE('',#4512,#4184,#4555,.T.);
#4555 = LINE('',#4556,#4557);
#4556 = CARTESIAN_POINT('',(-16.,-13.2,68.));
#4557 = VECTOR('',#4558,1.);
#4558 = DIRECTION('',(1.,0.,0.));
#4559 = ORIENTED_EDGE('',*,*,#4183,.T.);
#4560 = ORIENTED_EDGE('',*,*,#4561,.T.);
#4561 = EDGE_CURVE('',#4186,#3416,#4562,.T.);
#4562 = LINE('',#4563,#4564);
#4563 = CARTESIAN_POINT('',(21.,-13.2,73.));
#4564 = VECTOR('',#4565,1.);
#4565 = DIRECTION('',(0.,0.,1.));
#4566 = ORIENTED_EDGE('',*,*,#3415,.T.);
#4567 = ORIENTED_EDGE('',*,*,#3368,.T.);
#4568 = PLANE('',#4569);
#4569 = AXIS2_PLACEMENT_3D('',#4570,#4571,#4572);
#4570 = CARTESIAN_POINT('',(1.267218127795E-16,-13.2,106.));
#4571 = DIRECTION('',(-0.,-1.,-0.));
#4572 = DIRECTION('',(0.,0.,-1.));
#4573 = ADVANCED_FACE('',(#4574),#4601,.F.);
#4574 = FACE_BOUND('',#4575,.F.);
#4575 = EDGE_LOOP('',(#4576,#4577,#4578,#4586,#4594,#4600));
#4576 = ORIENTED_EDGE('',*,*,#3401,.F.);
#4577 = ORIENTED_EDGE('',*,*,#4457,.F.);
#4578 = ORIENTED_EDGE('',*,*,#4579,.F.);
#4579 = EDGE_CURVE('',#4580,#4458,#4582,.T.);
#4580 = VERTEX_POINT('',#4581);
#4581 = CARTESIAN_POINT('',(8.2,-12.8,140.));
#4582 = LINE('',#4583,#4584);
#4583 = CARTESIAN_POINT('',(8.2,-16.06626499314,140.));
#4584 = VECTOR('',#4585,1.);
#4585 = DIRECTION('',(0.,-1.,0.));
#4586 = ORIENTED_EDGE('',*,*,#4587,.F.);
#4587 = EDGE_CURVE('',#4588,#4580,#4590,.T.);
#4588 = VERTEX_POINT('',#4589);
#4589 = CARTESIAN_POINT('',(8.2,-12.8,68.));
#4590 = LINE('',#4591,#4592);
#4591 = CARTESIAN_POINT('',(8.2,-12.8,68.));
#4592 = VECTOR('',#4593,1.);
#4593 = DIRECTION('',(0.,0.,1.));
#4594 = ORIENTED_EDGE('',*,*,#4595,.T.);
#4595 = EDGE_CURVE('',#4588,#4231,#4596,.T.);
#4596 = LINE('',#4597,#4598);
#4597 = CARTESIAN_POINT('',(8.2,-13.4,68.));
#4598 = VECTOR('',#4599,1.);
#4599 = DIRECTION('',(0.,1.,0.));
#4600 = ORIENTED_EDGE('',*,*,#4230,.T.);
#4601 = PLANE('',#4602);
#4602 = AXIS2_PLACEMENT_3D('',#4603,#4604,#4605);
#4603 = CARTESIAN_POINT('',(8.2,-13.4,68.));
#4604 = DIRECTION('',(1.,0.,0.));
#4605 = DIRECTION('',(0.,0.,1.));
#4606 = ADVANCED_FACE('',(#4607),#4613,.T.);
#4607 = FACE_BOUND('',#4608,.T.);
#4608 = EDGE_LOOP('',(#4609,#4610,#4611,#4612));
#4609 = ORIENTED_EDGE('',*,*,#4216,.T.);
#4610 = ORIENTED_EDGE('',*,*,#4168,.T.);
#4611 = ORIENTED_EDGE('',*,*,#3423,.F.);
#4612 = ORIENTED_EDGE('',*,*,#4561,.F.);
#4613 = PLANE('',#4614);
#4614 = AXIS2_PLACEMENT_3D('',#4615,#4616,#4617);
#4615 = CARTESIAN_POINT('',(21.,-13.2,73.));
#4616 = DIRECTION('',(1.,0.,0.));
#4617 = DIRECTION('',(0.,0.,1.));
#4618 = ADVANCED_FACE('',(#4619),#4760,.T.);
#4619 = FACE_BOUND('',#4620,.T.);
#4620 = EDGE_LOOP('',(#4621,#4629,#4637,#4645,#4688,#4696,#4704,#4712,
    #4720,#4728,#4736,#4744,#4752,#4758,#4759));
#4621 = ORIENTED_EDGE('',*,*,#4622,.T.);
#4622 = EDGE_CURVE('',#3518,#4623,#4625,.T.);
#4623 = VERTEX_POINT('',#4624);
#4624 = CARTESIAN_POINT('',(-21.,-13.2,73.));
#4625 = LINE('',#4626,#4627);
#4626 = CARTESIAN_POINT('',(-21.,-13.2,139.));
#4627 = VECTOR('',#4628,1.);
#4628 = DIRECTION('',(0.,0.,-1.));
#4629 = ORIENTED_EDGE('',*,*,#4630,.T.);
#4630 = EDGE_CURVE('',#4623,#4631,#4633,.T.);
#4631 = VERTEX_POINT('',#4632);
#4632 = CARTESIAN_POINT('',(-16.,-13.2,68.));
#4633 = LINE('',#4634,#4635);
#4634 = CARTESIAN_POINT('',(-21.,-13.2,73.));
#4635 = VECTOR('',#4636,1.);
#4636 = DIRECTION('',(0.707106781187,0.,-0.707106781187));
#4637 = ORIENTED_EDGE('',*,*,#4638,.T.);
#4638 = EDGE_CURVE('',#4631,#4639,#4641,.T.);
#4639 = VERTEX_POINT('',#4640);
#4640 = CARTESIAN_POINT('',(-10.,-13.2,68.));
#4641 = LINE('',#4642,#4643);
#4642 = CARTESIAN_POINT('',(-16.,-13.2,68.));
#4643 = VECTOR('',#4644,1.);
#4644 = DIRECTION('',(1.,0.,0.));
#4645 = ORIENTED_EDGE('',*,*,#4646,.T.);
#4646 = EDGE_CURVE('',#4639,#4647,#4649,.T.);
#4647 = VERTEX_POINT('',#4648);
#4648 = CARTESIAN_POINT('',(-10.,-13.2,72.));
#4649 = B_SPLINE_CURVE_WITH_KNOTS('',7,(#4650,#4651,#4652,#4653,#4654,
    #4655,#4656,#4657,#4658,#4659,#4660,#4661,#4662,#4663,#4664,#4665,
    #4666,#4667,#4668,#4669,#4670,#4671,#4672,#4673,#4674,#4675,#4676,
    #4677,#4678,#4679,#4680,#4681,#4682,#4683,#4684,#4685,#4686,#4687),
  .UNSPECIFIED.,.F.,.F.,(8,6,6,6,6,6,8),(0.,0.194931486321,
    0.429019660073,0.592666818756,0.685792518861,0.928091386316,1.),
  .UNSPECIFIED.);
#4650 = CARTESIAN_POINT('',(-10.,-13.2,68.));
#4651 = CARTESIAN_POINT('',(-10.00447055711,-13.2,68.044705571103));
#4652 = CARTESIAN_POINT('',(-10.00879651494,-13.2,68.092511737402));
#4653 = CARTESIAN_POINT('',(-10.01295987821,-13.2,68.143755983949));
#4654 = CARTESIAN_POINT('',(-10.01693849077,-13.2,68.198808279229));
#4655 = CARTESIAN_POINT('',(-10.02070580355,-13.2,68.25807565344));
#4656 = CARTESIAN_POINT('',(-10.0242316691,-13.2,68.321986519827));
#4657 = CARTESIAN_POINT('',(-10.03138999778,-13.2,68.473776887494));
#4658 = CARTESIAN_POINT('',(-10.03490308872,-13.2,68.563922993428));
#4659 = CARTESIAN_POINT('',(-10.03796422087,-13.2,68.662047060197));
#4660 = CARTESIAN_POINT('',(-10.04051234479,-13.2,68.768714019561));
#4661 = CARTESIAN_POINT('',(-10.04249118548,-13.2,68.884294196653));
#4662 = CARTESIAN_POINT('',(-10.04386611498,-13.2,69.008695365508));
#4663 = CARTESIAN_POINT('',(-10.04516972596,-13.2,69.233847302884));
#4664 = CARTESIAN_POINT('',(-10.04540929496,-13.2,69.330477076991));
#4665 = CARTESIAN_POINT('',(-10.04535035475,-13.2,69.430872528029));
#4666 = CARTESIAN_POINT('',(-10.04499916832,-13.2,69.534740406502));
#4667 = CARTESIAN_POINT('',(-10.04436806637,-13.2,69.641741819081));
#4668 = CARTESIAN_POINT('',(-10.0434735411,-13.2,69.751513910817));
#4669 = CARTESIAN_POINT('',(-10.04168606185,-13.2,69.927527797376));
#4670 = CARTESIAN_POINT('',(-10.04095848075,-13.2,69.992149122726));
#4671 = CARTESIAN_POINT('',(-10.04015497058,-13.2,70.05749381277));
#4672 = CARTESIAN_POINT('',(-10.03927905738,-13.2,70.123502631349));
#4673 = CARTESIAN_POINT('',(-10.03833432184,-13.2,70.190119711422));
#4674 = CARTESIAN_POINT('',(-10.03732430172,-13.2,70.257293449713));
#4675 = CARTESIAN_POINT('',(-10.03346345432,-13.2,70.501080719901));
#4676 = CARTESIAN_POINT('',(-10.03025627886,-13.2,70.680592008152));
#4677 = CARTESIAN_POINT('',(-10.02669025215,-13.2,70.86275984026));
#4678 = CARTESIAN_POINT('',(-10.02281936075,-13.2,71.046957970461));
#4679 = CARTESIAN_POINT('',(-10.01868900939,-13.2,71.232708199702));
#4680 = CARTESIAN_POINT('',(-10.0143351576,-13.2,71.419686742337));
#4681 = CARTESIAN_POINT('',(-10.00843562797,-13.2,71.663516194867));
#4682 = CARTESIAN_POINT('',(-10.00706833566,-13.2,71.719407408743));
#4683 = CARTESIAN_POINT('',(-10.00568466659,-13.2,71.775381509095));
#4684 = CARTESIAN_POINT('',(-10.00428534281,-13.2,71.831432777165));
#4685 = CARTESIAN_POINT('',(-10.00287104212,-13.2,71.887556000856));
#4686 = CARTESIAN_POINT('',(-10.00144239808,-13.2,71.943746474727));
#4687 = CARTESIAN_POINT('',(-10.,-13.2,72.));
#4688 = ORIENTED_EDGE('',*,*,#4689,.T.);
#4689 = EDGE_CURVE('',#4647,#4690,#4692,.T.);
#4690 = VERTEX_POINT('',#4691);
#4691 = CARTESIAN_POINT('',(-10.,-13.2,87.2));
#4692 = LINE('',#4693,#4694);
#4693 = CARTESIAN_POINT('',(-10.,-13.2,87.));
#4694 = VECTOR('',#4695,1.);
#4695 = DIRECTION('',(0.,0.,1.));
#4696 = ORIENTED_EDGE('',*,*,#4697,.F.);
#4697 = EDGE_CURVE('',#4698,#4690,#4700,.T.);
#4698 = VERTEX_POINT('',#4699);
#4699 = CARTESIAN_POINT('',(-13.2,-13.2,84.));
#4700 = LINE('',#4701,#4702);
#4701 = CARTESIAN_POINT('',(-4.4,-13.2,92.8));
#4702 = VECTOR('',#4703,1.);
#4703 = DIRECTION('',(0.707106781187,0.,0.707106781187));
#4704 = ORIENTED_EDGE('',*,*,#4705,.F.);
#4705 = EDGE_CURVE('',#4706,#4698,#4708,.T.);
#4706 = VERTEX_POINT('',#4707);
#4707 = CARTESIAN_POINT('',(-17.95,-13.2,88.75));
#4708 = LINE('',#4709,#4710);
#4709 = CARTESIAN_POINT('',(-17.775,-13.2,88.575));
#4710 = VECTOR('',#4711,1.);
#4711 = DIRECTION('',(0.707106781187,0.,-0.707106781187));
#4712 = ORIENTED_EDGE('',*,*,#4713,.F.);
#4713 = EDGE_CURVE('',#4714,#4706,#4716,.T.);
#4714 = VERTEX_POINT('',#4715);
#4715 = CARTESIAN_POINT('',(-17.95,-13.2,123.25));
#4716 = LINE('',#4717,#4718);
#4717 = CARTESIAN_POINT('',(-17.95,-13.2,114.625));
#4718 = VECTOR('',#4719,1.);
#4719 = DIRECTION('',(0.,0.,-1.));
#4720 = ORIENTED_EDGE('',*,*,#4721,.F.);
#4721 = EDGE_CURVE('',#4722,#4714,#4724,.T.);
#4722 = VERTEX_POINT('',#4723);
#4723 = CARTESIAN_POINT('',(-13.2,-13.2,128.));
#4724 = LINE('',#4725,#4726);
#4725 = CARTESIAN_POINT('',(-15.4,-13.2,125.8));
#4726 = VECTOR('',#4727,1.);
#4727 = DIRECTION('',(-0.707106781187,0.,-0.707106781187));
#4728 = ORIENTED_EDGE('',*,*,#4729,.F.);
#4729 = EDGE_CURVE('',#4730,#4722,#4732,.T.);
#4730 = VERTEX_POINT('',#4731);
#4731 = CARTESIAN_POINT('',(-10.,-13.2,124.8));
#4732 = LINE('',#4733,#4734);
#4733 = CARTESIAN_POINT('',(-2.025,-13.2,116.825));
#4734 = VECTOR('',#4735,1.);
#4735 = DIRECTION('',(-0.707106781187,0.,0.707106781187));
#4736 = ORIENTED_EDGE('',*,*,#4737,.T.);
#4737 = EDGE_CURVE('',#4730,#4738,#4740,.T.);
#4738 = VERTEX_POINT('',#4739);
#4739 = CARTESIAN_POINT('',(-10.,-13.2,140.));
#4740 = LINE('',#4741,#4742);
#4741 = CARTESIAN_POINT('',(-10.,-13.2,87.));
#4742 = VECTOR('',#4743,1.);
#4743 = DIRECTION('',(0.,0.,1.));
#4744 = ORIENTED_EDGE('',*,*,#4745,.F.);
#4745 = EDGE_CURVE('',#4746,#4738,#4748,.T.);
#4746 = VERTEX_POINT('',#4747);
#4747 = CARTESIAN_POINT('',(-8.2,-13.2,140.));
#4748 = LINE('',#4749,#4750);
#4749 = CARTESIAN_POINT('',(6.336090638974E-17,-13.2,140.));
#4750 = VECTOR('',#4751,1.);
#4751 = DIRECTION('',(-1.,0.,0.));
#4752 = ORIENTED_EDGE('',*,*,#4753,.T.);
#4753 = EDGE_CURVE('',#4746,#3563,#4754,.T.);
#4754 = LINE('',#4755,#4756);
#4755 = CARTESIAN_POINT('',(-8.2,-13.2,87.));
#4756 = VECTOR('',#4757,1.);
#4757 = DIRECTION('',(0.,0.,1.));
#4758 = ORIENTED_EDGE('',*,*,#3562,.T.);
#4759 = ORIENTED_EDGE('',*,*,#3515,.T.);
#4760 = PLANE('',#4761);
#4761 = AXIS2_PLACEMENT_3D('',#4762,#4763,#4764);
#4762 = CARTESIAN_POINT('',(1.267218127795E-16,-13.2,106.));
#4763 = DIRECTION('',(-0.,-1.,-0.));
#4764 = DIRECTION('',(0.,0.,-1.));
#4765 = ADVANCED_FACE('',(#4766),#4784,.T.);
#4766 = FACE_BOUND('',#4767,.T.);
#4767 = EDGE_LOOP('',(#4768,#4769,#4777,#4783));
#4768 = ORIENTED_EDGE('',*,*,#3548,.T.);
#4769 = ORIENTED_EDGE('',*,*,#4770,.T.);
#4770 = EDGE_CURVE('',#3541,#4771,#4773,.T.);
#4771 = VERTEX_POINT('',#4772);
#4772 = CARTESIAN_POINT('',(-21.,-6.7,73.));
#4773 = LINE('',#4774,#4775);
#4774 = CARTESIAN_POINT('',(-21.,-6.7,139.));
#4775 = VECTOR('',#4776,1.);
#4776 = DIRECTION('',(0.,0.,-1.));
#4777 = ORIENTED_EDGE('',*,*,#4778,.F.);
#4778 = EDGE_CURVE('',#4623,#4771,#4779,.T.);
#4779 = LINE('',#4780,#4781);
#4780 = CARTESIAN_POINT('',(-21.,-13.2,73.));
#4781 = VECTOR('',#4782,1.);
#4782 = DIRECTION('',(0.,1.,0.));
#4783 = ORIENTED_EDGE('',*,*,#4622,.F.);
#4784 = PLANE('',#4785);
#4785 = AXIS2_PLACEMENT_3D('',#4786,#4787,#4788);
#4786 = CARTESIAN_POINT('',(-21.,-13.2,139.));
#4787 = DIRECTION('',(-1.,0.,0.));
#4788 = DIRECTION('',(0.,0.,-1.));
#4789 = ADVANCED_FACE('',(#4790),#4808,.F.);
#4790 = FACE_BOUND('',#4791,.F.);
#4791 = EDGE_LOOP('',(#4792,#4793,#4801,#4807));
#4792 = ORIENTED_EDGE('',*,*,#4770,.T.);
#4793 = ORIENTED_EDGE('',*,*,#4794,.T.);
#4794 = EDGE_CURVE('',#4771,#4795,#4797,.T.);
#4795 = VERTEX_POINT('',#4796);
#4796 = CARTESIAN_POINT('',(-19.,-6.7,71.));
#4797 = LINE('',#4798,#4799);
#4798 = CARTESIAN_POINT('',(-21.,-6.7,73.));
#4799 = VECTOR('',#4800,1.);
#4800 = DIRECTION('',(0.707106781187,0.,-0.707106781187));
#4801 = ORIENTED_EDGE('',*,*,#4802,.F.);
#4802 = EDGE_CURVE('',#3533,#4795,#4803,.T.);
#4803 = LINE('',#4804,#4805);
#4804 = CARTESIAN_POINT('',(-19.,-6.7,57.));
#4805 = VECTOR('',#4806,1.);
#4806 = DIRECTION('',(0.,0.,-1.));
#4807 = ORIENTED_EDGE('',*,*,#3540,.T.);
#4808 = PLANE('',#4809);
#4809 = AXIS2_PLACEMENT_3D('',#4810,#4811,#4812);
#4810 = CARTESIAN_POINT('',(1.267218127795E-16,-6.7,106.));
#4811 = DIRECTION('',(-0.,-1.,-0.));
#4812 = DIRECTION('',(0.,0.,-1.));
#4813 = ADVANCED_FACE('',(#4814),#4871,.F.);
#4814 = FACE_BOUND('',#4815,.F.);
#4815 = EDGE_LOOP('',(#4816,#4826,#4834,#4840,#4841,#4849,#4857,#4865));
#4816 = ORIENTED_EDGE('',*,*,#4817,.T.);
#4817 = EDGE_CURVE('',#4818,#4820,#4822,.T.);
#4818 = VERTEX_POINT('',#4819);
#4819 = CARTESIAN_POINT('',(-13.,-6.7,84.2));
#4820 = VERTEX_POINT('',#4821);
#4821 = CARTESIAN_POINT('',(-13.,-6.7,68.));
#4822 = LINE('',#4823,#4824);
#4823 = CARTESIAN_POINT('',(-13.,-6.7,57.));
#4824 = VECTOR('',#4825,1.);
#4825 = DIRECTION('',(0.,0.,-1.));
#4826 = ORIENTED_EDGE('',*,*,#4827,.T.);
#4827 = EDGE_CURVE('',#4820,#4828,#4830,.T.);
#4828 = VERTEX_POINT('',#4829);
#4829 = CARTESIAN_POINT('',(-8.2,-6.7,68.));
#4830 = LINE('',#4831,#4832);
#4831 = CARTESIAN_POINT('',(-16.,-6.7,68.));
#4832 = VECTOR('',#4833,1.);
#4833 = DIRECTION('',(1.,0.,0.));
#4834 = ORIENTED_EDGE('',*,*,#4835,.T.);
#4835 = EDGE_CURVE('',#4828,#3571,#4836,.T.);
#4836 = LINE('',#4837,#4838);
#4837 = CARTESIAN_POINT('',(-8.2,-6.7,87.));
#4838 = VECTOR('',#4839,1.);
#4839 = DIRECTION('',(0.,0.,1.));
#4840 = ORIENTED_EDGE('',*,*,#3578,.T.);
#4841 = ORIENTED_EDGE('',*,*,#4842,.T.);
#4842 = EDGE_CURVE('',#3579,#4843,#4845,.T.);
#4843 = VERTEX_POINT('',#4844);
#4844 = CARTESIAN_POINT('',(-13.,-6.7,127.8));
#4845 = LINE('',#4846,#4847);
#4846 = CARTESIAN_POINT('',(-13.,-6.7,57.));
#4847 = VECTOR('',#4848,1.);
#4848 = DIRECTION('',(0.,0.,-1.));
#4849 = ORIENTED_EDGE('',*,*,#4850,.F.);
#4850 = EDGE_CURVE('',#4851,#4843,#4853,.T.);
#4851 = VERTEX_POINT('',#4852);
#4852 = CARTESIAN_POINT('',(-8.45,-6.7,123.25));
#4853 = LINE('',#4854,#4855);
#4854 = CARTESIAN_POINT('',(-2.025,-6.7,116.825));
#4855 = VECTOR('',#4856,1.);
#4856 = DIRECTION('',(-0.707106781187,0.,0.707106781187));
#4857 = ORIENTED_EDGE('',*,*,#4858,.F.);
#4858 = EDGE_CURVE('',#4859,#4851,#4861,.T.);
#4859 = VERTEX_POINT('',#4860);
#4860 = CARTESIAN_POINT('',(-8.45,-6.7,88.75));
#4861 = LINE('',#4862,#4863);
#4862 = CARTESIAN_POINT('',(-8.45,-6.7,97.375));
#4863 = VECTOR('',#4864,1.);
#4864 = DIRECTION('',(0.,0.,1.));
#4865 = ORIENTED_EDGE('',*,*,#4866,.F.);
#4866 = EDGE_CURVE('',#4818,#4859,#4867,.T.);
#4867 = LINE('',#4868,#4869);
#4868 = CARTESIAN_POINT('',(-4.4,-6.7,92.8));
#4869 = VECTOR('',#4870,1.);
#4870 = DIRECTION('',(0.707106781187,0.,0.707106781187));
#4871 = PLANE('',#4872);
#4872 = AXIS2_PLACEMENT_3D('',#4873,#4874,#4875);
#4873 = CARTESIAN_POINT('',(1.267218127795E-16,-6.7,106.));
#4874 = DIRECTION('',(-0.,-1.,-0.));
#4875 = DIRECTION('',(0.,0.,-1.));
#4876 = ADVANCED_FACE('',(#4877),#4904,.T.);
#4877 = FACE_BOUND('',#4878,.T.);
#4878 = EDGE_LOOP('',(#4879,#4880,#4881,#4889,#4897,#4903));
#4879 = ORIENTED_EDGE('',*,*,#3570,.F.);
#4880 = ORIENTED_EDGE('',*,*,#4753,.F.);
#4881 = ORIENTED_EDGE('',*,*,#4882,.F.);
#4882 = EDGE_CURVE('',#4883,#4746,#4885,.T.);
#4883 = VERTEX_POINT('',#4884);
#4884 = CARTESIAN_POINT('',(-8.2,-12.8,140.));
#4885 = LINE('',#4886,#4887);
#4886 = CARTESIAN_POINT('',(-8.2,-16.06626499314,140.));
#4887 = VECTOR('',#4888,1.);
#4888 = DIRECTION('',(0.,-1.,0.));
#4889 = ORIENTED_EDGE('',*,*,#4890,.F.);
#4890 = EDGE_CURVE('',#4891,#4883,#4893,.T.);
#4891 = VERTEX_POINT('',#4892);
#4892 = CARTESIAN_POINT('',(-8.2,-12.8,68.));
#4893 = LINE('',#4894,#4895);
#4894 = CARTESIAN_POINT('',(-8.2,-12.8,68.));
#4895 = VECTOR('',#4896,1.);
#4896 = DIRECTION('',(0.,0.,1.));
#4897 = ORIENTED_EDGE('',*,*,#4898,.T.);
#4898 = EDGE_CURVE('',#4891,#4828,#4899,.T.);
#4899 = LINE('',#4900,#4901);
#4900 = CARTESIAN_POINT('',(-8.2,-13.4,68.));
#4901 = VECTOR('',#4902,1.);
#4902 = DIRECTION('',(0.,1.,0.));
#4903 = ORIENTED_EDGE('',*,*,#4835,.T.);
#4904 = PLANE('',#4905);
#4905 = AXIS2_PLACEMENT_3D('',#4906,#4907,#4908);
#4906 = CARTESIAN_POINT('',(-8.2,-13.4,68.));
#4907 = DIRECTION('',(1.,0.,0.));
#4908 = DIRECTION('',(0.,0.,1.));
#4909 = ADVANCED_FACE('',(#4910),#4958,.F.);
#4910 = FACE_BOUND('',#4911,.F.);
#4911 = EDGE_LOOP('',(#4912,#4913,#4921,#4929,#4935,#4936,#4944,#4952));
#4912 = ORIENTED_EDGE('',*,*,#4697,.F.);
#4913 = ORIENTED_EDGE('',*,*,#4914,.T.);
#4914 = EDGE_CURVE('',#4698,#4915,#4917,.T.);
#4915 = VERTEX_POINT('',#4916);
#4916 = CARTESIAN_POINT('',(-13.2,-8.,84.));
#4917 = LINE('',#4918,#4919);
#4918 = CARTESIAN_POINT('',(-13.2,-13.5,84.));
#4919 = VECTOR('',#4920,1.);
#4920 = DIRECTION('',(0.,1.,0.));
#4921 = ORIENTED_EDGE('',*,*,#4922,.F.);
#4922 = EDGE_CURVE('',#4923,#4915,#4925,.T.);
#4923 = VERTEX_POINT('',#4924);
#4924 = CARTESIAN_POINT('',(-13.,-8.,84.2));
#4925 = LINE('',#4926,#4927);
#4926 = CARTESIAN_POINT('',(-33.65,-8.,63.55));
#4927 = VECTOR('',#4928,1.);
#4928 = DIRECTION('',(-0.707106781187,0.,-0.707106781187));
#4929 = ORIENTED_EDGE('',*,*,#4930,.T.);
#4930 = EDGE_CURVE('',#4923,#4818,#4931,.T.);
#4931 = LINE('',#4932,#4933);
#4932 = CARTESIAN_POINT('',(-13.,-10.75,84.2));
#4933 = VECTOR('',#4934,1.);
#4934 = DIRECTION('',(0.,1.,0.));
#4935 = ORIENTED_EDGE('',*,*,#4866,.T.);
#4936 = ORIENTED_EDGE('',*,*,#4937,.F.);
#4937 = EDGE_CURVE('',#4938,#4859,#4940,.T.);
#4938 = VERTEX_POINT('',#4939);
#4939 = CARTESIAN_POINT('',(-8.45,-12.8,88.75));
#4940 = LINE('',#4941,#4942);
#4941 = CARTESIAN_POINT('',(-8.45,-13.5,88.75));
#4942 = VECTOR('',#4943,1.);
#4943 = DIRECTION('',(0.,1.,0.));
#4944 = ORIENTED_EDGE('',*,*,#4945,.F.);
#4945 = EDGE_CURVE('',#4946,#4938,#4948,.T.);
#4946 = VERTEX_POINT('',#4947);
#4947 = CARTESIAN_POINT('',(-10.,-12.8,87.2));
#4948 = LINE('',#4949,#4950);
#4949 = CARTESIAN_POINT('',(-16.4,-12.8,80.8));
#4950 = VECTOR('',#4951,1.);
#4951 = DIRECTION('',(0.707106781187,0.,0.707106781187));
#4952 = ORIENTED_EDGE('',*,*,#4953,.T.);
#4953 = EDGE_CURVE('',#4946,#4690,#4954,.T.);
#4954 = LINE('',#4955,#4956);
#4955 = CARTESIAN_POINT('',(-10.,-13.65,87.2));
#4956 = VECTOR('',#4957,1.);
#4957 = DIRECTION('',(0.,-1.,0.));
#4958 = PLANE('',#4959);
#4959 = AXIS2_PLACEMENT_3D('',#4960,#4961,#4962);
#4960 = CARTESIAN_POINT('',(-13.2,-13.5,84.));
#4961 = DIRECTION('',(0.707106781187,0.,-0.707106781187));
#4962 = DIRECTION('',(0.707106781187,0.,0.707106781187));
#4963 = ADVANCED_FACE('',(#4964),#5005,.F.);
#4964 = FACE_BOUND('',#4965,.F.);
#4965 = EDGE_LOOP('',(#4966,#4974,#4975,#4983,#4991,#4999));
#4966 = ORIENTED_EDGE('',*,*,#4967,.F.);
#4967 = EDGE_CURVE('',#4923,#4968,#4970,.T.);
#4968 = VERTEX_POINT('',#4969);
#4969 = CARTESIAN_POINT('',(-13.,-8.,127.8));
#4970 = LINE('',#4971,#4972);
#4971 = CARTESIAN_POINT('',(-13.,-8.,8.));
#4972 = VECTOR('',#4973,1.);
#4973 = DIRECTION('',(0.,0.,1.));
#4974 = ORIENTED_EDGE('',*,*,#4922,.T.);
#4975 = ORIENTED_EDGE('',*,*,#4976,.T.);
#4976 = EDGE_CURVE('',#4915,#4977,#4979,.T.);
#4977 = VERTEX_POINT('',#4978);
#4978 = CARTESIAN_POINT('',(-17.95,-8.,88.75));
#4979 = LINE('',#4980,#4981);
#4980 = CARTESIAN_POINT('',(1.975,-8.,68.825));
#4981 = VECTOR('',#4982,1.);
#4982 = DIRECTION('',(-0.707106781187,0.,0.707106781187));
#4983 = ORIENTED_EDGE('',*,*,#4984,.T.);
#4984 = EDGE_CURVE('',#4977,#4985,#4987,.T.);
#4985 = VERTEX_POINT('',#4986);
#4986 = CARTESIAN_POINT('',(-17.95,-8.,123.25));
#4987 = LINE('',#4988,#4989);
#4988 = CARTESIAN_POINT('',(-17.95,-8.,65.625));
#4989 = VECTOR('',#4990,1.);
#4990 = DIRECTION('',(0.,0.,1.));
#4991 = ORIENTED_EDGE('',*,*,#4992,.T.);
#4992 = EDGE_CURVE('',#4985,#4993,#4995,.T.);
#4993 = VERTEX_POINT('',#4994);
#4994 = CARTESIAN_POINT('',(-13.2,-8.,128.));
#4995 = LINE('',#4996,#4997);
#4996 = CARTESIAN_POINT('',(-44.65,-8.,96.55));
#4997 = VECTOR('',#4998,1.);
#4998 = DIRECTION('',(0.707106781187,0.,0.707106781187));
#4999 = ORIENTED_EDGE('',*,*,#5000,.T.);
#5000 = EDGE_CURVE('',#4993,#4968,#5001,.T.);
#5001 = LINE('',#5002,#5003);
#5002 = CARTESIAN_POINT('',(17.725,-8.,97.075));
#5003 = VECTOR('',#5004,1.);
#5004 = DIRECTION('',(0.707106781187,0.,-0.707106781187));
#5005 = PLANE('',#5006);
#5006 = AXIS2_PLACEMENT_3D('',#5007,#5008,#5009);
#5007 = CARTESIAN_POINT('',(-19.,-8.,8.));
#5008 = DIRECTION('',(0.,1.,0.));
#5009 = DIRECTION('',(0.,0.,1.));
#5010 = ADVANCED_FACE('',(#5011),#5050,.F.);
#5011 = FACE_BOUND('',#5012,.F.);
#5012 = EDGE_LOOP('',(#5013,#5014,#5022,#5030,#5036,#5037,#5043,#5044));
#5013 = ORIENTED_EDGE('',*,*,#4729,.F.);
#5014 = ORIENTED_EDGE('',*,*,#5015,.T.);
#5015 = EDGE_CURVE('',#4730,#5016,#5018,.T.);
#5016 = VERTEX_POINT('',#5017);
#5017 = CARTESIAN_POINT('',(-10.,-12.8,124.8));
#5018 = LINE('',#5019,#5020);
#5019 = CARTESIAN_POINT('',(-10.,-13.65,124.8));
#5020 = VECTOR('',#5021,1.);
#5021 = DIRECTION('',(0.,1.,0.));
#5022 = ORIENTED_EDGE('',*,*,#5023,.F.);
#5023 = EDGE_CURVE('',#5024,#5016,#5026,.T.);
#5024 = VERTEX_POINT('',#5025);
#5025 = CARTESIAN_POINT('',(-8.45,-12.8,123.25));
#5026 = LINE('',#5027,#5028);
#5027 = CARTESIAN_POINT('',(4.975,-12.8,109.825));
#5028 = VECTOR('',#5029,1.);
#5029 = DIRECTION('',(-0.707106781187,0.,0.707106781187));
#5030 = ORIENTED_EDGE('',*,*,#5031,.T.);
#5031 = EDGE_CURVE('',#5024,#4851,#5032,.T.);
#5032 = LINE('',#5033,#5034);
#5033 = CARTESIAN_POINT('',(-8.45,-13.5,123.25));
#5034 = VECTOR('',#5035,1.);
#5035 = DIRECTION('',(0.,1.,0.));
#5036 = ORIENTED_EDGE('',*,*,#4850,.T.);
#5037 = ORIENTED_EDGE('',*,*,#5038,.T.);
#5038 = EDGE_CURVE('',#4843,#4968,#5039,.T.);
#5039 = LINE('',#5040,#5041);
#5040 = CARTESIAN_POINT('',(-13.,-10.75,127.8));
#5041 = VECTOR('',#5042,1.);
#5042 = DIRECTION('',(0.,-1.,0.));
#5043 = ORIENTED_EDGE('',*,*,#5000,.F.);
#5044 = ORIENTED_EDGE('',*,*,#5045,.F.);
#5045 = EDGE_CURVE('',#4722,#4993,#5046,.T.);
#5046 = LINE('',#5047,#5048);
#5047 = CARTESIAN_POINT('',(-13.2,-13.5,128.));
#5048 = VECTOR('',#5049,1.);
#5049 = DIRECTION('',(0.,1.,0.));
#5050 = PLANE('',#5051);
#5051 = AXIS2_PLACEMENT_3D('',#5052,#5053,#5054);
#5052 = CARTESIAN_POINT('',(-8.45,-13.5,123.25));
#5053 = DIRECTION('',(0.707106781187,0.,0.707106781187));
#5054 = DIRECTION('',(-0.707106781187,0.,0.707106781187));
#5055 = ADVANCED_FACE('',(#5056),#5083,.T.);
#5056 = FACE_BOUND('',#5057,.T.);
#5057 = EDGE_LOOP('',(#5058,#5059,#5060,#5061,#5069,#5077));
#5058 = ORIENTED_EDGE('',*,*,#4630,.F.);
#5059 = ORIENTED_EDGE('',*,*,#4778,.T.);
#5060 = ORIENTED_EDGE('',*,*,#4794,.T.);
#5061 = ORIENTED_EDGE('',*,*,#5062,.F.);
#5062 = EDGE_CURVE('',#5063,#4795,#5065,.T.);
#5063 = VERTEX_POINT('',#5064);
#5064 = CARTESIAN_POINT('',(-19.,-8.,71.));
#5065 = LINE('',#5066,#5067);
#5066 = CARTESIAN_POINT('',(-19.,-10.6,71.));
#5067 = VECTOR('',#5068,1.);
#5068 = DIRECTION('',(0.,1.,0.));
#5069 = ORIENTED_EDGE('',*,*,#5070,.F.);
#5070 = EDGE_CURVE('',#5071,#5063,#5073,.T.);
#5071 = VERTEX_POINT('',#5072);
#5072 = CARTESIAN_POINT('',(-16.,-8.,68.));
#5073 = LINE('',#5074,#5075);
#5074 = CARTESIAN_POINT('',(-4.25,-8.,56.25));
#5075 = VECTOR('',#5076,1.);
#5076 = DIRECTION('',(-0.707106781187,0.,0.707106781187));
#5077 = ORIENTED_EDGE('',*,*,#5078,.F.);
#5078 = EDGE_CURVE('',#4631,#5071,#5079,.T.);
#5079 = LINE('',#5080,#5081);
#5080 = CARTESIAN_POINT('',(-16.,-13.2,68.));
#5081 = VECTOR('',#5082,1.);
#5082 = DIRECTION('',(0.,1.,0.));
#5083 = PLANE('',#5084);
#5084 = AXIS2_PLACEMENT_3D('',#5085,#5086,#5087);
#5085 = CARTESIAN_POINT('',(-21.,-13.2,73.));
#5086 = DIRECTION('',(-0.707106781187,0.,-0.707106781187));
#5087 = DIRECTION('',(0.707106781187,0.,-0.707106781187));
#5088 = ADVANCED_FACE('',(#5089),#5112,.F.);
#5089 = FACE_BOUND('',#5090,.F.);
#5090 = EDGE_LOOP('',(#5091,#5098,#5106,#5111));
#5091 = ORIENTED_EDGE('',*,*,#5092,.F.);
#5092 = EDGE_CURVE('',#5093,#3765,#5095,.T.);
#5093 = VERTEX_POINT('',#5094);
#5094 = CARTESIAN_POINT('',(51.,-11.,240.));
#5095 = B_SPLINE_CURVE_WITH_KNOTS('',1,(#5096,#5097),.UNSPECIFIED.,.F.,
  .F.,(2,2),(0.,1.),.PIECEWISE_BEZIER_KNOTS.);
#5096 = CARTESIAN_POINT('',(51.,-11.,240.));
#5097 = CARTESIAN_POINT('',(50.,-10.,249.));
#5098 = ORIENTED_EDGE('',*,*,#5099,.T.);
#5099 = EDGE_CURVE('',#5093,#5100,#5102,.T.);
#5100 = VERTEX_POINT('',#5101);
#5101 = CARTESIAN_POINT('',(55.,-7.,240.));
#5102 = LINE('',#5103,#5104);
#5103 = CARTESIAN_POINT('',(51.,-11.,240.));
#5104 = VECTOR('',#5105,1.);
#5105 = DIRECTION('',(0.707106781187,0.707106781187,0.));
#5106 = ORIENTED_EDGE('',*,*,#5107,.T.);
#5107 = EDGE_CURVE('',#5100,#3767,#5108,.T.);
#5108 = B_SPLINE_CURVE_WITH_KNOTS('',1,(#5109,#5110),.UNSPECIFIED.,.F.,
  .F.,(2,2),(0.,1.),.PIECEWISE_BEZIER_KNOTS.);
#5109 = CARTESIAN_POINT('',(55.,-7.,240.));
#5110 = CARTESIAN_POINT('',(54.,-6.,249.));
#5111 = ORIENTED_EDGE('',*,*,#3764,.F.);
#5112 = PLANE('',#5113);
#5113 = AXIS2_PLACEMENT_3D('',#5114,#5115,#5116);
#5114 = CARTESIAN_POINT('',(50.,-10.,249.));
#5115 = DIRECTION('',(0.698535473136,-0.698535473136,0.155230105141));
#5116 = DIRECTION('',(0.707106781187,0.707106781187,0.));
#5117 = ADVANCED_FACE('',(#5118),#5135,.F.);
#5118 = FACE_BOUND('',#5119,.F.);
#5119 = EDGE_LOOP('',(#5120,#5121,#5129,#5134));
#5120 = ORIENTED_EDGE('',*,*,#5107,.F.);
#5121 = ORIENTED_EDGE('',*,*,#5122,.T.);
#5122 = EDGE_CURVE('',#5100,#5123,#5125,.T.);
#5123 = VERTEX_POINT('',#5124);
#5124 = CARTESIAN_POINT('',(55.,31.,240.));
#5125 = LINE('',#5126,#5127);
#5126 = CARTESIAN_POINT('',(55.,-7.,240.));
#5127 = VECTOR('',#5128,1.);
#5128 = DIRECTION('',(0.,1.,0.));
#5129 = ORIENTED_EDGE('',*,*,#5130,.T.);
#5130 = EDGE_CURVE('',#5123,#3812,#5131,.T.);
#5131 = B_SPLINE_CURVE_WITH_KNOTS('',1,(#5132,#5133),.UNSPECIFIED.,.F.,
  .F.,(2,2),(0.,1.),.PIECEWISE_BEZIER_KNOTS.);
#5132 = CARTESIAN_POINT('',(55.,31.,240.));
#5133 = CARTESIAN_POINT('',(54.,30.,249.));
#5134 = ORIENTED_EDGE('',*,*,#3819,.T.);
#5135 = B_SPLINE_SURFACE_WITH_KNOTS('',1,1,(
    (#5136,#5137)
    ,(#5138,#5139
    )),.UNSPECIFIED.,.F.,.F.,.F.,(2,2),(2,2),(0.,38.),(0.,1.),
  .PIECEWISE_BEZIER_KNOTS.);
#5136 = CARTESIAN_POINT('',(55.,-7.,240.));
#5137 = CARTESIAN_POINT('',(54.,-6.,249.));
#5138 = CARTESIAN_POINT('',(55.,31.,240.));
#5139 = CARTESIAN_POINT('',(54.,30.,249.));
#5140 = ADVANCED_FACE('',(#5141),#5156,.F.);
#5141 = FACE_BOUND('',#5142,.F.);
#5142 = EDGE_LOOP('',(#5143,#5144,#5150,#5155));
#5143 = ORIENTED_EDGE('',*,*,#5130,.F.);
#5144 = ORIENTED_EDGE('',*,*,#5145,.T.);
#5145 = EDGE_CURVE('',#5123,#3919,#5146,.T.);
#5146 = LINE('',#5147,#5148);
#5147 = CARTESIAN_POINT('',(55.,31.,240.));
#5148 = VECTOR('',#5149,1.);
#5149 = DIRECTION('',(-0.707106781187,0.707106781187,0.));
#5150 = ORIENTED_EDGE('',*,*,#5151,.T.);
#5151 = EDGE_CURVE('',#3919,#3805,#5152,.T.);
#5152 = B_SPLINE_CURVE_WITH_KNOTS('',1,(#5153,#5154),.UNSPECIFIED.,.F.,
  .F.,(2,2),(0.,1.),.PIECEWISE_BEZIER_KNOTS.);
#5153 = CARTESIAN_POINT('',(51.,35.,240.));
#5154 = CARTESIAN_POINT('',(50.,34.,249.));
#5155 = ORIENTED_EDGE('',*,*,#3811,.F.);
#5156 = PLANE('',#5157);
#5157 = AXIS2_PLACEMENT_3D('',#5158,#5159,#5160);
#5158 = CARTESIAN_POINT('',(54.,30.,249.));
#5159 = DIRECTION('',(0.698535473136,0.698535473136,0.155230105141));
#5160 = DIRECTION('',(-0.707106781187,0.707106781187,0.));
#5161 = ADVANCED_FACE('',(#5162),#5172,.F.);
#5162 = FACE_BOUND('',#5163,.F.);
#5163 = EDGE_LOOP('',(#5164,#5165,#5166,#5171));
#5164 = ORIENTED_EDGE('',*,*,#5151,.F.);
#5165 = ORIENTED_EDGE('',*,*,#3918,.T.);
#5166 = ORIENTED_EDGE('',*,*,#5167,.T.);
#5167 = EDGE_CURVE('',#3912,#3797,#5168,.T.);
#5168 = B_SPLINE_CURVE_WITH_KNOTS('',1,(#5169,#5170),.UNSPECIFIED.,.F.,
  .F.,(2,2),(0.,1.),.PIECEWISE_BEZIER_KNOTS.);
#5169 = CARTESIAN_POINT('',(-51.,35.,240.));
#5170 = CARTESIAN_POINT('',(-50.,34.,249.));
#5171 = ORIENTED_EDGE('',*,*,#3804,.T.);
#5172 = B_SPLINE_SURFACE_WITH_KNOTS('',1,1,(
    (#5173,#5174)
    ,(#5175,#5176
    )),.UNSPECIFIED.,.F.,.F.,.F.,(2,2),(2,2),(0.,102.),(0.,1.),
  .PIECEWISE_BEZIER_KNOTS.);
#5173 = CARTESIAN_POINT('',(51.,35.,240.));
#5174 = CARTESIAN_POINT('',(50.,34.,249.));
#5175 = CARTESIAN_POINT('',(-51.,35.,240.));
#5176 = CARTESIAN_POINT('',(-50.,34.,249.));
#5177 = ADVANCED_FACE('',(#5178),#5195,.F.);
#5178 = FACE_BOUND('',#5179,.F.);
#5179 = EDGE_LOOP('',(#5180,#5181,#5189,#5194));
#5180 = ORIENTED_EDGE('',*,*,#5167,.F.);
#5181 = ORIENTED_EDGE('',*,*,#5182,.T.);
#5182 = EDGE_CURVE('',#3912,#5183,#5185,.T.);
#5183 = VERTEX_POINT('',#5184);
#5184 = CARTESIAN_POINT('',(-55.,31.,240.));
#5185 = LINE('',#5186,#5187);
#5186 = CARTESIAN_POINT('',(-51.,35.,240.));
#5187 = VECTOR('',#5188,1.);
#5188 = DIRECTION('',(-0.707106781187,-0.707106781187,0.));
#5189 = ORIENTED_EDGE('',*,*,#5190,.T.);
#5190 = EDGE_CURVE('',#5183,#3790,#5191,.T.);
#5191 = B_SPLINE_CURVE_WITH_KNOTS('',1,(#5192,#5193),.UNSPECIFIED.,.F.,
  .F.,(2,2),(0.,1.),.PIECEWISE_BEZIER_KNOTS.);
#5192 = CARTESIAN_POINT('',(-55.,31.,240.));
#5193 = CARTESIAN_POINT('',(-54.,30.,249.));
#5194 = ORIENTED_EDGE('',*,*,#3796,.F.);
#5195 = PLANE('',#5196);
#5196 = AXIS2_PLACEMENT_3D('',#5197,#5198,#5199);
#5197 = CARTESIAN_POINT('',(-50.,34.,249.));
#5198 = DIRECTION('',(-0.698535473136,0.698535473136,0.155230105141));
#5199 = DIRECTION('',(-0.707106781187,-0.707106781187,0.));
#5200 = ADVANCED_FACE('',(#5201),#5218,.F.);
#5201 = FACE_BOUND('',#5202,.F.);
#5202 = EDGE_LOOP('',(#5203,#5204,#5212,#5217));
#5203 = ORIENTED_EDGE('',*,*,#5190,.F.);
#5204 = ORIENTED_EDGE('',*,*,#5205,.T.);
#5205 = EDGE_CURVE('',#5183,#5206,#5208,.T.);
#5206 = VERTEX_POINT('',#5207);
#5207 = CARTESIAN_POINT('',(-55.,-7.,240.));
#5208 = LINE('',#5209,#5210);
#5209 = CARTESIAN_POINT('',(-55.,31.,240.));
#5210 = VECTOR('',#5211,1.);
#5211 = DIRECTION('',(0.,-1.,0.));
#5212 = ORIENTED_EDGE('',*,*,#5213,.T.);
#5213 = EDGE_CURVE('',#5206,#3782,#5214,.T.);
#5214 = B_SPLINE_CURVE_WITH_KNOTS('',1,(#5215,#5216),.UNSPECIFIED.,.F.,
  .F.,(2,2),(0.,1.),.PIECEWISE_BEZIER_KNOTS.);
#5215 = CARTESIAN_POINT('',(-55.,-7.,240.));
#5216 = CARTESIAN_POINT('',(-54.,-6.,249.));
#5217 = ORIENTED_EDGE('',*,*,#3789,.T.);
#5218 = B_SPLINE_SURFACE_WITH_KNOTS('',1,1,(
    (#5219,#5220)
    ,(#5221,#5222
    )),.UNSPECIFIED.,.F.,.F.,.F.,(2,2),(2,2),(0.,38.),(0.,1.),
  .PIECEWISE_BEZIER_KNOTS.);
#5219 = CARTESIAN_POINT('',(-55.,31.,240.));
#5220 = CARTESIAN_POINT('',(-54.,30.,249.));
#5221 = CARTESIAN_POINT('',(-55.,-7.,240.));
#5222 = CARTESIAN_POINT('',(-54.,-6.,249.));
#5223 = ADVANCED_FACE('',(#5224),#5241,.F.);
#5224 = FACE_BOUND('',#5225,.F.);
#5225 = EDGE_LOOP('',(#5226,#5227,#5235,#5240));
#5226 = ORIENTED_EDGE('',*,*,#5213,.F.);
#5227 = ORIENTED_EDGE('',*,*,#5228,.T.);
#5228 = EDGE_CURVE('',#5206,#5229,#5231,.T.);
#5229 = VERTEX_POINT('',#5230);
#5230 = CARTESIAN_POINT('',(-51.,-11.,240.));
#5231 = LINE('',#5232,#5233);
#5232 = CARTESIAN_POINT('',(-55.,-7.,240.));
#5233 = VECTOR('',#5234,1.);
#5234 = DIRECTION('',(0.707106781187,-0.707106781187,0.));
#5235 = ORIENTED_EDGE('',*,*,#5236,.T.);
#5236 = EDGE_CURVE('',#5229,#3775,#5237,.T.);
#5237 = B_SPLINE_CURVE_WITH_KNOTS('',1,(#5238,#5239),.UNSPECIFIED.,.F.,
  .F.,(2,2),(0.,1.),.PIECEWISE_BEZIER_KNOTS.);
#5238 = CARTESIAN_POINT('',(-51.,-11.,240.));
#5239 = CARTESIAN_POINT('',(-50.,-10.,249.));
#5240 = ORIENTED_EDGE('',*,*,#3781,.F.);
#5241 = PLANE('',#5242);
#5242 = AXIS2_PLACEMENT_3D('',#5243,#5244,#5245);
#5243 = CARTESIAN_POINT('',(-54.,-6.,249.));
#5244 = DIRECTION('',(-0.698535473136,-0.698535473136,0.155230105141));
#5245 = DIRECTION('',(0.707106781187,-0.707106781187,0.));
#5246 = ADVANCED_FACE('',(#5247),#5258,.F.);
#5247 = FACE_BOUND('',#5248,.F.);
#5248 = EDGE_LOOP('',(#5249,#5250,#5256,#5257));
#5249 = ORIENTED_EDGE('',*,*,#5236,.F.);
#5250 = ORIENTED_EDGE('',*,*,#5251,.T.);
#5251 = EDGE_CURVE('',#5229,#5093,#5252,.T.);
#5252 = LINE('',#5253,#5254);
#5253 = CARTESIAN_POINT('',(-51.,-11.,240.));
#5254 = VECTOR('',#5255,1.);
#5255 = DIRECTION('',(1.,0.,0.));
#5256 = ORIENTED_EDGE('',*,*,#5092,.T.);
#5257 = ORIENTED_EDGE('',*,*,#3774,.T.);
#5258 = B_SPLINE_SURFACE_WITH_KNOTS('',1,1,(
    (#5259,#5260)
    ,(#5261,#5262
    )),.UNSPECIFIED.,.F.,.F.,.F.,(2,2),(2,2),(0.,102.),(0.,1.),
  .PIECEWISE_BEZIER_KNOTS.);
#5259 = CARTESIAN_POINT('',(-51.,-11.,240.));
#5260 = CARTESIAN_POINT('',(-50.,-10.,249.));
#5261 = CARTESIAN_POINT('',(51.,-11.,240.));
#5262 = CARTESIAN_POINT('',(50.,-10.,249.));
#5263 = ADVANCED_FACE('',(#5264),#5274,.F.);
#5264 = FACE_BOUND('',#5265,.F.);
#5265 = EDGE_LOOP('',(#5266,#5267,#5268,#5269));
#5266 = ORIENTED_EDGE('',*,*,#3889,.T.);
#5267 = ORIENTED_EDGE('',*,*,#3926,.T.);
#5268 = ORIENTED_EDGE('',*,*,#5145,.F.);
#5269 = ORIENTED_EDGE('',*,*,#5270,.F.);
#5270 = EDGE_CURVE('',#3890,#5123,#5271,.T.);
#5271 = B_SPLINE_CURVE_WITH_KNOTS('',1,(#5272,#5273),.UNSPECIFIED.,.F.,
  .F.,(2,2),(0.,1.),.PIECEWISE_BEZIER_KNOTS.);
#5272 = CARTESIAN_POINT('',(60.,35.,215.));
#5273 = CARTESIAN_POINT('',(55.,31.,240.));
#5274 = B_SPLINE_SURFACE_WITH_KNOTS('',1,1,(
    (#5275,#5276)
    ,(#5277,#5278
    )),.UNSPECIFIED.,.F.,.F.,.F.,(2,2),(2,2),(0.,7.071067811865),(0.,1.)
  ,.PIECEWISE_BEZIER_KNOTS.);
#5275 = CARTESIAN_POINT('',(60.,35.,215.));
#5276 = CARTESIAN_POINT('',(55.,31.,240.));
#5277 = CARTESIAN_POINT('',(55.,40.,215.));
#5278 = CARTESIAN_POINT('',(51.,35.,240.));
#5279 = ADVANCED_FACE('',(#5280),#5304,.F.);
#5280 = FACE_BOUND('',#5281,.F.);
#5281 = EDGE_LOOP('',(#5282,#5290,#5291,#5299));
#5282 = ORIENTED_EDGE('',*,*,#5283,.T.);
#5283 = EDGE_CURVE('',#5284,#3881,#5286,.T.);
#5284 = VERTEX_POINT('',#5285);
#5285 = CARTESIAN_POINT('',(51.,-14.,205.));
#5286 = LINE('',#5287,#5288);
#5287 = CARTESIAN_POINT('',(51.,-14.,205.));
#5288 = VECTOR('',#5289,1.);
#5289 = DIRECTION('',(0.,1.,0.));
#5290 = ORIENTED_EDGE('',*,*,#3897,.T.);
#5291 = ORIENTED_EDGE('',*,*,#5292,.F.);
#5292 = EDGE_CURVE('',#5293,#3890,#5295,.T.);
#5293 = VERTEX_POINT('',#5294);
#5294 = CARTESIAN_POINT('',(60.,-11.,215.));
#5295 = LINE('',#5296,#5297);
#5296 = CARTESIAN_POINT('',(60.,-11.,215.));
#5297 = VECTOR('',#5298,1.);
#5298 = DIRECTION('',(0.,1.,0.));
#5299 = ORIENTED_EDGE('',*,*,#5300,.F.);
#5300 = EDGE_CURVE('',#5284,#5293,#5301,.T.);
#5301 = B_SPLINE_CURVE_WITH_KNOTS('',1,(#5302,#5303),.UNSPECIFIED.,.F.,
  .F.,(2,2),(0.,1.),.PIECEWISE_BEZIER_KNOTS.);
#5302 = CARTESIAN_POINT('',(51.,-14.,205.));
#5303 = CARTESIAN_POINT('',(60.,-11.,215.));
#5304 = B_SPLINE_SURFACE_WITH_KNOTS('',1,1,(
    (#5305,#5306)
    ,(#5307,#5308
    )),.UNSPECIFIED.,.F.,.F.,.F.,(2,2),(2,2),(0.,46.),(0.,1.),
  .PIECEWISE_BEZIER_KNOTS.);
#5305 = CARTESIAN_POINT('',(51.,-14.,205.));
#5306 = CARTESIAN_POINT('',(60.,-11.,215.));
#5307 = CARTESIAN_POINT('',(51.,12.,205.));
#5308 = CARTESIAN_POINT('',(60.,35.,215.));
#5309 = ADVANCED_FACE('',(#5310),#5320,.F.);
#5310 = FACE_BOUND('',#5311,.F.);
#5311 = EDGE_LOOP('',(#5312,#5313,#5318,#5319));
#5312 = ORIENTED_EDGE('',*,*,#3954,.T.);
#5313 = ORIENTED_EDGE('',*,*,#5314,.T.);
#5314 = EDGE_CURVE('',#3948,#5183,#5315,.T.);
#5315 = B_SPLINE_CURVE_WITH_KNOTS('',1,(#5316,#5317),.UNSPECIFIED.,.F.,
  .F.,(2,2),(0.,1.),.PIECEWISE_BEZIER_KNOTS.);
#5316 = CARTESIAN_POINT('',(-60.,35.,215.));
#5317 = CARTESIAN_POINT('',(-55.,31.,240.));
#5318 = ORIENTED_EDGE('',*,*,#5182,.F.);
#5319 = ORIENTED_EDGE('',*,*,#3911,.F.);
#5320 = B_SPLINE_SURFACE_WITH_KNOTS('',1,1,(
    (#5321,#5322)
    ,(#5323,#5324
    )),.UNSPECIFIED.,.F.,.F.,.F.,(2,2),(2,2),(0.,7.071067811865),(0.,1.)
  ,.PIECEWISE_BEZIER_KNOTS.);
#5321 = CARTESIAN_POINT('',(-55.,40.,215.));
#5322 = CARTESIAN_POINT('',(-51.,35.,240.));
#5323 = CARTESIAN_POINT('',(-60.,35.,215.));
#5324 = CARTESIAN_POINT('',(-55.,31.,240.));
#5325 = ADVANCED_FACE('',(#5326),#5350,.F.);
#5326 = FACE_BOUND('',#5327,.F.);
#5327 = EDGE_LOOP('',(#5328,#5336,#5343,#5349));
#5328 = ORIENTED_EDGE('',*,*,#5329,.T.);
#5329 = EDGE_CURVE('',#3940,#5330,#5332,.T.);
#5330 = VERTEX_POINT('',#5331);
#5331 = CARTESIAN_POINT('',(-51.,-14.,205.));
#5332 = LINE('',#5333,#5334);
#5333 = CARTESIAN_POINT('',(-51.,12.,205.));
#5334 = VECTOR('',#5335,1.);
#5335 = DIRECTION('',(0.,-1.,0.));
#5336 = ORIENTED_EDGE('',*,*,#5337,.T.);
#5337 = EDGE_CURVE('',#5330,#5338,#5340,.T.);
#5338 = VERTEX_POINT('',#5339);
#5339 = CARTESIAN_POINT('',(-60.,-11.,215.));
#5340 = B_SPLINE_CURVE_WITH_KNOTS('',1,(#5341,#5342),.UNSPECIFIED.,.F.,
  .F.,(2,2),(0.,1.),.PIECEWISE_BEZIER_KNOTS.);
#5341 = CARTESIAN_POINT('',(-51.,-14.,205.));
#5342 = CARTESIAN_POINT('',(-60.,-11.,215.));
#5343 = ORIENTED_EDGE('',*,*,#5344,.F.);
#5344 = EDGE_CURVE('',#3948,#5338,#5345,.T.);
#5345 = LINE('',#5346,#5347);
#5346 = CARTESIAN_POINT('',(-60.,35.,215.));
#5347 = VECTOR('',#5348,1.);
#5348 = DIRECTION('',(0.,-1.,0.));
#5349 = ORIENTED_EDGE('',*,*,#3947,.F.);
#5350 = B_SPLINE_SURFACE_WITH_KNOTS('',1,1,(
    (#5351,#5352)
    ,(#5353,#5354
    )),.UNSPECIFIED.,.F.,.F.,.F.,(2,2),(2,2),(0.,46.),(0.,1.),
  .PIECEWISE_BEZIER_KNOTS.);
#5351 = CARTESIAN_POINT('',(-51.,12.,205.));
#5352 = CARTESIAN_POINT('',(-60.,35.,215.));
#5353 = CARTESIAN_POINT('',(-51.,-14.,205.));
#5354 = CARTESIAN_POINT('',(-60.,-11.,215.));
#5355 = ADVANCED_FACE('',(#5356),#5366,.F.);
#5356 = FACE_BOUND('',#5357,.F.);
#5357 = EDGE_LOOP('',(#5358,#5359,#5360,#5361));
#5358 = ORIENTED_EDGE('',*,*,#4107,.T.);
#5359 = ORIENTED_EDGE('',*,*,#3979,.T.);
#5360 = ORIENTED_EDGE('',*,*,#5283,.F.);
#5361 = ORIENTED_EDGE('',*,*,#5362,.F.);
#5362 = EDGE_CURVE('',#4100,#5284,#5363,.T.);
#5363 = B_SPLINE_CURVE_WITH_KNOTS('',1,(#5364,#5365),.UNSPECIFIED.,.F.,
  .F.,(2,2),(0.,1.),.PIECEWISE_BEZIER_KNOTS.);
#5364 = CARTESIAN_POINT('',(37.,-16.,191.));
#5365 = CARTESIAN_POINT('',(51.,-14.,205.));
#5366 = B_SPLINE_SURFACE_WITH_KNOTS('',1,1,(
    (#5367,#5368)
    ,(#5369,#5370
    )),.UNSPECIFIED.,.F.,.F.,.F.,(2,2),(2,2),(0.,26.),(0.,1.),
  .PIECEWISE_BEZIER_KNOTS.);
#5367 = CARTESIAN_POINT('',(37.,-16.,191.));
#5368 = CARTESIAN_POINT('',(51.,-14.,205.));
#5369 = CARTESIAN_POINT('',(37.,-10.,191.));
#5370 = CARTESIAN_POINT('',(51.,12.,205.));
#5371 = ADVANCED_FACE('',(#5372),#5382,.F.);
#5372 = FACE_BOUND('',#5373,.F.);
#5373 = EDGE_LOOP('',(#5374,#5375,#5380,#5381));
#5374 = ORIENTED_EDGE('',*,*,#4015,.T.);
#5375 = ORIENTED_EDGE('',*,*,#5376,.T.);
#5376 = EDGE_CURVE('',#4016,#5330,#5377,.T.);
#5377 = B_SPLINE_CURVE_WITH_KNOTS('',1,(#5378,#5379),.UNSPECIFIED.,.F.,
  .F.,(2,2),(0.,1.),.PIECEWISE_BEZIER_KNOTS.);
#5378 = CARTESIAN_POINT('',(-37.,-16.,191.));
#5379 = CARTESIAN_POINT('',(-51.,-14.,205.));
#5380 = ORIENTED_EDGE('',*,*,#5329,.F.);
#5381 = ORIENTED_EDGE('',*,*,#4000,.F.);
#5382 = B_SPLINE_SURFACE_WITH_KNOTS('',1,1,(
    (#5383,#5384)
    ,(#5385,#5386
    )),.UNSPECIFIED.,.F.,.F.,.F.,(2,2),(2,2),(0.,26.),(0.,1.),
  .PIECEWISE_BEZIER_KNOTS.);
#5383 = CARTESIAN_POINT('',(-37.,-10.,191.));
#5384 = CARTESIAN_POINT('',(-51.,12.,205.));
#5385 = CARTESIAN_POINT('',(-37.,-16.,191.));
#5386 = CARTESIAN_POINT('',(-51.,-14.,205.));
#5387 = ADVANCED_FACE('',(#5388),#5405,.F.);
#5388 = FACE_BOUND('',#5389,.F.);
#5389 = EDGE_LOOP('',(#5390,#5391,#5392,#5400));
#5390 = ORIENTED_EDGE('',*,*,#4099,.T.);
#5391 = ORIENTED_EDGE('',*,*,#5362,.T.);
#5392 = ORIENTED_EDGE('',*,*,#5393,.F.);
#5393 = EDGE_CURVE('',#5394,#5284,#5396,.T.);
#5394 = VERTEX_POINT('',#5395);
#5395 = CARTESIAN_POINT('',(47.,-18.,205.));
#5396 = LINE('',#5397,#5398);
#5397 = CARTESIAN_POINT('',(47.,-18.,205.));
#5398 = VECTOR('',#5399,1.);
#5399 = DIRECTION('',(0.707106781187,0.707106781187,0.));
#5400 = ORIENTED_EDGE('',*,*,#5401,.F.);
#5401 = EDGE_CURVE('',#4092,#5394,#5402,.T.);
#5402 = B_SPLINE_CURVE_WITH_KNOTS('',1,(#5403,#5404),.UNSPECIFIED.,.F.,
  .F.,(2,2),(0.,1.),.PIECEWISE_BEZIER_KNOTS.);
#5403 = CARTESIAN_POINT('',(35.,-18.,191.));
#5404 = CARTESIAN_POINT('',(47.,-18.,205.));
#5405 = B_SPLINE_SURFACE_WITH_KNOTS('',1,1,(
    (#5406,#5407)
    ,(#5408,#5409
    )),.UNSPECIFIED.,.F.,.F.,.F.,(2,2),(2,2),(0.,5.656854249492),(0.,1.)
  ,.PIECEWISE_BEZIER_KNOTS.);
#5406 = CARTESIAN_POINT('',(35.,-18.,191.));
#5407 = CARTESIAN_POINT('',(47.,-18.,205.));
#5408 = CARTESIAN_POINT('',(37.,-16.,191.));
#5409 = CARTESIAN_POINT('',(51.,-14.,205.));
#5410 = ADVANCED_FACE('',(#5411),#5516,.F.);
#5411 = FACE_BOUND('',#5412,.F.);
#5412 = EDGE_LOOP('',(#5413,#5420,#5421,#5440,#5447,#5464,#5465,#5484,
    #5491,#5508,#5509,#5510));
#5413 = ORIENTED_EDGE('',*,*,#5414,.F.);
#5414 = EDGE_CURVE('',#4024,#5415,#5417,.T.);
#5415 = VERTEX_POINT('',#5416);
#5416 = CARTESIAN_POINT('',(-47.,-18.,205.));
#5417 = B_SPLINE_CURVE_WITH_KNOTS('',1,(#5418,#5419),.UNSPECIFIED.,.F.,
  .F.,(2,2),(0.,1.),.PIECEWISE_BEZIER_KNOTS.);
#5418 = CARTESIAN_POINT('',(-35.,-18.,191.));
#5419 = CARTESIAN_POINT('',(-47.,-18.,205.));
#5420 = ORIENTED_EDGE('',*,*,#4031,.T.);
#5421 = ORIENTED_EDGE('',*,*,#5422,.T.);
#5422 = EDGE_CURVE('',#4032,#5423,#5425,.T.);
#5423 = VERTEX_POINT('',#5424);
#5424 = CARTESIAN_POINT('',(-19.,-18.,195.5));
#5425 = B_SPLINE_CURVE_WITH_KNOTS('',4,(#5426,#5427,#5428,#5429,#5430,
    #5431,#5432,#5433,#5434,#5435,#5436,#5437,#5438,#5439),
  .UNSPECIFIED.,.F.,.F.,(5,3,3,3,5),(0.,0.251014218776,0.498666075411,
    0.745702503606,1.),.UNSPECIFIED.);
#5426 = CARTESIAN_POINT('',(-19.,-18.,191.));
#5427 = CARTESIAN_POINT('',(-19.,-18.,191.27824985812));
#5428 = CARTESIAN_POINT('',(-19.,-18.,191.55741834711));
#5429 = CARTESIAN_POINT('',(-19.,-18.,191.8374200662));
#5430 = CARTESIAN_POINT('',(-19.,-18.,192.39515910338));
#5431 = CARTESIAN_POINT('',(-19.,-18.,192.67287653007));
#5432 = CARTESIAN_POINT('',(-19.,-18.,192.95124049608));
#5433 = CARTESIAN_POINT('',(-19.,-18.,193.50840619274));
#5434 = CARTESIAN_POINT('',(-19.,-18.,193.78720512594));
#5435 = CARTESIAN_POINT('',(-19.,-18.,194.06648625531));
#5436 = CARTESIAN_POINT('',(-19.,-18.,194.63407424719));
#5437 = CARTESIAN_POINT('',(-19.,-18.,194.92240513037));
#5438 = CARTESIAN_POINT('',(-19.,-18.,195.21107567125));
#5439 = CARTESIAN_POINT('',(-19.,-18.,195.5));
#5440 = ORIENTED_EDGE('',*,*,#5441,.F.);
#5441 = EDGE_CURVE('',#5442,#5423,#5444,.T.);
#5442 = VERTEX_POINT('',#5443);
#5443 = CARTESIAN_POINT('',(-13.,-18.,195.5));
#5444 = B_SPLINE_CURVE_WITH_KNOTS('',1,(#5445,#5446),.UNSPECIFIED.,.F.,
  .F.,(2,2),(0.,1.),.PIECEWISE_BEZIER_KNOTS.);
#5445 = CARTESIAN_POINT('',(-13.,-18.,195.5));
#5446 = CARTESIAN_POINT('',(-19.,-18.,195.5));
#5447 = ORIENTED_EDGE('',*,*,#5448,.T.);
#5448 = EDGE_CURVE('',#5442,#4055,#5449,.T.);
#5449 = B_SPLINE_CURVE_WITH_KNOTS('',4,(#5450,#5451,#5452,#5453,#5454,
    #5455,#5456,#5457,#5458,#5459,#5460,#5461,#5462,#5463),
  .UNSPECIFIED.,.F.,.F.,(5,3,3,3,5),(0.,0.255319161617,0.502669461079,
    0.750994020759,1.),.UNSPECIFIED.);
#5450 = CARTESIAN_POINT('',(-13.,-18.,195.5));
#5451 = CARTESIAN_POINT('',(-13.,-18.,195.21306264238));
#5452 = CARTESIAN_POINT('',(-13.,-18.,194.92590864369));
#5453 = CARTESIAN_POINT('',(-13.,-18.,194.63859993005));
#5454 = CARTESIAN_POINT('',(-13.,-18.,194.07277021699));
#5455 = CARTESIAN_POINT('',(-13.,-18.,193.79425484091));
#5456 = CARTESIAN_POINT('',(-13.,-18.,193.51571160384));
#5457 = CARTESIAN_POINT('',(-13.,-18.,192.95759139818));
#5458 = CARTESIAN_POINT('',(-13.,-18.,192.6780146992));
#5459 = CARTESIAN_POINT('',(-13.,-18.,192.39853010277));
#5460 = CARTESIAN_POINT('',(-13.,-18.,191.83910339633));
#5461 = CARTESIAN_POINT('',(-13.,-18.,191.55916215489));
#5462 = CARTESIAN_POINT('',(-13.,-18.,191.2794391839));
#5463 = CARTESIAN_POINT('',(-13.,-18.,191.));
#5464 = ORIENTED_EDGE('',*,*,#4061,.T.);
#5465 = ORIENTED_EDGE('',*,*,#5466,.T.);
#5466 = EDGE_CURVE('',#4062,#5467,#5469,.T.);
#5467 = VERTEX_POINT('',#5468);
#5468 = CARTESIAN_POINT('',(13.,-18.,195.5));
#5469 = B_SPLINE_CURVE_WITH_KNOTS('',4,(#5470,#5471,#5472,#5473,#5474,
    #5475,#5476,#5477,#5478,#5479,#5480,#5481,#5482,#5483),
  .UNSPECIFIED.,.F.,.F.,(5,3,3,3,5),(0.,0.249043744386,0.497368266453,
    0.745606954494,1.),.UNSPECIFIED.);
#5470 = CARTESIAN_POINT('',(13.,-18.,191.));
#5471 = CARTESIAN_POINT('',(13.,-18.,191.27948156465));
#5472 = CARTESIAN_POINT('',(13.,-18.,191.55924700249));
#5473 = CARTESIAN_POINT('',(13.,-18.,191.83923076704));
#5474 = CARTESIAN_POINT('',(13.,-18.,192.3987000528));
#5475 = CARTESIAN_POINT('',(13.,-18.,192.67818465838));
#5476 = CARTESIAN_POINT('',(13.,-18.,192.95776134786));
#5477 = CARTESIAN_POINT('',(13.,-18.,193.51688184841));
#5478 = CARTESIAN_POINT('',(13.,-18.,193.79642561743));
#5479 = CARTESIAN_POINT('',(13.,-18.,194.07594109196));
#5480 = CARTESIAN_POINT('',(13.,-18.,194.64172637822));
#5481 = CARTESIAN_POINT('',(13.,-18.,194.9279918212));
#5482 = CARTESIAN_POINT('',(13.,-18.,195.21410344682));
#5483 = CARTESIAN_POINT('',(13.,-18.,195.5));
#5484 = ORIENTED_EDGE('',*,*,#5485,.F.);
#5485 = EDGE_CURVE('',#5486,#5467,#5488,.T.);
#5486 = VERTEX_POINT('',#5487);
#5487 = CARTESIAN_POINT('',(19.,-18.,195.5));
#5488 = B_SPLINE_CURVE_WITH_KNOTS('',1,(#5489,#5490),.UNSPECIFIED.,.F.,
  .F.,(2,2),(0.,1.),.PIECEWISE_BEZIER_KNOTS.);
#5489 = CARTESIAN_POINT('',(19.,-18.,195.5));
#5490 = CARTESIAN_POINT('',(13.,-18.,195.5));
#5491 = ORIENTED_EDGE('',*,*,#5492,.T.);
#5492 = EDGE_CURVE('',#5486,#4085,#5493,.T.);
#5493 = B_SPLINE_CURVE_WITH_KNOTS('',4,(#5494,#5495,#5496,#5497,#5498,
    #5499,#5500,#5501,#5502,#5503,#5504,#5505,#5506,#5507),
  .UNSPECIFIED.,.F.,.F.,(5,3,3,3,5),(0.,0.254776655705,0.500927710825,
    0.749470808618,1.),.UNSPECIFIED.);
#5494 = CARTESIAN_POINT('',(19.,-18.,195.5));
#5495 = CARTESIAN_POINT('',(19.,-18.,195.21053126719));
#5496 = CARTESIAN_POINT('',(19.,-18.,194.92131727806));
#5497 = CARTESIAN_POINT('',(19.,-18.,194.63244439159));
#5498 = CARTESIAN_POINT('',(19.,-18.,194.06532104828));
#5499 = CARTESIAN_POINT('',(19.,-18.,193.78704206034));
#5500 = CARTESIAN_POINT('',(19.,-18.,193.50924184332));
#5501 = CARTESIAN_POINT('',(19.,-18.,192.95206398045));
#5502 = CARTESIAN_POINT('',(19.,-18.,192.67269723003));
#5503 = CARTESIAN_POINT('',(19.,-18.,192.39398170577));
#5504 = CARTESIAN_POINT('',(19.,-18.,191.83579695841));
#5505 = CARTESIAN_POINT('',(19.,-18.,191.55633949245));
#5506 = CARTESIAN_POINT('',(19.,-18.,191.27771220415));
#5507 = CARTESIAN_POINT('',(19.,-18.,191.));
#5508 = ORIENTED_EDGE('',*,*,#4091,.T.);
#5509 = ORIENTED_EDGE('',*,*,#5401,.T.);
#5510 = ORIENTED_EDGE('',*,*,#5511,.F.);
#5511 = EDGE_CURVE('',#5415,#5394,#5512,.T.);
#5512 = LINE('',#5513,#5514);
#5513 = CARTESIAN_POINT('',(-47.,-18.,205.));
#5514 = VECTOR('',#5515,1.);
#5515 = DIRECTION('',(1.,0.,0.));
#5516 = B_SPLINE_SURFACE_WITH_KNOTS('',1,1,(
    (#5517,#5518)
    ,(#5519,#5520
    )),.UNSPECIFIED.,.F.,.F.,.F.,(2,2),(2,2),(0.,94.),(0.,1.),
  .PIECEWISE_BEZIER_KNOTS.);
#5517 = CARTESIAN_POINT('',(-35.,-18.,191.));
#5518 = CARTESIAN_POINT('',(-47.,-18.,205.));
#5519 = CARTESIAN_POINT('',(35.,-18.,191.));
#5520 = CARTESIAN_POINT('',(47.,-18.,205.));
#5521 = ADVANCED_FACE('',(#5522),#5546,.T.);
#5522 = FACE_BOUND('',#5523,.T.);
#5523 = EDGE_LOOP('',(#5524,#5531,#5532,#5533,#5540));
#5524 = ORIENTED_EDGE('',*,*,#5525,.F.);
#5525 = EDGE_CURVE('',#5486,#5526,#5528,.T.);
#5526 = VERTEX_POINT('',#5527);
#5527 = CARTESIAN_POINT('',(19.,-17.,198.));
#5528 = B_SPLINE_CURVE_WITH_KNOTS('',1,(#5529,#5530),.UNSPECIFIED.,.F.,
  .F.,(2,2),(0.,1.),.PIECEWISE_BEZIER_KNOTS.);
#5529 = CARTESIAN_POINT('',(19.,-21.,188.));
#5530 = CARTESIAN_POINT('',(19.,-17.,198.));
#5531 = ORIENTED_EDGE('',*,*,#5492,.T.);
#5532 = ORIENTED_EDGE('',*,*,#4084,.F.);
#5533 = ORIENTED_EDGE('',*,*,#5534,.T.);
#5534 = EDGE_CURVE('',#4077,#5535,#5537,.T.);
#5535 = VERTEX_POINT('',#5536);
#5536 = CARTESIAN_POINT('',(19.,-7.,198.));
#5537 = B_SPLINE_CURVE_WITH_KNOTS('',1,(#5538,#5539),.UNSPECIFIED.,.F.,
  .F.,(2,2),(0.,1.),.PIECEWISE_BEZIER_KNOTS.);
#5538 = CARTESIAN_POINT('',(19.,-9.,188.));
#5539 = CARTESIAN_POINT('',(19.,-7.,198.));
#5540 = ORIENTED_EDGE('',*,*,#5541,.F.);
#5541 = EDGE_CURVE('',#5526,#5535,#5542,.T.);
#5542 = LINE('',#5543,#5544);
#5543 = CARTESIAN_POINT('',(19.,-17.,198.));
#5544 = VECTOR('',#5545,1.);
#5545 = DIRECTION('',(0.,1.,0.));
#5546 = B_SPLINE_SURFACE_WITH_KNOTS('',1,1,(
    (#5547,#5548)
    ,(#5549,#5550
    )),.UNSPECIFIED.,.F.,.F.,.F.,(2,2),(2,2),(0.,12.),(0.,1.),
  .PIECEWISE_BEZIER_KNOTS.);
#5547 = CARTESIAN_POINT('',(19.,-21.,188.));
#5548 = CARTESIAN_POINT('',(19.,-17.,198.));
#5549 = CARTESIAN_POINT('',(19.,-9.,188.));
#5550 = CARTESIAN_POINT('',(19.,-7.,198.));
#5551 = ADVANCED_FACE('',(#5552),#5569,.T.);
#5552 = FACE_BOUND('',#5553,.T.);
#5553 = EDGE_LOOP('',(#5554,#5555,#5556,#5563));
#5554 = ORIENTED_EDGE('',*,*,#5534,.F.);
#5555 = ORIENTED_EDGE('',*,*,#4076,.T.);
#5556 = ORIENTED_EDGE('',*,*,#5557,.T.);
#5557 = EDGE_CURVE('',#4070,#5558,#5560,.T.);
#5558 = VERTEX_POINT('',#5559);
#5559 = CARTESIAN_POINT('',(13.,-7.,198.));
#5560 = B_SPLINE_CURVE_WITH_KNOTS('',1,(#5561,#5562),.UNSPECIFIED.,.F.,
  .F.,(2,2),(0.,1.),.PIECEWISE_BEZIER_KNOTS.);
#5561 = CARTESIAN_POINT('',(13.,-9.,188.));
#5562 = CARTESIAN_POINT('',(13.,-7.,198.));
#5563 = ORIENTED_EDGE('',*,*,#5564,.F.);
#5564 = EDGE_CURVE('',#5535,#5558,#5565,.T.);
#5565 = LINE('',#5566,#5567);
#5566 = CARTESIAN_POINT('',(19.,-7.,198.));
#5567 = VECTOR('',#5568,1.);
#5568 = DIRECTION('',(-1.,0.,0.));
#5569 = PLANE('',#5570);
#5570 = AXIS2_PLACEMENT_3D('',#5571,#5572,#5573);
#5571 = CARTESIAN_POINT('',(19.,-7.,198.));
#5572 = DIRECTION('',(0.,0.980580675691,-0.196116135138));
#5573 = DIRECTION('',(-1.,0.,0.));
#5574 = ADVANCED_FACE('',(#5575),#5593,.T.);
#5575 = FACE_BOUND('',#5576,.T.);
#5576 = EDGE_LOOP('',(#5577,#5578,#5579,#5580,#5587));
#5577 = ORIENTED_EDGE('',*,*,#5557,.F.);
#5578 = ORIENTED_EDGE('',*,*,#4069,.F.);
#5579 = ORIENTED_EDGE('',*,*,#5466,.T.);
#5580 = ORIENTED_EDGE('',*,*,#5581,.T.);
#5581 = EDGE_CURVE('',#5467,#5582,#5584,.T.);
#5582 = VERTEX_POINT('',#5583);
#5583 = CARTESIAN_POINT('',(13.,-17.,198.));
#5584 = B_SPLINE_CURVE_WITH_KNOTS('',1,(#5585,#5586),.UNSPECIFIED.,.F.,
  .F.,(2,2),(0.,1.),.PIECEWISE_BEZIER_KNOTS.);
#5585 = CARTESIAN_POINT('',(13.,-21.,188.));
#5586 = CARTESIAN_POINT('',(13.,-17.,198.));
#5587 = ORIENTED_EDGE('',*,*,#5588,.F.);
#5588 = EDGE_CURVE('',#5558,#5582,#5589,.T.);
#5589 = LINE('',#5590,#5591);
#5590 = CARTESIAN_POINT('',(13.,-7.,198.));
#5591 = VECTOR('',#5592,1.);
#5592 = DIRECTION('',(0.,-1.,0.));
#5593 = B_SPLINE_SURFACE_WITH_KNOTS('',1,1,(
    (#5594,#5595)
    ,(#5596,#5597
    )),.UNSPECIFIED.,.F.,.F.,.F.,(2,2),(2,2),(0.,12.),(0.,1.),
  .PIECEWISE_BEZIER_KNOTS.);
#5594 = CARTESIAN_POINT('',(13.,-9.,188.));
#5595 = CARTESIAN_POINT('',(13.,-7.,198.));
#5596 = CARTESIAN_POINT('',(13.,-21.,188.));
#5597 = CARTESIAN_POINT('',(13.,-17.,198.));
#5598 = ADVANCED_FACE('',(#5599),#5623,.T.);
#5599 = FACE_BOUND('',#5600,.T.);
#5600 = EDGE_LOOP('',(#5601,#5608,#5609,#5610,#5617));
#5601 = ORIENTED_EDGE('',*,*,#5602,.F.);
#5602 = EDGE_CURVE('',#5442,#5603,#5605,.T.);
#5603 = VERTEX_POINT('',#5604);
#5604 = CARTESIAN_POINT('',(-13.,-17.,198.));
#5605 = B_SPLINE_CURVE_WITH_KNOTS('',1,(#5606,#5607),.UNSPECIFIED.,.F.,
  .F.,(2,2),(0.,1.),.PIECEWISE_BEZIER_KNOTS.);
#5606 = CARTESIAN_POINT('',(-13.,-21.,188.));
#5607 = CARTESIAN_POINT('',(-13.,-17.,198.));
#5608 = ORIENTED_EDGE('',*,*,#5448,.T.);
#5609 = ORIENTED_EDGE('',*,*,#4054,.F.);
#5610 = ORIENTED_EDGE('',*,*,#5611,.T.);
#5611 = EDGE_CURVE('',#4047,#5612,#5614,.T.);
#5612 = VERTEX_POINT('',#5613);
#5613 = CARTESIAN_POINT('',(-13.,-7.,198.));
#5614 = B_SPLINE_CURVE_WITH_KNOTS('',1,(#5615,#5616),.UNSPECIFIED.,.F.,
  .F.,(2,2),(0.,1.),.PIECEWISE_BEZIER_KNOTS.);
#5615 = CARTESIAN_POINT('',(-13.,-9.,188.));
#5616 = CARTESIAN_POINT('',(-13.,-7.,198.));
#5617 = ORIENTED_EDGE('',*,*,#5618,.F.);
#5618 = EDGE_CURVE('',#5603,#5612,#5619,.T.);
#5619 = LINE('',#5620,#5621);
#5620 = CARTESIAN_POINT('',(-13.,-17.,198.));
#5621 = VECTOR('',#5622,1.);
#5622 = DIRECTION('',(0.,1.,0.));
#5623 = B_SPLINE_SURFACE_WITH_KNOTS('',1,1,(
    (#5624,#5625)
    ,(#5626,#5627
    )),.UNSPECIFIED.,.F.,.F.,.F.,(2,2),(2,2),(0.,12.),(0.,1.),
  .PIECEWISE_BEZIER_KNOTS.);
#5624 = CARTESIAN_POINT('',(-13.,-21.,188.));
#5625 = CARTESIAN_POINT('',(-13.,-17.,198.));
#5626 = CARTESIAN_POINT('',(-13.,-9.,188.));
#5627 = CARTESIAN_POINT('',(-13.,-7.,198.));
#5628 = ADVANCED_FACE('',(#5629),#5646,.T.);
#5629 = FACE_BOUND('',#5630,.T.);
#5630 = EDGE_LOOP('',(#5631,#5632,#5633,#5640));
#5631 = ORIENTED_EDGE('',*,*,#5611,.F.);
#5632 = ORIENTED_EDGE('',*,*,#4046,.T.);
#5633 = ORIENTED_EDGE('',*,*,#5634,.T.);
#5634 = EDGE_CURVE('',#4040,#5635,#5637,.T.);
#5635 = VERTEX_POINT('',#5636);
#5636 = CARTESIAN_POINT('',(-19.,-7.,198.));
#5637 = B_SPLINE_CURVE_WITH_KNOTS('',1,(#5638,#5639),.UNSPECIFIED.,.F.,
  .F.,(2,2),(0.,1.),.PIECEWISE_BEZIER_KNOTS.);
#5638 = CARTESIAN_POINT('',(-19.,-9.,188.));
#5639 = CARTESIAN_POINT('',(-19.,-7.,198.));
#5640 = ORIENTED_EDGE('',*,*,#5641,.F.);
#5641 = EDGE_CURVE('',#5612,#5635,#5642,.T.);
#5642 = LINE('',#5643,#5644);
#5643 = CARTESIAN_POINT('',(-13.,-7.,198.));
#5644 = VECTOR('',#5645,1.);
#5645 = DIRECTION('',(-1.,0.,0.));
#5646 = PLANE('',#5647);
#5647 = AXIS2_PLACEMENT_3D('',#5648,#5649,#5650);
#5648 = CARTESIAN_POINT('',(-13.,-7.,198.));
#5649 = DIRECTION('',(0.,0.980580675691,-0.196116135138));
#5650 = DIRECTION('',(-1.,0.,0.));
#5651 = ADVANCED_FACE('',(#5652),#5670,.T.);
#5652 = FACE_BOUND('',#5653,.T.);
#5653 = EDGE_LOOP('',(#5654,#5655,#5656,#5657,#5664));
#5654 = ORIENTED_EDGE('',*,*,#5634,.F.);
#5655 = ORIENTED_EDGE('',*,*,#4039,.F.);
#5656 = ORIENTED_EDGE('',*,*,#5422,.T.);
#5657 = ORIENTED_EDGE('',*,*,#5658,.T.);
#5658 = EDGE_CURVE('',#5423,#5659,#5661,.T.);
#5659 = VERTEX_POINT('',#5660);
#5660 = CARTESIAN_POINT('',(-19.,-17.,198.));
#5661 = B_SPLINE_CURVE_WITH_KNOTS('',1,(#5662,#5663),.UNSPECIFIED.,.F.,
  .F.,(2,2),(0.,1.),.PIECEWISE_BEZIER_KNOTS.);
#5662 = CARTESIAN_POINT('',(-19.,-21.,188.));
#5663 = CARTESIAN_POINT('',(-19.,-17.,198.));
#5664 = ORIENTED_EDGE('',*,*,#5665,.F.);
#5665 = EDGE_CURVE('',#5635,#5659,#5666,.T.);
#5666 = LINE('',#5667,#5668);
#5667 = CARTESIAN_POINT('',(-19.,-7.,198.));
#5668 = VECTOR('',#5669,1.);
#5669 = DIRECTION('',(0.,-1.,0.));
#5670 = B_SPLINE_SURFACE_WITH_KNOTS('',1,1,(
    (#5671,#5672)
    ,(#5673,#5674
    )),.UNSPECIFIED.,.F.,.F.,.F.,(2,2),(2,2),(0.,12.),(0.,1.),
  .PIECEWISE_BEZIER_KNOTS.);
#5671 = CARTESIAN_POINT('',(-19.,-9.,188.));
#5672 = CARTESIAN_POINT('',(-19.,-7.,198.));
#5673 = CARTESIAN_POINT('',(-19.,-21.,188.));
#5674 = CARTESIAN_POINT('',(-19.,-17.,198.));
#5675 = ADVANCED_FACE('',(#5676),#5687,.F.);
#5676 = FACE_BOUND('',#5677,.F.);
#5677 = EDGE_LOOP('',(#5678,#5679,#5680,#5686));
#5678 = ORIENTED_EDGE('',*,*,#4023,.T.);
#5679 = ORIENTED_EDGE('',*,*,#5414,.T.);
#5680 = ORIENTED_EDGE('',*,*,#5681,.F.);
#5681 = EDGE_CURVE('',#5330,#5415,#5682,.T.);
#5682 = LINE('',#5683,#5684);
#5683 = CARTESIAN_POINT('',(-51.,-14.,205.));
#5684 = VECTOR('',#5685,1.);
#5685 = DIRECTION('',(0.707106781187,-0.707106781187,0.));
#5686 = ORIENTED_EDGE('',*,*,#5376,.F.);
#5687 = B_SPLINE_SURFACE_WITH_KNOTS('',1,1,(
    (#5688,#5689)
    ,(#5690,#5691
    )),.UNSPECIFIED.,.F.,.F.,.F.,(2,2),(2,2),(0.,5.656854249492),(0.,1.)
  ,.PIECEWISE_BEZIER_KNOTS.);
#5688 = CARTESIAN_POINT('',(-37.,-16.,191.));
#5689 = CARTESIAN_POINT('',(-51.,-14.,205.));
#5690 = CARTESIAN_POINT('',(-35.,-18.,191.));
#5691 = CARTESIAN_POINT('',(-47.,-18.,205.));
#5692 = ADVANCED_FACE('',(#5693),#5704,.F.);
#5693 = FACE_BOUND('',#5694,.F.);
#5694 = EDGE_LOOP('',(#5695,#5701,#5702,#5703));
#5695 = ORIENTED_EDGE('',*,*,#5696,.F.);
#5696 = EDGE_CURVE('',#4428,#4312,#5697,.T.);
#5697 = LINE('',#5698,#5699);
#5698 = CARTESIAN_POINT('',(8.45,-12.8,95.625));
#5699 = VECTOR('',#5700,1.);
#5700 = DIRECTION('',(0.,0.,-1.));
#5701 = ORIENTED_EDGE('',*,*,#4427,.T.);
#5702 = ORIENTED_EDGE('',*,*,#4262,.T.);
#5703 = ORIENTED_EDGE('',*,*,#4319,.F.);
#5704 = PLANE('',#5705);
#5705 = AXIS2_PLACEMENT_3D('',#5706,#5707,#5708);
#5706 = CARTESIAN_POINT('',(8.45,-13.5,123.25));
#5707 = DIRECTION('',(-1.,0.,0.));
#5708 = DIRECTION('',(0.,0.,-1.));
#5709 = ADVANCED_FACE('',(#5710),#5721,.F.);
#5710 = FACE_BOUND('',#5711,.F.);
#5711 = EDGE_LOOP('',(#5712,#5713,#5714,#5715));
#5712 = ORIENTED_EDGE('',*,*,#4496,.F.);
#5713 = ORIENTED_EDGE('',*,*,#4342,.T.);
#5714 = ORIENTED_EDGE('',*,*,#4389,.F.);
#5715 = ORIENTED_EDGE('',*,*,#5716,.F.);
#5716 = EDGE_CURVE('',#4489,#4382,#5717,.T.);
#5717 = LINE('',#5718,#5719);
#5718 = CARTESIAN_POINT('',(17.95,-13.5,88.75));
#5719 = VECTOR('',#5720,1.);
#5720 = DIRECTION('',(0.,1.,0.));
#5721 = PLANE('',#5722);
#5722 = AXIS2_PLACEMENT_3D('',#5723,#5724,#5725);
#5723 = CARTESIAN_POINT('',(13.2,-13.5,84.));
#5724 = DIRECTION('',(0.707106781187,0.,-0.707106781187));
#5725 = DIRECTION('',(0.707106781187,0.,0.707106781187));
#5726 = ADVANCED_FACE('',(#5727),#5738,.T.);
#5727 = FACE_BOUND('',#5728,.T.);
#5728 = EDGE_LOOP('',(#5729,#5735,#5736,#5737));
#5729 = ORIENTED_EDGE('',*,*,#5730,.F.);
#5730 = EDGE_CURVE('',#4304,#4436,#5731,.T.);
#5731 = LINE('',#5732,#5733);
#5732 = CARTESIAN_POINT('',(10.,-12.8,68.));
#5733 = VECTOR('',#5734,1.);
#5734 = DIRECTION('',(0.,0.,1.));
#5735 = ORIENTED_EDGE('',*,*,#4311,.F.);
#5736 = ORIENTED_EDGE('',*,*,#5696,.F.);
#5737 = ORIENTED_EDGE('',*,*,#4435,.F.);
#5738 = PLANE('',#5739);
#5739 = AXIS2_PLACEMENT_3D('',#5740,#5741,#5742);
#5740 = CARTESIAN_POINT('',(-10.,-12.8,68.));
#5741 = DIRECTION('',(0.,1.,0.));
#5742 = DIRECTION('',(0.,0.,1.));
#5743 = ADVANCED_FACE('',(#5744),#5772,.T.);
#5744 = FACE_BOUND('',#5745,.T.);
#5745 = EDGE_LOOP('',(#5746,#5756,#5761,#5762,#5763,#5764,#5765,#5766));
#5746 = ORIENTED_EDGE('',*,*,#5747,.F.);
#5747 = EDGE_CURVE('',#5748,#5750,#5752,.T.);
#5748 = VERTEX_POINT('',#5749);
#5749 = CARTESIAN_POINT('',(10.,-13.8,78.));
#5750 = VERTEX_POINT('',#5751);
#5751 = CARTESIAN_POINT('',(10.,-13.8,140.));
#5752 = LINE('',#5753,#5754);
#5753 = CARTESIAN_POINT('',(10.,-13.8,78.));
#5754 = VECTOR('',#5755,1.);
#5755 = DIRECTION('',(0.,0.,1.));
#5756 = ORIENTED_EDGE('',*,*,#5757,.F.);
#5757 = EDGE_CURVE('',#4504,#5748,#5758,.T.);
#5758 = B_SPLINE_CURVE_WITH_KNOTS('',1,(#5759,#5760),.UNSPECIFIED.,.F.,
  .F.,(2,2),(0.,1.),.PIECEWISE_BEZIER_KNOTS.);
#5759 = CARTESIAN_POINT('',(10.,-12.8,68.));
#5760 = CARTESIAN_POINT('',(10.,-13.8,78.));
#5761 = ORIENTED_EDGE('',*,*,#4503,.T.);
#5762 = ORIENTED_EDGE('',*,*,#4303,.F.);
#5763 = ORIENTED_EDGE('',*,*,#5730,.T.);
#5764 = ORIENTED_EDGE('',*,*,#4443,.F.);
#5765 = ORIENTED_EDGE('',*,*,#4473,.T.);
#5766 = ORIENTED_EDGE('',*,*,#5767,.F.);
#5767 = EDGE_CURVE('',#5750,#4466,#5768,.T.);
#5768 = LINE('',#5769,#5770);
#5769 = CARTESIAN_POINT('',(10.,-13.8,140.));
#5770 = VECTOR('',#5771,1.);
#5771 = DIRECTION('',(0.,1.,0.));
#5772 = PLANE('',#5773);
#5773 = AXIS2_PLACEMENT_3D('',#5774,#5775,#5776);
#5774 = CARTESIAN_POINT('',(10.,-13.8,68.));
#5775 = DIRECTION('',(1.,0.,0.));
#5776 = DIRECTION('',(0.,0.,1.));
#5777 = ADVANCED_FACE('',(#5778),#5789,.F.);
#5778 = FACE_BOUND('',#5779,.F.);
#5779 = EDGE_LOOP('',(#5780,#5781,#5782,#5783));
#5780 = ORIENTED_EDGE('',*,*,#4488,.F.);
#5781 = ORIENTED_EDGE('',*,*,#5716,.T.);
#5782 = ORIENTED_EDGE('',*,*,#4381,.F.);
#5783 = ORIENTED_EDGE('',*,*,#5784,.F.);
#5784 = EDGE_CURVE('',#4481,#4374,#5785,.T.);
#5785 = LINE('',#5786,#5787);
#5786 = CARTESIAN_POINT('',(17.95,-13.5,123.25));
#5787 = VECTOR('',#5788,1.);
#5788 = DIRECTION('',(0.,1.,0.));
#5789 = PLANE('',#5790);
#5790 = AXIS2_PLACEMENT_3D('',#5791,#5792,#5793);
#5791 = CARTESIAN_POINT('',(17.95,-13.5,88.75));
#5792 = DIRECTION('',(1.,0.,0.));
#5793 = DIRECTION('',(0.,0.,1.));
#5794 = ADVANCED_FACE('',(#5795),#5801,.F.);
#5795 = FACE_BOUND('',#5796,.F.);
#5796 = EDGE_LOOP('',(#5797,#5798,#5799,#5800));
#5797 = ORIENTED_EDGE('',*,*,#4480,.F.);
#5798 = ORIENTED_EDGE('',*,*,#5784,.T.);
#5799 = ORIENTED_EDGE('',*,*,#4373,.F.);
#5800 = ORIENTED_EDGE('',*,*,#4413,.F.);
#5801 = PLANE('',#5802);
#5802 = AXIS2_PLACEMENT_3D('',#5803,#5804,#5805);
#5803 = CARTESIAN_POINT('',(17.95,-13.5,123.25));
#5804 = DIRECTION('',(0.707106781187,0.,0.707106781187));
#5805 = DIRECTION('',(-0.707106781187,0.,0.707106781187));
#5806 = ADVANCED_FACE('',(#5807),#5832,.T.);
#5807 = FACE_BOUND('',#5808,.T.);
#5808 = EDGE_LOOP('',(#5809,#5818,#5824,#5825,#5826));
#5809 = ORIENTED_EDGE('',*,*,#5810,.F.);
#5810 = EDGE_CURVE('',#5811,#5813,#5815,.T.);
#5811 = VERTEX_POINT('',#5812);
#5812 = CARTESIAN_POINT('',(10.,-14.,68.));
#5813 = VERTEX_POINT('',#5814);
#5814 = CARTESIAN_POINT('',(13.,-23.7,78.));
#5815 = B_SPLINE_CURVE_WITH_KNOTS('',1,(#5816,#5817),.UNSPECIFIED.,.F.,
  .F.,(2,2),(0.,1.),.PIECEWISE_BEZIER_KNOTS.);
#5816 = CARTESIAN_POINT('',(10.,-14.,68.));
#5817 = CARTESIAN_POINT('',(13.,-23.7,78.));
#5818 = ORIENTED_EDGE('',*,*,#5819,.T.);
#5819 = EDGE_CURVE('',#5811,#4512,#5820,.T.);
#5820 = LINE('',#5821,#5822);
#5821 = CARTESIAN_POINT('',(10.,-14.,68.));
#5822 = VECTOR('',#5823,1.);
#5823 = DIRECTION('',(0.,1.,0.));
#5824 = ORIENTED_EDGE('',*,*,#4511,.T.);
#5825 = ORIENTED_EDGE('',*,*,#5757,.T.);
#5826 = ORIENTED_EDGE('',*,*,#5827,.F.);
#5827 = EDGE_CURVE('',#5813,#5748,#5828,.T.);
#5828 = LINE('',#5829,#5830);
#5829 = CARTESIAN_POINT('',(13.,-23.7,78.));
#5830 = VECTOR('',#5831,1.);
#5831 = DIRECTION('',(-0.290007395283,0.957024404433,0.));
#5832 = B_SPLINE_SURFACE_WITH_KNOTS('',1,1,(
    (#5833,#5834)
    ,(#5835,#5836
    )),.UNSPECIFIED.,.F.,.F.,.F.,(2,2),(2,2),(0.,10.34456378974),(0.,1.)
  ,.PIECEWISE_BEZIER_KNOTS.);
#5833 = CARTESIAN_POINT('',(10.,-14.,68.));
#5834 = CARTESIAN_POINT('',(13.,-23.7,78.));
#5835 = CARTESIAN_POINT('',(10.,-12.8,68.));
#5836 = CARTESIAN_POINT('',(10.,-13.8,78.));
#5837 = ADVANCED_FACE('',(#5838),#5881,.T.);
#5838 = FACE_BOUND('',#5839,.T.);
#5839 = EDGE_LOOP('',(#5840,#5850,#5858,#5864,#5865,#5866,#5867,#5873,
    #5874,#5875));
#5840 = ORIENTED_EDGE('',*,*,#5841,.T.);
#5841 = EDGE_CURVE('',#5842,#5844,#5846,.T.);
#5842 = VERTEX_POINT('',#5843);
#5843 = CARTESIAN_POINT('',(-10.,-13.8,140.));
#5844 = VERTEX_POINT('',#5845);
#5845 = CARTESIAN_POINT('',(-13.,-23.7,140.));
#5846 = LINE('',#5847,#5848);
#5847 = CARTESIAN_POINT('',(-10.,-13.8,140.));
#5848 = VECTOR('',#5849,1.);
#5849 = DIRECTION('',(-0.290007395283,-0.957024404433,0.));
#5850 = ORIENTED_EDGE('',*,*,#5851,.T.);
#5851 = EDGE_CURVE('',#5844,#5852,#5854,.T.);
#5852 = VERTEX_POINT('',#5853);
#5853 = CARTESIAN_POINT('',(13.,-23.7,140.));
#5854 = LINE('',#5855,#5856);
#5855 = CARTESIAN_POINT('',(-13.,-23.7,140.));
#5856 = VECTOR('',#5857,1.);
#5857 = DIRECTION('',(1.,0.,0.));
#5858 = ORIENTED_EDGE('',*,*,#5859,.T.);
#5859 = EDGE_CURVE('',#5852,#5750,#5860,.T.);
#5860 = LINE('',#5861,#5862);
#5861 = CARTESIAN_POINT('',(13.,-23.7,140.));
#5862 = VECTOR('',#5863,1.);
#5863 = DIRECTION('',(-0.290007395283,0.957024404433,0.));
#5864 = ORIENTED_EDGE('',*,*,#5767,.T.);
#5865 = ORIENTED_EDGE('',*,*,#4465,.T.);
#5866 = ORIENTED_EDGE('',*,*,#4579,.F.);
#5867 = ORIENTED_EDGE('',*,*,#5868,.F.);
#5868 = EDGE_CURVE('',#4883,#4580,#5869,.T.);
#5869 = LINE('',#5870,#5871);
#5870 = CARTESIAN_POINT('',(-10.,-12.8,140.));
#5871 = VECTOR('',#5872,1.);
#5872 = DIRECTION('',(1.,0.,0.));
#5873 = ORIENTED_EDGE('',*,*,#4882,.T.);
#5874 = ORIENTED_EDGE('',*,*,#4745,.T.);
#5875 = ORIENTED_EDGE('',*,*,#5876,.F.);
#5876 = EDGE_CURVE('',#5842,#4738,#5877,.T.);
#5877 = LINE('',#5878,#5879);
#5878 = CARTESIAN_POINT('',(-10.,-13.8,140.));
#5879 = VECTOR('',#5880,1.);
#5880 = DIRECTION('',(0.,1.,0.));
#5881 = PLANE('',#5882);
#5882 = AXIS2_PLACEMENT_3D('',#5883,#5884,#5885);
#5883 = CARTESIAN_POINT('',(0.,-18.73252998629,140.));
#5884 = DIRECTION('',(0.,0.,1.));
#5885 = DIRECTION('',(1.,0.,0.));
#5886 = ADVANCED_FACE('',(#5887,#5898),#5932,.T.);
#5887 = FACE_BOUND('',#5888,.T.);
#5888 = EDGE_LOOP('',(#5889,#5890,#5896,#5897));
#5889 = ORIENTED_EDGE('',*,*,#4587,.F.);
#5890 = ORIENTED_EDGE('',*,*,#5891,.T.);
#5891 = EDGE_CURVE('',#4588,#4891,#5892,.T.);
#5892 = LINE('',#5893,#5894);
#5893 = CARTESIAN_POINT('',(10.,-12.8,68.));
#5894 = VECTOR('',#5895,1.);
#5895 = DIRECTION('',(-1.,0.,0.));
#5896 = ORIENTED_EDGE('',*,*,#4890,.T.);
#5897 = ORIENTED_EDGE('',*,*,#5868,.T.);
#5898 = FACE_BOUND('',#5899,.T.);
#5899 = EDGE_LOOP('',(#5900,#5910,#5918,#5926));
#5900 = ORIENTED_EDGE('',*,*,#5901,.F.);
#5901 = EDGE_CURVE('',#5902,#5904,#5906,.T.);
#5902 = VERTEX_POINT('',#5903);
#5903 = CARTESIAN_POINT('',(-6.,-12.8,138.));
#5904 = VERTEX_POINT('',#5905);
#5905 = CARTESIAN_POINT('',(6.,-12.8,138.));
#5906 = LINE('',#5907,#5908);
#5907 = CARTESIAN_POINT('',(-8.,-12.8,138.));
#5908 = VECTOR('',#5909,1.);
#5909 = DIRECTION('',(1.,0.,0.));
#5910 = ORIENTED_EDGE('',*,*,#5911,.T.);
#5911 = EDGE_CURVE('',#5902,#5912,#5914,.T.);
#5912 = VERTEX_POINT('',#5913);
#5913 = CARTESIAN_POINT('',(-6.,-12.8,131.));
#5914 = LINE('',#5915,#5916);
#5915 = CARTESIAN_POINT('',(-6.,-12.8,99.5));
#5916 = VECTOR('',#5917,1.);
#5917 = DIRECTION('',(0.,0.,-1.));
#5918 = ORIENTED_EDGE('',*,*,#5919,.T.);
#5919 = EDGE_CURVE('',#5912,#5920,#5922,.T.);
#5920 = VERTEX_POINT('',#5921);
#5921 = CARTESIAN_POINT('',(6.,-12.8,131.));
#5922 = LINE('',#5923,#5924);
#5923 = CARTESIAN_POINT('',(-8.,-12.8,131.));
#5924 = VECTOR('',#5925,1.);
#5925 = DIRECTION('',(1.,0.,0.));
#5926 = ORIENTED_EDGE('',*,*,#5927,.F.);
#5927 = EDGE_CURVE('',#5904,#5920,#5928,.T.);
#5928 = LINE('',#5929,#5930);
#5929 = CARTESIAN_POINT('',(6.,-12.8,99.5));
#5930 = VECTOR('',#5931,1.);
#5931 = DIRECTION('',(0.,0.,-1.));
#5932 = PLANE('',#5933);
#5933 = AXIS2_PLACEMENT_3D('',#5934,#5935,#5936);
#5934 = CARTESIAN_POINT('',(-10.,-12.8,68.));
#5935 = DIRECTION('',(0.,1.,0.));
#5936 = DIRECTION('',(0.,0.,1.));
#5937 = ADVANCED_FACE('',(#5938),#5964,.F.);
#5938 = FACE_BOUND('',#5939,.F.);
#5939 = EDGE_LOOP('',(#5940,#5948,#5953,#5954,#5955,#5961,#5962,#5963));
#5940 = ORIENTED_EDGE('',*,*,#5941,.F.);
#5941 = EDGE_CURVE('',#5942,#5842,#5944,.T.);
#5942 = VERTEX_POINT('',#5943);
#5943 = CARTESIAN_POINT('',(-10.,-13.8,78.));
#5944 = LINE('',#5945,#5946);
#5945 = CARTESIAN_POINT('',(-10.,-13.8,78.));
#5946 = VECTOR('',#5947,1.);
#5947 = DIRECTION('',(0.,0.,1.));
#5948 = ORIENTED_EDGE('',*,*,#5949,.F.);
#5949 = EDGE_CURVE('',#4647,#5942,#5950,.T.);
#5950 = B_SPLINE_CURVE_WITH_KNOTS('',1,(#5951,#5952),.UNSPECIFIED.,.F.,
  .F.,(2,2),(0.,1.),.PIECEWISE_BEZIER_KNOTS.);
#5951 = CARTESIAN_POINT('',(-10.,-12.8,68.));
#5952 = CARTESIAN_POINT('',(-10.,-13.8,78.));
#5953 = ORIENTED_EDGE('',*,*,#4689,.T.);
#5954 = ORIENTED_EDGE('',*,*,#4953,.F.);
#5955 = ORIENTED_EDGE('',*,*,#5956,.T.);
#5956 = EDGE_CURVE('',#4946,#5016,#5957,.T.);
#5957 = LINE('',#5958,#5959);
#5958 = CARTESIAN_POINT('',(-10.,-12.8,68.));
#5959 = VECTOR('',#5960,1.);
#5960 = DIRECTION('',(0.,0.,1.));
#5961 = ORIENTED_EDGE('',*,*,#5015,.F.);
#5962 = ORIENTED_EDGE('',*,*,#4737,.T.);
#5963 = ORIENTED_EDGE('',*,*,#5876,.F.);
#5964 = PLANE('',#5965);
#5965 = AXIS2_PLACEMENT_3D('',#5966,#5967,#5968);
#5966 = CARTESIAN_POINT('',(-10.,-13.8,68.));
#5967 = DIRECTION('',(1.,0.,0.));
#5968 = DIRECTION('',(0.,0.,1.));
#5969 = ADVANCED_FACE('',(#5970),#5981,.F.);
#5970 = FACE_BOUND('',#5971,.F.);
#5971 = EDGE_LOOP('',(#5972,#5973,#5974,#5975));
#5972 = ORIENTED_EDGE('',*,*,#4721,.F.);
#5973 = ORIENTED_EDGE('',*,*,#5045,.T.);
#5974 = ORIENTED_EDGE('',*,*,#4992,.F.);
#5975 = ORIENTED_EDGE('',*,*,#5976,.F.);
#5976 = EDGE_CURVE('',#4714,#4985,#5977,.T.);
#5977 = LINE('',#5978,#5979);
#5978 = CARTESIAN_POINT('',(-17.95,-13.5,123.25));
#5979 = VECTOR('',#5980,1.);
#5980 = DIRECTION('',(0.,1.,0.));
#5981 = PLANE('',#5982);
#5982 = AXIS2_PLACEMENT_3D('',#5983,#5984,#5985);
#5983 = CARTESIAN_POINT('',(-13.2,-13.5,128.));
#5984 = DIRECTION('',(-0.707106781187,0.,0.707106781187));
#5985 = DIRECTION('',(-0.707106781187,0.,-0.707106781187));
#5986 = ADVANCED_FACE('',(#5987),#5998,.F.);
#5987 = FACE_BOUND('',#5988,.F.);
#5988 = EDGE_LOOP('',(#5989,#5990,#5991,#5992));
#5989 = ORIENTED_EDGE('',*,*,#4713,.F.);
#5990 = ORIENTED_EDGE('',*,*,#5976,.T.);
#5991 = ORIENTED_EDGE('',*,*,#4984,.F.);
#5992 = ORIENTED_EDGE('',*,*,#5993,.F.);
#5993 = EDGE_CURVE('',#4706,#4977,#5994,.T.);
#5994 = LINE('',#5995,#5996);
#5995 = CARTESIAN_POINT('',(-17.95,-13.5,88.75));
#5996 = VECTOR('',#5997,1.);
#5997 = DIRECTION('',(0.,1.,0.));
#5998 = PLANE('',#5999);
#5999 = AXIS2_PLACEMENT_3D('',#6000,#6001,#6002);
#6000 = CARTESIAN_POINT('',(-17.95,-13.5,123.25));
#6001 = DIRECTION('',(-1.,0.,0.));
#6002 = DIRECTION('',(0.,0.,-1.));
#6003 = ADVANCED_FACE('',(#6004),#6010,.F.);
#6004 = FACE_BOUND('',#6005,.F.);
#6005 = EDGE_LOOP('',(#6006,#6007,#6008,#6009));
#6006 = ORIENTED_EDGE('',*,*,#4705,.F.);
#6007 = ORIENTED_EDGE('',*,*,#5993,.T.);
#6008 = ORIENTED_EDGE('',*,*,#4976,.F.);
#6009 = ORIENTED_EDGE('',*,*,#4914,.F.);
#6010 = PLANE('',#6011);
#6011 = AXIS2_PLACEMENT_3D('',#6012,#6013,#6014);
#6012 = CARTESIAN_POINT('',(-17.95,-13.5,88.75));
#6013 = DIRECTION('',(-0.707106781187,0.,-0.707106781187));
#6014 = DIRECTION('',(0.707106781187,0.,-0.707106781187));
#6015 = ADVANCED_FACE('',(#6016),#6041,.T.);
#6016 = FACE_BOUND('',#6017,.T.);
#6017 = EDGE_LOOP('',(#6018,#6019,#6027,#6034,#6040));
#6018 = ORIENTED_EDGE('',*,*,#4646,.F.);
#6019 = ORIENTED_EDGE('',*,*,#6020,.T.);
#6020 = EDGE_CURVE('',#4639,#6021,#6023,.T.);
#6021 = VERTEX_POINT('',#6022);
#6022 = CARTESIAN_POINT('',(-10.,-14.,68.));
#6023 = LINE('',#6024,#6025);
#6024 = CARTESIAN_POINT('',(-10.,-12.8,68.));
#6025 = VECTOR('',#6026,1.);
#6026 = DIRECTION('',(0.,-1.,0.));
#6027 = ORIENTED_EDGE('',*,*,#6028,.T.);
#6028 = EDGE_CURVE('',#6021,#6029,#6031,.T.);
#6029 = VERTEX_POINT('',#6030);
#6030 = CARTESIAN_POINT('',(-13.,-23.7,78.));
#6031 = B_SPLINE_CURVE_WITH_KNOTS('',1,(#6032,#6033),.UNSPECIFIED.,.F.,
  .F.,(2,2),(0.,1.),.PIECEWISE_BEZIER_KNOTS.);
#6032 = CARTESIAN_POINT('',(-10.,-14.,68.));
#6033 = CARTESIAN_POINT('',(-13.,-23.7,78.));
#6034 = ORIENTED_EDGE('',*,*,#6035,.F.);
#6035 = EDGE_CURVE('',#5942,#6029,#6036,.T.);
#6036 = LINE('',#6037,#6038);
#6037 = CARTESIAN_POINT('',(-10.,-13.8,78.));
#6038 = VECTOR('',#6039,1.);
#6039 = DIRECTION('',(-0.290007395283,-0.957024404433,0.));
#6040 = ORIENTED_EDGE('',*,*,#5949,.F.);
#6041 = B_SPLINE_SURFACE_WITH_KNOTS('',1,1,(
    (#6042,#6043)
    ,(#6044,#6045
    )),.UNSPECIFIED.,.F.,.F.,.F.,(2,2),(2,2),(0.,10.34456378974),(0.,1.)
  ,.PIECEWISE_BEZIER_KNOTS.);
#6042 = CARTESIAN_POINT('',(-10.,-12.8,68.));
#6043 = CARTESIAN_POINT('',(-10.,-13.8,78.));
#6044 = CARTESIAN_POINT('',(-10.,-14.,68.));
#6045 = CARTESIAN_POINT('',(-13.,-23.7,78.));
#6046 = ADVANCED_FACE('',(#6047),#6058,.F.);
#6047 = FACE_BOUND('',#6048,.F.);
#6048 = EDGE_LOOP('',(#6049,#6055,#6056,#6057));
#6049 = ORIENTED_EDGE('',*,*,#6050,.F.);
#6050 = EDGE_CURVE('',#4938,#5024,#6051,.T.);
#6051 = LINE('',#6052,#6053);
#6052 = CARTESIAN_POINT('',(-8.45,-12.8,78.375));
#6053 = VECTOR('',#6054,1.);
#6054 = DIRECTION('',(0.,0.,1.));
#6055 = ORIENTED_EDGE('',*,*,#4937,.T.);
#6056 = ORIENTED_EDGE('',*,*,#4858,.T.);
#6057 = ORIENTED_EDGE('',*,*,#5031,.F.);
#6058 = PLANE('',#6059);
#6059 = AXIS2_PLACEMENT_3D('',#6060,#6061,#6062);
#6060 = CARTESIAN_POINT('',(-8.45,-13.5,88.75));
#6061 = DIRECTION('',(1.,0.,0.));
#6062 = DIRECTION('',(0.,0.,1.));
#6063 = ADVANCED_FACE('',(#6064),#6070,.T.);
#6064 = FACE_BOUND('',#6065,.T.);
#6065 = EDGE_LOOP('',(#6066,#6067,#6068,#6069));
#6066 = ORIENTED_EDGE('',*,*,#4945,.F.);
#6067 = ORIENTED_EDGE('',*,*,#5956,.T.);
#6068 = ORIENTED_EDGE('',*,*,#5023,.F.);
#6069 = ORIENTED_EDGE('',*,*,#6050,.F.);
#6070 = PLANE('',#6071);
#6071 = AXIS2_PLACEMENT_3D('',#6072,#6073,#6074);
#6072 = CARTESIAN_POINT('',(-10.,-12.8,68.));
#6073 = DIRECTION('',(0.,1.,0.));
#6074 = DIRECTION('',(0.,0.,1.));
#6075 = ADVANCED_FACE('',(#6076),#6097,.F.);
#6076 = FACE_BOUND('',#6077,.F.);
#6077 = EDGE_LOOP('',(#6078,#6086,#6091,#6092));
#6078 = ORIENTED_EDGE('',*,*,#6079,.T.);
#6079 = EDGE_CURVE('',#6080,#5293,#6082,.T.);
#6080 = VERTEX_POINT('',#6081);
#6081 = CARTESIAN_POINT('',(55.,-16.,215.));
#6082 = LINE('',#6083,#6084);
#6083 = CARTESIAN_POINT('',(55.,-16.,215.));
#6084 = VECTOR('',#6085,1.);
#6085 = DIRECTION('',(0.707106781187,0.707106781187,0.));
#6086 = ORIENTED_EDGE('',*,*,#6087,.T.);
#6087 = EDGE_CURVE('',#5293,#5100,#6088,.T.);
#6088 = B_SPLINE_CURVE_WITH_KNOTS('',1,(#6089,#6090),.UNSPECIFIED.,.F.,
  .F.,(2,2),(0.,1.),.PIECEWISE_BEZIER_KNOTS.);
#6089 = CARTESIAN_POINT('',(60.,-11.,215.));
#6090 = CARTESIAN_POINT('',(55.,-7.,240.));
#6091 = ORIENTED_EDGE('',*,*,#5099,.F.);
#6092 = ORIENTED_EDGE('',*,*,#6093,.F.);
#6093 = EDGE_CURVE('',#6080,#5093,#6094,.T.);
#6094 = B_SPLINE_CURVE_WITH_KNOTS('',1,(#6095,#6096),.UNSPECIFIED.,.F.,
  .F.,(2,2),(0.,1.),.PIECEWISE_BEZIER_KNOTS.);
#6095 = CARTESIAN_POINT('',(55.,-16.,215.));
#6096 = CARTESIAN_POINT('',(51.,-11.,240.));
#6097 = B_SPLINE_SURFACE_WITH_KNOTS('',1,1,(
    (#6098,#6099)
    ,(#6100,#6101
    )),.UNSPECIFIED.,.F.,.F.,.F.,(2,2),(2,2),(0.,7.071067811865),(0.,1.)
  ,.PIECEWISE_BEZIER_KNOTS.);
#6098 = CARTESIAN_POINT('',(55.,-16.,215.));
#6099 = CARTESIAN_POINT('',(51.,-11.,240.));
#6100 = CARTESIAN_POINT('',(60.,-11.,215.));
#6101 = CARTESIAN_POINT('',(55.,-7.,240.));
#6102 = ADVANCED_FACE('',(#6103),#6109,.F.);
#6103 = FACE_BOUND('',#6104,.F.);
#6104 = EDGE_LOOP('',(#6105,#6106,#6107,#6108));
#6105 = ORIENTED_EDGE('',*,*,#5292,.T.);
#6106 = ORIENTED_EDGE('',*,*,#5270,.T.);
#6107 = ORIENTED_EDGE('',*,*,#5122,.F.);
#6108 = ORIENTED_EDGE('',*,*,#6087,.F.);
#6109 = B_SPLINE_SURFACE_WITH_KNOTS('',1,1,(
    (#6110,#6111)
    ,(#6112,#6113
    )),.UNSPECIFIED.,.F.,.F.,.F.,(2,2),(2,2),(0.,46.),(0.,1.),
  .PIECEWISE_BEZIER_KNOTS.);
#6110 = CARTESIAN_POINT('',(60.,-11.,215.));
#6111 = CARTESIAN_POINT('',(55.,-7.,240.));
#6112 = CARTESIAN_POINT('',(60.,35.,215.));
#6113 = CARTESIAN_POINT('',(55.,31.,240.));
#6114 = ADVANCED_FACE('',(#6115),#6125,.F.);
#6115 = FACE_BOUND('',#6116,.F.);
#6116 = EDGE_LOOP('',(#6117,#6118,#6123,#6124));
#6117 = ORIENTED_EDGE('',*,*,#5344,.T.);
#6118 = ORIENTED_EDGE('',*,*,#6119,.T.);
#6119 = EDGE_CURVE('',#5338,#5206,#6120,.T.);
#6120 = B_SPLINE_CURVE_WITH_KNOTS('',1,(#6121,#6122),.UNSPECIFIED.,.F.,
  .F.,(2,2),(0.,1.),.PIECEWISE_BEZIER_KNOTS.);
#6121 = CARTESIAN_POINT('',(-60.,-11.,215.));
#6122 = CARTESIAN_POINT('',(-55.,-7.,240.));
#6123 = ORIENTED_EDGE('',*,*,#5205,.F.);
#6124 = ORIENTED_EDGE('',*,*,#5314,.F.);
#6125 = B_SPLINE_SURFACE_WITH_KNOTS('',1,1,(
    (#6126,#6127)
    ,(#6128,#6129
    )),.UNSPECIFIED.,.F.,.F.,.F.,(2,2),(2,2),(0.,46.),(0.,1.),
  .PIECEWISE_BEZIER_KNOTS.);
#6126 = CARTESIAN_POINT('',(-60.,35.,215.));
#6127 = CARTESIAN_POINT('',(-55.,31.,240.));
#6128 = CARTESIAN_POINT('',(-60.,-11.,215.));
#6129 = CARTESIAN_POINT('',(-55.,-7.,240.));
#6130 = ADVANCED_FACE('',(#6131),#6148,.F.);
#6131 = FACE_BOUND('',#6132,.F.);
#6132 = EDGE_LOOP('',(#6133,#6141,#6146,#6147));
#6133 = ORIENTED_EDGE('',*,*,#6134,.T.);
#6134 = EDGE_CURVE('',#5338,#6135,#6137,.T.);
#6135 = VERTEX_POINT('',#6136);
#6136 = CARTESIAN_POINT('',(-55.,-16.,215.));
#6137 = LINE('',#6138,#6139);
#6138 = CARTESIAN_POINT('',(-60.,-11.,215.));
#6139 = VECTOR('',#6140,1.);
#6140 = DIRECTION('',(0.707106781187,-0.707106781187,0.));
#6141 = ORIENTED_EDGE('',*,*,#6142,.T.);
#6142 = EDGE_CURVE('',#6135,#5229,#6143,.T.);
#6143 = B_SPLINE_CURVE_WITH_KNOTS('',1,(#6144,#6145),.UNSPECIFIED.,.F.,
  .F.,(2,2),(0.,1.),.PIECEWISE_BEZIER_KNOTS.);
#6144 = CARTESIAN_POINT('',(-55.,-16.,215.));
#6145 = CARTESIAN_POINT('',(-51.,-11.,240.));
#6146 = ORIENTED_EDGE('',*,*,#5228,.F.);
#6147 = ORIENTED_EDGE('',*,*,#6119,.F.);
#6148 = B_SPLINE_SURFACE_WITH_KNOTS('',1,1,(
    (#6149,#6150)
    ,(#6151,#6152
    )),.UNSPECIFIED.,.F.,.F.,.F.,(2,2),(2,2),(0.,7.071067811865),(0.,1.)
  ,.PIECEWISE_BEZIER_KNOTS.);
#6149 = CARTESIAN_POINT('',(-60.,-11.,215.));
#6150 = CARTESIAN_POINT('',(-55.,-7.,240.));
#6151 = CARTESIAN_POINT('',(-55.,-16.,215.));
#6152 = CARTESIAN_POINT('',(-51.,-11.,240.));
#6153 = ADVANCED_FACE('',(#6154),#6165,.F.);
#6154 = FACE_BOUND('',#6155,.F.);
#6155 = EDGE_LOOP('',(#6156,#6162,#6163,#6164));
#6156 = ORIENTED_EDGE('',*,*,#6157,.T.);
#6157 = EDGE_CURVE('',#6135,#6080,#6158,.T.);
#6158 = LINE('',#6159,#6160);
#6159 = CARTESIAN_POINT('',(-55.,-16.,215.));
#6160 = VECTOR('',#6161,1.);
#6161 = DIRECTION('',(1.,0.,0.));
#6162 = ORIENTED_EDGE('',*,*,#6093,.T.);
#6163 = ORIENTED_EDGE('',*,*,#5251,.F.);
#6164 = ORIENTED_EDGE('',*,*,#6142,.F.);
#6165 = B_SPLINE_SURFACE_WITH_KNOTS('',1,1,(
    (#6166,#6167)
    ,(#6168,#6169
    )),.UNSPECIFIED.,.F.,.F.,.F.,(2,2),(2,2),(0.,110.),(0.,1.),
  .PIECEWISE_BEZIER_KNOTS.);
#6166 = CARTESIAN_POINT('',(-55.,-16.,215.));
#6167 = CARTESIAN_POINT('',(-51.,-11.,240.));
#6168 = CARTESIAN_POINT('',(55.,-16.,215.));
#6169 = CARTESIAN_POINT('',(51.,-11.,240.));
#6170 = ADVANCED_FACE('',(#6171),#6181,.F.);
#6171 = FACE_BOUND('',#6172,.F.);
#6172 = EDGE_LOOP('',(#6173,#6174,#6175,#6176));
#6173 = ORIENTED_EDGE('',*,*,#5393,.T.);
#6174 = ORIENTED_EDGE('',*,*,#5300,.T.);
#6175 = ORIENTED_EDGE('',*,*,#6079,.F.);
#6176 = ORIENTED_EDGE('',*,*,#6177,.F.);
#6177 = EDGE_CURVE('',#5394,#6080,#6178,.T.);
#6178 = B_SPLINE_CURVE_WITH_KNOTS('',1,(#6179,#6180),.UNSPECIFIED.,.F.,
  .F.,(2,2),(0.,1.),.PIECEWISE_BEZIER_KNOTS.);
#6179 = CARTESIAN_POINT('',(47.,-18.,205.));
#6180 = CARTESIAN_POINT('',(55.,-16.,215.));
#6181 = B_SPLINE_SURFACE_WITH_KNOTS('',1,1,(
    (#6182,#6183)
    ,(#6184,#6185
    )),.UNSPECIFIED.,.F.,.F.,.F.,(2,2),(2,2),(0.,7.071067811865),(0.,1.)
  ,.PIECEWISE_BEZIER_KNOTS.);
#6182 = CARTESIAN_POINT('',(47.,-18.,205.));
#6183 = CARTESIAN_POINT('',(55.,-16.,215.));
#6184 = CARTESIAN_POINT('',(51.,-14.,205.));
#6185 = CARTESIAN_POINT('',(60.,-11.,215.));
#6186 = ADVANCED_FACE('',(#6187),#6197,.F.);
#6187 = FACE_BOUND('',#6188,.F.);
#6188 = EDGE_LOOP('',(#6189,#6190,#6195,#6196));
#6189 = ORIENTED_EDGE('',*,*,#5681,.T.);
#6190 = ORIENTED_EDGE('',*,*,#6191,.T.);
#6191 = EDGE_CURVE('',#5415,#6135,#6192,.T.);
#6192 = B_SPLINE_CURVE_WITH_KNOTS('',1,(#6193,#6194),.UNSPECIFIED.,.F.,
  .F.,(2,2),(0.,1.),.PIECEWISE_BEZIER_KNOTS.);
#6193 = CARTESIAN_POINT('',(-47.,-18.,205.));
#6194 = CARTESIAN_POINT('',(-55.,-16.,215.));
#6195 = ORIENTED_EDGE('',*,*,#6134,.F.);
#6196 = ORIENTED_EDGE('',*,*,#5337,.F.);
#6197 = B_SPLINE_SURFACE_WITH_KNOTS('',1,1,(
    (#6198,#6199)
    ,(#6200,#6201
    )),.UNSPECIFIED.,.F.,.F.,.F.,(2,2),(2,2),(0.,7.071067811865),(0.,1.)
  ,.PIECEWISE_BEZIER_KNOTS.);
#6198 = CARTESIAN_POINT('',(-51.,-14.,205.));
#6199 = CARTESIAN_POINT('',(-60.,-11.,215.));
#6200 = CARTESIAN_POINT('',(-47.,-18.,205.));
#6201 = CARTESIAN_POINT('',(-55.,-16.,215.));
#6202 = ADVANCED_FACE('',(#6203),#6209,.F.);
#6203 = FACE_BOUND('',#6204,.F.);
#6204 = EDGE_LOOP('',(#6205,#6206,#6207,#6208));
#6205 = ORIENTED_EDGE('',*,*,#5511,.T.);
#6206 = ORIENTED_EDGE('',*,*,#6177,.T.);
#6207 = ORIENTED_EDGE('',*,*,#6157,.F.);
#6208 = ORIENTED_EDGE('',*,*,#6191,.F.);
#6209 = B_SPLINE_SURFACE_WITH_KNOTS('',1,1,(
    (#6210,#6211)
    ,(#6212,#6213
    )),.UNSPECIFIED.,.F.,.F.,.F.,(2,2),(2,2),(0.,110.),(0.,1.),
  .PIECEWISE_BEZIER_KNOTS.);
#6210 = CARTESIAN_POINT('',(-47.,-18.,205.));
#6211 = CARTESIAN_POINT('',(-55.,-16.,215.));
#6212 = CARTESIAN_POINT('',(47.,-18.,205.));
#6213 = CARTESIAN_POINT('',(55.,-16.,215.));
#6214 = ADVANCED_FACE('',(#6215),#6226,.T.);
#6215 = FACE_BOUND('',#6216,.T.);
#6216 = EDGE_LOOP('',(#6217,#6218,#6219,#6220));
#6217 = ORIENTED_EDGE('',*,*,#5581,.F.);
#6218 = ORIENTED_EDGE('',*,*,#5485,.F.);
#6219 = ORIENTED_EDGE('',*,*,#5525,.T.);
#6220 = ORIENTED_EDGE('',*,*,#6221,.F.);
#6221 = EDGE_CURVE('',#5582,#5526,#6222,.T.);
#6222 = LINE('',#6223,#6224);
#6223 = CARTESIAN_POINT('',(13.,-17.,198.));
#6224 = VECTOR('',#6225,1.);
#6225 = DIRECTION('',(1.,0.,0.));
#6226 = PLANE('',#6227);
#6227 = AXIS2_PLACEMENT_3D('',#6228,#6229,#6230);
#6228 = CARTESIAN_POINT('',(13.,-17.,198.));
#6229 = DIRECTION('',(0.,-0.928476690885,0.371390676354));
#6230 = DIRECTION('',(1.,0.,0.));
#6231 = ADVANCED_FACE('',(#6232),#6243,.T.);
#6232 = FACE_BOUND('',#6233,.T.);
#6233 = EDGE_LOOP('',(#6234,#6235,#6236,#6237));
#6234 = ORIENTED_EDGE('',*,*,#5658,.F.);
#6235 = ORIENTED_EDGE('',*,*,#5441,.F.);
#6236 = ORIENTED_EDGE('',*,*,#5602,.T.);
#6237 = ORIENTED_EDGE('',*,*,#6238,.F.);
#6238 = EDGE_CURVE('',#5659,#5603,#6239,.T.);
#6239 = LINE('',#6240,#6241);
#6240 = CARTESIAN_POINT('',(-19.,-17.,198.));
#6241 = VECTOR('',#6242,1.);
#6242 = DIRECTION('',(1.,0.,0.));
#6243 = PLANE('',#6244);
#6244 = AXIS2_PLACEMENT_3D('',#6245,#6246,#6247);
#6245 = CARTESIAN_POINT('',(-19.,-17.,198.));
#6246 = DIRECTION('',(0.,-0.928476690885,0.371390676354));
#6247 = DIRECTION('',(1.,0.,0.));
#6248 = ADVANCED_FACE('',(#6249),#6272,.T.);
#6249 = FACE_BOUND('',#6250,.T.);
#6250 = EDGE_LOOP('',(#6251,#6252,#6259,#6267));
#6251 = ORIENTED_EDGE('',*,*,#5541,.T.);
#6252 = ORIENTED_EDGE('',*,*,#6253,.T.);
#6253 = EDGE_CURVE('',#5535,#6254,#6256,.T.);
#6254 = VERTEX_POINT('',#6255);
#6255 = CARTESIAN_POINT('',(19.,-5.,226.));
#6256 = B_SPLINE_CURVE_WITH_KNOTS('',1,(#6257,#6258),.UNSPECIFIED.,.F.,
  .F.,(2,2),(0.,1.),.PIECEWISE_BEZIER_KNOTS.);
#6257 = CARTESIAN_POINT('',(19.,-7.,198.));
#6258 = CARTESIAN_POINT('',(19.,-5.,226.));
#6259 = ORIENTED_EDGE('',*,*,#6260,.F.);
#6260 = EDGE_CURVE('',#6261,#6254,#6263,.T.);
#6261 = VERTEX_POINT('',#6262);
#6262 = CARTESIAN_POINT('',(19.,-13.,226.));
#6263 = LINE('',#6264,#6265);
#6264 = CARTESIAN_POINT('',(19.,-13.,226.));
#6265 = VECTOR('',#6266,1.);
#6266 = DIRECTION('',(0.,1.,0.));
#6267 = ORIENTED_EDGE('',*,*,#6268,.F.);
#6268 = EDGE_CURVE('',#5526,#6261,#6269,.T.);
#6269 = B_SPLINE_CURVE_WITH_KNOTS('',1,(#6270,#6271),.UNSPECIFIED.,.F.,
  .F.,(2,2),(0.,1.),.PIECEWISE_BEZIER_KNOTS.);
#6270 = CARTESIAN_POINT('',(19.,-17.,198.));
#6271 = CARTESIAN_POINT('',(19.,-13.,226.));
#6272 = B_SPLINE_SURFACE_WITH_KNOTS('',1,1,(
    (#6273,#6274)
    ,(#6275,#6276
    )),.UNSPECIFIED.,.F.,.F.,.F.,(2,2),(2,2),(0.,10.),(0.,1.),
  .PIECEWISE_BEZIER_KNOTS.);
#6273 = CARTESIAN_POINT('',(19.,-17.,198.));
#6274 = CARTESIAN_POINT('',(19.,-13.,226.));
#6275 = CARTESIAN_POINT('',(19.,-7.,198.));
#6276 = CARTESIAN_POINT('',(19.,-5.,226.));
#6277 = ADVANCED_FACE('',(#6278),#6295,.T.);
#6278 = FACE_BOUND('',#6279,.T.);
#6279 = EDGE_LOOP('',(#6280,#6281,#6288,#6294));
#6280 = ORIENTED_EDGE('',*,*,#5564,.T.);
#6281 = ORIENTED_EDGE('',*,*,#6282,.T.);
#6282 = EDGE_CURVE('',#5558,#6283,#6285,.T.);
#6283 = VERTEX_POINT('',#6284);
#6284 = CARTESIAN_POINT('',(13.,-5.,226.));
#6285 = B_SPLINE_CURVE_WITH_KNOTS('',1,(#6286,#6287),.UNSPECIFIED.,.F.,
  .F.,(2,2),(0.,1.),.PIECEWISE_BEZIER_KNOTS.);
#6286 = CARTESIAN_POINT('',(13.,-7.,198.));
#6287 = CARTESIAN_POINT('',(13.,-5.,226.));
#6288 = ORIENTED_EDGE('',*,*,#6289,.F.);
#6289 = EDGE_CURVE('',#6254,#6283,#6290,.T.);
#6290 = LINE('',#6291,#6292);
#6291 = CARTESIAN_POINT('',(19.,-5.,226.));
#6292 = VECTOR('',#6293,1.);
#6293 = DIRECTION('',(-1.,0.,0.));
#6294 = ORIENTED_EDGE('',*,*,#6253,.F.);
#6295 = PLANE('',#6296);
#6296 = AXIS2_PLACEMENT_3D('',#6297,#6298,#6299);
#6297 = CARTESIAN_POINT('',(19.,-5.,226.));
#6298 = DIRECTION('',(0.,0.997458699831,-7.124704998791E-02));
#6299 = DIRECTION('',(-1.,0.,0.));
#6300 = ADVANCED_FACE('',(#6301),#6318,.T.);
#6301 = FACE_BOUND('',#6302,.T.);
#6302 = EDGE_LOOP('',(#6303,#6304,#6311,#6317));
#6303 = ORIENTED_EDGE('',*,*,#5588,.T.);
#6304 = ORIENTED_EDGE('',*,*,#6305,.T.);
#6305 = EDGE_CURVE('',#5582,#6306,#6308,.T.);
#6306 = VERTEX_POINT('',#6307);
#6307 = CARTESIAN_POINT('',(13.,-13.,226.));
#6308 = B_SPLINE_CURVE_WITH_KNOTS('',1,(#6309,#6310),.UNSPECIFIED.,.F.,
  .F.,(2,2),(0.,1.),.PIECEWISE_BEZIER_KNOTS.);
#6309 = CARTESIAN_POINT('',(13.,-17.,198.));
#6310 = CARTESIAN_POINT('',(13.,-13.,226.));
#6311 = ORIENTED_EDGE('',*,*,#6312,.F.);
#6312 = EDGE_CURVE('',#6283,#6306,#6313,.T.);
#6313 = LINE('',#6314,#6315);
#6314 = CARTESIAN_POINT('',(13.,-5.,226.));
#6315 = VECTOR('',#6316,1.);
#6316 = DIRECTION('',(0.,-1.,0.));
#6317 = ORIENTED_EDGE('',*,*,#6282,.F.);
#6318 = B_SPLINE_SURFACE_WITH_KNOTS('',1,1,(
    (#6319,#6320)
    ,(#6321,#6322
    )),.UNSPECIFIED.,.F.,.F.,.F.,(2,2),(2,2),(0.,10.),(0.,1.),
  .PIECEWISE_BEZIER_KNOTS.);
#6319 = CARTESIAN_POINT('',(13.,-7.,198.));
#6320 = CARTESIAN_POINT('',(13.,-5.,226.));
#6321 = CARTESIAN_POINT('',(13.,-17.,198.));
#6322 = CARTESIAN_POINT('',(13.,-13.,226.));
#6323 = ADVANCED_FACE('',(#6324),#6347,.T.);
#6324 = FACE_BOUND('',#6325,.T.);
#6325 = EDGE_LOOP('',(#6326,#6327,#6334,#6342));
#6326 = ORIENTED_EDGE('',*,*,#5618,.T.);
#6327 = ORIENTED_EDGE('',*,*,#6328,.T.);
#6328 = EDGE_CURVE('',#5612,#6329,#6331,.T.);
#6329 = VERTEX_POINT('',#6330);
#6330 = CARTESIAN_POINT('',(-13.,-5.,226.));
#6331 = B_SPLINE_CURVE_WITH_KNOTS('',1,(#6332,#6333),.UNSPECIFIED.,.F.,
  .F.,(2,2),(0.,1.),.PIECEWISE_BEZIER_KNOTS.);
#6332 = CARTESIAN_POINT('',(-13.,-7.,198.));
#6333 = CARTESIAN_POINT('',(-13.,-5.,226.));
#6334 = ORIENTED_EDGE('',*,*,#6335,.F.);
#6335 = EDGE_CURVE('',#6336,#6329,#6338,.T.);
#6336 = VERTEX_POINT('',#6337);
#6337 = CARTESIAN_POINT('',(-13.,-13.,226.));
#6338 = LINE('',#6339,#6340);
#6339 = CARTESIAN_POINT('',(-13.,-13.,226.));
#6340 = VECTOR('',#6341,1.);
#6341 = DIRECTION('',(0.,1.,0.));
#6342 = ORIENTED_EDGE('',*,*,#6343,.F.);
#6343 = EDGE_CURVE('',#5603,#6336,#6344,.T.);
#6344 = B_SPLINE_CURVE_WITH_KNOTS('',1,(#6345,#6346),.UNSPECIFIED.,.F.,
  .F.,(2,2),(0.,1.),.PIECEWISE_BEZIER_KNOTS.);
#6345 = CARTESIAN_POINT('',(-13.,-17.,198.));
#6346 = CARTESIAN_POINT('',(-13.,-13.,226.));
#6347 = B_SPLINE_SURFACE_WITH_KNOTS('',1,1,(
    (#6348,#6349)
    ,(#6350,#6351
    )),.UNSPECIFIED.,.F.,.F.,.F.,(2,2),(2,2),(0.,10.),(0.,1.),
  .PIECEWISE_BEZIER_KNOTS.);
#6348 = CARTESIAN_POINT('',(-13.,-17.,198.));
#6349 = CARTESIAN_POINT('',(-13.,-13.,226.));
#6350 = CARTESIAN_POINT('',(-13.,-7.,198.));
#6351 = CARTESIAN_POINT('',(-13.,-5.,226.));
#6352 = ADVANCED_FACE('',(#6353),#6370,.T.);
#6353 = FACE_BOUND('',#6354,.T.);
#6354 = EDGE_LOOP('',(#6355,#6356,#6363,#6369));
#6355 = ORIENTED_EDGE('',*,*,#5641,.T.);
#6356 = ORIENTED_EDGE('',*,*,#6357,.T.);
#6357 = EDGE_CURVE('',#5635,#6358,#6360,.T.);
#6358 = VERTEX_POINT('',#6359);
#6359 = CARTESIAN_POINT('',(-19.,-5.,226.));
#6360 = B_SPLINE_CURVE_WITH_KNOTS('',1,(#6361,#6362),.UNSPECIFIED.,.F.,
  .F.,(2,2),(0.,1.),.PIECEWISE_BEZIER_KNOTS.);
#6361 = CARTESIAN_POINT('',(-19.,-7.,198.));
#6362 = CARTESIAN_POINT('',(-19.,-5.,226.));
#6363 = ORIENTED_EDGE('',*,*,#6364,.F.);
#6364 = EDGE_CURVE('',#6329,#6358,#6365,.T.);
#6365 = LINE('',#6366,#6367);
#6366 = CARTESIAN_POINT('',(-13.,-5.,226.));
#6367 = VECTOR('',#6368,1.);
#6368 = DIRECTION('',(-1.,0.,0.));
#6369 = ORIENTED_EDGE('',*,*,#6328,.F.);
#6370 = PLANE('',#6371);
#6371 = AXIS2_PLACEMENT_3D('',#6372,#6373,#6374);
#6372 = CARTESIAN_POINT('',(-13.,-5.,226.));
#6373 = DIRECTION('',(0.,0.997458699831,-7.124704998791E-02));
#6374 = DIRECTION('',(-1.,0.,0.));
#6375 = ADVANCED_FACE('',(#6376),#6393,.T.);
#6376 = FACE_BOUND('',#6377,.T.);
#6377 = EDGE_LOOP('',(#6378,#6379,#6386,#6392));
#6378 = ORIENTED_EDGE('',*,*,#5665,.T.);
#6379 = ORIENTED_EDGE('',*,*,#6380,.T.);
#6380 = EDGE_CURVE('',#5659,#6381,#6383,.T.);
#6381 = VERTEX_POINT('',#6382);
#6382 = CARTESIAN_POINT('',(-19.,-13.,226.));
#6383 = B_SPLINE_CURVE_WITH_KNOTS('',1,(#6384,#6385),.UNSPECIFIED.,.F.,
  .F.,(2,2),(0.,1.),.PIECEWISE_BEZIER_KNOTS.);
#6384 = CARTESIAN_POINT('',(-19.,-17.,198.));
#6385 = CARTESIAN_POINT('',(-19.,-13.,226.));
#6386 = ORIENTED_EDGE('',*,*,#6387,.F.);
#6387 = EDGE_CURVE('',#6358,#6381,#6388,.T.);
#6388 = LINE('',#6389,#6390);
#6389 = CARTESIAN_POINT('',(-19.,-5.,226.));
#6390 = VECTOR('',#6391,1.);
#6391 = DIRECTION('',(0.,-1.,0.));
#6392 = ORIENTED_EDGE('',*,*,#6357,.F.);
#6393 = B_SPLINE_SURFACE_WITH_KNOTS('',1,1,(
    (#6394,#6395)
    ,(#6396,#6397
    )),.UNSPECIFIED.,.F.,.F.,.F.,(2,2),(2,2),(0.,10.),(0.,1.),
  .PIECEWISE_BEZIER_KNOTS.);
#6394 = CARTESIAN_POINT('',(-19.,-7.,198.));
#6395 = CARTESIAN_POINT('',(-19.,-5.,226.));
#6396 = CARTESIAN_POINT('',(-19.,-17.,198.));
#6397 = CARTESIAN_POINT('',(-19.,-13.,226.));
#6398 = ADVANCED_FACE('',(#6399),#6410,.F.);
#6399 = FACE_BOUND('',#6400,.F.);
#6400 = EDGE_LOOP('',(#6401,#6407,#6408,#6409));
#6401 = ORIENTED_EDGE('',*,*,#6402,.T.);
#6402 = EDGE_CURVE('',#5813,#5852,#6403,.T.);
#6403 = LINE('',#6404,#6405);
#6404 = CARTESIAN_POINT('',(13.,-23.7,78.));
#6405 = VECTOR('',#6406,1.);
#6406 = DIRECTION('',(0.,0.,1.));
#6407 = ORIENTED_EDGE('',*,*,#5859,.T.);
#6408 = ORIENTED_EDGE('',*,*,#5747,.F.);
#6409 = ORIENTED_EDGE('',*,*,#5827,.F.);
#6410 = PLANE('',#6411);
#6411 = AXIS2_PLACEMENT_3D('',#6412,#6413,#6414);
#6412 = CARTESIAN_POINT('',(13.,-23.7,78.));
#6413 = DIRECTION('',(-0.957024404433,-0.290007395283,0.));
#6414 = DIRECTION('',(-0.290007395283,0.957024404433,0.));
#6415 = ADVANCED_FACE('',(#6416),#6432,.T.);
#6416 = FACE_BOUND('',#6417,.T.);
#6417 = EDGE_LOOP('',(#6418,#6424,#6425,#6431));
#6418 = ORIENTED_EDGE('',*,*,#6419,.T.);
#6419 = EDGE_CURVE('',#6021,#5811,#6420,.T.);
#6420 = LINE('',#6421,#6422);
#6421 = CARTESIAN_POINT('',(-10.,-14.,68.));
#6422 = VECTOR('',#6423,1.);
#6423 = DIRECTION('',(1.,0.,0.));
#6424 = ORIENTED_EDGE('',*,*,#5810,.T.);
#6425 = ORIENTED_EDGE('',*,*,#6426,.F.);
#6426 = EDGE_CURVE('',#6029,#5813,#6427,.T.);
#6427 = LINE('',#6428,#6429);
#6428 = CARTESIAN_POINT('',(-13.,-23.7,78.));
#6429 = VECTOR('',#6430,1.);
#6430 = DIRECTION('',(1.,0.,0.));
#6431 = ORIENTED_EDGE('',*,*,#6028,.F.);
#6432 = B_SPLINE_SURFACE_WITH_KNOTS('',1,1,(
    (#6433,#6434)
    ,(#6435,#6436
    )),.UNSPECIFIED.,.F.,.F.,.F.,(2,2),(2,2),(0.,26.),(0.,1.),
  .PIECEWISE_BEZIER_KNOTS.);
#6433 = CARTESIAN_POINT('',(-10.,-14.,68.));
#6434 = CARTESIAN_POINT('',(-13.,-23.7,78.));
#6435 = CARTESIAN_POINT('',(10.,-14.,68.));
#6436 = CARTESIAN_POINT('',(13.,-23.7,78.));
#6437 = ADVANCED_FACE('',(#6438),#6449,.F.);
#6438 = FACE_BOUND('',#6439,.F.);
#6439 = EDGE_LOOP('',(#6440,#6441,#6442,#6448));
#6440 = ORIENTED_EDGE('',*,*,#5941,.T.);
#6441 = ORIENTED_EDGE('',*,*,#5841,.T.);
#6442 = ORIENTED_EDGE('',*,*,#6443,.F.);
#6443 = EDGE_CURVE('',#6029,#5844,#6444,.T.);
#6444 = LINE('',#6445,#6446);
#6445 = CARTESIAN_POINT('',(-13.,-23.7,78.));
#6446 = VECTOR('',#6447,1.);
#6447 = DIRECTION('',(0.,0.,1.));
#6448 = ORIENTED_EDGE('',*,*,#6035,.F.);
#6449 = PLANE('',#6450);
#6450 = AXIS2_PLACEMENT_3D('',#6451,#6452,#6453);
#6451 = CARTESIAN_POINT('',(-10.,-13.8,78.));
#6452 = DIRECTION('',(0.957024404433,-0.290007395283,0.));
#6453 = DIRECTION('',(-0.290007395283,-0.957024404433,0.));
#6454 = ADVANCED_FACE('',(#6455),#6461,.F.);
#6455 = FACE_BOUND('',#6456,.F.);
#6456 = EDGE_LOOP('',(#6457,#6458,#6459,#6460));
#6457 = ORIENTED_EDGE('',*,*,#6443,.T.);
#6458 = ORIENTED_EDGE('',*,*,#5851,.T.);
#6459 = ORIENTED_EDGE('',*,*,#6402,.F.);
#6460 = ORIENTED_EDGE('',*,*,#6426,.F.);
#6461 = PLANE('',#6462);
#6462 = AXIS2_PLACEMENT_3D('',#6463,#6464,#6465);
#6463 = CARTESIAN_POINT('',(-13.,-23.7,78.));
#6464 = DIRECTION('',(0.,1.,0.));
#6465 = DIRECTION('',(1.,0.,0.));
#6466 = ADVANCED_FACE('',(#6467),#6492,.F.);
#6467 = FACE_BOUND('',#6468,.F.);
#6468 = EDGE_LOOP('',(#6469,#6477,#6485,#6491));
#6469 = ORIENTED_EDGE('',*,*,#6470,.F.);
#6470 = EDGE_CURVE('',#6471,#5902,#6473,.T.);
#6471 = VERTEX_POINT('',#6472);
#6472 = CARTESIAN_POINT('',(-6.,-16.,138.));
#6473 = LINE('',#6474,#6475);
#6474 = CARTESIAN_POINT('',(-6.,-16.,138.));
#6475 = VECTOR('',#6476,1.);
#6476 = DIRECTION('',(0.,1.,0.));
#6477 = ORIENTED_EDGE('',*,*,#6478,.T.);
#6478 = EDGE_CURVE('',#6471,#6479,#6481,.T.);
#6479 = VERTEX_POINT('',#6480);
#6480 = CARTESIAN_POINT('',(6.,-16.,138.));
#6481 = LINE('',#6482,#6483);
#6482 = CARTESIAN_POINT('',(-6.,-16.,138.));
#6483 = VECTOR('',#6484,1.);
#6484 = DIRECTION('',(1.,0.,0.));
#6485 = ORIENTED_EDGE('',*,*,#6486,.T.);
#6486 = EDGE_CURVE('',#6479,#5904,#6487,.T.);
#6487 = LINE('',#6488,#6489);
#6488 = CARTESIAN_POINT('',(6.,-16.,138.));
#6489 = VECTOR('',#6490,1.);
#6490 = DIRECTION('',(0.,1.,0.));
#6491 = ORIENTED_EDGE('',*,*,#5901,.F.);
#6492 = PLANE('',#6493);
#6493 = AXIS2_PLACEMENT_3D('',#6494,#6495,#6496);
#6494 = CARTESIAN_POINT('',(-6.,-16.,138.));
#6495 = DIRECTION('',(0.,0.,1.));
#6496 = DIRECTION('',(1.,0.,0.));
#6497 = ADVANCED_FACE('',(#6498),#6516,.T.);
#6498 = FACE_BOUND('',#6499,.T.);
#6499 = EDGE_LOOP('',(#6500,#6501,#6509,#6515));
#6500 = ORIENTED_EDGE('',*,*,#6470,.F.);
#6501 = ORIENTED_EDGE('',*,*,#6502,.F.);
#6502 = EDGE_CURVE('',#6503,#6471,#6505,.T.);
#6503 = VERTEX_POINT('',#6504);
#6504 = CARTESIAN_POINT('',(-6.,-16.,131.));
#6505 = LINE('',#6506,#6507);
#6506 = CARTESIAN_POINT('',(-6.,-16.,131.));
#6507 = VECTOR('',#6508,1.);
#6508 = DIRECTION('',(0.,0.,1.));
#6509 = ORIENTED_EDGE('',*,*,#6510,.T.);
#6510 = EDGE_CURVE('',#6503,#5912,#6511,.T.);
#6511 = LINE('',#6512,#6513);
#6512 = CARTESIAN_POINT('',(-6.,-16.,131.));
#6513 = VECTOR('',#6514,1.);
#6514 = DIRECTION('',(0.,1.,0.));
#6515 = ORIENTED_EDGE('',*,*,#5911,.F.);
#6516 = PLANE('',#6517);
#6517 = AXIS2_PLACEMENT_3D('',#6518,#6519,#6520);
#6518 = CARTESIAN_POINT('',(-6.,-16.,131.));
#6519 = DIRECTION('',(1.,0.,0.));
#6520 = DIRECTION('',(0.,0.,1.));
#6521 = ADVANCED_FACE('',(#6522),#6540,.F.);
#6522 = FACE_BOUND('',#6523,.F.);
#6523 = EDGE_LOOP('',(#6524,#6525,#6533,#6539));
#6524 = ORIENTED_EDGE('',*,*,#6486,.F.);
#6525 = ORIENTED_EDGE('',*,*,#6526,.F.);
#6526 = EDGE_CURVE('',#6527,#6479,#6529,.T.);
#6527 = VERTEX_POINT('',#6528);
#6528 = CARTESIAN_POINT('',(6.,-16.,131.));
#6529 = LINE('',#6530,#6531);
#6530 = CARTESIAN_POINT('',(6.,-16.,131.));
#6531 = VECTOR('',#6532,1.);
#6532 = DIRECTION('',(0.,0.,1.));
#6533 = ORIENTED_EDGE('',*,*,#6534,.T.);
#6534 = EDGE_CURVE('',#6527,#5920,#6535,.T.);
#6535 = LINE('',#6536,#6537);
#6536 = CARTESIAN_POINT('',(6.,-16.,131.));
#6537 = VECTOR('',#6538,1.);
#6538 = DIRECTION('',(0.,1.,0.));
#6539 = ORIENTED_EDGE('',*,*,#5927,.F.);
#6540 = PLANE('',#6541);
#6541 = AXIS2_PLACEMENT_3D('',#6542,#6543,#6544);
#6542 = CARTESIAN_POINT('',(6.,-16.,131.));
#6543 = DIRECTION('',(1.,0.,0.));
#6544 = DIRECTION('',(0.,0.,1.));
#6545 = ADVANCED_FACE('',(#6546),#6557,.T.);
#6546 = FACE_BOUND('',#6547,.T.);
#6547 = EDGE_LOOP('',(#6548,#6549,#6555,#6556));
#6548 = ORIENTED_EDGE('',*,*,#6510,.F.);
#6549 = ORIENTED_EDGE('',*,*,#6550,.T.);
#6550 = EDGE_CURVE('',#6503,#6527,#6551,.T.);
#6551 = LINE('',#6552,#6553);
#6552 = CARTESIAN_POINT('',(-6.,-16.,131.));
#6553 = VECTOR('',#6554,1.);
#6554 = DIRECTION('',(1.,0.,0.));
#6555 = ORIENTED_EDGE('',*,*,#6534,.T.);
#6556 = ORIENTED_EDGE('',*,*,#5919,.F.);
#6557 = PLANE('',#6558);
#6558 = AXIS2_PLACEMENT_3D('',#6559,#6560,#6561);
#6559 = CARTESIAN_POINT('',(-6.,-16.,131.));
#6560 = DIRECTION('',(0.,0.,1.));
#6561 = DIRECTION('',(1.,0.,0.));
#6562 = ADVANCED_FACE('',(#6563),#6574,.T.);
#6563 = FACE_BOUND('',#6564,.T.);
#6564 = EDGE_LOOP('',(#6565,#6566,#6567,#6573));
#6565 = ORIENTED_EDGE('',*,*,#6221,.T.);
#6566 = ORIENTED_EDGE('',*,*,#6268,.T.);
#6567 = ORIENTED_EDGE('',*,*,#6568,.F.);
#6568 = EDGE_CURVE('',#6306,#6261,#6569,.T.);
#6569 = LINE('',#6570,#6571);
#6570 = CARTESIAN_POINT('',(13.,-13.,226.));
#6571 = VECTOR('',#6572,1.);
#6572 = DIRECTION('',(1.,0.,0.));
#6573 = ORIENTED_EDGE('',*,*,#6305,.F.);
#6574 = PLANE('',#6575);
#6575 = AXIS2_PLACEMENT_3D('',#6576,#6577,#6578);
#6576 = CARTESIAN_POINT('',(13.,-13.,226.));
#6577 = DIRECTION('',(0.,-0.989949493661,0.141421356237));
#6578 = DIRECTION('',(1.,0.,0.));
#6579 = ADVANCED_FACE('',(#6580),#6591,.T.);
#6580 = FACE_BOUND('',#6581,.T.);
#6581 = EDGE_LOOP('',(#6582,#6583,#6584,#6590));
#6582 = ORIENTED_EDGE('',*,*,#6238,.T.);
#6583 = ORIENTED_EDGE('',*,*,#6343,.T.);
#6584 = ORIENTED_EDGE('',*,*,#6585,.F.);
#6585 = EDGE_CURVE('',#6381,#6336,#6586,.T.);
#6586 = LINE('',#6587,#6588);
#6587 = CARTESIAN_POINT('',(-19.,-13.,226.));
#6588 = VECTOR('',#6589,1.);
#6589 = DIRECTION('',(1.,0.,0.));
#6590 = ORIENTED_EDGE('',*,*,#6380,.F.);
#6591 = PLANE('',#6592);
#6592 = AXIS2_PLACEMENT_3D('',#6593,#6594,#6595);
#6593 = CARTESIAN_POINT('',(-19.,-13.,226.));
#6594 = DIRECTION('',(0.,-0.989949493661,0.141421356237));
#6595 = DIRECTION('',(1.,0.,0.));
#6596 = ADVANCED_FACE('',(#6597),#6603,.F.);
#6597 = FACE_BOUND('',#6598,.T.);
#6598 = EDGE_LOOP('',(#6599,#6600,#6601,#6602));
#6599 = ORIENTED_EDGE('',*,*,#6568,.T.);
#6600 = ORIENTED_EDGE('',*,*,#6260,.T.);
#6601 = ORIENTED_EDGE('',*,*,#6289,.T.);
#6602 = ORIENTED_EDGE('',*,*,#6312,.T.);
#6603 = PLANE('',#6604);
#6604 = AXIS2_PLACEMENT_3D('',#6605,#6606,#6607);
#6605 = CARTESIAN_POINT('',(13.,-13.,226.));
#6606 = DIRECTION('',(0.,0.,-1.));
#6607 = DIRECTION('',(0.6,0.8,0.));
#6608 = ADVANCED_FACE('',(#6609),#6615,.F.);
#6609 = FACE_BOUND('',#6610,.T.);
#6610 = EDGE_LOOP('',(#6611,#6612,#6613,#6614));
#6611 = ORIENTED_EDGE('',*,*,#6585,.T.);
#6612 = ORIENTED_EDGE('',*,*,#6335,.T.);
#6613 = ORIENTED_EDGE('',*,*,#6364,.T.);
#6614 = ORIENTED_EDGE('',*,*,#6387,.T.);
#6615 = PLANE('',#6616);
#6616 = AXIS2_PLACEMENT_3D('',#6617,#6618,#6619);
#6617 = CARTESIAN_POINT('',(-19.,-13.,226.));
#6618 = DIRECTION('',(0.,0.,-1.));
#6619 = DIRECTION('',(0.6,0.8,0.));
#6620 = ADVANCED_FACE('',(#6621),#6627,.T.);
#6621 = FACE_BOUND('',#6622,.T.);
#6622 = EDGE_LOOP('',(#6623,#6624,#6625,#6626));
#6623 = ORIENTED_EDGE('',*,*,#6550,.F.);
#6624 = ORIENTED_EDGE('',*,*,#6502,.T.);
#6625 = ORIENTED_EDGE('',*,*,#6478,.T.);
#6626 = ORIENTED_EDGE('',*,*,#6526,.F.);
#6627 = PLANE('',#6628);
#6628 = AXIS2_PLACEMENT_3D('',#6629,#6630,#6631);
#6629 = CARTESIAN_POINT('',(-6.,-16.,131.));
#6630 = DIRECTION('',(0.,1.,0.));
#6631 = DIRECTION('',(0.,0.,1.));
#6632 = ADVANCED_FACE('',(#6633,#6745,#6771),#6797,.T.);
#6633 = FACE_BOUND('',#6634,.T.);
#6634 = EDGE_LOOP('',(#6635,#6643,#6644,#6652,#6660,#6668,#6676,#6684,
    #6690,#6691,#6699,#6707,#6715,#6723,#6731,#6739));
#6635 = ORIENTED_EDGE('',*,*,#6636,.T.);
#6636 = EDGE_CURVE('',#6637,#4202,#6639,.T.);
#6637 = VERTEX_POINT('',#6638);
#6638 = CARTESIAN_POINT('',(19.,-8.,8.));
#6639 = LINE('',#6640,#6641);
#6640 = CARTESIAN_POINT('',(19.,-8.,8.));
#6641 = VECTOR('',#6642,1.);
#6642 = DIRECTION('',(0.,0.,1.));
#6643 = ORIENTED_EDGE('',*,*,#4201,.T.);
#6644 = ORIENTED_EDGE('',*,*,#6645,.T.);
#6645 = EDGE_CURVE('',#4194,#6646,#6648,.T.);
#6646 = VERTEX_POINT('',#6647);
#6647 = CARTESIAN_POINT('',(13.,-8.,68.));
#6648 = LINE('',#6649,#6650);
#6649 = CARTESIAN_POINT('',(-1.5,-8.,68.));
#6650 = VECTOR('',#6651,1.);
#6651 = DIRECTION('',(-1.,0.,0.));
#6652 = ORIENTED_EDGE('',*,*,#6653,.F.);
#6653 = EDGE_CURVE('',#6654,#6646,#6656,.T.);
#6654 = VERTEX_POINT('',#6655);
#6655 = CARTESIAN_POINT('',(13.,-8.,64.860588706619));
#6656 = LINE('',#6657,#6658);
#6657 = CARTESIAN_POINT('',(13.,-8.,8.));
#6658 = VECTOR('',#6659,1.);
#6659 = DIRECTION('',(0.,0.,1.));
#6660 = ORIENTED_EDGE('',*,*,#6661,.F.);
#6661 = EDGE_CURVE('',#6662,#6654,#6664,.T.);
#6662 = VERTEX_POINT('',#6663);
#6663 = CARTESIAN_POINT('',(2.6645352591E-15,-8.,42.923088706619));
#6664 = LINE('',#6665,#6666);
#6665 = CARTESIAN_POINT('',(-17.72058306726,-8.,13.019604780603));
#6666 = VECTOR('',#6667,1.);
#6667 = DIRECTION('',(0.509802390302,0.,0.860291533634));
#6668 = ORIENTED_EDGE('',*,*,#6669,.F.);
#6669 = EDGE_CURVE('',#6670,#6662,#6672,.T.);
#6670 = VERTEX_POINT('',#6671);
#6671 = CARTESIAN_POINT('',(-13.,-8.,64.860588706619));
#6672 = LINE('',#6673,#6674);
#6673 = CARTESIAN_POINT('',(-14.27941693273,-8.,67.019604780603));
#6674 = VECTOR('',#6675,1.);
#6675 = DIRECTION('',(0.509802390302,0.,-0.860291533634));
#6676 = ORIENTED_EDGE('',*,*,#6677,.T.);
#6677 = EDGE_CURVE('',#6670,#6678,#6680,.T.);
#6678 = VERTEX_POINT('',#6679);
#6679 = CARTESIAN_POINT('',(-13.,-8.,68.));
#6680 = LINE('',#6681,#6682);
#6681 = CARTESIAN_POINT('',(-13.,-8.,8.));
#6682 = VECTOR('',#6683,1.);
#6683 = DIRECTION('',(0.,0.,1.));
#6684 = ORIENTED_EDGE('',*,*,#6685,.T.);
#6685 = EDGE_CURVE('',#6678,#5071,#6686,.T.);
#6686 = LINE('',#6687,#6688);
#6687 = CARTESIAN_POINT('',(-17.5,-8.,68.));
#6688 = VECTOR('',#6689,1.);
#6689 = DIRECTION('',(-1.,0.,0.));
#6690 = ORIENTED_EDGE('',*,*,#5070,.T.);
#6691 = ORIENTED_EDGE('',*,*,#6692,.F.);
#6692 = EDGE_CURVE('',#6693,#5063,#6695,.T.);
#6693 = VERTEX_POINT('',#6694);
#6694 = CARTESIAN_POINT('',(-19.,-8.,8.));
#6695 = LINE('',#6696,#6697);
#6696 = CARTESIAN_POINT('',(-19.,-8.,8.));
#6697 = VECTOR('',#6698,1.);
#6698 = DIRECTION('',(0.,0.,1.));
#6699 = ORIENTED_EDGE('',*,*,#6700,.T.);
#6700 = EDGE_CURVE('',#6693,#6701,#6703,.T.);
#6701 = VERTEX_POINT('',#6702);
#6702 = CARTESIAN_POINT('',(-13.,-8.,8.));
#6703 = LINE('',#6704,#6705);
#6704 = CARTESIAN_POINT('',(-19.,-8.,8.));
#6705 = VECTOR('',#6706,1.);
#6706 = DIRECTION('',(1.,0.,0.));
#6707 = ORIENTED_EDGE('',*,*,#6708,.T.);
#6708 = EDGE_CURVE('',#6701,#6709,#6711,.T.);
#6709 = VERTEX_POINT('',#6710);
#6710 = CARTESIAN_POINT('',(-13.,-8.,13.139411293381));
#6711 = LINE('',#6712,#6713);
#6712 = CARTESIAN_POINT('',(-13.,-8.,8.));
#6713 = VECTOR('',#6714,1.);
#6714 = DIRECTION('',(0.,0.,1.));
#6715 = ORIENTED_EDGE('',*,*,#6716,.F.);
#6716 = EDGE_CURVE('',#6717,#6709,#6719,.T.);
#6717 = VERTEX_POINT('',#6718);
#6718 = CARTESIAN_POINT('',(0.,-8.,35.076911293381));
#6719 = LINE('',#6720,#6721);
#6720 = CARTESIAN_POINT('',(17.720583067268,-8.,64.980395219397));
#6721 = VECTOR('',#6722,1.);
#6722 = DIRECTION('',(-0.509802390302,0.,-0.860291533634));
#6723 = ORIENTED_EDGE('',*,*,#6724,.F.);
#6724 = EDGE_CURVE('',#6725,#6717,#6727,.T.);
#6725 = VERTEX_POINT('',#6726);
#6726 = CARTESIAN_POINT('',(13.,-8.,13.139411293381));
#6727 = LINE('',#6728,#6729);
#6728 = CARTESIAN_POINT('',(14.279416932732,-8.,10.980395219397));
#6729 = VECTOR('',#6730,1.);
#6730 = DIRECTION('',(-0.509802390302,0.,0.860291533634));
#6731 = ORIENTED_EDGE('',*,*,#6732,.F.);
#6732 = EDGE_CURVE('',#6733,#6725,#6735,.T.);
#6733 = VERTEX_POINT('',#6734);
#6734 = CARTESIAN_POINT('',(13.,-8.,8.));
#6735 = LINE('',#6736,#6737);
#6736 = CARTESIAN_POINT('',(13.,-8.,8.));
#6737 = VECTOR('',#6738,1.);
#6738 = DIRECTION('',(0.,0.,1.));
#6739 = ORIENTED_EDGE('',*,*,#6740,.T.);
#6740 = EDGE_CURVE('',#6733,#6637,#6741,.T.);
#6741 = LINE('',#6742,#6743);
#6742 = CARTESIAN_POINT('',(13.,-8.,8.));
#6743 = VECTOR('',#6744,1.);
#6744 = DIRECTION('',(1.,0.,0.));
#6745 = FACE_BOUND('',#6746,.T.);
#6746 = EDGE_LOOP('',(#6747,#6757,#6765));
#6747 = ORIENTED_EDGE('',*,*,#6748,.F.);
#6748 = EDGE_CURVE('',#6749,#6751,#6753,.T.);
#6749 = VERTEX_POINT('',#6750);
#6750 = CARTESIAN_POINT('',(-2.324793307626,-8.,39.));
#6751 = VERTEX_POINT('',#6752);
#6752 = CARTESIAN_POINT('',(-13.,-8.,57.014411293381));
#6753 = LINE('',#6754,#6755);
#6754 = CARTESIAN_POINT('',(14.279416932732,-8.,10.980395219397));
#6755 = VECTOR('',#6756,1.);
#6756 = DIRECTION('',(-0.509802390302,0.,0.860291533634));
#6757 = ORIENTED_EDGE('',*,*,#6758,.F.);
#6758 = EDGE_CURVE('',#6759,#6749,#6761,.T.);
#6759 = VERTEX_POINT('',#6760);
#6760 = CARTESIAN_POINT('',(-13.,-8.,20.985588706619));
#6761 = LINE('',#6762,#6763);
#6762 = CARTESIAN_POINT('',(-17.72058306726,-8.,13.019604780603));
#6763 = VECTOR('',#6764,1.);
#6764 = DIRECTION('',(0.509802390302,0.,0.860291533634));
#6765 = ORIENTED_EDGE('',*,*,#6766,.T.);
#6766 = EDGE_CURVE('',#6759,#6751,#6767,.T.);
#6767 = LINE('',#6768,#6769);
#6768 = CARTESIAN_POINT('',(-13.,-8.,8.));
#6769 = VECTOR('',#6770,1.);
#6770 = DIRECTION('',(0.,0.,1.));
#6771 = FACE_BOUND('',#6772,.T.);
#6772 = EDGE_LOOP('',(#6773,#6783,#6791));
#6773 = ORIENTED_EDGE('',*,*,#6774,.F.);
#6774 = EDGE_CURVE('',#6775,#6777,#6779,.T.);
#6775 = VERTEX_POINT('',#6776);
#6776 = CARTESIAN_POINT('',(13.,-8.,20.985588706619));
#6777 = VERTEX_POINT('',#6778);
#6778 = CARTESIAN_POINT('',(13.,-8.,57.014411293381));
#6779 = LINE('',#6780,#6781);
#6780 = CARTESIAN_POINT('',(13.,-8.,8.));
#6781 = VECTOR('',#6782,1.);
#6782 = DIRECTION('',(0.,0.,1.));
#6783 = ORIENTED_EDGE('',*,*,#6784,.F.);
#6784 = EDGE_CURVE('',#6785,#6775,#6787,.T.);
#6785 = VERTEX_POINT('',#6786);
#6786 = CARTESIAN_POINT('',(2.324793307626,-8.,39.));
#6787 = LINE('',#6788,#6789);
#6788 = CARTESIAN_POINT('',(-14.27941693273,-8.,67.019604780603));
#6789 = VECTOR('',#6790,1.);
#6790 = DIRECTION('',(0.509802390302,0.,-0.860291533634));
#6791 = ORIENTED_EDGE('',*,*,#6792,.F.);
#6792 = EDGE_CURVE('',#6777,#6785,#6793,.T.);
#6793 = LINE('',#6794,#6795);
#6794 = CARTESIAN_POINT('',(17.720583067268,-8.,64.980395219397));
#6795 = VECTOR('',#6796,1.);
#6796 = DIRECTION('',(-0.509802390302,0.,-0.860291533634));
#6797 = PLANE('',#6798);
#6798 = AXIS2_PLACEMENT_3D('',#6799,#6800,#6801);
#6799 = CARTESIAN_POINT('',(-7.864532105513E-16,-8.,39.014023895278));
#6800 = DIRECTION('',(-0.,-1.,-0.));
#6801 = DIRECTION('',(0.,0.,-1.));
#6802 = ADVANCED_FACE('',(#6803),#6828,.F.);
#6803 = FACE_BOUND('',#6804,.F.);
#6804 = EDGE_LOOP('',(#6805,#6806,#6814,#6822));
#6805 = ORIENTED_EDGE('',*,*,#6661,.F.);
#6806 = ORIENTED_EDGE('',*,*,#6807,.T.);
#6807 = EDGE_CURVE('',#6662,#6808,#6810,.T.);
#6808 = VERTEX_POINT('',#6809);
#6809 = CARTESIAN_POINT('',(2.6645352591E-15,4.,42.923088706619));
#6810 = LINE('',#6811,#6812);
#6811 = CARTESIAN_POINT('',(6.217248937901E-15,-8.,42.923088706619));
#6812 = VECTOR('',#6813,1.);
#6813 = DIRECTION('',(0.,1.,0.));
#6814 = ORIENTED_EDGE('',*,*,#6815,.T.);
#6815 = EDGE_CURVE('',#6808,#6816,#6818,.T.);
#6816 = VERTEX_POINT('',#6817);
#6817 = CARTESIAN_POINT('',(13.,4.,64.860588706619));
#6818 = LINE('',#6819,#6820);
#6819 = CARTESIAN_POINT('',(-17.72058306726,4.,13.019604780603));
#6820 = VECTOR('',#6821,1.);
#6821 = DIRECTION('',(0.509802390302,0.,0.860291533634));
#6822 = ORIENTED_EDGE('',*,*,#6823,.F.);
#6823 = EDGE_CURVE('',#6654,#6816,#6824,.T.);
#6824 = LINE('',#6825,#6826);
#6825 = CARTESIAN_POINT('',(13.,-8.,64.860588706619));
#6826 = VECTOR('',#6827,1.);
#6827 = DIRECTION('',(0.,1.,0.));
#6828 = PLANE('',#6829);
#6829 = AXIS2_PLACEMENT_3D('',#6830,#6831,#6832);
#6830 = CARTESIAN_POINT('',(-17.72058306726,-8.,13.019604780603));
#6831 = DIRECTION('',(0.860291533634,0.,-0.509802390302));
#6832 = DIRECTION('',(0.509802390302,0.,0.860291533634));
#6833 = ADVANCED_FACE('',(#6834),#6852,.F.);
#6834 = FACE_BOUND('',#6835,.F.);
#6835 = EDGE_LOOP('',(#6836,#6837,#6845,#6851));
#6836 = ORIENTED_EDGE('',*,*,#6669,.F.);
#6837 = ORIENTED_EDGE('',*,*,#6838,.T.);
#6838 = EDGE_CURVE('',#6670,#6839,#6841,.T.);
#6839 = VERTEX_POINT('',#6840);
#6840 = CARTESIAN_POINT('',(-13.,4.,64.860588706619));
#6841 = LINE('',#6842,#6843);
#6842 = CARTESIAN_POINT('',(-13.,-8.,64.860588706619));
#6843 = VECTOR('',#6844,1.);
#6844 = DIRECTION('',(0.,1.,0.));
#6845 = ORIENTED_EDGE('',*,*,#6846,.T.);
#6846 = EDGE_CURVE('',#6839,#6808,#6847,.T.);
#6847 = LINE('',#6848,#6849);
#6848 = CARTESIAN_POINT('',(-14.27941693273,4.,67.019604780603));
#6849 = VECTOR('',#6850,1.);
#6850 = DIRECTION('',(0.509802390302,0.,-0.860291533634));
#6851 = ORIENTED_EDGE('',*,*,#6807,.F.);
#6852 = PLANE('',#6853);
#6853 = AXIS2_PLACEMENT_3D('',#6854,#6855,#6856);
#6854 = CARTESIAN_POINT('',(-14.27941693273,-8.,67.019604780603));
#6855 = DIRECTION('',(-0.860291533634,0.,-0.509802390302));
#6856 = DIRECTION('',(0.509802390302,0.,-0.860291533634));
#6857 = ADVANCED_FACE('',(#6858),#6883,.F.);
#6858 = FACE_BOUND('',#6859,.F.);
#6859 = EDGE_LOOP('',(#6860,#6868,#6869,#6877));
#6860 = ORIENTED_EDGE('',*,*,#6861,.F.);
#6861 = EDGE_CURVE('',#6733,#6862,#6864,.T.);
#6862 = VERTEX_POINT('',#6863);
#6863 = CARTESIAN_POINT('',(13.,-2.,8.));
#6864 = LINE('',#6865,#6866);
#6865 = CARTESIAN_POINT('',(13.,-8.,8.));
#6866 = VECTOR('',#6867,1.);
#6867 = DIRECTION('',(0.,1.,0.));
#6868 = ORIENTED_EDGE('',*,*,#6740,.T.);
#6869 = ORIENTED_EDGE('',*,*,#6870,.T.);
#6870 = EDGE_CURVE('',#6637,#6871,#6873,.T.);
#6871 = VERTEX_POINT('',#6872);
#6872 = CARTESIAN_POINT('',(19.,-2.,8.));
#6873 = LINE('',#6874,#6875);
#6874 = CARTESIAN_POINT('',(19.,-8.,8.));
#6875 = VECTOR('',#6876,1.);
#6876 = DIRECTION('',(0.,1.,0.));
#6877 = ORIENTED_EDGE('',*,*,#6878,.T.);
#6878 = EDGE_CURVE('',#6871,#6862,#6879,.T.);
#6879 = LINE('',#6880,#6881);
#6880 = CARTESIAN_POINT('',(20.,-2.,8.));
#6881 = VECTOR('',#6882,1.);
#6882 = DIRECTION('',(-1.,0.,0.));
#6883 = PLANE('',#6884);
#6884 = AXIS2_PLACEMENT_3D('',#6885,#6886,#6887);
#6885 = CARTESIAN_POINT('',(13.,-8.,8.));
#6886 = DIRECTION('',(0.,0.,1.));
#6887 = DIRECTION('',(1.,0.,0.));
#6888 = ADVANCED_FACE('',(#6889),#6915,.F.);
#6889 = FACE_BOUND('',#6890,.F.);
#6890 = EDGE_LOOP('',(#6891,#6892,#6893,#6901,#6909));
#6891 = ORIENTED_EDGE('',*,*,#6732,.F.);
#6892 = ORIENTED_EDGE('',*,*,#6861,.T.);
#6893 = ORIENTED_EDGE('',*,*,#6894,.T.);
#6894 = EDGE_CURVE('',#6862,#6895,#6897,.T.);
#6895 = VERTEX_POINT('',#6896);
#6896 = CARTESIAN_POINT('',(13.,4.,8.));
#6897 = LINE('',#6898,#6899);
#6898 = CARTESIAN_POINT('',(13.,-8.,8.));
#6899 = VECTOR('',#6900,1.);
#6900 = DIRECTION('',(0.,1.,0.));
#6901 = ORIENTED_EDGE('',*,*,#6902,.T.);
#6902 = EDGE_CURVE('',#6895,#6903,#6905,.T.);
#6903 = VERTEX_POINT('',#6904);
#6904 = CARTESIAN_POINT('',(13.,4.,13.139411293381));
#6905 = LINE('',#6906,#6907);
#6906 = CARTESIAN_POINT('',(13.,4.,8.));
#6907 = VECTOR('',#6908,1.);
#6908 = DIRECTION('',(0.,0.,1.));
#6909 = ORIENTED_EDGE('',*,*,#6910,.T.);
#6910 = EDGE_CURVE('',#6903,#6725,#6911,.T.);
#6911 = LINE('',#6912,#6913);
#6912 = CARTESIAN_POINT('',(13.,-8.,13.139411293381));
#6913 = VECTOR('',#6914,1.);
#6914 = DIRECTION('',(0.,-1.,0.));
#6915 = PLANE('',#6916);
#6916 = AXIS2_PLACEMENT_3D('',#6917,#6918,#6919);
#6917 = CARTESIAN_POINT('',(13.,-8.,8.));
#6918 = DIRECTION('',(1.,0.,0.));
#6919 = DIRECTION('',(0.,0.,1.));
#6920 = ADVANCED_FACE('',(#6921),#6962,.T.);
#6921 = FACE_BOUND('',#6922,.T.);
#6922 = EDGE_LOOP('',(#6923,#6933,#6939,#6940,#6948,#6956));
#6923 = ORIENTED_EDGE('',*,*,#6924,.T.);
#6924 = EDGE_CURVE('',#6925,#6927,#6929,.T.);
#6925 = VERTEX_POINT('',#6926);
#6926 = CARTESIAN_POINT('',(20.,-2.,0.));
#6927 = VERTEX_POINT('',#6928);
#6928 = CARTESIAN_POINT('',(20.,-2.,8.));
#6929 = LINE('',#6930,#6931);
#6930 = CARTESIAN_POINT('',(20.,-2.,0.));
#6931 = VECTOR('',#6932,1.);
#6932 = DIRECTION('',(0.,0.,1.));
#6933 = ORIENTED_EDGE('',*,*,#6934,.T.);
#6934 = EDGE_CURVE('',#6927,#6871,#6935,.T.);
#6935 = LINE('',#6936,#6937);
#6936 = CARTESIAN_POINT('',(20.,-2.,8.));
#6937 = VECTOR('',#6938,1.);
#6938 = DIRECTION('',(-1.,0.,0.));
#6939 = ORIENTED_EDGE('',*,*,#6878,.T.);
#6940 = ORIENTED_EDGE('',*,*,#6941,.T.);
#6941 = EDGE_CURVE('',#6862,#6942,#6944,.T.);
#6942 = VERTEX_POINT('',#6943);
#6943 = CARTESIAN_POINT('',(12.,-2.,8.));
#6944 = LINE('',#6945,#6946);
#6945 = CARTESIAN_POINT('',(20.,-2.,8.));
#6946 = VECTOR('',#6947,1.);
#6947 = DIRECTION('',(-1.,0.,0.));
#6948 = ORIENTED_EDGE('',*,*,#6949,.F.);
#6949 = EDGE_CURVE('',#6950,#6942,#6952,.T.);
#6950 = VERTEX_POINT('',#6951);
#6951 = CARTESIAN_POINT('',(12.,-2.,0.));
#6952 = LINE('',#6953,#6954);
#6953 = CARTESIAN_POINT('',(12.,-2.,0.));
#6954 = VECTOR('',#6955,1.);
#6955 = DIRECTION('',(0.,0.,1.));
#6956 = ORIENTED_EDGE('',*,*,#6957,.F.);
#6957 = EDGE_CURVE('',#6925,#6950,#6958,.T.);
#6958 = LINE('',#6959,#6960);
#6959 = CARTESIAN_POINT('',(20.,-2.,0.));
#6960 = VECTOR('',#6961,1.);
#6961 = DIRECTION('',(-1.,0.,0.));
#6962 = PLANE('',#6963);
#6963 = AXIS2_PLACEMENT_3D('',#6964,#6965,#6966);
#6964 = CARTESIAN_POINT('',(20.,-2.,0.));
#6965 = DIRECTION('',(0.,-1.,0.));
#6966 = DIRECTION('',(-1.,0.,0.));
#6967 = ADVANCED_FACE('',(#6968),#6993,.T.);
#6968 = FACE_BOUND('',#6969,.T.);
#6969 = EDGE_LOOP('',(#6970,#6978,#6986,#6992));
#6970 = ORIENTED_EDGE('',*,*,#6971,.F.);
#6971 = EDGE_CURVE('',#6972,#6925,#6974,.T.);
#6972 = VERTEX_POINT('',#6973);
#6973 = CARTESIAN_POINT('',(20.,7.5,0.));
#6974 = LINE('',#6975,#6976);
#6975 = CARTESIAN_POINT('',(20.,11.5,0.));
#6976 = VECTOR('',#6977,1.);
#6977 = DIRECTION('',(0.,-1.,0.));
#6978 = ORIENTED_EDGE('',*,*,#6979,.F.);
#6979 = EDGE_CURVE('',#6980,#6972,#6982,.T.);
#6980 = VERTEX_POINT('',#6981);
#6981 = CARTESIAN_POINT('',(20.,7.5,8.));
#6982 = LINE('',#6983,#6984);
#6983 = CARTESIAN_POINT('',(20.,7.5,0.));
#6984 = VECTOR('',#6985,1.);
#6985 = DIRECTION('',(0.,0.,-1.));
#6986 = ORIENTED_EDGE('',*,*,#6987,.T.);
#6987 = EDGE_CURVE('',#6980,#6927,#6988,.T.);
#6988 = LINE('',#6989,#6990);
#6989 = CARTESIAN_POINT('',(20.,11.5,8.));
#6990 = VECTOR('',#6991,1.);
#6991 = DIRECTION('',(0.,-1.,0.));
#6992 = ORIENTED_EDGE('',*,*,#6924,.F.);
#6993 = PLANE('',#6994);
#6994 = AXIS2_PLACEMENT_3D('',#6995,#6996,#6997);
#6995 = CARTESIAN_POINT('',(20.,11.5,0.));
#6996 = DIRECTION('',(1.,0.,0.));
#6997 = DIRECTION('',(0.,-1.,0.));
#6998 = ADVANCED_FACE('',(#6999),#7024,.T.);
#6999 = FACE_BOUND('',#7000,.T.);
#7000 = EDGE_LOOP('',(#7001,#7009,#7010,#7018));
#7001 = ORIENTED_EDGE('',*,*,#7002,.F.);
#7002 = EDGE_CURVE('',#6950,#7003,#7005,.T.);
#7003 = VERTEX_POINT('',#7004);
#7004 = CARTESIAN_POINT('',(12.,7.5,0.));
#7005 = LINE('',#7006,#7007);
#7006 = CARTESIAN_POINT('',(12.,-2.,0.));
#7007 = VECTOR('',#7008,1.);
#7008 = DIRECTION('',(0.,1.,0.));
#7009 = ORIENTED_EDGE('',*,*,#6949,.T.);
#7010 = ORIENTED_EDGE('',*,*,#7011,.T.);
#7011 = EDGE_CURVE('',#6942,#7012,#7014,.T.);
#7012 = VERTEX_POINT('',#7013);
#7013 = CARTESIAN_POINT('',(12.,7.5,8.));
#7014 = LINE('',#7015,#7016);
#7015 = CARTESIAN_POINT('',(12.,-2.,8.));
#7016 = VECTOR('',#7017,1.);
#7017 = DIRECTION('',(0.,1.,0.));
#7018 = ORIENTED_EDGE('',*,*,#7019,.F.);
#7019 = EDGE_CURVE('',#7003,#7012,#7020,.T.);
#7020 = LINE('',#7021,#7022);
#7021 = CARTESIAN_POINT('',(12.,7.5,0.));
#7022 = VECTOR('',#7023,1.);
#7023 = DIRECTION('',(0.,0.,1.));
#7024 = PLANE('',#7025);
#7025 = AXIS2_PLACEMENT_3D('',#7026,#7027,#7028);
#7026 = CARTESIAN_POINT('',(12.,-2.,0.));
#7027 = DIRECTION('',(-1.,0.,0.));
#7028 = DIRECTION('',(0.,1.,0.));
#7029 = ADVANCED_FACE('',(#7030),#7048,.F.);
#7030 = FACE_BOUND('',#7031,.F.);
#7031 = EDGE_LOOP('',(#7032,#7033,#7034,#7042));
#7032 = ORIENTED_EDGE('',*,*,#6724,.F.);
#7033 = ORIENTED_EDGE('',*,*,#6910,.F.);
#7034 = ORIENTED_EDGE('',*,*,#7035,.T.);
#7035 = EDGE_CURVE('',#6903,#7036,#7038,.T.);
#7036 = VERTEX_POINT('',#7037);
#7037 = CARTESIAN_POINT('',(0.,4.,35.076911293381));
#7038 = LINE('',#7039,#7040);
#7039 = CARTESIAN_POINT('',(14.279416932732,4.,10.980395219397));
#7040 = VECTOR('',#7041,1.);
#7041 = DIRECTION('',(-0.509802390302,0.,0.860291533634));
#7042 = ORIENTED_EDGE('',*,*,#7043,.F.);
#7043 = EDGE_CURVE('',#6717,#7036,#7044,.T.);
#7044 = LINE('',#7045,#7046);
#7045 = CARTESIAN_POINT('',(-7.993605777301E-15,-8.,35.076911293381));
#7046 = VECTOR('',#7047,1.);
#7047 = DIRECTION('',(0.,1.,0.));
#7048 = PLANE('',#7049);
#7049 = AXIS2_PLACEMENT_3D('',#7050,#7051,#7052);
#7050 = CARTESIAN_POINT('',(14.279416932732,-8.,10.980395219397));
#7051 = DIRECTION('',(0.860291533634,0.,0.509802390302));
#7052 = DIRECTION('',(-0.509802390302,0.,0.860291533634));
#7053 = ADVANCED_FACE('',(#7054),#7079,.F.);
#7054 = FACE_BOUND('',#7055,.F.);
#7055 = EDGE_LOOP('',(#7056,#7064,#7065,#7073));
#7056 = ORIENTED_EDGE('',*,*,#7057,.F.);
#7057 = EDGE_CURVE('',#6972,#7058,#7060,.T.);
#7058 = VERTEX_POINT('',#7059);
#7059 = CARTESIAN_POINT('',(55.,7.5,0.));
#7060 = LINE('',#7061,#7062);
#7061 = CARTESIAN_POINT('',(-55.,7.5,0.));
#7062 = VECTOR('',#7063,1.);
#7063 = DIRECTION('',(1.,0.,0.));
#7064 = ORIENTED_EDGE('',*,*,#6979,.F.);
#7065 = ORIENTED_EDGE('',*,*,#7066,.T.);
#7066 = EDGE_CURVE('',#6980,#7067,#7069,.T.);
#7067 = VERTEX_POINT('',#7068);
#7068 = CARTESIAN_POINT('',(55.,7.5,8.));
#7069 = LINE('',#7070,#7071);
#7070 = CARTESIAN_POINT('',(-55.,7.5,8.));
#7071 = VECTOR('',#7072,1.);
#7072 = DIRECTION('',(1.,0.,0.));
#7073 = ORIENTED_EDGE('',*,*,#7074,.F.);
#7074 = EDGE_CURVE('',#7058,#7067,#7075,.T.);
#7075 = LINE('',#7076,#7077);
#7076 = CARTESIAN_POINT('',(55.,7.5,0.));
#7077 = VECTOR('',#7078,1.);
#7078 = DIRECTION('',(0.,0.,1.));
#7079 = PLANE('',#7080);
#7080 = AXIS2_PLACEMENT_3D('',#7081,#7082,#7083);
#7081 = CARTESIAN_POINT('',(-55.,7.5,0.));
#7082 = DIRECTION('',(0.,1.,0.));
#7083 = DIRECTION('',(1.,0.,0.));
#7084 = ADVANCED_FACE('',(#7085),#7110,.F.);
#7085 = FACE_BOUND('',#7086,.F.);
#7086 = EDGE_LOOP('',(#7087,#7095,#7103,#7109));
#7087 = ORIENTED_EDGE('',*,*,#7088,.F.);
#7088 = EDGE_CURVE('',#7089,#7003,#7091,.T.);
#7089 = VERTEX_POINT('',#7090);
#7090 = CARTESIAN_POINT('',(-12.,7.5,0.));
#7091 = LINE('',#7092,#7093);
#7092 = CARTESIAN_POINT('',(-55.,7.5,0.));
#7093 = VECTOR('',#7094,1.);
#7094 = DIRECTION('',(1.,0.,0.));
#7095 = ORIENTED_EDGE('',*,*,#7096,.F.);
#7096 = EDGE_CURVE('',#7097,#7089,#7099,.T.);
#7097 = VERTEX_POINT('',#7098);
#7098 = CARTESIAN_POINT('',(-12.,7.5,8.));
#7099 = LINE('',#7100,#7101);
#7100 = CARTESIAN_POINT('',(-12.,7.5,0.));
#7101 = VECTOR('',#7102,1.);
#7102 = DIRECTION('',(0.,0.,-1.));
#7103 = ORIENTED_EDGE('',*,*,#7104,.T.);
#7104 = EDGE_CURVE('',#7097,#7012,#7105,.T.);
#7105 = LINE('',#7106,#7107);
#7106 = CARTESIAN_POINT('',(-55.,7.5,8.));
#7107 = VECTOR('',#7108,1.);
#7108 = DIRECTION('',(1.,0.,0.));
#7109 = ORIENTED_EDGE('',*,*,#7019,.F.);
#7110 = PLANE('',#7111);
#7111 = AXIS2_PLACEMENT_3D('',#7112,#7113,#7114);
#7112 = CARTESIAN_POINT('',(-55.,7.5,0.));
#7113 = DIRECTION('',(0.,1.,0.));
#7114 = DIRECTION('',(1.,0.,0.));
#7115 = ADVANCED_FACE('',(#7116),#7141,.F.);
#7116 = FACE_BOUND('',#7117,.F.);
#7117 = EDGE_LOOP('',(#7118,#7126,#7127,#7135));
#7118 = ORIENTED_EDGE('',*,*,#7119,.F.);
#7119 = EDGE_CURVE('',#6693,#7120,#7122,.T.);
#7120 = VERTEX_POINT('',#7121);
#7121 = CARTESIAN_POINT('',(-19.,-2.,8.));
#7122 = LINE('',#7123,#7124);
#7123 = CARTESIAN_POINT('',(-19.,-8.,8.));
#7124 = VECTOR('',#7125,1.);
#7125 = DIRECTION('',(0.,1.,0.));
#7126 = ORIENTED_EDGE('',*,*,#6700,.T.);
#7127 = ORIENTED_EDGE('',*,*,#7128,.T.);
#7128 = EDGE_CURVE('',#6701,#7129,#7131,.T.);
#7129 = VERTEX_POINT('',#7130);
#7130 = CARTESIAN_POINT('',(-13.,-2.,8.));
#7131 = LINE('',#7132,#7133);
#7132 = CARTESIAN_POINT('',(-13.,-8.,8.));
#7133 = VECTOR('',#7134,1.);
#7134 = DIRECTION('',(0.,1.,0.));
#7135 = ORIENTED_EDGE('',*,*,#7136,.T.);
#7136 = EDGE_CURVE('',#7129,#7120,#7137,.T.);
#7137 = LINE('',#7138,#7139);
#7138 = CARTESIAN_POINT('',(-12.,-2.,8.));
#7139 = VECTOR('',#7140,1.);
#7140 = DIRECTION('',(-1.,0.,0.));
#7141 = PLANE('',#7142);
#7142 = AXIS2_PLACEMENT_3D('',#7143,#7144,#7145);
#7143 = CARTESIAN_POINT('',(-19.,-8.,8.));
#7144 = DIRECTION('',(0.,0.,1.));
#7145 = DIRECTION('',(1.,0.,0.));
#7146 = ADVANCED_FACE('',(#7147),#7173,.T.);
#7147 = FACE_BOUND('',#7148,.T.);
#7148 = EDGE_LOOP('',(#7149,#7150,#7151,#7159,#7167));
#7149 = ORIENTED_EDGE('',*,*,#6708,.F.);
#7150 = ORIENTED_EDGE('',*,*,#7128,.T.);
#7151 = ORIENTED_EDGE('',*,*,#7152,.T.);
#7152 = EDGE_CURVE('',#7129,#7153,#7155,.T.);
#7153 = VERTEX_POINT('',#7154);
#7154 = CARTESIAN_POINT('',(-13.,4.,8.));
#7155 = LINE('',#7156,#7157);
#7156 = CARTESIAN_POINT('',(-13.,-8.,8.));
#7157 = VECTOR('',#7158,1.);
#7158 = DIRECTION('',(0.,1.,0.));
#7159 = ORIENTED_EDGE('',*,*,#7160,.T.);
#7160 = EDGE_CURVE('',#7153,#7161,#7163,.T.);
#7161 = VERTEX_POINT('',#7162);
#7162 = CARTESIAN_POINT('',(-13.,4.,13.139411293381));
#7163 = LINE('',#7164,#7165);
#7164 = CARTESIAN_POINT('',(-13.,4.,8.));
#7165 = VECTOR('',#7166,1.);
#7166 = DIRECTION('',(0.,0.,1.));
#7167 = ORIENTED_EDGE('',*,*,#7168,.T.);
#7168 = EDGE_CURVE('',#7161,#6709,#7169,.T.);
#7169 = LINE('',#7170,#7171);
#7170 = CARTESIAN_POINT('',(-13.,-8.,13.139411293381));
#7171 = VECTOR('',#7172,1.);
#7172 = DIRECTION('',(0.,-1.,0.));
#7173 = PLANE('',#7174);
#7174 = AXIS2_PLACEMENT_3D('',#7175,#7176,#7177);
#7175 = CARTESIAN_POINT('',(-13.,-8.,8.));
#7176 = DIRECTION('',(1.,0.,0.));
#7177 = DIRECTION('',(0.,0.,1.));
#7178 = ADVANCED_FACE('',(#7179),#7220,.T.);
#7179 = FACE_BOUND('',#7180,.T.);
#7180 = EDGE_LOOP('',(#7181,#7191,#7197,#7198,#7206,#7214));
#7181 = ORIENTED_EDGE('',*,*,#7182,.T.);
#7182 = EDGE_CURVE('',#7183,#7185,#7187,.T.);
#7183 = VERTEX_POINT('',#7184);
#7184 = CARTESIAN_POINT('',(-12.,-2.,0.));
#7185 = VERTEX_POINT('',#7186);
#7186 = CARTESIAN_POINT('',(-12.,-2.,8.));
#7187 = LINE('',#7188,#7189);
#7188 = CARTESIAN_POINT('',(-12.,-2.,0.));
#7189 = VECTOR('',#7190,1.);
#7190 = DIRECTION('',(0.,0.,1.));
#7191 = ORIENTED_EDGE('',*,*,#7192,.T.);
#7192 = EDGE_CURVE('',#7185,#7129,#7193,.T.);
#7193 = LINE('',#7194,#7195);
#7194 = CARTESIAN_POINT('',(-12.,-2.,8.));
#7195 = VECTOR('',#7196,1.);
#7196 = DIRECTION('',(-1.,0.,0.));
#7197 = ORIENTED_EDGE('',*,*,#7136,.T.);
#7198 = ORIENTED_EDGE('',*,*,#7199,.T.);
#7199 = EDGE_CURVE('',#7120,#7200,#7202,.T.);
#7200 = VERTEX_POINT('',#7201);
#7201 = CARTESIAN_POINT('',(-20.,-2.,8.));
#7202 = LINE('',#7203,#7204);
#7203 = CARTESIAN_POINT('',(-12.,-2.,8.));
#7204 = VECTOR('',#7205,1.);
#7205 = DIRECTION('',(-1.,0.,0.));
#7206 = ORIENTED_EDGE('',*,*,#7207,.F.);
#7207 = EDGE_CURVE('',#7208,#7200,#7210,.T.);
#7208 = VERTEX_POINT('',#7209);
#7209 = CARTESIAN_POINT('',(-20.,-2.,0.));
#7210 = LINE('',#7211,#7212);
#7211 = CARTESIAN_POINT('',(-20.,-2.,0.));
#7212 = VECTOR('',#7213,1.);
#7213 = DIRECTION('',(0.,0.,1.));
#7214 = ORIENTED_EDGE('',*,*,#7215,.F.);
#7215 = EDGE_CURVE('',#7183,#7208,#7216,.T.);
#7216 = LINE('',#7217,#7218);
#7217 = CARTESIAN_POINT('',(-12.,-2.,0.));
#7218 = VECTOR('',#7219,1.);
#7219 = DIRECTION('',(-1.,0.,0.));
#7220 = PLANE('',#7221);
#7221 = AXIS2_PLACEMENT_3D('',#7222,#7223,#7224);
#7222 = CARTESIAN_POINT('',(-12.,-2.,0.));
#7223 = DIRECTION('',(0.,-1.,0.));
#7224 = DIRECTION('',(-1.,0.,0.));
#7225 = ADVANCED_FACE('',(#7226),#7242,.T.);
#7226 = FACE_BOUND('',#7227,.T.);
#7227 = EDGE_LOOP('',(#7228,#7234,#7235,#7241));
#7228 = ORIENTED_EDGE('',*,*,#7229,.F.);
#7229 = EDGE_CURVE('',#7089,#7183,#7230,.T.);
#7230 = LINE('',#7231,#7232);
#7231 = CARTESIAN_POINT('',(-12.,11.5,0.));
#7232 = VECTOR('',#7233,1.);
#7233 = DIRECTION('',(0.,-1.,0.));
#7234 = ORIENTED_EDGE('',*,*,#7096,.F.);
#7235 = ORIENTED_EDGE('',*,*,#7236,.T.);
#7236 = EDGE_CURVE('',#7097,#7185,#7237,.T.);
#7237 = LINE('',#7238,#7239);
#7238 = CARTESIAN_POINT('',(-12.,11.5,8.));
#7239 = VECTOR('',#7240,1.);
#7240 = DIRECTION('',(0.,-1.,0.));
#7241 = ORIENTED_EDGE('',*,*,#7182,.F.);
#7242 = PLANE('',#7243);
#7243 = AXIS2_PLACEMENT_3D('',#7244,#7245,#7246);
#7244 = CARTESIAN_POINT('',(-12.,11.5,0.));
#7245 = DIRECTION('',(1.,0.,0.));
#7246 = DIRECTION('',(0.,-1.,0.));
#7247 = ADVANCED_FACE('',(#7248),#7273,.T.);
#7248 = FACE_BOUND('',#7249,.T.);
#7249 = EDGE_LOOP('',(#7250,#7258,#7259,#7267));
#7250 = ORIENTED_EDGE('',*,*,#7251,.F.);
#7251 = EDGE_CURVE('',#7208,#7252,#7254,.T.);
#7252 = VERTEX_POINT('',#7253);
#7253 = CARTESIAN_POINT('',(-20.,7.5,0.));
#7254 = LINE('',#7255,#7256);
#7255 = CARTESIAN_POINT('',(-20.,-2.,0.));
#7256 = VECTOR('',#7257,1.);
#7257 = DIRECTION('',(0.,1.,0.));
#7258 = ORIENTED_EDGE('',*,*,#7207,.T.);
#7259 = ORIENTED_EDGE('',*,*,#7260,.T.);
#7260 = EDGE_CURVE('',#7200,#7261,#7263,.T.);
#7261 = VERTEX_POINT('',#7262);
#7262 = CARTESIAN_POINT('',(-20.,7.5,8.));
#7263 = LINE('',#7264,#7265);
#7264 = CARTESIAN_POINT('',(-20.,-2.,8.));
#7265 = VECTOR('',#7266,1.);
#7266 = DIRECTION('',(0.,1.,0.));
#7267 = ORIENTED_EDGE('',*,*,#7268,.F.);
#7268 = EDGE_CURVE('',#7252,#7261,#7269,.T.);
#7269 = LINE('',#7270,#7271);
#7270 = CARTESIAN_POINT('',(-20.,7.5,0.));
#7271 = VECTOR('',#7272,1.);
#7272 = DIRECTION('',(0.,0.,1.));
#7273 = PLANE('',#7274);
#7274 = AXIS2_PLACEMENT_3D('',#7275,#7276,#7277);
#7275 = CARTESIAN_POINT('',(-20.,-2.,0.));
#7276 = DIRECTION('',(-1.,0.,0.));
#7277 = DIRECTION('',(0.,1.,0.));
#7278 = ADVANCED_FACE('',(#7279),#7290,.F.);
#7279 = FACE_BOUND('',#7280,.F.);
#7280 = EDGE_LOOP('',(#7281,#7282,#7283,#7289));
#7281 = ORIENTED_EDGE('',*,*,#6716,.F.);
#7282 = ORIENTED_EDGE('',*,*,#7043,.T.);
#7283 = ORIENTED_EDGE('',*,*,#7284,.T.);
#7284 = EDGE_CURVE('',#7036,#7161,#7285,.T.);
#7285 = LINE('',#7286,#7287);
#7286 = CARTESIAN_POINT('',(17.720583067268,4.,64.980395219397));
#7287 = VECTOR('',#7288,1.);
#7288 = DIRECTION('',(-0.509802390302,0.,-0.860291533634));
#7289 = ORIENTED_EDGE('',*,*,#7168,.T.);
#7290 = PLANE('',#7291);
#7291 = AXIS2_PLACEMENT_3D('',#7292,#7293,#7294);
#7292 = CARTESIAN_POINT('',(17.720583067268,-8.,64.980395219397));
#7293 = DIRECTION('',(-0.860291533634,0.,0.509802390302));
#7294 = DIRECTION('',(-0.509802390302,0.,-0.860291533634));
#7295 = ADVANCED_FACE('',(#7296),#7321,.F.);
#7296 = FACE_BOUND('',#7297,.F.);
#7297 = EDGE_LOOP('',(#7298,#7306,#7314,#7320));
#7298 = ORIENTED_EDGE('',*,*,#7299,.F.);
#7299 = EDGE_CURVE('',#7300,#7252,#7302,.T.);
#7300 = VERTEX_POINT('',#7301);
#7301 = CARTESIAN_POINT('',(-55.,7.5,0.));
#7302 = LINE('',#7303,#7304);
#7303 = CARTESIAN_POINT('',(-55.,7.5,0.));
#7304 = VECTOR('',#7305,1.);
#7305 = DIRECTION('',(1.,0.,0.));
#7306 = ORIENTED_EDGE('',*,*,#7307,.T.);
#7307 = EDGE_CURVE('',#7300,#7308,#7310,.T.);
#7308 = VERTEX_POINT('',#7309);
#7309 = CARTESIAN_POINT('',(-55.,7.5,8.));
#7310 = LINE('',#7311,#7312);
#7311 = CARTESIAN_POINT('',(-55.,7.5,0.));
#7312 = VECTOR('',#7313,1.);
#7313 = DIRECTION('',(0.,0.,1.));
#7314 = ORIENTED_EDGE('',*,*,#7315,.T.);
#7315 = EDGE_CURVE('',#7308,#7261,#7316,.T.);
#7316 = LINE('',#7317,#7318);
#7317 = CARTESIAN_POINT('',(-55.,7.5,8.));
#7318 = VECTOR('',#7319,1.);
#7319 = DIRECTION('',(1.,0.,0.));
#7320 = ORIENTED_EDGE('',*,*,#7268,.F.);
#7321 = PLANE('',#7322);
#7322 = AXIS2_PLACEMENT_3D('',#7323,#7324,#7325);
#7323 = CARTESIAN_POINT('',(-55.,7.5,0.));
#7324 = DIRECTION('',(0.,1.,0.));
#7325 = DIRECTION('',(1.,0.,0.));
#7326 = ADVANCED_FACE('',(#7327),#7352,.F.);
#7327 = FACE_BOUND('',#7328,.F.);
#7328 = EDGE_LOOP('',(#7329,#7330,#7338,#7346));
#7329 = ORIENTED_EDGE('',*,*,#7074,.T.);
#7330 = ORIENTED_EDGE('',*,*,#7331,.T.);
#7331 = EDGE_CURVE('',#7067,#7332,#7334,.T.);
#7332 = VERTEX_POINT('',#7333);
#7333 = CARTESIAN_POINT('',(58.,10.5,8.));
#7334 = LINE('',#7335,#7336);
#7335 = CARTESIAN_POINT('',(55.,7.5,8.));
#7336 = VECTOR('',#7337,1.);
#7337 = DIRECTION('',(0.707106781187,0.707106781187,0.));
#7338 = ORIENTED_EDGE('',*,*,#7339,.F.);
#7339 = EDGE_CURVE('',#7340,#7332,#7342,.T.);
#7340 = VERTEX_POINT('',#7341);
#7341 = CARTESIAN_POINT('',(58.,10.5,0.));
#7342 = LINE('',#7343,#7344);
#7343 = CARTESIAN_POINT('',(58.,10.5,0.));
#7344 = VECTOR('',#7345,1.);
#7345 = DIRECTION('',(0.,0.,1.));
#7346 = ORIENTED_EDGE('',*,*,#7347,.F.);
#7347 = EDGE_CURVE('',#7058,#7340,#7348,.T.);
#7348 = LINE('',#7349,#7350);
#7349 = CARTESIAN_POINT('',(55.,7.5,0.));
#7350 = VECTOR('',#7351,1.);
#7351 = DIRECTION('',(0.707106781187,0.707106781187,0.));
#7352 = PLANE('',#7353);
#7353 = AXIS2_PLACEMENT_3D('',#7354,#7355,#7356);
#7354 = CARTESIAN_POINT('',(55.,7.5,0.));
#7355 = DIRECTION('',(-0.707106781187,0.707106781187,0.));
#7356 = DIRECTION('',(0.707106781187,0.707106781187,0.));
#7357 = ADVANCED_FACE('',(#7358),#7383,.F.);
#7358 = FACE_BOUND('',#7359,.F.);
#7359 = EDGE_LOOP('',(#7360,#7361,#7369,#7377));
#7360 = ORIENTED_EDGE('',*,*,#7339,.T.);
#7361 = ORIENTED_EDGE('',*,*,#7362,.T.);
#7362 = EDGE_CURVE('',#7332,#7363,#7365,.T.);
#7363 = VERTEX_POINT('',#7364);
#7364 = CARTESIAN_POINT('',(58.,12.5,8.));
#7365 = LINE('',#7366,#7367);
#7366 = CARTESIAN_POINT('',(58.,10.5,8.));
#7367 = VECTOR('',#7368,1.);
#7368 = DIRECTION('',(0.,1.,0.));
#7369 = ORIENTED_EDGE('',*,*,#7370,.F.);
#7370 = EDGE_CURVE('',#7371,#7363,#7373,.T.);
#7371 = VERTEX_POINT('',#7372);
#7372 = CARTESIAN_POINT('',(58.,12.5,0.));
#7373 = LINE('',#7374,#7375);
#7374 = CARTESIAN_POINT('',(58.,12.5,0.));
#7375 = VECTOR('',#7376,1.);
#7376 = DIRECTION('',(0.,0.,1.));
#7377 = ORIENTED_EDGE('',*,*,#7378,.F.);
#7378 = EDGE_CURVE('',#7340,#7371,#7379,.T.);
#7379 = LINE('',#7380,#7381);
#7380 = CARTESIAN_POINT('',(58.,10.5,0.));
#7381 = VECTOR('',#7382,1.);
#7382 = DIRECTION('',(0.,1.,0.));
#7383 = PLANE('',#7384);
#7384 = AXIS2_PLACEMENT_3D('',#7385,#7386,#7387);
#7385 = CARTESIAN_POINT('',(58.,10.5,0.));
#7386 = DIRECTION('',(-1.,0.,0.));
#7387 = DIRECTION('',(0.,1.,0.));
#7388 = ADVANCED_FACE('',(#7389),#7462,.T.);
#7389 = FACE_BOUND('',#7390,.T.);
#7390 = EDGE_LOOP('',(#7391,#7401,#7410,#7419,#7428,#7437,#7446,#7455));
#7391 = ORIENTED_EDGE('',*,*,#7392,.T.);
#7392 = EDGE_CURVE('',#7393,#7395,#7397,.T.);
#7393 = VERTEX_POINT('',#7394);
#7394 = CARTESIAN_POINT('',(-34.45,16.,0.));
#7395 = VERTEX_POINT('',#7396);
#7396 = CARTESIAN_POINT('',(-34.8,16.,11.));
#7397 = LINE('',#7398,#7399);
#7398 = CARTESIAN_POINT('',(-34.45,16.,0.));
#7399 = VECTOR('',#7400,1.);
#7400 = DIRECTION('',(-3.180208772631E-02,7.789264988046E-18,
    0.999494185684));
#7401 = ORIENTED_EDGE('',*,*,#7402,.F.);
#7402 = EDGE_CURVE('',#7403,#7395,#7405,.T.);
#7403 = VERTEX_POINT('',#7404);
#7404 = CARTESIAN_POINT('',(-42.1775,20.722128095467,11.));
#7405 = CIRCLE('',#7406,5.2);
#7406 = AXIS2_PLACEMENT_3D('',#7407,#7408,#7409);
#7407 = CARTESIAN_POINT('',(-40.,16.,11.));
#7408 = DIRECTION('',(0.,0.,1.));
#7409 = DIRECTION('',(1.,0.,0.));
#7410 = ORIENTED_EDGE('',*,*,#7411,.T.);
#7411 = EDGE_CURVE('',#7403,#7412,#7414,.T.);
#7412 = VERTEX_POINT('',#7413);
#7413 = CARTESIAN_POINT('',(-42.1775,21.104996939274,0.));
#7414 = HYPERBOLA('',#7415,68.435714285714,2.1775);
#7415 = AXIS2_PLACEMENT_3D('',#7416,#7417,#7418);
#7416 = CARTESIAN_POINT('',(-42.1775,16.,174.42857142857));
#7417 = DIRECTION('',(1.,-0.,0.));
#7418 = DIRECTION('',(0.,0.,-1.));
#7419 = ORIENTED_EDGE('',*,*,#7420,.T.);
#7420 = EDGE_CURVE('',#7412,#7421,#7423,.T.);
#7421 = VERTEX_POINT('',#7422);
#7422 = CARTESIAN_POINT('',(-45.52743159161,15.5,0.));
#7423 = CIRCLE('',#7424,5.55);
#7424 = AXIS2_PLACEMENT_3D('',#7425,#7426,#7427);
#7425 = CARTESIAN_POINT('',(-40.,16.,0.));
#7426 = DIRECTION('',(0.,0.,1.));
#7427 = DIRECTION('',(1.,0.,0.));
#7428 = ORIENTED_EDGE('',*,*,#7429,.T.);
#7429 = EDGE_CURVE('',#7421,#7430,#7432,.T.);
#7430 = VERTEX_POINT('',#7431);
#7431 = CARTESIAN_POINT('',(-45.27179654795,15.5,8.));
#7432 = HYPERBOLA('',#7433,15.714285714286,0.5);
#7433 = AXIS2_PLACEMENT_3D('',#7434,#7435,#7436);
#7434 = CARTESIAN_POINT('',(-40.,15.5,174.42857142857));
#7435 = DIRECTION('',(0.,-1.,0.));
#7436 = DIRECTION('',(-0.,-0.,-1.));
#7437 = ORIENTED_EDGE('',*,*,#7438,.T.);
#7438 = EDGE_CURVE('',#7430,#7439,#7441,.T.);
#7439 = VERTEX_POINT('',#7440);
#7440 = CARTESIAN_POINT('',(-34.72820345205,15.5,8.));
#7441 = CIRCLE('',#7442,5.295454545455);
#7442 = AXIS2_PLACEMENT_3D('',#7443,#7444,#7445);
#7443 = CARTESIAN_POINT('',(-40.,16.,8.));
#7444 = DIRECTION('',(0.,0.,1.));
#7445 = DIRECTION('',(1.,0.,0.));
#7446 = ORIENTED_EDGE('',*,*,#7447,.T.);
#7447 = EDGE_CURVE('',#7439,#7448,#7450,.T.);
#7448 = VERTEX_POINT('',#7449);
#7449 = CARTESIAN_POINT('',(-34.47256840838,15.5,0.));
#7450 = HYPERBOLA('',#7451,15.714285714286,0.5);
#7451 = AXIS2_PLACEMENT_3D('',#7452,#7453,#7454);
#7452 = CARTESIAN_POINT('',(-40.,15.5,174.42857142857));
#7453 = DIRECTION('',(0.,-1.,0.));
#7454 = DIRECTION('',(-0.,-0.,-1.));
#7455 = ORIENTED_EDGE('',*,*,#7456,.T.);
#7456 = EDGE_CURVE('',#7448,#7393,#7457,.T.);
#7457 = CIRCLE('',#7458,5.55);
#7458 = AXIS2_PLACEMENT_3D('',#7459,#7460,#7461);
#7459 = CARTESIAN_POINT('',(-40.,16.,0.));
#7460 = DIRECTION('',(0.,0.,1.));
#7461 = DIRECTION('',(1.,0.,0.));
#7462 = CONICAL_SURFACE('',#7463,5.55,3.180745079516E-02);
#7463 = AXIS2_PLACEMENT_3D('',#7464,#7465,#7466);
#7464 = CARTESIAN_POINT('',(-40.,16.,0.));
#7465 = DIRECTION('',(-0.,-0.,-1.));
#7466 = DIRECTION('',(1.,0.,0.));
#7467 = ADVANCED_FACE('',(#7468),#7494,.F.);
#7468 = FACE_BOUND('',#7469,.F.);
#7469 = EDGE_LOOP('',(#7470,#7478,#7487,#7493));
#7470 = ORIENTED_EDGE('',*,*,#7471,.F.);
#7471 = EDGE_CURVE('',#7472,#7448,#7474,.T.);
#7472 = VERTEX_POINT('',#7473);
#7473 = CARTESIAN_POINT('',(-23.24846117415,15.5,0.));
#7474 = LINE('',#7475,#7476);
#7475 = CARTESIAN_POINT('',(55.,15.5,0.));
#7476 = VECTOR('',#7477,1.);
#7477 = DIRECTION('',(-1.,0.,0.));
#7478 = ORIENTED_EDGE('',*,*,#7479,.T.);
#7479 = EDGE_CURVE('',#7472,#7480,#7482,.T.);
#7480 = VERTEX_POINT('',#7481);
#7481 = CARTESIAN_POINT('',(-22.79138654488,15.5,8.));
#7482 = HYPERBOLA('',#7483,141.42857142857,4.5);
#7483 = AXIS2_PLACEMENT_3D('',#7484,#7485,#7486);
#7484 = CARTESIAN_POINT('',(-20.,15.5,174.42857142857));
#7485 = DIRECTION('',(0.,-1.,0.));
#7486 = DIRECTION('',(-0.,-0.,-1.));
#7487 = ORIENTED_EDGE('',*,*,#7488,.T.);
#7488 = EDGE_CURVE('',#7480,#7439,#7489,.T.);
#7489 = LINE('',#7490,#7491);
#7490 = CARTESIAN_POINT('',(55.,15.5,8.));
#7491 = VECTOR('',#7492,1.);
#7492 = DIRECTION('',(-1.,0.,0.));
#7493 = ORIENTED_EDGE('',*,*,#7447,.T.);
#7494 = PLANE('',#7495);
#7495 = AXIS2_PLACEMENT_3D('',#7496,#7497,#7498);
#7496 = CARTESIAN_POINT('',(55.,15.5,0.));
#7497 = DIRECTION('',(0.,-1.,0.));
#7498 = DIRECTION('',(-1.,0.,0.));
#7499 = ADVANCED_FACE('',(#7500),#7563,.T.);
#7500 = FACE_BOUND('',#7501,.T.);
#7501 = EDGE_LOOP('',(#7502,#7512,#7521,#7530,#7537,#7538,#7547,#7556));
#7502 = ORIENTED_EDGE('',*,*,#7503,.T.);
#7503 = EDGE_CURVE('',#7504,#7506,#7508,.T.);
#7504 = VERTEX_POINT('',#7505);
#7505 = CARTESIAN_POINT('',(-14.45,20.,0.));
#7506 = VERTEX_POINT('',#7507);
#7507 = CARTESIAN_POINT('',(-14.8,20.,11.));
#7508 = LINE('',#7509,#7510);
#7509 = CARTESIAN_POINT('',(-14.45,20.,0.));
#7510 = VECTOR('',#7511,1.);
#7511 = DIRECTION('',(-3.180208772631E-02,7.789264988046E-18,
    0.999494185684));
#7512 = ORIENTED_EDGE('',*,*,#7513,.F.);
#7513 = EDGE_CURVE('',#7514,#7506,#7516,.T.);
#7514 = VERTEX_POINT('',#7515);
#7515 = CARTESIAN_POINT('',(-22.1775,24.722128095467,11.));
#7516 = CIRCLE('',#7517,5.2);
#7517 = AXIS2_PLACEMENT_3D('',#7518,#7519,#7520);
#7518 = CARTESIAN_POINT('',(-20.,20.,11.));
#7519 = DIRECTION('',(0.,0.,1.));
#7520 = DIRECTION('',(1.,0.,0.));
#7521 = ORIENTED_EDGE('',*,*,#7522,.T.);
#7522 = EDGE_CURVE('',#7514,#7523,#7525,.T.);
#7523 = VERTEX_POINT('',#7524);
#7524 = CARTESIAN_POINT('',(-22.1775,25.104996939274,0.));
#7525 = HYPERBOLA('',#7526,68.435714285714,2.1775);
#7526 = AXIS2_PLACEMENT_3D('',#7527,#7528,#7529);
#7527 = CARTESIAN_POINT('',(-22.1775,20.,174.42857142857));
#7528 = DIRECTION('',(1.,-0.,0.));
#7529 = DIRECTION('',(0.,0.,-1.));
#7530 = ORIENTED_EDGE('',*,*,#7531,.T.);
#7531 = EDGE_CURVE('',#7523,#7472,#7532,.T.);
#7532 = CIRCLE('',#7533,5.55);
#7533 = AXIS2_PLACEMENT_3D('',#7534,#7535,#7536);
#7534 = CARTESIAN_POINT('',(-20.,20.,0.));
#7535 = DIRECTION('',(0.,0.,1.));
#7536 = DIRECTION('',(1.,0.,0.));
#7537 = ORIENTED_EDGE('',*,*,#7479,.T.);
#7538 = ORIENTED_EDGE('',*,*,#7539,.T.);
#7539 = EDGE_CURVE('',#7480,#7540,#7542,.T.);
#7540 = VERTEX_POINT('',#7541);
#7541 = CARTESIAN_POINT('',(-17.20861345511,15.5,8.));
#7542 = CIRCLE('',#7543,5.295454545455);
#7543 = AXIS2_PLACEMENT_3D('',#7544,#7545,#7546);
#7544 = CARTESIAN_POINT('',(-20.,20.,8.));
#7545 = DIRECTION('',(0.,0.,1.));
#7546 = DIRECTION('',(1.,0.,0.));
#7547 = ORIENTED_EDGE('',*,*,#7548,.T.);
#7548 = EDGE_CURVE('',#7540,#7549,#7551,.T.);
#7549 = VERTEX_POINT('',#7550);
#7550 = CARTESIAN_POINT('',(-16.75153882584,15.5,0.));
#7551 = HYPERBOLA('',#7552,141.42857142857,4.5);
#7552 = AXIS2_PLACEMENT_3D('',#7553,#7554,#7555);
#7553 = CARTESIAN_POINT('',(-20.,15.5,174.42857142857));
#7554 = DIRECTION('',(0.,-1.,0.));
#7555 = DIRECTION('',(-0.,-0.,-1.));
#7556 = ORIENTED_EDGE('',*,*,#7557,.T.);
#7557 = EDGE_CURVE('',#7549,#7504,#7558,.T.);
#7558 = CIRCLE('',#7559,5.55);
#7559 = AXIS2_PLACEMENT_3D('',#7560,#7561,#7562);
#7560 = CARTESIAN_POINT('',(-20.,20.,0.));
#7561 = DIRECTION('',(0.,0.,1.));
#7562 = DIRECTION('',(1.,0.,0.));
#7563 = CONICAL_SURFACE('',#7564,5.55,3.180745079516E-02);
#7564 = AXIS2_PLACEMENT_3D('',#7565,#7566,#7567);
#7565 = CARTESIAN_POINT('',(-20.,20.,0.));
#7566 = DIRECTION('',(-0.,-0.,-1.));
#7567 = DIRECTION('',(1.,0.,0.));
#7568 = ADVANCED_FACE('',(#7569),#7595,.F.);
#7569 = FACE_BOUND('',#7570,.F.);
#7570 = EDGE_LOOP('',(#7571,#7579,#7588,#7594));
#7571 = ORIENTED_EDGE('',*,*,#7572,.F.);
#7572 = EDGE_CURVE('',#7573,#7549,#7575,.T.);
#7573 = VERTEX_POINT('',#7574);
#7574 = CARTESIAN_POINT('',(-5.527431591616,15.5,0.));
#7575 = LINE('',#7576,#7577);
#7576 = CARTESIAN_POINT('',(55.,15.5,0.));
#7577 = VECTOR('',#7578,1.);
#7578 = DIRECTION('',(-1.,0.,0.));
#7579 = ORIENTED_EDGE('',*,*,#7580,.T.);
#7580 = EDGE_CURVE('',#7573,#7581,#7583,.T.);
#7581 = VERTEX_POINT('',#7582);
#7582 = CARTESIAN_POINT('',(-5.27179654795,15.5,8.));
#7583 = HYPERBOLA('',#7584,15.714285714286,0.5);
#7584 = AXIS2_PLACEMENT_3D('',#7585,#7586,#7587);
#7585 = CARTESIAN_POINT('',(0.,15.5,174.42857142857));
#7586 = DIRECTION('',(0.,-1.,0.));
#7587 = DIRECTION('',(-0.,-0.,-1.));
#7588 = ORIENTED_EDGE('',*,*,#7589,.T.);
#7589 = EDGE_CURVE('',#7581,#7540,#7590,.T.);
#7590 = LINE('',#7591,#7592);
#7591 = CARTESIAN_POINT('',(55.,15.5,8.));
#7592 = VECTOR('',#7593,1.);
#7593 = DIRECTION('',(-1.,0.,0.));
#7594 = ORIENTED_EDGE('',*,*,#7548,.T.);
#7595 = PLANE('',#7596);
#7596 = AXIS2_PLACEMENT_3D('',#7597,#7598,#7599);
#7597 = CARTESIAN_POINT('',(55.,15.5,0.));
#7598 = DIRECTION('',(0.,-1.,0.));
#7599 = DIRECTION('',(-1.,0.,0.));
#7600 = ADVANCED_FACE('',(#7601),#7664,.T.);
#7601 = FACE_BOUND('',#7602,.T.);
#7602 = EDGE_LOOP('',(#7603,#7613,#7622,#7631,#7638,#7639,#7648,#7657));
#7603 = ORIENTED_EDGE('',*,*,#7604,.T.);
#7604 = EDGE_CURVE('',#7605,#7607,#7609,.T.);
#7605 = VERTEX_POINT('',#7606);
#7606 = CARTESIAN_POINT('',(5.55,16.,0.));
#7607 = VERTEX_POINT('',#7608);
#7608 = CARTESIAN_POINT('',(5.2,16.,11.));
#7609 = LINE('',#7610,#7611);
#7610 = CARTESIAN_POINT('',(5.55,16.,0.));
#7611 = VECTOR('',#7612,1.);
#7612 = DIRECTION('',(-3.180208772631E-02,7.789264988046E-18,
    0.999494185684));
#7613 = ORIENTED_EDGE('',*,*,#7614,.F.);
#7614 = EDGE_CURVE('',#7615,#7607,#7617,.T.);
#7615 = VERTEX_POINT('',#7616);
#7616 = CARTESIAN_POINT('',(-2.1775,20.722128095467,11.));
#7617 = CIRCLE('',#7618,5.2);
#7618 = AXIS2_PLACEMENT_3D('',#7619,#7620,#7621);
#7619 = CARTESIAN_POINT('',(0.,16.,11.));
#7620 = DIRECTION('',(0.,0.,1.));
#7621 = DIRECTION('',(1.,0.,0.));
#7622 = ORIENTED_EDGE('',*,*,#7623,.T.);
#7623 = EDGE_CURVE('',#7615,#7624,#7626,.T.);
#7624 = VERTEX_POINT('',#7625);
#7625 = CARTESIAN_POINT('',(-2.1775,21.104996939274,0.));
#7626 = HYPERBOLA('',#7627,68.435714285714,2.1775);
#7627 = AXIS2_PLACEMENT_3D('',#7628,#7629,#7630);
#7628 = CARTESIAN_POINT('',(-2.1775,16.,174.42857142857));
#7629 = DIRECTION('',(1.,-0.,0.));
#7630 = DIRECTION('',(0.,0.,-1.));
#7631 = ORIENTED_EDGE('',*,*,#7632,.T.);
#7632 = EDGE_CURVE('',#7624,#7573,#7633,.T.);
#7633 = CIRCLE('',#7634,5.55);
#7634 = AXIS2_PLACEMENT_3D('',#7635,#7636,#7637);
#7635 = CARTESIAN_POINT('',(0.,16.,0.));
#7636 = DIRECTION('',(0.,0.,1.));
#7637 = DIRECTION('',(1.,0.,0.));
#7638 = ORIENTED_EDGE('',*,*,#7580,.T.);
#7639 = ORIENTED_EDGE('',*,*,#7640,.T.);
#7640 = EDGE_CURVE('',#7581,#7641,#7643,.T.);
#7641 = VERTEX_POINT('',#7642);
#7642 = CARTESIAN_POINT('',(5.27179654795,15.5,8.));
#7643 = CIRCLE('',#7644,5.295454545455);
#7644 = AXIS2_PLACEMENT_3D('',#7645,#7646,#7647);
#7645 = CARTESIAN_POINT('',(0.,16.,8.));
#7646 = DIRECTION('',(0.,0.,1.));
#7647 = DIRECTION('',(1.,0.,0.));
#7648 = ORIENTED_EDGE('',*,*,#7649,.T.);
#7649 = EDGE_CURVE('',#7641,#7650,#7652,.T.);
#7650 = VERTEX_POINT('',#7651);
#7651 = CARTESIAN_POINT('',(5.527431591617,15.5,0.));
#7652 = HYPERBOLA('',#7653,15.714285714286,0.5);
#7653 = AXIS2_PLACEMENT_3D('',#7654,#7655,#7656);
#7654 = CARTESIAN_POINT('',(0.,15.5,174.42857142857));
#7655 = DIRECTION('',(0.,-1.,0.));
#7656 = DIRECTION('',(-0.,-0.,-1.));
#7657 = ORIENTED_EDGE('',*,*,#7658,.T.);
#7658 = EDGE_CURVE('',#7650,#7605,#7659,.T.);
#7659 = CIRCLE('',#7660,5.55);
#7660 = AXIS2_PLACEMENT_3D('',#7661,#7662,#7663);
#7661 = CARTESIAN_POINT('',(0.,16.,0.));
#7662 = DIRECTION('',(0.,0.,1.));
#7663 = DIRECTION('',(1.,0.,0.));
#7664 = CONICAL_SURFACE('',#7665,5.55,3.180745079516E-02);
#7665 = AXIS2_PLACEMENT_3D('',#7666,#7667,#7668);
#7666 = CARTESIAN_POINT('',(0.,16.,0.));
#7667 = DIRECTION('',(-0.,-0.,-1.));
#7668 = DIRECTION('',(1.,0.,0.));
#7669 = ADVANCED_FACE('',(#7670),#7696,.F.);
#7670 = FACE_BOUND('',#7671,.F.);
#7671 = EDGE_LOOP('',(#7672,#7680,#7689,#7695));
#7672 = ORIENTED_EDGE('',*,*,#7673,.F.);
#7673 = EDGE_CURVE('',#7674,#7650,#7676,.T.);
#7674 = VERTEX_POINT('',#7675);
#7675 = CARTESIAN_POINT('',(16.751538825844,15.5,0.));
#7676 = LINE('',#7677,#7678);
#7677 = CARTESIAN_POINT('',(55.,15.5,0.));
#7678 = VECTOR('',#7679,1.);
#7679 = DIRECTION('',(-1.,0.,0.));
#7680 = ORIENTED_EDGE('',*,*,#7681,.T.);
#7681 = EDGE_CURVE('',#7674,#7682,#7684,.T.);
#7682 = VERTEX_POINT('',#7683);
#7683 = CARTESIAN_POINT('',(17.208613455113,15.5,8.));
#7684 = HYPERBOLA('',#7685,141.42857142857,4.5);
#7685 = AXIS2_PLACEMENT_3D('',#7686,#7687,#7688);
#7686 = CARTESIAN_POINT('',(20.,15.5,174.42857142857));
#7687 = DIRECTION('',(0.,-1.,0.));
#7688 = DIRECTION('',(-0.,-0.,-1.));
#7689 = ORIENTED_EDGE('',*,*,#7690,.T.);
#7690 = EDGE_CURVE('',#7682,#7641,#7691,.T.);
#7691 = LINE('',#7692,#7693);
#7692 = CARTESIAN_POINT('',(55.,15.5,8.));
#7693 = VECTOR('',#7694,1.);
#7694 = DIRECTION('',(-1.,0.,0.));
#7695 = ORIENTED_EDGE('',*,*,#7649,.T.);
#7696 = PLANE('',#7697);
#7697 = AXIS2_PLACEMENT_3D('',#7698,#7699,#7700);
#7698 = CARTESIAN_POINT('',(55.,15.5,0.));
#7699 = DIRECTION('',(0.,-1.,0.));
#7700 = DIRECTION('',(-1.,0.,0.));
#7701 = ADVANCED_FACE('',(#7702),#7765,.T.);
#7702 = FACE_BOUND('',#7703,.T.);
#7703 = EDGE_LOOP('',(#7704,#7714,#7723,#7732,#7739,#7740,#7749,#7758));
#7704 = ORIENTED_EDGE('',*,*,#7705,.T.);
#7705 = EDGE_CURVE('',#7706,#7708,#7710,.T.);
#7706 = VERTEX_POINT('',#7707);
#7707 = CARTESIAN_POINT('',(25.55,20.,0.));
#7708 = VERTEX_POINT('',#7709);
#7709 = CARTESIAN_POINT('',(25.2,20.,11.));
#7710 = LINE('',#7711,#7712);
#7711 = CARTESIAN_POINT('',(25.55,20.,0.));
#7712 = VECTOR('',#7713,1.);
#7713 = DIRECTION('',(-3.180208772631E-02,7.789264988046E-18,
    0.999494185684));
#7714 = ORIENTED_EDGE('',*,*,#7715,.F.);
#7715 = EDGE_CURVE('',#7716,#7708,#7718,.T.);
#7716 = VERTEX_POINT('',#7717);
#7717 = CARTESIAN_POINT('',(17.8225,24.722128095467,11.));
#7718 = CIRCLE('',#7719,5.2);
#7719 = AXIS2_PLACEMENT_3D('',#7720,#7721,#7722);
#7720 = CARTESIAN_POINT('',(20.,20.,11.));
#7721 = DIRECTION('',(0.,0.,1.));
#7722 = DIRECTION('',(1.,0.,0.));
#7723 = ORIENTED_EDGE('',*,*,#7724,.T.);
#7724 = EDGE_CURVE('',#7716,#7725,#7727,.T.);
#7725 = VERTEX_POINT('',#7726);
#7726 = CARTESIAN_POINT('',(17.8225,25.104996939274,0.));
#7727 = HYPERBOLA('',#7728,68.435714285714,2.1775);
#7728 = AXIS2_PLACEMENT_3D('',#7729,#7730,#7731);
#7729 = CARTESIAN_POINT('',(17.8225,20.,174.42857142857));
#7730 = DIRECTION('',(1.,-0.,0.));
#7731 = DIRECTION('',(0.,0.,-1.));
#7732 = ORIENTED_EDGE('',*,*,#7733,.T.);
#7733 = EDGE_CURVE('',#7725,#7674,#7734,.T.);
#7734 = CIRCLE('',#7735,5.55);
#7735 = AXIS2_PLACEMENT_3D('',#7736,#7737,#7738);
#7736 = CARTESIAN_POINT('',(20.,20.,0.));
#7737 = DIRECTION('',(0.,0.,1.));
#7738 = DIRECTION('',(1.,0.,0.));
#7739 = ORIENTED_EDGE('',*,*,#7681,.T.);
#7740 = ORIENTED_EDGE('',*,*,#7741,.T.);
#7741 = EDGE_CURVE('',#7682,#7742,#7744,.T.);
#7742 = VERTEX_POINT('',#7743);
#7743 = CARTESIAN_POINT('',(22.791386544887,15.5,8.));
#7744 = CIRCLE('',#7745,5.295454545455);
#7745 = AXIS2_PLACEMENT_3D('',#7746,#7747,#7748);
#7746 = CARTESIAN_POINT('',(20.,20.,8.));
#7747 = DIRECTION('',(0.,0.,1.));
#7748 = DIRECTION('',(1.,0.,0.));
#7749 = ORIENTED_EDGE('',*,*,#7750,.T.);
#7750 = EDGE_CURVE('',#7742,#7751,#7753,.T.);
#7751 = VERTEX_POINT('',#7752);
#7752 = CARTESIAN_POINT('',(23.248461174156,15.5,0.));
#7753 = HYPERBOLA('',#7754,141.42857142857,4.5);
#7754 = AXIS2_PLACEMENT_3D('',#7755,#7756,#7757);
#7755 = CARTESIAN_POINT('',(20.,15.5,174.42857142857));
#7756 = DIRECTION('',(0.,-1.,0.));
#7757 = DIRECTION('',(-0.,-0.,-1.));
#7758 = ORIENTED_EDGE('',*,*,#7759,.T.);
#7759 = EDGE_CURVE('',#7751,#7706,#7760,.T.);
#7760 = CIRCLE('',#7761,5.55);
#7761 = AXIS2_PLACEMENT_3D('',#7762,#7763,#7764);
#7762 = CARTESIAN_POINT('',(20.,20.,0.));
#7763 = DIRECTION('',(0.,0.,1.));
#7764 = DIRECTION('',(1.,0.,0.));
#7765 = CONICAL_SURFACE('',#7766,5.55,3.180745079516E-02);
#7766 = AXIS2_PLACEMENT_3D('',#7767,#7768,#7769);
#7767 = CARTESIAN_POINT('',(20.,20.,0.));
#7768 = DIRECTION('',(-0.,-0.,-1.));
#7769 = DIRECTION('',(1.,0.,0.));
#7770 = ADVANCED_FACE('',(#7771),#7797,.F.);
#7771 = FACE_BOUND('',#7772,.F.);
#7772 = EDGE_LOOP('',(#7773,#7781,#7790,#7796));
#7773 = ORIENTED_EDGE('',*,*,#7774,.F.);
#7774 = EDGE_CURVE('',#7775,#7751,#7777,.T.);
#7775 = VERTEX_POINT('',#7776);
#7776 = CARTESIAN_POINT('',(34.472568408384,15.5,0.));
#7777 = LINE('',#7778,#7779);
#7778 = CARTESIAN_POINT('',(55.,15.5,0.));
#7779 = VECTOR('',#7780,1.);
#7780 = DIRECTION('',(-1.,0.,0.));
#7781 = ORIENTED_EDGE('',*,*,#7782,.T.);
#7782 = EDGE_CURVE('',#7775,#7783,#7785,.T.);
#7783 = VERTEX_POINT('',#7784);
#7784 = CARTESIAN_POINT('',(34.72820345205,15.5,8.));
#7785 = HYPERBOLA('',#7786,15.714285714286,0.5);
#7786 = AXIS2_PLACEMENT_3D('',#7787,#7788,#7789);
#7787 = CARTESIAN_POINT('',(40.,15.5,174.42857142857));
#7788 = DIRECTION('',(0.,-1.,0.));
#7789 = DIRECTION('',(-0.,-0.,-1.));
#7790 = ORIENTED_EDGE('',*,*,#7791,.T.);
#7791 = EDGE_CURVE('',#7783,#7742,#7792,.T.);
#7792 = LINE('',#7793,#7794);
#7793 = CARTESIAN_POINT('',(55.,15.5,8.));
#7794 = VECTOR('',#7795,1.);
#7795 = DIRECTION('',(-1.,0.,0.));
#7796 = ORIENTED_EDGE('',*,*,#7750,.T.);
#7797 = PLANE('',#7798);
#7798 = AXIS2_PLACEMENT_3D('',#7799,#7800,#7801);
#7799 = CARTESIAN_POINT('',(55.,15.5,0.));
#7800 = DIRECTION('',(0.,-1.,0.));
#7801 = DIRECTION('',(-1.,0.,0.));
#7802 = ADVANCED_FACE('',(#7803),#7866,.T.);
#7803 = FACE_BOUND('',#7804,.T.);
#7804 = EDGE_LOOP('',(#7805,#7815,#7824,#7833,#7840,#7841,#7850,#7859));
#7805 = ORIENTED_EDGE('',*,*,#7806,.T.);
#7806 = EDGE_CURVE('',#7807,#7809,#7811,.T.);
#7807 = VERTEX_POINT('',#7808);
#7808 = CARTESIAN_POINT('',(45.55,16.,0.));
#7809 = VERTEX_POINT('',#7810);
#7810 = CARTESIAN_POINT('',(45.2,16.,11.));
#7811 = LINE('',#7812,#7813);
#7812 = CARTESIAN_POINT('',(45.55,16.,0.));
#7813 = VECTOR('',#7814,1.);
#7814 = DIRECTION('',(-3.180208772631E-02,7.789264988046E-18,
    0.999494185684));
#7815 = ORIENTED_EDGE('',*,*,#7816,.F.);
#7816 = EDGE_CURVE('',#7817,#7809,#7819,.T.);
#7817 = VERTEX_POINT('',#7818);
#7818 = CARTESIAN_POINT('',(37.8225,20.722128095467,11.));
#7819 = CIRCLE('',#7820,5.2);
#7820 = AXIS2_PLACEMENT_3D('',#7821,#7822,#7823);
#7821 = CARTESIAN_POINT('',(40.,16.,11.));
#7822 = DIRECTION('',(0.,0.,1.));
#7823 = DIRECTION('',(1.,0.,0.));
#7824 = ORIENTED_EDGE('',*,*,#7825,.T.);
#7825 = EDGE_CURVE('',#7817,#7826,#7828,.T.);
#7826 = VERTEX_POINT('',#7827);
#7827 = CARTESIAN_POINT('',(37.8225,21.104996939274,0.));
#7828 = HYPERBOLA('',#7829,68.435714285714,2.1775);
#7829 = AXIS2_PLACEMENT_3D('',#7830,#7831,#7832);
#7830 = CARTESIAN_POINT('',(37.8225,16.,174.42857142857));
#7831 = DIRECTION('',(1.,-0.,0.));
#7832 = DIRECTION('',(0.,0.,-1.));
#7833 = ORIENTED_EDGE('',*,*,#7834,.T.);
#7834 = EDGE_CURVE('',#7826,#7775,#7835,.T.);
#7835 = CIRCLE('',#7836,5.55);
#7836 = AXIS2_PLACEMENT_3D('',#7837,#7838,#7839);
#7837 = CARTESIAN_POINT('',(40.,16.,0.));
#7838 = DIRECTION('',(0.,0.,1.));
#7839 = DIRECTION('',(1.,0.,0.));
#7840 = ORIENTED_EDGE('',*,*,#7782,.T.);
#7841 = ORIENTED_EDGE('',*,*,#7842,.T.);
#7842 = EDGE_CURVE('',#7783,#7843,#7845,.T.);
#7843 = VERTEX_POINT('',#7844);
#7844 = CARTESIAN_POINT('',(45.27179654795,15.5,8.));
#7845 = CIRCLE('',#7846,5.295454545455);
#7846 = AXIS2_PLACEMENT_3D('',#7847,#7848,#7849);
#7847 = CARTESIAN_POINT('',(40.,16.,8.));
#7848 = DIRECTION('',(0.,0.,1.));
#7849 = DIRECTION('',(1.,0.,0.));
#7850 = ORIENTED_EDGE('',*,*,#7851,.T.);
#7851 = EDGE_CURVE('',#7843,#7852,#7854,.T.);
#7852 = VERTEX_POINT('',#7853);
#7853 = CARTESIAN_POINT('',(45.527431591617,15.5,0.));
#7854 = HYPERBOLA('',#7855,15.714285714286,0.5);
#7855 = AXIS2_PLACEMENT_3D('',#7856,#7857,#7858);
#7856 = CARTESIAN_POINT('',(40.,15.5,174.42857142857));
#7857 = DIRECTION('',(0.,-1.,0.));
#7858 = DIRECTION('',(-0.,-0.,-1.));
#7859 = ORIENTED_EDGE('',*,*,#7860,.T.);
#7860 = EDGE_CURVE('',#7852,#7807,#7861,.T.);
#7861 = CIRCLE('',#7862,5.55);
#7862 = AXIS2_PLACEMENT_3D('',#7863,#7864,#7865);
#7863 = CARTESIAN_POINT('',(40.,16.,0.));
#7864 = DIRECTION('',(0.,0.,1.));
#7865 = DIRECTION('',(1.,0.,0.));
#7866 = CONICAL_SURFACE('',#7867,5.55,3.180745079516E-02);
#7867 = AXIS2_PLACEMENT_3D('',#7868,#7869,#7870);
#7868 = CARTESIAN_POINT('',(40.,16.,0.));
#7869 = DIRECTION('',(-0.,-0.,-1.));
#7870 = DIRECTION('',(1.,0.,0.));
#7871 = ADVANCED_FACE('',(#7872),#7897,.F.);
#7872 = FACE_BOUND('',#7873,.F.);
#7873 = EDGE_LOOP('',(#7874,#7882,#7890,#7896));
#7874 = ORIENTED_EDGE('',*,*,#7875,.F.);
#7875 = EDGE_CURVE('',#7876,#7852,#7878,.T.);
#7876 = VERTEX_POINT('',#7877);
#7877 = CARTESIAN_POINT('',(55.,15.5,0.));
#7878 = LINE('',#7879,#7880);
#7879 = CARTESIAN_POINT('',(55.,15.5,0.));
#7880 = VECTOR('',#7881,1.);
#7881 = DIRECTION('',(-1.,0.,0.));
#7882 = ORIENTED_EDGE('',*,*,#7883,.T.);
#7883 = EDGE_CURVE('',#7876,#7884,#7886,.T.);
#7884 = VERTEX_POINT('',#7885);
#7885 = CARTESIAN_POINT('',(55.,15.5,8.));
#7886 = LINE('',#7887,#7888);
#7887 = CARTESIAN_POINT('',(55.,15.5,0.));
#7888 = VECTOR('',#7889,1.);
#7889 = DIRECTION('',(0.,0.,1.));
#7890 = ORIENTED_EDGE('',*,*,#7891,.T.);
#7891 = EDGE_CURVE('',#7884,#7843,#7892,.T.);
#7892 = LINE('',#7893,#7894);
#7893 = CARTESIAN_POINT('',(55.,15.5,8.));
#7894 = VECTOR('',#7895,1.);
#7895 = DIRECTION('',(-1.,0.,0.));
#7896 = ORIENTED_EDGE('',*,*,#7851,.T.);
#7897 = PLANE('',#7898);
#7898 = AXIS2_PLACEMENT_3D('',#7899,#7900,#7901);
#7899 = CARTESIAN_POINT('',(55.,15.5,0.));
#7900 = DIRECTION('',(0.,-1.,0.));
#7901 = DIRECTION('',(-1.,0.,0.));
#7902 = ADVANCED_FACE('',(#7903),#7919,.F.);
#7903 = FACE_BOUND('',#7904,.F.);
#7904 = EDGE_LOOP('',(#7905,#7906,#7912,#7913));
#7905 = ORIENTED_EDGE('',*,*,#7370,.T.);
#7906 = ORIENTED_EDGE('',*,*,#7907,.T.);
#7907 = EDGE_CURVE('',#7363,#7884,#7908,.T.);
#7908 = LINE('',#7909,#7910);
#7909 = CARTESIAN_POINT('',(58.,12.5,8.));
#7910 = VECTOR('',#7911,1.);
#7911 = DIRECTION('',(-0.707106781187,0.707106781187,0.));
#7912 = ORIENTED_EDGE('',*,*,#7883,.F.);
#7913 = ORIENTED_EDGE('',*,*,#7914,.F.);
#7914 = EDGE_CURVE('',#7371,#7876,#7915,.T.);
#7915 = LINE('',#7916,#7917);
#7916 = CARTESIAN_POINT('',(58.,12.5,0.));
#7917 = VECTOR('',#7918,1.);
#7918 = DIRECTION('',(-0.707106781187,0.707106781187,0.));
#7919 = PLANE('',#7920);
#7920 = AXIS2_PLACEMENT_3D('',#7921,#7922,#7923);
#7921 = CARTESIAN_POINT('',(58.,12.5,0.));
#7922 = DIRECTION('',(-0.707106781187,-0.707106781187,0.));
#7923 = DIRECTION('',(-0.707106781187,0.707106781187,0.));
#7924 = ADVANCED_FACE('',(#7925),#7950,.F.);
#7925 = FACE_BOUND('',#7926,.F.);
#7926 = EDGE_LOOP('',(#7927,#7937,#7943,#7944));
#7927 = ORIENTED_EDGE('',*,*,#7928,.T.);
#7928 = EDGE_CURVE('',#7929,#7931,#7933,.T.);
#7929 = VERTEX_POINT('',#7930);
#7930 = CARTESIAN_POINT('',(-58.,10.5,0.));
#7931 = VERTEX_POINT('',#7932);
#7932 = CARTESIAN_POINT('',(-58.,10.5,8.));
#7933 = LINE('',#7934,#7935);
#7934 = CARTESIAN_POINT('',(-58.,10.5,0.));
#7935 = VECTOR('',#7936,1.);
#7936 = DIRECTION('',(0.,0.,1.));
#7937 = ORIENTED_EDGE('',*,*,#7938,.T.);
#7938 = EDGE_CURVE('',#7931,#7308,#7939,.T.);
#7939 = LINE('',#7940,#7941);
#7940 = CARTESIAN_POINT('',(-58.,10.5,8.));
#7941 = VECTOR('',#7942,1.);
#7942 = DIRECTION('',(0.707106781187,-0.707106781187,0.));
#7943 = ORIENTED_EDGE('',*,*,#7307,.F.);
#7944 = ORIENTED_EDGE('',*,*,#7945,.F.);
#7945 = EDGE_CURVE('',#7929,#7300,#7946,.T.);
#7946 = LINE('',#7947,#7948);
#7947 = CARTESIAN_POINT('',(-58.,10.5,0.));
#7948 = VECTOR('',#7949,1.);
#7949 = DIRECTION('',(0.707106781187,-0.707106781187,0.));
#7950 = PLANE('',#7951);
#7951 = AXIS2_PLACEMENT_3D('',#7952,#7953,#7954);
#7952 = CARTESIAN_POINT('',(-58.,10.5,0.));
#7953 = DIRECTION('',(0.707106781187,0.707106781187,0.));
#7954 = DIRECTION('',(0.707106781187,-0.707106781187,0.));
#7955 = ADVANCED_FACE('',(#7956),#7981,.F.);
#7956 = FACE_BOUND('',#7957,.F.);
#7957 = EDGE_LOOP('',(#7958,#7968,#7974,#7975));
#7958 = ORIENTED_EDGE('',*,*,#7959,.T.);
#7959 = EDGE_CURVE('',#7960,#7962,#7964,.T.);
#7960 = VERTEX_POINT('',#7961);
#7961 = CARTESIAN_POINT('',(-58.,12.5,0.));
#7962 = VERTEX_POINT('',#7963);
#7963 = CARTESIAN_POINT('',(-58.,12.5,8.));
#7964 = LINE('',#7965,#7966);
#7965 = CARTESIAN_POINT('',(-58.,12.5,0.));
#7966 = VECTOR('',#7967,1.);
#7967 = DIRECTION('',(0.,0.,1.));
#7968 = ORIENTED_EDGE('',*,*,#7969,.T.);
#7969 = EDGE_CURVE('',#7962,#7931,#7970,.T.);
#7970 = LINE('',#7971,#7972);
#7971 = CARTESIAN_POINT('',(-58.,12.5,8.));
#7972 = VECTOR('',#7973,1.);
#7973 = DIRECTION('',(0.,-1.,0.));
#7974 = ORIENTED_EDGE('',*,*,#7928,.F.);
#7975 = ORIENTED_EDGE('',*,*,#7976,.F.);
#7976 = EDGE_CURVE('',#7960,#7929,#7977,.T.);
#7977 = LINE('',#7978,#7979);
#7978 = CARTESIAN_POINT('',(-58.,12.5,0.));
#7979 = VECTOR('',#7980,1.);
#7980 = DIRECTION('',(0.,-1.,0.));
#7981 = PLANE('',#7982);
#7982 = AXIS2_PLACEMENT_3D('',#7983,#7984,#7985);
#7983 = CARTESIAN_POINT('',(-58.,12.5,0.));
#7984 = DIRECTION('',(1.,0.,0.));
#7985 = DIRECTION('',(0.,-1.,0.));
#7986 = ADVANCED_FACE('',(#7987),#8012,.F.);
#7987 = FACE_BOUND('',#7988,.F.);
#7988 = EDGE_LOOP('',(#7989,#7999,#8005,#8006));
#7989 = ORIENTED_EDGE('',*,*,#7990,.T.);
#7990 = EDGE_CURVE('',#7991,#7993,#7995,.T.);
#7991 = VERTEX_POINT('',#7992);
#7992 = CARTESIAN_POINT('',(-55.,15.5,0.));
#7993 = VERTEX_POINT('',#7994);
#7994 = CARTESIAN_POINT('',(-55.,15.5,8.));
#7995 = LINE('',#7996,#7997);
#7996 = CARTESIAN_POINT('',(-55.,15.5,0.));
#7997 = VECTOR('',#7998,1.);
#7998 = DIRECTION('',(0.,0.,1.));
#7999 = ORIENTED_EDGE('',*,*,#8000,.T.);
#8000 = EDGE_CURVE('',#7993,#7962,#8001,.T.);
#8001 = LINE('',#8002,#8003);
#8002 = CARTESIAN_POINT('',(-55.,15.5,8.));
#8003 = VECTOR('',#8004,1.);
#8004 = DIRECTION('',(-0.707106781187,-0.707106781187,0.));
#8005 = ORIENTED_EDGE('',*,*,#7959,.F.);
#8006 = ORIENTED_EDGE('',*,*,#8007,.F.);
#8007 = EDGE_CURVE('',#7991,#7960,#8008,.T.);
#8008 = LINE('',#8009,#8010);
#8009 = CARTESIAN_POINT('',(-55.,15.5,0.));
#8010 = VECTOR('',#8011,1.);
#8011 = DIRECTION('',(-0.707106781187,-0.707106781187,0.));
#8012 = PLANE('',#8013);
#8013 = AXIS2_PLACEMENT_3D('',#8014,#8015,#8016);
#8014 = CARTESIAN_POINT('',(-55.,15.5,0.));
#8015 = DIRECTION('',(0.707106781187,-0.707106781187,0.));
#8016 = DIRECTION('',(-0.707106781187,-0.707106781187,0.));
#8017 = ADVANCED_FACE('',(#8018),#8034,.F.);
#8018 = FACE_BOUND('',#8019,.F.);
#8019 = EDGE_LOOP('',(#8020,#8026,#8027,#8033));
#8020 = ORIENTED_EDGE('',*,*,#8021,.F.);
#8021 = EDGE_CURVE('',#7421,#7991,#8022,.T.);
#8022 = LINE('',#8023,#8024);
#8023 = CARTESIAN_POINT('',(55.,15.5,0.));
#8024 = VECTOR('',#8025,1.);
#8025 = DIRECTION('',(-1.,0.,0.));
#8026 = ORIENTED_EDGE('',*,*,#7429,.T.);
#8027 = ORIENTED_EDGE('',*,*,#8028,.T.);
#8028 = EDGE_CURVE('',#7430,#7993,#8029,.T.);
#8029 = LINE('',#8030,#8031);
#8030 = CARTESIAN_POINT('',(55.,15.5,8.));
#8031 = VECTOR('',#8032,1.);
#8032 = DIRECTION('',(-1.,0.,0.));
#8033 = ORIENTED_EDGE('',*,*,#7990,.F.);
#8034 = PLANE('',#8035);
#8035 = AXIS2_PLACEMENT_3D('',#8036,#8037,#8038);
#8036 = CARTESIAN_POINT('',(55.,15.5,0.));
#8037 = DIRECTION('',(0.,-1.,0.));
#8038 = DIRECTION('',(-1.,0.,0.));
#8039 = ADVANCED_FACE('',(#8040),#8068,.T.);
#8040 = FACE_BOUND('',#8041,.T.);
#8041 = EDGE_LOOP('',(#8042,#8051,#8052,#8061));
#8042 = ORIENTED_EDGE('',*,*,#8043,.F.);
#8043 = EDGE_CURVE('',#7395,#8044,#8046,.T.);
#8044 = VERTEX_POINT('',#8045);
#8045 = CARTESIAN_POINT('',(-37.8225,20.722128095467,11.));
#8046 = CIRCLE('',#8047,5.2);
#8047 = AXIS2_PLACEMENT_3D('',#8048,#8049,#8050);
#8048 = CARTESIAN_POINT('',(-40.,16.,11.));
#8049 = DIRECTION('',(0.,0.,1.));
#8050 = DIRECTION('',(1.,0.,0.));
#8051 = ORIENTED_EDGE('',*,*,#7392,.F.);
#8052 = ORIENTED_EDGE('',*,*,#8053,.T.);
#8053 = EDGE_CURVE('',#7393,#8054,#8056,.T.);
#8054 = VERTEX_POINT('',#8055);
#8055 = CARTESIAN_POINT('',(-37.8225,21.104996939274,0.));
#8056 = CIRCLE('',#8057,5.55);
#8057 = AXIS2_PLACEMENT_3D('',#8058,#8059,#8060);
#8058 = CARTESIAN_POINT('',(-40.,16.,0.));
#8059 = DIRECTION('',(0.,0.,1.));
#8060 = DIRECTION('',(1.,0.,0.));
#8061 = ORIENTED_EDGE('',*,*,#8062,.F.);
#8062 = EDGE_CURVE('',#8044,#8054,#8063,.T.);
#8063 = HYPERBOLA('',#8064,68.435714285714,2.1775);
#8064 = AXIS2_PLACEMENT_3D('',#8065,#8066,#8067);
#8065 = CARTESIAN_POINT('',(-37.8225,16.,174.42857142857));
#8066 = DIRECTION('',(1.,-0.,0.));
#8067 = DIRECTION('',(0.,0.,-1.));
#8068 = CONICAL_SURFACE('',#8069,5.55,3.180745079516E-02);
#8069 = AXIS2_PLACEMENT_3D('',#8070,#8071,#8072);
#8070 = CARTESIAN_POINT('',(-40.,16.,0.));
#8071 = DIRECTION('',(-0.,-0.,-1.));
#8072 = DIRECTION('',(1.,0.,0.));
#8073 = ADVANCED_FACE('',(#8074),#8099,.T.);
#8074 = FACE_BOUND('',#8075,.T.);
#8075 = EDGE_LOOP('',(#8076,#8086,#8092,#8093));
#8076 = ORIENTED_EDGE('',*,*,#8077,.F.);
#8077 = EDGE_CURVE('',#8078,#8080,#8082,.T.);
#8078 = VERTEX_POINT('',#8079);
#8079 = CARTESIAN_POINT('',(-42.1775,18.27617963922,0.));
#8080 = VERTEX_POINT('',#8081);
#8081 = CARTESIAN_POINT('',(-42.1775,18.27617963922,11.));
#8082 = LINE('',#8083,#8084);
#8083 = CARTESIAN_POINT('',(-42.1775,18.27617963922,-1.));
#8084 = VECTOR('',#8085,1.);
#8085 = DIRECTION('',(0.,0.,1.));
#8086 = ORIENTED_EDGE('',*,*,#8087,.T.);
#8087 = EDGE_CURVE('',#8078,#7412,#8088,.T.);
#8088 = LINE('',#8089,#8090);
#8089 = CARTESIAN_POINT('',(-42.1775,16.,0.));
#8090 = VECTOR('',#8091,1.);
#8091 = DIRECTION('',(0.,1.,0.));
#8092 = ORIENTED_EDGE('',*,*,#7411,.F.);
#8093 = ORIENTED_EDGE('',*,*,#8094,.F.);
#8094 = EDGE_CURVE('',#8080,#7403,#8095,.T.);
#8095 = LINE('',#8096,#8097);
#8096 = CARTESIAN_POINT('',(-42.1775,16.,11.));
#8097 = VECTOR('',#8098,1.);
#8098 = DIRECTION('',(0.,1.,0.));
#8099 = PLANE('',#8100);
#8100 = AXIS2_PLACEMENT_3D('',#8101,#8102,#8103);
#8101 = CARTESIAN_POINT('',(-42.1775,16.,-1.));
#8102 = DIRECTION('',(1.,0.,0.));
#8103 = DIRECTION('',(0.,0.,1.));
#8104 = ADVANCED_FACE('',(#8105),#8134,.T.);
#8105 = FACE_BOUND('',#8106,.T.);
#8106 = EDGE_LOOP('',(#8107,#8108,#8109,#8117,#8126,#8133));
#8107 = ORIENTED_EDGE('',*,*,#7402,.T.);
#8108 = ORIENTED_EDGE('',*,*,#8043,.T.);
#8109 = ORIENTED_EDGE('',*,*,#8110,.F.);
#8110 = EDGE_CURVE('',#8111,#8044,#8113,.T.);
#8111 = VERTEX_POINT('',#8112);
#8112 = CARTESIAN_POINT('',(-37.8225,18.27617963922,11.));
#8113 = LINE('',#8114,#8115);
#8114 = CARTESIAN_POINT('',(-37.8225,16.,11.));
#8115 = VECTOR('',#8116,1.);
#8116 = DIRECTION('',(0.,1.,0.));
#8117 = ORIENTED_EDGE('',*,*,#8118,.F.);
#8118 = EDGE_CURVE('',#8119,#8111,#8121,.T.);
#8119 = VERTEX_POINT('',#8120);
#8120 = CARTESIAN_POINT('',(-36.85,16.,11.));
#8121 = CIRCLE('',#8122,3.15);
#8122 = AXIS2_PLACEMENT_3D('',#8123,#8124,#8125);
#8123 = CARTESIAN_POINT('',(-40.,16.,11.));
#8124 = DIRECTION('',(0.,0.,1.));
#8125 = DIRECTION('',(1.,0.,0.));
#8126 = ORIENTED_EDGE('',*,*,#8127,.F.);
#8127 = EDGE_CURVE('',#8080,#8119,#8128,.T.);
#8128 = CIRCLE('',#8129,3.15);
#8129 = AXIS2_PLACEMENT_3D('',#8130,#8131,#8132);
#8130 = CARTESIAN_POINT('',(-40.,16.,11.));
#8131 = DIRECTION('',(0.,0.,1.));
#8132 = DIRECTION('',(1.,0.,0.));
#8133 = ORIENTED_EDGE('',*,*,#8094,.T.);
#8134 = PLANE('',#8135);
#8135 = AXIS2_PLACEMENT_3D('',#8136,#8137,#8138);
#8136 = CARTESIAN_POINT('',(-40.,16.,11.));
#8137 = DIRECTION('',(0.,0.,1.));
#8138 = DIRECTION('',(1.,0.,0.));
#8139 = ADVANCED_FACE('',(#8140),#8168,.T.);
#8140 = FACE_BOUND('',#8141,.T.);
#8141 = EDGE_LOOP('',(#8142,#8151,#8152,#8161));
#8142 = ORIENTED_EDGE('',*,*,#8143,.F.);
#8143 = EDGE_CURVE('',#7506,#8144,#8146,.T.);
#8144 = VERTEX_POINT('',#8145);
#8145 = CARTESIAN_POINT('',(-17.8225,24.722128095467,11.));
#8146 = CIRCLE('',#8147,5.2);
#8147 = AXIS2_PLACEMENT_3D('',#8148,#8149,#8150);
#8148 = CARTESIAN_POINT('',(-20.,20.,11.));
#8149 = DIRECTION('',(0.,0.,1.));
#8150 = DIRECTION('',(1.,0.,0.));
#8151 = ORIENTED_EDGE('',*,*,#7503,.F.);
#8152 = ORIENTED_EDGE('',*,*,#8153,.T.);
#8153 = EDGE_CURVE('',#7504,#8154,#8156,.T.);
#8154 = VERTEX_POINT('',#8155);
#8155 = CARTESIAN_POINT('',(-17.8225,25.104996939274,0.));
#8156 = CIRCLE('',#8157,5.55);
#8157 = AXIS2_PLACEMENT_3D('',#8158,#8159,#8160);
#8158 = CARTESIAN_POINT('',(-20.,20.,0.));
#8159 = DIRECTION('',(0.,0.,1.));
#8160 = DIRECTION('',(1.,0.,0.));
#8161 = ORIENTED_EDGE('',*,*,#8162,.F.);
#8162 = EDGE_CURVE('',#8144,#8154,#8163,.T.);
#8163 = HYPERBOLA('',#8164,68.435714285714,2.1775);
#8164 = AXIS2_PLACEMENT_3D('',#8165,#8166,#8167);
#8165 = CARTESIAN_POINT('',(-17.8225,20.,174.42857142857));
#8166 = DIRECTION('',(1.,-0.,0.));
#8167 = DIRECTION('',(0.,0.,-1.));
#8168 = CONICAL_SURFACE('',#8169,5.55,3.180745079516E-02);
#8169 = AXIS2_PLACEMENT_3D('',#8170,#8171,#8172);
#8170 = CARTESIAN_POINT('',(-20.,20.,0.));
#8171 = DIRECTION('',(-0.,-0.,-1.));
#8172 = DIRECTION('',(1.,0.,0.));
#8173 = ADVANCED_FACE('',(#8174),#8199,.T.);
#8174 = FACE_BOUND('',#8175,.T.);
#8175 = EDGE_LOOP('',(#8176,#8186,#8192,#8193));
#8176 = ORIENTED_EDGE('',*,*,#8177,.F.);
#8177 = EDGE_CURVE('',#8178,#8180,#8182,.T.);
#8178 = VERTEX_POINT('',#8179);
#8179 = CARTESIAN_POINT('',(-22.1775,22.27617963922,0.));
#8180 = VERTEX_POINT('',#8181);
#8181 = CARTESIAN_POINT('',(-22.1775,22.27617963922,11.));
#8182 = LINE('',#8183,#8184);
#8183 = CARTESIAN_POINT('',(-22.1775,22.27617963922,-1.));
#8184 = VECTOR('',#8185,1.);
#8185 = DIRECTION('',(0.,0.,1.));
#8186 = ORIENTED_EDGE('',*,*,#8187,.T.);
#8187 = EDGE_CURVE('',#8178,#7523,#8188,.T.);
#8188 = LINE('',#8189,#8190);
#8189 = CARTESIAN_POINT('',(-22.1775,20.,0.));
#8190 = VECTOR('',#8191,1.);
#8191 = DIRECTION('',(0.,1.,0.));
#8192 = ORIENTED_EDGE('',*,*,#7522,.F.);
#8193 = ORIENTED_EDGE('',*,*,#8194,.F.);
#8194 = EDGE_CURVE('',#8180,#7514,#8195,.T.);
#8195 = LINE('',#8196,#8197);
#8196 = CARTESIAN_POINT('',(-22.1775,20.,11.));
#8197 = VECTOR('',#8198,1.);
#8198 = DIRECTION('',(0.,1.,0.));
#8199 = PLANE('',#8200);
#8200 = AXIS2_PLACEMENT_3D('',#8201,#8202,#8203);
#8201 = CARTESIAN_POINT('',(-22.1775,20.,-1.));
#8202 = DIRECTION('',(1.,0.,0.));
#8203 = DIRECTION('',(0.,0.,1.));
#8204 = ADVANCED_FACE('',(#8205),#8234,.T.);
#8205 = FACE_BOUND('',#8206,.T.);
#8206 = EDGE_LOOP('',(#8207,#8208,#8209,#8217,#8226,#8233));
#8207 = ORIENTED_EDGE('',*,*,#7513,.T.);
#8208 = ORIENTED_EDGE('',*,*,#8143,.T.);
#8209 = ORIENTED_EDGE('',*,*,#8210,.F.);
#8210 = EDGE_CURVE('',#8211,#8144,#8213,.T.);
#8211 = VERTEX_POINT('',#8212);
#8212 = CARTESIAN_POINT('',(-17.8225,22.27617963922,11.));
#8213 = LINE('',#8214,#8215);
#8214 = CARTESIAN_POINT('',(-17.8225,20.,11.));
#8215 = VECTOR('',#8216,1.);
#8216 = DIRECTION('',(0.,1.,0.));
#8217 = ORIENTED_EDGE('',*,*,#8218,.F.);
#8218 = EDGE_CURVE('',#8219,#8211,#8221,.T.);
#8219 = VERTEX_POINT('',#8220);
#8220 = CARTESIAN_POINT('',(-16.85,20.,11.));
#8221 = CIRCLE('',#8222,3.15);
#8222 = AXIS2_PLACEMENT_3D('',#8223,#8224,#8225);
#8223 = CARTESIAN_POINT('',(-20.,20.,11.));
#8224 = DIRECTION('',(0.,0.,1.));
#8225 = DIRECTION('',(1.,0.,0.));
#8226 = ORIENTED_EDGE('',*,*,#8227,.F.);
#8227 = EDGE_CURVE('',#8180,#8219,#8228,.T.);
#8228 = CIRCLE('',#8229,3.15);
#8229 = AXIS2_PLACEMENT_3D('',#8230,#8231,#8232);
#8230 = CARTESIAN_POINT('',(-20.,20.,11.));
#8231 = DIRECTION('',(0.,0.,1.));
#8232 = DIRECTION('',(1.,0.,0.));
#8233 = ORIENTED_EDGE('',*,*,#8194,.T.);
#8234 = PLANE('',#8235);
#8235 = AXIS2_PLACEMENT_3D('',#8236,#8237,#8238);
#8236 = CARTESIAN_POINT('',(-20.,20.,11.));
#8237 = DIRECTION('',(0.,0.,1.));
#8238 = DIRECTION('',(1.,0.,0.));
#8239 = ADVANCED_FACE('',(#8240),#8268,.T.);
#8240 = FACE_BOUND('',#8241,.T.);
#8241 = EDGE_LOOP('',(#8242,#8251,#8252,#8261));
#8242 = ORIENTED_EDGE('',*,*,#8243,.F.);
#8243 = EDGE_CURVE('',#7607,#8244,#8246,.T.);
#8244 = VERTEX_POINT('',#8245);
#8245 = CARTESIAN_POINT('',(2.1775,20.722128095467,11.));
#8246 = CIRCLE('',#8247,5.2);
#8247 = AXIS2_PLACEMENT_3D('',#8248,#8249,#8250);
#8248 = CARTESIAN_POINT('',(0.,16.,11.));
#8249 = DIRECTION('',(0.,0.,1.));
#8250 = DIRECTION('',(1.,0.,0.));
#8251 = ORIENTED_EDGE('',*,*,#7604,.F.);
#8252 = ORIENTED_EDGE('',*,*,#8253,.T.);
#8253 = EDGE_CURVE('',#7605,#8254,#8256,.T.);
#8254 = VERTEX_POINT('',#8255);
#8255 = CARTESIAN_POINT('',(2.1775,21.104996939274,0.));
#8256 = CIRCLE('',#8257,5.55);
#8257 = AXIS2_PLACEMENT_3D('',#8258,#8259,#8260);
#8258 = CARTESIAN_POINT('',(0.,16.,0.));
#8259 = DIRECTION('',(0.,0.,1.));
#8260 = DIRECTION('',(1.,0.,0.));
#8261 = ORIENTED_EDGE('',*,*,#8262,.F.);
#8262 = EDGE_CURVE('',#8244,#8254,#8263,.T.);
#8263 = HYPERBOLA('',#8264,68.435714285714,2.1775);
#8264 = AXIS2_PLACEMENT_3D('',#8265,#8266,#8267);
#8265 = CARTESIAN_POINT('',(2.1775,16.,174.42857142857));
#8266 = DIRECTION('',(1.,-0.,0.));
#8267 = DIRECTION('',(0.,0.,-1.));
#8268 = CONICAL_SURFACE('',#8269,5.55,3.180745079516E-02);
#8269 = AXIS2_PLACEMENT_3D('',#8270,#8271,#8272);
#8270 = CARTESIAN_POINT('',(0.,16.,0.));
#8271 = DIRECTION('',(-0.,-0.,-1.));
#8272 = DIRECTION('',(1.,0.,0.));
#8273 = ADVANCED_FACE('',(#8274),#8299,.T.);
#8274 = FACE_BOUND('',#8275,.T.);
#8275 = EDGE_LOOP('',(#8276,#8286,#8292,#8293));
#8276 = ORIENTED_EDGE('',*,*,#8277,.F.);
#8277 = EDGE_CURVE('',#8278,#8280,#8282,.T.);
#8278 = VERTEX_POINT('',#8279);
#8279 = CARTESIAN_POINT('',(-2.1775,18.27617963922,0.));
#8280 = VERTEX_POINT('',#8281);
#8281 = CARTESIAN_POINT('',(-2.1775,18.27617963922,11.));
#8282 = LINE('',#8283,#8284);
#8283 = CARTESIAN_POINT('',(-2.1775,18.27617963922,-1.));
#8284 = VECTOR('',#8285,1.);
#8285 = DIRECTION('',(0.,0.,1.));
#8286 = ORIENTED_EDGE('',*,*,#8287,.T.);
#8287 = EDGE_CURVE('',#8278,#7624,#8288,.T.);
#8288 = LINE('',#8289,#8290);
#8289 = CARTESIAN_POINT('',(-2.1775,16.,0.));
#8290 = VECTOR('',#8291,1.);
#8291 = DIRECTION('',(0.,1.,0.));
#8292 = ORIENTED_EDGE('',*,*,#7623,.F.);
#8293 = ORIENTED_EDGE('',*,*,#8294,.F.);
#8294 = EDGE_CURVE('',#8280,#7615,#8295,.T.);
#8295 = LINE('',#8296,#8297);
#8296 = CARTESIAN_POINT('',(-2.1775,16.,11.));
#8297 = VECTOR('',#8298,1.);
#8298 = DIRECTION('',(0.,1.,0.));
#8299 = PLANE('',#8300);
#8300 = AXIS2_PLACEMENT_3D('',#8301,#8302,#8303);
#8301 = CARTESIAN_POINT('',(-2.1775,16.,-1.));
#8302 = DIRECTION('',(1.,0.,0.));
#8303 = DIRECTION('',(0.,0.,1.));
#8304 = ADVANCED_FACE('',(#8305),#8334,.T.);
#8305 = FACE_BOUND('',#8306,.T.);
#8306 = EDGE_LOOP('',(#8307,#8308,#8309,#8317,#8326,#8333));
#8307 = ORIENTED_EDGE('',*,*,#7614,.T.);
#8308 = ORIENTED_EDGE('',*,*,#8243,.T.);
#8309 = ORIENTED_EDGE('',*,*,#8310,.F.);
#8310 = EDGE_CURVE('',#8311,#8244,#8313,.T.);
#8311 = VERTEX_POINT('',#8312);
#8312 = CARTESIAN_POINT('',(2.1775,18.27617963922,11.));
#8313 = LINE('',#8314,#8315);
#8314 = CARTESIAN_POINT('',(2.1775,16.,11.));
#8315 = VECTOR('',#8316,1.);
#8316 = DIRECTION('',(0.,1.,0.));
#8317 = ORIENTED_EDGE('',*,*,#8318,.F.);
#8318 = EDGE_CURVE('',#8319,#8311,#8321,.T.);
#8319 = VERTEX_POINT('',#8320);
#8320 = CARTESIAN_POINT('',(3.15,16.,11.));
#8321 = CIRCLE('',#8322,3.15);
#8322 = AXIS2_PLACEMENT_3D('',#8323,#8324,#8325);
#8323 = CARTESIAN_POINT('',(0.,16.,11.));
#8324 = DIRECTION('',(0.,0.,1.));
#8325 = DIRECTION('',(1.,0.,0.));
#8326 = ORIENTED_EDGE('',*,*,#8327,.F.);
#8327 = EDGE_CURVE('',#8280,#8319,#8328,.T.);
#8328 = CIRCLE('',#8329,3.15);
#8329 = AXIS2_PLACEMENT_3D('',#8330,#8331,#8332);
#8330 = CARTESIAN_POINT('',(0.,16.,11.));
#8331 = DIRECTION('',(0.,0.,1.));
#8332 = DIRECTION('',(1.,0.,0.));
#8333 = ORIENTED_EDGE('',*,*,#8294,.T.);
#8334 = PLANE('',#8335);
#8335 = AXIS2_PLACEMENT_3D('',#8336,#8337,#8338);
#8336 = CARTESIAN_POINT('',(0.,16.,11.));
#8337 = DIRECTION('',(0.,0.,1.));
#8338 = DIRECTION('',(1.,0.,0.));
#8339 = ADVANCED_FACE('',(#8340),#8368,.T.);
#8340 = FACE_BOUND('',#8341,.T.);
#8341 = EDGE_LOOP('',(#8342,#8351,#8352,#8361));
#8342 = ORIENTED_EDGE('',*,*,#8343,.F.);
#8343 = EDGE_CURVE('',#7708,#8344,#8346,.T.);
#8344 = VERTEX_POINT('',#8345);
#8345 = CARTESIAN_POINT('',(22.1775,24.722128095467,11.));
#8346 = CIRCLE('',#8347,5.2);
#8347 = AXIS2_PLACEMENT_3D('',#8348,#8349,#8350);
#8348 = CARTESIAN_POINT('',(20.,20.,11.));
#8349 = DIRECTION('',(0.,0.,1.));
#8350 = DIRECTION('',(1.,0.,0.));
#8351 = ORIENTED_EDGE('',*,*,#7705,.F.);
#8352 = ORIENTED_EDGE('',*,*,#8353,.T.);
#8353 = EDGE_CURVE('',#7706,#8354,#8356,.T.);
#8354 = VERTEX_POINT('',#8355);
#8355 = CARTESIAN_POINT('',(22.1775,25.104996939274,0.));
#8356 = CIRCLE('',#8357,5.55);
#8357 = AXIS2_PLACEMENT_3D('',#8358,#8359,#8360);
#8358 = CARTESIAN_POINT('',(20.,20.,0.));
#8359 = DIRECTION('',(0.,0.,1.));
#8360 = DIRECTION('',(1.,0.,0.));
#8361 = ORIENTED_EDGE('',*,*,#8362,.F.);
#8362 = EDGE_CURVE('',#8344,#8354,#8363,.T.);
#8363 = HYPERBOLA('',#8364,68.435714285714,2.1775);
#8364 = AXIS2_PLACEMENT_3D('',#8365,#8366,#8367);
#8365 = CARTESIAN_POINT('',(22.1775,20.,174.42857142857));
#8366 = DIRECTION('',(1.,-0.,0.));
#8367 = DIRECTION('',(0.,0.,-1.));
#8368 = CONICAL_SURFACE('',#8369,5.55,3.180745079516E-02);
#8369 = AXIS2_PLACEMENT_3D('',#8370,#8371,#8372);
#8370 = CARTESIAN_POINT('',(20.,20.,0.));
#8371 = DIRECTION('',(-0.,-0.,-1.));
#8372 = DIRECTION('',(1.,0.,0.));
#8373 = ADVANCED_FACE('',(#8374),#8399,.T.);
#8374 = FACE_BOUND('',#8375,.T.);
#8375 = EDGE_LOOP('',(#8376,#8386,#8392,#8393));
#8376 = ORIENTED_EDGE('',*,*,#8377,.F.);
#8377 = EDGE_CURVE('',#8378,#8380,#8382,.T.);
#8378 = VERTEX_POINT('',#8379);
#8379 = CARTESIAN_POINT('',(17.8225,22.27617963922,0.));
#8380 = VERTEX_POINT('',#8381);
#8381 = CARTESIAN_POINT('',(17.8225,22.27617963922,11.));
#8382 = LINE('',#8383,#8384);
#8383 = CARTESIAN_POINT('',(17.8225,22.27617963922,-1.));
#8384 = VECTOR('',#8385,1.);
#8385 = DIRECTION('',(0.,0.,1.));
#8386 = ORIENTED_EDGE('',*,*,#8387,.T.);
#8387 = EDGE_CURVE('',#8378,#7725,#8388,.T.);
#8388 = LINE('',#8389,#8390);
#8389 = CARTESIAN_POINT('',(17.8225,20.,0.));
#8390 = VECTOR('',#8391,1.);
#8391 = DIRECTION('',(0.,1.,0.));
#8392 = ORIENTED_EDGE('',*,*,#7724,.F.);
#8393 = ORIENTED_EDGE('',*,*,#8394,.F.);
#8394 = EDGE_CURVE('',#8380,#7716,#8395,.T.);
#8395 = LINE('',#8396,#8397);
#8396 = CARTESIAN_POINT('',(17.8225,20.,11.));
#8397 = VECTOR('',#8398,1.);
#8398 = DIRECTION('',(0.,1.,0.));
#8399 = PLANE('',#8400);
#8400 = AXIS2_PLACEMENT_3D('',#8401,#8402,#8403);
#8401 = CARTESIAN_POINT('',(17.8225,20.,-1.));
#8402 = DIRECTION('',(1.,0.,0.));
#8403 = DIRECTION('',(0.,0.,1.));
#8404 = ADVANCED_FACE('',(#8405),#8434,.T.);
#8405 = FACE_BOUND('',#8406,.T.);
#8406 = EDGE_LOOP('',(#8407,#8408,#8409,#8417,#8426,#8433));
#8407 = ORIENTED_EDGE('',*,*,#7715,.T.);
#8408 = ORIENTED_EDGE('',*,*,#8343,.T.);
#8409 = ORIENTED_EDGE('',*,*,#8410,.F.);
#8410 = EDGE_CURVE('',#8411,#8344,#8413,.T.);
#8411 = VERTEX_POINT('',#8412);
#8412 = CARTESIAN_POINT('',(22.1775,22.27617963922,11.));
#8413 = LINE('',#8414,#8415);
#8414 = CARTESIAN_POINT('',(22.1775,20.,11.));
#8415 = VECTOR('',#8416,1.);
#8416 = DIRECTION('',(0.,1.,0.));
#8417 = ORIENTED_EDGE('',*,*,#8418,.F.);
#8418 = EDGE_CURVE('',#8419,#8411,#8421,.T.);
#8419 = VERTEX_POINT('',#8420);
#8420 = CARTESIAN_POINT('',(23.15,20.,11.));
#8421 = CIRCLE('',#8422,3.15);
#8422 = AXIS2_PLACEMENT_3D('',#8423,#8424,#8425);
#8423 = CARTESIAN_POINT('',(20.,20.,11.));
#8424 = DIRECTION('',(0.,0.,1.));
#8425 = DIRECTION('',(1.,0.,0.));
#8426 = ORIENTED_EDGE('',*,*,#8427,.F.);
#8427 = EDGE_CURVE('',#8380,#8419,#8428,.T.);
#8428 = CIRCLE('',#8429,3.15);
#8429 = AXIS2_PLACEMENT_3D('',#8430,#8431,#8432);
#8430 = CARTESIAN_POINT('',(20.,20.,11.));
#8431 = DIRECTION('',(0.,0.,1.));
#8432 = DIRECTION('',(1.,0.,0.));
#8433 = ORIENTED_EDGE('',*,*,#8394,.T.);
#8434 = PLANE('',#8435);
#8435 = AXIS2_PLACEMENT_3D('',#8436,#8437,#8438);
#8436 = CARTESIAN_POINT('',(20.,20.,11.));
#8437 = DIRECTION('',(0.,0.,1.));
#8438 = DIRECTION('',(1.,0.,0.));
#8439 = ADVANCED_FACE('',(#8440),#8468,.T.);
#8440 = FACE_BOUND('',#8441,.T.);
#8441 = EDGE_LOOP('',(#8442,#8451,#8452,#8461));
#8442 = ORIENTED_EDGE('',*,*,#8443,.F.);
#8443 = EDGE_CURVE('',#7809,#8444,#8446,.T.);
#8444 = VERTEX_POINT('',#8445);
#8445 = CARTESIAN_POINT('',(42.1775,20.722128095467,11.));
#8446 = CIRCLE('',#8447,5.2);
#8447 = AXIS2_PLACEMENT_3D('',#8448,#8449,#8450);
#8448 = CARTESIAN_POINT('',(40.,16.,11.));
#8449 = DIRECTION('',(0.,0.,1.));
#8450 = DIRECTION('',(1.,0.,0.));
#8451 = ORIENTED_EDGE('',*,*,#7806,.F.);
#8452 = ORIENTED_EDGE('',*,*,#8453,.T.);
#8453 = EDGE_CURVE('',#7807,#8454,#8456,.T.);
#8454 = VERTEX_POINT('',#8455);
#8455 = CARTESIAN_POINT('',(42.1775,21.104996939274,0.));
#8456 = CIRCLE('',#8457,5.55);
#8457 = AXIS2_PLACEMENT_3D('',#8458,#8459,#8460);
#8458 = CARTESIAN_POINT('',(40.,16.,0.));
#8459 = DIRECTION('',(0.,0.,1.));
#8460 = DIRECTION('',(1.,0.,0.));
#8461 = ORIENTED_EDGE('',*,*,#8462,.F.);
#8462 = EDGE_CURVE('',#8444,#8454,#8463,.T.);
#8463 = HYPERBOLA('',#8464,68.435714285714,2.1775);
#8464 = AXIS2_PLACEMENT_3D('',#8465,#8466,#8467);
#8465 = CARTESIAN_POINT('',(42.1775,16.,174.42857142857));
#8466 = DIRECTION('',(1.,-0.,0.));
#8467 = DIRECTION('',(0.,0.,-1.));
#8468 = CONICAL_SURFACE('',#8469,5.55,3.180745079516E-02);
#8469 = AXIS2_PLACEMENT_3D('',#8470,#8471,#8472);
#8470 = CARTESIAN_POINT('',(40.,16.,0.));
#8471 = DIRECTION('',(-0.,-0.,-1.));
#8472 = DIRECTION('',(1.,0.,0.));
#8473 = ADVANCED_FACE('',(#8474),#8499,.T.);
#8474 = FACE_BOUND('',#8475,.T.);
#8475 = EDGE_LOOP('',(#8476,#8486,#8492,#8493));
#8476 = ORIENTED_EDGE('',*,*,#8477,.F.);
#8477 = EDGE_CURVE('',#8478,#8480,#8482,.T.);
#8478 = VERTEX_POINT('',#8479);
#8479 = CARTESIAN_POINT('',(37.8225,18.27617963922,0.));
#8480 = VERTEX_POINT('',#8481);
#8481 = CARTESIAN_POINT('',(37.8225,18.27617963922,11.));
#8482 = LINE('',#8483,#8484);
#8483 = CARTESIAN_POINT('',(37.8225,18.27617963922,-1.));
#8484 = VECTOR('',#8485,1.);
#8485 = DIRECTION('',(0.,0.,1.));
#8486 = ORIENTED_EDGE('',*,*,#8487,.T.);
#8487 = EDGE_CURVE('',#8478,#7826,#8488,.T.);
#8488 = LINE('',#8489,#8490);
#8489 = CARTESIAN_POINT('',(37.8225,16.,0.));
#8490 = VECTOR('',#8491,1.);
#8491 = DIRECTION('',(0.,1.,0.));
#8492 = ORIENTED_EDGE('',*,*,#7825,.F.);
#8493 = ORIENTED_EDGE('',*,*,#8494,.F.);
#8494 = EDGE_CURVE('',#8480,#7817,#8495,.T.);
#8495 = LINE('',#8496,#8497);
#8496 = CARTESIAN_POINT('',(37.8225,16.,11.));
#8497 = VECTOR('',#8498,1.);
#8498 = DIRECTION('',(0.,1.,0.));
#8499 = PLANE('',#8500);
#8500 = AXIS2_PLACEMENT_3D('',#8501,#8502,#8503);
#8501 = CARTESIAN_POINT('',(37.8225,16.,-1.));
#8502 = DIRECTION('',(1.,0.,0.));
#8503 = DIRECTION('',(0.,0.,1.));
#8504 = ADVANCED_FACE('',(#8505),#8534,.T.);
#8505 = FACE_BOUND('',#8506,.T.);
#8506 = EDGE_LOOP('',(#8507,#8508,#8509,#8517,#8526,#8533));
#8507 = ORIENTED_EDGE('',*,*,#7816,.T.);
#8508 = ORIENTED_EDGE('',*,*,#8443,.T.);
#8509 = ORIENTED_EDGE('',*,*,#8510,.F.);
#8510 = EDGE_CURVE('',#8511,#8444,#8513,.T.);
#8511 = VERTEX_POINT('',#8512);
#8512 = CARTESIAN_POINT('',(42.1775,18.27617963922,11.));
#8513 = LINE('',#8514,#8515);
#8514 = CARTESIAN_POINT('',(42.1775,16.,11.));
#8515 = VECTOR('',#8516,1.);
#8516 = DIRECTION('',(0.,1.,0.));
#8517 = ORIENTED_EDGE('',*,*,#8518,.F.);
#8518 = EDGE_CURVE('',#8519,#8511,#8521,.T.);
#8519 = VERTEX_POINT('',#8520);
#8520 = CARTESIAN_POINT('',(43.15,16.,11.));
#8521 = CIRCLE('',#8522,3.15);
#8522 = AXIS2_PLACEMENT_3D('',#8523,#8524,#8525);
#8523 = CARTESIAN_POINT('',(40.,16.,11.));
#8524 = DIRECTION('',(0.,0.,1.));
#8525 = DIRECTION('',(1.,0.,0.));
#8526 = ORIENTED_EDGE('',*,*,#8527,.F.);
#8527 = EDGE_CURVE('',#8480,#8519,#8528,.T.);
#8528 = CIRCLE('',#8529,3.15);
#8529 = AXIS2_PLACEMENT_3D('',#8530,#8531,#8532);
#8530 = CARTESIAN_POINT('',(40.,16.,11.));
#8531 = DIRECTION('',(0.,0.,1.));
#8532 = DIRECTION('',(1.,0.,0.));
#8533 = ORIENTED_EDGE('',*,*,#8494,.T.);
#8534 = PLANE('',#8535);
#8535 = AXIS2_PLACEMENT_3D('',#8536,#8537,#8538);
#8536 = CARTESIAN_POINT('',(40.,16.,11.));
#8537 = DIRECTION('',(0.,0.,1.));
#8538 = DIRECTION('',(1.,0.,0.));
#8539 = ADVANCED_FACE('',(#8540),#8558,.F.);
#8540 = FACE_BOUND('',#8541,.F.);
#8541 = EDGE_LOOP('',(#8542,#8550,#8556,#8557));
#8542 = ORIENTED_EDGE('',*,*,#8543,.F.);
#8543 = EDGE_CURVE('',#8544,#8111,#8546,.T.);
#8544 = VERTEX_POINT('',#8545);
#8545 = CARTESIAN_POINT('',(-37.8225,18.27617963922,0.));
#8546 = LINE('',#8547,#8548);
#8547 = CARTESIAN_POINT('',(-37.8225,18.27617963922,-1.));
#8548 = VECTOR('',#8549,1.);
#8549 = DIRECTION('',(0.,0.,1.));
#8550 = ORIENTED_EDGE('',*,*,#8551,.T.);
#8551 = EDGE_CURVE('',#8544,#8054,#8552,.T.);
#8552 = LINE('',#8553,#8554);
#8553 = CARTESIAN_POINT('',(-37.8225,16.,0.));
#8554 = VECTOR('',#8555,1.);
#8555 = DIRECTION('',(0.,1.,0.));
#8556 = ORIENTED_EDGE('',*,*,#8062,.F.);
#8557 = ORIENTED_EDGE('',*,*,#8110,.F.);
#8558 = PLANE('',#8559);
#8559 = AXIS2_PLACEMENT_3D('',#8560,#8561,#8562);
#8560 = CARTESIAN_POINT('',(-37.8225,16.,-1.));
#8561 = DIRECTION('',(1.,0.,0.));
#8562 = DIRECTION('',(0.,0.,1.));
#8563 = ADVANCED_FACE('',(#8564),#8582,.F.);
#8564 = FACE_BOUND('',#8565,.F.);
#8565 = EDGE_LOOP('',(#8566,#8574,#8580,#8581));
#8566 = ORIENTED_EDGE('',*,*,#8567,.F.);
#8567 = EDGE_CURVE('',#8568,#8211,#8570,.T.);
#8568 = VERTEX_POINT('',#8569);
#8569 = CARTESIAN_POINT('',(-17.8225,22.27617963922,0.));
#8570 = LINE('',#8571,#8572);
#8571 = CARTESIAN_POINT('',(-17.8225,22.27617963922,-1.));
#8572 = VECTOR('',#8573,1.);
#8573 = DIRECTION('',(0.,0.,1.));
#8574 = ORIENTED_EDGE('',*,*,#8575,.T.);
#8575 = EDGE_CURVE('',#8568,#8154,#8576,.T.);
#8576 = LINE('',#8577,#8578);
#8577 = CARTESIAN_POINT('',(-17.8225,20.,0.));
#8578 = VECTOR('',#8579,1.);
#8579 = DIRECTION('',(0.,1.,0.));
#8580 = ORIENTED_EDGE('',*,*,#8162,.F.);
#8581 = ORIENTED_EDGE('',*,*,#8210,.F.);
#8582 = PLANE('',#8583);
#8583 = AXIS2_PLACEMENT_3D('',#8584,#8585,#8586);
#8584 = CARTESIAN_POINT('',(-17.8225,20.,-1.));
#8585 = DIRECTION('',(1.,0.,0.));
#8586 = DIRECTION('',(0.,0.,1.));
#8587 = ADVANCED_FACE('',(#8588),#8606,.F.);
#8588 = FACE_BOUND('',#8589,.F.);
#8589 = EDGE_LOOP('',(#8590,#8598,#8604,#8605));
#8590 = ORIENTED_EDGE('',*,*,#8591,.F.);
#8591 = EDGE_CURVE('',#8592,#8311,#8594,.T.);
#8592 = VERTEX_POINT('',#8593);
#8593 = CARTESIAN_POINT('',(2.1775,18.27617963922,0.));
#8594 = LINE('',#8595,#8596);
#8595 = CARTESIAN_POINT('',(2.1775,18.27617963922,-1.));
#8596 = VECTOR('',#8597,1.);
#8597 = DIRECTION('',(0.,0.,1.));
#8598 = ORIENTED_EDGE('',*,*,#8599,.T.);
#8599 = EDGE_CURVE('',#8592,#8254,#8600,.T.);
#8600 = LINE('',#8601,#8602);
#8601 = CARTESIAN_POINT('',(2.1775,16.,0.));
#8602 = VECTOR('',#8603,1.);
#8603 = DIRECTION('',(0.,1.,0.));
#8604 = ORIENTED_EDGE('',*,*,#8262,.F.);
#8605 = ORIENTED_EDGE('',*,*,#8310,.F.);
#8606 = PLANE('',#8607);
#8607 = AXIS2_PLACEMENT_3D('',#8608,#8609,#8610);
#8608 = CARTESIAN_POINT('',(2.1775,16.,-1.));
#8609 = DIRECTION('',(1.,0.,0.));
#8610 = DIRECTION('',(0.,0.,1.));
#8611 = ADVANCED_FACE('',(#8612),#8630,.F.);
#8612 = FACE_BOUND('',#8613,.F.);
#8613 = EDGE_LOOP('',(#8614,#8622,#8628,#8629));
#8614 = ORIENTED_EDGE('',*,*,#8615,.F.);
#8615 = EDGE_CURVE('',#8616,#8411,#8618,.T.);
#8616 = VERTEX_POINT('',#8617);
#8617 = CARTESIAN_POINT('',(22.1775,22.27617963922,0.));
#8618 = LINE('',#8619,#8620);
#8619 = CARTESIAN_POINT('',(22.1775,22.27617963922,-1.));
#8620 = VECTOR('',#8621,1.);
#8621 = DIRECTION('',(0.,0.,1.));
#8622 = ORIENTED_EDGE('',*,*,#8623,.T.);
#8623 = EDGE_CURVE('',#8616,#8354,#8624,.T.);
#8624 = LINE('',#8625,#8626);
#8625 = CARTESIAN_POINT('',(22.1775,20.,0.));
#8626 = VECTOR('',#8627,1.);
#8627 = DIRECTION('',(0.,1.,0.));
#8628 = ORIENTED_EDGE('',*,*,#8362,.F.);
#8629 = ORIENTED_EDGE('',*,*,#8410,.F.);
#8630 = PLANE('',#8631);
#8631 = AXIS2_PLACEMENT_3D('',#8632,#8633,#8634);
#8632 = CARTESIAN_POINT('',(22.1775,20.,-1.));
#8633 = DIRECTION('',(1.,0.,0.));
#8634 = DIRECTION('',(0.,0.,1.));
#8635 = ADVANCED_FACE('',(#8636),#8654,.F.);
#8636 = FACE_BOUND('',#8637,.F.);
#8637 = EDGE_LOOP('',(#8638,#8646,#8652,#8653));
#8638 = ORIENTED_EDGE('',*,*,#8639,.F.);
#8639 = EDGE_CURVE('',#8640,#8511,#8642,.T.);
#8640 = VERTEX_POINT('',#8641);
#8641 = CARTESIAN_POINT('',(42.1775,18.27617963922,0.));
#8642 = LINE('',#8643,#8644);
#8643 = CARTESIAN_POINT('',(42.1775,18.27617963922,-1.));
#8644 = VECTOR('',#8645,1.);
#8645 = DIRECTION('',(0.,0.,1.));
#8646 = ORIENTED_EDGE('',*,*,#8647,.T.);
#8647 = EDGE_CURVE('',#8640,#8454,#8648,.T.);
#8648 = LINE('',#8649,#8650);
#8649 = CARTESIAN_POINT('',(42.1775,16.,0.));
#8650 = VECTOR('',#8651,1.);
#8651 = DIRECTION('',(0.,1.,0.));
#8652 = ORIENTED_EDGE('',*,*,#8462,.F.);
#8653 = ORIENTED_EDGE('',*,*,#8510,.F.);
#8654 = PLANE('',#8655);
#8655 = AXIS2_PLACEMENT_3D('',#8656,#8657,#8658);
#8656 = CARTESIAN_POINT('',(42.1775,16.,-1.));
#8657 = DIRECTION('',(1.,0.,0.));
#8658 = DIRECTION('',(0.,0.,1.));
#8659 = ADVANCED_FACE('',(#8660),#8685,.T.);
#8660 = FACE_BOUND('',#8661,.T.);
#8661 = EDGE_LOOP('',(#8662,#8663,#8671,#8679));
#8662 = ORIENTED_EDGE('',*,*,#6766,.F.);
#8663 = ORIENTED_EDGE('',*,*,#8664,.T.);
#8664 = EDGE_CURVE('',#6759,#8665,#8667,.T.);
#8665 = VERTEX_POINT('',#8666);
#8666 = CARTESIAN_POINT('',(-13.,4.,20.985588706619));
#8667 = LINE('',#8668,#8669);
#8668 = CARTESIAN_POINT('',(-13.,-8.,20.985588706619));
#8669 = VECTOR('',#8670,1.);
#8670 = DIRECTION('',(0.,1.,0.));
#8671 = ORIENTED_EDGE('',*,*,#8672,.T.);
#8672 = EDGE_CURVE('',#8665,#8673,#8675,.T.);
#8673 = VERTEX_POINT('',#8674);
#8674 = CARTESIAN_POINT('',(-13.,4.,57.014411293381));
#8675 = LINE('',#8676,#8677);
#8676 = CARTESIAN_POINT('',(-13.,4.,8.));
#8677 = VECTOR('',#8678,1.);
#8678 = DIRECTION('',(0.,0.,1.));
#8679 = ORIENTED_EDGE('',*,*,#8680,.T.);
#8680 = EDGE_CURVE('',#8673,#6751,#8681,.T.);
#8681 = LINE('',#8682,#8683);
#8682 = CARTESIAN_POINT('',(-13.,-8.,57.014411293381));
#8683 = VECTOR('',#8684,1.);
#8684 = DIRECTION('',(0.,-1.,0.));
#8685 = PLANE('',#8686);
#8686 = AXIS2_PLACEMENT_3D('',#8687,#8688,#8689);
#8687 = CARTESIAN_POINT('',(-13.,-8.,8.));
#8688 = DIRECTION('',(1.,0.,0.));
#8689 = DIRECTION('',(0.,0.,1.));
#8690 = ADVANCED_FACE('',(#8691),#8709,.F.);
#8691 = FACE_BOUND('',#8692,.F.);
#8692 = EDGE_LOOP('',(#8693,#8694,#8702,#8708));
#8693 = ORIENTED_EDGE('',*,*,#6748,.F.);
#8694 = ORIENTED_EDGE('',*,*,#8695,.F.);
#8695 = EDGE_CURVE('',#8696,#6749,#8698,.T.);
#8696 = VERTEX_POINT('',#8697);
#8697 = CARTESIAN_POINT('',(-2.324793307626,4.,39.));
#8698 = LINE('',#8699,#8700);
#8699 = CARTESIAN_POINT('',(-2.324793307626,-8.,39.));
#8700 = VECTOR('',#8701,1.);
#8701 = DIRECTION('',(0.,-1.,0.));
#8702 = ORIENTED_EDGE('',*,*,#8703,.T.);
#8703 = EDGE_CURVE('',#8696,#8673,#8704,.T.);
#8704 = LINE('',#8705,#8706);
#8705 = CARTESIAN_POINT('',(14.279416932732,4.,10.980395219397));
#8706 = VECTOR('',#8707,1.);
#8707 = DIRECTION('',(-0.509802390302,0.,0.860291533634));
#8708 = ORIENTED_EDGE('',*,*,#8680,.T.);
#8709 = PLANE('',#8710);
#8710 = AXIS2_PLACEMENT_3D('',#8711,#8712,#8713);
#8711 = CARTESIAN_POINT('',(14.279416932732,-8.,10.980395219397));
#8712 = DIRECTION('',(0.860291533634,0.,0.509802390302));
#8713 = DIRECTION('',(-0.509802390302,0.,0.860291533634));
#8714 = ADVANCED_FACE('',(#8715),#8726,.F.);
#8715 = FACE_BOUND('',#8716,.F.);
#8716 = EDGE_LOOP('',(#8717,#8718,#8719,#8725));
#8717 = ORIENTED_EDGE('',*,*,#6758,.F.);
#8718 = ORIENTED_EDGE('',*,*,#8664,.T.);
#8719 = ORIENTED_EDGE('',*,*,#8720,.T.);
#8720 = EDGE_CURVE('',#8665,#8696,#8721,.T.);
#8721 = LINE('',#8722,#8723);
#8722 = CARTESIAN_POINT('',(-17.72058306726,4.,13.019604780603));
#8723 = VECTOR('',#8724,1.);
#8724 = DIRECTION('',(0.509802390302,0.,0.860291533634));
#8725 = ORIENTED_EDGE('',*,*,#8695,.T.);
#8726 = PLANE('',#8727);
#8727 = AXIS2_PLACEMENT_3D('',#8728,#8729,#8730);
#8728 = CARTESIAN_POINT('',(-17.72058306726,-8.,13.019604780603));
#8729 = DIRECTION('',(0.860291533634,0.,-0.509802390302));
#8730 = DIRECTION('',(0.509802390302,0.,0.860291533634));
#8731 = ADVANCED_FACE('',(#8732),#8757,.F.);
#8732 = FACE_BOUND('',#8733,.F.);
#8733 = EDGE_LOOP('',(#8734,#8735,#8743,#8751));
#8734 = ORIENTED_EDGE('',*,*,#6774,.F.);
#8735 = ORIENTED_EDGE('',*,*,#8736,.T.);
#8736 = EDGE_CURVE('',#6775,#8737,#8739,.T.);
#8737 = VERTEX_POINT('',#8738);
#8738 = CARTESIAN_POINT('',(13.,4.,20.985588706619));
#8739 = LINE('',#8740,#8741);
#8740 = CARTESIAN_POINT('',(13.,-8.,20.985588706619));
#8741 = VECTOR('',#8742,1.);
#8742 = DIRECTION('',(0.,1.,0.));
#8743 = ORIENTED_EDGE('',*,*,#8744,.T.);
#8744 = EDGE_CURVE('',#8737,#8745,#8747,.T.);
#8745 = VERTEX_POINT('',#8746);
#8746 = CARTESIAN_POINT('',(13.,4.,57.014411293381));
#8747 = LINE('',#8748,#8749);
#8748 = CARTESIAN_POINT('',(13.,4.,8.));
#8749 = VECTOR('',#8750,1.);
#8750 = DIRECTION('',(0.,0.,1.));
#8751 = ORIENTED_EDGE('',*,*,#8752,.T.);
#8752 = EDGE_CURVE('',#8745,#6777,#8753,.T.);
#8753 = LINE('',#8754,#8755);
#8754 = CARTESIAN_POINT('',(13.,-8.,57.014411293381));
#8755 = VECTOR('',#8756,1.);
#8756 = DIRECTION('',(0.,-1.,0.));
#8757 = PLANE('',#8758);
#8758 = AXIS2_PLACEMENT_3D('',#8759,#8760,#8761);
#8759 = CARTESIAN_POINT('',(13.,-8.,8.));
#8760 = DIRECTION('',(1.,0.,0.));
#8761 = DIRECTION('',(0.,0.,1.));
#8762 = ADVANCED_FACE('',(#8763),#8781,.F.);
#8763 = FACE_BOUND('',#8764,.F.);
#8764 = EDGE_LOOP('',(#8765,#8766,#8767,#8775));
#8765 = ORIENTED_EDGE('',*,*,#6792,.F.);
#8766 = ORIENTED_EDGE('',*,*,#8752,.F.);
#8767 = ORIENTED_EDGE('',*,*,#8768,.T.);
#8768 = EDGE_CURVE('',#8745,#8769,#8771,.T.);
#8769 = VERTEX_POINT('',#8770);
#8770 = CARTESIAN_POINT('',(2.324793307626,4.,39.));
#8771 = LINE('',#8772,#8773);
#8772 = CARTESIAN_POINT('',(17.720583067268,4.,64.980395219397));
#8773 = VECTOR('',#8774,1.);
#8774 = DIRECTION('',(-0.509802390302,0.,-0.860291533634));
#8775 = ORIENTED_EDGE('',*,*,#8776,.T.);
#8776 = EDGE_CURVE('',#8769,#6785,#8777,.T.);
#8777 = LINE('',#8778,#8779);
#8778 = CARTESIAN_POINT('',(2.324793307626,-8.,39.));
#8779 = VECTOR('',#8780,1.);
#8780 = DIRECTION('',(0.,-1.,0.));
#8781 = PLANE('',#8782);
#8782 = AXIS2_PLACEMENT_3D('',#8783,#8784,#8785);
#8783 = CARTESIAN_POINT('',(17.720583067268,-8.,64.980395219397));
#8784 = DIRECTION('',(-0.860291533634,0.,0.509802390302));
#8785 = DIRECTION('',(-0.509802390302,0.,-0.860291533634));
#8786 = ADVANCED_FACE('',(#8787),#8798,.F.);
#8787 = FACE_BOUND('',#8788,.F.);
#8788 = EDGE_LOOP('',(#8789,#8790,#8791,#8797));
#8789 = ORIENTED_EDGE('',*,*,#6784,.F.);
#8790 = ORIENTED_EDGE('',*,*,#8776,.F.);
#8791 = ORIENTED_EDGE('',*,*,#8792,.T.);
#8792 = EDGE_CURVE('',#8769,#8737,#8793,.T.);
#8793 = LINE('',#8794,#8795);
#8794 = CARTESIAN_POINT('',(-14.27941693273,4.,67.019604780603));
#8795 = VECTOR('',#8796,1.);
#8796 = DIRECTION('',(0.509802390302,0.,-0.860291533634));
#8797 = ORIENTED_EDGE('',*,*,#8736,.F.);
#8798 = PLANE('',#8799);
#8799 = AXIS2_PLACEMENT_3D('',#8800,#8801,#8802);
#8800 = CARTESIAN_POINT('',(-14.27941693273,-8.,67.019604780603));
#8801 = DIRECTION('',(-0.860291533634,0.,-0.509802390302));
#8802 = DIRECTION('',(0.509802390302,0.,-0.860291533634));
#8803 = ADVANCED_FACE('',(#8804),#8830,.T.);
#8804 = FACE_BOUND('',#8805,.T.);
#8805 = EDGE_LOOP('',(#8806,#8812,#8813,#8814,#8820,#8821,#8822,#8823,
    #8824,#8825,#8826,#8827,#8828,#8829));
#8806 = ORIENTED_EDGE('',*,*,#8807,.F.);
#8807 = EDGE_CURVE('',#3472,#1007,#8808,.T.);
#8808 = LINE('',#8809,#8810);
#8809 = CARTESIAN_POINT('',(13.,22.510196025048,83.773966994071));
#8810 = VECTOR('',#8811,1.);
#8811 = DIRECTION('',(0.,-0.289389501276,0.957211427299));
#8812 = ORIENTED_EDGE('',*,*,#3471,.T.);
#8813 = ORIENTED_EDGE('',*,*,#3661,.T.);
#8814 = ORIENTED_EDGE('',*,*,#8815,.T.);
#8815 = EDGE_CURVE('',#3655,#1155,#8816,.T.);
#8816 = LINE('',#8817,#8818);
#8817 = CARTESIAN_POINT('',(-13.,22.132473438155,85.02335708918));
#8818 = VECTOR('',#8819,1.);
#8819 = DIRECTION('',(0.,-0.289389501276,0.957211427299));
#8820 = ORIENTED_EDGE('',*,*,#1154,.T.);
#8821 = ORIENTED_EDGE('',*,*,#2931,.T.);
#8822 = ORIENTED_EDGE('',*,*,#2903,.T.);
#8823 = ORIENTED_EDGE('',*,*,#1183,.T.);
#8824 = ORIENTED_EDGE('',*,*,#2846,.T.);
#8825 = ORIENTED_EDGE('',*,*,#2686,.T.);
#8826 = ORIENTED_EDGE('',*,*,#985,.F.);
#8827 = ORIENTED_EDGE('',*,*,#2629,.T.);
#8828 = ORIENTED_EDGE('',*,*,#2787,.T.);
#8829 = ORIENTED_EDGE('',*,*,#1014,.F.);
#8830 = PLANE('',#8831);
#8831 = AXIS2_PLACEMENT_3D('',#8832,#8833,#8834);
#8832 = CARTESIAN_POINT('',(-4.122750405376E-15,-2.348837209302,166.));
#8833 = DIRECTION('',(0.,0.957211427299,0.289389501276));
#8834 = DIRECTION('',(0.,-0.289389501276,0.957211427299));
#8835 = ADVANCED_FACE('',(#8836),#8864,.F.);
#8836 = FACE_BOUND('',#8837,.T.);
#8837 = EDGE_LOOP('',(#8838,#8839,#8840,#8841,#8842,#8843,#8849,#8850,
    #8851,#8857,#8858,#8859,#8860,#8861,#8862,#8863));
#8838 = ORIENTED_EDGE('',*,*,#3499,.T.);
#8839 = ORIENTED_EDGE('',*,*,#3479,.T.);
#8840 = ORIENTED_EDGE('',*,*,#8807,.T.);
#8841 = ORIENTED_EDGE('',*,*,#1006,.T.);
#8842 = ORIENTED_EDGE('',*,*,#2801,.T.);
#8843 = ORIENTED_EDGE('',*,*,#8844,.F.);
#8844 = EDGE_CURVE('',#6816,#2802,#8845,.T.);
#8845 = LINE('',#8846,#8847);
#8846 = CARTESIAN_POINT('',(13.,4.,8.));
#8847 = VECTOR('',#8848,1.);
#8848 = DIRECTION('',(0.,0.,1.));
#8849 = ORIENTED_EDGE('',*,*,#6823,.F.);
#8850 = ORIENTED_EDGE('',*,*,#6653,.T.);
#8851 = ORIENTED_EDGE('',*,*,#8852,.T.);
#8852 = EDGE_CURVE('',#6646,#4239,#8853,.T.);
#8853 = LINE('',#8854,#8855);
#8854 = CARTESIAN_POINT('',(13.,-10.6,68.));
#8855 = VECTOR('',#8856,1.);
#8856 = DIRECTION('',(0.,1.,0.));
#8857 = ORIENTED_EDGE('',*,*,#4246,.F.);
#8858 = ORIENTED_EDGE('',*,*,#4326,.F.);
#8859 = ORIENTED_EDGE('',*,*,#4357,.T.);
#8860 = ORIENTED_EDGE('',*,*,#4420,.F.);
#8861 = ORIENTED_EDGE('',*,*,#4278,.F.);
#8862 = ORIENTED_EDGE('',*,*,#3385,.T.);
#8863 = ORIENTED_EDGE('',*,*,#2724,.T.);
#8864 = PLANE('',#8865);
#8865 = AXIS2_PLACEMENT_3D('',#8866,#8867,#8868);
#8866 = CARTESIAN_POINT('',(13.,-8.,8.));
#8867 = DIRECTION('',(1.,0.,0.));
#8868 = DIRECTION('',(0.,0.,1.));
#8869 = ADVANCED_FACE('',(#8870),#8895,.T.);
#8870 = FACE_BOUND('',#8871,.T.);
#8871 = EDGE_LOOP('',(#8872,#8873,#8874,#8875,#8876,#8877,#8878,#8879,
    #8887,#8893,#8894));
#8872 = ORIENTED_EDGE('',*,*,#1051,.F.);
#8873 = ORIENTED_EDGE('',*,*,#2700,.F.);
#8874 = ORIENTED_EDGE('',*,*,#3439,.F.);
#8875 = ORIENTED_EDGE('',*,*,#4152,.T.);
#8876 = ORIENTED_EDGE('',*,*,#4209,.F.);
#8877 = ORIENTED_EDGE('',*,*,#6636,.F.);
#8878 = ORIENTED_EDGE('',*,*,#6870,.T.);
#8879 = ORIENTED_EDGE('',*,*,#8880,.T.);
#8880 = EDGE_CURVE('',#6871,#8881,#8883,.T.);
#8881 = VERTEX_POINT('',#8882);
#8882 = CARTESIAN_POINT('',(19.,4.,8.));
#8883 = LINE('',#8884,#8885);
#8884 = CARTESIAN_POINT('',(19.,-8.,8.));
#8885 = VECTOR('',#8886,1.);
#8886 = DIRECTION('',(0.,1.,0.));
#8887 = ORIENTED_EDGE('',*,*,#8888,.T.);
#8888 = EDGE_CURVE('',#8881,#2811,#8889,.T.);
#8889 = LINE('',#8890,#8891);
#8890 = CARTESIAN_POINT('',(19.,4.,8.));
#8891 = VECTOR('',#8892,1.);
#8892 = DIRECTION('',(0.,0.,1.));
#8893 = ORIENTED_EDGE('',*,*,#2810,.F.);
#8894 = ORIENTED_EDGE('',*,*,#1059,.F.);
#8895 = PLANE('',#8896);
#8896 = AXIS2_PLACEMENT_3D('',#8897,#8898,#8899);
#8897 = CARTESIAN_POINT('',(19.,-8.,8.));
#8898 = DIRECTION('',(1.,0.,0.));
#8899 = DIRECTION('',(0.,0.,1.));
#8900 = ADVANCED_FACE('',(#8901),#8929,.T.);
#8901 = FACE_BOUND('',#8902,.T.);
#8902 = EDGE_LOOP('',(#8903,#8904,#8905,#8906,#8907,#8908,#8909,#8910,
    #8911,#8917,#8918,#8919,#8925,#8926,#8927,#8928));
#8903 = ORIENTED_EDGE('',*,*,#3624,.F.);
#8904 = ORIENTED_EDGE('',*,*,#2996,.F.);
#8905 = ORIENTED_EDGE('',*,*,#3586,.F.);
#8906 = ORIENTED_EDGE('',*,*,#4842,.T.);
#8907 = ORIENTED_EDGE('',*,*,#5038,.T.);
#8908 = ORIENTED_EDGE('',*,*,#4967,.F.);
#8909 = ORIENTED_EDGE('',*,*,#4930,.T.);
#8910 = ORIENTED_EDGE('',*,*,#4817,.T.);
#8911 = ORIENTED_EDGE('',*,*,#8912,.F.);
#8912 = EDGE_CURVE('',#6678,#4820,#8913,.T.);
#8913 = LINE('',#8914,#8915);
#8914 = CARTESIAN_POINT('',(-13.,-10.6,68.));
#8915 = VECTOR('',#8916,1.);
#8916 = DIRECTION('',(0.,1.,0.));
#8917 = ORIENTED_EDGE('',*,*,#6677,.F.);
#8918 = ORIENTED_EDGE('',*,*,#6838,.T.);
#8919 = ORIENTED_EDGE('',*,*,#8920,.T.);
#8920 = EDGE_CURVE('',#6839,#3028,#8921,.T.);
#8921 = LINE('',#8922,#8923);
#8922 = CARTESIAN_POINT('',(-13.,4.,8.));
#8923 = VECTOR('',#8924,1.);
#8924 = DIRECTION('',(0.,0.,1.));
#8925 = ORIENTED_EDGE('',*,*,#3027,.F.);
#8926 = ORIENTED_EDGE('',*,*,#1161,.F.);
#8927 = ORIENTED_EDGE('',*,*,#8815,.F.);
#8928 = ORIENTED_EDGE('',*,*,#3654,.F.);
#8929 = PLANE('',#8930);
#8930 = AXIS2_PLACEMENT_3D('',#8931,#8932,#8933);
#8931 = CARTESIAN_POINT('',(-13.,-8.,8.));
#8932 = DIRECTION('',(1.,0.,0.));
#8933 = DIRECTION('',(0.,0.,1.));
#8934 = ADVANCED_FACE('',(#8935),#8960,.F.);
#8935 = FACE_BOUND('',#8936,.T.);
#8936 = EDGE_LOOP('',(#8937,#8938,#8939,#8940,#8948,#8954,#8955,#8956,
    #8957,#8958,#8959));
#8937 = ORIENTED_EDGE('',*,*,#1203,.T.);
#8938 = ORIENTED_EDGE('',*,*,#1220,.T.);
#8939 = ORIENTED_EDGE('',*,*,#3018,.T.);
#8940 = ORIENTED_EDGE('',*,*,#8941,.F.);
#8941 = EDGE_CURVE('',#8942,#3019,#8944,.T.);
#8942 = VERTEX_POINT('',#8943);
#8943 = CARTESIAN_POINT('',(-19.,4.,8.));
#8944 = LINE('',#8945,#8946);
#8945 = CARTESIAN_POINT('',(-19.,4.,8.));
#8946 = VECTOR('',#8947,1.);
#8947 = DIRECTION('',(0.,0.,1.));
#8948 = ORIENTED_EDGE('',*,*,#8949,.F.);
#8949 = EDGE_CURVE('',#7120,#8942,#8950,.T.);
#8950 = LINE('',#8951,#8952);
#8951 = CARTESIAN_POINT('',(-19.,-8.,8.));
#8952 = VECTOR('',#8953,1.);
#8953 = DIRECTION('',(0.,1.,0.));
#8954 = ORIENTED_EDGE('',*,*,#7119,.F.);
#8955 = ORIENTED_EDGE('',*,*,#6692,.T.);
#8956 = ORIENTED_EDGE('',*,*,#5062,.T.);
#8957 = ORIENTED_EDGE('',*,*,#4802,.F.);
#8958 = ORIENTED_EDGE('',*,*,#3532,.T.);
#8959 = ORIENTED_EDGE('',*,*,#2973,.T.);
#8960 = PLANE('',#8961);
#8961 = AXIS2_PLACEMENT_3D('',#8962,#8963,#8964);
#8962 = CARTESIAN_POINT('',(-19.,-8.,8.));
#8963 = DIRECTION('',(1.,0.,0.));
#8964 = DIRECTION('',(0.,0.,1.));
#8965 = ADVANCED_FACE('',(#8966),#8982,.T.);
#8966 = FACE_BOUND('',#8967,.T.);
#8967 = EDGE_LOOP('',(#8968,#8969,#8970,#8971,#8972,#8973,#8974,#8975,
    #8976,#8977,#8978,#8979,#8980,#8981));
#8968 = ORIENTED_EDGE('',*,*,#2614,.F.);
#8969 = ORIENTED_EDGE('',*,*,#2652,.F.);
#8970 = ORIENTED_EDGE('',*,*,#2677,.F.);
#8971 = ORIENTED_EDGE('',*,*,#2839,.F.);
#8972 = ORIENTED_EDGE('',*,*,#2869,.F.);
#8973 = ORIENTED_EDGE('',*,*,#2894,.F.);
#8974 = ORIENTED_EDGE('',*,*,#2924,.F.);
#8975 = ORIENTED_EDGE('',*,*,#2948,.F.);
#8976 = ORIENTED_EDGE('',*,*,#2980,.T.);
#8977 = ORIENTED_EDGE('',*,*,#3646,.F.);
#8978 = ORIENTED_EDGE('',*,*,#3456,.F.);
#8979 = ORIENTED_EDGE('',*,*,#2740,.T.);
#8980 = ORIENTED_EDGE('',*,*,#2762,.F.);
#8981 = ORIENTED_EDGE('',*,*,#2778,.F.);
#8982 = PLANE('',#8983);
#8983 = AXIS2_PLACEMENT_3D('',#8984,#8985,#8986);
#8984 = CARTESIAN_POINT('',(1.35652827163E-16,-14.36262720335,
    166.04561305725));
#8985 = DIRECTION('',(-0.,-0.957211427299,-0.289389501276));
#8986 = DIRECTION('',(0.,0.289389501276,-0.957211427299));
#8987 = ADVANCED_FACE('',(#8988,#9014,#9019,#9024,#9051),#9078,.T.);
#8988 = FACE_BOUND('',#8989,.T.);
#8989 = EDGE_LOOP('',(#8990,#8991,#8997,#8998,#8999,#9000,#9001,#9007,
    #9008,#9009,#9010,#9011,#9012,#9013));
#8990 = ORIENTED_EDGE('',*,*,#8888,.F.);
#8991 = ORIENTED_EDGE('',*,*,#8992,.F.);
#8992 = EDGE_CURVE('',#6895,#8881,#8993,.T.);
#8993 = LINE('',#8994,#8995);
#8994 = CARTESIAN_POINT('',(13.,4.,8.));
#8995 = VECTOR('',#8996,1.);
#8996 = DIRECTION('',(1.,0.,0.));
#8997 = ORIENTED_EDGE('',*,*,#6902,.T.);
#8998 = ORIENTED_EDGE('',*,*,#7035,.T.);
#8999 = ORIENTED_EDGE('',*,*,#7284,.T.);
#9000 = ORIENTED_EDGE('',*,*,#7160,.F.);
#9001 = ORIENTED_EDGE('',*,*,#9002,.F.);
#9002 = EDGE_CURVE('',#8942,#7153,#9003,.T.);
#9003 = LINE('',#9004,#9005);
#9004 = CARTESIAN_POINT('',(-19.,4.,8.));
#9005 = VECTOR('',#9006,1.);
#9006 = DIRECTION('',(1.,0.,0.));
#9007 = ORIENTED_EDGE('',*,*,#8941,.T.);
#9008 = ORIENTED_EDGE('',*,*,#3035,.T.);
#9009 = ORIENTED_EDGE('',*,*,#8920,.F.);
#9010 = ORIENTED_EDGE('',*,*,#6846,.T.);
#9011 = ORIENTED_EDGE('',*,*,#6815,.T.);
#9012 = ORIENTED_EDGE('',*,*,#8844,.T.);
#9013 = ORIENTED_EDGE('',*,*,#2818,.T.);
#9014 = FACE_BOUND('',#9015,.T.);
#9015 = EDGE_LOOP('',(#9016,#9017,#9018));
#9016 = ORIENTED_EDGE('',*,*,#8703,.T.);
#9017 = ORIENTED_EDGE('',*,*,#8672,.F.);
#9018 = ORIENTED_EDGE('',*,*,#8720,.T.);
#9019 = FACE_BOUND('',#9020,.T.);
#9020 = EDGE_LOOP('',(#9021,#9022,#9023));
#9021 = ORIENTED_EDGE('',*,*,#8744,.T.);
#9022 = ORIENTED_EDGE('',*,*,#8768,.T.);
#9023 = ORIENTED_EDGE('',*,*,#8792,.T.);
#9024 = FACE_BOUND('',#9025,.T.);
#9025 = EDGE_LOOP('',(#9026,#9036,#9046));
#9026 = ORIENTED_EDGE('',*,*,#9027,.T.);
#9027 = EDGE_CURVE('',#9028,#9030,#9032,.T.);
#9028 = VERTEX_POINT('',#9029);
#9029 = CARTESIAN_POINT('',(14.75,4.,145.));
#9030 = VERTEX_POINT('',#9031);
#9031 = CARTESIAN_POINT('',(14.238750305027,4.,145.));
#9032 = LINE('',#9033,#9034);
#9033 = CARTESIAN_POINT('',(19.,4.,145.));
#9034 = VECTOR('',#9035,1.);
#9035 = DIRECTION('',(-1.,0.,0.));
#9036 = ORIENTED_EDGE('',*,*,#9037,.T.);
#9037 = EDGE_CURVE('',#9030,#9038,#9040,.T.);
#9038 = VERTEX_POINT('',#9039);
#9039 = CARTESIAN_POINT('',(14.438262381114,4.,144.75060990489));
#9040 = B_SPLINE_CURVE_WITH_KNOTS('',4,(#9041,#9042,#9043,#9044,#9045),
  .UNSPECIFIED.,.F.,.F.,(5,5),(0.,1.),.PIECEWISE_BEZIER_KNOTS.);
#9041 = CARTESIAN_POINT('',(14.238750305027,4.,145.));
#9042 = CARTESIAN_POINT('',(14.288628324049,4.,144.93765247622));
#9043 = CARTESIAN_POINT('',(14.33850634307,4.,144.87530495244));
#9044 = CARTESIAN_POINT('',(14.388384362092,4.,144.81295742866));
#9045 = CARTESIAN_POINT('',(14.438262381114,4.,144.75060990489));
#9046 = ORIENTED_EDGE('',*,*,#9047,.T.);
#9047 = EDGE_CURVE('',#9038,#9028,#9048,.T.);
#9048 = B_SPLINE_CURVE_WITH_KNOTS('',1,(#9049,#9050),.UNSPECIFIED.,.F.,
  .F.,(2,2),(0.,1.),.PIECEWISE_BEZIER_KNOTS.);
#9049 = CARTESIAN_POINT('',(14.438262381114,4.,144.75060990489));
#9050 = CARTESIAN_POINT('',(14.75,4.,145.));
#9051 = FACE_BOUND('',#9052,.T.);
#9052 = EDGE_LOOP('',(#9053,#9065,#9073));
#9053 = ORIENTED_EDGE('',*,*,#9054,.T.);
#9054 = EDGE_CURVE('',#9055,#9057,#9059,.T.);
#9055 = VERTEX_POINT('',#9056);
#9056 = CARTESIAN_POINT('',(-14.43826238111,4.,144.75060990489));
#9057 = VERTEX_POINT('',#9058);
#9058 = CARTESIAN_POINT('',(-14.23875030502,4.,145.));
#9059 = B_SPLINE_CURVE_WITH_KNOTS('',4,(#9060,#9061,#9062,#9063,#9064),
  .UNSPECIFIED.,.F.,.F.,(5,5),(0.,1.),.PIECEWISE_BEZIER_KNOTS.);
#9060 = CARTESIAN_POINT('',(-14.43826238111,4.,144.75060990489));
#9061 = CARTESIAN_POINT('',(-14.38838436209,4.,144.81295742866));
#9062 = CARTESIAN_POINT('',(-14.33850634307,4.,144.87530495244));
#9063 = CARTESIAN_POINT('',(-14.28862832404,4.,144.93765247622));
#9064 = CARTESIAN_POINT('',(-14.23875030502,4.,145.));
#9065 = ORIENTED_EDGE('',*,*,#9066,.T.);
#9066 = EDGE_CURVE('',#9057,#9067,#9069,.T.);
#9067 = VERTEX_POINT('',#9068);
#9068 = CARTESIAN_POINT('',(-14.75,4.,145.));
#9069 = LINE('',#9070,#9071);
#9070 = CARTESIAN_POINT('',(-13.,4.,145.));
#9071 = VECTOR('',#9072,1.);
#9072 = DIRECTION('',(-1.,0.,0.));
#9073 = ORIENTED_EDGE('',*,*,#9074,.T.);
#9074 = EDGE_CURVE('',#9067,#9055,#9075,.T.);
#9075 = B_SPLINE_CURVE_WITH_KNOTS('',1,(#9076,#9077),.UNSPECIFIED.,.F.,
  .F.,(2,2),(0.,1.),.PIECEWISE_BEZIER_KNOTS.);
#9076 = CARTESIAN_POINT('',(-14.75,4.,145.));
#9077 = CARTESIAN_POINT('',(-14.43826238111,4.,144.75060990489));
#9078 = PLANE('',#9079);
#9079 = AXIS2_PLACEMENT_3D('',#9080,#9081,#9082);
#9080 = CARTESIAN_POINT('',(0.,4.,77.595960768227));
#9081 = DIRECTION('',(0.,1.,0.));
#9082 = DIRECTION('',(0.,0.,1.));
#9083 = ADVANCED_FACE('',(#9084),#9101,.T.);
#9084 = FACE_BOUND('',#9085,.T.);
#9085 = EDGE_LOOP('',(#9086,#9094,#9100));
#9086 = ORIENTED_EDGE('',*,*,#9087,.T.);
#9087 = EDGE_CURVE('',#9028,#9088,#9090,.T.);
#9088 = VERTEX_POINT('',#9089);
#9089 = CARTESIAN_POINT('',(14.438262381114,4.075397005498,
    144.75060990489));
#9090 = LINE('',#9091,#9092);
#9091 = CARTESIAN_POINT('',(17.561737618886,3.319951831711,
    147.2493900951));
#9092 = VECTOR('',#9093,1.);
#9093 = DIRECTION('',(-0.76730437389,0.185580592755,-0.613843499112));
#9094 = ORIENTED_EDGE('',*,*,#9095,.T.);
#9095 = EDGE_CURVE('',#9088,#9030,#9096,.T.);
#9096 = LINE('',#9097,#9098);
#9097 = CARTESIAN_POINT('',(14.438262381114,4.075397005498,
    144.75060990489));
#9098 = VECTOR('',#9099,1.);
#9099 = DIRECTION('',(-0.607982649232,-0.229760884884,0.75997831154));
#9100 = ORIENTED_EDGE('',*,*,#9027,.F.);
#9101 = PLANE('',#9102);
#9102 = AXIS2_PLACEMENT_3D('',#9103,#9104,#9105);
#9103 = CARTESIAN_POINT('',(14.438262381114,4.075397005498,
    144.75060990489));
#9104 = DIRECTION('',(1.397749910897E-16,0.957211427299,0.289389501276)
  );
#9105 = DIRECTION('',(-0.545220349058,-0.242593127107,0.80242342043));
#9106 = ADVANCED_FACE('',(#9107),#9116,.T.);
#9107 = FACE_BOUND('',#9108,.T.);
#9108 = EDGE_LOOP('',(#9109,#9110,#9115));
#9109 = ORIENTED_EDGE('',*,*,#9047,.F.);
#9110 = ORIENTED_EDGE('',*,*,#9111,.T.);
#9111 = EDGE_CURVE('',#9038,#9088,#9112,.T.);
#9112 = B_SPLINE_CURVE_WITH_KNOTS('',1,(#9113,#9114),.UNSPECIFIED.,.F.,
  .F.,(2,2),(0.,1.),.PIECEWISE_BEZIER_KNOTS.);
#9113 = CARTESIAN_POINT('',(14.438262381114,-7.924602994502,
    144.75060990489));
#9114 = CARTESIAN_POINT('',(14.438262381114,4.075397005498,
    144.75060990489));
#9115 = ORIENTED_EDGE('',*,*,#9087,.F.);
#9116 = B_SPLINE_SURFACE_WITH_KNOTS('',1,1,(
    (#9117,#9118)
    ,(#9119,#9120
    )),.UNSPECIFIED.,.F.,.F.,.F.,(2,2),(2,2),(0.,4.0707121503),(0.,1.),
  .PIECEWISE_BEZIER_KNOTS.);
#9117 = CARTESIAN_POINT('',(17.561737618886,-8.680048168289,
    147.2493900951));
#9118 = CARTESIAN_POINT('',(17.561737618886,3.319951831711,
    147.2493900951));
#9119 = CARTESIAN_POINT('',(14.438262381114,-7.924602994502,
    144.75060990489));
#9120 = CARTESIAN_POINT('',(14.438262381114,4.075397005498,
    144.75060990489));
#9121 = ADVANCED_FACE('',(#9122),#9127,.T.);
#9122 = FACE_BOUND('',#9123,.T.);
#9123 = EDGE_LOOP('',(#9124,#9125,#9126));
#9124 = ORIENTED_EDGE('',*,*,#9111,.F.);
#9125 = ORIENTED_EDGE('',*,*,#9037,.F.);
#9126 = ORIENTED_EDGE('',*,*,#9095,.F.);
#9127 = B_SPLINE_SURFACE_WITH_KNOTS('',1,1,(
    (#9128,#9129)
    ,(#9130,#9131
    )),.UNSPECIFIED.,.F.,.F.,.F.,(2,2),(2,2),(0.,52.633080961176),(0.,1.
    ),.PIECEWISE_BEZIER_KNOTS.);
#9128 = CARTESIAN_POINT('',(14.438262381114,-7.924602994502,
    144.75060990489));
#9129 = CARTESIAN_POINT('',(14.438262381114,4.075397005498,
    144.75060990489));
#9130 = CARTESIAN_POINT('',(-17.56173761888,-20.01762625031,
    184.75060990489));
#9131 = CARTESIAN_POINT('',(-17.56173761888,-8.017626250316,
    184.75060990489));
#9132 = ADVANCED_FACE('',(#9133),#9150,.T.);
#9133 = FACE_BOUND('',#9134,.T.);
#9134 = EDGE_LOOP('',(#9135,#9143,#9144));
#9135 = ORIENTED_EDGE('',*,*,#9136,.T.);
#9136 = EDGE_CURVE('',#9137,#9067,#9139,.T.);
#9137 = VERTEX_POINT('',#9138);
#9138 = CARTESIAN_POINT('',(-14.43826238111,4.075397005498,
    144.75060990489));
#9139 = LINE('',#9140,#9141);
#9140 = CARTESIAN_POINT('',(-14.43826238111,4.075397005498,
    144.75060990489));
#9141 = VECTOR('',#9142,1.);
#9142 = DIRECTION('',(-0.76730437389,-0.185580592755,0.613843499112));
#9143 = ORIENTED_EDGE('',*,*,#9066,.F.);
#9144 = ORIENTED_EDGE('',*,*,#9145,.T.);
#9145 = EDGE_CURVE('',#9057,#9137,#9146,.T.);
#9146 = LINE('',#9147,#9148);
#9147 = CARTESIAN_POINT('',(17.561737618886,-8.017626250316,
    184.75060990489));
#9148 = VECTOR('',#9149,1.);
#9149 = DIRECTION('',(-0.607982649232,0.229760884884,-0.75997831154));
#9150 = PLANE('',#9151);
#9151 = AXIS2_PLACEMENT_3D('',#9152,#9153,#9154);
#9152 = CARTESIAN_POINT('',(-17.56173761888,3.319951831711,
    147.2493900951));
#9153 = DIRECTION('',(-1.666850475097E-16,0.957211427299,0.289389501276)
  );
#9154 = DIRECTION('',(0.607982649232,-0.229760884884,0.75997831154));
#9155 = ADVANCED_FACE('',(#9156),#9165,.T.);
#9156 = FACE_BOUND('',#9157,.T.);
#9157 = EDGE_LOOP('',(#9158,#9159,#9164));
#9158 = ORIENTED_EDGE('',*,*,#9054,.F.);
#9159 = ORIENTED_EDGE('',*,*,#9160,.T.);
#9160 = EDGE_CURVE('',#9055,#9137,#9161,.T.);
#9161 = B_SPLINE_CURVE_WITH_KNOTS('',1,(#9162,#9163),.UNSPECIFIED.,.F.,
  .F.,(2,2),(0.,1.),.PIECEWISE_BEZIER_KNOTS.);
#9162 = CARTESIAN_POINT('',(-14.43826238111,-7.924602994502,
    144.75060990489));
#9163 = CARTESIAN_POINT('',(-14.43826238111,4.075397005498,
    144.75060990489));
#9164 = ORIENTED_EDGE('',*,*,#9145,.F.);
#9165 = B_SPLINE_SURFACE_WITH_KNOTS('',1,1,(
    (#9166,#9167)
    ,(#9168,#9169
    )),.UNSPECIFIED.,.F.,.F.,.F.,(2,2),(2,2),(0.,52.633080961176),(0.,1.
    ),.PIECEWISE_BEZIER_KNOTS.);
#9166 = CARTESIAN_POINT('',(17.561737618886,-20.01762625031,
    184.75060990489));
#9167 = CARTESIAN_POINT('',(17.561737618886,-8.017626250316,
    184.75060990489));
#9168 = CARTESIAN_POINT('',(-14.43826238111,-7.924602994502,
    144.75060990489));
#9169 = CARTESIAN_POINT('',(-14.43826238111,4.075397005498,
    144.75060990489));
#9170 = ADVANCED_FACE('',(#9171),#9176,.T.);
#9171 = FACE_BOUND('',#9172,.T.);
#9172 = EDGE_LOOP('',(#9173,#9174,#9175));
#9173 = ORIENTED_EDGE('',*,*,#9160,.F.);
#9174 = ORIENTED_EDGE('',*,*,#9074,.F.);
#9175 = ORIENTED_EDGE('',*,*,#9136,.F.);
#9176 = B_SPLINE_SURFACE_WITH_KNOTS('',1,1,(
    (#9177,#9178)
    ,(#9179,#9180
    )),.UNSPECIFIED.,.F.,.F.,.F.,(2,2),(2,2),(0.,4.0707121503),(0.,1.),
  .PIECEWISE_BEZIER_KNOTS.);
#9177 = CARTESIAN_POINT('',(-14.43826238111,-7.924602994502,
    144.75060990489));
#9178 = CARTESIAN_POINT('',(-14.43826238111,4.075397005498,
    144.75060990489));
#9179 = CARTESIAN_POINT('',(-17.56173761888,-8.680048168289,
    147.2493900951));
#9180 = CARTESIAN_POINT('',(-17.56173761888,3.319951831711,
    147.2493900951));
#9181 = ADVANCED_FACE('',(#9182),#9218,.T.);
#9182 = FACE_BOUND('',#9183,.T.);
#9183 = EDGE_LOOP('',(#9184,#9185,#9186,#9187,#9188,#9189,#9190,#9191,
    #9192,#9193,#9194,#9195,#9196,#9197,#9198,#9199,#9200,#9201,#9202,
    #9203,#9204,#9205,#9206,#9207,#9208,#9209,#9210,#9211,#9212,#9213,
    #9214,#9215,#9216,#9217));
#9184 = ORIENTED_EDGE('',*,*,#6941,.F.);
#9185 = ORIENTED_EDGE('',*,*,#6894,.T.);
#9186 = ORIENTED_EDGE('',*,*,#8992,.T.);
#9187 = ORIENTED_EDGE('',*,*,#8880,.F.);
#9188 = ORIENTED_EDGE('',*,*,#6934,.F.);
#9189 = ORIENTED_EDGE('',*,*,#6987,.F.);
#9190 = ORIENTED_EDGE('',*,*,#7066,.T.);
#9191 = ORIENTED_EDGE('',*,*,#7331,.T.);
#9192 = ORIENTED_EDGE('',*,*,#7362,.T.);
#9193 = ORIENTED_EDGE('',*,*,#7907,.T.);
#9194 = ORIENTED_EDGE('',*,*,#7891,.T.);
#9195 = ORIENTED_EDGE('',*,*,#7842,.F.);
#9196 = ORIENTED_EDGE('',*,*,#7791,.T.);
#9197 = ORIENTED_EDGE('',*,*,#7741,.F.);
#9198 = ORIENTED_EDGE('',*,*,#7690,.T.);
#9199 = ORIENTED_EDGE('',*,*,#7640,.F.);
#9200 = ORIENTED_EDGE('',*,*,#7589,.T.);
#9201 = ORIENTED_EDGE('',*,*,#7539,.F.);
#9202 = ORIENTED_EDGE('',*,*,#7488,.T.);
#9203 = ORIENTED_EDGE('',*,*,#7438,.F.);
#9204 = ORIENTED_EDGE('',*,*,#8028,.T.);
#9205 = ORIENTED_EDGE('',*,*,#8000,.T.);
#9206 = ORIENTED_EDGE('',*,*,#7969,.T.);
#9207 = ORIENTED_EDGE('',*,*,#7938,.T.);
#9208 = ORIENTED_EDGE('',*,*,#7315,.T.);
#9209 = ORIENTED_EDGE('',*,*,#7260,.F.);
#9210 = ORIENTED_EDGE('',*,*,#7199,.F.);
#9211 = ORIENTED_EDGE('',*,*,#8949,.T.);
#9212 = ORIENTED_EDGE('',*,*,#9002,.T.);
#9213 = ORIENTED_EDGE('',*,*,#7152,.F.);
#9214 = ORIENTED_EDGE('',*,*,#7192,.F.);
#9215 = ORIENTED_EDGE('',*,*,#7236,.F.);
#9216 = ORIENTED_EDGE('',*,*,#7104,.T.);
#9217 = ORIENTED_EDGE('',*,*,#7011,.F.);
#9218 = PLANE('',#9219);
#9219 = AXIS2_PLACEMENT_3D('',#9220,#9221,#9222);
#9220 = CARTESIAN_POINT('',(1.434979464989E-15,9.166844239327,8.));
#9221 = DIRECTION('',(0.,0.,1.));
#9222 = DIRECTION('',(1.,0.,0.));
#9223 = ADVANCED_FACE('',(#9224),#9242,.T.);
#9224 = FACE_BOUND('',#9225,.T.);
#9225 = EDGE_LOOP('',(#9226,#9227,#9228,#9229,#9230,#9231,#9232,#9233,
    #9234,#9235,#9236,#9237,#9238,#9239,#9240,#9241));
#9226 = ORIENTED_EDGE('',*,*,#4554,.F.);
#9227 = ORIENTED_EDGE('',*,*,#5819,.F.);
#9228 = ORIENTED_EDGE('',*,*,#6419,.F.);
#9229 = ORIENTED_EDGE('',*,*,#6020,.F.);
#9230 = ORIENTED_EDGE('',*,*,#4638,.F.);
#9231 = ORIENTED_EDGE('',*,*,#5078,.T.);
#9232 = ORIENTED_EDGE('',*,*,#6685,.F.);
#9233 = ORIENTED_EDGE('',*,*,#8912,.T.);
#9234 = ORIENTED_EDGE('',*,*,#4827,.T.);
#9235 = ORIENTED_EDGE('',*,*,#4898,.F.);
#9236 = ORIENTED_EDGE('',*,*,#5891,.F.);
#9237 = ORIENTED_EDGE('',*,*,#4595,.T.);
#9238 = ORIENTED_EDGE('',*,*,#4238,.T.);
#9239 = ORIENTED_EDGE('',*,*,#8852,.F.);
#9240 = ORIENTED_EDGE('',*,*,#6645,.F.);
#9241 = ORIENTED_EDGE('',*,*,#4193,.F.);
#9242 = PLANE('',#9243);
#9243 = AXIS2_PLACEMENT_3D('',#9244,#9245,#9246);
#9244 = CARTESIAN_POINT('',(0.,-11.3513215859,68.));
#9245 = DIRECTION('',(-0.,-0.,-1.));
#9246 = DIRECTION('',(-1.,0.,0.));
#9247 = ADVANCED_FACE('',(#9248),#9427,.T.);
#9248 = FACE_BOUND('',#9249,.T.);
#9249 = EDGE_LOOP('',(#9250,#9251,#9252,#9253,#9254,#9255,#9256,#9257,
    #9258,#9259,#9260,#9261,#9262,#9263,#9272,#9280,#9289,#9296,#9297,
    #9298,#9299,#9300,#9301,#9302,#9311,#9318,#9319,#9320,#9321,#9322,
    #9323,#9324,#9333,#9341,#9350,#9357,#9358,#9359,#9360,#9361,#9362,
    #9363,#9372,#9379,#9380,#9381,#9382,#9383,#9384,#9385,#9394,#9402,
    #9411,#9418,#9419,#9420,#9421,#9422,#9423,#9424,#9425,#9426));
#9250 = ORIENTED_EDGE('',*,*,#6957,.T.);
#9251 = ORIENTED_EDGE('',*,*,#7002,.T.);
#9252 = ORIENTED_EDGE('',*,*,#7088,.F.);
#9253 = ORIENTED_EDGE('',*,*,#7229,.T.);
#9254 = ORIENTED_EDGE('',*,*,#7215,.T.);
#9255 = ORIENTED_EDGE('',*,*,#7251,.T.);
#9256 = ORIENTED_EDGE('',*,*,#7299,.F.);
#9257 = ORIENTED_EDGE('',*,*,#7945,.F.);
#9258 = ORIENTED_EDGE('',*,*,#7976,.F.);
#9259 = ORIENTED_EDGE('',*,*,#8007,.F.);
#9260 = ORIENTED_EDGE('',*,*,#8021,.F.);
#9261 = ORIENTED_EDGE('',*,*,#7420,.F.);
#9262 = ORIENTED_EDGE('',*,*,#8087,.F.);
#9263 = ORIENTED_EDGE('',*,*,#9264,.T.);
#9264 = EDGE_CURVE('',#8078,#9265,#9267,.T.);
#9265 = VERTEX_POINT('',#9266);
#9266 = CARTESIAN_POINT('',(-43.11006430801,15.5,0.));
#9267 = CIRCLE('',#9268,3.15);
#9268 = AXIS2_PLACEMENT_3D('',#9269,#9270,#9271);
#9269 = CARTESIAN_POINT('',(-40.,16.,0.));
#9270 = DIRECTION('',(0.,0.,1.));
#9271 = DIRECTION('',(1.,0.,0.));
#9272 = ORIENTED_EDGE('',*,*,#9273,.F.);
#9273 = EDGE_CURVE('',#9274,#9265,#9276,.T.);
#9274 = VERTEX_POINT('',#9275);
#9275 = CARTESIAN_POINT('',(-36.88993569198,15.5,0.));
#9276 = LINE('',#9277,#9278);
#9277 = CARTESIAN_POINT('',(55.,15.5,0.));
#9278 = VECTOR('',#9279,1.);
#9279 = DIRECTION('',(-1.,0.,0.));
#9280 = ORIENTED_EDGE('',*,*,#9281,.T.);
#9281 = EDGE_CURVE('',#9274,#9282,#9284,.T.);
#9282 = VERTEX_POINT('',#9283);
#9283 = CARTESIAN_POINT('',(-36.85,16.,0.));
#9284 = CIRCLE('',#9285,3.15);
#9285 = AXIS2_PLACEMENT_3D('',#9286,#9287,#9288);
#9286 = CARTESIAN_POINT('',(-40.,16.,0.));
#9287 = DIRECTION('',(0.,0.,1.));
#9288 = DIRECTION('',(1.,0.,0.));
#9289 = ORIENTED_EDGE('',*,*,#9290,.T.);
#9290 = EDGE_CURVE('',#9282,#8544,#9291,.T.);
#9291 = CIRCLE('',#9292,3.15);
#9292 = AXIS2_PLACEMENT_3D('',#9293,#9294,#9295);
#9293 = CARTESIAN_POINT('',(-40.,16.,0.));
#9294 = DIRECTION('',(0.,0.,1.));
#9295 = DIRECTION('',(1.,0.,0.));
#9296 = ORIENTED_EDGE('',*,*,#8551,.T.);
#9297 = ORIENTED_EDGE('',*,*,#8053,.F.);
#9298 = ORIENTED_EDGE('',*,*,#7456,.F.);
#9299 = ORIENTED_EDGE('',*,*,#7471,.F.);
#9300 = ORIENTED_EDGE('',*,*,#7531,.F.);
#9301 = ORIENTED_EDGE('',*,*,#8187,.F.);
#9302 = ORIENTED_EDGE('',*,*,#9303,.T.);
#9303 = EDGE_CURVE('',#8178,#9304,#9306,.T.);
#9304 = VERTEX_POINT('',#9305);
#9305 = CARTESIAN_POINT('',(-16.85,20.,0.));
#9306 = CIRCLE('',#9307,3.15);
#9307 = AXIS2_PLACEMENT_3D('',#9308,#9309,#9310);
#9308 = CARTESIAN_POINT('',(-20.,20.,0.));
#9309 = DIRECTION('',(0.,0.,1.));
#9310 = DIRECTION('',(1.,0.,0.));
#9311 = ORIENTED_EDGE('',*,*,#9312,.T.);
#9312 = EDGE_CURVE('',#9304,#8568,#9313,.T.);
#9313 = CIRCLE('',#9314,3.15);
#9314 = AXIS2_PLACEMENT_3D('',#9315,#9316,#9317);
#9315 = CARTESIAN_POINT('',(-20.,20.,0.));
#9316 = DIRECTION('',(0.,0.,1.));
#9317 = DIRECTION('',(1.,0.,0.));
#9318 = ORIENTED_EDGE('',*,*,#8575,.T.);
#9319 = ORIENTED_EDGE('',*,*,#8153,.F.);
#9320 = ORIENTED_EDGE('',*,*,#7557,.F.);
#9321 = ORIENTED_EDGE('',*,*,#7572,.F.);
#9322 = ORIENTED_EDGE('',*,*,#7632,.F.);
#9323 = ORIENTED_EDGE('',*,*,#8287,.F.);
#9324 = ORIENTED_EDGE('',*,*,#9325,.T.);
#9325 = EDGE_CURVE('',#8278,#9326,#9328,.T.);
#9326 = VERTEX_POINT('',#9327);
#9327 = CARTESIAN_POINT('',(-3.110064308017,15.5,0.));
#9328 = CIRCLE('',#9329,3.15);
#9329 = AXIS2_PLACEMENT_3D('',#9330,#9331,#9332);
#9330 = CARTESIAN_POINT('',(0.,16.,0.));
#9331 = DIRECTION('',(0.,0.,1.));
#9332 = DIRECTION('',(1.,0.,0.));
#9333 = ORIENTED_EDGE('',*,*,#9334,.F.);
#9334 = EDGE_CURVE('',#9335,#9326,#9337,.T.);
#9335 = VERTEX_POINT('',#9336);
#9336 = CARTESIAN_POINT('',(3.110064308017,15.5,0.));
#9337 = LINE('',#9338,#9339);
#9338 = CARTESIAN_POINT('',(55.,15.5,0.));
#9339 = VECTOR('',#9340,1.);
#9340 = DIRECTION('',(-1.,0.,0.));
#9341 = ORIENTED_EDGE('',*,*,#9342,.T.);
#9342 = EDGE_CURVE('',#9335,#9343,#9345,.T.);
#9343 = VERTEX_POINT('',#9344);
#9344 = CARTESIAN_POINT('',(3.15,16.,0.));
#9345 = CIRCLE('',#9346,3.15);
#9346 = AXIS2_PLACEMENT_3D('',#9347,#9348,#9349);
#9347 = CARTESIAN_POINT('',(0.,16.,0.));
#9348 = DIRECTION('',(0.,0.,1.));
#9349 = DIRECTION('',(1.,0.,0.));
#9350 = ORIENTED_EDGE('',*,*,#9351,.T.);
#9351 = EDGE_CURVE('',#9343,#8592,#9352,.T.);
#9352 = CIRCLE('',#9353,3.15);
#9353 = AXIS2_PLACEMENT_3D('',#9354,#9355,#9356);
#9354 = CARTESIAN_POINT('',(0.,16.,0.));
#9355 = DIRECTION('',(0.,0.,1.));
#9356 = DIRECTION('',(1.,0.,0.));
#9357 = ORIENTED_EDGE('',*,*,#8599,.T.);
#9358 = ORIENTED_EDGE('',*,*,#8253,.F.);
#9359 = ORIENTED_EDGE('',*,*,#7658,.F.);
#9360 = ORIENTED_EDGE('',*,*,#7673,.F.);
#9361 = ORIENTED_EDGE('',*,*,#7733,.F.);
#9362 = ORIENTED_EDGE('',*,*,#8387,.F.);
#9363 = ORIENTED_EDGE('',*,*,#9364,.T.);
#9364 = EDGE_CURVE('',#8378,#9365,#9367,.T.);
#9365 = VERTEX_POINT('',#9366);
#9366 = CARTESIAN_POINT('',(23.15,20.,0.));
#9367 = CIRCLE('',#9368,3.15);
#9368 = AXIS2_PLACEMENT_3D('',#9369,#9370,#9371);
#9369 = CARTESIAN_POINT('',(20.,20.,0.));
#9370 = DIRECTION('',(0.,0.,1.));
#9371 = DIRECTION('',(1.,0.,0.));
#9372 = ORIENTED_EDGE('',*,*,#9373,.T.);
#9373 = EDGE_CURVE('',#9365,#8616,#9374,.T.);
#9374 = CIRCLE('',#9375,3.15);
#9375 = AXIS2_PLACEMENT_3D('',#9376,#9377,#9378);
#9376 = CARTESIAN_POINT('',(20.,20.,0.));
#9377 = DIRECTION('',(0.,0.,1.));
#9378 = DIRECTION('',(1.,0.,0.));
#9379 = ORIENTED_EDGE('',*,*,#8623,.T.);
#9380 = ORIENTED_EDGE('',*,*,#8353,.F.);
#9381 = ORIENTED_EDGE('',*,*,#7759,.F.);
#9382 = ORIENTED_EDGE('',*,*,#7774,.F.);
#9383 = ORIENTED_EDGE('',*,*,#7834,.F.);
#9384 = ORIENTED_EDGE('',*,*,#8487,.F.);
#9385 = ORIENTED_EDGE('',*,*,#9386,.T.);
#9386 = EDGE_CURVE('',#8478,#9387,#9389,.T.);
#9387 = VERTEX_POINT('',#9388);
#9388 = CARTESIAN_POINT('',(36.889935691983,15.5,0.));
#9389 = CIRCLE('',#9390,3.15);
#9390 = AXIS2_PLACEMENT_3D('',#9391,#9392,#9393);
#9391 = CARTESIAN_POINT('',(40.,16.,0.));
#9392 = DIRECTION('',(0.,0.,1.));
#9393 = DIRECTION('',(1.,0.,0.));
#9394 = ORIENTED_EDGE('',*,*,#9395,.F.);
#9395 = EDGE_CURVE('',#9396,#9387,#9398,.T.);
#9396 = VERTEX_POINT('',#9397);
#9397 = CARTESIAN_POINT('',(43.110064308017,15.5,0.));
#9398 = LINE('',#9399,#9400);
#9399 = CARTESIAN_POINT('',(55.,15.5,0.));
#9400 = VECTOR('',#9401,1.);
#9401 = DIRECTION('',(-1.,0.,0.));
#9402 = ORIENTED_EDGE('',*,*,#9403,.T.);
#9403 = EDGE_CURVE('',#9396,#9404,#9406,.T.);
#9404 = VERTEX_POINT('',#9405);
#9405 = CARTESIAN_POINT('',(43.15,16.,0.));
#9406 = CIRCLE('',#9407,3.15);
#9407 = AXIS2_PLACEMENT_3D('',#9408,#9409,#9410);
#9408 = CARTESIAN_POINT('',(40.,16.,0.));
#9409 = DIRECTION('',(0.,0.,1.));
#9410 = DIRECTION('',(1.,0.,0.));
#9411 = ORIENTED_EDGE('',*,*,#9412,.T.);
#9412 = EDGE_CURVE('',#9404,#8640,#9413,.T.);
#9413 = CIRCLE('',#9414,3.15);
#9414 = AXIS2_PLACEMENT_3D('',#9415,#9416,#9417);
#9415 = CARTESIAN_POINT('',(40.,16.,0.));
#9416 = DIRECTION('',(0.,0.,1.));
#9417 = DIRECTION('',(1.,0.,0.));
#9418 = ORIENTED_EDGE('',*,*,#8647,.T.);
#9419 = ORIENTED_EDGE('',*,*,#8453,.F.);
#9420 = ORIENTED_EDGE('',*,*,#7860,.F.);
#9421 = ORIENTED_EDGE('',*,*,#7875,.F.);
#9422 = ORIENTED_EDGE('',*,*,#7914,.F.);
#9423 = ORIENTED_EDGE('',*,*,#7378,.F.);
#9424 = ORIENTED_EDGE('',*,*,#7347,.F.);
#9425 = ORIENTED_EDGE('',*,*,#7057,.F.);
#9426 = ORIENTED_EDGE('',*,*,#6971,.T.);
#9427 = PLANE('',#9428);
#9428 = AXIS2_PLACEMENT_3D('',#9429,#9430,#9431);
#9429 = CARTESIAN_POINT('',(2.005204711035E-02,13.223776993107,0.));
#9430 = DIRECTION('',(-0.,-0.,-1.));
#9431 = DIRECTION('',(-1.,0.,0.));
#9432 = ADVANCED_FACE('',(#9433),#9458,.F.);
#9433 = FACE_BOUND('',#9434,.F.);
#9434 = EDGE_LOOP('',(#9435,#9436,#9444,#9452));
#9435 = ORIENTED_EDGE('',*,*,#9273,.F.);
#9436 = ORIENTED_EDGE('',*,*,#9437,.T.);
#9437 = EDGE_CURVE('',#9274,#9438,#9440,.T.);
#9438 = VERTEX_POINT('',#9439);
#9439 = CARTESIAN_POINT('',(-36.88993569198,15.5,8.));
#9440 = LINE('',#9441,#9442);
#9441 = CARTESIAN_POINT('',(-36.88993569198,15.5,-1.));
#9442 = VECTOR('',#9443,1.);
#9443 = DIRECTION('',(0.,0.,1.));
#9444 = ORIENTED_EDGE('',*,*,#9445,.T.);
#9445 = EDGE_CURVE('',#9438,#9446,#9448,.T.);
#9446 = VERTEX_POINT('',#9447);
#9447 = CARTESIAN_POINT('',(-43.11006430801,15.5,8.));
#9448 = LINE('',#9449,#9450);
#9449 = CARTESIAN_POINT('',(55.,15.5,8.));
#9450 = VECTOR('',#9451,1.);
#9451 = DIRECTION('',(-1.,0.,0.));
#9452 = ORIENTED_EDGE('',*,*,#9453,.F.);
#9453 = EDGE_CURVE('',#9265,#9446,#9454,.T.);
#9454 = LINE('',#9455,#9456);
#9455 = CARTESIAN_POINT('',(-43.11006430801,15.5,-1.));
#9456 = VECTOR('',#9457,1.);
#9457 = DIRECTION('',(0.,0.,1.));
#9458 = PLANE('',#9459);
#9459 = AXIS2_PLACEMENT_3D('',#9460,#9461,#9462);
#9460 = CARTESIAN_POINT('',(55.,15.5,0.));
#9461 = DIRECTION('',(0.,-1.,0.));
#9462 = DIRECTION('',(-1.,0.,0.));
#9463 = ADVANCED_FACE('',(#9464),#9474,.T.);
#9464 = FACE_BOUND('',#9465,.T.);
#9465 = EDGE_LOOP('',(#9466,#9467));
#9466 = ORIENTED_EDGE('',*,*,#9445,.T.);
#9467 = ORIENTED_EDGE('',*,*,#9468,.T.);
#9468 = EDGE_CURVE('',#9446,#9438,#9469,.T.);
#9469 = CIRCLE('',#9470,3.15);
#9470 = AXIS2_PLACEMENT_3D('',#9471,#9472,#9473);
#9471 = CARTESIAN_POINT('',(-40.,16.,8.));
#9472 = DIRECTION('',(0.,0.,1.));
#9473 = DIRECTION('',(1.,0.,0.));
#9474 = PLANE('',#9475);
#9475 = AXIS2_PLACEMENT_3D('',#9476,#9477,#9478);
#9476 = CARTESIAN_POINT('',(3.538404331164E-16,11.5,8.));
#9477 = DIRECTION('',(0.,0.,1.));
#9478 = DIRECTION('',(1.,0.,0.));
#9479 = ADVANCED_FACE('',(#9480),#9505,.F.);
#9480 = FACE_BOUND('',#9481,.F.);
#9481 = EDGE_LOOP('',(#9482,#9483,#9491,#9499));
#9482 = ORIENTED_EDGE('',*,*,#9334,.F.);
#9483 = ORIENTED_EDGE('',*,*,#9484,.T.);
#9484 = EDGE_CURVE('',#9335,#9485,#9487,.T.);
#9485 = VERTEX_POINT('',#9486);
#9486 = CARTESIAN_POINT('',(3.110064308017,15.5,8.));
#9487 = LINE('',#9488,#9489);
#9488 = CARTESIAN_POINT('',(3.110064308017,15.5,-1.));
#9489 = VECTOR('',#9490,1.);
#9490 = DIRECTION('',(0.,0.,1.));
#9491 = ORIENTED_EDGE('',*,*,#9492,.T.);
#9492 = EDGE_CURVE('',#9485,#9493,#9495,.T.);
#9493 = VERTEX_POINT('',#9494);
#9494 = CARTESIAN_POINT('',(-3.110064308017,15.5,8.));
#9495 = LINE('',#9496,#9497);
#9496 = CARTESIAN_POINT('',(55.,15.5,8.));
#9497 = VECTOR('',#9498,1.);
#9498 = DIRECTION('',(-1.,0.,0.));
#9499 = ORIENTED_EDGE('',*,*,#9500,.F.);
#9500 = EDGE_CURVE('',#9326,#9493,#9501,.T.);
#9501 = LINE('',#9502,#9503);
#9502 = CARTESIAN_POINT('',(-3.110064308017,15.5,-1.));
#9503 = VECTOR('',#9504,1.);
#9504 = DIRECTION('',(0.,0.,1.));
#9505 = PLANE('',#9506);
#9506 = AXIS2_PLACEMENT_3D('',#9507,#9508,#9509);
#9507 = CARTESIAN_POINT('',(55.,15.5,0.));
#9508 = DIRECTION('',(0.,-1.,0.));
#9509 = DIRECTION('',(-1.,0.,0.));
#9510 = ADVANCED_FACE('',(#9511),#9521,.T.);
#9511 = FACE_BOUND('',#9512,.T.);
#9512 = EDGE_LOOP('',(#9513,#9514));
#9513 = ORIENTED_EDGE('',*,*,#9492,.T.);
#9514 = ORIENTED_EDGE('',*,*,#9515,.T.);
#9515 = EDGE_CURVE('',#9493,#9485,#9516,.T.);
#9516 = CIRCLE('',#9517,3.15);
#9517 = AXIS2_PLACEMENT_3D('',#9518,#9519,#9520);
#9518 = CARTESIAN_POINT('',(0.,16.,8.));
#9519 = DIRECTION('',(0.,0.,1.));
#9520 = DIRECTION('',(1.,0.,0.));
#9521 = PLANE('',#9522);
#9522 = AXIS2_PLACEMENT_3D('',#9523,#9524,#9525);
#9523 = CARTESIAN_POINT('',(3.538404331164E-16,11.5,8.));
#9524 = DIRECTION('',(0.,0.,1.));
#9525 = DIRECTION('',(1.,0.,0.));
#9526 = ADVANCED_FACE('',(#9527),#9552,.F.);
#9527 = FACE_BOUND('',#9528,.F.);
#9528 = EDGE_LOOP('',(#9529,#9530,#9538,#9546));
#9529 = ORIENTED_EDGE('',*,*,#9395,.F.);
#9530 = ORIENTED_EDGE('',*,*,#9531,.T.);
#9531 = EDGE_CURVE('',#9396,#9532,#9534,.T.);
#9532 = VERTEX_POINT('',#9533);
#9533 = CARTESIAN_POINT('',(43.110064308017,15.5,8.));
#9534 = LINE('',#9535,#9536);
#9535 = CARTESIAN_POINT('',(43.110064308017,15.5,-1.));
#9536 = VECTOR('',#9537,1.);
#9537 = DIRECTION('',(0.,0.,1.));
#9538 = ORIENTED_EDGE('',*,*,#9539,.T.);
#9539 = EDGE_CURVE('',#9532,#9540,#9542,.T.);
#9540 = VERTEX_POINT('',#9541);
#9541 = CARTESIAN_POINT('',(36.889935691983,15.5,8.));
#9542 = LINE('',#9543,#9544);
#9543 = CARTESIAN_POINT('',(55.,15.5,8.));
#9544 = VECTOR('',#9545,1.);
#9545 = DIRECTION('',(-1.,0.,0.));
#9546 = ORIENTED_EDGE('',*,*,#9547,.F.);
#9547 = EDGE_CURVE('',#9387,#9540,#9548,.T.);
#9548 = LINE('',#9549,#9550);
#9549 = CARTESIAN_POINT('',(36.889935691983,15.5,-1.));
#9550 = VECTOR('',#9551,1.);
#9551 = DIRECTION('',(0.,0.,1.));
#9552 = PLANE('',#9553);
#9553 = AXIS2_PLACEMENT_3D('',#9554,#9555,#9556);
#9554 = CARTESIAN_POINT('',(55.,15.5,0.));
#9555 = DIRECTION('',(0.,-1.,0.));
#9556 = DIRECTION('',(-1.,0.,0.));
#9557 = ADVANCED_FACE('',(#9558),#9568,.T.);
#9558 = FACE_BOUND('',#9559,.T.);
#9559 = EDGE_LOOP('',(#9560,#9561));
#9560 = ORIENTED_EDGE('',*,*,#9539,.T.);
#9561 = ORIENTED_EDGE('',*,*,#9562,.T.);
#9562 = EDGE_CURVE('',#9540,#9532,#9563,.T.);
#9563 = CIRCLE('',#9564,3.15);
#9564 = AXIS2_PLACEMENT_3D('',#9565,#9566,#9567);
#9565 = CARTESIAN_POINT('',(40.,16.,8.));
#9566 = DIRECTION('',(0.,0.,1.));
#9567 = DIRECTION('',(1.,0.,0.));
#9568 = PLANE('',#9569);
#9569 = AXIS2_PLACEMENT_3D('',#9570,#9571,#9572);
#9570 = CARTESIAN_POINT('',(3.538404331164E-16,11.5,8.));
#9571 = DIRECTION('',(0.,0.,1.));
#9572 = DIRECTION('',(1.,0.,0.));
#9573 = ADVANCED_FACE('',(#9574),#9586,.F.);
#9574 = FACE_BOUND('',#9575,.F.);
#9575 = EDGE_LOOP('',(#9576,#9577,#9578,#9579,#9580,#9581,#9582,#9583,
    #9584,#9585));
#9576 = ORIENTED_EDGE('',*,*,#8543,.T.);
#9577 = ORIENTED_EDGE('',*,*,#8118,.F.);
#9578 = ORIENTED_EDGE('',*,*,#8127,.F.);
#9579 = ORIENTED_EDGE('',*,*,#8077,.F.);
#9580 = ORIENTED_EDGE('',*,*,#9264,.T.);
#9581 = ORIENTED_EDGE('',*,*,#9453,.T.);
#9582 = ORIENTED_EDGE('',*,*,#9468,.T.);
#9583 = ORIENTED_EDGE('',*,*,#9437,.F.);
#9584 = ORIENTED_EDGE('',*,*,#9281,.T.);
#9585 = ORIENTED_EDGE('',*,*,#9290,.T.);
#9586 = CYLINDRICAL_SURFACE('',#9587,3.15);
#9587 = AXIS2_PLACEMENT_3D('',#9588,#9589,#9590);
#9588 = CARTESIAN_POINT('',(-40.,16.,-1.));
#9589 = DIRECTION('',(0.,0.,1.));
#9590 = DIRECTION('',(1.,0.,0.));
#9591 = ADVANCED_FACE('',(#9592),#9600,.F.);
#9592 = FACE_BOUND('',#9593,.F.);
#9593 = EDGE_LOOP('',(#9594,#9595,#9596,#9597,#9598,#9599));
#9594 = ORIENTED_EDGE('',*,*,#8567,.T.);
#9595 = ORIENTED_EDGE('',*,*,#8218,.F.);
#9596 = ORIENTED_EDGE('',*,*,#8227,.F.);
#9597 = ORIENTED_EDGE('',*,*,#8177,.F.);
#9598 = ORIENTED_EDGE('',*,*,#9303,.T.);
#9599 = ORIENTED_EDGE('',*,*,#9312,.T.);
#9600 = CYLINDRICAL_SURFACE('',#9601,3.15);
#9601 = AXIS2_PLACEMENT_3D('',#9602,#9603,#9604);
#9602 = CARTESIAN_POINT('',(-20.,20.,-1.));
#9603 = DIRECTION('',(0.,0.,1.));
#9604 = DIRECTION('',(1.,0.,0.));
#9605 = ADVANCED_FACE('',(#9606),#9618,.F.);
#9606 = FACE_BOUND('',#9607,.F.);
#9607 = EDGE_LOOP('',(#9608,#9609,#9610,#9611,#9612,#9613,#9614,#9615,
    #9616,#9617));
#9608 = ORIENTED_EDGE('',*,*,#8591,.T.);
#9609 = ORIENTED_EDGE('',*,*,#8318,.F.);
#9610 = ORIENTED_EDGE('',*,*,#8327,.F.);
#9611 = ORIENTED_EDGE('',*,*,#8277,.F.);
#9612 = ORIENTED_EDGE('',*,*,#9325,.T.);
#9613 = ORIENTED_EDGE('',*,*,#9500,.T.);
#9614 = ORIENTED_EDGE('',*,*,#9515,.T.);
#9615 = ORIENTED_EDGE('',*,*,#9484,.F.);
#9616 = ORIENTED_EDGE('',*,*,#9342,.T.);
#9617 = ORIENTED_EDGE('',*,*,#9351,.T.);
#9618 = CYLINDRICAL_SURFACE('',#9619,3.15);
#9619 = AXIS2_PLACEMENT_3D('',#9620,#9621,#9622);
#9620 = CARTESIAN_POINT('',(0.,16.,-1.));
#9621 = DIRECTION('',(0.,0.,1.));
#9622 = DIRECTION('',(1.,0.,0.));
#9623 = ADVANCED_FACE('',(#9624),#9632,.F.);
#9624 = FACE_BOUND('',#9625,.F.);
#9625 = EDGE_LOOP('',(#9626,#9627,#9628,#9629,#9630,#9631));
#9626 = ORIENTED_EDGE('',*,*,#8615,.T.);
#9627 = ORIENTED_EDGE('',*,*,#8418,.F.);
#9628 = ORIENTED_EDGE('',*,*,#8427,.F.);
#9629 = ORIENTED_EDGE('',*,*,#8377,.F.);
#9630 = ORIENTED_EDGE('',*,*,#9364,.T.);
#9631 = ORIENTED_EDGE('',*,*,#9373,.T.);
#9632 = CYLINDRICAL_SURFACE('',#9633,3.15);
#9633 = AXIS2_PLACEMENT_3D('',#9634,#9635,#9636);
#9634 = CARTESIAN_POINT('',(20.,20.,-1.));
#9635 = DIRECTION('',(0.,0.,1.));
#9636 = DIRECTION('',(1.,0.,0.));
#9637 = ADVANCED_FACE('',(#9638),#9650,.F.);
#9638 = FACE_BOUND('',#9639,.F.);
#9639 = EDGE_LOOP('',(#9640,#9641,#9642,#9643,#9644,#9645,#9646,#9647,
    #9648,#9649));
#9640 = ORIENTED_EDGE('',*,*,#8639,.T.);
#9641 = ORIENTED_EDGE('',*,*,#8518,.F.);
#9642 = ORIENTED_EDGE('',*,*,#8527,.F.);
#9643 = ORIENTED_EDGE('',*,*,#8477,.F.);
#9644 = ORIENTED_EDGE('',*,*,#9386,.T.);
#9645 = ORIENTED_EDGE('',*,*,#9547,.T.);
#9646 = ORIENTED_EDGE('',*,*,#9562,.T.);
#9647 = ORIENTED_EDGE('',*,*,#9531,.F.);
#9648 = ORIENTED_EDGE('',*,*,#9403,.T.);
#9649 = ORIENTED_EDGE('',*,*,#9412,.T.);
#9650 = CYLINDRICAL_SURFACE('',#9651,3.15);
#9651 = AXIS2_PLACEMENT_3D('',#9652,#9653,#9654);
#9652 = CARTESIAN_POINT('',(40.,16.,-1.));
#9653 = DIRECTION('',(0.,0.,1.));
#9654 = DIRECTION('',(1.,0.,0.));
#9655 = ( GEOMETRIC_REPRESENTATION_CONTEXT(3) 
GLOBAL_UNCERTAINTY_ASSIGNED_CONTEXT((#9659)) 
GLOBAL_UNIT_ASSIGNED_CONTEXT((#9656,#9657,#9658)) REPRESENTATION_CONTEXT
('Context #1','3D Context with UNIT and UNCERTAINTY') );
#9656 = ( LENGTH_UNIT() NAMED_UNIT(*) SI_UNIT(.MILLI.,.METRE.) );
#9657 = ( NAMED_UNIT(*) PLANE_ANGLE_UNIT() SI_UNIT($,.RADIAN.) );
#9658 = ( NAMED_UNIT(*) SI_UNIT($,.STERADIAN.) SOLID_ANGLE_UNIT() );
#9659 = UNCERTAINTY_MEASURE_WITH_UNIT(LENGTH_MEASURE(2.E-06),#9656,
  'distance_accuracy_value','confusion accuracy');
#9660 = PRODUCT_RELATED_PRODUCT_CATEGORY('part',$,(#7));
ENDSEC;
END-ISO-10303-21;
