ISO-10303-21;
HEADER;
FILE_DESCRIPTION(('FreeCAD Model'),'2;1');
FILE_NAME('Open CASCADE Shape Model','2026-08-12T20:23:15',('FreeCAD'),(
    'FreeCAD'),'Open CASCADE STEP processor 7.8','FreeCAD','Unknown');
FILE_SCHEMA(('AUTOMOTIVE_DESIGN { 1 0 10303 214 1 1 1 1 }'));
ENDSEC;
DATA;
#1 = APPLICATION_PROTOCOL_DEFINITION('international standard',
  'automotive_design',2000,#2);
#2 = APPLICATION_CONTEXT(
  'core data for automotive mechanical design processes');
#3 = SHAPE_DEFINITION_REPRESENTATION(#4,#10);
#4 = PRODUCT_DEFINITION_SHAPE('','',#5);
#5 = PRODUCT_DEFINITION('design','',#6,#9);
#6 = PRODUCT_DEFINITION_FORMATION('','',#7);
#7 = PRODUCT('Open CASCADE STEP translator 7.8 1',
  'Open CASCADE STEP translator 7.8 1','',(#8));
#8 = PRODUCT_CONTEXT('',#2,'mechanical');
#9 = PRODUCT_DEFINITION_CONTEXT('part definition',#2,'design');
#10 = ADVANCED_BREP_SHAPE_REPRESENTATION('',(#11,#15),#10525);
#11 = AXIS2_PLACEMENT_3D('',#12,#13,#14);
#12 = CARTESIAN_POINT('',(0.,0.,0.));
#13 = DIRECTION('',(0.,0.,1.));
#14 = DIRECTION('',(1.,0.,-0.));
#15 = MANIFOLD_SOLID_BREP('',#16);
#16 = CLOSED_SHELL('',(#17,#65,#103,#246,#310,#436,#480,#504,#533,#572,
    #758,#781,#837,#865,#911,#934,#990,#1006,#1029,#1073,#1281,#1311,
    #1335,#1424,#1462,#1509,#1526,#1633,#1650,#1667,#1684,#1732,#1748,
    #2284,#2419,#3023,#3046,#3076,#3126,#3165,#3188,#3204,#3276,#3348,
    #3395,#3433,#3450,#3462,#3485,#3507,#3546,#3596,#3626,#3643,#3661,
    #3683,#3706,#3722,#3734,#3756,#3779,#3795,#3807,#3943,#3986,#4003,
    #4026,#4135,#4164,#4175,#4202,#4229,#4256,#4273,#4296,#4319,#4336,
    #4348,#4389,#4405,#4493,#4526,#4605,#4621,#4644,#4674,#4703,#4773,
    #4892,#4906,#4934,#4969,#4987,#5005,#5016,#5135,#5147,#5283,#5300,
    #5312,#5336,#5348,#5484,#5523,#5570,#5610,#5641,#5674,#5706,#5730,
    #5747,#5932,#5964,#6004,#6595,#6635,#6676,#6687,#6715,#6739,#6763,
    #6774,#6786,#6798,#6821,#6843,#6859,#6883,#6900,#6912,#6924,#6941,
    #6956,#6989,#7013,#7055,#7104,#7128,#7218,#7242,#7298,#7329,#7385,
    #7409,#7442,#7457,#7469,#7517,#7550,#7590,#7615,#7647,#7694,#7720,
    #7746,#7771,#7802,#7819,#7836,#7862,#7884,#7901,#7913,#7935,#7952,
    #7964,#7981,#8075,#8087,#8098,#8120,#8136,#8147,#8169,#8185,#8196,
    #8222,#8246,#8816,#8839,#8856,#8873,#8890,#8908,#8926,#8944,#8961,
    #8978,#8995,#9012,#9031,#9048,#9066,#9083,#9101,#9119,#9136,#9153,
    #9170,#9187,#9205,#9223,#9241,#9258,#9275,#9292,#9309,#9328,#9345,
    #9363,#9380,#9398,#9415,#9432,#9449,#9466,#9478,#9495,#9512,#9526,
    #9550,#9569,#9581,#9598,#9615,#9632,#9649,#9667,#9685,#9702,#9719,
    #9736,#9753,#9772,#9789,#9807,#9824,#9842,#9854,#9871,#9883,#9894,
    #9920,#9959,#10040,#10052,#10064,#10163,#10193,#10216,#10234,#10262,
    #10281,#10298,#10310,#10322,#10334,#10371,#10388,#10419,#10443,
    #10467,#10484,#10501,#10513));
#17 = ADVANCED_FACE('',(#18),#60,.F.);
#18 = FACE_BOUND('',#19,.F.);
#19 = EDGE_LOOP('',(#20,#29,#36,#55));
#20 = ORIENTED_EDGE('',*,*,#21,.F.);
#21 = EDGE_CURVE('',#22,#24,#26,.T.);
#22 = VERTEX_POINT('',#23);
#23 = CARTESIAN_POINT('',(-56.88709677419,-17.87096774193,188.));
#24 = VERTEX_POINT('',#25);
#25 = CARTESIAN_POINT('',(-53.69357387411,-14.22122728469,
    216.28548854358));
#26 = B_SPLINE_CURVE_WITH_KNOTS('',1,(#27,#28),.UNSPECIFIED.,.F.,.F.,(2,
    2),(0.,1.),.PIECEWISE_BEZIER_KNOTS.);
#27 = CARTESIAN_POINT('',(-57.,-18.,187.));
#28 = CARTESIAN_POINT('',(-50.,-10.,249.));
#29 = ORIENTED_EDGE('',*,*,#30,.F.);
#30 = EDGE_CURVE('',#31,#22,#33,.T.);
#31 = VERTEX_POINT('',#32);
#32 = CARTESIAN_POINT('',(-19.,-17.87096774193,188.));
#33 = B_SPLINE_CURVE_WITH_KNOTS('',1,(#34,#35),.UNSPECIFIED.,.F.,.F.,(2,
    2),(0.,1.),.PIECEWISE_BEZIER_KNOTS.);
#34 = CARTESIAN_POINT('',(56.887096774194,-17.87096774193,188.));
#35 = CARTESIAN_POINT('',(-56.88709677419,-17.87096774193,188.));
#36 = ORIENTED_EDGE('',*,*,#37,.T.);
#37 = EDGE_CURVE('',#31,#38,#40,.T.);
#38 = VERTEX_POINT('',#39);
#39 = CARTESIAN_POINT('',(-19.,-14.22122728469,216.28548854358));
#40 = B_SPLINE_CURVE_WITH_KNOTS('',4,(#41,#42,#43,#44,#45,#46,#47,#48,
    #49,#50,#51,#52,#53,#54),.UNSPECIFIED.,.F.,.F.,(5,3,3,3,5),(0.,
    0.250418074382,0.500478759486,0.750550788644,1.),.UNSPECIFIED.);
#41 = CARTESIAN_POINT('',(-19.,-17.87097254193,187.9999628));
#42 = CARTESIAN_POINT('',(-19.,-17.64246189696,189.77092029851));
#43 = CARTESIAN_POINT('',(-19.,-17.41395425192,191.54185454762));
#44 = CARTESIAN_POINT('',(-19.,-17.1854497119,193.31276473273));
#45 = CARTESIAN_POINT('',(-19.,-16.72877318106,196.85200784672));
#46 = CARTESIAN_POINT('',(-19.,-16.5006011811,198.62034084643));
#47 = CARTESIAN_POINT('',(-19.,-16.27243250532,200.3886480837));
#48 = CARTESIAN_POINT('',(-19.,-15.81609169957,203.92528932826));
#49 = CARTESIAN_POINT('',(-19.,-15.58791956996,205.69362333276));
#50 = CARTESIAN_POINT('',(-19.,-15.35975101309,207.4619296485));
#51 = CARTESIAN_POINT('',(-19.,-14.90398957239,210.99408081392));
#52 = CARTESIAN_POINT('',(-19.,-14.67639667017,212.75792580616));
#53 = CARTESIAN_POINT('',(-19.,-14.44880759203,214.52174116174));
#54 = CARTESIAN_POINT('',(-19.,-14.22122248469,216.28552574358));
#55 = ORIENTED_EDGE('',*,*,#56,.T.);
#56 = EDGE_CURVE('',#38,#24,#57,.T.);
#57 = B_SPLINE_CURVE_WITH_KNOTS('',1,(#58,#59),.UNSPECIFIED.,.F.,.F.,(2,
    2),(0.,1.),.PIECEWISE_BEZIER_KNOTS.);
#58 = CARTESIAN_POINT('',(53.693573874111,-14.22122728469,
    216.28548854358));
#59 = CARTESIAN_POINT('',(-53.69357387411,-14.22122728469,
    216.28548854358));
#60 = B_SPLINE_SURFACE_WITH_KNOTS('',1,1,(
    (#61,#62)
    ,(#63,#64)),.UNSPECIFIED.,.F.,.F.,.F.,(2,2),(2,2),(0.,114.),(0.,1.),
  .PIECEWISE_BEZIER_KNOTS.);
#61 = CARTESIAN_POINT('',(-57.,-18.,187.));
#62 = CARTESIAN_POINT('',(-50.,-10.,249.));
#63 = CARTESIAN_POINT('',(57.,-18.,187.));
#64 = CARTESIAN_POINT('',(50.,-10.,249.));
#65 = ADVANCED_FACE('',(#66),#98,.F.);
#66 = FACE_BOUND('',#67,.F.);
#67 = EDGE_LOOP('',(#68,#77,#82,#83,#93));
#68 = ORIENTED_EDGE('',*,*,#69,.F.);
#69 = EDGE_CURVE('',#70,#72,#74,.T.);
#70 = VERTEX_POINT('',#71);
#71 = CARTESIAN_POINT('',(-61.85483870967,-12.90322580645,188.));
#72 = VERTEX_POINT('',#73);
#73 = CARTESIAN_POINT('',(-57.81061567756,-10.20707711837,
    215.86020311012));
#74 = B_SPLINE_CURVE_WITH_KNOTS('',1,(#75,#76),.UNSPECIFIED.,.F.,.F.,(2,
    2),(0.,1.),.PIECEWISE_BEZIER_KNOTS.);
#75 = CARTESIAN_POINT('',(-62.,-13.,187.));
#76 = CARTESIAN_POINT('',(-53.,-7.,249.));
#77 = ORIENTED_EDGE('',*,*,#78,.F.);
#78 = EDGE_CURVE('',#22,#70,#79,.T.);
#79 = B_SPLINE_CURVE_WITH_KNOTS('',1,(#80,#81),.UNSPECIFIED.,.F.,.F.,(2,
    2),(0.,1.),.PIECEWISE_BEZIER_KNOTS.);
#80 = CARTESIAN_POINT('',(-56.88709677419,-17.87096774193,188.));
#81 = CARTESIAN_POINT('',(-61.85483870967,-12.90322580645,188.));
#82 = ORIENTED_EDGE('',*,*,#21,.T.);
#83 = ORIENTED_EDGE('',*,*,#84,.T.);
#84 = EDGE_CURVE('',#24,#85,#87,.T.);
#85 = VERTEX_POINT('',#86);
#86 = CARTESIAN_POINT('',(-54.17567835607,-13.84201443986,
    215.86020311012));
#87 = B_SPLINE_CURVE_WITH_KNOTS('',4,(#88,#89,#90,#91,#92),
  .UNSPECIFIED.,.F.,.F.,(5,5),(0.,1.),.PIECEWISE_BEZIER_KNOTS.);
#88 = CARTESIAN_POINT('',(-53.69357387411,-14.22122728469,
    216.28548854358));
#89 = CARTESIAN_POINT('',(-53.81398956185,-14.12651093747,
    216.17926460277));
#90 = CARTESIAN_POINT('',(-53.93447937909,-14.0317362816,216.07297526909
    ));
#91 = CARTESIAN_POINT('',(-54.0550425656,-13.93690391507,215.96662121317
    ));
#92 = CARTESIAN_POINT('',(-54.17567835607,-13.84201443986,
    215.86020311012));
#93 = ORIENTED_EDGE('',*,*,#94,.T.);
#94 = EDGE_CURVE('',#85,#72,#95,.T.);
#95 = B_SPLINE_CURVE_WITH_KNOTS('',1,(#96,#97),.UNSPECIFIED.,.F.,.F.,(2,
    2),(0.,1.),.PIECEWISE_BEZIER_KNOTS.);
#96 = CARTESIAN_POINT('',(-54.17567835607,-13.84201443986,
    215.86020311012));
#97 = CARTESIAN_POINT('',(-57.81061567756,-10.20707711837,
    215.86020311012));
#98 = B_SPLINE_SURFACE_WITH_KNOTS('',1,1,(
    (#99,#100)
    ,(#101,#102
    )),.UNSPECIFIED.,.F.,.F.,.F.,(2,2),(2,2),(0.,7.071067811865),(0.,1.)
  ,.PIECEWISE_BEZIER_KNOTS.);
#99 = CARTESIAN_POINT('',(-62.,-13.,187.));
#100 = CARTESIAN_POINT('',(-53.,-7.,249.));
#101 = CARTESIAN_POINT('',(-57.,-18.,187.));
#102 = CARTESIAN_POINT('',(-50.,-10.,249.));
#103 = ADVANCED_FACE('',(#104),#241,.F.);
#104 = FACE_BOUND('',#105,.F.);
#105 = EDGE_LOOP('',(#106,#116,#124,#132,#140,#148,#155,#162,#169,#176,
    #184,#191,#198,#205,#213,#218,#219,#220,#227,#235));
#106 = ORIENTED_EDGE('',*,*,#107,.T.);
#107 = EDGE_CURVE('',#108,#110,#112,.T.);
#108 = VERTEX_POINT('',#109);
#109 = CARTESIAN_POINT('',(-65.,-14.,188.));
#110 = VERTEX_POINT('',#111);
#111 = CARTESIAN_POINT('',(-58.,-21.,188.));
#112 = LINE('',#113,#114);
#113 = CARTESIAN_POINT('',(-65.,-14.,188.));
#114 = VECTOR('',#115,1.);
#115 = DIRECTION('',(0.707106781187,-0.707106781187,0.));
#116 = ORIENTED_EDGE('',*,*,#117,.T.);
#117 = EDGE_CURVE('',#110,#118,#120,.T.);
#118 = VERTEX_POINT('',#119);
#119 = CARTESIAN_POINT('',(58.,-21.,188.));
#120 = LINE('',#121,#122);
#121 = CARTESIAN_POINT('',(-58.,-21.,188.));
#122 = VECTOR('',#123,1.);
#123 = DIRECTION('',(1.,0.,0.));
#124 = ORIENTED_EDGE('',*,*,#125,.T.);
#125 = EDGE_CURVE('',#118,#126,#128,.T.);
#126 = VERTEX_POINT('',#127);
#127 = CARTESIAN_POINT('',(65.,-14.,188.));
#128 = LINE('',#129,#130);
#129 = CARTESIAN_POINT('',(58.,-21.,188.));
#130 = VECTOR('',#131,1.);
#131 = DIRECTION('',(0.707106781187,0.707106781187,0.));
#132 = ORIENTED_EDGE('',*,*,#133,.T.);
#133 = EDGE_CURVE('',#126,#134,#136,.T.);
#134 = VERTEX_POINT('',#135);
#135 = CARTESIAN_POINT('',(65.,20.,188.));
#136 = LINE('',#137,#138);
#137 = CARTESIAN_POINT('',(65.,-14.,188.));
#138 = VECTOR('',#139,1.);
#139 = DIRECTION('',(0.,1.,0.));
#140 = ORIENTED_EDGE('',*,*,#141,.T.);
#141 = EDGE_CURVE('',#134,#142,#144,.T.);
#142 = VERTEX_POINT('',#143);
#143 = CARTESIAN_POINT('',(61.854838709677,20.,188.));
#144 = LINE('',#145,#146);
#145 = CARTESIAN_POINT('',(-129.,20.,188.));
#146 = VECTOR('',#147,1.);
#147 = DIRECTION('',(-1.,0.,0.));
#148 = ORIENTED_EDGE('',*,*,#149,.T.);
#149 = EDGE_CURVE('',#142,#150,#152,.T.);
#150 = VERTEX_POINT('',#151);
#151 = CARTESIAN_POINT('',(61.854838709677,-12.90322580645,188.));
#152 = B_SPLINE_CURVE_WITH_KNOTS('',1,(#153,#154),.UNSPECIFIED.,.F.,.F.,
  (2,2),(0.,1.),.PIECEWISE_BEZIER_KNOTS.);
#153 = CARTESIAN_POINT('',(61.854838709677,36.903225806452,188.));
#154 = CARTESIAN_POINT('',(61.854838709677,-12.90322580645,188.));
#155 = ORIENTED_EDGE('',*,*,#156,.T.);
#156 = EDGE_CURVE('',#150,#157,#159,.T.);
#157 = VERTEX_POINT('',#158);
#158 = CARTESIAN_POINT('',(56.887096774194,-17.87096774193,188.));
#159 = B_SPLINE_CURVE_WITH_KNOTS('',1,(#160,#161),.UNSPECIFIED.,.F.,.F.,
  (2,2),(0.,1.),.PIECEWISE_BEZIER_KNOTS.);
#160 = CARTESIAN_POINT('',(61.854838709677,-12.90322580645,188.));
#161 = CARTESIAN_POINT('',(56.887096774194,-17.87096774193,188.));
#162 = ORIENTED_EDGE('',*,*,#163,.T.);
#163 = EDGE_CURVE('',#157,#164,#166,.T.);
#164 = VERTEX_POINT('',#165);
#165 = CARTESIAN_POINT('',(19.,-17.87096774193,188.));
#166 = B_SPLINE_CURVE_WITH_KNOTS('',1,(#167,#168),.UNSPECIFIED.,.F.,.F.,
  (2,2),(0.,1.),.PIECEWISE_BEZIER_KNOTS.);
#167 = CARTESIAN_POINT('',(56.887096774194,-17.87096774193,188.));
#168 = CARTESIAN_POINT('',(-56.88709677419,-17.87096774193,188.));
#169 = ORIENTED_EDGE('',*,*,#170,.T.);
#170 = EDGE_CURVE('',#164,#171,#173,.T.);
#171 = VERTEX_POINT('',#172);
#172 = CARTESIAN_POINT('',(19.,-20.8707070707,188.));
#173 = B_SPLINE_CURVE_WITH_KNOTS('',1,(#174,#175),.UNSPECIFIED.,.F.,.F.,
  (2,2),(0.,1.),.PIECEWISE_BEZIER_KNOTS.);
#174 = CARTESIAN_POINT('',(19.,-8.870707070707,188.));
#175 = CARTESIAN_POINT('',(19.,-20.8707070707,188.));
#176 = ORIENTED_EDGE('',*,*,#177,.F.);
#177 = EDGE_CURVE('',#178,#171,#180,.T.);
#178 = VERTEX_POINT('',#179);
#179 = CARTESIAN_POINT('',(13.,-20.8707070707,188.));
#180 = LINE('',#181,#182);
#181 = CARTESIAN_POINT('',(-22.5,-20.8707070707,188.));
#182 = VECTOR('',#183,1.);
#183 = DIRECTION('',(1.,0.,0.));
#184 = ORIENTED_EDGE('',*,*,#185,.T.);
#185 = EDGE_CURVE('',#178,#186,#188,.T.);
#186 = VERTEX_POINT('',#187);
#187 = CARTESIAN_POINT('',(13.,-17.87096774193,188.));
#188 = B_SPLINE_CURVE_WITH_KNOTS('',1,(#189,#190),.UNSPECIFIED.,.F.,.F.,
  (2,2),(0.,1.),.PIECEWISE_BEZIER_KNOTS.);
#189 = CARTESIAN_POINT('',(13.,-20.8707070707,188.));
#190 = CARTESIAN_POINT('',(13.,-8.870707070707,188.));
#191 = ORIENTED_EDGE('',*,*,#192,.T.);
#192 = EDGE_CURVE('',#186,#193,#195,.T.);
#193 = VERTEX_POINT('',#194);
#194 = CARTESIAN_POINT('',(-13.,-17.87096774193,188.));
#195 = B_SPLINE_CURVE_WITH_KNOTS('',1,(#196,#197),.UNSPECIFIED.,.F.,.F.,
  (2,2),(0.,1.),.PIECEWISE_BEZIER_KNOTS.);
#196 = CARTESIAN_POINT('',(56.887096774194,-17.87096774193,188.));
#197 = CARTESIAN_POINT('',(-56.88709677419,-17.87096774193,188.));
#198 = ORIENTED_EDGE('',*,*,#199,.T.);
#199 = EDGE_CURVE('',#193,#200,#202,.T.);
#200 = VERTEX_POINT('',#201);
#201 = CARTESIAN_POINT('',(-13.,-20.8707070707,188.));
#202 = B_SPLINE_CURVE_WITH_KNOTS('',1,(#203,#204),.UNSPECIFIED.,.F.,.F.,
  (2,2),(0.,1.),.PIECEWISE_BEZIER_KNOTS.);
#203 = CARTESIAN_POINT('',(-13.,-8.870707070707,188.));
#204 = CARTESIAN_POINT('',(-13.,-20.8707070707,188.));
#205 = ORIENTED_EDGE('',*,*,#206,.F.);
#206 = EDGE_CURVE('',#207,#200,#209,.T.);
#207 = VERTEX_POINT('',#208);
#208 = CARTESIAN_POINT('',(-19.,-20.8707070707,188.));
#209 = LINE('',#210,#211);
#210 = CARTESIAN_POINT('',(-38.5,-20.8707070707,188.));
#211 = VECTOR('',#212,1.);
#212 = DIRECTION('',(1.,0.,0.));
#213 = ORIENTED_EDGE('',*,*,#214,.T.);
#214 = EDGE_CURVE('',#207,#31,#215,.T.);
#215 = B_SPLINE_CURVE_WITH_KNOTS('',1,(#216,#217),.UNSPECIFIED.,.F.,.F.,
  (2,2),(0.,1.),.PIECEWISE_BEZIER_KNOTS.);
#216 = CARTESIAN_POINT('',(-19.,-20.8707070707,188.));
#217 = CARTESIAN_POINT('',(-19.,-8.870707070707,188.));
#218 = ORIENTED_EDGE('',*,*,#30,.T.);
#219 = ORIENTED_EDGE('',*,*,#78,.T.);
#220 = ORIENTED_EDGE('',*,*,#221,.T.);
#221 = EDGE_CURVE('',#70,#222,#224,.T.);
#222 = VERTEX_POINT('',#223);
#223 = CARTESIAN_POINT('',(-61.85483870967,20.,188.));
#224 = B_SPLINE_CURVE_WITH_KNOTS('',1,(#225,#226),.UNSPECIFIED.,.F.,.F.,
  (2,2),(0.,1.),.PIECEWISE_BEZIER_KNOTS.);
#225 = CARTESIAN_POINT('',(-61.85483870967,-12.90322580645,188.));
#226 = CARTESIAN_POINT('',(-61.85483870967,36.903225806452,188.));
#227 = ORIENTED_EDGE('',*,*,#228,.T.);
#228 = EDGE_CURVE('',#222,#229,#231,.T.);
#229 = VERTEX_POINT('',#230);
#230 = CARTESIAN_POINT('',(-65.,20.,188.));
#231 = LINE('',#232,#233);
#232 = CARTESIAN_POINT('',(-129.,20.,188.));
#233 = VECTOR('',#234,1.);
#234 = DIRECTION('',(-1.,0.,0.));
#235 = ORIENTED_EDGE('',*,*,#236,.T.);
#236 = EDGE_CURVE('',#229,#108,#237,.T.);
#237 = LINE('',#238,#239);
#238 = CARTESIAN_POINT('',(-65.,38.,188.));
#239 = VECTOR('',#240,1.);
#240 = DIRECTION('',(0.,-1.,0.));
#241 = PLANE('',#242);
#242 = AXIS2_PLACEMENT_3D('',#243,#244,#245);
#243 = CARTESIAN_POINT('',(-58.,-21.,188.));
#244 = DIRECTION('',(0.,0.,1.));
#245 = DIRECTION('',(0.901637414301,0.432492743445,0.));
#246 = ADVANCED_FACE('',(#247),#305,.T.);
#247 = FACE_BOUND('',#248,.T.);
#248 = EDGE_LOOP('',(#249,#258,#266,#274,#279,#280,#281,#300));
#249 = ORIENTED_EDGE('',*,*,#250,.F.);
#250 = EDGE_CURVE('',#251,#253,#255,.T.);
#251 = VERTEX_POINT('',#252);
#252 = CARTESIAN_POINT('',(-19.,-9.,187.));
#253 = VERTEX_POINT('',#254);
#254 = CARTESIAN_POINT('',(-19.,-8.820127553778,188.39120095124));
#255 = B_SPLINE_CURVE_WITH_KNOTS('',1,(#256,#257),.UNSPECIFIED.,.F.,.F.,
  (2,2),(0.,1.),.PIECEWISE_BEZIER_KNOTS.);
#256 = CARTESIAN_POINT('',(-19.,-9.,187.));
#257 = CARTESIAN_POINT('',(-19.,-4.733333333333,220.));
#258 = ORIENTED_EDGE('',*,*,#259,.T.);
#259 = EDGE_CURVE('',#251,#260,#262,.T.);
#260 = VERTEX_POINT('',#261);
#261 = CARTESIAN_POINT('',(-19.,-20.40909090909,186.99999999999));
#262 = LINE('',#263,#264);
#263 = CARTESIAN_POINT('',(-19.,-9.,187.));
#264 = VECTOR('',#265,1.);
#265 = DIRECTION('',(0.,-1.,0.));
#266 = ORIENTED_EDGE('',*,*,#267,.T.);
#267 = EDGE_CURVE('',#260,#268,#270,.T.);
#268 = VERTEX_POINT('',#269);
#269 = CARTESIAN_POINT('',(-19.,-21.,187.));
#270 = LINE('',#271,#272);
#271 = CARTESIAN_POINT('',(-19.,-9.,187.));
#272 = VECTOR('',#273,1.);
#273 = DIRECTION('',(0.,-1.,0.));
#274 = ORIENTED_EDGE('',*,*,#275,.T.);
#275 = EDGE_CURVE('',#268,#207,#276,.T.);
#276 = B_SPLINE_CURVE_WITH_KNOTS('',1,(#277,#278),.UNSPECIFIED.,.F.,.F.,
  (2,2),(0.,1.),.PIECEWISE_BEZIER_KNOTS.);
#277 = CARTESIAN_POINT('',(-19.,-21.,187.));
#278 = CARTESIAN_POINT('',(-19.,-16.73333333333,220.));
#279 = ORIENTED_EDGE('',*,*,#214,.T.);
#280 = ORIENTED_EDGE('',*,*,#37,.T.);
#281 = ORIENTED_EDGE('',*,*,#282,.F.);
#282 = EDGE_CURVE('',#283,#38,#285,.T.);
#283 = VERTEX_POINT('',#284);
#284 = CARTESIAN_POINT('',(-19.,-6.354307857202,207.46277516695));
#285 = B_SPLINE_CURVE_WITH_KNOTS('',4,(#286,#287,#288,#289,#290,#291,
    #292,#293,#294,#295,#296,#297,#298,#299),.UNSPECIFIED.,.F.,.F.,(5,3,
    3,3,5),(0.,0.250301405764,0.500333858747,0.750355721392,1.),
  .UNSPECIFIED.);
#286 = CARTESIAN_POINT('',(-19.,-6.354307857202,207.46277516695));
#287 = CARTESIAN_POINT('',(-19.,-6.846541076079,208.01481242177));
#288 = CARTESIAN_POINT('',(-19.,-7.338781924174,208.56685823271));
#289 = CARTESIAN_POINT('',(-19.,-7.831030223811,209.11891240053));
#290 = CARTESIAN_POINT('',(-19.,-8.815012453664,210.22244387326));
#291 = CARTESIAN_POINT('',(-19.,-9.306746368208,210.7739211606));
#292 = CARTESIAN_POINT('',(-19.,-9.798487382991,211.32540641083));
#293 = CARTESIAN_POINT('',(-19.,-10.78196246746,212.42836912239));
#294 = CARTESIAN_POINT('',(-19.,-11.27369653654,212.97984658304));
#295 = CARTESIAN_POINT('',(-19.,-11.76543738809,213.53133165019));
#296 = CARTESIAN_POINT('',(-19.,-12.74818971675,214.63348379449));
#297 = CARTESIAN_POINT('',(-19.,-13.23920117383,215.18415084916));
#298 = CARTESIAN_POINT('',(-19.,-13.73021909369,215.7348251518));
#299 = CARTESIAN_POINT('',(-19.,-14.22124333469,216.28550654358));
#300 = ORIENTED_EDGE('',*,*,#301,.F.);
#301 = EDGE_CURVE('',#253,#283,#302,.T.);
#302 = B_SPLINE_CURVE_WITH_KNOTS('',1,(#303,#304),.UNSPECIFIED.,.F.,.F.,
  (2,2),(0.,1.),.PIECEWISE_BEZIER_KNOTS.);
#303 = CARTESIAN_POINT('',(-19.,-9.,187.));
#304 = CARTESIAN_POINT('',(-19.,-4.733333333333,220.));
#305 = B_SPLINE_SURFACE_WITH_KNOTS('',1,1,(
    (#306,#307)
    ,(#308,#309
  )),.UNSPECIFIED.,.F.,.F.,.F.,(2,2),(2,2),(0.,12.),(0.,1.),
  .PIECEWISE_BEZIER_KNOTS.);
#306 = CARTESIAN_POINT('',(-19.,-9.,187.));
#307 = CARTESIAN_POINT('',(-19.,-4.733333333333,220.));
#308 = CARTESIAN_POINT('',(-19.,-21.,187.));
#309 = CARTESIAN_POINT('',(-19.,-16.73333333333,220.));
#310 = ADVANCED_FACE('',(#311),#431,.T.);
#311 = FACE_BOUND('',#312,.T.);
#312 = EDGE_LOOP('',(#313,#320,#328,#335,#345,#352,#371,#378,#397,#404,
    #423,#428,#429,#430));
#313 = ORIENTED_EDGE('',*,*,#314,.F.);
#314 = EDGE_CURVE('',#315,#85,#317,.T.);
#315 = VERTEX_POINT('',#316);
#316 = CARTESIAN_POINT('',(-48.,11.,188.));
#317 = B_SPLINE_CURVE_WITH_KNOTS('',1,(#318,#319),.UNSPECIFIED.,.F.,.F.,
  (2,2),(0.,1.),.PIECEWISE_BEZIER_KNOTS.);
#318 = CARTESIAN_POINT('',(-48.,11.,188.));
#319 = CARTESIAN_POINT('',(-54.65,-15.75,218.));
#320 = ORIENTED_EDGE('',*,*,#321,.T.);
#321 = EDGE_CURVE('',#315,#322,#324,.T.);
#322 = VERTEX_POINT('',#323);
#323 = CARTESIAN_POINT('',(48.,11.,188.));
#324 = LINE('',#325,#326);
#325 = CARTESIAN_POINT('',(-48.,11.,188.));
#326 = VECTOR('',#327,1.);
#327 = DIRECTION('',(1.,0.,0.));
#328 = ORIENTED_EDGE('',*,*,#329,.T.);
#329 = EDGE_CURVE('',#322,#330,#332,.T.);
#330 = VERTEX_POINT('',#331);
#331 = CARTESIAN_POINT('',(54.175678356077,-13.84201443986,
    215.86020311012));
#332 = B_SPLINE_CURVE_WITH_KNOTS('',1,(#333,#334),.UNSPECIFIED.,.F.,.F.,
  (2,2),(0.,1.),.PIECEWISE_BEZIER_KNOTS.);
#333 = CARTESIAN_POINT('',(48.,11.,188.));
#334 = CARTESIAN_POINT('',(54.65,-15.75,218.));
#335 = ORIENTED_EDGE('',*,*,#336,.T.);
#336 = EDGE_CURVE('',#330,#337,#339,.T.);
#337 = VERTEX_POINT('',#338);
#338 = CARTESIAN_POINT('',(53.693573874111,-14.22122728469,
    216.28548854358));
#339 = B_SPLINE_CURVE_WITH_KNOTS('',4,(#340,#341,#342,#343,#344),
  .UNSPECIFIED.,.F.,.F.,(5,5),(0.,1.),.PIECEWISE_BEZIER_KNOTS.);
#340 = CARTESIAN_POINT('',(54.175678356077,-13.84201443986,
    215.86020311012));
#341 = CARTESIAN_POINT('',(54.055042565586,-13.93690391509,
    215.96662121318));
#342 = CARTESIAN_POINT('',(53.934479379126,-14.03173628158,
    216.07297526906));
#343 = CARTESIAN_POINT('',(53.813989561795,-14.12651093752,
    216.17926460282));
#344 = CARTESIAN_POINT('',(53.693573874111,-14.22122728469,
    216.28548854358));
#345 = ORIENTED_EDGE('',*,*,#346,.T.);
#346 = EDGE_CURVE('',#337,#347,#349,.T.);
#347 = VERTEX_POINT('',#348);
#348 = CARTESIAN_POINT('',(19.,-14.22122728469,216.28548854358));
#349 = B_SPLINE_CURVE_WITH_KNOTS('',1,(#350,#351),.UNSPECIFIED.,.F.,.F.,
  (2,2),(0.,1.),.PIECEWISE_BEZIER_KNOTS.);
#350 = CARTESIAN_POINT('',(53.693573874111,-14.22122728469,
    216.28548854358));
#351 = CARTESIAN_POINT('',(-53.69357387411,-14.22122728469,
    216.28548854358));
#352 = ORIENTED_EDGE('',*,*,#353,.T.);
#353 = EDGE_CURVE('',#347,#354,#356,.T.);
#354 = VERTEX_POINT('',#355);
#355 = CARTESIAN_POINT('',(19.,-6.354307857202,207.46277516695));
#356 = B_SPLINE_CURVE_WITH_KNOTS('',4,(#357,#358,#359,#360,#361,#362,
    #363,#364,#365,#366,#367,#368,#369,#370),.UNSPECIFIED.,.F.,.F.,(5,3,
    3,3,5),(0.,0.249853942072,0.499875813397,0.749908275466,1.),
  .UNSPECIFIED.);
#357 = CARTESIAN_POINT('',(19.,-14.22124333469,216.28550654358));
#358 = CARTESIAN_POINT('',(19.,-13.72980670754,215.73436266266));
#359 = CARTESIAN_POINT('',(19.,-13.23837641215,215.18322588278));
#360 = CARTESIAN_POINT('',(19.,-12.74695259053,214.63209636321));
#361 = CARTESIAN_POINT('',(19.,-11.76378790829,213.5294817663));
#362 = CARTESIAN_POINT('',(19.,-11.2720470566,212.977996699));
#363 = CARTESIAN_POINT('',(19.,-10.78031298765,212.42651923849));
#364 = CARTESIAN_POINT('',(19.,-9.796837903169,211.32355652691));
#365 = CARTESIAN_POINT('',(19.,-9.305096888244,210.77207127653));
#366 = CARTESIAN_POINT('',(19.,-8.813362973833,210.22059398934));
#367 = CARTESIAN_POINT('',(19.,-7.829793132546,209.11752500846));
#368 = CARTESIAN_POINT('',(19.,-7.337957209144,208.56593331866));
#369 = CARTESIAN_POINT('',(19.,-6.846128724951,208.0143499719));
#370 = CARTESIAN_POINT('',(19.,-6.354307857202,207.46277516695));
#371 = ORIENTED_EDGE('',*,*,#372,.T.);
#372 = EDGE_CURVE('',#354,#373,#375,.T.);
#373 = VERTEX_POINT('',#374);
#374 = CARTESIAN_POINT('',(13.,-6.354307857202,207.46277516695));
#375 = B_SPLINE_CURVE_WITH_KNOTS('',1,(#376,#377),.UNSPECIFIED.,.F.,.F.,
  (2,2),(0.,1.),.PIECEWISE_BEZIER_KNOTS.);
#376 = CARTESIAN_POINT('',(19.,-6.354307857202,207.46277516695));
#377 = CARTESIAN_POINT('',(13.,-6.354307857202,207.46277516695));
#378 = ORIENTED_EDGE('',*,*,#379,.T.);
#379 = EDGE_CURVE('',#373,#380,#382,.T.);
#380 = VERTEX_POINT('',#381);
#381 = CARTESIAN_POINT('',(13.,-14.22122728469,216.28548854358));
#382 = B_SPLINE_CURVE_WITH_KNOTS('',4,(#383,#384,#385,#386,#387,#388,
    #389,#390,#391,#392,#393,#394,#395,#396),.UNSPECIFIED.,.F.,.F.,(5,3,
    3,3,5),(0.,0.250292825088,0.500322600834,0.75034741268,1.),
  .UNSPECIFIED.);
#383 = CARTESIAN_POINT('',(13.,-6.354307857202,207.46277516695));
#384 = CARTESIAN_POINT('',(13.,-6.846547062385,208.01481913538));
#385 = CARTESIAN_POINT('',(13.,-7.338789843955,208.56686711471));
#386 = CARTESIAN_POINT('',(13.,-7.831036118444,209.11891901133));
#387 = CARTESIAN_POINT('',(13.,-8.815018157498,210.22245027009));
#388 = CARTESIAN_POINT('',(13.,-9.306753914879,210.77392962416));
#389 = CARTESIAN_POINT('',(13.,-9.798493000347,211.32541271067));
#390 = CARTESIAN_POINT('',(13.,-10.78196791583,212.42837523271));
#391 = CARTESIAN_POINT('',(13.,-11.27370374571,212.97985466809));
#392 = CARTESIAN_POINT('',(13.,-11.76544275459,213.53133766869));
#393 = CARTESIAN_POINT('',(13.,-12.74819490807,214.63348961653));
#394 = CARTESIAN_POINT('',(13.,-13.23920804342,215.18415855336));
#395 = CARTESIAN_POINT('',(13.,-13.73022420779,215.73483088724));
#396 = CARTESIAN_POINT('',(13.,-14.22124333469,216.28550654358));
#397 = ORIENTED_EDGE('',*,*,#398,.T.);
#398 = EDGE_CURVE('',#380,#399,#401,.T.);
#399 = VERTEX_POINT('',#400);
#400 = CARTESIAN_POINT('',(-13.,-14.22122728469,216.28548854358));
#401 = B_SPLINE_CURVE_WITH_KNOTS('',1,(#402,#403),.UNSPECIFIED.,.F.,.F.,
  (2,2),(0.,1.),.PIECEWISE_BEZIER_KNOTS.);
#402 = CARTESIAN_POINT('',(53.693573874111,-14.22122728469,
    216.28548854358));
#403 = CARTESIAN_POINT('',(-53.69357387411,-14.22122728469,
    216.28548854358));
#404 = ORIENTED_EDGE('',*,*,#405,.T.);
#405 = EDGE_CURVE('',#399,#406,#408,.T.);
#406 = VERTEX_POINT('',#407);
#407 = CARTESIAN_POINT('',(-13.,-6.354307857202,207.46277516695));
#408 = B_SPLINE_CURVE_WITH_KNOTS('',4,(#409,#410,#411,#412,#413,#414,
    #415,#416,#417,#418,#419,#420,#421,#422),.UNSPECIFIED.,.F.,.F.,(5,3,
    3,3,5),(0.,0.249862255544,0.499887071457,0.749916851463,1.),
  .UNSPECIFIED.);
#409 = CARTESIAN_POINT('',(-13.,-14.22124333469,216.28550654358));
#410 = CARTESIAN_POINT('',(-13.,-13.7298118303,215.73436840781));
#411 = CARTESIAN_POINT('',(-13.,-13.23838329341,215.18323360008));
#412 = CARTESIAN_POINT('',(-13.,-12.74695779069,214.63210219517));
#413 = CARTESIAN_POINT('',(-13.,-11.76379327499,213.52948778503));
#414 = CARTESIAN_POINT('',(-13.,-11.27205426605,212.97800478436));
#415 = CARTESIAN_POINT('',(-13.,-10.78031843623,212.42652534904));
#416 = CARTESIAN_POINT('',(-13.,-9.796843520741,211.32356282699));
#417 = CARTESIAN_POINT('',(-13.,-9.305104435205,210.77207974041));
#418 = CARTESIAN_POINT('',(-13.,-8.813368677887,210.22060038641));
#419 = CARTESIAN_POINT('',(-13.,-7.829799017458,209.11753160836));
#420 = CARTESIAN_POINT('',(-13.,-7.337965115815,208.56594218596));
#421 = CARTESIAN_POINT('',(-13.,-6.846134701309,208.01435667436));
#422 = CARTESIAN_POINT('',(-13.,-6.354307857202,207.46277516695));
#423 = ORIENTED_EDGE('',*,*,#424,.T.);
#424 = EDGE_CURVE('',#406,#283,#425,.T.);
#425 = B_SPLINE_CURVE_WITH_KNOTS('',1,(#426,#427),.UNSPECIFIED.,.F.,.F.,
  (2,2),(0.,1.),.PIECEWISE_BEZIER_KNOTS.);
#426 = CARTESIAN_POINT('',(-13.,-6.354307857202,207.46277516695));
#427 = CARTESIAN_POINT('',(-19.,-6.354307857202,207.46277516695));
#428 = ORIENTED_EDGE('',*,*,#282,.T.);
#429 = ORIENTED_EDGE('',*,*,#56,.T.);
#430 = ORIENTED_EDGE('',*,*,#84,.T.);
#431 = B_SPLINE_SURFACE_WITH_KNOTS('',1,1,(
    (#432,#433)
    ,(#434,#435
    )),.UNSPECIFIED.,.F.,.F.,.F.,(2,2),(2,2),(0.,109.3),(0.,1.),
  .PIECEWISE_BEZIER_KNOTS.);
#432 = CARTESIAN_POINT('',(-48.,11.,188.));
#433 = CARTESIAN_POINT('',(-54.65,-15.75,218.));
#434 = CARTESIAN_POINT('',(48.,11.,188.));
#435 = CARTESIAN_POINT('',(54.65,-15.75,218.));
#436 = ADVANCED_FACE('',(#437),#475,.F.);
#437 = FACE_BOUND('',#438,.F.);
#438 = EDGE_LOOP('',(#439,#458,#459,#460,#470));
#439 = ORIENTED_EDGE('',*,*,#440,.F.);
#440 = EDGE_CURVE('',#222,#441,#443,.T.);
#441 = VERTEX_POINT('',#442);
#442 = CARTESIAN_POINT('',(-58.00453817405,20.,214.52429257875));
#443 = B_SPLINE_CURVE_WITH_KNOTS('',4,(#444,#445,#446,#447,#448,#449,
    #450,#451,#452,#453,#454,#455,#456,#457),.UNSPECIFIED.,.F.,.F.,(5,3,
    3,3,5),(0.,0.249953529471,0.499920765231,0.74990390876,1.),
  .UNSPECIFIED.);
#444 = CARTESIAN_POINT('',(-61.85484410967,20.,187.9999628));
#445 = CARTESIAN_POINT('',(-61.60209481202,20.,189.74112462829));
#446 = CARTESIAN_POINT('',(-61.34934985947,20.,191.48225652364));
#447 = CARTESIAN_POINT('',(-61.0966095445,20.,193.22335647116));
#448 = CARTESIAN_POINT('',(-60.59112502059,20.,196.70558319145));
#449 = CARTESIAN_POINT('',(-60.3383808127,20.,198.44670995694));
#450 = CARTESIAN_POINT('',(-60.08564193293,20.,200.18780001756));
#451 = CARTESIAN_POINT('',(-59.5801595623,20.,203.67001190414));
#452 = CARTESIAN_POINT('',(-59.3274160728,20.,205.41113372067));
#453 = CARTESIAN_POINT('',(-59.074678729,20.,207.15221320015));
#454 = CARTESIAN_POINT('',(-58.5691031149,20.,210.63506743067));
#455 = CARTESIAN_POINT('',(-58.31626485139,20.,212.37684213486));
#456 = CARTESIAN_POINT('',(-58.06343371183,20.,214.1185677629));
#457 = CARTESIAN_POINT('',(-57.81061027756,20.,215.86024031012));
#458 = ORIENTED_EDGE('',*,*,#221,.F.);
#459 = ORIENTED_EDGE('',*,*,#69,.T.);
#460 = ORIENTED_EDGE('',*,*,#461,.T.);
#461 = EDGE_CURVE('',#72,#462,#464,.T.);
#462 = VERTEX_POINT('',#463);
#463 = CARTESIAN_POINT('',(-58.00453817405,-8.525840896957,
    214.52429257875));
#464 = B_SPLINE_CURVE_WITH_KNOTS('',4,(#465,#466,#467,#468,#469),
  .UNSPECIFIED.,.F.,.F.,(5,5),(0.,1.),.PIECEWISE_BEZIER_KNOTS.);
#465 = CARTESIAN_POINT('',(-57.81061567756,-10.20707711837,
    215.86020311012));
#466 = CARTESIAN_POINT('',(-57.85919152465,-9.785942515103,
    215.52556949679));
#467 = CARTESIAN_POINT('',(-57.90771437117,-9.365267407249,
    215.19130099858));
#468 = CARTESIAN_POINT('',(-57.95616929897,-8.945181129441,
    214.8575003848));
#469 = CARTESIAN_POINT('',(-58.00453817405,-8.525840896957,
    214.52429257875));
#470 = ORIENTED_EDGE('',*,*,#471,.T.);
#471 = EDGE_CURVE('',#462,#441,#472,.T.);
#472 = B_SPLINE_CURVE_WITH_KNOTS('',1,(#473,#474),.UNSPECIFIED.,.F.,.F.,
  (2,2),(0.,1.),.PIECEWISE_BEZIER_KNOTS.);
#473 = CARTESIAN_POINT('',(-58.00453817405,-8.525840896957,
    214.52429257875));
#474 = CARTESIAN_POINT('',(-58.00453817405,32.525840896957,
    214.52429257875));
#475 = B_SPLINE_SURFACE_WITH_KNOTS('',1,1,(
    (#476,#477)
    ,(#478,#479
  )),.UNSPECIFIED.,.F.,.F.,.F.,(2,2),(2,2),(0.,50.),(0.,1.),
  .PIECEWISE_BEZIER_KNOTS.);
#476 = CARTESIAN_POINT('',(-62.,37.,187.));
#477 = CARTESIAN_POINT('',(-53.,31.,249.));
#478 = CARTESIAN_POINT('',(-62.,-13.,187.));
#479 = CARTESIAN_POINT('',(-53.,-7.,249.));
#480 = ADVANCED_FACE('',(#481),#499,.T.);
#481 = FACE_BOUND('',#482,.T.);
#482 = EDGE_LOOP('',(#483,#490,#496,#497,#498));
#483 = ORIENTED_EDGE('',*,*,#484,.F.);
#484 = EDGE_CURVE('',#485,#462,#487,.T.);
#485 = VERTEX_POINT('',#486);
#486 = CARTESIAN_POINT('',(-48.5,11.5,188.));
#487 = B_SPLINE_CURVE_WITH_KNOTS('',1,(#488,#489),.UNSPECIFIED.,.F.,.F.,
  (2,2),(0.,1.),.PIECEWISE_BEZIER_KNOTS.);
#488 = CARTESIAN_POINT('',(-48.5,11.5,188.));
#489 = CARTESIAN_POINT('',(-59.25,-11.15,218.));
#490 = ORIENTED_EDGE('',*,*,#491,.T.);
#491 = EDGE_CURVE('',#485,#315,#492,.T.);
#492 = LINE('',#493,#494);
#493 = CARTESIAN_POINT('',(-48.5,11.5,188.));
#494 = VECTOR('',#495,1.);
#495 = DIRECTION('',(0.707106781187,-0.707106781187,0.));
#496 = ORIENTED_EDGE('',*,*,#314,.T.);
#497 = ORIENTED_EDGE('',*,*,#94,.T.);
#498 = ORIENTED_EDGE('',*,*,#461,.T.);
#499 = B_SPLINE_SURFACE_WITH_KNOTS('',1,1,(
    (#500,#501)
    ,(#502,#503
    )),.UNSPECIFIED.,.F.,.F.,.F.,(2,2),(2,2),(0.,6.505382386916),(0.,1.)
  ,.PIECEWISE_BEZIER_KNOTS.);
#500 = CARTESIAN_POINT('',(-48.5,11.5,188.));
#501 = CARTESIAN_POINT('',(-59.25,-11.15,218.));
#502 = CARTESIAN_POINT('',(-48.,11.,188.));
#503 = CARTESIAN_POINT('',(-54.65,-15.75,218.));
#504 = ADVANCED_FACE('',(#505),#528,.T.);
#505 = FACE_BOUND('',#506,.T.);
#506 = EDGE_LOOP('',(#507,#508,#515,#523));
#507 = ORIENTED_EDGE('',*,*,#107,.T.);
#508 = ORIENTED_EDGE('',*,*,#509,.T.);
#509 = EDGE_CURVE('',#110,#510,#512,.T.);
#510 = VERTEX_POINT('',#511);
#511 = CARTESIAN_POINT('',(-50.,-13.,248.));
#512 = B_SPLINE_CURVE_WITH_KNOTS('',1,(#513,#514),.UNSPECIFIED.,.F.,.F.,
  (2,2),(0.,1.),.PIECEWISE_BEZIER_KNOTS.);
#513 = CARTESIAN_POINT('',(-58.,-21.,188.));
#514 = CARTESIAN_POINT('',(-50.,-13.,248.));
#515 = ORIENTED_EDGE('',*,*,#516,.F.);
#516 = EDGE_CURVE('',#517,#510,#519,.T.);
#517 = VERTEX_POINT('',#518);
#518 = CARTESIAN_POINT('',(-56.,-7.,248.));
#519 = LINE('',#520,#521);
#520 = CARTESIAN_POINT('',(-56.,-7.,248.));
#521 = VECTOR('',#522,1.);
#522 = DIRECTION('',(0.707106781187,-0.707106781187,0.));
#523 = ORIENTED_EDGE('',*,*,#524,.F.);
#524 = EDGE_CURVE('',#108,#517,#525,.T.);
#525 = B_SPLINE_CURVE_WITH_KNOTS('',1,(#526,#527),.UNSPECIFIED.,.F.,.F.,
  (2,2),(0.,1.),.PIECEWISE_BEZIER_KNOTS.);
#526 = CARTESIAN_POINT('',(-65.,-14.,188.));
#527 = CARTESIAN_POINT('',(-56.,-7.,248.));
#528 = B_SPLINE_SURFACE_WITH_KNOTS('',1,1,(
    (#529,#530)
    ,(#531,#532
    )),.UNSPECIFIED.,.F.,.F.,.F.,(2,2),(2,2),(0.,9.899494936612),(0.,1.)
  ,.PIECEWISE_BEZIER_KNOTS.);
#529 = CARTESIAN_POINT('',(-65.,-14.,188.));
#530 = CARTESIAN_POINT('',(-56.,-7.,248.));
#531 = CARTESIAN_POINT('',(-58.,-21.,188.));
#532 = CARTESIAN_POINT('',(-50.,-13.,248.));
#533 = ADVANCED_FACE('',(#534),#567,.T.);
#534 = FACE_BOUND('',#535,.T.);
#535 = EDGE_LOOP('',(#536,#559,#560,#561));
#536 = ORIENTED_EDGE('',*,*,#537,.F.);
#537 = EDGE_CURVE('',#229,#538,#540,.T.);
#538 = VERTEX_POINT('',#539);
#539 = CARTESIAN_POINT('',(-56.,20.,248.));
#540 = B_SPLINE_CURVE_WITH_KNOTS('',5,(#541,#542,#543,#544,#545,#546,
    #547,#548,#549,#550,#551,#552,#553,#554,#555,#556,#557,#558),
  .UNSPECIFIED.,.F.,.F.,(6,4,4,4,6),(0.,0.250817712935,0.500690034282,
    0.750643186045,1.),.UNSPECIFIED.);
#541 = CARTESIAN_POINT('',(-65.,20.,188.));
#542 = CARTESIAN_POINT('',(-64.54826278277,20.,191.01158144819));
#543 = CARTESIAN_POINT('',(-64.09654478404,20.,194.02303477302));
#544 = CARTESIAN_POINT('',(-63.64484812278,20.,197.03434584812));
#545 = CARTESIAN_POINT('',(-63.1931754366,20.,200.04549708928));
#546 = CARTESIAN_POINT('',(-62.29158684046,20.,206.05608773021));
#547 = CARTESIAN_POINT('',(-61.84167076546,20.,209.05552823021));
#548 = CARTESIAN_POINT('',(-61.39178490717,20.,212.05476728549));
#549 = CARTESIAN_POINT('',(-60.94193328009,20.,215.05377813269));
#550 = CARTESIAN_POINT('',(-60.04216295956,20.,221.05224693623));
#551 = CARTESIAN_POINT('',(-59.59224436368,20.,224.0517042421));
#552 = CARTESIAN_POINT('',(-59.14237003394,20.,227.0508664404));
#553 = CARTESIAN_POINT('',(-58.69254635583,20.,230.04969096108));
#554 = CARTESIAN_POINT('',(-57.79408949334,20.,236.0394033777));
#555 = CARTESIAN_POINT('',(-57.34545616577,20.,239.03029222816));
#556 = CARTESIAN_POINT('',(-56.89688933636,20.,242.02073775758));
#557 = CARTESIAN_POINT('',(-56.44839946006,20.,245.01067026621));
#558 = CARTESIAN_POINT('',(-56.,20.,248.));
#559 = ORIENTED_EDGE('',*,*,#236,.T.);
#560 = ORIENTED_EDGE('',*,*,#524,.T.);
#561 = ORIENTED_EDGE('',*,*,#562,.F.);
#562 = EDGE_CURVE('',#538,#517,#563,.T.);
#563 = LINE('',#564,#565);
#564 = CARTESIAN_POINT('',(-56.,31.,248.));
#565 = VECTOR('',#566,1.);
#566 = DIRECTION('',(0.,-1.,0.));
#567 = B_SPLINE_SURFACE_WITH_KNOTS('',1,1,(
    (#568,#569)
    ,(#570,#571
  )),.UNSPECIFIED.,.F.,.F.,.F.,(2,2),(2,2),(0.,52.),(0.,1.),
  .PIECEWISE_BEZIER_KNOTS.);
#568 = CARTESIAN_POINT('',(-65.,38.,188.));
#569 = CARTESIAN_POINT('',(-56.,31.,248.));
#570 = CARTESIAN_POINT('',(-65.,-14.,188.));
#571 = CARTESIAN_POINT('',(-56.,-7.,248.));
#572 = ADVANCED_FACE('',(#573),#753,.T.);
#573 = FACE_BOUND('',#574,.T.);
#574 = EDGE_LOOP('',(#575,#576,#577,#578,#586,#596,#606,#625,#633,#664,
    #683,#690,#698,#705,#724));
#575 = ORIENTED_EDGE('',*,*,#440,.F.);
#576 = ORIENTED_EDGE('',*,*,#228,.T.);
#577 = ORIENTED_EDGE('',*,*,#537,.T.);
#578 = ORIENTED_EDGE('',*,*,#579,.F.);
#579 = EDGE_CURVE('',#580,#538,#582,.T.);
#580 = VERTEX_POINT('',#581);
#581 = CARTESIAN_POINT('',(-53.04,20.,248.));
#582 = LINE('',#583,#584);
#583 = CARTESIAN_POINT('',(-100.,20.,248.));
#584 = VECTOR('',#585,1.);
#585 = DIRECTION('',(-1.,0.,0.));
#586 = ORIENTED_EDGE('',*,*,#587,.F.);
#587 = EDGE_CURVE('',#588,#580,#590,.T.);
#588 = VERTEX_POINT('',#589);
#589 = CARTESIAN_POINT('',(-53.6,20.,244.));
#590 = B_SPLINE_CURVE_WITH_KNOTS('',4,(#591,#592,#593,#594,#595),
  .UNSPECIFIED.,.F.,.F.,(5,5),(0.,1.),.PIECEWISE_BEZIER_KNOTS.);
#591 = CARTESIAN_POINT('',(-53.6,20.,244.));
#592 = CARTESIAN_POINT('',(-53.45999958001,20.,245.00000299988));
#593 = CARTESIAN_POINT('',(-53.31999936709,20.,246.00000452074));
#594 = CARTESIAN_POINT('',(-53.17999936557,20.,247.00000453163));
#595 = CARTESIAN_POINT('',(-53.03999958,20.,248.000003));
#596 = ORIENTED_EDGE('',*,*,#597,.F.);
#597 = EDGE_CURVE('',#598,#588,#600,.T.);
#598 = VERTEX_POINT('',#599);
#599 = CARTESIAN_POINT('',(-54.28571428571,20.,240.14285714285));
#600 = B_SPLINE_CURVE_WITH_KNOTS('',4,(#601,#602,#603,#604,#605),
  .UNSPECIFIED.,.F.,.F.,(5,5),(0.,1.),.PIECEWISE_BEZIER_KNOTS.);
#601 = CARTESIAN_POINT('',(-54.28571476571,20.,240.14285444285));
#602 = CARTESIAN_POINT('',(-54.11427608655,20.,241.10719701315));
#603 = CARTESIAN_POINT('',(-53.94284380086,20.,242.07150362012));
#604 = CARTESIAN_POINT('',(-53.77141829118,20.,243.0357721121));
#605 = CARTESIAN_POINT('',(-53.6,20.,244.));
#606 = ORIENTED_EDGE('',*,*,#607,.F.);
#607 = EDGE_CURVE('',#608,#598,#610,.T.);
#608 = VERTEX_POINT('',#609);
#609 = CARTESIAN_POINT('',(-57.5,20.,218.));
#610 = B_SPLINE_CURVE_WITH_KNOTS('',4,(#611,#612,#613,#614,#615,#616,
    #617,#618,#619,#620,#621,#622,#623,#624),.UNSPECIFIED.,.F.,.F.,(5,3,
    3,3,5),(0.,0.249943297078,0.49990732693,0.749894964111,1.),
  .UNSPECIFIED.);
#611 = CARTESIAN_POINT('',(-57.5000054,20.,217.9999628));
#612 = CARTESIAN_POINT('',(-57.29912105057,20.,219.38383276272));
#613 = CARTESIAN_POINT('',(-57.0982417992,20.,220.76766760545));
#614 = CARTESIAN_POINT('',(-56.89736795457,20.,222.15146520183));
#615 = CARTESIAN_POINT('',(-56.49561513228,20.,224.91909575536));
#616 = CARTESIAN_POINT('',(-56.29473615601,20.,226.30292870301));
#617 = CARTESIAN_POINT('',(-56.09386330327,20.,227.68671946633));
#618 = CARTESIAN_POINT('',(-55.6921117066,20.,230.45434157669));
#619 = CARTESIAN_POINT('',(-55.49123296443,20.,231.83817291166));
#620 = CARTESIAN_POINT('',(-55.29036117959,20.,233.22195631837));
#621 = CARTESIAN_POINT('',(-54.88853816657,20.,235.99007040804));
#622 = CARTESIAN_POINT('',(-54.68758694603,20.,237.37440103845));
#623 = CARTESIAN_POINT('',(-54.48664366238,20.,238.75867699248));
#624 = CARTESIAN_POINT('',(-54.28570888571,20.,240.14289434285));
#625 = ORIENTED_EDGE('',*,*,#626,.F.);
#626 = EDGE_CURVE('',#627,#608,#629,.T.);
#627 = VERTEX_POINT('',#628);
#628 = CARTESIAN_POINT('',(-57.07142857142,20.,218.));
#629 = LINE('',#630,#631);
#630 = CARTESIAN_POINT('',(-127.325,20.,218.));
#631 = VECTOR('',#632,1.);
#632 = DIRECTION('',(-1.,0.,0.));
#633 = ORIENTED_EDGE('',*,*,#634,.T.);
#634 = EDGE_CURVE('',#627,#635,#637,.T.);
#635 = VERTEX_POINT('',#636);
#636 = CARTESIAN_POINT('',(-49.77586206896,20.,200.97701149425));
#637 = B_SPLINE_CURVE_WITH_KNOTS('',7,(#638,#639,#640,#641,#642,#643,
    #644,#645,#646,#647,#648,#649,#650,#651,#652,#653,#654,#655,#656,
    #657,#658,#659,#660,#661,#662,#663),.UNSPECIFIED.,.F.,.F.,(8,6,6,6,8
    ),(0.,0.313971368146,0.442969785821,0.673573104293,1.),
  .UNSPECIFIED.);
#638 = CARTESIAN_POINT('',(-57.07143577142,20.,218.00001679999));
#639 = CARTESIAN_POINT('',(-56.66625158742,20.,217.05458703732));
#640 = CARTESIAN_POINT('',(-56.26347916769,20.,216.11478472463));
#641 = CARTESIAN_POINT('',(-55.86353236918,20.,215.1815755281));
#642 = CARTESIAN_POINT('',(-55.4670750347,20.,214.2565084143));
#643 = CARTESIAN_POINT('',(-55.07502019502,20.,213.34171378838));
#644 = CARTESIAN_POINT('',(-54.68852711656,20.,212.4398966053));
#645 = CARTESIAN_POINT('',(-54.15299456818,20.,211.1903206591));
#646 = CARTESIAN_POINT('',(-53.99821898498,20.,210.82917763162));
#647 = CARTESIAN_POINT('',(-53.84472208751,20.,210.47101820419));
#648 = CARTESIAN_POINT('',(-53.69261404036,20.,210.11609942752));
#649 = CARTESIAN_POINT('',(-53.54201299191,20.,209.76469698113));
#650 = CARTESIAN_POINT('',(-53.39304329476,20.,209.41710102111));
#651 = CARTESIAN_POINT('',(-52.9826753431,20.,208.45957580058));
#652 = CARTESIAN_POINT('',(-52.72510441584,20.,207.85857697031));
#653 = CARTESIAN_POINT('',(-52.47391459777,20.,207.2724673948));
#654 = CARTESIAN_POINT('',(-52.22989510084,20.,206.70308856862));
#655 = CARTESIAN_POINT('',(-51.99377740524,20.,206.15214727891));
#656 = CARTESIAN_POINT('',(-51.76619159761,20.,205.62111372776));
#657 = CARTESIAN_POINT('',(-51.23825421929,20.,204.38925984501));
#658 = CARTESIAN_POINT('',(-50.94684351703,20.,203.70930153974));
#659 = CARTESIAN_POINT('',(-50.67489530872,20.,203.07475572036));
#660 = CARTESIAN_POINT('',(-50.4226895449,20.,202.48627560477));
#661 = CARTESIAN_POINT('',(-50.18955947402,20.,201.94230543939));
#662 = CARTESIAN_POINT('',(-49.97439390919,20.,201.44025245479));
#663 = CARTESIAN_POINT('',(-49.77586206896,20.,200.97701149425));
#664 = ORIENTED_EDGE('',*,*,#665,.T.);
#665 = EDGE_CURVE('',#635,#666,#668,.T.);
#666 = VERTEX_POINT('',#667);
#667 = CARTESIAN_POINT('',(-47.67647058823,20.,199.23529411764));
#668 = B_SPLINE_CURVE_WITH_KNOTS('',4,(#669,#670,#671,#672,#673,#674,
    #675,#676,#677,#678,#679,#680,#681,#682),.UNSPECIFIED.,.F.,.F.,(5,3,
    3,3,5),(0.,0.256999267796,0.507496882683,0.755296973059,1.),
  .UNSPECIFIED.);
#669 = CARTESIAN_POINT('',(-49.77586206896,20.,200.97701149425));
#670 = CARTESIAN_POINT('',(-49.6229317163,20.,200.85013594241));
#671 = CARTESIAN_POINT('',(-49.47331159927,20.,200.72600666014));
#672 = CARTESIAN_POINT('',(-49.32692594109,20.,200.60456078076));
#673 = CARTESIAN_POINT('',(-49.04407498768,20.,200.36989924904));
#674 = CARTESIAN_POINT('',(-48.90745255001,20.,200.25655322668));
#675 = CARTESIAN_POINT('',(-48.77374162623,20.,200.1456226825));
#676 = CARTESIAN_POINT('',(-48.51338206188,20.,199.92962067356));
#677 = CARTESIAN_POINT('',(-48.3866729861,20.,199.82449906995));
#678 = CARTESIAN_POINT('',(-48.26264755702,20.,199.72160389916));
#679 = CARTESIAN_POINT('',(-48.02131274249,20.,199.52138538636));
#680 = CARTESIAN_POINT('',(-47.90393887606,20.,199.42400854903));
#681 = CARTESIAN_POINT('',(-47.78901848349,20.,199.32866718631));
#682 = CARTESIAN_POINT('',(-47.67647058823,20.,199.23529411764));
#683 = ORIENTED_EDGE('',*,*,#684,.T.);
#684 = EDGE_CURVE('',#666,#685,#687,.T.);
#685 = VERTEX_POINT('',#686);
#686 = CARTESIAN_POINT('',(-23.75000000304,20.,199.23529411764));
#687 = B_SPLINE_CURVE_WITH_KNOTS('',1,(#688,#689),.UNSPECIFIED.,.F.,.F.,
  (2,2),(0.,1.),.PIECEWISE_BEZIER_KNOTS.);
#688 = CARTESIAN_POINT('',(-47.67647058823,20.,199.23529411764));
#689 = CARTESIAN_POINT('',(47.676470588235,20.,199.23529411764));
#690 = ORIENTED_EDGE('',*,*,#691,.F.);
#691 = EDGE_CURVE('',#692,#685,#694,.T.);
#692 = VERTEX_POINT('',#693);
#693 = CARTESIAN_POINT('',(-23.75000002725,20.,195.85046728971));
#694 = LINE('',#695,#696);
#695 = CARTESIAN_POINT('',(-23.75,20.,186.));
#696 = VECTOR('',#697,1.);
#697 = DIRECTION('',(0.,0.,1.));
#698 = ORIENTED_EDGE('',*,*,#699,.F.);
#699 = EDGE_CURVE('',#700,#692,#702,.T.);
#700 = VERTEX_POINT('',#701);
#701 = CARTESIAN_POINT('',(-49.74018691588,20.,195.85046728972));
#702 = B_SPLINE_CURVE_WITH_KNOTS('',1,(#703,#704),.UNSPECIFIED.,.F.,.F.,
  (2,2),(0.,1.),.PIECEWISE_BEZIER_KNOTS.);
#703 = CARTESIAN_POINT('',(-49.74018691588,20.,195.85046728972));
#704 = CARTESIAN_POINT('',(49.740186915888,20.,195.85046728972));
#705 = ORIENTED_EDGE('',*,*,#706,.F.);
#706 = EDGE_CURVE('',#707,#700,#709,.T.);
#707 = VERTEX_POINT('',#708);
#708 = CARTESIAN_POINT('',(-52.059602649,20.,197.93377483443));
#709 = B_SPLINE_CURVE_WITH_KNOTS('',4,(#710,#711,#712,#713,#714,#715,
    #716,#717,#718,#719,#720,#721,#722,#723),.UNSPECIFIED.,.F.,.F.,(5,3,
    3,3,5),(0.,0.257230003375,0.507762239405,0.755469657026,1.),
  .UNSPECIFIED.);
#710 = CARTESIAN_POINT('',(-52.059602649,20.,197.93377483443));
#711 = CARTESIAN_POINT('',(-51.88948691974,20.,197.78097627521));
#712 = CARTESIAN_POINT('',(-51.72323317631,20.,197.63164656555));
#713 = CARTESIAN_POINT('',(-51.56074887081,20.,197.48570257857));
#714 = CARTESIAN_POINT('',(-51.24724304088,20.,197.20411051576));
#715 = CARTESIAN_POINT('',(-51.09603339408,20.,197.06829346773));
#716 = CARTESIAN_POINT('',(-50.9482017007,20.,196.93551050961));
#717 = CARTESIAN_POINT('',(-50.66071562548,20.,196.67728948397));
#718 = CARTESIAN_POINT('',(-50.52098798177,20.,196.55178561236));
#719 = CARTESIAN_POINT('',(-50.38436005368,20.,196.42906591648));
#720 = CARTESIAN_POINT('',(-50.11881154786,20.,196.19054929448));
#721 = CARTESIAN_POINT('',(-49.98981470101,20.,196.07468386318));
#722 = CARTESIAN_POINT('',(-49.86363925216,20.,195.9613526217));
#723 = CARTESIAN_POINT('',(-49.74018691588,20.,195.85046728972));
#724 = ORIENTED_EDGE('',*,*,#725,.F.);
#725 = EDGE_CURVE('',#441,#707,#726,.T.);
#726 = B_SPLINE_CURVE_WITH_KNOTS('',7,(#727,#728,#729,#730,#731,#732,
    #733,#734,#735,#736,#737,#738,#739,#740,#741,#742,#743,#744,#745,
    #746,#747,#748,#749,#750,#751,#752),.UNSPECIFIED.,.F.,.F.,(8,6,6,6,8
    ),(0.,0.27938725537,0.632648623019,0.868831885149,1.),
  .UNSPECIFIED.);
#727 = CARTESIAN_POINT('',(-58.00454462405,20.,214.52431057875));
#728 = CARTESIAN_POINT('',(-57.70493071892,20.,213.68817875049));
#729 = CARTESIAN_POINT('',(-57.40724783158,20.,212.85743580907));
#730 = CARTESIAN_POINT('',(-57.11181083603,20.,212.03296047266));
#731 = CARTESIAN_POINT('',(-56.81906412574,20.,211.21599290904));
#732 = CARTESIAN_POINT('',(-56.52958291659,20.,210.40813837188));
#733 = CARTESIAN_POINT('',(-56.24406124427,20.,209.61133370495));
#734 = CARTESIAN_POINT('',(-55.60827112408,20.,207.83703569512));
#735 = CARTESIAN_POINT('',(-55.26071029025,20.,206.86709848444));
#736 = CARTESIAN_POINT('',(-54.92249409421,20.,205.92323933268));
#737 = CARTESIAN_POINT('',(-54.59574011749,20.,205.01136776974));
#738 = CARTESIAN_POINT('',(-54.28264000515,20.,204.13760001437));
#739 = CARTESIAN_POINT('',(-53.98508784759,20.,203.30722190026));
#740 = CARTESIAN_POINT('',(-53.51689719295,20.,202.00064332917));
#741 = CARTESIAN_POINT('',(-53.33683092004,20.,201.49813280012));
#742 = CARTESIAN_POINT('',(-53.16470412962,20.,201.01777896638));
#743 = CARTESIAN_POINT('',(-53.00070042017,20.,200.56009419583));
#744 = CARTESIAN_POINT('',(-52.84481414933,20.,200.12506274231));
#745 = CARTESIAN_POINT('',(-52.69689371518,20.,199.71226153073));
#746 = CARTESIAN_POINT('',(-52.47883105682,20.,199.10371457719));
#747 = CARTESIAN_POINT('',(-52.40334388286,20.,198.89305269636));
#748 = CARTESIAN_POINT('',(-52.33018532254,20.,198.68888927222));
#749 = CARTESIAN_POINT('',(-52.25929861175,20.,198.49106589327));
#750 = CARTESIAN_POINT('',(-52.19061936415,20.,198.29940287669));
#751 = CARTESIAN_POINT('',(-52.12407807899,20.,198.11370626696));
#752 = CARTESIAN_POINT('',(-52.059602649,20.,197.93377483443));
#753 = PLANE('',#754);
#754 = AXIS2_PLACEMENT_3D('',#755,#756,#757);
#755 = CARTESIAN_POINT('',(-200.,20.,-50.));
#756 = DIRECTION('',(0.,1.,0.));
#757 = DIRECTION('',(0.,0.,1.));
#758 = ADVANCED_FACE('',(#759),#776,.T.);
#759 = FACE_BOUND('',#760,.T.);
#760 = EDGE_LOOP('',(#761,#762,#770,#775));
#761 = ORIENTED_EDGE('',*,*,#275,.F.);
#762 = ORIENTED_EDGE('',*,*,#763,.T.);
#763 = EDGE_CURVE('',#268,#764,#766,.T.);
#764 = VERTEX_POINT('',#765);
#765 = CARTESIAN_POINT('',(-13.,-21.,187.));
#766 = LINE('',#767,#768);
#767 = CARTESIAN_POINT('',(-19.,-21.,187.));
#768 = VECTOR('',#769,1.);
#769 = DIRECTION('',(1.,0.,0.));
#770 = ORIENTED_EDGE('',*,*,#771,.T.);
#771 = EDGE_CURVE('',#764,#200,#772,.T.);
#772 = B_SPLINE_CURVE_WITH_KNOTS('',1,(#773,#774),.UNSPECIFIED.,.F.,.F.,
  (2,2),(0.,1.),.PIECEWISE_BEZIER_KNOTS.);
#773 = CARTESIAN_POINT('',(-13.,-21.,187.));
#774 = CARTESIAN_POINT('',(-13.,-16.73333333333,220.));
#775 = ORIENTED_EDGE('',*,*,#206,.F.);
#776 = PLANE('',#777);
#777 = AXIS2_PLACEMENT_3D('',#778,#779,#780);
#778 = CARTESIAN_POINT('',(-19.,-16.73333333333,220.));
#779 = DIRECTION('',(0.,-0.991745022976,0.128225619132));
#780 = DIRECTION('',(1.,0.,0.));
#781 = ADVANCED_FACE('',(#782),#832,.T.);
#782 = FACE_BOUND('',#783,.T.);
#783 = EDGE_LOOP('',(#784,#785,#793,#801,#808,#813,#814,#831));
#784 = ORIENTED_EDGE('',*,*,#771,.F.);
#785 = ORIENTED_EDGE('',*,*,#786,.T.);
#786 = EDGE_CURVE('',#764,#787,#789,.T.);
#787 = VERTEX_POINT('',#788);
#788 = CARTESIAN_POINT('',(-13.,-20.40909090909,186.99999999999));
#789 = LINE('',#790,#791);
#790 = CARTESIAN_POINT('',(-13.,-21.,187.));
#791 = VECTOR('',#792,1.);
#792 = DIRECTION('',(0.,1.,0.));
#793 = ORIENTED_EDGE('',*,*,#794,.T.);
#794 = EDGE_CURVE('',#787,#795,#797,.T.);
#795 = VERTEX_POINT('',#796);
#796 = CARTESIAN_POINT('',(-13.,-9.,187.));
#797 = LINE('',#798,#799);
#798 = CARTESIAN_POINT('',(-13.,-21.,187.));
#799 = VECTOR('',#800,1.);
#800 = DIRECTION('',(0.,1.,0.));
#801 = ORIENTED_EDGE('',*,*,#802,.T.);
#802 = EDGE_CURVE('',#795,#803,#805,.T.);
#803 = VERTEX_POINT('',#804);
#804 = CARTESIAN_POINT('',(-13.,-8.820127553778,188.39120095124));
#805 = B_SPLINE_CURVE_WITH_KNOTS('',1,(#806,#807),.UNSPECIFIED.,.F.,.F.,
  (2,2),(0.,1.),.PIECEWISE_BEZIER_KNOTS.);
#806 = CARTESIAN_POINT('',(-13.,-9.,187.));
#807 = CARTESIAN_POINT('',(-13.,-4.733333333333,220.));
#808 = ORIENTED_EDGE('',*,*,#809,.T.);
#809 = EDGE_CURVE('',#803,#406,#810,.T.);
#810 = B_SPLINE_CURVE_WITH_KNOTS('',1,(#811,#812),.UNSPECIFIED.,.F.,.F.,
  (2,2),(0.,1.),.PIECEWISE_BEZIER_KNOTS.);
#811 = CARTESIAN_POINT('',(-13.,-9.,187.));
#812 = CARTESIAN_POINT('',(-13.,-4.733333333333,220.));
#813 = ORIENTED_EDGE('',*,*,#405,.F.);
#814 = ORIENTED_EDGE('',*,*,#815,.T.);
#815 = EDGE_CURVE('',#399,#193,#816,.T.);
#816 = B_SPLINE_CURVE_WITH_KNOTS('',4,(#817,#818,#819,#820,#821,#822,
    #823,#824,#825,#826,#827,#828,#829,#830),.UNSPECIFIED.,.F.,.F.,(5,3,
    3,3,5),(0.,0.249756621334,0.499825834616,0.749889733288,1.),
  .UNSPECIFIED.);
#817 = CARTESIAN_POINT('',(-13.,-14.22122248469,216.28552574358));
#818 = CARTESIAN_POINT('',(-13.,-14.44909960981,214.5194780239));
#819 = CARTESIAN_POINT('',(-13.,-14.67697860037,212.75341584712));
#820 = CARTESIAN_POINT('',(-13.,-14.90485938723,210.98733974891));
#821 = CARTESIAN_POINT('',(-13.,-15.36090964167,207.45295027703));
#822 = CARTESIAN_POINT('',(-13.,-15.58907911355,205.68463686991));
#823 = CARTESIAN_POINT('',(-13.,-15.81725025928,203.91631049056));
#824 = CARTESIAN_POINT('',(-13.,-16.27359093272,200.37967027142));
#825 = CARTESIAN_POINT('',(-13.,-16.50176046034,198.61135643234));
#826 = CARTESIAN_POINT('',(-13.,-16.72993154528,196.84303052407));
#827 = CARTESIAN_POINT('',(-13.,-17.18631903179,193.3060275036));
#828 = CARTESIAN_POINT('',(-13.,-17.4145354339,191.53735038724));
#829 = CARTESIAN_POINT('',(-13.,-17.64275328698,189.76866202583));
#830 = CARTESIAN_POINT('',(-13.,-17.87097254193,187.9999628));
#831 = ORIENTED_EDGE('',*,*,#199,.T.);
#832 = B_SPLINE_SURFACE_WITH_KNOTS('',1,1,(
    (#833,#834)
    ,(#835,#836
  )),.UNSPECIFIED.,.F.,.F.,.F.,(2,2),(2,2),(0.,12.),(0.,1.),
  .PIECEWISE_BEZIER_KNOTS.);
#833 = CARTESIAN_POINT('',(-13.,-21.,187.));
#834 = CARTESIAN_POINT('',(-13.,-16.73333333333,220.));
#835 = CARTESIAN_POINT('',(-13.,-9.,187.));
#836 = CARTESIAN_POINT('',(-13.,-4.733333333333,220.));
#837 = ADVANCED_FACE('',(#838),#860,.F.);
#838 = FACE_BOUND('',#839,.F.);
#839 = EDGE_LOOP('',(#840,#841,#842,#843));
#840 = ORIENTED_EDGE('',*,*,#398,.T.);
#841 = ORIENTED_EDGE('',*,*,#815,.T.);
#842 = ORIENTED_EDGE('',*,*,#192,.F.);
#843 = ORIENTED_EDGE('',*,*,#844,.T.);
#844 = EDGE_CURVE('',#186,#380,#845,.T.);
#845 = B_SPLINE_CURVE_WITH_KNOTS('',4,(#846,#847,#848,#849,#850,#851,
    #852,#853,#854,#855,#856,#857,#858,#859),.UNSPECIFIED.,.F.,.F.,(5,3,
    3,3,5),(0.,0.250426923452,0.500490828614,0.750560048874,1.),
  .UNSPECIFIED.);
#846 = CARTESIAN_POINT('',(13.,-17.87097254193,187.9999628));
#847 = CARTESIAN_POINT('',(13.,-17.64246434577,189.77090132027));
#848 = CARTESIAN_POINT('',(13.,-17.41395755501,191.5418289486));
#849 = CARTESIAN_POINT('',(13.,-17.18545221898,193.3127453029));
#850 = CARTESIAN_POINT('',(13.,-16.72877580227,196.85198753234));
#851 = CARTESIAN_POINT('',(13.,-16.50060471726,198.62031344118));
#852 = CARTESIAN_POINT('',(13.,-16.27243518971,200.38862727974));
#853 = CARTESIAN_POINT('',(13.,-15.81609451626,203.92526749898));
#854 = CARTESIAN_POINT('',(13.,-15.58792337045,205.69359387895));
#855 = CARTESIAN_POINT('',(13.,-15.35975389864,207.4619072855));
#856 = CARTESIAN_POINT('',(13.,-14.90399258673,210.99405745284));
#857 = CARTESIAN_POINT('',(13.,-14.67640073791,212.75789428112));
#858 = CARTESIAN_POINT('',(13.,-14.44881068095,214.52171722258));
#859 = CARTESIAN_POINT('',(13.,-14.22122248469,216.28552574358));
#860 = B_SPLINE_SURFACE_WITH_KNOTS('',1,1,(
    (#861,#862)
    ,(#863,#864
    )),.UNSPECIFIED.,.F.,.F.,.F.,(2,2),(2,2),(0.,114.),(0.,1.),
  .PIECEWISE_BEZIER_KNOTS.);
#861 = CARTESIAN_POINT('',(-57.,-18.,187.));
#862 = CARTESIAN_POINT('',(-50.,-10.,249.));
#863 = CARTESIAN_POINT('',(57.,-18.,187.));
#864 = CARTESIAN_POINT('',(50.,-10.,249.));
#865 = ADVANCED_FACE('',(#866),#906,.T.);
#866 = FACE_BOUND('',#867,.T.);
#867 = EDGE_LOOP('',(#868,#869,#870,#871,#878,#885,#893,#901));
#868 = ORIENTED_EDGE('',*,*,#185,.T.);
#869 = ORIENTED_EDGE('',*,*,#844,.T.);
#870 = ORIENTED_EDGE('',*,*,#379,.F.);
#871 = ORIENTED_EDGE('',*,*,#872,.F.);
#872 = EDGE_CURVE('',#873,#373,#875,.T.);
#873 = VERTEX_POINT('',#874);
#874 = CARTESIAN_POINT('',(13.,-8.820127553778,188.39120095124));
#875 = B_SPLINE_CURVE_WITH_KNOTS('',1,(#876,#877),.UNSPECIFIED.,.F.,.F.,
  (2,2),(0.,1.),.PIECEWISE_BEZIER_KNOTS.);
#876 = CARTESIAN_POINT('',(13.,-9.,187.));
#877 = CARTESIAN_POINT('',(13.,-4.733333333333,220.));
#878 = ORIENTED_EDGE('',*,*,#879,.F.);
#879 = EDGE_CURVE('',#880,#873,#882,.T.);
#880 = VERTEX_POINT('',#881);
#881 = CARTESIAN_POINT('',(13.,-9.,187.));
#882 = B_SPLINE_CURVE_WITH_KNOTS('',1,(#883,#884),.UNSPECIFIED.,.F.,.F.,
  (2,2),(0.,1.),.PIECEWISE_BEZIER_KNOTS.);
#883 = CARTESIAN_POINT('',(13.,-9.,187.));
#884 = CARTESIAN_POINT('',(13.,-4.733333333333,220.));
#885 = ORIENTED_EDGE('',*,*,#886,.T.);
#886 = EDGE_CURVE('',#880,#887,#889,.T.);
#887 = VERTEX_POINT('',#888);
#888 = CARTESIAN_POINT('',(13.,-20.40909090909,186.99999999999));
#889 = LINE('',#890,#891);
#890 = CARTESIAN_POINT('',(13.,-9.,187.));
#891 = VECTOR('',#892,1.);
#892 = DIRECTION('',(0.,-1.,0.));
#893 = ORIENTED_EDGE('',*,*,#894,.T.);
#894 = EDGE_CURVE('',#887,#895,#897,.T.);
#895 = VERTEX_POINT('',#896);
#896 = CARTESIAN_POINT('',(13.,-21.,187.));
#897 = LINE('',#898,#899);
#898 = CARTESIAN_POINT('',(13.,-9.,187.));
#899 = VECTOR('',#900,1.);
#900 = DIRECTION('',(0.,-1.,0.));
#901 = ORIENTED_EDGE('',*,*,#902,.T.);
#902 = EDGE_CURVE('',#895,#178,#903,.T.);
#903 = B_SPLINE_CURVE_WITH_KNOTS('',1,(#904,#905),.UNSPECIFIED.,.F.,.F.,
  (2,2),(0.,1.),.PIECEWISE_BEZIER_KNOTS.);
#904 = CARTESIAN_POINT('',(13.,-21.,187.));
#905 = CARTESIAN_POINT('',(13.,-16.73333333333,220.));
#906 = B_SPLINE_SURFACE_WITH_KNOTS('',1,1,(
    (#907,#908)
    ,(#909,#910
  )),.UNSPECIFIED.,.F.,.F.,.F.,(2,2),(2,2),(0.,12.),(0.,1.),
  .PIECEWISE_BEZIER_KNOTS.);
#907 = CARTESIAN_POINT('',(13.,-9.,187.));
#908 = CARTESIAN_POINT('',(13.,-4.733333333333,220.));
#909 = CARTESIAN_POINT('',(13.,-21.,187.));
#910 = CARTESIAN_POINT('',(13.,-16.73333333333,220.));
#911 = ADVANCED_FACE('',(#912),#929,.T.);
#912 = FACE_BOUND('',#913,.T.);
#913 = EDGE_LOOP('',(#914,#915,#923,#928));
#914 = ORIENTED_EDGE('',*,*,#902,.F.);
#915 = ORIENTED_EDGE('',*,*,#916,.T.);
#916 = EDGE_CURVE('',#895,#917,#919,.T.);
#917 = VERTEX_POINT('',#918);
#918 = CARTESIAN_POINT('',(19.,-21.,187.));
#919 = LINE('',#920,#921);
#920 = CARTESIAN_POINT('',(13.,-21.,187.));
#921 = VECTOR('',#922,1.);
#922 = DIRECTION('',(1.,0.,0.));
#923 = ORIENTED_EDGE('',*,*,#924,.T.);
#924 = EDGE_CURVE('',#917,#171,#925,.T.);
#925 = B_SPLINE_CURVE_WITH_KNOTS('',1,(#926,#927),.UNSPECIFIED.,.F.,.F.,
  (2,2),(0.,1.),.PIECEWISE_BEZIER_KNOTS.);
#926 = CARTESIAN_POINT('',(19.,-21.,187.));
#927 = CARTESIAN_POINT('',(19.,-16.73333333333,220.));
#928 = ORIENTED_EDGE('',*,*,#177,.F.);
#929 = PLANE('',#930);
#930 = AXIS2_PLACEMENT_3D('',#931,#932,#933);
#931 = CARTESIAN_POINT('',(13.,-16.73333333333,220.));
#932 = DIRECTION('',(0.,-0.991745022976,0.128225619132));
#933 = DIRECTION('',(1.,0.,0.));
#934 = ADVANCED_FACE('',(#935),#985,.T.);
#935 = FACE_BOUND('',#936,.T.);
#936 = EDGE_LOOP('',(#937,#938,#939,#947,#955,#962,#967,#968));
#937 = ORIENTED_EDGE('',*,*,#170,.T.);
#938 = ORIENTED_EDGE('',*,*,#924,.F.);
#939 = ORIENTED_EDGE('',*,*,#940,.T.);
#940 = EDGE_CURVE('',#917,#941,#943,.T.);
#941 = VERTEX_POINT('',#942);
#942 = CARTESIAN_POINT('',(19.,-20.40909090909,186.99999999999));
#943 = LINE('',#944,#945);
#944 = CARTESIAN_POINT('',(19.,-21.,187.));
#945 = VECTOR('',#946,1.);
#946 = DIRECTION('',(0.,1.,0.));
#947 = ORIENTED_EDGE('',*,*,#948,.T.);
#948 = EDGE_CURVE('',#941,#949,#951,.T.);
#949 = VERTEX_POINT('',#950);
#950 = CARTESIAN_POINT('',(19.,-9.,187.));
#951 = LINE('',#952,#953);
#952 = CARTESIAN_POINT('',(19.,-21.,187.));
#953 = VECTOR('',#954,1.);
#954 = DIRECTION('',(0.,1.,0.));
#955 = ORIENTED_EDGE('',*,*,#956,.T.);
#956 = EDGE_CURVE('',#949,#957,#959,.T.);
#957 = VERTEX_POINT('',#958);
#958 = CARTESIAN_POINT('',(19.,-8.820127553778,188.39120095124));
#959 = B_SPLINE_CURVE_WITH_KNOTS('',1,(#960,#961),.UNSPECIFIED.,.F.,.F.,
  (2,2),(0.,1.),.PIECEWISE_BEZIER_KNOTS.);
#960 = CARTESIAN_POINT('',(19.,-9.,187.));
#961 = CARTESIAN_POINT('',(19.,-4.733333333333,220.));
#962 = ORIENTED_EDGE('',*,*,#963,.T.);
#963 = EDGE_CURVE('',#957,#354,#964,.T.);
#964 = B_SPLINE_CURVE_WITH_KNOTS('',1,(#965,#966),.UNSPECIFIED.,.F.,.F.,
  (2,2),(0.,1.),.PIECEWISE_BEZIER_KNOTS.);
#965 = CARTESIAN_POINT('',(19.,-9.,187.));
#966 = CARTESIAN_POINT('',(19.,-4.733333333333,220.));
#967 = ORIENTED_EDGE('',*,*,#353,.F.);
#968 = ORIENTED_EDGE('',*,*,#969,.T.);
#969 = EDGE_CURVE('',#347,#164,#970,.T.);
#970 = B_SPLINE_CURVE_WITH_KNOTS('',4,(#971,#972,#973,#974,#975,#976,
    #977,#978,#979,#980,#981,#982,#983,#984),.UNSPECIFIED.,.F.,.F.,(5,3,
    3,3,5),(0.,0.250565924954,0.500637901609,0.750698537867,1.),
  .UNSPECIFIED.);
#971 = CARTESIAN_POINT('',(19.,-14.22122248469,216.28552574358));
#972 = CARTESIAN_POINT('',(19.,-14.44982642621,214.5138451968));
#973 = CARTESIAN_POINT('',(19.,-14.67843437417,212.74213360014));
#974 = CARTESIAN_POINT('',(19.,-14.90704617987,210.970392106));
#975 = CARTESIAN_POINT('',(19.,-15.3638265577,207.43034417781));
#976 = CARTESIAN_POINT('',(19.,-15.59199511512,205.66203785778));
#977 = CARTESIAN_POINT('',(19.,-15.82016724413,203.89370385797));
#978 = CARTESIAN_POINT('',(19.,-16.27650804978,200.35706261415));
#979 = CARTESIAN_POINT('',(19.,-16.50467672607,198.58875537294));
#980 = CARTESIAN_POINT('',(19.,-16.73284872548,196.82042237752));
#981 = CARTESIAN_POINT('',(19.,-17.18850641199,193.28907530701));
#982 = CARTESIAN_POINT('',(19.,-17.4159920796,191.52606138303));
#983 = CARTESIAN_POINT('',(19.,-17.64348082415,189.76302361278));
#984 = CARTESIAN_POINT('',(19.,-17.87097254193,187.9999628));
#985 = B_SPLINE_SURFACE_WITH_KNOTS('',1,1,(
    (#986,#987)
    ,(#988,#989
  )),.UNSPECIFIED.,.F.,.F.,.F.,(2,2),(2,2),(0.,12.),(0.,1.),
  .PIECEWISE_BEZIER_KNOTS.);
#986 = CARTESIAN_POINT('',(19.,-21.,187.));
#987 = CARTESIAN_POINT('',(19.,-16.73333333333,220.));
#988 = CARTESIAN_POINT('',(19.,-9.,187.));
#989 = CARTESIAN_POINT('',(19.,-4.733333333333,220.));
#990 = ADVANCED_FACE('',(#991),#1001,.F.);
#991 = FACE_BOUND('',#992,.F.);
#992 = EDGE_LOOP('',(#993,#994,#995,#996));
#993 = ORIENTED_EDGE('',*,*,#346,.T.);
#994 = ORIENTED_EDGE('',*,*,#969,.T.);
#995 = ORIENTED_EDGE('',*,*,#163,.F.);
#996 = ORIENTED_EDGE('',*,*,#997,.T.);
#997 = EDGE_CURVE('',#157,#337,#998,.T.);
#998 = B_SPLINE_CURVE_WITH_KNOTS('',1,(#999,#1000),.UNSPECIFIED.,.F.,.F.
  ,(2,2),(0.,1.),.PIECEWISE_BEZIER_KNOTS.);
#999 = CARTESIAN_POINT('',(57.,-18.,187.));
#1000 = CARTESIAN_POINT('',(50.,-10.,249.));
#1001 = B_SPLINE_SURFACE_WITH_KNOTS('',1,1,(
    (#1002,#1003)
    ,(#1004,#1005
    )),.UNSPECIFIED.,.F.,.F.,.F.,(2,2),(2,2),(0.,114.),(0.,1.),
  .PIECEWISE_BEZIER_KNOTS.);
#1002 = CARTESIAN_POINT('',(-57.,-18.,187.));
#1003 = CARTESIAN_POINT('',(-50.,-10.,249.));
#1004 = CARTESIAN_POINT('',(57.,-18.,187.));
#1005 = CARTESIAN_POINT('',(50.,-10.,249.));
#1006 = ADVANCED_FACE('',(#1007),#1024,.F.);
#1007 = FACE_BOUND('',#1008,.F.);
#1008 = EDGE_LOOP('',(#1009,#1010,#1011,#1018,#1023));
#1009 = ORIENTED_EDGE('',*,*,#997,.F.);
#1010 = ORIENTED_EDGE('',*,*,#156,.F.);
#1011 = ORIENTED_EDGE('',*,*,#1012,.T.);
#1012 = EDGE_CURVE('',#150,#1013,#1015,.T.);
#1013 = VERTEX_POINT('',#1014);
#1014 = CARTESIAN_POINT('',(57.810615677563,-10.20707711837,
    215.86020311012));
#1015 = B_SPLINE_CURVE_WITH_KNOTS('',1,(#1016,#1017),.UNSPECIFIED.,.F.,
  .F.,(2,2),(0.,1.),.PIECEWISE_BEZIER_KNOTS.);
#1016 = CARTESIAN_POINT('',(62.,-13.,187.));
#1017 = CARTESIAN_POINT('',(53.,-7.,249.));
#1018 = ORIENTED_EDGE('',*,*,#1019,.T.);
#1019 = EDGE_CURVE('',#1013,#330,#1020,.T.);
#1020 = B_SPLINE_CURVE_WITH_KNOTS('',1,(#1021,#1022),.UNSPECIFIED.,.F.,
  .F.,(2,2),(0.,1.),.PIECEWISE_BEZIER_KNOTS.);
#1021 = CARTESIAN_POINT('',(57.810615677563,-10.20707711837,
    215.86020311012));
#1022 = CARTESIAN_POINT('',(54.175678356077,-13.84201443986,
    215.86020311012));
#1023 = ORIENTED_EDGE('',*,*,#336,.T.);
#1024 = B_SPLINE_SURFACE_WITH_KNOTS('',1,1,(
    (#1025,#1026)
    ,(#1027,#1028
    )),.UNSPECIFIED.,.F.,.F.,.F.,(2,2),(2,2),(0.,7.071067811865),(0.,1.)
  ,.PIECEWISE_BEZIER_KNOTS.);
#1025 = CARTESIAN_POINT('',(57.,-18.,187.));
#1026 = CARTESIAN_POINT('',(50.,-10.,249.));
#1027 = CARTESIAN_POINT('',(62.,-13.,187.));
#1028 = CARTESIAN_POINT('',(53.,-7.,249.));
#1029 = ADVANCED_FACE('',(#1030),#1068,.F.);
#1030 = FACE_BOUND('',#1031,.F.);
#1031 = EDGE_LOOP('',(#1032,#1033,#1034,#1053,#1060));
#1032 = ORIENTED_EDGE('',*,*,#1012,.F.);
#1033 = ORIENTED_EDGE('',*,*,#149,.F.);
#1034 = ORIENTED_EDGE('',*,*,#1035,.T.);
#1035 = EDGE_CURVE('',#142,#1036,#1038,.T.);
#1036 = VERTEX_POINT('',#1037);
#1037 = CARTESIAN_POINT('',(58.004538174052,20.,214.52429257875));
#1038 = B_SPLINE_CURVE_WITH_KNOTS('',4,(#1039,#1040,#1041,#1042,#1043,
    #1044,#1045,#1046,#1047,#1048,#1049,#1050,#1051,#1052),
  .UNSPECIFIED.,.F.,.F.,(5,3,3,3,5),(0.,0.249953529471,0.499920765231,
    0.74990390876,1.),.UNSPECIFIED.);
#1039 = CARTESIAN_POINT('',(61.854844109677,20.,187.9999628));
#1040 = CARTESIAN_POINT('',(61.602094812021,20.,189.74112462829));
#1041 = CARTESIAN_POINT('',(61.349349859471,20.,191.48225652364));
#1042 = CARTESIAN_POINT('',(61.096609544508,20.,193.22335647116));
#1043 = CARTESIAN_POINT('',(60.591125020595,20.,196.70558319145));
#1044 = CARTESIAN_POINT('',(60.338380812702,20.,198.44670995694));
#1045 = CARTESIAN_POINT('',(60.085641932935,20.,200.18780001755));
#1046 = CARTESIAN_POINT('',(59.580159562303,20.,203.67001190413));
#1047 = CARTESIAN_POINT('',(59.327416072806,20.,205.41113372066));
#1048 = CARTESIAN_POINT('',(59.07467872901,20.,207.15221320015));
#1049 = CARTESIAN_POINT('',(58.569103114902,20.,210.63506743067));
#1050 = CARTESIAN_POINT('',(58.316264851391,20.,212.37684213486));
#1051 = CARTESIAN_POINT('',(58.063433711837,20.,214.11856776289));
#1052 = CARTESIAN_POINT('',(57.810610277563,20.,215.86024031012));
#1053 = ORIENTED_EDGE('',*,*,#1054,.T.);
#1054 = EDGE_CURVE('',#1036,#1055,#1057,.T.);
#1055 = VERTEX_POINT('',#1056);
#1056 = CARTESIAN_POINT('',(58.004538174052,-8.525840896957,
    214.52429257875));
#1057 = B_SPLINE_CURVE_WITH_KNOTS('',1,(#1058,#1059),.UNSPECIFIED.,.F.,
  .F.,(2,2),(0.,1.),.PIECEWISE_BEZIER_KNOTS.);
#1058 = CARTESIAN_POINT('',(58.004538174052,32.525840896957,
    214.52429257875));
#1059 = CARTESIAN_POINT('',(58.004538174052,-8.525840896957,
    214.52429257875));
#1060 = ORIENTED_EDGE('',*,*,#1061,.T.);
#1061 = EDGE_CURVE('',#1055,#1013,#1062,.T.);
#1062 = B_SPLINE_CURVE_WITH_KNOTS('',4,(#1063,#1064,#1065,#1066,#1067),
  .UNSPECIFIED.,.F.,.F.,(5,5),(0.,1.),.PIECEWISE_BEZIER_KNOTS.);
#1063 = CARTESIAN_POINT('',(58.004538174052,-8.525840896957,
    214.52429257875));
#1064 = CARTESIAN_POINT('',(57.956169297291,-8.945181144077,
    214.85750039643));
#1065 = CARTESIAN_POINT('',(57.907714372992,-9.365267391484,
    215.19130098605));
#1066 = CARTESIAN_POINT('',(57.859191519765,-9.785942557531,
    215.5255695305));
#1067 = CARTESIAN_POINT('',(57.810615677563,-10.20707711837,
    215.86020311012));
#1068 = B_SPLINE_SURFACE_WITH_KNOTS('',1,1,(
    (#1069,#1070)
    ,(#1071,#1072
    )),.UNSPECIFIED.,.F.,.F.,.F.,(2,2),(2,2),(0.,50.),(0.,1.),
  .PIECEWISE_BEZIER_KNOTS.);
#1069 = CARTESIAN_POINT('',(62.,-13.,187.));
#1070 = CARTESIAN_POINT('',(53.,-7.,249.));
#1071 = CARTESIAN_POINT('',(62.,37.,187.));
#1072 = CARTESIAN_POINT('',(53.,31.,249.));
#1073 = ADVANCED_FACE('',(#1074),#1276,.T.);
#1074 = FACE_BOUND('',#1075,.T.);
#1075 = EDGE_LOOP('',(#1076,#1085,#1093,#1100,#1119,#1150,#1158,#1177,
    #1187,#1197,#1205,#1226,#1227,#1228,#1259));
#1076 = ORIENTED_EDGE('',*,*,#1077,.F.);
#1077 = EDGE_CURVE('',#1078,#1080,#1082,.T.);
#1078 = VERTEX_POINT('',#1079);
#1079 = CARTESIAN_POINT('',(23.75,20.,195.85046728972));
#1080 = VERTEX_POINT('',#1081);
#1081 = CARTESIAN_POINT('',(49.740186915888,20.,195.85046728972));
#1082 = B_SPLINE_CURVE_WITH_KNOTS('',1,(#1083,#1084),.UNSPECIFIED.,.F.,
  .F.,(2,2),(0.,1.),.PIECEWISE_BEZIER_KNOTS.);
#1083 = CARTESIAN_POINT('',(-49.74018691588,20.,195.85046728972));
#1084 = CARTESIAN_POINT('',(49.740186915888,20.,195.85046728972));
#1085 = ORIENTED_EDGE('',*,*,#1086,.T.);
#1086 = EDGE_CURVE('',#1078,#1087,#1089,.T.);
#1087 = VERTEX_POINT('',#1088);
#1088 = CARTESIAN_POINT('',(23.75,20.,199.23529411764));
#1089 = LINE('',#1090,#1091);
#1090 = CARTESIAN_POINT('',(23.75,20.,186.));
#1091 = VECTOR('',#1092,1.);
#1092 = DIRECTION('',(0.,0.,1.));
#1093 = ORIENTED_EDGE('',*,*,#1094,.T.);
#1094 = EDGE_CURVE('',#1087,#1095,#1097,.T.);
#1095 = VERTEX_POINT('',#1096);
#1096 = CARTESIAN_POINT('',(47.676470588235,20.,199.23529411764));
#1097 = B_SPLINE_CURVE_WITH_KNOTS('',1,(#1098,#1099),.UNSPECIFIED.,.F.,
  .F.,(2,2),(0.,1.),.PIECEWISE_BEZIER_KNOTS.);
#1098 = CARTESIAN_POINT('',(-47.67647058823,20.,199.23529411764));
#1099 = CARTESIAN_POINT('',(47.676470588235,20.,199.23529411764));
#1100 = ORIENTED_EDGE('',*,*,#1101,.T.);
#1101 = EDGE_CURVE('',#1095,#1102,#1104,.T.);
#1102 = VERTEX_POINT('',#1103);
#1103 = CARTESIAN_POINT('',(49.775862068966,20.,200.97701149425));
#1104 = B_SPLINE_CURVE_WITH_KNOTS('',4,(#1105,#1106,#1107,#1108,#1109,
    #1110,#1111,#1112,#1113,#1114,#1115,#1116,#1117,#1118),
  .UNSPECIFIED.,.F.,.F.,(5,3,3,3,5),(0.,0.245687702317,0.492503121142,
    0.744015120358,1.),.UNSPECIFIED.);
#1105 = CARTESIAN_POINT('',(47.676470588235,20.,199.23529411764));
#1106 = CARTESIAN_POINT('',(47.789471371811,20.,199.32904291587));
#1107 = CARTESIAN_POINT('',(47.904863784341,20.,199.42477588034));
#1108 = CARTESIAN_POINT('',(48.022729785498,20.,199.52256100722));
#1109 = CARTESIAN_POINT('',(48.264126194218,20.,199.72283062038));
#1110 = CARTESIAN_POINT('',(48.387680032727,20.,199.82533454567));
#1111 = CARTESIAN_POINT('',(48.513896558715,20.,199.93004751537));
#1112 = CARTESIAN_POINT('',(48.774271648173,20.,200.14606240441));
#1113 = CARTESIAN_POINT('',(48.908535522521,20.,200.25745169275));
#1114 = CARTESIAN_POINT('',(49.045734888282,20.,200.37127635176));
#1115 = CARTESIAN_POINT('',(49.32865946624,20.,200.60599896458));
#1116 = CARTESIAN_POINT('',(49.4744927651,20.,200.7269865903));
#1117 = CARTESIAN_POINT('',(49.623535339587,20.,200.85063672617));
#1118 = CARTESIAN_POINT('',(49.775862068966,20.,200.97701149425));
#1119 = ORIENTED_EDGE('',*,*,#1120,.T.);
#1120 = EDGE_CURVE('',#1102,#1121,#1123,.T.);
#1121 = VERTEX_POINT('',#1122);
#1122 = CARTESIAN_POINT('',(57.071428571429,20.,218.));
#1123 = B_SPLINE_CURVE_WITH_KNOTS('',7,(#1124,#1125,#1126,#1127,#1128,
    #1129,#1130,#1131,#1132,#1133,#1134,#1135,#1136,#1137,#1138,#1139,
    #1140,#1141,#1142,#1143,#1144,#1145,#1146,#1147,#1148,#1149),
  .UNSPECIFIED.,.F.,.F.,(8,6,6,6,8),(0.,0.326559117466,0.556391856276,
    0.685771320287,1.),.UNSPECIFIED.);
#1124 = CARTESIAN_POINT('',(49.775862068966,20.,200.97701149425));
#1125 = CARTESIAN_POINT('',(49.97447425755,20.,201.44043993428));
#1126 = CARTESIAN_POINT('',(50.189733774005,20.,201.94271213934));
#1127 = CARTESIAN_POINT('',(50.422972916137,20.,202.48693680432));
#1128 = CARTESIAN_POINT('',(50.675304038332,20.,203.07570942277));
#1129 = CARTESIAN_POINT('',(50.947394297262,20.,203.71058669361));
#1130 = CARTESIAN_POINT('',(51.238962324271,20.,204.39091208996));
#1131 = CARTESIAN_POINT('',(51.766369362195,20.,205.62152851178));
#1132 = CARTESIAN_POINT('',(51.993194016901,20.,206.15078603943));
#1133 = CARTESIAN_POINT('',(52.228493622798,20.,206.69981845319));
#1134 = CARTESIAN_POINT('',(52.471644624102,20.,207.26717078957));
#1135 = CARTESIAN_POINT('',(52.72192326288,20.,207.85115428005));
#1136 = CARTESIAN_POINT('',(52.978548496249,20.,208.44994649124));
#1137 = CARTESIAN_POINT('',(53.388326402416,20.,209.40609493897));
#1138 = CARTESIAN_POINT('',(53.537692154974,20.,209.75461502827));
#1139 = CARTESIAN_POINT('',(53.68870165493,20.,210.10697052816));
#1140 = CARTESIAN_POINT('',(53.841229337659,20.,210.46286845453));
#1141 = CARTESIAN_POINT('',(53.995155894437,20.,210.82203042035));
#1142 = CARTESIAN_POINT('',(54.15037008342,20.,211.18419686131));
#1143 = CARTESIAN_POINT('',(54.686626103836,20.,212.43546090895));
#1144 = CARTESIAN_POINT('',(55.073413207705,20.,213.33796415131));
#1145 = CARTESIAN_POINT('',(55.465775079475,20.,214.25347518544));
#1146 = CARTESIAN_POINT('',(55.862548867929,20.,215.17928069183));
#1147 = CARTESIAN_POINT('',(56.26281884729,20.,216.113243977));
#1148 = CARTESIAN_POINT('',(56.665919388761,20.,217.0538119071));
#1149 = CARTESIAN_POINT('',(57.071435771429,20.,218.0000168));
#1150 = ORIENTED_EDGE('',*,*,#1151,.F.);
#1151 = EDGE_CURVE('',#1152,#1121,#1154,.T.);
#1152 = VERTEX_POINT('',#1153);
#1153 = CARTESIAN_POINT('',(57.5,20.,218.));
#1154 = LINE('',#1155,#1156);
#1155 = CARTESIAN_POINT('',(-127.325,20.,218.));
#1156 = VECTOR('',#1157,1.);
#1157 = DIRECTION('',(-1.,0.,0.));
#1158 = ORIENTED_EDGE('',*,*,#1159,.T.);
#1159 = EDGE_CURVE('',#1152,#1160,#1162,.T.);
#1160 = VERTEX_POINT('',#1161);
#1161 = CARTESIAN_POINT('',(54.285714285714,20.,240.14285714285));
#1162 = B_SPLINE_CURVE_WITH_KNOTS('',4,(#1163,#1164,#1165,#1166,#1167,
    #1168,#1169,#1170,#1171,#1172,#1173,#1174,#1175,#1176),
  .UNSPECIFIED.,.F.,.F.,(5,3,3,3,5),(0.,0.249943297078,0.49990732693,
    0.749894964111,1.),.UNSPECIFIED.);
#1163 = CARTESIAN_POINT('',(57.5000054,20.,217.9999628));
#1164 = CARTESIAN_POINT('',(57.299121050573,20.,219.38383276272));
#1165 = CARTESIAN_POINT('',(57.098241799208,20.,220.76766760545));
#1166 = CARTESIAN_POINT('',(56.897367954573,20.,222.15146520183));
#1167 = CARTESIAN_POINT('',(56.495615132286,20.,224.91909575536));
#1168 = CARTESIAN_POINT('',(56.294736156014,20.,226.30292870301));
#1169 = CARTESIAN_POINT('',(56.093863303274,20.,227.68671946633));
#1170 = CARTESIAN_POINT('',(55.692111706609,20.,230.45434157669));
#1171 = CARTESIAN_POINT('',(55.491232964436,20.,231.83817291166));
#1172 = CARTESIAN_POINT('',(55.290361179591,20.,233.22195631837));
#1173 = CARTESIAN_POINT('',(54.888538166574,20.,235.99007040804));
#1174 = CARTESIAN_POINT('',(54.687586946031,20.,237.37440103845));
#1175 = CARTESIAN_POINT('',(54.486643662382,20.,238.75867699248));
#1176 = CARTESIAN_POINT('',(54.285708885715,20.,240.14289434285));
#1177 = ORIENTED_EDGE('',*,*,#1178,.T.);
#1178 = EDGE_CURVE('',#1160,#1179,#1181,.T.);
#1179 = VERTEX_POINT('',#1180);
#1180 = CARTESIAN_POINT('',(53.6,20.,244.));
#1181 = B_SPLINE_CURVE_WITH_KNOTS('',4,(#1182,#1183,#1184,#1185,#1186),
  .UNSPECIFIED.,.F.,.F.,(5,5),(0.,1.),.PIECEWISE_BEZIER_KNOTS.);
#1182 = CARTESIAN_POINT('',(54.285714765716,20.,240.14285444285));
#1183 = CARTESIAN_POINT('',(54.114276086551,20.,241.10719701315));
#1184 = CARTESIAN_POINT('',(53.942843800866,20.,242.07150362012));
#1185 = CARTESIAN_POINT('',(53.771418291182,20.,243.0357721121));
#1186 = CARTESIAN_POINT('',(53.6,20.,244.));
#1187 = ORIENTED_EDGE('',*,*,#1188,.T.);
#1188 = EDGE_CURVE('',#1179,#1189,#1191,.T.);
#1189 = VERTEX_POINT('',#1190);
#1190 = CARTESIAN_POINT('',(53.04,20.,248.));
#1191 = B_SPLINE_CURVE_WITH_KNOTS('',4,(#1192,#1193,#1194,#1195,#1196),
  .UNSPECIFIED.,.F.,.F.,(5,5),(0.,1.),.PIECEWISE_BEZIER_KNOTS.);
#1192 = CARTESIAN_POINT('',(53.6,20.,244.));
#1193 = CARTESIAN_POINT('',(53.459999580016,20.,245.00000299988));
#1194 = CARTESIAN_POINT('',(53.319999367095,20.,246.00000452074));
#1195 = CARTESIAN_POINT('',(53.179999365571,20.,247.00000453163));
#1196 = CARTESIAN_POINT('',(53.03999958,20.,248.000003));
#1197 = ORIENTED_EDGE('',*,*,#1198,.F.);
#1198 = EDGE_CURVE('',#1199,#1189,#1201,.T.);
#1199 = VERTEX_POINT('',#1200);
#1200 = CARTESIAN_POINT('',(56.,20.,248.));
#1201 = LINE('',#1202,#1203);
#1202 = CARTESIAN_POINT('',(-100.,20.,248.));
#1203 = VECTOR('',#1204,1.);
#1204 = DIRECTION('',(-1.,0.,0.));
#1205 = ORIENTED_EDGE('',*,*,#1206,.F.);
#1206 = EDGE_CURVE('',#134,#1199,#1207,.T.);
#1207 = B_SPLINE_CURVE_WITH_KNOTS('',5,(#1208,#1209,#1210,#1211,#1212,
    #1213,#1214,#1215,#1216,#1217,#1218,#1219,#1220,#1221,#1222,#1223,
    #1224,#1225),.UNSPECIFIED.,.F.,.F.,(6,4,4,4,6),(0.,0.250817712935,
    0.500690034282,0.750643186046,1.),.UNSPECIFIED.);
#1208 = CARTESIAN_POINT('',(65.,20.,188.));
#1209 = CARTESIAN_POINT('',(64.548262782771,20.,191.01158144819));
#1210 = CARTESIAN_POINT('',(64.096544784046,20.,194.02303477303));
#1211 = CARTESIAN_POINT('',(63.644848122781,20.,197.03434584812));
#1212 = CARTESIAN_POINT('',(63.193175436606,20.,200.04549708929));
#1213 = CARTESIAN_POINT('',(62.291586840468,20.,206.05608773021));
#1214 = CARTESIAN_POINT('',(61.841670765468,20.,209.05552823021));
#1215 = CARTESIAN_POINT('',(61.391784907175,20.,212.05476728549));
#1216 = CARTESIAN_POINT('',(60.941933280096,20.,215.05377813269));
#1217 = CARTESIAN_POINT('',(60.042162959565,20.,221.05224693623));
#1218 = CARTESIAN_POINT('',(59.592244363685,20.,224.05170424209));
#1219 = CARTESIAN_POINT('',(59.14237003394,20.,227.0508664404));
#1220 = CARTESIAN_POINT('',(58.692546355838,20.,230.04969096107));
#1221 = CARTESIAN_POINT('',(57.794089493345,20.,236.03940337769));
#1222 = CARTESIAN_POINT('',(57.345456165775,20.,239.03029222816));
#1223 = CARTESIAN_POINT('',(56.896889336364,20.,242.02073775757));
#1224 = CARTESIAN_POINT('',(56.448399460068,20.,245.01067026621));
#1225 = CARTESIAN_POINT('',(56.,20.,248.));
#1226 = ORIENTED_EDGE('',*,*,#141,.T.);
#1227 = ORIENTED_EDGE('',*,*,#1035,.T.);
#1228 = ORIENTED_EDGE('',*,*,#1229,.F.);
#1229 = EDGE_CURVE('',#1230,#1036,#1232,.T.);
#1230 = VERTEX_POINT('',#1231);
#1231 = CARTESIAN_POINT('',(52.059602649007,20.,197.93377483443));
#1232 = B_SPLINE_CURVE_WITH_KNOTS('',7,(#1233,#1234,#1235,#1236,#1237,
    #1238,#1239,#1240,#1241,#1242,#1243,#1244,#1245,#1246,#1247,#1248,
    #1249,#1250,#1251,#1252,#1253,#1254,#1255,#1256,#1257,#1258),
  .UNSPECIFIED.,.F.,.F.,(8,6,6,6,8),(0.,0.131343226934,0.368292543628,
    0.720941500016,1.),.UNSPECIFIED.);
#1233 = CARTESIAN_POINT('',(52.059602649007,20.,197.93377483443));
#1234 = CARTESIAN_POINT('',(52.124164103507,20.,198.11394633536));
#1235 = CARTESIAN_POINT('',(52.190796929916,20.,198.29989840906));
#1236 = CARTESIAN_POINT('',(52.259573523805,20.,198.49183308968));
#1237 = CARTESIAN_POINT('',(52.330563661171,20.,198.68994510094));
#1238 = CARTESIAN_POINT('',(52.403831973081,20.,198.89441480859));
#1239 = CARTESIAN_POINT('',(52.479435420297,20.,199.10540117292));
#1240 = CARTESIAN_POINT('',(52.698109977888,20.,199.71565575224));
#1241 = CARTESIAN_POINT('',(52.846570801364,20.,200.12996502706));
#1242 = CARTESIAN_POINT('',(53.003050702295,20.,200.56665312268));
#1243 = CARTESIAN_POINT('',(53.16770187137,20.,201.02614475731));
#1244 = CARTESIAN_POINT('',(53.34052847321,20.,201.50845155314));
#1245 = CARTESIAN_POINT('',(53.521342828805,20.,202.0130497548));
#1246 = CARTESIAN_POINT('',(53.990105797725,20.,203.32122548202));
#1247 = CARTESIAN_POINT('',(54.287364919167,20.,204.15078582093));
#1248 = CARTESIAN_POINT('',(54.600096719141,20.,205.02352572783));
#1249 = CARTESIAN_POINT('',(54.926412998573,20.,205.93417580997));
#1250 = CARTESIAN_POINT('',(55.264133464912,20.,206.87665152998));
#1251 = CARTESIAN_POINT('',(55.611153588809,20.,207.84507978272));
#1252 = CARTESIAN_POINT('',(56.246074746123,20.,209.61695277987));
#1253 = CARTESIAN_POINT('',(56.531284081079,20.,210.41288580766));
#1254 = CARTESIAN_POINT('',(56.820440348451,20.,211.21983353056));
#1255 = CARTESIAN_POINT('',(57.112852448815,20.,212.03586729901));
#1256 = CARTESIAN_POINT('',(57.407947524616,20.,212.85938844078));
#1257 = CARTESIAN_POINT('',(57.705282866217,20.,213.68916148711));
#1258 = CARTESIAN_POINT('',(58.004544624052,20.,214.52431057875));
#1259 = ORIENTED_EDGE('',*,*,#1260,.F.);
#1260 = EDGE_CURVE('',#1080,#1230,#1261,.T.);
#1261 = B_SPLINE_CURVE_WITH_KNOTS('',4,(#1262,#1263,#1264,#1265,#1266,
    #1267,#1268,#1269,#1270,#1271,#1272,#1273,#1274,#1275),
  .UNSPECIFIED.,.F.,.F.,(5,3,3,3,5),(0.,0.245514461692,0.492237764537,
    0.743784861337,1.),.UNSPECIFIED.);
#1262 = CARTESIAN_POINT('',(49.740186915888,20.,195.85046728972));
#1263 = CARTESIAN_POINT('',(49.864136089304,20.,195.9617988826));
#1264 = CARTESIAN_POINT('',(49.990830337303,20.,196.07559611135));
#1265 = CARTESIAN_POINT('',(50.120369138855,20.,196.19194832831));
#1266 = CARTESIAN_POINT('',(50.385988633597,20.,196.43052871281));
#1267 = CARTESIAN_POINT('',(50.522098285966,20.,196.55278289158));
#1268 = CARTESIAN_POINT('',(50.661283472243,20.,196.67779952596));
#1269 = CARTESIAN_POINT('',(50.948787288298,20.,196.93603648649));
#1270 = CARTESIAN_POINT('',(51.097231135154,20.,197.06936928307));
#1271 = CARTESIAN_POINT('',(51.249080786474,20.,197.20576118545));
#1272 = CARTESIAN_POINT('',(51.562672224684,20.,197.48743014193));
#1273 = CARTESIAN_POINT('',(51.72454509653,20.,197.632824937));
#1274 = CARTESIAN_POINT('',(51.890158087393,20.,197.78157912041));
#1275 = CARTESIAN_POINT('',(52.059602649007,20.,197.93377483443));
#1276 = PLANE('',#1277);
#1277 = AXIS2_PLACEMENT_3D('',#1278,#1279,#1280);
#1278 = CARTESIAN_POINT('',(-200.,20.,-50.));
#1279 = DIRECTION('',(0.,1.,0.));
#1280 = DIRECTION('',(0.,0.,1.));
#1281 = ADVANCED_FACE('',(#1282),#1306,.T.);
#1282 = FACE_BOUND('',#1283,.T.);
#1283 = EDGE_LOOP('',(#1284,#1291,#1292,#1293,#1301));
#1284 = ORIENTED_EDGE('',*,*,#1285,.F.);
#1285 = EDGE_CURVE('',#126,#1286,#1288,.T.);
#1286 = VERTEX_POINT('',#1287);
#1287 = CARTESIAN_POINT('',(57.2,-7.933333333333,240.));
#1288 = B_SPLINE_CURVE_WITH_KNOTS('',1,(#1289,#1290),.UNSPECIFIED.,.F.,
  .F.,(2,2),(0.,1.),.PIECEWISE_BEZIER_KNOTS.);
#1289 = CARTESIAN_POINT('',(65.,-14.,188.));
#1290 = CARTESIAN_POINT('',(56.,-7.,248.));
#1291 = ORIENTED_EDGE('',*,*,#133,.T.);
#1292 = ORIENTED_EDGE('',*,*,#1206,.T.);
#1293 = ORIENTED_EDGE('',*,*,#1294,.F.);
#1294 = EDGE_CURVE('',#1295,#1199,#1297,.T.);
#1295 = VERTEX_POINT('',#1296);
#1296 = CARTESIAN_POINT('',(56.,-7.,248.));
#1297 = LINE('',#1298,#1299);
#1298 = CARTESIAN_POINT('',(56.,-7.,248.));
#1299 = VECTOR('',#1300,1.);
#1300 = DIRECTION('',(0.,1.,0.));
#1301 = ORIENTED_EDGE('',*,*,#1302,.F.);
#1302 = EDGE_CURVE('',#1286,#1295,#1303,.T.);
#1303 = B_SPLINE_CURVE_WITH_KNOTS('',1,(#1304,#1305),.UNSPECIFIED.,.F.,
  .F.,(2,2),(0.,1.),.PIECEWISE_BEZIER_KNOTS.);
#1304 = CARTESIAN_POINT('',(65.,-14.,188.));
#1305 = CARTESIAN_POINT('',(56.,-7.,248.));
#1306 = B_SPLINE_SURFACE_WITH_KNOTS('',1,1,(
    (#1307,#1308)
    ,(#1309,#1310
    )),.UNSPECIFIED.,.F.,.F.,.F.,(2,2),(2,2),(0.,52.),(0.,1.),
  .PIECEWISE_BEZIER_KNOTS.);
#1307 = CARTESIAN_POINT('',(65.,-14.,188.));
#1308 = CARTESIAN_POINT('',(56.,-7.,248.));
#1309 = CARTESIAN_POINT('',(65.,38.,188.));
#1310 = CARTESIAN_POINT('',(56.,31.,248.));
#1311 = ADVANCED_FACE('',(#1312),#1330,.T.);
#1312 = FACE_BOUND('',#1313,.T.);
#1313 = EDGE_LOOP('',(#1314,#1315,#1316,#1317,#1325));
#1314 = ORIENTED_EDGE('',*,*,#125,.T.);
#1315 = ORIENTED_EDGE('',*,*,#1285,.T.);
#1316 = ORIENTED_EDGE('',*,*,#1302,.T.);
#1317 = ORIENTED_EDGE('',*,*,#1318,.F.);
#1318 = EDGE_CURVE('',#1319,#1295,#1321,.T.);
#1319 = VERTEX_POINT('',#1320);
#1320 = CARTESIAN_POINT('',(50.,-13.,248.));
#1321 = LINE('',#1322,#1323);
#1322 = CARTESIAN_POINT('',(50.,-13.,248.));
#1323 = VECTOR('',#1324,1.);
#1324 = DIRECTION('',(0.707106781187,0.707106781187,0.));
#1325 = ORIENTED_EDGE('',*,*,#1326,.F.);
#1326 = EDGE_CURVE('',#118,#1319,#1327,.T.);
#1327 = B_SPLINE_CURVE_WITH_KNOTS('',1,(#1328,#1329),.UNSPECIFIED.,.F.,
  .F.,(2,2),(0.,1.),.PIECEWISE_BEZIER_KNOTS.);
#1328 = CARTESIAN_POINT('',(58.,-21.,188.));
#1329 = CARTESIAN_POINT('',(50.,-13.,248.));
#1330 = B_SPLINE_SURFACE_WITH_KNOTS('',1,1,(
    (#1331,#1332)
    ,(#1333,#1334
    )),.UNSPECIFIED.,.F.,.F.,.F.,(2,2),(2,2),(0.,9.899494936612),(0.,1.)
  ,.PIECEWISE_BEZIER_KNOTS.);
#1331 = CARTESIAN_POINT('',(58.,-21.,188.));
#1332 = CARTESIAN_POINT('',(50.,-13.,248.));
#1333 = CARTESIAN_POINT('',(65.,-14.,188.));
#1334 = CARTESIAN_POINT('',(56.,-7.,248.));
#1335 = ADVANCED_FACE('',(#1336,#1347,#1383),#1419,.T.);
#1336 = FACE_BOUND('',#1337,.T.);
#1337 = EDGE_LOOP('',(#1338,#1339,#1340,#1346));
#1338 = ORIENTED_EDGE('',*,*,#117,.T.);
#1339 = ORIENTED_EDGE('',*,*,#1326,.T.);
#1340 = ORIENTED_EDGE('',*,*,#1341,.F.);
#1341 = EDGE_CURVE('',#510,#1319,#1342,.T.);
#1342 = LINE('',#1343,#1344);
#1343 = CARTESIAN_POINT('',(-50.,-13.,248.));
#1344 = VECTOR('',#1345,1.);
#1345 = DIRECTION('',(1.,0.,0.));
#1346 = ORIENTED_EDGE('',*,*,#509,.F.);
#1347 = FACE_BOUND('',#1348,.T.);
#1348 = EDGE_LOOP('',(#1349,#1361,#1368,#1378));
#1349 = ORIENTED_EDGE('',*,*,#1350,.T.);
#1350 = EDGE_CURVE('',#1351,#1353,#1355,.T.);
#1351 = VERTEX_POINT('',#1352);
#1352 = CARTESIAN_POINT('',(19.,-20.86666666666,189.));
#1353 = VERTEX_POINT('',#1354);
#1354 = CARTESIAN_POINT('',(19.,-20.90812720848,188.68904593639));
#1355 = B_SPLINE_CURVE_WITH_KNOTS('',4,(#1356,#1357,#1358,#1359,#1360),
  .UNSPECIFIED.,.F.,.F.,(5,5),(0.,1.),.PIECEWISE_BEZIER_KNOTS.);
#1356 = CARTESIAN_POINT('',(19.,-20.86666666666,189.));
#1357 = CARTESIAN_POINT('',(19.,-20.87703179026,188.92226157303));
#1358 = CARTESIAN_POINT('',(19.,-20.88739692177,188.84452308671));
#1359 = CARTESIAN_POINT('',(19.,-20.89776206118,188.76678454113));
#1360 = CARTESIAN_POINT('',(19.,-20.90812720848,188.68904593639));
#1361 = ORIENTED_EDGE('',*,*,#1362,.T.);
#1362 = EDGE_CURVE('',#1353,#1363,#1365,.T.);
#1363 = VERTEX_POINT('',#1364);
#1364 = CARTESIAN_POINT('',(13.,-20.90812720848,188.68904593639));
#1365 = B_SPLINE_CURVE_WITH_KNOTS('',1,(#1366,#1367),.UNSPECIFIED.,.F.,
  .F.,(2,2),(0.,1.),.PIECEWISE_BEZIER_KNOTS.);
#1366 = CARTESIAN_POINT('',(19.,-20.90812720848,188.68904593639));
#1367 = CARTESIAN_POINT('',(13.,-20.90812720848,188.68904593639));
#1368 = ORIENTED_EDGE('',*,*,#1369,.T.);
#1369 = EDGE_CURVE('',#1363,#1370,#1372,.T.);
#1370 = VERTEX_POINT('',#1371);
#1371 = CARTESIAN_POINT('',(13.,-20.86666666666,189.));
#1372 = B_SPLINE_CURVE_WITH_KNOTS('',4,(#1373,#1374,#1375,#1376,#1377),
  .UNSPECIFIED.,.F.,.F.,(5,5),(0.,1.),.PIECEWISE_BEZIER_KNOTS.);
#1373 = CARTESIAN_POINT('',(13.,-20.90812720848,188.68904593639));
#1374 = CARTESIAN_POINT('',(13.,-20.89776206747,188.76678449391));
#1375 = CARTESIAN_POINT('',(13.,-20.88739693017,188.84452302372));
#1376 = CARTESIAN_POINT('',(13.,-20.87703179656,188.92226152577));
#1377 = CARTESIAN_POINT('',(13.,-20.86666666666,189.));
#1378 = ORIENTED_EDGE('',*,*,#1379,.F.);
#1379 = EDGE_CURVE('',#1351,#1370,#1380,.T.);
#1380 = B_SPLINE_CURVE_WITH_KNOTS('',1,(#1381,#1382),.UNSPECIFIED.,.F.,
  .F.,(2,2),(0.,1.),.PIECEWISE_BEZIER_KNOTS.);
#1381 = CARTESIAN_POINT('',(19.066666666667,-20.86666666666,189.));
#1382 = CARTESIAN_POINT('',(12.733333333333,-20.86666666666,189.));
#1383 = FACE_BOUND('',#1384,.T.);
#1384 = EDGE_LOOP('',(#1385,#1397,#1404,#1414));
#1385 = ORIENTED_EDGE('',*,*,#1386,.T.);
#1386 = EDGE_CURVE('',#1387,#1389,#1391,.T.);
#1387 = VERTEX_POINT('',#1388);
#1388 = CARTESIAN_POINT('',(-13.,-20.86666666666,189.));
#1389 = VERTEX_POINT('',#1390);
#1390 = CARTESIAN_POINT('',(-13.,-20.90812720848,188.68904593639));
#1391 = B_SPLINE_CURVE_WITH_KNOTS('',4,(#1392,#1393,#1394,#1395,#1396),
  .UNSPECIFIED.,.F.,.F.,(5,5),(0.,1.),.PIECEWISE_BEZIER_KNOTS.);
#1392 = CARTESIAN_POINT('',(-13.,-20.86666666666,189.));
#1393 = CARTESIAN_POINT('',(-13.,-20.87703179656,188.92226152577));
#1394 = CARTESIAN_POINT('',(-13.,-20.88739693017,188.84452302372));
#1395 = CARTESIAN_POINT('',(-13.,-20.89776206747,188.76678449391));
#1396 = CARTESIAN_POINT('',(-13.,-20.90812720848,188.68904593639));
#1397 = ORIENTED_EDGE('',*,*,#1398,.T.);
#1398 = EDGE_CURVE('',#1389,#1399,#1401,.T.);
#1399 = VERTEX_POINT('',#1400);
#1400 = CARTESIAN_POINT('',(-19.,-20.90812720848,188.68904593639));
#1401 = B_SPLINE_CURVE_WITH_KNOTS('',1,(#1402,#1403),.UNSPECIFIED.,.F.,
  .F.,(2,2),(0.,1.),.PIECEWISE_BEZIER_KNOTS.);
#1402 = CARTESIAN_POINT('',(-13.,-20.90812720848,188.68904593639));
#1403 = CARTESIAN_POINT('',(-19.,-20.90812720848,188.68904593639));
#1404 = ORIENTED_EDGE('',*,*,#1405,.T.);
#1405 = EDGE_CURVE('',#1399,#1406,#1408,.T.);
#1406 = VERTEX_POINT('',#1407);
#1407 = CARTESIAN_POINT('',(-19.,-20.86666666666,189.));
#1408 = B_SPLINE_CURVE_WITH_KNOTS('',4,(#1409,#1410,#1411,#1412,#1413),
  .UNSPECIFIED.,.F.,.F.,(5,5),(0.,1.),.PIECEWISE_BEZIER_KNOTS.);
#1409 = CARTESIAN_POINT('',(-19.,-20.90812720848,188.68904593639));
#1410 = CARTESIAN_POINT('',(-19.,-20.89776206118,188.76678454113));
#1411 = CARTESIAN_POINT('',(-19.,-20.88739692177,188.84452308671));
#1412 = CARTESIAN_POINT('',(-19.,-20.87703179026,188.92226157303));
#1413 = CARTESIAN_POINT('',(-19.,-20.86666666666,189.));
#1414 = ORIENTED_EDGE('',*,*,#1415,.F.);
#1415 = EDGE_CURVE('',#1387,#1406,#1416,.T.);
#1416 = B_SPLINE_CURVE_WITH_KNOTS('',1,(#1417,#1418),.UNSPECIFIED.,.F.,
  .F.,(2,2),(0.,1.),.PIECEWISE_BEZIER_KNOTS.);
#1417 = CARTESIAN_POINT('',(-12.93333333333,-20.86666666666,189.));
#1418 = CARTESIAN_POINT('',(-19.26666666666,-20.86666666666,189.));
#1419 = B_SPLINE_SURFACE_WITH_KNOTS('',1,1,(
    (#1420,#1421)
    ,(#1422,#1423
    )),.UNSPECIFIED.,.F.,.F.,.F.,(2,2),(2,2),(0.,116.),(0.,1.),
  .PIECEWISE_BEZIER_KNOTS.);
#1420 = CARTESIAN_POINT('',(-58.,-21.,188.));
#1421 = CARTESIAN_POINT('',(-50.,-13.,248.));
#1422 = CARTESIAN_POINT('',(58.,-21.,188.));
#1423 = CARTESIAN_POINT('',(50.,-13.,248.));
#1424 = ADVANCED_FACE('',(#1425),#1457,.T.);
#1425 = FACE_BOUND('',#1426,.T.);
#1426 = EDGE_LOOP('',(#1427,#1437,#1442,#1443,#1444,#1451));
#1427 = ORIENTED_EDGE('',*,*,#1428,.F.);
#1428 = EDGE_CURVE('',#1429,#1431,#1433,.T.);
#1429 = VERTEX_POINT('',#1430);
#1430 = CARTESIAN_POINT('',(-19.,-8.,145.));
#1431 = VERTEX_POINT('',#1432);
#1432 = CARTESIAN_POINT('',(-19.,-8.,147.));
#1433 = LINE('',#1434,#1435);
#1434 = CARTESIAN_POINT('',(-19.,-8.,8.));
#1435 = VECTOR('',#1436,1.);
#1436 = DIRECTION('',(0.,0.,1.));
#1437 = ORIENTED_EDGE('',*,*,#1438,.T.);
#1438 = EDGE_CURVE('',#1429,#260,#1439,.T.);
#1439 = B_SPLINE_CURVE_WITH_KNOTS('',1,(#1440,#1441),.UNSPECIFIED.,.F.,
  .F.,(2,2),(0.,1.),.PIECEWISE_BEZIER_KNOTS.);
#1440 = CARTESIAN_POINT('',(-19.,-8.,145.));
#1441 = CARTESIAN_POINT('',(-19.,-21.,189.));
#1442 = ORIENTED_EDGE('',*,*,#259,.F.);
#1443 = ORIENTED_EDGE('',*,*,#250,.T.);
#1444 = ORIENTED_EDGE('',*,*,#1445,.F.);
#1445 = EDGE_CURVE('',#1446,#253,#1448,.T.);
#1446 = VERTEX_POINT('',#1447);
#1447 = CARTESIAN_POINT('',(-19.,3.40909090909,147.));
#1448 = B_SPLINE_CURVE_WITH_KNOTS('',1,(#1449,#1450),.UNSPECIFIED.,.F.,
  .F.,(2,2),(0.,1.),.PIECEWISE_BEZIER_KNOTS.);
#1449 = CARTESIAN_POINT('',(-19.,4.,145.));
#1450 = CARTESIAN_POINT('',(-19.,-9.,189.));
#1451 = ORIENTED_EDGE('',*,*,#1452,.F.);
#1452 = EDGE_CURVE('',#1431,#1446,#1453,.T.);
#1453 = LINE('',#1454,#1455);
#1454 = CARTESIAN_POINT('',(-19.,-8.,147.));
#1455 = VECTOR('',#1456,1.);
#1456 = DIRECTION('',(0.,1.,0.));
#1457 = B_SPLINE_SURFACE_WITH_KNOTS('',1,1,(
    (#1458,#1459)
    ,(#1460,#1461
    )),.UNSPECIFIED.,.F.,.F.,.F.,(2,2),(2,2),(0.,12.),(0.,1.),
  .PIECEWISE_BEZIER_KNOTS.);
#1458 = CARTESIAN_POINT('',(-19.,4.,145.));
#1459 = CARTESIAN_POINT('',(-19.,-9.,189.));
#1460 = CARTESIAN_POINT('',(-19.,-8.,145.));
#1461 = CARTESIAN_POINT('',(-19.,-21.,189.));
#1462 = ADVANCED_FACE('',(#1463),#1504,.T.);
#1463 = FACE_BOUND('',#1464,.T.);
#1464 = EDGE_LOOP('',(#1465,#1466,#1467,#1475,#1482,#1490,#1497,#1503));
#1465 = ORIENTED_EDGE('',*,*,#763,.F.);
#1466 = ORIENTED_EDGE('',*,*,#267,.F.);
#1467 = ORIENTED_EDGE('',*,*,#1468,.F.);
#1468 = EDGE_CURVE('',#1469,#260,#1471,.T.);
#1469 = VERTEX_POINT('',#1470);
#1470 = CARTESIAN_POINT('',(-14.75,-20.40909090909,187.));
#1471 = LINE('',#1472,#1473);
#1472 = CARTESIAN_POINT('',(-19.,-20.40909090909,187.));
#1473 = VECTOR('',#1474,1.);
#1474 = DIRECTION('',(-1.,0.,0.));
#1475 = ORIENTED_EDGE('',*,*,#1476,.F.);
#1476 = EDGE_CURVE('',#1477,#1469,#1479,.T.);
#1477 = VERTEX_POINT('',#1478);
#1478 = CARTESIAN_POINT('',(-14.75,-20.6976744186,187.));
#1479 = B_SPLINE_CURVE_WITH_KNOTS('',1,(#1480,#1481),.UNSPECIFIED.,.F.,
  .F.,(2,2),(0.,1.),.PIECEWISE_BEZIER_KNOTS.);
#1480 = CARTESIAN_POINT('',(-14.75,-20.6976744186,187.));
#1481 = CARTESIAN_POINT('',(-14.75,-19.53409090909,187.));
#1482 = ORIENTED_EDGE('',*,*,#1483,.T.);
#1483 = EDGE_CURVE('',#1477,#1484,#1486,.T.);
#1484 = VERTEX_POINT('',#1485);
#1485 = CARTESIAN_POINT('',(-14.23875030502,-20.6976744186,187.));
#1486 = LINE('',#1487,#1488);
#1487 = CARTESIAN_POINT('',(-2.280868809443,-20.6976744186,187.));
#1488 = VECTOR('',#1489,1.);
#1489 = DIRECTION('',(1.,-1.460231116172E-16,0.));
#1490 = ORIENTED_EDGE('',*,*,#1491,.T.);
#1491 = EDGE_CURVE('',#1484,#1492,#1494,.T.);
#1492 = VERTEX_POINT('',#1493);
#1493 = CARTESIAN_POINT('',(-14.23875030502,-20.40909090909,187.));
#1494 = B_SPLINE_CURVE_WITH_KNOTS('',1,(#1495,#1496),.UNSPECIFIED.,.F.,
  .F.,(2,2),(0.,1.),.PIECEWISE_BEZIER_KNOTS.);
#1495 = CARTESIAN_POINT('',(-14.23875030502,-20.6976744186,187.));
#1496 = CARTESIAN_POINT('',(-14.23875030502,-19.78971575657,187.));
#1497 = ORIENTED_EDGE('',*,*,#1498,.F.);
#1498 = EDGE_CURVE('',#787,#1492,#1499,.T.);
#1499 = LINE('',#1500,#1501);
#1500 = CARTESIAN_POINT('',(-19.,-20.40909090909,187.));
#1501 = VECTOR('',#1502,1.);
#1502 = DIRECTION('',(-1.,0.,0.));
#1503 = ORIENTED_EDGE('',*,*,#786,.F.);
#1504 = PLANE('',#1505);
#1505 = AXIS2_PLACEMENT_3D('',#1506,#1507,#1508);
#1506 = CARTESIAN_POINT('',(-19.,-21.,187.));
#1507 = DIRECTION('',(0.,0.,-1.));
#1508 = DIRECTION('',(0.4472135955,0.894427191,0.));
#1509 = ADVANCED_FACE('',(#1510),#1521,.T.);
#1510 = FACE_BOUND('',#1511,.T.);
#1511 = EDGE_LOOP('',(#1512,#1513,#1519,#1520));
#1512 = ORIENTED_EDGE('',*,*,#809,.F.);
#1513 = ORIENTED_EDGE('',*,*,#1514,.F.);
#1514 = EDGE_CURVE('',#253,#803,#1515,.T.);
#1515 = LINE('',#1516,#1517);
#1516 = CARTESIAN_POINT('',(-13.,-8.820127553778,188.39120095124));
#1517 = VECTOR('',#1518,1.);
#1518 = DIRECTION('',(1.,0.,0.));
#1519 = ORIENTED_EDGE('',*,*,#301,.T.);
#1520 = ORIENTED_EDGE('',*,*,#424,.F.);
#1521 = PLANE('',#1522);
#1522 = AXIS2_PLACEMENT_3D('',#1523,#1524,#1525);
#1523 = CARTESIAN_POINT('',(-13.,-4.733333333333,220.));
#1524 = DIRECTION('',(0.,0.991745022976,-0.128225619132));
#1525 = DIRECTION('',(-1.,0.,0.));
#1526 = ADVANCED_FACE('',(#1527),#1628,.F.);
#1527 = FACE_BOUND('',#1528,.F.);
#1528 = EDGE_LOOP('',(#1529,#1539,#1545,#1546,#1547,#1555,#1563,#1571,
    #1579,#1588,#1596,#1605,#1613,#1622));
#1529 = ORIENTED_EDGE('',*,*,#1530,.T.);
#1530 = EDGE_CURVE('',#1531,#1533,#1535,.T.);
#1531 = VERTEX_POINT('',#1532);
#1532 = CARTESIAN_POINT('',(-48.,13.,188.));
#1533 = VERTEX_POINT('',#1534);
#1534 = CARTESIAN_POINT('',(-48.5,12.5,188.));
#1535 = LINE('',#1536,#1537);
#1536 = CARTESIAN_POINT('',(-48.,13.,188.));
#1537 = VECTOR('',#1538,1.);
#1538 = DIRECTION('',(-0.707106781187,-0.707106781187,0.));
#1539 = ORIENTED_EDGE('',*,*,#1540,.T.);
#1540 = EDGE_CURVE('',#1533,#485,#1541,.T.);
#1541 = LINE('',#1542,#1543);
#1542 = CARTESIAN_POINT('',(-48.5,12.5,188.));
#1543 = VECTOR('',#1544,1.);
#1544 = DIRECTION('',(0.,-1.,0.));
#1545 = ORIENTED_EDGE('',*,*,#491,.T.);
#1546 = ORIENTED_EDGE('',*,*,#321,.T.);
#1547 = ORIENTED_EDGE('',*,*,#1548,.T.);
#1548 = EDGE_CURVE('',#322,#1549,#1551,.T.);
#1549 = VERTEX_POINT('',#1550);
#1550 = CARTESIAN_POINT('',(48.5,11.5,188.));
#1551 = LINE('',#1552,#1553);
#1552 = CARTESIAN_POINT('',(48.,11.,188.));
#1553 = VECTOR('',#1554,1.);
#1554 = DIRECTION('',(0.707106781187,0.707106781187,0.));
#1555 = ORIENTED_EDGE('',*,*,#1556,.T.);
#1556 = EDGE_CURVE('',#1549,#1557,#1559,.T.);
#1557 = VERTEX_POINT('',#1558);
#1558 = CARTESIAN_POINT('',(48.5,12.5,188.));
#1559 = LINE('',#1560,#1561);
#1560 = CARTESIAN_POINT('',(48.5,11.5,188.));
#1561 = VECTOR('',#1562,1.);
#1562 = DIRECTION('',(0.,1.,0.));
#1563 = ORIENTED_EDGE('',*,*,#1564,.T.);
#1564 = EDGE_CURVE('',#1557,#1565,#1567,.T.);
#1565 = VERTEX_POINT('',#1566);
#1566 = CARTESIAN_POINT('',(48.,13.,188.));
#1567 = LINE('',#1568,#1569);
#1568 = CARTESIAN_POINT('',(48.5,12.5,188.));
#1569 = VECTOR('',#1570,1.);
#1570 = DIRECTION('',(-0.707106781187,0.707106781187,0.));
#1571 = ORIENTED_EDGE('',*,*,#1572,.T.);
#1572 = EDGE_CURVE('',#1565,#1573,#1575,.T.);
#1573 = VERTEX_POINT('',#1574);
#1574 = CARTESIAN_POINT('',(42.25,13.,188.));
#1575 = LINE('',#1576,#1577);
#1576 = CARTESIAN_POINT('',(48.,13.,188.));
#1577 = VECTOR('',#1578,1.);
#1578 = DIRECTION('',(-1.,0.,0.));
#1579 = ORIENTED_EDGE('',*,*,#1580,.F.);
#1580 = EDGE_CURVE('',#1581,#1573,#1583,.T.);
#1581 = VERTEX_POINT('',#1582);
#1582 = CARTESIAN_POINT('',(37.75,13.,188.));
#1583 = CIRCLE('',#1584,3.75);
#1584 = AXIS2_PLACEMENT_3D('',#1585,#1586,#1587);
#1585 = CARTESIAN_POINT('',(40.,16.,188.));
#1586 = DIRECTION('',(0.,0.,1.));
#1587 = DIRECTION('',(1.,0.,0.));
#1588 = ORIENTED_EDGE('',*,*,#1589,.T.);
#1589 = EDGE_CURVE('',#1581,#1590,#1592,.T.);
#1590 = VERTEX_POINT('',#1591);
#1591 = CARTESIAN_POINT('',(2.25,13.,188.));
#1592 = LINE('',#1593,#1594);
#1593 = CARTESIAN_POINT('',(48.,13.,188.));
#1594 = VECTOR('',#1595,1.);
#1595 = DIRECTION('',(-1.,0.,0.));
#1596 = ORIENTED_EDGE('',*,*,#1597,.F.);
#1597 = EDGE_CURVE('',#1598,#1590,#1600,.T.);
#1598 = VERTEX_POINT('',#1599);
#1599 = CARTESIAN_POINT('',(-2.25,13.,188.));
#1600 = CIRCLE('',#1601,3.75);
#1601 = AXIS2_PLACEMENT_3D('',#1602,#1603,#1604);
#1602 = CARTESIAN_POINT('',(0.,16.,188.));
#1603 = DIRECTION('',(0.,0.,1.));
#1604 = DIRECTION('',(1.,0.,0.));
#1605 = ORIENTED_EDGE('',*,*,#1606,.T.);
#1606 = EDGE_CURVE('',#1598,#1607,#1609,.T.);
#1607 = VERTEX_POINT('',#1608);
#1608 = CARTESIAN_POINT('',(-37.75,13.,188.));
#1609 = LINE('',#1610,#1611);
#1610 = CARTESIAN_POINT('',(48.,13.,188.));
#1611 = VECTOR('',#1612,1.);
#1612 = DIRECTION('',(-1.,0.,0.));
#1613 = ORIENTED_EDGE('',*,*,#1614,.F.);
#1614 = EDGE_CURVE('',#1615,#1607,#1617,.T.);
#1615 = VERTEX_POINT('',#1616);
#1616 = CARTESIAN_POINT('',(-42.25,13.,188.));
#1617 = CIRCLE('',#1618,3.75);
#1618 = AXIS2_PLACEMENT_3D('',#1619,#1620,#1621);
#1619 = CARTESIAN_POINT('',(-40.,16.,188.));
#1620 = DIRECTION('',(0.,0.,1.));
#1621 = DIRECTION('',(1.,0.,0.));
#1622 = ORIENTED_EDGE('',*,*,#1623,.T.);
#1623 = EDGE_CURVE('',#1615,#1531,#1624,.T.);
#1624 = LINE('',#1625,#1626);
#1625 = CARTESIAN_POINT('',(48.,13.,188.));
#1626 = VECTOR('',#1627,1.);
#1627 = DIRECTION('',(-1.,0.,0.));
#1628 = PLANE('',#1629);
#1629 = AXIS2_PLACEMENT_3D('',#1630,#1631,#1632);
#1630 = CARTESIAN_POINT('',(-48.,11.,188.));
#1631 = DIRECTION('',(0.,0.,1.));
#1632 = DIRECTION('',(0.999879213275,1.554216393693E-02,0.));
#1633 = ADVANCED_FACE('',(#1634),#1645,.T.);
#1634 = FACE_BOUND('',#1635,.T.);
#1635 = EDGE_LOOP('',(#1636,#1637,#1638,#1643,#1644));
#1636 = ORIENTED_EDGE('',*,*,#329,.F.);
#1637 = ORIENTED_EDGE('',*,*,#1548,.T.);
#1638 = ORIENTED_EDGE('',*,*,#1639,.T.);
#1639 = EDGE_CURVE('',#1549,#1055,#1640,.T.);
#1640 = B_SPLINE_CURVE_WITH_KNOTS('',1,(#1641,#1642),.UNSPECIFIED.,.F.,
  .F.,(2,2),(0.,1.),.PIECEWISE_BEZIER_KNOTS.);
#1641 = CARTESIAN_POINT('',(48.5,11.5,188.));
#1642 = CARTESIAN_POINT('',(59.25,-11.15,218.));
#1643 = ORIENTED_EDGE('',*,*,#1061,.T.);
#1644 = ORIENTED_EDGE('',*,*,#1019,.T.);
#1645 = B_SPLINE_SURFACE_WITH_KNOTS('',1,1,(
    (#1646,#1647)
    ,(#1648,#1649
    )),.UNSPECIFIED.,.F.,.F.,.F.,(2,2),(2,2),(0.,6.505382386916),(0.,1.)
  ,.PIECEWISE_BEZIER_KNOTS.);
#1646 = CARTESIAN_POINT('',(48.,11.,188.));
#1647 = CARTESIAN_POINT('',(54.65,-15.75,218.));
#1648 = CARTESIAN_POINT('',(48.5,11.5,188.));
#1649 = CARTESIAN_POINT('',(59.25,-11.15,218.));
#1650 = ADVANCED_FACE('',(#1651),#1662,.T.);
#1651 = FACE_BOUND('',#1652,.T.);
#1652 = EDGE_LOOP('',(#1653,#1654,#1660,#1661));
#1653 = ORIENTED_EDGE('',*,*,#963,.F.);
#1654 = ORIENTED_EDGE('',*,*,#1655,.F.);
#1655 = EDGE_CURVE('',#873,#957,#1656,.T.);
#1656 = LINE('',#1657,#1658);
#1657 = CARTESIAN_POINT('',(19.,-8.820127553778,188.39120095124));
#1658 = VECTOR('',#1659,1.);
#1659 = DIRECTION('',(1.,0.,0.));
#1660 = ORIENTED_EDGE('',*,*,#872,.T.);
#1661 = ORIENTED_EDGE('',*,*,#372,.F.);
#1662 = PLANE('',#1663);
#1663 = AXIS2_PLACEMENT_3D('',#1664,#1665,#1666);
#1664 = CARTESIAN_POINT('',(19.,-4.733333333333,220.));
#1665 = DIRECTION('',(0.,0.991745022976,-0.128225619132));
#1666 = DIRECTION('',(-1.,0.,0.));
#1667 = ADVANCED_FACE('',(#1668),#1679,.T.);
#1668 = FACE_BOUND('',#1669,.T.);
#1669 = EDGE_LOOP('',(#1670,#1675,#1676,#1677,#1678));
#1670 = ORIENTED_EDGE('',*,*,#1671,.F.);
#1671 = EDGE_CURVE('',#1533,#707,#1672,.T.);
#1672 = B_SPLINE_CURVE_WITH_KNOTS('',1,(#1673,#1674),.UNSPECIFIED.,.F.,
  .F.,(2,2),(0.,1.),.PIECEWISE_BEZIER_KNOTS.);
#1673 = CARTESIAN_POINT('',(-48.5,12.5,188.));
#1674 = CARTESIAN_POINT('',(-59.25,35.15,218.));
#1675 = ORIENTED_EDGE('',*,*,#1540,.T.);
#1676 = ORIENTED_EDGE('',*,*,#484,.T.);
#1677 = ORIENTED_EDGE('',*,*,#471,.T.);
#1678 = ORIENTED_EDGE('',*,*,#725,.T.);
#1679 = B_SPLINE_SURFACE_WITH_KNOTS('',1,1,(
    (#1680,#1681)
    ,(#1682,#1683
    )),.UNSPECIFIED.,.F.,.F.,.F.,(2,2),(2,2),(0.,46.3),(0.,1.),
  .PIECEWISE_BEZIER_KNOTS.);
#1680 = CARTESIAN_POINT('',(-48.5,12.5,188.));
#1681 = CARTESIAN_POINT('',(-59.25,35.15,218.));
#1682 = CARTESIAN_POINT('',(-48.5,11.5,188.));
#1683 = CARTESIAN_POINT('',(-59.25,-11.15,218.));
#1684 = ADVANCED_FACE('',(#1685),#1727,.T.);
#1685 = FACE_BOUND('',#1686,.T.);
#1686 = EDGE_LOOP('',(#1687,#1688,#1689,#1690,#1691,#1692,#1699,#1706,
    #1713,#1720,#1725,#1726));
#1687 = ORIENTED_EDGE('',*,*,#516,.T.);
#1688 = ORIENTED_EDGE('',*,*,#1341,.T.);
#1689 = ORIENTED_EDGE('',*,*,#1318,.T.);
#1690 = ORIENTED_EDGE('',*,*,#1294,.T.);
#1691 = ORIENTED_EDGE('',*,*,#1198,.T.);
#1692 = ORIENTED_EDGE('',*,*,#1693,.T.);
#1693 = EDGE_CURVE('',#1189,#1694,#1696,.T.);
#1694 = VERTEX_POINT('',#1695);
#1695 = CARTESIAN_POINT('',(53.04,-6.94,248.));
#1696 = B_SPLINE_CURVE_WITH_KNOTS('',1,(#1697,#1698),.UNSPECIFIED.,.F.,
  .F.,(2,2),(0.,1.),.PIECEWISE_BEZIER_KNOTS.);
#1697 = CARTESIAN_POINT('',(53.04,30.94,248.));
#1698 = CARTESIAN_POINT('',(53.04,-6.94,248.));
#1699 = ORIENTED_EDGE('',*,*,#1700,.T.);
#1700 = EDGE_CURVE('',#1694,#1701,#1703,.T.);
#1701 = VERTEX_POINT('',#1702);
#1702 = CARTESIAN_POINT('',(49.98,-10.,248.));
#1703 = B_SPLINE_CURVE_WITH_KNOTS('',1,(#1704,#1705),.UNSPECIFIED.,.F.,
  .F.,(2,2),(0.,1.),.PIECEWISE_BEZIER_KNOTS.);
#1704 = CARTESIAN_POINT('',(53.04,-6.94,248.));
#1705 = CARTESIAN_POINT('',(49.98,-10.,248.));
#1706 = ORIENTED_EDGE('',*,*,#1707,.T.);
#1707 = EDGE_CURVE('',#1701,#1708,#1710,.T.);
#1708 = VERTEX_POINT('',#1709);
#1709 = CARTESIAN_POINT('',(-49.98,-10.,248.));
#1710 = B_SPLINE_CURVE_WITH_KNOTS('',1,(#1711,#1712),.UNSPECIFIED.,.F.,
  .F.,(2,2),(0.,1.),.PIECEWISE_BEZIER_KNOTS.);
#1711 = CARTESIAN_POINT('',(49.98,-10.,248.));
#1712 = CARTESIAN_POINT('',(-49.98,-10.,248.));
#1713 = ORIENTED_EDGE('',*,*,#1714,.T.);
#1714 = EDGE_CURVE('',#1708,#1715,#1717,.T.);
#1715 = VERTEX_POINT('',#1716);
#1716 = CARTESIAN_POINT('',(-53.04,-6.94,248.));
#1717 = B_SPLINE_CURVE_WITH_KNOTS('',1,(#1718,#1719),.UNSPECIFIED.,.F.,
  .F.,(2,2),(0.,1.),.PIECEWISE_BEZIER_KNOTS.);
#1718 = CARTESIAN_POINT('',(-49.98,-10.,248.));
#1719 = CARTESIAN_POINT('',(-53.04,-6.94,248.));
#1720 = ORIENTED_EDGE('',*,*,#1721,.T.);
#1721 = EDGE_CURVE('',#1715,#580,#1722,.T.);
#1722 = B_SPLINE_CURVE_WITH_KNOTS('',1,(#1723,#1724),.UNSPECIFIED.,.F.,
  .F.,(2,2),(0.,1.),.PIECEWISE_BEZIER_KNOTS.);
#1723 = CARTESIAN_POINT('',(-53.04,-6.94,248.));
#1724 = CARTESIAN_POINT('',(-53.04,30.94,248.));
#1725 = ORIENTED_EDGE('',*,*,#579,.T.);
#1726 = ORIENTED_EDGE('',*,*,#562,.T.);
#1727 = PLANE('',#1728);
#1728 = AXIS2_PLACEMENT_3D('',#1729,#1730,#1731);
#1729 = CARTESIAN_POINT('',(9.170034917061E-17,12.,248.));
#1730 = DIRECTION('',(0.,0.,1.));
#1731 = DIRECTION('',(1.,0.,0.));
#1732 = ADVANCED_FACE('',(#1733),#1743,.T.);
#1733 = FACE_BOUND('',#1734,.T.);
#1734 = EDGE_LOOP('',(#1735,#1740,#1741,#1742));
#1735 = ORIENTED_EDGE('',*,*,#1736,.F.);
#1736 = EDGE_CURVE('',#1531,#700,#1737,.T.);
#1737 = B_SPLINE_CURVE_WITH_KNOTS('',1,(#1738,#1739),.UNSPECIFIED.,.F.,
  .F.,(2,2),(0.,1.),.PIECEWISE_BEZIER_KNOTS.);
#1738 = CARTESIAN_POINT('',(-48.,13.,188.));
#1739 = CARTESIAN_POINT('',(-54.65,39.75,218.));
#1740 = ORIENTED_EDGE('',*,*,#1530,.T.);
#1741 = ORIENTED_EDGE('',*,*,#1671,.T.);
#1742 = ORIENTED_EDGE('',*,*,#706,.T.);
#1743 = B_SPLINE_SURFACE_WITH_KNOTS('',1,1,(
    (#1744,#1745)
    ,(#1746,#1747
    )),.UNSPECIFIED.,.F.,.F.,.F.,(2,2),(2,2),(0.,6.505382386916),(0.,1.)
  ,.PIECEWISE_BEZIER_KNOTS.);
#1744 = CARTESIAN_POINT('',(-48.,13.,188.));
#1745 = CARTESIAN_POINT('',(-54.65,39.75,218.));
#1746 = CARTESIAN_POINT('',(-48.5,12.5,188.));
#1747 = CARTESIAN_POINT('',(-59.25,35.15,218.));
#1748 = ADVANCED_FACE('',(#1749),#2279,.T.);
#1749 = FACE_BOUND('',#1750,.T.);
#1750 = EDGE_LOOP('',(#1751,#1756,#1757,#1776,#1851,#1852,#1871,#1967,
    #1968,#1993,#2076,#2077,#2078,#2079,#2140,#2147,#2278));
#1751 = ORIENTED_EDGE('',*,*,#1752,.F.);
#1752 = EDGE_CURVE('',#1565,#1080,#1753,.T.);
#1753 = B_SPLINE_CURVE_WITH_KNOTS('',1,(#1754,#1755),.UNSPECIFIED.,.F.,
  .F.,(2,2),(0.,1.),.PIECEWISE_BEZIER_KNOTS.);
#1754 = CARTESIAN_POINT('',(48.,13.,188.));
#1755 = CARTESIAN_POINT('',(54.65,39.75,218.));
#1756 = ORIENTED_EDGE('',*,*,#1572,.T.);
#1757 = ORIENTED_EDGE('',*,*,#1758,.T.);
#1758 = EDGE_CURVE('',#1573,#1759,#1761,.T.);
#1759 = VERTEX_POINT('',#1760);
#1760 = CARTESIAN_POINT('',(43.75,16.,191.3644859813));
#1761 = B_SPLINE_CURVE_WITH_KNOTS('',7,(#1762,#1763,#1764,#1765,#1766,
    #1767,#1768,#1769,#1770,#1771,#1772,#1773,#1774,#1775),
  .UNSPECIFIED.,.F.,.F.,(8,6,8),(0.,0.351903229901,1.),.UNSPECIFIED.);
#1762 = CARTESIAN_POINT('',(42.25,13.,188.));
#1763 = CARTESIAN_POINT('',(42.404878439051,13.116158829288,
    188.13027158424));
#1764 = CARTESIAN_POINT('',(42.550832408683,13.240200253182,
    188.26938346151));
#1765 = CARTESIAN_POINT('',(42.68739126839,13.371116342184,
    188.41620524357));
#1766 = CARTESIAN_POINT('',(42.814310518828,13.507929266762,
    188.56964029917));
#1767 = CARTESIAN_POINT('',(42.931506932612,13.64973229805,
    188.72867173613));
#1768 = CARTESIAN_POINT('',(43.03900942314,13.795719106496,
    188.89239525962));
#1769 = CARTESIAN_POINT('',(43.317257020682,14.220501373972,
    189.36878658763));
#1770 = CARTESIAN_POINT('',(43.464881134004,14.507363910615,
    189.69050158199));
#1771 = CARTESIAN_POINT('',(43.580878978214,14.801897957282,
    190.020820139));
#1772 = CARTESIAN_POINT('',(43.666302224943,15.100833202783,
    190.35607461994));
#1773 = CARTESIAN_POINT('',(43.722315279842,15.401466826941,
    190.6932338246));
#1774 = CARTESIAN_POINT('',(43.75,15.701691048866,191.02993388657));
#1775 = CARTESIAN_POINT('',(43.75,16.,191.3644859813));
#1776 = ORIENTED_EDGE('',*,*,#1777,.T.);
#1777 = EDGE_CURVE('',#1759,#1581,#1778,.T.);
#1778 = B_SPLINE_CURVE_WITH_KNOTS('',6,(#1779,#1780,#1781,#1782,#1783,
    #1784,#1785,#1786,#1787,#1788,#1789,#1790,#1791,#1792,#1793,#1794,
    #1795,#1796,#1797,#1798,#1799,#1800,#1801,#1802,#1803,#1804,#1805,
    #1806,#1807,#1808,#1809,#1810,#1811,#1812,#1813,#1814,#1815,#1816,
    #1817,#1818,#1819,#1820,#1821,#1822,#1823,#1824,#1825,#1826,#1827,
    #1828,#1829,#1830,#1831,#1832,#1833,#1834,#1835,#1836,#1837,#1838,
    #1839,#1840,#1841,#1842,#1843,#1844,#1845,#1846,#1847,#1848,#1849,
    #1850),.UNSPECIFIED.,.F.,.F.,(7,5,5,5,5,5,5,5,5,5,5,5,5,5,7),(0.,
    5.716102727613E-02,0.177897281052,0.224601296334,0.288236984374,
    0.369651958008,0.477038739352,0.558081168544,0.621969966693,
    0.669406936943,0.705126595897,0.798038114309,0.900930202833,
    0.941414924042,1.),.UNSPECIFIED.);
#1779 = CARTESIAN_POINT('',(43.75,16.,191.3644859813));
#1780 = CARTESIAN_POINT('',(43.75,16.133290635358,191.513970806));
#1781 = CARTESIAN_POINT('',(43.744314840694,16.266146489543,
    191.66296802565));
#1782 = CARTESIAN_POINT('',(43.733013648145,16.398388251253,
    191.81127654346));
#1783 = CARTESIAN_POINT('',(43.716152751952,16.529839982454,
    191.95869904574));
#1784 = CARTESIAN_POINT('',(43.69377520177,16.660328809597,
    192.10504165562));
#1785 = CARTESIAN_POINT('',(43.607053647348,17.062911603057,
    192.55653637726));
#1786 = CARTESIAN_POINT('',(43.523733991046,17.3309945719,
    192.85719017409));
#1787 = CARTESIAN_POINT('',(43.416223963309,17.592478138188,
    193.1504427718));
#1788 = CARTESIAN_POINT('',(43.284492878558,17.84555671172,
    193.4342692094));
#1789 = CARTESIAN_POINT('',(43.128489391913,18.088164348574,
    193.70635254045));
#1790 = CARTESIAN_POINT('',(42.878024912375,18.406708929341,
    194.06359879926));
#1791 = CARTESIAN_POINT('',(42.80449218239,18.493615027773,
    194.16106358254));
#1792 = CARTESIAN_POINT('',(42.72727771749,18.578427125638,
    194.25617995398));
#1793 = CARTESIAN_POINT('',(42.646374756531,18.660979043547,
    194.34876154416));
#1794 = CARTESIAN_POINT('',(42.561782590695,18.741088016119,
    194.43860338256));
#1795 = CARTESIAN_POINT('',(42.353232190342,18.9241077065,
    194.64385911009));
#1796 = CARTESIAN_POINT('',(42.226127840131,19.024749432343,
    194.75672833533));
#1797 = CARTESIAN_POINT('',(42.092208690063,19.119985812974,
    194.86353549118));
#1798 = CARTESIAN_POINT('',(41.951548481884,19.209232703662,
    194.96362546205));
#1799 = CARTESIAN_POINT('',(41.804308615555,19.291840286262,
    195.05626947992));
#1800 = CARTESIAN_POINT('',(41.454323349833,19.463424352605,
    195.24870020852));
#1801 = CARTESIAN_POINT('',(41.247548147843,19.547740388371,
    195.34326024864));
#1802 = CARTESIAN_POINT('',(41.031091417935,19.618571402523,
    195.42269690002));
#1803 = CARTESIAN_POINT('',(40.806059477083,19.674308013102,
    195.48520524833));
#1804 = CARTESIAN_POINT('',(40.574119090218,19.713385125519,
    195.52903004731));
#1805 = CARTESIAN_POINT('',(40.02590673795,19.76295773686,
    195.58462549928));
#1806 = CARTESIAN_POINT('',(39.705607183239,19.760425781124,
    195.58178592275));
#1807 = CARTESIAN_POINT('',(39.383980457484,19.724376347804,
    195.54135665174));
#1808 = CARTESIAN_POINT('',(39.067864163436,19.654944380197,
    195.46348902452));
#1809 = CARTESIAN_POINT('',(38.763752116913,19.554198267363,
    195.35050272975));
#1810 = CARTESIAN_POINT('',(38.261419148765,19.331025040794,
    195.10021499902));
#1811 = CARTESIAN_POINT('',(38.055148358542,19.219812792595,
    194.97549098234));
#1812 = CARTESIAN_POINT('',(37.860587587728,19.09509218928,
    194.83561740853));
#1813 = CARTESIAN_POINT('',(37.678803218407,18.958814773941,
    194.68278292404));
#1814 = CARTESIAN_POINT('',(37.510345250235,18.812808263179,
    194.5190373045));
#1815 = CARTESIAN_POINT('',(37.233227003212,18.537155057806,
    194.20989352277));
#1816 = CARTESIAN_POINT('',(37.119449155091,18.410578503296,
    194.06793850837));
#1817 = CARTESIAN_POINT('',(37.014111731138,18.279690161537,
    193.92114784471));
#1818 = CARTESIAN_POINT('',(36.917177262919,18.14516824758,
    193.77028214681));
#1819 = CARTESIAN_POINT('',(36.828544619976,18.007604727478,
    193.61600530184));
#1820 = CARTESIAN_POINT('',(36.688338063667,17.763458908764,
    193.34219690702));
#1821 = CARTESIAN_POINT('',(36.633101120164,17.658025266836,
    193.22395357028));
#1822 = CARTESIAN_POINT('',(36.582317379573,17.551395510022,
    193.10436879628));
#1823 = CARTESIAN_POINT('',(36.535929971736,17.443756910645,
    192.98365261007));
#1824 = CARTESIAN_POINT('',(36.493880532633,17.335278986324,
    192.86199512485));
#1825 = CARTESIAN_POINT('',(36.427671506899,17.143912133564,
    192.64737809371));
#1826 = CARTESIAN_POINT('',(36.401658924481,17.061322058228,
    192.55475371016));
#1827 = CARTESIAN_POINT('',(36.378049109431,16.978408186131,
    192.46176619005));
#1828 = CARTESIAN_POINT('',(36.35681861318,16.895232232025,
    192.36848474619));
#1829 = CARTESIAN_POINT('',(36.337945059939,16.811852354519,
    192.27497460319));
#1830 = CARTESIAN_POINT('',(36.278389865045,16.511052754115,
    191.93762925695));
#1831 = CARTESIAN_POINT('',(36.251179715093,16.292793713692,
    191.69285276301));
#1832 = CARTESIAN_POINT('',(36.239391257806,16.074470852237,
    191.44800469409));
#1833 = CARTESIAN_POINT('',(36.242736395316,15.856955483288,
    191.20406222424));
#1834 = CARTESIAN_POINT('',(36.260971603728,15.641065996886,
    190.96194317407));
#1835 = CARTESIAN_POINT('',(36.330465283564,15.191145024153,
    190.45735890559));
#1836 = CARTESIAN_POINT('',(36.385052826694,14.95770667883,
    190.19555889214));
#1837 = CARTESIAN_POINT('',(36.457492967091,14.728294161838,
    189.93827382636));
#1838 = CARTESIAN_POINT('',(36.547682674464,14.504061142264,
    189.68679754272));
#1839 = CARTESIAN_POINT('',(36.655536539111,14.286253323293,
    189.44252709154));
#1840 = CARTESIAN_POINT('',(36.830440433724,13.993595245523,
    189.11431242488));
#1841 = CARTESIAN_POINT('',(36.882558975052,13.912168726921,
    189.02299296477));
#1842 = CARTESIAN_POINT('',(36.937407019437,13.83203825431,
    188.93312701417));
#1843 = CARTESIAN_POINT('',(36.994981165734,13.753295434585,
    188.84481730981));
#1844 = CARTESIAN_POINT('',(37.055276755173,13.676037577015,
    188.75817298356));
#1845 = CARTESIAN_POINT('',(37.209470690891,13.490866484981,
    188.55050446913));
#1846 = CARTESIAN_POINT('',(37.306337230427,13.384693572843,
    188.43143204431));
#1847 = CARTESIAN_POINT('',(37.408871098941,13.282157586248,
    188.31643841448));
#1848 = CARTESIAN_POINT('',(37.517037810328,13.183605255339,
    188.20591243589));
#1849 = CARTESIAN_POINT('',(37.630777893085,13.089416580186,
    188.10028027684));
#1850 = CARTESIAN_POINT('',(37.75,13.,188.));
#1851 = ORIENTED_EDGE('',*,*,#1589,.T.);
#1852 = ORIENTED_EDGE('',*,*,#1853,.T.);
#1853 = EDGE_CURVE('',#1590,#1854,#1856,.T.);
#1854 = VERTEX_POINT('',#1855);
#1855 = CARTESIAN_POINT('',(3.75,16.,191.3644859813));
#1856 = B_SPLINE_CURVE_WITH_KNOTS('',7,(#1857,#1858,#1859,#1860,#1861,
    #1862,#1863,#1864,#1865,#1866,#1867,#1868,#1869,#1870),
  .UNSPECIFIED.,.F.,.F.,(8,6,8),(0.,0.313599591297,1.),.UNSPECIFIED.);
#1857 = CARTESIAN_POINT('',(2.25,13.,188.));
#1858 = CARTESIAN_POINT('',(2.384963892193,13.101222919145,
    188.11352103081));
#1859 = CARTESIAN_POINT('',(2.513178011482,13.208452075103,
    188.23377802815));
#1860 = CARTESIAN_POINT('',(2.63442454473,13.32109877495,188.36011077564
    ));
#1861 = CARTESIAN_POINT('',(2.74856304851,13.438598968443,
    188.49188669358));
#1862 = CARTESIAN_POINT('',(2.855515815796,13.560423088728,
    188.6285118752));
#1863 = CARTESIAN_POINT('',(2.955253242669,13.686085893041,
    188.76944212303));
#1864 = CARTESIAN_POINT('',(3.250298118059,14.097662993139,
    189.23102391753));
#1865 = CARTESIAN_POINT('',(3.418064385958,14.396207351672,
    189.56584002056));
#1866 = CARTESIAN_POINT('',(3.551515008056,14.706589595144,
    189.91393225623));
#1867 = CARTESIAN_POINT('',(3.650998144836,15.025142141995,
    190.27118744896));
#1868 = CARTESIAN_POINT('',(3.7170038449,15.348636639735,190.63398501652
    ));
#1869 = CARTESIAN_POINT('',(3.75,15.674329255619,190.99924776331));
#1870 = CARTESIAN_POINT('',(3.75,16.,191.3644859813));
#1871 = ORIENTED_EDGE('',*,*,#1872,.T.);
#1872 = EDGE_CURVE('',#1854,#1598,#1873,.T.);
#1873 = B_SPLINE_CURVE_WITH_KNOTS('',8,(#1874,#1875,#1876,#1877,#1878,
    #1879,#1880,#1881,#1882,#1883,#1884,#1885,#1886,#1887,#1888,#1889,
    #1890,#1891,#1892,#1893,#1894,#1895,#1896,#1897,#1898,#1899,#1900,
    #1901,#1902,#1903,#1904,#1905,#1906,#1907,#1908,#1909,#1910,#1911,
    #1912,#1913,#1914,#1915,#1916,#1917,#1918,#1919,#1920,#1921,#1922,
    #1923,#1924,#1925,#1926,#1927,#1928,#1929,#1930,#1931,#1932,#1933,
    #1934,#1935,#1936,#1937,#1938,#1939,#1940,#1941,#1942,#1943,#1944,
    #1945,#1946,#1947,#1948,#1949,#1950,#1951,#1952,#1953,#1954,#1955,
    #1956,#1957,#1958,#1959,#1960,#1961,#1962,#1963,#1964,#1965,#1966),
  .UNSPECIFIED.,.F.,.F.,(9,7,7,7,7,7,7,7,7,7,7,7,7,9),(0.,0.178708844909
    ,0.242271243345,0.338173631418,0.440129059021,0.519335978338,
    0.581982338138,0.627796895326,0.661049383692,0.749156788276,
    0.838513937279,0.873842461327,0.925044934605,1.),.UNSPECIFIED.);
#1874 = CARTESIAN_POINT('',(3.75,16.,191.3644859813));
#1875 = CARTESIAN_POINT('',(3.75,16.311907413968,191.71428868856));
#1876 = CARTESIAN_POINT('',(3.720350763089,16.623322967409,
    192.06353977653));
#1877 = CARTESIAN_POINT('',(3.661216608212,16.932552777086,
    192.41033956309));
#1878 = CARTESIAN_POINT('',(3.572347847991,17.237534303154,
    192.75237491941));
#1879 = CARTESIAN_POINT('',(3.453423481883,17.535894728489,
    193.08698474223));
#1880 = CARTESIAN_POINT('',(3.304042731454,17.824928336387,
    193.41113458286));
#1881 = CARTESIAN_POINT('',(3.123866543717,18.101624600305,
    193.72144814987));
#1882 = CARTESIAN_POINT('',(2.83692929967,18.455322903075,
    194.11811914363));
#1883 = CARTESIAN_POINT('',(2.757701648963,18.546077131141,
    194.21989958632));
#1884 = CARTESIAN_POINT('',(2.674518638076,18.634617841308,
    194.31919757903));
#1885 = CARTESIAN_POINT('',(2.587381080979,18.720756290536,
    194.41580144733));
#1886 = CARTESIAN_POINT('',(2.496302185825,18.804288122396,
    194.50948200642));
#1887 = CARTESIAN_POINT('',(2.401310434097,18.884995205402,
    194.59999462288));
#1888 = CARTESIAN_POINT('',(2.302452459745,18.962647471347,
    194.68708127627));
#1889 = CARTESIAN_POINT('',(2.044908656074,19.149194367597,
    194.8962927487));
#1890 = CARTESIAN_POINT('',(1.881337910758,19.253909440576,
    195.01373021373));
#1891 = CARTESIAN_POINT('',(1.709364865263,19.35027991689,
    195.12180925258));
#1892 = CARTESIAN_POINT('',(1.529420097269,19.437380871138,
    195.21949256576));
#1893 = CARTESIAN_POINT('',(1.342113577802,19.514275405662,
    195.30572942691));
#1894 = CARTESIAN_POINT('',(1.148261832713,19.580051934675,
    195.37949749683));
#1895 = CARTESIAN_POINT('',(0.948928611309,19.633885309199,
    195.4398713748));
#1896 = CARTESIAN_POINT('',(0.529222153789,19.719021732626,
    195.53535147584));
#1897 = CARTESIAN_POINT('',(0.308095869696,19.748732617946,
    195.56867209489));
#1898 = CARTESIAN_POINT('',(8.407927269381E-02,19.763420771182,
    195.58514479011));
#1899 = CARTESIAN_POINT('',(-0.140892511414,19.762688572111,
    195.58432363227));
#1900 = CARTESIAN_POINT('',(-0.364923362079,19.746522702957,
    195.56619368556));
#1901 = CARTESIAN_POINT('',(-0.586167671778,19.715254746611,
    195.53112681862));
#1902 = CARTESIAN_POINT('',(-0.802841959219,19.669563582069,
    195.4798843911));
#1903 = CARTESIAN_POINT('',(-1.176687527055,19.56464959407,
    195.36222384381));
#1904 = CARTESIAN_POINT('',(-1.336490049716,19.510680579533,
    195.3016978462));
#1905 = CARTESIAN_POINT('',(-1.491992537022,19.449045731259,
    195.23257465187));
#1906 = CARTESIAN_POINT('',(-1.642679751716,19.380238210882,
    195.1554073393));
#1907 = CARTESIAN_POINT('',(-1.788150535737,19.304778963253,
    195.0707801457));
#1908 = CARTESIAN_POINT('',(-1.928099569655,19.223191554311,
    194.97928024782));
#1909 = CARTESIAN_POINT('',(-2.062303194014,19.135984027475,
    194.88147741399));
#1910 = CARTESIAN_POINT('',(-2.292089189635,18.970599256377,
    194.69599916603));
#1911 = CARTESIAN_POINT('',(-2.389883483408,18.894343348227,
    194.61047852137));
#1912 = CARTESIAN_POINT('',(-2.483925756918,18.815100812452,
    194.52160838779));
#1913 = CARTESIAN_POINT('',(-2.574169812339,18.733092928769,
    194.42963692946));
#1914 = CARTESIAN_POINT('',(-2.660586941245,18.64852973556,
    194.33479970343));
#1915 = CARTESIAN_POINT('',(-2.743163194823,18.561608267156,
    194.23731768279));
#1916 = CARTESIAN_POINT('',(-2.821896654099,18.472510791119,
    194.13739527975));
#1917 = CARTESIAN_POINT('',(-2.951569164699,18.314774097967,
    193.96049431547));
#1918 = CARTESIAN_POINT('',(-3.004291009108,18.247071661201,
    193.88456634901));
#1919 = CARTESIAN_POINT('',(-3.054962772565,18.178361305172,
    193.8075080058));
#1920 = CARTESIAN_POINT('',(-3.103588382138,18.108705749374,
    193.72938962546));
#1921 = CARTESIAN_POINT('',(-3.150172944503,18.038164787686,
    193.65027826656));
#1922 = CARTESIAN_POINT('',(-3.194722537655,17.966795213223,
    193.5702376223));
#1923 = CARTESIAN_POINT('',(-3.237244002641,17.894650743184,
    193.48932793628));
#1924 = CARTESIAN_POINT('',(-3.307140416982,17.768893319298,
    193.34829157304));
#1925 = CARTESIAN_POINT('',(-3.335471378137,17.715623460942,
    193.28854967582));
#1926 = CARTESIAN_POINT('',(-3.362740402839,17.66199185812,
    193.22840208387));
#1927 = CARTESIAN_POINT('',(-3.388950241128,17.608017425521,
    193.16787000993));
#1928 = CARTESIAN_POINT('',(-3.414103608989,17.553718503028,
    193.10697402208));
#1929 = CARTESIAN_POINT('',(-3.438203188347,17.499112855724,
    193.0457340438));
#1930 = CARTESIAN_POINT('',(-3.461251627072,17.444217673889,
    192.98416935389));
#1931 = CARTESIAN_POINT('',(-3.541543571656,17.242873499442,
    192.75836280311));
#1932 = CARTESIAN_POINT('',(-3.592470671242,17.094790132579,
    192.59228799915));
#1933 = CARTESIAN_POINT('',(-3.636086217874,16.945098757082,
    192.42440982102));
#1934 = CARTESIAN_POINT('',(-3.672430388281,16.794086546373,
    192.25505033238));
#1935 = CARTESIAN_POINT('',(-3.701533867813,16.642029383232,
    192.08451893446));
#1936 = CARTESIAN_POINT('',(-3.723419038823,16.489192279322,
    191.91311283662));
#1937 = CARTESIAN_POINT('',(-3.738098645434,16.335829393639,
    191.74111707697));
#1938 = CARTESIAN_POINT('',(-3.753151227481,16.026358544326,
    191.39404696559));
#1939 = CARTESIAN_POINT('',(-3.75331755554,15.870258488777,
    191.21898148274));
#1940 = CARTESIAN_POINT('',(-3.746072769442,15.714137867251,
    191.04389293523));
#1941 = CARTESIAN_POINT('',(-3.731403762044,15.558261166889,
    190.86907794417));
#1942 = CARTESIAN_POINT('',(-3.709287296831,15.402902829692,
    190.69484429498));
#1943 = CARTESIAN_POINT('',(-3.67969239963,15.248347277285,
    190.52151096518));
#1944 = CARTESIAN_POINT('',(-3.64258031366,15.09488910872,
    190.34940834622));
#1945 = CARTESIAN_POINT('',(-3.580237866119,14.882716275279,
    190.11145750498));
#1946 = CARTESIAN_POINT('',(-3.561391461386,14.822819689924,
    190.0442837644));
#1947 = CARTESIAN_POINT('',(-3.541359982961,14.763163184248,
    189.97737927205));
#1948 = CARTESIAN_POINT('',(-3.520140610031,14.703766852634,
    189.9107665637));
#1949 = CARTESIAN_POINT('',(-3.497730521739,14.644651414839,
    189.84446887645));
#1950 = CARTESIAN_POINT('',(-3.474126897187,14.585838215996,
    189.77851014878));
#1951 = CARTESIAN_POINT('',(-3.449326915432,14.527349226613,
    189.7129150205));
#1952 = CARTESIAN_POINT('',(-3.385646552318,14.384940187252,
    189.55320394832));
#1953 = CARTESIAN_POINT('',(-3.345446862339,14.301402608812,
    189.45951694446));
#1954 = CARTESIAN_POINT('',(-3.30272007736,14.218662561578,
    189.36672436812));
#1955 = CARTESIAN_POINT('',(-3.257458442466,14.136792465971,
    189.27490743847));
#1956 = CARTESIAN_POINT('',(-3.209655422467,14.055868776272,
    189.18415189862));
#1957 = CARTESIAN_POINT('',(-3.159306068326,13.975971848378,
    189.09454786734));
#1958 = CARTESIAN_POINT('',(-3.106407383605,13.897185807567,
    189.00618969073));
#1959 = CARTESIAN_POINT('',(-2.969787604397,13.706018590559,
    188.79179655015));
#1960 = CARTESIAN_POINT('',(-2.883154645108,13.595011546322,
    188.66730266877));
#1961 = CARTESIAN_POINT('',(-2.79105697267,13.4868501032,188.54600011573
    ));
#1962 = CARTESIAN_POINT('',(-2.693508704755,13.381834732746,
    188.4282258685));
#1963 = CARTESIAN_POINT('',(-2.590546532015,13.280289786527,
    188.31434368582));
#1964 = CARTESIAN_POINT('',(-2.482235333035,13.182559724264,
    188.20473987767));
#1965 = CARTESIAN_POINT('',(-2.36867378927,13.089005341953,
    188.09981907508));
#1966 = CARTESIAN_POINT('',(-2.25,13.,188.));
#1967 = ORIENTED_EDGE('',*,*,#1606,.T.);
#1968 = ORIENTED_EDGE('',*,*,#1969,.T.);
#1969 = EDGE_CURVE('',#1607,#1970,#1972,.T.);
#1970 = VERTEX_POINT('',#1971);
#1971 = CARTESIAN_POINT('',(-36.25,16.,191.3644859813));
#1972 = B_SPLINE_CURVE_WITH_KNOTS('',7,(#1973,#1974,#1975,#1976,#1977,
    #1978,#1979,#1980,#1981,#1982,#1983,#1984,#1985,#1986,#1987,#1988,
    #1989,#1990,#1991,#1992),.UNSPECIFIED.,.F.,.F.,(8,6,6,8),(0.,
    0.235384184534,0.834741285815,1.),.UNSPECIFIED.);
#1973 = CARTESIAN_POINT('',(-37.75,13.,188.));
#1974 = CARTESIAN_POINT('',(-37.65019049195,13.07485713103,
    188.08395192265));
#1975 = CARTESIAN_POINT('',(-37.55411622676,13.152966041045,
    188.17155070023));
#1976 = CARTESIAN_POINT('',(-37.46182601993,13.234109154359,
    188.26255232264));
#1977 = CARTESIAN_POINT('',(-37.37335614141,13.318080033408,
    188.35672527111));
#1978 = CARTESIAN_POINT('',(-37.28873208592,13.404684628184,
    188.45385191945));
#1979 = CARTESIAN_POINT('',(-37.20797034338,13.493742525685,
    188.55372993534));
#1980 = CARTESIAN_POINT('',(-36.93529525721,13.817681048759,
    188.91702547524));
#1981 = CARTESIAN_POINT('',(-36.76472198608,14.06497618337,
    189.19436581312));
#1982 = CARTESIAN_POINT('',(-36.61932471418,14.324383157643,
    189.48528952259));
#1983 = CARTESIAN_POINT('',(-36.49922063062,14.59360409646,
    189.78721954743));
#1984 = CARTESIAN_POINT('',(-36.40450276891,14.870549789174,
    190.09781284767));
#1985 = CARTESIAN_POINT('',(-36.33530076547,15.153365448156,
    190.41498928765));
#1986 = CARTESIAN_POINT('',(-36.28003139668,15.519642514159,
    190.82576730559));
#1987 = CARTESIAN_POINT('',(-36.27005460874,15.59912495247,
    190.91490648875));
#1988 = CARTESIAN_POINT('',(-36.2620540287,15.67888822374,
    191.00436062475));
#1989 = CARTESIAN_POINT('',(-36.25603817452,15.758895034472,
    191.09408788912));
#1990 = CARTESIAN_POINT('',(-36.25201662105,15.839107839938,
    191.18404617563));
#1991 = CARTESIAN_POINT('',(-36.25,15.919488844178,191.27419309627));
#1992 = CARTESIAN_POINT('',(-36.25,16.,191.3644859813));
#1993 = ORIENTED_EDGE('',*,*,#1994,.T.);
#1994 = EDGE_CURVE('',#1970,#1615,#1995,.T.);
#1995 = B_SPLINE_CURVE_WITH_KNOTS('',7,(#1996,#1997,#1998,#1999,#2000,
    #2001,#2002,#2003,#2004,#2005,#2006,#2007,#2008,#2009,#2010,#2011,
    #2012,#2013,#2014,#2015,#2016,#2017,#2018,#2019,#2020,#2021,#2022,
    #2023,#2024,#2025,#2026,#2027,#2028,#2029,#2030,#2031,#2032,#2033,
    #2034,#2035,#2036,#2037,#2038,#2039,#2040,#2041,#2042,#2043,#2044,
    #2045,#2046,#2047,#2048,#2049,#2050,#2051,#2052,#2053,#2054,#2055,
    #2056,#2057,#2058,#2059,#2060,#2061,#2062,#2063,#2064,#2065,#2066,
    #2067,#2068,#2069,#2070,#2071,#2072,#2073,#2074,#2075),
  .UNSPECIFIED.,.F.,.F.,(8,6,6,6,6,6,6,6,6,6,6,6,6,8),(0.,0.138898543921
    ,0.202322044054,0.253941449546,0.377566098834,0.475360291235,
    0.538367679616,0.584199886665,0.619111189459,0.708423397349,
    0.814985809576,0.85773845345,0.915565831317,1.),.UNSPECIFIED.);
#1996 = CARTESIAN_POINT('',(-36.25,16.,191.3644859813));
#1997 = CARTESIAN_POINT('',(-36.25,16.274769382408,191.67263855971));
#1998 = CARTESIAN_POINT('',(-36.27348802447,16.550925453115,
    191.98234630255));
#1999 = CARTESIAN_POINT('',(-36.32089305184,16.827161203806,
    192.29214340613));
#2000 = CARTESIAN_POINT('',(-36.39289363698,17.101842167256,
    192.60019682309));
#2001 = CARTESIAN_POINT('',(-36.49025219305,17.373006776302,
    192.90430666501));
#2002 = CARTESIAN_POINT('',(-36.61372079169,17.638377749535,
    193.20191897144));
#2003 = CARTESIAN_POINT('',(-36.83294126526,18.01264162596,
    193.62165415995));
#2004 = CARTESIAN_POINT('',(-36.90727648241,18.128170318055,
    193.75121904828));
#2005 = CARTESIAN_POINT('',(-36.98729596584,18.241635395182,
    193.87846960207));
#2006 = CARTESIAN_POINT('',(-37.07305633873,18.352728245397,
    194.00305971446));
#2007 = CARTESIAN_POINT('',(-37.16459241206,18.461104141353,
    194.12460277535));
#2008 = CARTESIAN_POINT('',(-37.26190858352,18.566385903483,
    194.2426757796));
#2009 = CARTESIAN_POINT('',(-37.44885052124,18.751006081291,
    194.4497264463));
#2010 = CARTESIAN_POINT('',(-37.53653320664,18.831522545728,
    194.54002528492));
#2011 = CARTESIAN_POINT('',(-37.62799428455,18.909494800848,
    194.62747080469));
#2012 = CARTESIAN_POINT('',(-37.72318602072,18.984682244033,
    194.71179317087));
#2013 = CARTESIAN_POINT('',(-37.82203024297,19.056831280254,
    194.79270797785));
#2014 = CARTESIAN_POINT('',(-37.92441162927,19.125680776634,
    194.86992236631));
#2015 = CARTESIAN_POINT('',(-38.28345683834,19.347324420085,
    195.11849467673));
#2016 = CARTESIAN_POINT('',(-38.55689826271,19.483729257669,
    195.27147206467));
#2017 = CARTESIAN_POINT('',(-38.84727266519,19.595582543616,
    195.39691500218));
#2018 = CARTESIAN_POINT('',(-39.15043007342,19.679478068581,
    195.49100344139));
#2019 = CARTESIAN_POINT('',(-39.46137693886,19.733187914927,
    195.55123878309));
#2020 = CARTESIAN_POINT('',(-39.77425159351,19.755843555125,
    195.57664697771));
#2021 = CARTESIAN_POINT('',(-40.32564626234,19.743767109047,
    195.56310329986));
#2022 = CARTESIAN_POINT('',(-40.56656338636,19.72002540962,
    195.5364770949));
#2023 = CARTESIAN_POINT('',(-40.80217824336,19.678540236937,
    195.48995166759));
#2024 = CARTESIAN_POINT('',(-41.03049497531,19.620600359724,
    195.42497236604));
#2025 = CARTESIAN_POINT('',(-41.25003606204,19.547687517425,
    195.34320095412));
#2026 = CARTESIAN_POINT('',(-41.45977835216,19.461348436571,
    195.24637207839));
#2027 = CARTESIAN_POINT('',(-41.78747945277,19.299684448557,
    195.06506667127));
#2028 = CARTESIAN_POINT('',(-41.9115749981,19.231352883354,
    194.98843314021));
#2029 = CARTESIAN_POINT('',(-42.03121609108,19.158403809862,
    194.90662109517));
#2030 = CARTESIAN_POINT('',(-42.14630171727,19.081189272666,
    194.82002535252));
#2031 = CARTESIAN_POINT('',(-42.25676873782,19.000038603939,
    194.72901525675));
#2032 = CARTESIAN_POINT('',(-42.36258493324,18.915252415236,
    194.63392794232));
#2033 = CARTESIAN_POINT('',(-42.53732474763,18.762971156203,
    194.46314522191));
#2034 = CARTESIAN_POINT('',(-42.60843968735,18.697065011263,
    194.38923178833));
#2035 = CARTESIAN_POINT('',(-42.67708267384,18.629481848384,
    194.31343758697));
#2036 = CARTESIAN_POINT('',(-42.74325265757,18.560319400084,
    194.23587222439));
#2037 = CARTESIAN_POINT('',(-42.8069512511,18.489669192836,
    194.1566383471));
#2038 = CARTESIAN_POINT('',(-42.86818224836,18.417616302419,
    194.07583136719));
#2039 = CARTESIAN_POINT('',(-42.97171657929,18.288346243256,
    193.93085559991));
#2040 = CARTESIAN_POINT('',(-43.01505302587,18.231685497463,
    193.86731083827));
#2041 = CARTESIAN_POINT('',(-43.05696276669,18.174291785192,
    193.80294405816));
#2042 = CARTESIAN_POINT('',(-43.0974480449,18.116198483155,
    193.73779269138));
#2043 = CARTESIAN_POINT('',(-43.13651106365,18.057437431484,
    193.67189244652));
#2044 = CARTESIAN_POINT('',(-43.1741539861,17.998038933731,
    193.60527730885));
#2045 = CARTESIAN_POINT('',(-43.30305179355,17.784517764945,
    193.36581431582));
#2046 = CARTESIAN_POINT('',(-43.38643707549,17.627032131736,
    193.18919491409));
#2047 = CARTESIAN_POINT('',(-43.46058132566,17.466041306862,
    193.00864445629));
#2048 = CARTESIAN_POINT('',(-43.52549877549,17.301978200709,
    192.82464844939));
#2049 = CARTESIAN_POINT('',(-43.58118275007,17.135246718398,
    192.6376598711));
#2050 = CARTESIAN_POINT('',(-43.62760558416,16.96622249148,
    192.44809999044));
#2051 = CARTESIAN_POINT('',(-43.70897447208,16.591254608137,
    192.02757526146));
#2052 = CARTESIAN_POINT('',(-43.73996276353,16.384528371546,
    191.79573275313));
#2053 = CARTESIAN_POINT('',(-43.75758254857,16.175645342316,
    191.56147141194));
#2054 = CARTESIAN_POINT('',(-43.7616522266,15.965215661867,
    191.32547550863));
#2055 = CARTESIAN_POINT('',(-43.75193487852,15.753889990585,
    191.08847475579));
#2056 = CARTESIAN_POINT('',(-43.72814270922,15.542361612344,
    190.85124666804));
#2057 = CARTESIAN_POINT('',(-43.67456973922,15.246714978027,
    190.51968034918));
#2058 = CARTESIAN_POINT('',(-43.65690704135,15.16215508059,
    190.42484681935));
#2059 = CARTESIAN_POINT('',(-43.63689792628,15.077736602694,
    190.33017189087));
#2060 = CARTESIAN_POINT('',(-43.61451867433,14.993513441575,
    190.23571600924));
#2061 = CARTESIAN_POINT('',(-43.58974484985,14.909543117965,
    190.14154368369));
#2062 = CARTESIAN_POINT('',(-43.56255130117,14.825886776089,
    190.0477234872));
#2063 = CARTESIAN_POINT('',(-43.49282215401,14.629967616544,
    189.82800106528));
#2064 = CARTESIAN_POINT('',(-43.44825918533,14.518022083452,
    189.70245467303));
#2065 = CARTESIAN_POINT('',(-43.39915942858,14.406930718503,
    189.57786622635));
#2066 = CARTESIAN_POINT('',(-43.34546028275,14.296871970414,
    189.45443585467));
#2067 = CARTESIAN_POINT('',(-43.2871033824,14.188043913037,
    189.33238569686));
#2068 = CARTESIAN_POINT('',(-43.2240376081,14.080663555874,
    189.21195912808));
#2069 = CARTESIAN_POINT('',(-43.0572041832,13.820636621824,
    188.92034013662));
#2070 = CARTESIAN_POINT('',(-42.94806372466,13.669900069446,
    188.7512897975));
#2071 = CARTESIAN_POINT('',(-42.82867538799,13.523492433642,
    188.5870943181));
#2072 = CARTESIAN_POINT('',(-42.69899804237,13.382281975145,
    188.42872744876));
#2073 = CARTESIAN_POINT('',(-42.55911239279,13.247249878466,
    188.27728958332));
#2074 = CARTESIAN_POINT('',(-42.40927661619,13.119457462144,
    188.13397098558));
#2075 = CARTESIAN_POINT('',(-42.25,13.,188.));
#2076 = ORIENTED_EDGE('',*,*,#1623,.T.);
#2077 = ORIENTED_EDGE('',*,*,#1736,.T.);
#2078 = ORIENTED_EDGE('',*,*,#699,.T.);
#2079 = ORIENTED_EDGE('',*,*,#2080,.T.);
#2080 = EDGE_CURVE('',#692,#2081,#2083,.T.);
#2081 = VERTEX_POINT('',#2082);
#2082 = CARTESIAN_POINT('',(-16.25,20.,195.85046728972));
#2083 = B_SPLINE_CURVE_WITH_KNOTS('',7,(#2084,#2085,#2086,#2087,#2088,
    #2089,#2090,#2091,#2092,#2093,#2094,#2095,#2096,#2097,#2098,#2099,
    #2100,#2101,#2102,#2103,#2104,#2105,#2106,#2107,#2108,#2109,#2110,
    #2111,#2112,#2113,#2114,#2115,#2116,#2117,#2118,#2119,#2120,#2121,
    #2122,#2123,#2124,#2125,#2126,#2127,#2128,#2129,#2130,#2131,#2132,
    #2133,#2134,#2135,#2136,#2137,#2138,#2139),.UNSPECIFIED.,.F.,.F.,(8,
    6,6,6,6,6,6,6,6,8),(0.,0.204020263386,0.290670894352,0.36156127291,
    0.482359912567,0.602588865425,0.671841610864,0.759346623126,
    0.929989289206,1.),.UNSPECIFIED.);
#2084 = CARTESIAN_POINT('',(-23.73492101659,20.33595386557,
    196.22723798007));
#2085 = CARTESIAN_POINT('',(-23.76347966358,20.018457025194,
    195.87116675722));
#2086 = CARTESIAN_POINT('',(-23.76054712508,19.698172852627,
    195.51196955434));
#2087 = CARTESIAN_POINT('',(-23.72596148013,19.377016463709,
    195.1517941649));
#2088 = CARTESIAN_POINT('',(-23.65900842271,19.057364033589,
    194.79330545823));
#2089 = CARTESIAN_POINT('',(-23.55882949483,18.742059487345,
    194.439692883));
#2090 = CARTESIAN_POINT('',(-23.42459009928,18.434387223014,
    194.09463987627));
#2091 = CARTESIAN_POINT('',(-23.18319419621,18.0123425087,
    193.62131870134));
#2092 = CARTESIAN_POINT('',(-23.10491562556,17.888647947888,
    193.4825958294));
#2093 = CARTESIAN_POINT('',(-23.02026032251,17.767392191759,
    193.34660806552));
#2094 = CARTESIAN_POINT('',(-22.92918560028,17.648939853622,
    193.21376432181));
#2095 = CARTESIAN_POINT('',(-22.83167603326,17.533695734803,
    193.08451858108));
#2096 = CARTESIAN_POINT('',(-22.72775376456,17.422099858114,
    192.95936432685));
#2097 = CARTESIAN_POINT('',(-22.52727915188,17.226693418475,
    192.74021691791));
#2098 = CARTESIAN_POINT('',(-22.4328276117,17.141524387272,
    192.6447002474));
#2099 = CARTESIAN_POINT('',(-22.33417893405,17.059377026688,
    192.55257236637));
#2100 = CARTESIAN_POINT('',(-22.23140589493,16.980531748326,
    192.46414775513));
#2101 = CARTESIAN_POINT('',(-22.12461657308,16.90528119964,
    192.37975461641));
#2102 = CARTESIAN_POINT('',(-22.01396161773,16.833923707161,
    192.29972752204));
#2103 = CARTESIAN_POINT('',(-21.70483775001,16.652302813864,
    192.09604053891));
#2104 = CARTESIAN_POINT('',(-21.49925215482,16.549934271212,
    191.98123469668));
#2105 = CARTESIAN_POINT('',(-21.28406983252,16.461278259226,
    191.88180739352));
#2106 = CARTESIAN_POINT('',(-21.06078327985,16.387753695562,
    191.79934993894));
#2107 = CARTESIAN_POINT('',(-20.83120882563,16.33051418132,
    191.7351560912));
#2108 = CARTESIAN_POINT('',(-20.59751704449,16.290377395778,
    191.69014287377));
#2109 = CARTESIAN_POINT('',(-20.12828470714,16.24482434446,
    191.63905533958));
#2110 = CARTESIAN_POINT('',(-19.89252991115,16.239223068078,
    191.63277353429));
#2111 = CARTESIAN_POINT('',(-19.65763426858,16.250998434718,
    191.64597955295));
#2112 = CARTESIAN_POINT('',(-19.4258122645,16.2797446812,191.67821833405
    ));
#2113 = CARTESIAN_POINT('',(-19.19899769313,16.324681612485,
    191.7286148925));
#2114 = CARTESIAN_POINT('',(-18.97886280802,16.384728235232,
    191.79595689932));
#2115 = CARTESIAN_POINT('',(-18.64469113508,16.501091099689,
    191.92645730806));
#2116 = CARTESIAN_POINT('',(-18.52519173829,16.548212482197,
    191.97930371835));
#2117 = CARTESIAN_POINT('',(-18.40855797198,16.599695336181,
    192.03704149852));
#2118 = CARTESIAN_POINT('',(-18.29497814942,16.655299851749,
    192.09940170289));
#2119 = CARTESIAN_POINT('',(-18.18460354929,16.714783920455,
    192.16611280798));
#2120 = CARTESIAN_POINT('',(-18.07755331374,16.77790963366,
    192.23690800036));
#2121 = CARTESIAN_POINT('',(-17.84297159091,16.928527262061,
    192.40582496679));
#2122 = CARTESIAN_POINT('',(-17.71748442778,17.018051996622,
    192.50622653826));
#2123 = CARTESIAN_POINT('',(-17.59763080465,17.112570404143,
    192.61222849062));
#2124 = CARTESIAN_POINT('',(-17.48353076098,17.211647833284,
    192.72334336443));
#2125 = CARTESIAN_POINT('',(-17.3752602676,17.314875382966,
    192.83911257902));
#2126 = CARTESIAN_POINT('',(-17.2728600661,17.42187672354,
    192.95911408247));
#2127 = CARTESIAN_POINT('',(-16.98813046573,17.747679357586,
    193.32450021411));
#2128 = CARTESIAN_POINT('',(-16.82239374351,17.975999464908,
    193.58056014756));
#2129 = CARTESIAN_POINT('',(-16.67908960544,18.21488013486,
    193.84846370264));
#2130 = CARTESIAN_POINT('',(-16.55816121617,18.462198402136,
    194.1258299837));
#2131 = CARTESIAN_POINT('',(-16.45947889715,18.716075598428,
    194.410552073));
#2132 = CARTESIAN_POINT('',(-16.38288962437,18.974888383385,
    194.70080940192));
#2133 = CARTESIAN_POINT('',(-16.30601141299,19.344987674087,
    195.11587402701));
#2134 = CARTESIAN_POINT('',(-16.28736515945,19.453250657577,
    195.23729045709));
#2135 = CARTESIAN_POINT('',(-16.27243704766,19.562007130459,
    195.35926033322));
#2136 = CARTESIAN_POINT('',(-16.26122925755,19.671157826473,
    195.48167232875));
#2137 = CARTESIAN_POINT('',(-16.25374726532,19.780604652096,
    195.60441643225));
#2138 = CARTESIAN_POINT('',(-16.25,19.890250656247,195.72738391354));
#2139 = CARTESIAN_POINT('',(-16.25,20.,195.85046728972));
#2140 = ORIENTED_EDGE('',*,*,#2141,.T.);
#2141 = EDGE_CURVE('',#2081,#2142,#2144,.T.);
#2142 = VERTEX_POINT('',#2143);
#2143 = CARTESIAN_POINT('',(16.250000002031,20.,195.85046728971));
#2144 = B_SPLINE_CURVE_WITH_KNOTS('',1,(#2145,#2146),.UNSPECIFIED.,.F.,
  .F.,(2,2),(0.,1.),.PIECEWISE_BEZIER_KNOTS.);
#2145 = CARTESIAN_POINT('',(-49.74018691588,20.,195.85046728972));
#2146 = CARTESIAN_POINT('',(49.740186915888,20.,195.85046728972));
#2147 = ORIENTED_EDGE('',*,*,#2148,.T.);
#2148 = EDGE_CURVE('',#2142,#1078,#2149,.T.);
#2149 = B_SPLINE_CURVE_WITH_KNOTS('',8,(#2150,#2151,#2152,#2153,#2154,
    #2155,#2156,#2157,#2158,#2159,#2160,#2161,#2162,#2163,#2164,#2165,
    #2166,#2167,#2168,#2169,#2170,#2171,#2172,#2173,#2174,#2175,#2176,
    #2177,#2178,#2179,#2180,#2181,#2182,#2183,#2184,#2185,#2186,#2187,
    #2188,#2189,#2190,#2191,#2192,#2193,#2194,#2195,#2196,#2197,#2198,
    #2199,#2200,#2201,#2202,#2203,#2204,#2205,#2206,#2207,#2208,#2209,
    #2210,#2211,#2212,#2213,#2214,#2215,#2216,#2217,#2218,#2219,#2220,
    #2221,#2222,#2223,#2224,#2225,#2226,#2227,#2228,#2229,#2230,#2231,
    #2232,#2233,#2234,#2235,#2236,#2237,#2238,#2239,#2240,#2241,#2242,
    #2243,#2244,#2245,#2246,#2247,#2248,#2249,#2250,#2251,#2252,#2253,
    #2254,#2255,#2256,#2257,#2258,#2259,#2260,#2261,#2262,#2263,#2264,
    #2265,#2266,#2267,#2268,#2269,#2270,#2271,#2272,#2273,#2274,#2275,
    #2276,#2277),.UNSPECIFIED.,.F.,.F.,(9,7,7,7,7,7,7,7,7,7,7,7,7,7,7,7,
    7,7,9),(0.,0.119325281853,0.16077112891,0.2236336754,0.290702330369,
    0.342120876243,0.383797779645,0.415581827546,0.439631462478,
    0.499747889122,0.558269401237,0.582929645557,0.616509008466,
    0.663088192184,0.722038333365,0.806707347795,0.863442677799,
    0.907240177365,1.),.UNSPECIFIED.);
#2150 = CARTESIAN_POINT('',(23.734946272041,20.335672973246,
    196.22692296065));
#2151 = CARTESIAN_POINT('',(23.707146960458,20.644988716359,
    196.57381912115));
#2152 = CARTESIAN_POINT('',(23.650114282875,20.951197554457,
    196.91723090219));
#2153 = CARTESIAN_POINT('',(23.564143632356,21.252790734969,
    197.25546624483));
#2154 = CARTESIAN_POINT('',(23.449084778518,21.547813411083,
    197.58633279746));
#2155 = CARTESIAN_POINT('',(23.304708697786,21.83395893682,
    197.90724366747));
#2156 = CARTESIAN_POINT('',(23.130692518188,22.108539251651,
    198.21518420745));
#2157 = CARTESIAN_POINT('',(22.926777726406,22.368530612861,
    198.50676330414));
#2158 = CARTESIAN_POINT('',(22.610857631632,22.694366538144,
    198.87218677175));
#2159 = CARTESIAN_POINT('',(22.525769223275,22.776132509388,
    198.96388692641));
#2160 = CARTESIAN_POINT('',(22.43703080595,22.855502403024,
    199.05289989124));
#2161 = CARTESIAN_POINT('',(22.344648750363,22.932295629709,
    199.13902313612));
#2162 = CARTESIAN_POINT('',(22.248642381915,23.006316439319,
    199.2220371282));
#2163 = CARTESIAN_POINT('',(22.149046630374,23.077355876877,
    199.30170752546));
#2164 = CARTESIAN_POINT('',(22.045914679552,23.145193738485,
    199.37778737026));
#2165 = CARTESIAN_POINT('',(21.777645209446,23.307288837195,
    199.55957626601));
#2166 = CARTESIAN_POINT('',(21.607970665457,23.397104897584,
    199.66030455803));
#2167 = CARTESIAN_POINT('',(21.430604420887,23.478210190378,
    199.75126376491));
#2168 = CARTESIAN_POINT('',(21.246011553997,23.549711525419,
    199.83145217804));
#2169 = CARTESIAN_POINT('',(21.054843696079,23.610709181335,
    199.89986076411));
#2170 = CARTESIAN_POINT('',(20.857965055025,23.660338787022,
    199.95552013497));
#2171 = CARTESIAN_POINT('',(20.656490668528,23.697839091304,
    199.99757655099));
#2172 = CARTESIAN_POINT('',(20.233521045492,23.749178391546,
    200.05515333631));
#2173 = CARTESIAN_POINT('',(20.011351577736,23.761294860773,
    200.06874189993));
#2174 = CARTESIAN_POINT('',(19.787413564508,23.758286584609,
    200.06536813227));
#2175 = CARTESIAN_POINT('',(19.563705185517,23.739894408894,
    200.04474139315));
#2176 = CARTESIAN_POINT('',(19.342152496062,23.706254009073,
    200.00701384195));
#2177 = CARTESIAN_POINT('',(19.124603936831,23.657854503996,
    199.95273402317));
#2178 = CARTESIAN_POINT('',(18.912819693512,23.595542291182,
    199.88285116768));
#2179 = CARTESIAN_POINT('',(18.551779306991,23.463092271688,
    199.73430908974));
#2180 = CARTESIAN_POINT('',(18.399304026308,23.398114303535,
    199.66143660209));
#2181 = CARTESIAN_POINT('',(18.25161793118,23.326111179938,
    199.58068543544));
#2182 = CARTESIAN_POINT('',(18.109170588608,23.247603292149,
    199.49263920614));
#2183 = CARTESIAN_POINT('',(17.972297955589,23.163126915683,
    199.39789934469));
#2184 = CARTESIAN_POINT('',(17.841242458694,23.07321115411,
    199.29705923825));
#2185 = CARTESIAN_POINT('',(17.716168463202,22.978361352722,
    199.19068562922));
#2186 = CARTESIAN_POINT('',(17.500722389164,22.798552110652,
    198.98903040447));
#2187 = CARTESIAN_POINT('',(17.408262706092,22.715121101263,
    198.8954629173));
#2188 = CARTESIAN_POINT('',(17.319837398022,22.628999034071,
    198.79887742138));
#2189 = CARTESIAN_POINT('',(17.235469808924,22.540416854037,
    198.69953292041));
#2190 = CARTESIAN_POINT('',(17.155166297125,22.449591782032,
    198.59767302657));
#2191 = CARTESIAN_POINT('',(17.078919221146,22.356725725932,
    198.49352417861));
#2192 = CARTESIAN_POINT('',(17.00670992555,22.262003691708,
    198.38729385986));
#2193 = CARTESIAN_POINT('',(16.886501749089,22.092065915099,
    198.19670943749));
#2194 = CARTESIAN_POINT('',(16.836826174135,22.017559264032,
    198.11315057648));
#2195 = CARTESIAN_POINT('',(16.789473524852,21.942147048483,
    198.02857612913));
#2196 = CARTESIAN_POINT('',(16.744431101827,21.865900407107,
    197.94306587713));
#2197 = CARTESIAN_POINT('',(16.70168522992,21.788886745332,
    197.85669541532));
#2198 = CARTESIAN_POINT('',(16.661221504887,21.711169670625,
    197.7695360792));
#2199 = CARTESIAN_POINT('',(16.623025039995,21.632808927769,
    197.68165487226));
#2200 = CARTESIAN_POINT('',(16.5598831715,21.494123296835,
    197.52611958523));
#2201 = CARTESIAN_POINT('',(16.53397530745,21.43405021298,197.4587479024
    ));
#2202 = CARTESIAN_POINT('',(16.509350622833,21.373665486554,
    197.39102671389));
#2203 = CARTESIAN_POINT('',(16.486002782239,21.312992718255,
    197.32298248776));
#2204 = CARTESIAN_POINT('',(16.463925612513,21.252054705504,
    197.25464079121));
#2205 = CARTESIAN_POINT('',(16.443113102751,21.19087344244,
    197.18602629058));
#2206 = CARTESIAN_POINT('',(16.423559404307,21.129470119924,
    197.11716275131));
#2207 = CARTESIAN_POINT('',(16.359513226375,20.913872263006,
    196.87537076225));
#2208 = CARTESIAN_POINT('',(16.321600812178,20.758629522948,
    196.7012667547));
#2209 = CARTESIAN_POINT('',(16.291428534839,20.60244444451,
    196.52610591907));
#2210 = CARTESIAN_POINT('',(16.268920715725,20.445612919803,
    196.35022009697));
#2211 = CARTESIAN_POINT('',(16.254014356885,20.28841972014,
    196.1739286581));
#2212 = CARTESIAN_POINT('',(16.246657473832,20.13113883352,
    195.99753887871));
#2213 = CARTESIAN_POINT('',(16.246810455165,19.974033613316,
    195.82134610839));
#2214 = CARTESIAN_POINT('',(16.261887750549,19.664836567655,
    195.47458306652));
#2215 = CARTESIAN_POINT('',(16.276419310921,19.512737535161,
    195.30400471233));
#2216 = CARTESIAN_POINT('',(16.298021448387,19.361294305373,
    195.1341618378));
#2217 = CARTESIAN_POINT('',(16.326683972599,19.21075188253,
    194.96532921405));
#2218 = CARTESIAN_POINT('',(16.362405971778,19.061365083644,
    194.79779261717));
#2219 = CARTESIAN_POINT('',(16.405193848146,18.913398381273,
    194.63184865189));
#2220 = CARTESIAN_POINT('',(16.455061601636,18.767126115909,
    194.4678049898));
#2221 = CARTESIAN_POINT('',(16.536040559815,18.562029769201,
    194.23779039536));
#2222 = CARTESIAN_POINT('',(16.561308621481,18.501579286651,
    194.16999546166));
#2223 = CARTESIAN_POINT('',(16.587839073721,18.441503557399,
    194.10262081203));
#2224 = CARTESIAN_POINT('',(16.615633440608,18.381825254489,
    194.03569187419));
#2225 = CARTESIAN_POINT('',(16.644693243414,18.322567796912,
    193.96923491242));
#2226 = CARTESIAN_POINT('',(16.675020000615,18.263755349603,
    193.90327702759));
#2227 = CARTESIAN_POINT('',(16.706615227884,18.205412823446,
    193.83784615713));
#2228 = CARTESIAN_POINT('',(16.784232339443,18.068796839537,
    193.68463196957));
#2229 = CARTESIAN_POINT('',(16.831338490777,17.990947472778,
    193.59732426853));
#2230 = CARTESIAN_POINT('',(16.880802803658,17.914082069945,
    193.51112007844));
#2231 = CARTESIAN_POINT('',(16.932628256867,17.838268800489,
    193.42609585101));
#2232 = CARTESIAN_POINT('',(16.986816618052,17.763579580116,
    193.34233223938));
#2233 = CARTESIAN_POINT('',(17.043368165369,17.690089942551,
    193.25991395426));
#2234 = CARTESIAN_POINT('',(17.102281409131,17.61787891129,
    193.17892962013));
#2235 = CARTESIAN_POINT('',(17.248544658181,17.448750144783,
    192.98925249882));
#2236 = CARTESIAN_POINT('',(17.338070809383,17.353093889992,
    192.88197445606));
#2237 = CARTESIAN_POINT('',(17.432123003644,17.260277733278,
    192.77788157003));
#2238 = CARTESIAN_POINT('',(17.530679366625,17.170540073337,
    192.67724120374));
#2239 = CARTESIAN_POINT('',(17.633700910741,17.084137397203,
    192.5803410062));
#2240 = CARTESIAN_POINT('',(17.741128032854,17.001341596166,
    192.48748590224));
#2241 = CARTESIAN_POINT('',(17.852877011952,16.922437281691,
    192.39899508227));
#2242 = CARTESIAN_POINT('',(18.115593664204,16.75315653221,
    192.20914751275));
#2243 = CARTESIAN_POINT('',(18.269105172844,16.665292265436,
    192.11060814815));
#2244 = CARTESIAN_POINT('',(18.42911814618,16.584743065657,
    192.02027259699));
#2245 = CARTESIAN_POINT('',(18.595284414989,16.512155010689,
    191.93886543254));
#2246 = CARTESIAN_POINT('',(18.767145264236,16.448179166822,
    191.8671168226));
#2247 = CARTESIAN_POINT('',(18.944117496136,16.393450136442,
    191.80573847077));
#2248 = CARTESIAN_POINT('',(19.125472698375,16.34855374599,
    191.75538737868));
#2249 = CARTESIAN_POINT('',(19.575767977465,16.264298341911,
    191.66089533672));
#2250 = CARTESIAN_POINT('',(19.849005876812,16.235787790133,
    191.62892088613));
#2251 = CARTESIAN_POINT('',(20.126485920593,16.230194791707,
    191.62264836453));
#2252 = CARTESIAN_POINT('',(20.404754336614,16.248263458196,
    191.64291228956));
#2253 = CARTESIAN_POINT('',(20.680432495366,16.289968569934,
    191.68968437749));
#2254 = CARTESIAN_POINT('',(20.950214690045,16.354592034594,
    191.76215929113));
#2255 = CARTESIAN_POINT('',(21.210886209855,16.440642302692,
    191.8586642647));
#2256 = CARTESIAN_POINT('',(21.625897929607,16.615974036299,
    192.05529798463));
#2257 = CARTESIAN_POINT('',(21.787199083197,16.694930570675,
    192.14384736898));
#2258 = CARTESIAN_POINT('',(21.942589307736,16.781895163573,
    192.24137775354));
#2259 = CARTESIAN_POINT('',(22.091540305021,16.876214475496,
    192.34715642111));
#2260 = CARTESIAN_POINT('',(22.23366130691,16.977217324771,
    192.4604306446));
#2261 = CARTESIAN_POINT('',(22.368673529492,17.084241816307,
    192.58045811174));
#2262 = CARTESIAN_POINT('',(22.496391167055,17.196654641678,
    192.7065285701));
#2263 = CARTESIAN_POINT('',(22.709589622705,17.404342562481,
    192.93944960278));
#2264 = CARTESIAN_POINT('',(22.798065632838,17.497685347765,
    193.04413310029));
#2265 = CARTESIAN_POINT('',(22.882097325548,17.593628531314,
    193.15173293231));
#2266 = CARTESIAN_POINT('',(22.961665902812,17.691922787274,
    193.26196948105));
#2267 = CARTESIAN_POINT('',(23.036770138558,17.792333432411,
    193.37457955036));
#2268 = CARTESIAN_POINT('',(23.107423117961,17.89464201953,
    193.48931815274));
#2269 = CARTESIAN_POINT('',(23.173648976728,17.998647930884,
    193.60596029631));
#2270 = CARTESIAN_POINT('',(23.366432353482,18.327657747769,
    193.97494326852));
#2271 = CARTESIAN_POINT('',(23.47759879898,18.557823474206,
    194.23307305518));
#2272 = CARTESIAN_POINT('',(23.569390246717,18.793056947873,
    194.49688629667));
#2273 = CARTESIAN_POINT('',(23.642175548662,19.031911793318,
    194.7647608897));
#2274 = CARTESIAN_POINT('',(23.696315438448,19.273096325735,
    195.03524821577));
#2275 = CARTESIAN_POINT('',(23.732158670676,19.515470139716,
    195.30706931557));
#2276 = CARTESIAN_POINT('',(23.75,19.758046423682,195.5791174845));
#2277 = CARTESIAN_POINT('',(23.75,20.,195.85046728972));
#2278 = ORIENTED_EDGE('',*,*,#1077,.T.);
#2279 = B_SPLINE_SURFACE_WITH_KNOTS('',1,1,(
    (#2280,#2281)
    ,(#2282,#2283
    )),.UNSPECIFIED.,.F.,.F.,.F.,(2,2),(2,2),(0.,109.3),(0.,1.),
  .PIECEWISE_BEZIER_KNOTS.);
#2280 = CARTESIAN_POINT('',(48.,13.,188.));
#2281 = CARTESIAN_POINT('',(54.65,39.75,218.));
#2282 = CARTESIAN_POINT('',(-48.,13.,188.));
#2283 = CARTESIAN_POINT('',(-54.65,39.75,218.));
#2284 = ADVANCED_FACE('',(#2285),#2414,.F.);
#2285 = FACE_BOUND('',#2286,.F.);
#2286 = EDGE_LOOP('',(#2287,#2295,#2305,#2412,#2413));
#2287 = ORIENTED_EDGE('',*,*,#2288,.T.);
#2288 = EDGE_CURVE('',#2081,#2289,#2291,.T.);
#2289 = VERTEX_POINT('',#2290);
#2290 = CARTESIAN_POINT('',(-16.25,20.,199.23529411764));
#2291 = LINE('',#2292,#2293);
#2292 = CARTESIAN_POINT('',(-16.25,20.,186.));
#2293 = VECTOR('',#2294,1.);
#2294 = DIRECTION('',(0.,0.,1.));
#2295 = ORIENTED_EDGE('',*,*,#2296,.F.);
#2296 = EDGE_CURVE('',#2297,#2289,#2299,.T.);
#2297 = VERTEX_POINT('',#2298);
#2298 = CARTESIAN_POINT('',(-16.26606571126,19.653251204156,
    198.85455034181));
#2299 = B_SPLINE_CURVE_WITH_KNOTS('',4,(#2300,#2301,#2302,#2303,#2304),
  .UNSPECIFIED.,.F.,.F.,(5,5),(0.,1.),.PIECEWISE_BEZIER_KNOTS.);
#2300 = CARTESIAN_POINT('',(-16.26606571126,19.653251204156,
    198.85455034181));
#2301 = CARTESIAN_POINT('',(-16.25804585891,19.739612287612,
    198.94937819816));
#2302 = CARTESIAN_POINT('',(-16.25268691335,19.826245702116,
    199.04450508467));
#2303 = CARTESIAN_POINT('',(-16.25,19.913069241312,199.13984073555));
#2304 = CARTESIAN_POINT('',(-16.25,20.,199.23529411764));
#2305 = ORIENTED_EDGE('',*,*,#2306,.F.);
#2306 = EDGE_CURVE('',#685,#2297,#2307,.T.);
#2307 = B_SPLINE_CURVE_WITH_KNOTS('',7,(#2308,#2309,#2310,#2311,#2312,
    #2313,#2314,#2315,#2316,#2317,#2318,#2319,#2320,#2321,#2322,#2323,
    #2324,#2325,#2326,#2327,#2328,#2329,#2330,#2331,#2332,#2333,#2334,
    #2335,#2336,#2337,#2338,#2339,#2340,#2341,#2342,#2343,#2344,#2345,
    #2346,#2347,#2348,#2349,#2350,#2351,#2352,#2353,#2354,#2355,#2356,
    #2357,#2358,#2359,#2360,#2361,#2362,#2363,#2364,#2365,#2366,#2367,
    #2368,#2369,#2370,#2371,#2372,#2373,#2374,#2375,#2376,#2377,#2378,
    #2379,#2380,#2381,#2382,#2383,#2384,#2385,#2386,#2387,#2388,#2389,
    #2390,#2391,#2392,#2393,#2394,#2395,#2396,#2397,#2398,#2399,#2400,
    #2401,#2402,#2403,#2404,#2405,#2406,#2407,#2408,#2409,#2410,#2411),
  .UNSPECIFIED.,.F.,.F.,(8,6,6,6,6,6,6,6,6,6,6,6,6,6,6,6,6,8),(0.,
    0.100618592077,0.141925519158,0.193457377898,0.287920602914,
    0.364894744947,0.394634882522,0.416396812525,0.472764549652,
    0.550445085087,0.582006505593,0.626360553689,0.665311382914,
    0.731283140899,0.796896101536,0.837320901458,0.88446438764,1.),
  .UNSPECIFIED.);
#2308 = CARTESIAN_POINT('',(-16.25,20.,199.23529411764));
#2309 = CARTESIAN_POINT('',(-16.25,20.303615446827,199.56867578475));
#2310 = CARTESIAN_POINT('',(-16.27867842534,20.608194494011,
    199.90311552283));
#2311 = CARTESIAN_POINT('',(-16.33636674837,20.911885514092,
    200.23658017233));
#2312 = CARTESIAN_POINT('',(-16.4237130877,21.212417756271,
    200.56657635982));
#2313 = CARTESIAN_POINT('',(-16.54142172475,21.507110350685,
    200.89016038506));
#2314 = CARTESIAN_POINT('',(-16.6901189892,21.792897285555,
    201.20396564688));
#2315 = CARTESIAN_POINT('',(-16.94469555816,22.178462154155,
    201.62733099279));
#2316 = CARTESIAN_POINT('',(-17.02411976773,22.288542716696,
    201.74820376735));
#2317 = CARTESIAN_POINT('',(-17.10890842247,22.396222739612,
    201.86644065526));
#2318 = CARTESIAN_POINT('',(-17.1990797565,22.501205349926,
    201.98171567835));
#2319 = CARTESIAN_POINT('',(-17.29462878983,22.603164476202,
    202.09367079739));
#2320 = CARTESIAN_POINT('',(-17.39551973774,22.701748730425,
    202.20192017458));
#2321 = CARTESIAN_POINT('',(-17.63411514711,22.914897266338,
    202.43596562578));
#2322 = CARTESIAN_POINT('',(-17.77475665616,23.027382724161,
    202.55947906966));
#2323 = CARTESIAN_POINT('',(-17.92343521581,23.133293497255,
    202.67577325188));
#2324 = CARTESIAN_POINT('',(-18.07985618494,23.23182260036,
    202.78396207098));
#2325 = CARTESIAN_POINT('',(-18.24357101237,23.322128449401,
    202.88312143463));
#2326 = CARTESIAN_POINT('',(-18.4139332859,23.403382326131,
    202.97234137771));
#2327 = CARTESIAN_POINT('',(-18.91285566897,23.605826717919,
    203.19463325889));
#2328 = CARTESIAN_POINT('',(-19.25634519706,23.704451799068,
    203.30292746564));
#2329 = CARTESIAN_POINT('',(-19.61258505736,23.764565904225,
    203.36893511052));
#2330 = CARTESIAN_POINT('',(-19.97344529381,23.784000216137,
    203.39027474713));
#2331 = CARTESIAN_POINT('',(-20.33096743603,23.762969274146,
    203.36718194808));
#2332 = CARTESIAN_POINT('',(-20.67747399017,23.704009209337,
    203.30244148476));
#2333 = CARTESIAN_POINT('',(-21.27334251621,23.538110401923,
    203.12027808838));
#2334 = CARTESIAN_POINT('',(-21.52973671067,23.441818584198,
    203.01454589637));
#2335 = CARTESIAN_POINT('',(-21.77263219081,23.325958246746,
    202.88732670231));
#2336 = CARTESIAN_POINT('',(-22.00058951888,23.192996652202,
    202.74132965731));
#2337 = CARTESIAN_POINT('',(-22.21276259722,23.045251132577,
    202.57909928283));
#2338 = CARTESIAN_POINT('',(-22.4087851269,22.884789578289,
    202.40290620361));
#2339 = CARTESIAN_POINT('',(-22.65805951167,22.646967804462,
    202.1417685696));
#2340 = CARTESIAN_POINT('',(-22.725107406,22.579036322027,
    202.06717713791));
#2341 = CARTESIAN_POINT('',(-22.78972663645,22.509548717712,
    201.99087702337));
#2342 = CARTESIAN_POINT('',(-22.85191388512,22.438596873041,
    201.91296911549));
#2343 = CARTESIAN_POINT('',(-22.91166845303,22.366267354349,
    201.83354846752));
#2344 = CARTESIAN_POINT('',(-22.96899176506,22.292641171366,
    201.7527040313));
#2345 = CARTESIAN_POINT('',(-23.06405560438,22.163024824592,
    201.61038019955));
#2346 = CARTESIAN_POINT('',(-23.10292386712,22.107602491981,
    201.54952430492));
#2347 = CARTESIAN_POINT('',(-23.1404927716,22.051556225695,
    201.48798330664));
#2348 = CARTESIAN_POINT('',(-23.17676346094,21.994914575961,
    201.42578855399));
#2349 = CARTESIAN_POINT('',(-23.21173711294,21.937704955503,
    201.36297014721));
#2350 = CARTESIAN_POINT('',(-23.24541494005,21.879953639543,
    201.29955693753));
#2351 = CARTESIAN_POINT('',(-23.36167726121,21.670760356621,
    201.06985450923));
#2352 = CARTESIAN_POINT('',(-23.43686527252,21.516379038351,
    200.9003377676));
#2353 = CARTESIAN_POINT('',(-23.50339214919,21.35896588857,
    200.72749195607));
#2354 = CARTESIAN_POINT('',(-23.56126573128,21.198919556997,
    200.55175480768));
#2355 = CARTESIAN_POINT('',(-23.61047962927,21.036616238186,
    200.37353939879));
#2356 = CARTESIAN_POINT('',(-23.65101284691,20.872410162361,
    200.19323468808));
#2357 = CARTESIAN_POINT('',(-23.72665631034,20.478171712245,
    199.76034540952));
#2358 = CARTESIAN_POINT('',(-23.75391010297,20.246784627086,
    199.50627331601));
#2359 = CARTESIAN_POINT('',(-23.76448840721,20.013304877994,
    199.24990339544));
#2360 = CARTESIAN_POINT('',(-23.75817096222,19.77863448759,
    198.99222610402));
#2361 = CARTESIAN_POINT('',(-23.73467807112,19.543748193032,
    198.73431174136));
#2362 = CARTESIAN_POINT('',(-23.69368581104,19.309696988848,
    198.47731434069));
#2363 = CARTESIAN_POINT('',(-23.61086044584,18.983313585532,
    198.1189325645));
#2364 = CARTESIAN_POINT('',(-23.58397785742,18.88935032082,
    198.01575721501));
#2365 = CARTESIAN_POINT('',(-23.55411698695,18.795800559975,
    197.91303590899));
#2366 = CARTESIAN_POINT('',(-23.5212526457,18.702750897104,
    197.81086373015));
#2367 = CARTESIAN_POINT('',(-23.48536016279,18.610294048962,
    197.70934248513));
#2368 = CARTESIAN_POINT('',(-23.44641607401,18.518528745989,
    197.60858058383));
#2369 = CARTESIAN_POINT('',(-23.34535090687,18.299718455988,
    197.36831830461));
#2370 = CARTESIAN_POINT('',(-23.28023552617,18.173453847251,
    197.22967481266));
#2371 = CARTESIAN_POINT('',(-23.20899238444,18.049053627195,
    197.0930784926));
#2372 = CARTESIAN_POINT('',(-23.13157381151,17.926842754266,
    196.95888616154));
#2373 = CARTESIAN_POINT('',(-23.04795340711,17.80717985182,
    196.82749160199));
#2374 = CARTESIAN_POINT('',(-22.95813469681,17.690453744646,
    196.69932175882));
#2375 = CARTESIAN_POINT('',(-22.77787656137,17.477517458779,
    196.4655093665));
#2376 = CARTESIAN_POINT('',(-22.68884775943,17.380542919496,
    196.35902751944));
#2377 = CARTESIAN_POINT('',(-22.59510751782,17.286442339231,
    196.25570139209));
#2378 = CARTESIAN_POINT('',(-22.49671825006,17.195522613658,
    196.15586796793));
#2379 = CARTESIAN_POINT('',(-22.39377870439,17.108105231125,
    196.05988025378));
#2380 = CARTESIAN_POINT('',(-22.28643202069,17.024519931238,
    195.96810031665));
#2381 = CARTESIAN_POINT('',(-21.98592549243,16.810580548239,
    195.73318648434));
#2382 = CARTESIAN_POINT('',(-21.78476268313,16.687911847583,
    195.59849144048));
#2383 = CARTESIAN_POINT('',(-21.57251501504,16.578877342626,
    195.47876727817));
#2384 = CARTESIAN_POINT('',(-21.35063636525,16.485054428179,
    195.37574603878));
#2385 = CARTESIAN_POINT('',(-21.12091811997,16.407766168042,
    195.29088049824));
#2386 = CARTESIAN_POINT('',(-20.88551982609,16.348022288066,
    195.22527937513));
#2387 = CARTESIAN_POINT('',(-20.40998519994,16.264713775915,
    195.13380336178));
#2388 = CARTESIAN_POINT('',(-20.16965919064,16.240915157632,
    195.10767154563));
#2389 = CARTESIAN_POINT('',(-19.92869636418,16.235334736425,
    195.10154402431));
#2390 = CARTESIAN_POINT('',(-19.68939761786,16.247767154157,
    195.11519530652));
#2391 = CARTESIAN_POINT('',(-19.4538275143,16.27760978923,
    195.14796369013));
#2392 = CARTESIAN_POINT('',(-19.22382926255,16.323929825081,
    195.19882490597));
#2393 = CARTESIAN_POINT('',(-18.86375551466,16.423447027992,
    195.3080986974));
#2394 = CARTESIAN_POINT('',(-18.72915969027,16.467193651582,
    195.35613420565));
#2395 = CARTESIAN_POINT('',(-18.59756855536,16.516485076638,
    195.41025812336));
#2396 = CARTESIAN_POINT('',(-18.46925835314,16.571040083456,
    195.47016166026));
#2397 = CARTESIAN_POINT('',(-18.34445793626,16.630568191815,
    195.53552585767));
#2398 = CARTESIAN_POINT('',(-18.22335464902,16.694778764268,
    195.60603158429));
#2399 = CARTESIAN_POINT('',(-17.96935783709,16.8434048036,
    195.76922880395));
#2400 = CARTESIAN_POINT('',(-17.83785417596,16.929401998478,
    195.86365709636));
#2401 = CARTESIAN_POINT('',(-17.71181799014,17.02093901,195.9641683247)
  );
#2402 = CARTESIAN_POINT('',(-17.59142442061,17.117584428849,
    196.07028878461));
#2403 = CARTESIAN_POINT('',(-17.4768030076,17.218925275453,
    196.18156500834));
#2404 = CARTESIAN_POINT('',(-17.36804571276,17.324574154968,
    196.29757162114));
#2405 = CARTESIAN_POINT('',(-17.01320523445,17.702781153651,
    196.71285773734));
#2406 = CARTESIAN_POINT('',(-16.7970660948,17.994834297855,
    197.03354354274));
#2407 = CARTESIAN_POINT('',(-16.61720105515,18.305430661423,
    197.37459053019));
#2408 = CARTESIAN_POINT('',(-16.47402301599,18.630233983546,
    197.73123731526));
#2409 = CARTESIAN_POINT('',(-16.36767404867,18.965319996097,
    198.09917489767));
#2410 = CARTESIAN_POINT('',(-16.29819559644,19.307263326459,
    198.47464208395));
#2411 = CARTESIAN_POINT('',(-16.26606571126,19.653251204156,
    198.85455034181));
#2412 = ORIENTED_EDGE('',*,*,#691,.F.);
#2413 = ORIENTED_EDGE('',*,*,#2080,.T.);
#2414 = CYLINDRICAL_SURFACE('',#2415,3.75);
#2415 = AXIS2_PLACEMENT_3D('',#2416,#2417,#2418);
#2416 = CARTESIAN_POINT('',(-20.,20.,186.));
#2417 = DIRECTION('',(0.,0.,1.));
#2418 = DIRECTION('',(1.,0.,0.));
#2419 = ADVANCED_FACE('',(#2420),#3018,.F.);
#2420 = FACE_BOUND('',#2421,.F.);
#2421 = EDGE_LOOP('',(#2422,#2429,#2437,#2462,#2574,#2582,#2607,#2705,
    #2713,#2740,#2845,#2853,#2858,#2859,#2860,#2861,#2868,#2994,#3017));
#2422 = ORIENTED_EDGE('',*,*,#2423,.F.);
#2423 = EDGE_CURVE('',#2424,#1095,#2426,.T.);
#2424 = VERTEX_POINT('',#2425);
#2425 = CARTESIAN_POINT('',(45.25,12.5,191.));
#2426 = B_SPLINE_CURVE_WITH_KNOTS('',1,(#2427,#2428),.UNSPECIFIED.,.F.,
  .F.,(2,2),(0.,1.),.PIECEWISE_BEZIER_KNOTS.);
#2427 = CARTESIAN_POINT('',(45.25,12.5,191.));
#2428 = CARTESIAN_POINT('',(53.5,38.,219.));
#2429 = ORIENTED_EDGE('',*,*,#2430,.T.);
#2430 = EDGE_CURVE('',#2424,#2431,#2433,.T.);
#2431 = VERTEX_POINT('',#2432);
#2432 = CARTESIAN_POINT('',(41.346291201784,12.5,191.));
#2433 = LINE('',#2434,#2435);
#2434 = CARTESIAN_POINT('',(45.25,12.5,191.));
#2435 = VECTOR('',#2436,1.);
#2436 = DIRECTION('',(-1.,0.,0.));
#2437 = ORIENTED_EDGE('',*,*,#2438,.T.);
#2438 = EDGE_CURVE('',#2431,#2439,#2441,.T.);
#2439 = VERTEX_POINT('',#2440);
#2440 = CARTESIAN_POINT('',(43.75,16.,194.8431372549));
#2441 = B_SPLINE_CURVE_WITH_KNOTS('',7,(#2442,#2443,#2444,#2445,#2446,
    #2447,#2448,#2449,#2450,#2451,#2452,#2453,#2454,#2455,#2456,#2457,
    #2458,#2459,#2460,#2461),.UNSPECIFIED.,.F.,.F.,(8,6,6,8),(0.,
    0.282624956181,0.454154345953,1.),.UNSPECIFIED.);
#2442 = CARTESIAN_POINT('',(41.346291201784,12.5,191.));
#2443 = CARTESIAN_POINT('',(41.535031998104,12.572600021001,
    191.07971767011));
#2444 = CARTESIAN_POINT('',(41.718976155984,12.656986715973,
    191.17237757048));
#2445 = CARTESIAN_POINT('',(41.896593174235,12.75250940817,
    191.2772652325));
#2446 = CARTESIAN_POINT('',(42.066693855919,12.858276281052,
    191.39340140664));
#2447 = CARTESIAN_POINT('',(42.228355923172,12.973256448011,
    191.51965413899));
#2448 = CARTESIAN_POINT('',(42.380879677801,13.096340890888,
    191.65480568411));
#2449 = CARTESIAN_POINT('',(42.610498270437,13.305274220592,
    191.88422267359));
#2450 = CARTESIAN_POINT('',(42.693698742803,13.386762603419,
    191.97370011355));
#2451 = CARTESIAN_POINT('',(42.773283574605,13.470588516593,
    192.06574425351));
#2452 = CARTESIAN_POINT('',(42.849194241474,13.556520332946,
    192.16010075774));
#2453 = CARTESIAN_POINT('',(42.921399798623,13.644336875452,
    192.2565267652));
#2454 = CARTESIAN_POINT('',(42.989891434636,13.733830595376,
    192.35479437923));
#2455 = CARTESIAN_POINT('',(43.260839555894,14.114330361638,
    192.77259804415));
#2456 = CARTESIAN_POINT('',(43.429121261411,14.418406362332,
    193.10648541746));
#2457 = CARTESIAN_POINT('',(43.560588920018,14.731602144741,
    193.45038666873));
#2458 = CARTESIAN_POINT('',(43.656718596722,15.049433880471,
    193.79937837855));
#2459 = CARTESIAN_POINT('',(43.719275260391,15.36834426381,
    194.14955448575));
#2460 = CARTESIAN_POINT('',(43.75,15.685739188296,194.49806655969));
#2461 = CARTESIAN_POINT('',(43.75,16.,194.8431372549));
#2462 = ORIENTED_EDGE('',*,*,#2463,.T.);
#2463 = EDGE_CURVE('',#2439,#2464,#2466,.T.);
#2464 = VERTEX_POINT('',#2465);
#2465 = CARTESIAN_POINT('',(38.653708798216,12.5,191.));
#2466 = B_SPLINE_CURVE_WITH_KNOTS('',8,(#2467,#2468,#2469,#2470,#2471,
    #2472,#2473,#2474,#2475,#2476,#2477,#2478,#2479,#2480,#2481,#2482,
    #2483,#2484,#2485,#2486,#2487,#2488,#2489,#2490,#2491,#2492,#2493,
    #2494,#2495,#2496,#2497,#2498,#2499,#2500,#2501,#2502,#2503,#2504,
    #2505,#2506,#2507,#2508,#2509,#2510,#2511,#2512,#2513,#2514,#2515,
    #2516,#2517,#2518,#2519,#2520,#2521,#2522,#2523,#2524,#2525,#2526,
    #2527,#2528,#2529,#2530,#2531,#2532,#2533,#2534,#2535,#2536,#2537,
    #2538,#2539,#2540,#2541,#2542,#2543,#2544,#2545,#2546,#2547,#2548,
    #2549,#2550,#2551,#2552,#2553,#2554,#2555,#2556,#2557,#2558,#2559,
    #2560,#2561,#2562,#2563,#2564,#2565,#2566,#2567,#2568,#2569,#2570,
    #2571,#2572,#2573),.UNSPECIFIED.,.F.,.F.,(9,7,7,7,7,7,7,7,7,7,7,7,7,
    7,7,9),(0.,7.45783118343E-02,0.185906205827,0.229743531915,
    0.289568649625,0.415629722059,0.492795102797,0.542452868621,
    0.602853878311,0.648550638,0.681494047583,0.770817215248,
    0.854968703708,0.889326116114,0.935282241133,1.),.UNSPECIFIED.);
#2467 = CARTESIAN_POINT('',(43.75,16.,194.8431372549));
#2468 = CARTESIAN_POINT('',(43.75,16.140262791495,194.99715130046));
#2469 = CARTESIAN_POINT('',(43.744004228393,16.279855987916,
    195.15043010437));
#2470 = CARTESIAN_POINT('',(43.732112825904,16.418609697853,
    195.30278711921));
#2471 = CARTESIAN_POINT('',(43.71441237487,16.556357245049,
    195.45403932789));
#2472 = CARTESIAN_POINT('',(43.690978017813,16.692935465607,
    195.60400757007));
#2473 = CARTESIAN_POINT('',(43.661873999689,16.828184690407,
    195.75251652279));
#2474 = CARTESIAN_POINT('',(43.627152633807,16.961948412711,
    195.89939433552));
#2475 = CARTESIAN_POINT('',(43.526691854992,17.291303065154,
    196.26103865977));
#2476 = CARTESIAN_POINT('',(43.454114437449,17.484828462543,
    196.47353713534));
#2477 = CARTESIAN_POINT('',(43.369246349948,17.674174436281,
    196.68144643983));
#2478 = CARTESIAN_POINT('',(43.27215643058,17.858787781505,
    196.88415913263));
#2479 = CARTESIAN_POINT('',(43.162883434726,18.038047832894,
    197.08099369886));
#2480 = CARTESIAN_POINT('',(43.041446824433,18.211269508445,
    197.27119789162));
#2481 = CARTESIAN_POINT('',(42.907840356839,18.377698049475,
    197.45394295628));
#2482 = CARTESIAN_POINT('',(42.704584589101,18.599024742917,
    197.69696834516));
#2483 = CARTESIAN_POINT('',(42.645270988519,18.660364366857,
    197.76432165772));
#2484 = CARTESIAN_POINT('',(42.584067325751,18.720460817882,
    197.83030991767));
#2485 = CARTESIAN_POINT('',(42.520974462263,18.779256779621,
    197.89487018938));
#2486 = CARTESIAN_POINT('',(42.45599467859,18.836691254965,
    197.95793549564));
#2487 = CARTESIAN_POINT('',(42.389131887799,18.892699690913,
    198.01943495472));
#2488 = CARTESIAN_POINT('',(42.320391848965,18.94721410341,
    198.07929391746));
#2489 = CARTESIAN_POINT('',(42.153421125718,19.072423222356,
    198.21677844023));
#2490 = CARTESIAN_POINT('',(42.053582440959,19.141764689898,
    198.29291809086));
#2491 = CARTESIAN_POINT('',(41.950284301107,19.208008694804,
    198.36565660605));
#2492 = CARTESIAN_POINT('',(41.843559599734,19.270957739718,
    198.43477712596));
#2493 = CARTESIAN_POINT('',(41.733459019878,19.330398632576,
    198.50004555733));
#2494 = CARTESIAN_POINT('',(41.620053904692,19.386105379224,
    198.56121374973));
#2495 = CARTESIAN_POINT('',(41.503439128088,19.437842076054,
    198.61802267174));
#2496 = CARTESIAN_POINT('',(41.131502294264,19.585505880359,
    198.78016331961));
#2497 = CARTESIAN_POINT('',(40.864880431592,19.66720853609,
    198.86987603962));
#2498 = CARTESIAN_POINT('',(40.58561417607,19.727733890445,
    198.93633525225));
#2499 = CARTESIAN_POINT('',(40.296093718386,19.7645250066,
    198.97673334057));
#2500 = CARTESIAN_POINT('',(39.999398851794,19.775376365153,
    198.98864855781));
#2501 = CARTESIAN_POINT('',(39.699342128355,19.758738699129,
    198.97037974806));
#2502 = CARTESIAN_POINT('',(39.400507214444,19.713966892241,
    198.92121854834));
#2503 = CARTESIAN_POINT('',(38.929586803291,19.598694767742,
    198.79464523516));
#2504 = CARTESIAN_POINT('',(38.753178524967,19.544880264664,
    198.73555480041));
#2505 = CARTESIAN_POINT('',(38.580366724359,19.481303262638,
    198.66574475897));
#2506 = CARTESIAN_POINT('',(38.412156397032,19.408428737999,
    198.58572567309));
#2507 = CARTESIAN_POINT('',(38.249389699751,19.326848108151,
    198.49614694228));
#2508 = CARTESIAN_POINT('',(38.092766859263,19.237239085782,
    198.39775272164));
#2509 = CARTESIAN_POINT('',(37.942860235301,19.140340912243,
    198.29135472716));
#2510 = CARTESIAN_POINT('',(37.708265776215,18.970407211444,
    198.10476085962));
#2511 = CARTESIAN_POINT('',(37.619351610332,18.901158809724,
    198.02872339891));
#2512 = CARTESIAN_POINT('',(37.533479111354,18.82939129098,
    197.94991984891));
#2513 = CARTESIAN_POINT('',(37.450723305222,18.755293448521,
    197.8685575121));
#2514 = CARTESIAN_POINT('',(37.37113728845,18.67904917538,
    197.78483831022));
#2515 = CARTESIAN_POINT('',(37.294755343987,18.600835296742,
    197.69895640426));
#2516 = CARTESIAN_POINT('',(37.221596057066,18.520819402376,
    197.61109581437));
#2517 = CARTESIAN_POINT('',(37.066605615158,18.339828793474,
    197.41236102812));
#2518 = CARTESIAN_POINT('',(36.986326396464,18.238069583334,
    197.30062542483));
#2519 = CARTESIAN_POINT('',(36.910832135843,18.134156438816,
    197.18652471713));
#2520 = CARTESIAN_POINT('',(36.840107263478,18.028348789758,
    197.07034376914));
#2521 = CARTESIAN_POINT('',(36.774119891534,17.920887904212,
    196.95234750266));
#2522 = CARTESIAN_POINT('',(36.712825426821,17.811995687001,
    196.83277957788));
#2523 = CARTESIAN_POINT('',(36.656170183455,17.701873478263,
    196.71186107417));
#2524 = CARTESIAN_POINT('',(36.564697188084,17.5065925099,
    196.49743491283));
#2525 = CARTESIAN_POINT('',(36.527922144057,17.421885674824,
    196.40442348608));
#2526 = CARTESIAN_POINT('',(36.493744479626,17.336659282441,
    196.31084156503));
#2527 = CARTESIAN_POINT('',(36.462138109902,17.250988214135,
    196.21677137238));
#2528 = CARTESIAN_POINT('',(36.433076511999,17.164943273885,
    196.12229065367));
#2529 = CARTESIAN_POINT('',(36.406532988116,17.078591165143,
    196.02747265192));
#2530 = CARTESIAN_POINT('',(36.382480928612,16.991994467714,
    195.93238608219));
#2531 = CARTESIAN_POINT('',(36.345331821612,16.842648686902,
    195.76839855816));
#2532 = CARTESIAN_POINT('',(36.331050907879,16.779989444831,
    195.69959625314));
#2533 = CARTESIAN_POINT('',(36.318041527521,16.717256058366,
    195.63071253467));
#2534 = CARTESIAN_POINT('',(36.306294090229,16.654470005556,
    195.56177098649));
#2535 = CARTESIAN_POINT('',(36.295799221747,16.591652072552,
    195.4927944326));
#2536 = CARTESIAN_POINT('',(36.286547763879,16.528822353606,
    195.42380493729));
#2537 = CARTESIAN_POINT('',(36.278530774482,16.466000251074,
    195.3548238051));
#2538 = CARTESIAN_POINT('',(36.253325656446,16.232939233621,
    195.09891366828));
#2539 = CARTESIAN_POINT('',(36.243924629551,16.062880222692,
    194.9121822053));
#2540 = CARTESIAN_POINT('',(36.243359776561,15.893386759994,
    194.72607173646));
#2541 = CARTESIAN_POINT('',(36.251475264303,15.724807158156,
    194.54096472268));
#2542 = CARTESIAN_POINT('',(36.268130076573,15.557478226839,
    194.35723099417));
#2543 = CARTESIAN_POINT('',(36.293195921762,15.391725285965,
    194.17522776498));
#2544 = CARTESIAN_POINT('',(36.32655906822,15.227862690431,
    193.9953002091));
#2545 = CARTESIAN_POINT('',(36.407286476404,14.913887369865,
    193.65054299436));
#2546 = CARTESIAN_POINT('',(36.453724120061,14.763543865124,
    193.48545993033));
#2547 = CARTESIAN_POINT('',(36.507357525747,14.615420776287,
    193.32281497004));
#2548 = CARTESIAN_POINT('',(36.568115187992,14.469786616475,
    193.16290295142));
#2549 = CARTESIAN_POINT('',(36.635931511838,14.326920520002,
    193.0060303749));
#2550 = CARTESIAN_POINT('',(36.710745055133,14.187111680521,
    192.85251478645));
#2551 = CARTESIAN_POINT('',(36.792499109699,14.050659695025,
    192.70268515532));
#2552 = CARTESIAN_POINT('',(36.917336855856,13.863662743249,
    192.49735516905));
#2553 = CARTESIAN_POINT('',(36.954677035321,13.810062300384,
    192.43849978081));
#2554 = CARTESIAN_POINT('',(36.993161426917,13.75709617529,
    192.38034089835));
#2555 = CARTESIAN_POINT('',(37.032786155962,13.70478669406,
    192.32290303661));
#2556 = CARTESIAN_POINT('',(37.073547205944,13.653156818684,
    192.26621140875));
#2557 = CARTESIAN_POINT('',(37.115440418516,13.602230147052,
    192.21029192617));
#2558 = CARTESIAN_POINT('',(37.158461493501,13.552030912953,
    192.15517119853));
#2559 = CARTESIAN_POINT('',(37.261653216459,13.436444280134,
    192.02825254289));
#2560 = CARTESIAN_POINT('',(37.322709834977,13.371651135415,
    191.95710712908));
#2561 = CARTESIAN_POINT('',(37.385765419913,13.308263694137,
    191.88750523277));
#2562 = CARTESIAN_POINT('',(37.450808129669,13.246344068271,
    191.81951505535));
#2563 = CARTESIAN_POINT('',(37.517824545069,13.18595721367,
    191.75320792089));
#2564 = CARTESIAN_POINT('',(37.586799508858,13.1271708042,
    191.68865813794));
#2565 = CARTESIAN_POINT('',(37.657715965194,13.07005510587,
    191.62594286134));
#2566 = CARTESIAN_POINT('',(37.833130159658,12.936704817805,
    191.47951901563));
#2567 = CARTESIAN_POINT('',(37.939513862252,12.862187435471,
    191.39769600757));
#2568 = CARTESIAN_POINT('',(38.049654715073,12.791331556541,
    191.31989347384));
#2569 = CARTESIAN_POINT('',(38.163486050691,12.724354404427,
    191.24634993427));
#2570 = CARTESIAN_POINT('',(38.280923361292,12.661486885668,
    191.17731893328));
#2571 = CARTESIAN_POINT('',(38.401861933876,12.602970902224,
    191.11306608871));
#2572 = CARTESIAN_POINT('',(38.52617448545,12.549056663772,
    191.05386614061));
#2573 = CARTESIAN_POINT('',(38.653708798216,12.5,191.));
#2574 = ORIENTED_EDGE('',*,*,#2575,.T.);
#2575 = EDGE_CURVE('',#2464,#2576,#2578,.T.);
#2576 = VERTEX_POINT('',#2577);
#2577 = CARTESIAN_POINT('',(1.346291201784,12.5,191.));
#2578 = LINE('',#2579,#2580);
#2579 = CARTESIAN_POINT('',(45.25,12.5,191.));
#2580 = VECTOR('',#2581,1.);
#2581 = DIRECTION('',(-1.,0.,0.));
#2582 = ORIENTED_EDGE('',*,*,#2583,.T.);
#2583 = EDGE_CURVE('',#2576,#2584,#2586,.T.);
#2584 = VERTEX_POINT('',#2585);
#2585 = CARTESIAN_POINT('',(3.75,16.,194.8431372549));
#2586 = B_SPLINE_CURVE_WITH_KNOTS('',7,(#2587,#2588,#2589,#2590,#2591,
    #2592,#2593,#2594,#2595,#2596,#2597,#2598,#2599,#2600,#2601,#2602,
    #2603,#2604,#2605,#2606),.UNSPECIFIED.,.F.,.F.,(8,6,6,8),(0.,
    0.365262120545,0.575075146687,1.),.UNSPECIFIED.);
#2587 = CARTESIAN_POINT('',(1.346291201784,12.5,191.));
#2588 = CARTESIAN_POINT('',(1.586292710598,12.592317691352,
    191.1013684454));
#2589 = CARTESIAN_POINT('',(1.81660954934,12.702951385598,
    191.22284858026));
#2590 = CARTESIAN_POINT('',(2.035227895343,12.830365100464,
    191.3627538358));
#2591 = CARTESIAN_POINT('',(2.240731154409,12.972780909243,
    191.51913197877));
#2592 = CARTESIAN_POINT('',(2.4321048636,13.12839716176,191.69000472663)
  );
#2593 = CARTESIAN_POINT('',(2.608681706604,13.295448513638,
    191.87343366203));
#2594 = CARTESIAN_POINT('',(2.862757679712,13.573885576939,
    192.17916847663));
#2595 = CARTESIAN_POINT('',(2.950451551613,13.678716871778,
    192.2942773494));
#2596 = CARTESIAN_POINT('',(3.033072109881,13.786494508382,
    192.41262142096));
#2597 = CARTESIAN_POINT('',(3.110573635617,13.896932431154,
    192.53388659107));
#2598 = CARTESIAN_POINT('',(3.182929546734,14.009759363647,
    192.65777498753));
#2599 = CARTESIAN_POINT('',(3.250128299137,14.124720931937,
    192.78400729781));
#2600 = CARTESIAN_POINT('',(3.437818102622,14.478254806024,
    193.17220135563));
#2601 = CARTESIAN_POINT('',(3.5422715883,14.722642737333,193.44054888805
    ));
#2602 = CARTESIAN_POINT('',(3.625598079365,14.972875332373,
    193.71531409044));
#2603 = CARTESIAN_POINT('',(3.687896819415,15.227230574503,
    193.99460612102));
#2604 = CARTESIAN_POINT('',(3.729314372647,15.484130138949,
    194.27669191727));
#2605 = CARTESIAN_POINT('',(3.75,15.742143401942,194.56000059821));
#2606 = CARTESIAN_POINT('',(3.75,16.,194.8431372549));
#2607 = ORIENTED_EDGE('',*,*,#2608,.T.);
#2608 = EDGE_CURVE('',#2584,#2609,#2611,.T.);
#2609 = VERTEX_POINT('',#2610);
#2610 = CARTESIAN_POINT('',(-1.346291201784,12.5,191.));
#2611 = B_SPLINE_CURVE_WITH_KNOTS('',8,(#2612,#2613,#2614,#2615,#2616,
    #2617,#2618,#2619,#2620,#2621,#2622,#2623,#2624,#2625,#2626,#2627,
    #2628,#2629,#2630,#2631,#2632,#2633,#2634,#2635,#2636,#2637,#2638,
    #2639,#2640,#2641,#2642,#2643,#2644,#2645,#2646,#2647,#2648,#2649,
    #2650,#2651,#2652,#2653,#2654,#2655,#2656,#2657,#2658,#2659,#2660,
    #2661,#2662,#2663,#2664,#2665,#2666,#2667,#2668,#2669,#2670,#2671,
    #2672,#2673,#2674,#2675,#2676,#2677,#2678,#2679,#2680,#2681,#2682,
    #2683,#2684,#2685,#2686,#2687,#2688,#2689,#2690,#2691,#2692,#2693,
    #2694,#2695,#2696,#2697,#2698,#2699,#2700,#2701,#2702,#2703,#2704),
  .UNSPECIFIED.,.F.,.F.,(9,7,7,7,7,7,7,7,7,7,7,7,7,9),(0.,0.168962895699
    ,0.227679960404,0.305681360711,0.439970492261,0.490431205971,
    0.547975894158,0.589953180253,0.620331843678,0.698645948957,
    0.796547184763,0.837733261936,0.898023958537,1.),.UNSPECIFIED.);
#2612 = CARTESIAN_POINT('',(3.75,16.,194.8431372549));
#2613 = CARTESIAN_POINT('',(3.75,16.3172233865,195.19146097341));
#2614 = CARTESIAN_POINT('',(3.719331537795,16.633854994007,
    195.53913489538));
#2615 = CARTESIAN_POINT('',(3.658195276782,16.947949510182,
    195.88402299157));
#2616 = CARTESIAN_POINT('',(3.566438574152,17.257219636457,
    196.22361371846));
#2617 = CARTESIAN_POINT('',(3.443883820776,17.559095919924,
    196.55508571599));
#2618 = CARTESIAN_POINT('',(3.290327561331,17.850706960485,
    196.87528607425));
#2619 = CARTESIAN_POINT('',(3.105671711748,18.128905583719,
    197.18075907231));
#2620 = CARTESIAN_POINT('',(2.814497201943,18.48092439921,
    197.56728953638));
#2621 = CARTESIAN_POINT('',(2.73564333155,18.569618670615,
    197.66467932459));
#2622 = CARTESIAN_POINT('',(2.653034259744,18.656060597587,
    197.75959595029));
#2623 = CARTESIAN_POINT('',(2.566686254137,18.740072740909,
    197.85184457825));
#2624 = CARTESIAN_POINT('',(2.476627560251,18.821465370623,
    197.94121687754));
#2625 = CARTESIAN_POINT('',(2.382900917177,18.900038181915,
    198.02749290563));
#2626 = CARTESIAN_POINT('',(2.285566073235,18.975582010999,
    198.11044299247));
#2627 = CARTESIAN_POINT('',(2.050712030436,19.14392396511,
    198.29528905972));
#2628 = CARTESIAN_POINT('',(1.910483947468,19.234248092849,
    198.3944684941));
#2629 = CARTESIAN_POINT('',(1.764224659351,19.318327639399,
    198.48679113345));
#2630 = CARTESIAN_POINT('',(1.612218600033,19.39561711147,
    198.57165800475));
#2631 = CARTESIAN_POINT('',(1.454838265408,19.46556262758,198.6484609244
    ));
#2632 = CARTESIAN_POINT('',(1.292558497146,19.527621655923,
    198.7166041712));
#2633 = CARTESIAN_POINT('',(1.125974815728,19.58129067983,
    198.77553486412));
#2634 = CARTESIAN_POINT('',(0.662893071973,19.703355846346,
    198.90956720383));
#2635 = CARTESIAN_POINT('',(0.358488171434,19.754670992412,
    198.96591324657));
#2636 = CARTESIAN_POINT('',(4.769896588129E-02,19.777244337454,
    198.99069966465));
#2637 = CARTESIAN_POINT('',(-0.264555694112,19.770056095179,
    198.98280669274));
#2638 = CARTESIAN_POINT('',(-0.573570065698,19.733281248365,
    198.94242646879));
#2639 = CARTESIAN_POINT('',(-0.874898902027,19.66816387031,
    198.87092503406));
#2640 = CARTESIAN_POINT('',(-1.164409255097,19.576961034075,
    198.77078074329));
#2641 = CARTESIAN_POINT('',(-1.541309143233,19.420422682837,
    198.59889549487));
#2642 = CARTESIAN_POINT('',(-1.642192703151,19.374422081374,
    198.54838503052));
#2643 = CARTESIAN_POINT('',(-1.740879716711,19.32531832072,
    198.49446717569));
#2644 = CARTESIAN_POINT('',(-1.837253645696,19.27325745172,
    198.43730229992));
#2645 = CARTESIAN_POINT('',(-1.931216933041,19.218387085271,
    198.37705248578));
#2646 = CARTESIAN_POINT('',(-2.02268905886,19.160854033685,
    198.31387893894));
#2647 = CARTESIAN_POINT('',(-2.111604596465,19.100801952053,
    198.24793939833));
#2648 = CARTESIAN_POINT('',(-2.296334183168,18.967171295952,
    198.10120769751));
#2649 = CARTESIAN_POINT('',(-2.391362107904,18.892879013241,
    198.01963185767));
#2650 = CARTESIAN_POINT('',(-2.482922111285,18.815694968321,
    197.93488074952));
#2651 = CARTESIAN_POINT('',(-2.570959052859,18.735815301795,
    197.84716974314));
#2652 = CARTESIAN_POINT('',(-2.655433320984,18.653427921864,
    197.7567051691));
#2653 = CARTESIAN_POINT('',(-2.736318570778,18.568710968172,
    197.66368263171));
#2654 = CARTESIAN_POINT('',(-2.813599462059,18.481831275641,
    197.56828532227));
#2655 = CARTESIAN_POINT('',(-2.941009612859,18.328101139083,
    197.39948360369));
#2656 = CARTESIAN_POINT('',(-2.992827379583,18.262191710854,
    197.32711246682));
#2657 = CARTESIAN_POINT('',(-3.042719944281,18.19527481228,
    197.25363508799));
#2658 = CARTESIAN_POINT('',(-3.090686069345,18.12740845405,
    197.17911516523));
#2659 = CARTESIAN_POINT('',(-3.136725835285,18.058648321135,
    197.10361384281));
#2660 = CARTESIAN_POINT('',(-3.180840443282,17.989047695027,
    197.02718962591));
#2661 = CARTESIAN_POINT('',(-3.223032017737,17.918657375977,
    196.94989829519));
#2662 = CARTESIAN_POINT('',(-3.292447528152,17.796048048604,
    196.81526844552));
#2663 = CARTESIAN_POINT('',(-3.320585817246,17.74418243288,
    196.75831796551));
#2664 = CARTESIAN_POINT('',(-3.347719335338,17.691947161841,
    196.70096158947));
#2665 = CARTESIAN_POINT('',(-3.37384918144,17.639360170931,
    196.64321901121));
#2666 = CARTESIAN_POINT('',(-3.398976494342,17.586438927254,
    196.58510941031));
#2667 = CARTESIAN_POINT('',(-3.423102452608,17.533200429582,
    196.52665145209));
#2668 = CARTESIAN_POINT('',(-3.446228274579,17.479661208346,
    196.46786328759));
#2669 = CARTESIAN_POINT('',(-3.525396957878,17.287083057309,
    196.25640492567));
#2670 = CARTESIAN_POINT('',(-3.575797632401,17.146443508194,
    196.10197718546));
#2671 = CARTESIAN_POINT('',(-3.619582228769,17.00418660027,
    195.94577352186));
#2672 = CARTESIAN_POINT('',(-3.656768647691,16.860571278147,
    195.7880782662));
#2673 = CARTESIAN_POINT('',(-3.687369973626,16.71584809663,
    195.62916653747));
#2674 = CARTESIAN_POINT('',(-3.711395138695,16.57025951501,
    195.4693045655));
#2675 = CARTESIAN_POINT('',(-3.728847980648,16.424039898102,
    195.30874969203));
#2676 = CARTESIAN_POINT('',(-3.753321782669,16.094118272059,
    194.94648280853));
#2677 = CARTESIAN_POINT('',(-3.756640116033,15.910212380619,
    194.74454692773));
#2678 = CARTESIAN_POINT('',(-3.749677281764,15.726133812127,
    194.54242144076));
#2679 = CARTESIAN_POINT('',(-3.732407960223,15.542339903588,
    194.34060852158));
#2680 = CARTESIAN_POINT('',(-3.704795576574,15.359308663665,
    194.13963304245));
#2681 = CARTESIAN_POINT('',(-3.66679892021,15.177538702276,
    193.94004249661));
#2682 = CARTESIAN_POINT('',(-3.618373732359,14.997549492694,
    193.74240728609));
#2683 = CARTESIAN_POINT('',(-3.534688736405,14.745139003032,
    193.46525066999));
#2684 = CARTESIAN_POINT('',(-3.50805469244,14.670810256514,
    193.38363479146));
#2685 = CARTESIAN_POINT('',(-3.479564128017,14.596937462215,
    193.30251956635));
#2686 = CARTESIAN_POINT('',(-3.449214408522,14.523563985009,
    193.22195261099));
#2687 = CARTESIAN_POINT('',(-3.41700340789,14.450734778014,
    193.14198328566));
#2688 = CARTESIAN_POINT('',(-3.382929649815,14.378496341559,
    193.06266264955));
#2689 = CARTESIAN_POINT('',(-3.346992448944,14.306896682161,
    192.9840434157));
#2690 = CARTESIAN_POINT('',(-3.25385752123,14.132180815235,
    192.79219854221));
#2691 = CARTESIAN_POINT('',(-3.194531142986,14.029852672103,
    192.67983822819));
#2692 = CARTESIAN_POINT('',(-3.131213467109,13.929155268765,
    192.5692685304));
#2693 = CARTESIAN_POINT('',(-3.063910923164,13.830253209431,
    192.46067019074));
#2694 = CARTESIAN_POINT('',(-2.992637496626,13.73332039977,
    192.35423416445));
#2695 = CARTESIAN_POINT('',(-2.917416404987,13.638539170841,
    192.25016065817));
#2696 = CARTESIAN_POINT('',(-2.838281773858,13.546099403014,
    192.14865816801));
#2697 = CARTESIAN_POINT('',(-2.614891150506,13.304137291994,
    191.8829742814));
#2698 = CARTESIAN_POINT('',(-2.463416887378,13.159313328364,
    191.72395188996));
#2699 = CARTESIAN_POINT('',(-2.301107242655,13.022712424649,
    191.57395874079));
#2700 = CARTESIAN_POINT('',(-2.128339413971,12.895381683408,
    191.43414459354));
#2701 = CARTESIAN_POINT('',(-1.945646909474,12.778395587478,
    191.30568927252));
#2702 = CARTESIAN_POINT('',(-1.753742337531,12.67283047118,
    191.18977463502));
#2703 = CARTESIAN_POINT('',(-1.553553383369,12.57972435758,
    191.08754047106));
#2704 = CARTESIAN_POINT('',(-1.346291201784,12.5,191.));
#2705 = ORIENTED_EDGE('',*,*,#2706,.T.);
#2706 = EDGE_CURVE('',#2609,#2707,#2709,.T.);
#2707 = VERTEX_POINT('',#2708);
#2708 = CARTESIAN_POINT('',(-38.65370879821,12.5,191.));
#2709 = LINE('',#2710,#2711);
#2710 = CARTESIAN_POINT('',(45.25,12.5,191.));
#2711 = VECTOR('',#2712,1.);
#2712 = DIRECTION('',(-1.,0.,0.));
#2713 = ORIENTED_EDGE('',*,*,#2714,.T.);
#2714 = EDGE_CURVE('',#2707,#2715,#2717,.T.);
#2715 = VERTEX_POINT('',#2716);
#2716 = CARTESIAN_POINT('',(-36.25,16.,194.8431372549));
#2717 = B_SPLINE_CURVE_WITH_KNOTS('',6,(#2718,#2719,#2720,#2721,#2722,
    #2723,#2724,#2725,#2726,#2727,#2728,#2729,#2730,#2731,#2732,#2733,
    #2734,#2735,#2736,#2737,#2738,#2739),.UNSPECIFIED.,.F.,.F.,(7,5,5,5,
    7),(0.,0.224914245447,0.384088531808,0.782037416747,1.),
  .UNSPECIFIED.);
#2718 = CARTESIAN_POINT('',(-38.65370879821,12.5,191.));
#2719 = CARTESIAN_POINT('',(-38.48114409281,12.566377812749,
    191.07288544145));
#2720 = CARTESIAN_POINT('',(-38.31477399716,12.642093274942,
    191.15602398817));
#2721 = CARTESIAN_POINT('',(-38.15504253847,12.726398029199,
    191.24859391441));
#2722 = CARTESIAN_POINT('',(-38.00227141287,12.81857164111,
    191.34980415494));
#2723 = CARTESIAN_POINT('',(-37.85668341249,12.917948097384,
    191.45892340104));
#2724 = CARTESIAN_POINT('',(-37.62057945616,13.098955570319,
    191.65767670466));
#2725 = CARTESIAN_POINT('',(-37.52640849524,13.177280327789,
    191.74368035992));
#2726 = CARTESIAN_POINT('',(-37.43596745319,13.258706826666,
    191.83308984888));
#2727 = CARTESIAN_POINT('',(-37.34930102639,13.343037297953,
    191.92568801343));
#2728 = CARTESIAN_POINT('',(-37.26644567294,13.430087156461,
    192.0212721718));
#2729 = CARTESIAN_POINT('',(-36.98988834482,13.743691235278,
    192.36562174854));
#2730 = CARTESIAN_POINT('',(-36.81641268157,13.983561127303,
    192.62900829664));
#2731 = CARTESIAN_POINT('',(-36.66734971529,14.236730276697,
    192.90699795088));
#2732 = CARTESIAN_POINT('',(-36.54316773409,14.500909931479,
    193.19707757182));
#2733 = CARTESIAN_POINT('',(-36.44426723116,14.773993304504,
    193.49693382455));
#2734 = CARTESIAN_POINT('',(-36.3312433032,15.207616260784,
    193.97306883537));
#2735 = CARTESIAN_POINT('',(-36.29901335937,15.363172843446,
    194.14387606339));
#2736 = CARTESIAN_POINT('',(-36.27464941954,15.520516910733,
    194.31664601962));
#2737 = CARTESIAN_POINT('',(-36.25826712702,15.679325059981,
    194.49102359527));
#2738 = CARTESIAN_POINT('',(-36.25,15.839265973759,194.66664499079));
#2739 = CARTESIAN_POINT('',(-36.25,16.,194.8431372549));
#2740 = ORIENTED_EDGE('',*,*,#2741,.T.);
#2741 = EDGE_CURVE('',#2715,#2742,#2744,.T.);
#2742 = VERTEX_POINT('',#2743);
#2743 = CARTESIAN_POINT('',(-41.34629120178,12.5,191.));
#2744 = B_SPLINE_CURVE_WITH_KNOTS('',8,(#2745,#2746,#2747,#2748,#2749,
    #2750,#2751,#2752,#2753,#2754,#2755,#2756,#2757,#2758,#2759,#2760,
    #2761,#2762,#2763,#2764,#2765,#2766,#2767,#2768,#2769,#2770,#2771,
    #2772,#2773,#2774,#2775,#2776,#2777,#2778,#2779,#2780,#2781,#2782,
    #2783,#2784,#2785,#2786,#2787,#2788,#2789,#2790,#2791,#2792,#2793,
    #2794,#2795,#2796,#2797,#2798,#2799,#2800,#2801,#2802,#2803,#2804,
    #2805,#2806,#2807,#2808,#2809,#2810,#2811,#2812,#2813,#2814,#2815,
    #2816,#2817,#2818,#2819,#2820,#2821,#2822,#2823,#2824,#2825,#2826,
    #2827,#2828,#2829,#2830,#2831,#2832,#2833,#2834,#2835,#2836,#2837,
    #2838,#2839,#2840,#2841,#2842,#2843,#2844),.UNSPECIFIED.,.F.,.F.,(9,
    7,7,7,7,7,7,7,7,7,7,7,7,7,9),(0.,0.116124362323,0.173358132171,
    0.221303070556,0.300170769015,0.431752982861,0.490840391024,
    0.534063756392,0.566051985909,0.649537868307,0.764529334407,
    0.808390114557,0.870478028475,0.921617534769,1.),.UNSPECIFIED.);
#2745 = CARTESIAN_POINT('',(-36.25,16.,194.8431372549));
#2746 = CARTESIAN_POINT('',(-36.25,16.214634653765,195.07881452178));
#2747 = CARTESIAN_POINT('',(-36.26403994906,16.43055576442,
    195.31590436877));
#2748 = CARTESIAN_POINT('',(-36.29241375122,16.647141306638,
    195.55372378768));
#2749 = CARTESIAN_POINT('',(-36.3354853854,16.863654540883,
    195.79146380959));
#2750 = CARTESIAN_POINT('',(-36.39364782282,17.079245789064,
    196.02819145465));
#2751 = CARTESIAN_POINT('',(-36.46730112856,17.292952255623,
    196.26284953558));
#2752 = CARTESIAN_POINT('',(-36.5568497473,17.503695894042,
    196.49425431502));
#2753 = CARTESIAN_POINT('',(-36.71489833323,17.812097300376,
    196.83289115335));
#2754 = CARTESIAN_POINT('',(-36.77103259718,17.912885593773,
    196.94356065198));
#2755 = CARTESIAN_POINT('',(-36.831165742,18.012492825704,
    197.05293329881));
#2756 = CARTESIAN_POINT('',(-36.89533631421,18.110751055323,
    197.16082468819));
#2757 = CARTESIAN_POINT('',(-36.96357468433,18.207476771979,
    197.26703331825));
#2758 = CARTESIAN_POINT('',(-37.03590030113,18.302471892993,
    197.37134168642));
#2759 = CARTESIAN_POINT('',(-37.11231894602,18.395524761439,
    197.47351738511));
#2760 = CARTESIAN_POINT('',(-37.26025600419,18.562546999027,
    197.65691435187));
#2761 = CARTESIAN_POINT('',(-37.33055500883,18.637160371889,
    197.73884276129));
#2762 = CARTESIAN_POINT('',(-37.40370804661,18.710117530184,
    197.81895258216));
#2763 = CARTESIAN_POINT('',(-37.47969556242,18.781276026923,
    197.89708740211));
#2764 = CARTESIAN_POINT('',(-37.55848502923,18.850486389642,
    197.9730830945));
#2765 = CARTESIAN_POINT('',(-37.64002857654,18.917593809588,
    198.04676967327));
#2766 = CARTESIAN_POINT('',(-37.72426061888,18.982439830905,
    198.11797314766));
#2767 = CARTESIAN_POINT('',(-37.95393571328,19.14754961732,
    198.29927016803));
#2768 = CARTESIAN_POINT('',(-38.10388470266,19.243730013502,
    198.40488001482));
#2769 = CARTESIAN_POINT('',(-38.26048616408,19.332619365502,
    198.50248400917));
#2770 = CARTESIAN_POINT('',(-38.42316438453,19.413485490214,
    198.59127818533));
#2771 = CARTESIAN_POINT('',(-38.59121729418,19.485659093837,
    198.67052763244));
#2772 = CARTESIAN_POINT('',(-38.76380291087,19.5485581199,
    198.73959322969));
#2773 = CARTESIAN_POINT('',(-38.93991916143,19.601727235736,
    198.79797500394));
#2774 = CARTESIAN_POINT('',(-39.41611479001,19.716908955259,
    198.92444904891));
#2775 = CARTESIAN_POINT('',(-39.72072742513,19.76116637495,
    198.97304543131));
#2776 = CARTESIAN_POINT('',(-40.02636108547,19.776198404955,
    198.98955118975));
#2777 = CARTESIAN_POINT('',(-40.32818714291,19.762765645205,
    198.97480149277));
#2778 = CARTESIAN_POINT('',(-40.62222971567,19.722573355435,
    198.93066878243));
#2779 = CARTESIAN_POINT('',(-40.90532415533,19.65800714053,
    198.85977254646));
#2780 = CARTESIAN_POINT('',(-41.1750664651,19.571780454317,
    198.76509226356));
#2781 = CARTESIAN_POINT('',(-41.54411761443,19.419576770419,
    198.59796664987));
#2782 = CARTESIAN_POINT('',(-41.6555820287,19.368561353595,
    198.54194972159));
#2783 = CARTESIAN_POINT('',(-41.76404210081,19.313913351933,
    198.48194407271));
#2784 = CARTESIAN_POINT('',(-41.86941776441,19.255841938655,
    198.41817938362));
#2785 = CARTESIAN_POINT('',(-41.97164851165,19.19454736907,
    198.3508755425));
#2786 = CARTESIAN_POINT('',(-42.07069106872,19.130218684007,
    198.28024012361));
#2787 = CARTESIAN_POINT('',(-42.16651707141,19.06303141326,
    198.20646586554));
#2788 = CARTESIAN_POINT('',(-42.32684446132,18.942022476236,
    198.07359330724));
#2789 = CARTESIAN_POINT('',(-42.39284660182,18.889456945781,
    198.0158742934));
#2790 = CARTESIAN_POINT('',(-42.45711034884,18.835511956049,
    197.95664057919));
#2791 = CARTESIAN_POINT('',(-42.51963064587,18.780247931525,
    197.89595851304));
#2792 = CARTESIAN_POINT('',(-42.58040401684,18.723722349255,
    197.83389120702));
#2793 = CARTESIAN_POINT('',(-42.63942838978,18.665989635307,
    197.77049842308));
#2794 = CARTESIAN_POINT('',(-42.69670292041,18.607101061244,
    197.7058364594));
#2795 = CARTESIAN_POINT('',(-42.79332001396,18.502703209619,
    197.59120352428));
#2796 = CARTESIAN_POINT('',(-42.83345361757,18.457695328245,
    197.54178310552));
#2797 = CARTESIAN_POINT('',(-42.87262861549,18.412100609778,
    197.49171831661));
#2798 = CARTESIAN_POINT('',(-42.91084502419,18.365937979597,
    197.44102993838));
#2799 = CARTESIAN_POINT('',(-42.94810288783,18.319225675153,
    197.38973799624));
#2800 = CARTESIAN_POINT('',(-42.98440227815,18.271981245973,
    197.33786176028));
#2801 = CARTESIAN_POINT('',(-43.01974329457,18.224221553658,
    197.28541974519));
#2802 = CARTESIAN_POINT('',(-43.14386144165,18.05001247576,
    197.09413134593));
#2803 = CARTESIAN_POINT('',(-43.2270637213,17.920670815354,
    196.95210913058));
#2804 = CARTESIAN_POINT('',(-43.30374251812,17.788216574132,
    196.80666917943));
#2805 = CARTESIAN_POINT('',(-43.37389297545,17.652910755904,
    196.65809808491));
#2806 = CARTESIAN_POINT('',(-43.43749953922,17.514998490099,
    196.50666500873));
#2807 = CARTESIAN_POINT('',(-43.49453709868,17.37470981947,
    196.35262254686));
#2808 = CARTESIAN_POINT('',(-43.54496949372,17.232259370205,
    196.19620636728));
#2809 = CARTESIAN_POINT('',(-43.64904126351,16.888931858743,
    195.81921929587));
#2810 = CARTESIAN_POINT('',(-43.6966916731,16.686348669846,
    195.59677501002));
#2811 = CARTESIAN_POINT('',(-43.73158377731,16.480587241314,
    195.37084089242));
#2812 = CARTESIAN_POINT('',(-43.75351185929,16.272169681833,
    195.14199023887));
#2813 = CARTESIAN_POINT('',(-43.76220870739,16.06165421613,
    194.91083600202));
#2814 = CARTESIAN_POINT('',(-43.75735826204,15.849638474132,
    194.67803440296));
#2815 = CARTESIAN_POINT('',(-43.73858952727,15.636760158354,
    194.44428566407));
#2816 = CARTESIAN_POINT('',(-43.69281212314,15.342426448843,
    194.12109570853));
#2817 = CARTESIAN_POINT('',(-43.67808320449,15.261138478235,
    194.03183832904));
#2818 = CARTESIAN_POINT('',(-43.66124108969,15.179871949721,
    193.94260449381));
#2819 = CARTESIAN_POINT('',(-43.64226104311,15.098670804546,
    193.85344245205));
#2820 = CARTESIAN_POINT('',(-43.6211177102,15.01758215177,
    193.76440393135));
#2821 = CARTESIAN_POINT('',(-43.59778533278,14.936656266862,
    193.67554413616));
#2822 = CARTESIAN_POINT('',(-43.57223796426,14.855946590281,
    193.58692174619));
#2823 = CARTESIAN_POINT('',(-43.50511348779,14.661645880404,
    193.37357194711));
#2824 = CARTESIAN_POINT('',(-43.4612883035,14.548332958004,
    193.24914991467));
#2825 = CARTESIAN_POINT('',(-43.4129001447,14.435728517702,
    193.12550582335));
#2826 = CARTESIAN_POINT('',(-43.35987734533,14.324011991308,
    193.00283669633));
#2827 = CARTESIAN_POINT('',(-43.30215417648,14.213383832459,
    192.88136263956));
#2828 = CARTESIAN_POINT('',(-43.23967446219,14.104064665467,
    192.76132590717));
#2829 = CARTESIAN_POINT('',(-43.1723951953,13.996294434176,
    192.64298996693));
#2830 = CARTESIAN_POINT('',(-43.04089991099,13.803053863444,
    192.43080424221));
#2831 = CARTESIAN_POINT('',(-42.97823779587,13.717005457267,
    192.33631971778));
#2832 = CARTESIAN_POINT('',(-42.912292279,13.63233374204,192.243346854)
  );
#2833 = CARTESIAN_POINT('',(-42.84306236018,13.549198157346,
    192.15206072179));
#2834 = CARTESIAN_POINT('',(-42.77056056109,13.467768479073,
    192.06264774172));
#2835 = CARTESIAN_POINT('',(-42.69481591843,13.388223125903,
    191.97530382452));
#2836 = CARTESIAN_POINT('',(-42.615876977,13.310747465788,
    191.89023251145));
#2837 = CARTESIAN_POINT('',(-42.40803654323,13.12024817736,
    191.68105682219));
#2838 = CARTESIAN_POINT('',(-42.2748733205,13.010229647198,
    191.56025216162));
#2839 = CARTESIAN_POINT('',(-42.13463529916,12.90622809415,
    191.44605437789));
#2840 = CARTESIAN_POINT('',(-41.98774083493,12.808965927658,
    191.33925670487));
#2841 = CARTESIAN_POINT('',(-41.83472211577,12.71912865392,
    191.24061185528));
#2842 = CARTESIAN_POINT('',(-41.67623877032,12.637346234611,
    191.15081155173));
#2843 = CARTESIAN_POINT('',(-41.51309942385,12.564163554788,
    191.07045409937));
#2844 = CARTESIAN_POINT('',(-41.34629120178,12.5,191.));
#2845 = ORIENTED_EDGE('',*,*,#2846,.T.);
#2846 = EDGE_CURVE('',#2742,#2847,#2849,.T.);
#2847 = VERTEX_POINT('',#2848);
#2848 = CARTESIAN_POINT('',(-45.25,12.5,191.));
#2849 = LINE('',#2850,#2851);
#2850 = CARTESIAN_POINT('',(45.25,12.5,191.));
#2851 = VECTOR('',#2852,1.);
#2852 = DIRECTION('',(-1.,0.,0.));
#2853 = ORIENTED_EDGE('',*,*,#2854,.T.);
#2854 = EDGE_CURVE('',#2847,#666,#2855,.T.);
#2855 = B_SPLINE_CURVE_WITH_KNOTS('',1,(#2856,#2857),.UNSPECIFIED.,.F.,
  .F.,(2,2),(0.,1.),.PIECEWISE_BEZIER_KNOTS.);
#2856 = CARTESIAN_POINT('',(-45.25,12.5,191.));
#2857 = CARTESIAN_POINT('',(-53.5,38.,219.));
#2858 = ORIENTED_EDGE('',*,*,#684,.T.);
#2859 = ORIENTED_EDGE('',*,*,#2306,.T.);
#2860 = ORIENTED_EDGE('',*,*,#2296,.T.);
#2861 = ORIENTED_EDGE('',*,*,#2862,.T.);
#2862 = EDGE_CURVE('',#2289,#2863,#2865,.T.);
#2863 = VERTEX_POINT('',#2864);
#2864 = CARTESIAN_POINT('',(16.250000000554,20.,199.23529411764));
#2865 = B_SPLINE_CURVE_WITH_KNOTS('',1,(#2866,#2867),.UNSPECIFIED.,.F.,
  .F.,(2,2),(0.,1.),.PIECEWISE_BEZIER_KNOTS.);
#2866 = CARTESIAN_POINT('',(-47.67647058823,20.,199.23529411764));
#2867 = CARTESIAN_POINT('',(47.676470588235,20.,199.23529411764));
#2868 = ORIENTED_EDGE('',*,*,#2869,.T.);
#2869 = EDGE_CURVE('',#2863,#2870,#2872,.T.);
#2870 = VERTEX_POINT('',#2871);
#2871 = CARTESIAN_POINT('',(21.145671936306,16.429294773527,
    195.31451975132));
#2872 = B_SPLINE_CURVE_WITH_KNOTS('',8,(#2873,#2874,#2875,#2876,#2877,
    #2878,#2879,#2880,#2881,#2882,#2883,#2884,#2885,#2886,#2887,#2888,
    #2889,#2890,#2891,#2892,#2893,#2894,#2895,#2896,#2897,#2898,#2899,
    #2900,#2901,#2902,#2903,#2904,#2905,#2906,#2907,#2908,#2909,#2910,
    #2911,#2912,#2913,#2914,#2915,#2916,#2917,#2918,#2919,#2920,#2921,
    #2922,#2923,#2924,#2925,#2926,#2927,#2928,#2929,#2930,#2931,#2932,
    #2933,#2934,#2935,#2936,#2937,#2938,#2939,#2940,#2941,#2942,#2943,
    #2944,#2945,#2946,#2947,#2948,#2949,#2950,#2951,#2952,#2953,#2954,
    #2955,#2956,#2957,#2958,#2959,#2960,#2961,#2962,#2963,#2964,#2965,
    #2966,#2967,#2968,#2969,#2970,#2971,#2972,#2973,#2974,#2975,#2976,
    #2977,#2978,#2979,#2980,#2981,#2982,#2983,#2984,#2985,#2986,#2987,
    #2988,#2989,#2990,#2991,#2992,#2993),.UNSPECIFIED.,.F.,.F.,(9,7,7,7,
    7,7,7,7,7,7,7,7,7,7,7,7,7,9),(0.,4.160120892543E-02,0.13802772176,
    0.176036970596,0.226582667093,0.339784408323,0.408822770165,
    0.451421715508,0.502982751675,0.541676446465,0.570046673336,
    0.641275331389,0.714635914361,0.744650272023,0.78598653373,
    0.844836750649,0.923184547763,1.),.UNSPECIFIED.);
#2873 = CARTESIAN_POINT('',(23.75,20.,199.23529411764));
#2874 = CARTESIAN_POINT('',(23.75,20.088828627598,199.33283143422));
#2875 = CARTESIAN_POINT('',(23.747595238685,20.177519079553,
    199.43021702852));
#2876 = CARTESIAN_POINT('',(23.74279884219,20.266023581136,
    199.52739844203));
#2877 = CARTESIAN_POINT('',(23.735622534996,20.354294754001,
    199.62432365145));
#2878 = CARTESIAN_POINT('',(23.726076639927,20.442285616182,
    199.72094106874));
#2879 = CARTESIAN_POINT('',(23.714170078149,20.529949582093,
    199.81719954112));
#2880 = CARTESIAN_POINT('',(23.699910369175,20.617240462529,
    199.91304835101));
#2881 = CARTESIAN_POINT('',(23.644811243096,20.905471137783,
    200.2295369356));
#2882 = CARTESIAN_POINT('',(23.593716493008,21.104539271682,
    200.44812155321));
#2883 = CARTESIAN_POINT('',(23.53009378145,21.300793420976,
    200.66361630538));
#2884 = CARTESIAN_POINT('',(23.453967711483,21.493648222164,
    200.87537844002));
#2885 = CARTESIAN_POINT('',(23.365337662859,21.682463418646,
    201.08270493027));
#2886 = CARTESIAN_POINT('',(23.264187613748,21.866545621009,
    201.28483440738));
#2887 = CARTESIAN_POINT('',(23.150481209743,22.045144802568,
    201.48094331262));
#2888 = CARTESIAN_POINT('',(22.974341923745,22.285362755836,
    201.74471204562));
#2889 = CARTESIAN_POINT('',(22.922583521104,22.352295060913,
    201.81820634139));
#2890 = CARTESIAN_POINT('',(22.868864706499,22.418190091382,
    201.89056166896));
#2891 = CARTESIAN_POINT('',(22.813184268891,22.482992113648,
    201.96171683067));
#2892 = CARTESIAN_POINT('',(22.755542178289,22.546642125726,
    202.03160704001));
#2893 = CARTESIAN_POINT('',(22.69593981215,22.609077968418,
    202.10016404375));
#2894 = CARTESIAN_POINT('',(22.634380181788,22.67023443648,
    202.16731624397));
#2895 = CARTESIAN_POINT('',(22.486408203961,22.809578905366,
    202.3203219353));
#2896 = CARTESIAN_POINT('',(22.398498351307,22.886728718626,
    202.40503545574));
#2897 = CARTESIAN_POINT('',(22.307149148458,22.961334150755,
    202.48695514592));
#2898 = CARTESIAN_POINT('',(22.212382065558,23.033221597537,
    202.5658903816));
#2899 = CARTESIAN_POINT('',(22.114231943322,23.102204564454,
    202.64163638449));
#2900 = CARTESIAN_POINT('',(22.012749441114,23.168085701773,
    202.71397645684));
#2901 = CARTESIAN_POINT('',(21.908003485019,23.230658839632,
    202.78268421606));
#2902 = CARTESIAN_POINT('',(21.558387456466,23.421963825207,
    202.99274459238));
#2903 = CARTESIAN_POINT('',(21.300213916852,23.536862268781,
    203.11890758924));
#2904 = CARTESIAN_POINT('',(21.027061891282,23.63153323675,
    203.22286002466));
#2905 = CARTESIAN_POINT('',(20.741078013154,23.703224685286,
    203.30158004658));
#2906 = CARTESIAN_POINT('',(20.445121475611,23.74945960637,
    203.35234780307));
#2907 = CARTESIAN_POINT('',(20.142838156411,23.768328527856,
    203.37306661882));
#2908 = CARTESIAN_POINT('',(19.838726056326,23.758734123944,
    203.36253158707));
#2909 = CARTESIAN_POINT('',(19.355218962678,23.698759805892,
    203.29667743392));
#2910 = CARTESIAN_POINT('',(19.173306517889,23.665733209906,
    203.26041293636));
#2911 = CARTESIAN_POINT('',(18.993841494302,23.622545129159,
    203.21299073005));
#2912 = CARTESIAN_POINT('',(18.81785663298,23.569535302016,
    203.15478386103));
#2913 = CARTESIAN_POINT('',(18.64624424884,23.507182939299,
    203.08631852158));
#2914 = CARTESIAN_POINT('',(18.479770596484,23.43606633412,
    203.00822970021));
#2915 = CARTESIAN_POINT('',(18.319085806949,23.356837420217,
    202.92123324572));
#2916 = CARTESIAN_POINT('',(18.06948640059,23.216760093596,
    202.76742284787));
#2917 = CARTESIAN_POINT('',(17.97662883458,23.160478853877,
    202.70562383955));
#2918 = CARTESIAN_POINT('',(17.886265901046,23.101522206211,
    202.64088712838));
#2919 = CARTESIAN_POINT('',(17.798486063887,23.040045317376,
    202.57338309359));
#2920 = CARTESIAN_POINT('',(17.713359264158,22.976201843534,
    202.50328045564));
#2921 = CARTESIAN_POINT('',(17.630939136999,22.910141899415,
    202.43074404641));
#2922 = CARTESIAN_POINT('',(17.55126522857,22.842010027514,
    202.35593257923));
#2923 = CARTESIAN_POINT('',(17.381286746986,22.687135435855,
    202.18587420407));
#2924 = CARTESIAN_POINT('',(17.292275356589,22.599495984115,
    202.08964264922));
#2925 = CARTESIAN_POINT('',(17.207374611891,22.509264516002,
    201.99056495874));
#2926 = CARTESIAN_POINT('',(17.126608833819,22.416669317818,
    201.88889179995));
#2927 = CARTESIAN_POINT('',(17.049986002853,22.321925814731,
    201.78485971813));
#2928 = CARTESIAN_POINT('',(16.977500667759,22.225235127279,
    201.67868955152));
#2929 = CARTESIAN_POINT('',(16.909136854323,22.126782627888,
    201.5705848463));
#2930 = CARTESIAN_POINT('',(16.796642999235,21.951657431355,
    201.37829051286));
#2931 = CARTESIAN_POINT('',(16.750724046435,21.8756828164,
    201.29486740624));
#2932 = CARTESIAN_POINT('',(16.707104394202,21.798884531976,
    201.21053987824));
#2933 = CARTESIAN_POINT('',(16.665773064612,21.721331233818,
    201.12538331556));
#2934 = CARTESIAN_POINT('',(16.626718062968,21.643088297102,
    201.0394695027));
#2935 = CARTESIAN_POINT('',(16.589926617474,21.564217759613,
    200.95286655957));
#2936 = CARTESIAN_POINT('',(16.555385418911,21.484778264909,
    200.86563887911));
#2937 = CARTESIAN_POINT('',(16.499395149716,21.346203255325,
    200.71347808427));
#2938 = CARTESIAN_POINT('',(16.476912007341,21.287305727972,
    200.64880628953));
#2939 = CARTESIAN_POINT('',(16.455626098817,21.228154360556,
    200.58385576845));
#2940 = CARTESIAN_POINT('',(16.43553217487,21.168770464689,
    200.51864992201));
#2941 = CARTESIAN_POINT('',(16.416625071322,21.10917472647,
    200.45321146435));
#2942 = CARTESIAN_POINT('',(16.398899709086,21.049387206479,
    200.3875624228));
#2943 = CARTESIAN_POINT('',(16.382351094169,20.989427339786,
    200.3217241378));
#2944 = CARTESIAN_POINT('',(16.328368099959,20.778388209962,
    200.08999489721));
#2945 = CARTESIAN_POINT('',(16.297150760676,20.626502679854,
    199.92321862886));
#2946 = CARTESIAN_POINT('',(16.273241743326,20.473946338065,
    199.75570578297));
#2947 = CARTESIAN_POINT('',(16.256572048467,20.320998951965,
    199.58776355509));
#2948 = CARTESIAN_POINT('',(16.247080889389,20.167931360308,
    199.4196893368));
#2949 = CARTESIAN_POINT('',(16.244714527114,20.015005697305,
    199.25177096174));
#2950 = CARTESIAN_POINT('',(16.249427284701,19.862475544322,
    199.08428687219));
#2951 = CARTESIAN_POINT('',(16.273294106144,19.554150311142,
    198.74573367497));
#2952 = CARTESIAN_POINT('',(16.292875069611,19.398408378418,
    198.57472292532));
#2953 = CARTESIAN_POINT('',(16.319887548574,19.24362892325,
    198.40476901376));
#2954 = CARTESIAN_POINT('',(16.354302080745,19.090091108125,
    198.23617847166));
#2955 = CARTESIAN_POINT('',(16.396095347523,18.938083777079,
    198.0692684611));
#2956 = CARTESIAN_POINT('',(16.44524785063,18.787905119093,
    197.90436640527));
#2957 = CARTESIAN_POINT('',(16.501743742072,18.639862763611,
    197.74181009337));
#2958 = CARTESIAN_POINT('',(16.591687490822,18.434709024,197.51654324203
    ));
#2959 = CARTESIAN_POINT('',(16.619029087991,18.375555772568,
    197.45159065223));
#2960 = CARTESIAN_POINT('',(16.647596621832,18.316836881376,
    197.387115007));
#2961 = CARTESIAN_POINT('',(16.677388967853,18.258575287468,
    197.32314149212));
#2962 = CARTESIAN_POINT('',(16.70840485418,18.200794537446,
    197.25969596268));
#2963 = CARTESIAN_POINT('',(16.740642861561,18.143518787471,
    197.1968049431));
#2964 = CARTESIAN_POINT('',(16.774101423364,18.086772803261,
    197.13449562711));
#2965 = CARTESIAN_POINT('',(16.856537108111,17.953195016646,
    196.98782197906));
#2966 = CARTESIAN_POINT('',(16.906606751153,17.876861610784,
    196.90400490595));
#2967 = CARTESIAN_POINT('',(16.958983297444,17.801647647538,
    196.82141702474));
#2968 = CARTESIAN_POINT('',(17.013660907752,17.727622219579,
    196.74013420189));
#2969 = CARTESIAN_POINT('',(17.070632092401,17.654857456383,
    196.66023563838));
#2970 = CARTESIAN_POINT('',(17.129887442794,17.583428373397,
    196.58180370412));
#2971 = CARTESIAN_POINT('',(17.191415362933,17.513412721211,
    196.50492377231));
#2972 = CARTESIAN_POINT('',(17.346014214997,17.347336587758,
    196.32256566498));
#2973 = CARTESIAN_POINT('',(17.44140195396,17.252812805402,
    196.21877484514));
#2974 = CARTESIAN_POINT('',(17.541325279734,17.16154971405,
    196.11856439189));
#2975 = CARTESIAN_POINT('',(17.645729021627,17.073794908226,
    196.02220617373));
#2976 = CARTESIAN_POINT('',(17.75453936804,16.989810498968,
    195.92998799886));
#2977 = CARTESIAN_POINT('',(17.86766065815,16.909870262218,195.842210484
    ));
#2978 = CARTESIAN_POINT('',(17.984972173591,16.834256787201,
    195.7591839232));
#2979 = CARTESIAN_POINT('',(18.267882892842,16.668738164012,
    195.57743798401));
#2980 = CARTESIAN_POINT('',(18.436620333435,16.582387859981,
    195.4826219639));
#2981 = CARTESIAN_POINT('',(18.612153534536,16.504910942878,
    195.39754927061));
#2982 = CARTESIAN_POINT('',(18.793987560472,16.43702758384,
    195.32301068029));
#2983 = CARTESIAN_POINT('',(18.981501385559,16.379445731723,
    195.25978354855));
#2984 = CARTESIAN_POINT('',(19.17393449633,16.332836585712,
    195.20860487842));
#2985 = CARTESIAN_POINT('',(19.370365761522,16.297795909804,
    195.17012884213));
#2986 = CARTESIAN_POINT('',(19.765086821122,16.252199180033,
    195.12006184474));
#2987 = CARTESIAN_POINT('',(19.963372117246,16.241165105503,
    195.10794599819));
#2988 = CARTESIAN_POINT('',(20.163345935575,16.242130905441,
    195.1090064844));
#2989 = CARTESIAN_POINT('',(20.363804150998,16.255355228503,
    195.12352730972));
#2990 = CARTESIAN_POINT('',(20.563521287501,16.280912713265,
    195.15159043025));
#2991 = CARTESIAN_POINT('',(20.761250623197,16.31868866418,
    195.19306990576));
#2992 = CARTESIAN_POINT('',(20.955726942621,16.368350328409,
    195.2476003606));
#2993 = CARTESIAN_POINT('',(21.145671936306,16.429294773527,
    195.31451975132));
#2994 = ORIENTED_EDGE('',*,*,#2995,.T.);
#2995 = EDGE_CURVE('',#2870,#1087,#2996,.T.);
#2996 = B_SPLINE_CURVE_WITH_KNOTS('',7,(#2997,#2998,#2999,#3000,#3001,
    #3002,#3003,#3004,#3005,#3006,#3007,#3008,#3009,#3010,#3011,#3012,
    #3013,#3014,#3015,#3016),.UNSPECIFIED.,.F.,.F.,(8,6,6,8),(0.,
    0.236812305955,0.415161362821,1.),.UNSPECIFIED.);
#2997 = CARTESIAN_POINT('',(21.145671936306,16.429294773527,
    195.31451975132));
#2998 = CARTESIAN_POINT('',(21.314273724896,16.483391184557,
    195.37391973206));
#2999 = CARTESIAN_POINT('',(21.479328029636,16.546593580901,
    195.44331844177));
#3000 = CARTESIAN_POINT('',(21.639944493176,16.618491316282,
    195.52226497474));
#3001 = CARTESIAN_POINT('',(21.79539232068,16.698558566277,
    195.61018195512));
#3002 = CARTESIAN_POINT('',(21.945071266041,16.786198861581,
    195.70641443624));
#3003 = CARTESIAN_POINT('',(22.08849315732,16.880773481809,
    195.81026107806));
#3004 = CARTESIAN_POINT('',(22.328286882612,17.05755891671,
    196.00437841834));
#3005 = CARTESIAN_POINT('',(22.427545711718,17.13706758482,
    196.09168205392));
#3006 = CARTESIAN_POINT('',(22.522900437258,17.219866846277,
    196.18259889002));
#3007 = CARTESIAN_POINT('',(22.61424036056,17.305686557126,
    196.27683229802));
#3008 = CARTESIAN_POINT('',(22.701488274929,17.394263765972,
    196.37409354695));
#3009 = CARTESIAN_POINT('',(22.784594644813,17.485347182589,
    196.47410671029));
#3010 = CARTESIAN_POINT('',(23.122380865982,17.88482772552,
    196.91275201233));
#3011 = CARTESIAN_POINT('',(23.335859730184,18.214733743907,
    197.27500175801));
#3012 = CARTESIAN_POINT('',(23.504205881242,18.560970906127,
    197.65518374006));
#3013 = CARTESIAN_POINT('',(23.62832936946,18.917231422032,
    198.04637175752));
#3014 = CARTESIAN_POINT('',(23.709711531977,19.278295427443,
    198.44283419483));
#3015 = CARTESIAN_POINT('',(23.75,19.640135401752,198.84014867643));
#3016 = CARTESIAN_POINT('',(23.75,20.,199.23529411764));
#3017 = ORIENTED_EDGE('',*,*,#1094,.T.);
#3018 = B_SPLINE_SURFACE_WITH_KNOTS('',1,1,(
    (#3019,#3020)
    ,(#3021,#3022
    )),.UNSPECIFIED.,.F.,.F.,.F.,(2,2),(2,2),(0.,107.),(0.,1.),
  .PIECEWISE_BEZIER_KNOTS.);
#3019 = CARTESIAN_POINT('',(45.25,12.5,191.));
#3020 = CARTESIAN_POINT('',(53.5,38.,219.));
#3021 = CARTESIAN_POINT('',(-45.25,12.5,191.));
#3022 = CARTESIAN_POINT('',(-53.5,38.,219.));
#3023 = ADVANCED_FACE('',(#3024),#3041,.F.);
#3024 = FACE_BOUND('',#3025,.F.);
#3025 = EDGE_LOOP('',(#3026,#3027,#3035,#3040));
#3026 = ORIENTED_EDGE('',*,*,#2854,.F.);
#3027 = ORIENTED_EDGE('',*,*,#3028,.T.);
#3028 = EDGE_CURVE('',#2847,#3029,#3031,.T.);
#3029 = VERTEX_POINT('',#3030);
#3030 = CARTESIAN_POINT('',(-45.5,12.25,191.));
#3031 = LINE('',#3032,#3033);
#3032 = CARTESIAN_POINT('',(-45.25,12.5,191.));
#3033 = VECTOR('',#3034,1.);
#3034 = DIRECTION('',(-0.707106781187,-0.707106781187,0.));
#3035 = ORIENTED_EDGE('',*,*,#3036,.T.);
#3036 = EDGE_CURVE('',#3029,#635,#3037,.T.);
#3037 = B_SPLINE_CURVE_WITH_KNOTS('',1,(#3038,#3039),.UNSPECIFIED.,.F.,
  .F.,(2,2),(0.,1.),.PIECEWISE_BEZIER_KNOTS.);
#3038 = CARTESIAN_POINT('',(-45.5,12.25,191.));
#3039 = CARTESIAN_POINT('',(-57.5,34.,219.));
#3040 = ORIENTED_EDGE('',*,*,#665,.T.);
#3041 = B_SPLINE_SURFACE_WITH_KNOTS('',1,1,(
    (#3042,#3043)
    ,(#3044,#3045
    )),.UNSPECIFIED.,.F.,.F.,.F.,(2,2),(2,2),(0.,5.656854249492),(0.,1.)
  ,.PIECEWISE_BEZIER_KNOTS.);
#3042 = CARTESIAN_POINT('',(-45.25,12.5,191.));
#3043 = CARTESIAN_POINT('',(-53.5,38.,219.));
#3044 = CARTESIAN_POINT('',(-45.5,12.25,191.));
#3045 = CARTESIAN_POINT('',(-57.5,34.,219.));
#3046 = ADVANCED_FACE('',(#3047),#3071,.F.);
#3047 = FACE_BOUND('',#3048,.F.);
#3048 = EDGE_LOOP('',(#3049,#3050,#3058,#3065,#3070));
#3049 = ORIENTED_EDGE('',*,*,#3036,.F.);
#3050 = ORIENTED_EDGE('',*,*,#3051,.T.);
#3051 = EDGE_CURVE('',#3029,#3052,#3054,.T.);
#3052 = VERTEX_POINT('',#3053);
#3053 = CARTESIAN_POINT('',(-45.5,11.75,191.));
#3054 = LINE('',#3055,#3056);
#3055 = CARTESIAN_POINT('',(-45.5,12.25,191.));
#3056 = VECTOR('',#3057,1.);
#3057 = DIRECTION('',(0.,-1.,0.));
#3058 = ORIENTED_EDGE('',*,*,#3059,.T.);
#3059 = EDGE_CURVE('',#3052,#3060,#3062,.T.);
#3060 = VERTEX_POINT('',#3061);
#3061 = CARTESIAN_POINT('',(-57.07142857142,-9.223214285714,218.));
#3062 = B_SPLINE_CURVE_WITH_KNOTS('',1,(#3063,#3064),.UNSPECIFIED.,.F.,
  .F.,(2,2),(0.,1.),.PIECEWISE_BEZIER_KNOTS.);
#3063 = CARTESIAN_POINT('',(-45.5,11.75,191.));
#3064 = CARTESIAN_POINT('',(-57.5,-10.,219.));
#3065 = ORIENTED_EDGE('',*,*,#3066,.T.);
#3066 = EDGE_CURVE('',#3060,#627,#3067,.T.);
#3067 = B_SPLINE_CURVE_WITH_KNOTS('',1,(#3068,#3069),.UNSPECIFIED.,.F.,
  .F.,(2,2),(0.,1.),.PIECEWISE_BEZIER_KNOTS.);
#3068 = CARTESIAN_POINT('',(-57.07142857142,-9.223214285714,218.));
#3069 = CARTESIAN_POINT('',(-57.07142857142,33.223214285714,218.));
#3070 = ORIENTED_EDGE('',*,*,#634,.T.);
#3071 = B_SPLINE_SURFACE_WITH_KNOTS('',1,1,(
    (#3072,#3073)
    ,(#3074,#3075
    )),.UNSPECIFIED.,.F.,.F.,.F.,(2,2),(2,2),(0.,44.),(0.,1.),
  .PIECEWISE_BEZIER_KNOTS.);
#3072 = CARTESIAN_POINT('',(-45.5,12.25,191.));
#3073 = CARTESIAN_POINT('',(-57.5,34.,219.));
#3074 = CARTESIAN_POINT('',(-45.5,11.75,191.));
#3075 = CARTESIAN_POINT('',(-57.5,-10.,219.));
#3076 = ADVANCED_FACE('',(#3077),#3121,.T.);
#3077 = FACE_BOUND('',#3078,.T.);
#3078 = EDGE_LOOP('',(#3079,#3080,#3087,#3094,#3101,#3108,#3115,#3120));
#3079 = ORIENTED_EDGE('',*,*,#626,.T.);
#3080 = ORIENTED_EDGE('',*,*,#3081,.F.);
#3081 = EDGE_CURVE('',#3082,#608,#3084,.T.);
#3082 = VERTEX_POINT('',#3083);
#3083 = CARTESIAN_POINT('',(-57.5,-10.,218.));
#3084 = B_SPLINE_CURVE_WITH_KNOTS('',1,(#3085,#3086),.UNSPECIFIED.,.F.,
  .F.,(2,2),(0.,1.),.PIECEWISE_BEZIER_KNOTS.);
#3085 = CARTESIAN_POINT('',(-57.5,-10.,218.));
#3086 = CARTESIAN_POINT('',(-57.5,34.,218.));
#3087 = ORIENTED_EDGE('',*,*,#3088,.F.);
#3088 = EDGE_CURVE('',#3089,#3082,#3091,.T.);
#3089 = VERTEX_POINT('',#3090);
#3090 = CARTESIAN_POINT('',(-53.5,-14.,218.));
#3091 = B_SPLINE_CURVE_WITH_KNOTS('',1,(#3092,#3093),.UNSPECIFIED.,.F.,
  .F.,(2,2),(0.,1.),.PIECEWISE_BEZIER_KNOTS.);
#3092 = CARTESIAN_POINT('',(-53.5,-14.,218.));
#3093 = CARTESIAN_POINT('',(-57.5,-10.,218.));
#3094 = ORIENTED_EDGE('',*,*,#3095,.F.);
#3095 = EDGE_CURVE('',#3096,#3089,#3098,.T.);
#3096 = VERTEX_POINT('',#3097);
#3097 = CARTESIAN_POINT('',(-19.,-14.,218.));
#3098 = B_SPLINE_CURVE_WITH_KNOTS('',1,(#3099,#3100),.UNSPECIFIED.,.F.,
  .F.,(2,2),(0.,1.),.PIECEWISE_BEZIER_KNOTS.);
#3099 = CARTESIAN_POINT('',(53.5,-14.,218.));
#3100 = CARTESIAN_POINT('',(-53.5,-14.,218.));
#3101 = ORIENTED_EDGE('',*,*,#3102,.T.);
#3102 = EDGE_CURVE('',#3096,#3103,#3105,.T.);
#3103 = VERTEX_POINT('',#3104);
#3104 = CARTESIAN_POINT('',(-19.,-13.08928571428,218.));
#3105 = B_SPLINE_CURVE_WITH_KNOTS('',1,(#3106,#3107),.UNSPECIFIED.,.F.,
  .F.,(2,2),(0.,1.),.PIECEWISE_BEZIER_KNOTS.);
#3106 = CARTESIAN_POINT('',(-19.,-16.99191919191,218.));
#3107 = CARTESIAN_POINT('',(-19.,-4.991919191919,218.));
#3108 = ORIENTED_EDGE('',*,*,#3109,.T.);
#3109 = EDGE_CURVE('',#3103,#3110,#3112,.T.);
#3110 = VERTEX_POINT('',#3111);
#3111 = CARTESIAN_POINT('',(-53.20535714285,-13.08928571428,218.));
#3112 = B_SPLINE_CURVE_WITH_KNOTS('',1,(#3113,#3114),.UNSPECIFIED.,.F.,
  .F.,(2,2),(0.,1.),.PIECEWISE_BEZIER_KNOTS.);
#3113 = CARTESIAN_POINT('',(53.205357142857,-13.08928571428,218.));
#3114 = CARTESIAN_POINT('',(-53.20535714285,-13.08928571428,218.));
#3115 = ORIENTED_EDGE('',*,*,#3116,.T.);
#3116 = EDGE_CURVE('',#3110,#3060,#3117,.T.);
#3117 = B_SPLINE_CURVE_WITH_KNOTS('',1,(#3118,#3119),.UNSPECIFIED.,.F.,
  .F.,(2,2),(0.,1.),.PIECEWISE_BEZIER_KNOTS.);
#3118 = CARTESIAN_POINT('',(-53.20535714285,-13.08928571428,218.));
#3119 = CARTESIAN_POINT('',(-57.07142857142,-9.223214285714,218.));
#3120 = ORIENTED_EDGE('',*,*,#3066,.T.);
#3121 = PLANE('',#3122);
#3122 = AXIS2_PLACEMENT_3D('',#3123,#3124,#3125);
#3123 = CARTESIAN_POINT('',(-54.65,-15.75,218.));
#3124 = DIRECTION('',(0.,0.,1.));
#3125 = DIRECTION('',(0.912983300725,0.40799692719,0.));
#3126 = ADVANCED_FACE('',(#3127),#3160,.F.);
#3127 = FACE_BOUND('',#3128,.F.);
#3128 = EDGE_LOOP('',(#3129,#3130,#3131,#3138,#3145,#3155));
#3129 = ORIENTED_EDGE('',*,*,#607,.F.);
#3130 = ORIENTED_EDGE('',*,*,#3081,.F.);
#3131 = ORIENTED_EDGE('',*,*,#3132,.T.);
#3132 = EDGE_CURVE('',#3082,#3133,#3135,.T.);
#3133 = VERTEX_POINT('',#3134);
#3134 = CARTESIAN_POINT('',(-54.3064516129,-7.870967741935,240.));
#3135 = B_SPLINE_CURVE_WITH_KNOTS('',1,(#3136,#3137),.UNSPECIFIED.,.F.,
  .F.,(2,2),(0.,1.),.PIECEWISE_BEZIER_KNOTS.);
#3136 = CARTESIAN_POINT('',(-62.,-13.,187.));
#3137 = CARTESIAN_POINT('',(-53.,-7.,249.));
#3138 = ORIENTED_EDGE('',*,*,#3139,.T.);
#3139 = EDGE_CURVE('',#3133,#3140,#3142,.T.);
#3140 = VERTEX_POINT('',#3141);
#3141 = CARTESIAN_POINT('',(-54.3064516129,-7.593548387097,240.));
#3142 = B_SPLINE_CURVE_WITH_KNOTS('',1,(#3143,#3144),.UNSPECIFIED.,.F.,
  .F.,(2,2),(0.,1.),.PIECEWISE_BEZIER_KNOTS.);
#3143 = CARTESIAN_POINT('',(-54.3064516129,-7.870967741935,240.));
#3144 = CARTESIAN_POINT('',(-54.3064516129,31.870967741935,240.));
#3145 = ORIENTED_EDGE('',*,*,#3146,.F.);
#3146 = EDGE_CURVE('',#3147,#3140,#3149,.T.);
#3147 = VERTEX_POINT('',#3148);
#3148 = CARTESIAN_POINT('',(-54.28571428571,-7.571428571429,
    240.14285714285));
#3149 = B_SPLINE_CURVE_WITH_KNOTS('',4,(#3150,#3151,#3152,#3153,#3154),
  .UNSPECIFIED.,.F.,.F.,(5,5),(0.,1.),.PIECEWISE_BEZIER_KNOTS.);
#3150 = CARTESIAN_POINT('',(-54.28571428571,-7.571428571429,
    240.14285714285));
#3151 = CARTESIAN_POINT('',(-54.29089866985,-7.576958581178,
    240.10714249656));
#3152 = CARTESIAN_POINT('',(-54.29608308451,-7.582488623484,
    240.07142763999));
#3153 = CARTESIAN_POINT('',(-54.30126752955,-7.588018698195,
    240.03571257415));
#3154 = CARTESIAN_POINT('',(-54.30645200483,-7.593548805161,239.9999973)
  );
#3155 = ORIENTED_EDGE('',*,*,#3156,.F.);
#3156 = EDGE_CURVE('',#598,#3147,#3157,.T.);
#3157 = B_SPLINE_CURVE_WITH_KNOTS('',1,(#3158,#3159),.UNSPECIFIED.,.F.,
  .F.,(2,2),(0.,1.),.PIECEWISE_BEZIER_KNOTS.);
#3158 = CARTESIAN_POINT('',(-54.28571428571,31.571428571429,
    240.14285714285));
#3159 = CARTESIAN_POINT('',(-54.28571428571,-7.571428571429,
    240.14285714285));
#3160 = B_SPLINE_SURFACE_WITH_KNOTS('',1,1,(
    (#3161,#3162)
    ,(#3163,#3164
    )),.UNSPECIFIED.,.F.,.F.,.F.,(2,2),(2,2),(0.,50.),(0.,1.),
  .PIECEWISE_BEZIER_KNOTS.);
#3161 = CARTESIAN_POINT('',(-62.,37.,187.));
#3162 = CARTESIAN_POINT('',(-53.,31.,249.));
#3163 = CARTESIAN_POINT('',(-62.,-13.,187.));
#3164 = CARTESIAN_POINT('',(-53.,-7.,249.));
#3165 = ADVANCED_FACE('',(#3166),#3183,.F.);
#3166 = FACE_BOUND('',#3167,.F.);
#3167 = EDGE_LOOP('',(#3168,#3169,#3170,#3177));
#3168 = ORIENTED_EDGE('',*,*,#597,.F.);
#3169 = ORIENTED_EDGE('',*,*,#3156,.T.);
#3170 = ORIENTED_EDGE('',*,*,#3171,.T.);
#3171 = EDGE_CURVE('',#3147,#3172,#3174,.T.);
#3172 = VERTEX_POINT('',#3173);
#3173 = CARTESIAN_POINT('',(-53.6,-7.1,244.));
#3174 = B_SPLINE_CURVE_WITH_KNOTS('',1,(#3175,#3176),.UNSPECIFIED.,.F.,
  .F.,(2,2),(0.,1.),.PIECEWISE_BEZIER_KNOTS.);
#3175 = CARTESIAN_POINT('',(-54.4,-7.65,239.5));
#3176 = CARTESIAN_POINT('',(-53.6,-7.1,244.));
#3177 = ORIENTED_EDGE('',*,*,#3178,.F.);
#3178 = EDGE_CURVE('',#588,#3172,#3179,.T.);
#3179 = LINE('',#3180,#3181);
#3180 = CARTESIAN_POINT('',(-53.6,31.1,244.));
#3181 = VECTOR('',#3182,1.);
#3182 = DIRECTION('',(0.,-1.,0.));
#3183 = B_SPLINE_SURFACE_WITH_KNOTS('',1,1,(
    (#3184,#3185)
    ,(#3186,#3187
    )),.UNSPECIFIED.,.F.,.F.,.F.,(2,2),(2,2),(0.,39.3),(0.,1.),
  .PIECEWISE_BEZIER_KNOTS.);
#3184 = CARTESIAN_POINT('',(-54.4,31.65,239.5));
#3185 = CARTESIAN_POINT('',(-53.6,31.1,244.));
#3186 = CARTESIAN_POINT('',(-54.4,-7.65,239.5));
#3187 = CARTESIAN_POINT('',(-53.6,-7.1,244.));
#3188 = ADVANCED_FACE('',(#3189),#3199,.F.);
#3189 = FACE_BOUND('',#3190,.F.);
#3190 = EDGE_LOOP('',(#3191,#3192,#3193,#3198));
#3191 = ORIENTED_EDGE('',*,*,#587,.F.);
#3192 = ORIENTED_EDGE('',*,*,#3178,.T.);
#3193 = ORIENTED_EDGE('',*,*,#3194,.T.);
#3194 = EDGE_CURVE('',#3172,#1715,#3195,.T.);
#3195 = B_SPLINE_CURVE_WITH_KNOTS('',1,(#3196,#3197),.UNSPECIFIED.,.F.,
  .F.,(2,2),(0.,1.),.PIECEWISE_BEZIER_KNOTS.);
#3196 = CARTESIAN_POINT('',(-53.6,-7.1,244.));
#3197 = CARTESIAN_POINT('',(-52.9,-6.9,249.));
#3198 = ORIENTED_EDGE('',*,*,#1721,.T.);
#3199 = B_SPLINE_SURFACE_WITH_KNOTS('',1,1,(
    (#3200,#3201)
    ,(#3202,#3203
    )),.UNSPECIFIED.,.F.,.F.,.F.,(2,2),(2,2),(0.,38.2),(0.,1.),
  .PIECEWISE_BEZIER_KNOTS.);
#3200 = CARTESIAN_POINT('',(-53.6,31.1,244.));
#3201 = CARTESIAN_POINT('',(-52.9,30.9,249.));
#3202 = CARTESIAN_POINT('',(-53.6,-7.1,244.));
#3203 = CARTESIAN_POINT('',(-52.9,-6.9,249.));
#3204 = ADVANCED_FACE('',(#3205),#3271,.T.);
#3205 = FACE_BOUND('',#3206,.T.);
#3206 = EDGE_LOOP('',(#3207,#3216,#3223,#3230,#3238,#3243,#3244,#3245,
    #3252,#3259,#3266));
#3207 = ORIENTED_EDGE('',*,*,#3208,.F.);
#3208 = EDGE_CURVE('',#3209,#3211,#3213,.T.);
#3209 = VERTEX_POINT('',#3210);
#3210 = CARTESIAN_POINT('',(-13.,-10.34932517143,152.95156211871));
#3211 = VERTEX_POINT('',#3212);
#3212 = CARTESIAN_POINT('',(-13.,-18.05976573765,179.04843788128));
#3213 = B_SPLINE_CURVE_WITH_KNOTS('',1,(#3214,#3215),.UNSPECIFIED.,.F.,
  .F.,(2,2),(0.,1.),.PIECEWISE_BEZIER_KNOTS.);
#3214 = CARTESIAN_POINT('',(-13.,-8.,145.));
#3215 = CARTESIAN_POINT('',(-13.,-21.,189.));
#3216 = ORIENTED_EDGE('',*,*,#3217,.T.);
#3217 = EDGE_CURVE('',#3209,#3218,#3220,.T.);
#3218 = VERTEX_POINT('',#3219);
#3219 = CARTESIAN_POINT('',(-13.,1.596039359458,152.95156211871));
#3220 = B_SPLINE_CURVE_WITH_KNOTS('',1,(#3221,#3222),.UNSPECIFIED.,.F.,
  .F.,(2,2),(0.,1.),.PIECEWISE_BEZIER_KNOTS.);
#3221 = CARTESIAN_POINT('',(-13.,-10.34932517143,152.95156211871));
#3222 = CARTESIAN_POINT('',(-13.,1.596039359458,152.95156211871));
#3223 = ORIENTED_EDGE('',*,*,#3224,.F.);
#3224 = EDGE_CURVE('',#3225,#3218,#3227,.T.);
#3225 = VERTEX_POINT('',#3226);
#3226 = CARTESIAN_POINT('',(-13.,3.395348837209,147.));
#3227 = B_SPLINE_CURVE_WITH_KNOTS('',1,(#3228,#3229),.UNSPECIFIED.,.F.,
  .F.,(2,2),(0.,1.),.PIECEWISE_BEZIER_KNOTS.);
#3228 = CARTESIAN_POINT('',(-13.,3.531867617286,146.54843788128));
#3229 = CARTESIAN_POINT('',(-13.,1.596039359458,152.95156211871));
#3230 = ORIENTED_EDGE('',*,*,#3231,.T.);
#3231 = EDGE_CURVE('',#3225,#3232,#3234,.T.);
#3232 = VERTEX_POINT('',#3233);
#3233 = CARTESIAN_POINT('',(-13.,3.40909090909,147.));
#3234 = LINE('',#3235,#3236);
#3235 = CARTESIAN_POINT('',(-13.,-8.,147.));
#3236 = VECTOR('',#3237,1.);
#3237 = DIRECTION('',(0.,1.,0.));
#3238 = ORIENTED_EDGE('',*,*,#3239,.T.);
#3239 = EDGE_CURVE('',#3232,#803,#3240,.T.);
#3240 = B_SPLINE_CURVE_WITH_KNOTS('',1,(#3241,#3242),.UNSPECIFIED.,.F.,
  .F.,(2,2),(0.,1.),.PIECEWISE_BEZIER_KNOTS.);
#3241 = CARTESIAN_POINT('',(-13.,4.,145.));
#3242 = CARTESIAN_POINT('',(-13.,-9.,189.));
#3243 = ORIENTED_EDGE('',*,*,#802,.F.);
#3244 = ORIENTED_EDGE('',*,*,#794,.F.);
#3245 = ORIENTED_EDGE('',*,*,#3246,.F.);
#3246 = EDGE_CURVE('',#3247,#787,#3249,.T.);
#3247 = VERTEX_POINT('',#3248);
#3248 = CARTESIAN_POINT('',(-13.,-19.95159789871,185.45156211871));
#3249 = B_SPLINE_CURVE_WITH_KNOTS('',1,(#3250,#3251),.UNSPECIFIED.,.F.,
  .F.,(2,2),(0.,1.),.PIECEWISE_BEZIER_KNOTS.);
#3250 = CARTESIAN_POINT('',(-13.,-8.,145.));
#3251 = CARTESIAN_POINT('',(-13.,-21.,189.));
#3252 = ORIENTED_EDGE('',*,*,#3253,.T.);
#3253 = EDGE_CURVE('',#3247,#3254,#3256,.T.);
#3254 = VERTEX_POINT('',#3255);
#3255 = CARTESIAN_POINT('',(-13.,-8.229542035891,185.45156211871));
#3256 = B_SPLINE_CURVE_WITH_KNOTS('',1,(#3257,#3258),.UNSPECIFIED.,.F.,
  .F.,(2,2),(0.,1.),.PIECEWISE_BEZIER_KNOTS.);
#3257 = CARTESIAN_POINT('',(-13.,-19.95159789871,185.45156211871));
#3258 = CARTESIAN_POINT('',(-13.,-8.229542035891,185.45156211871));
#3259 = ORIENTED_EDGE('',*,*,#3260,.F.);
#3260 = EDGE_CURVE('',#3261,#3254,#3263,.T.);
#3261 = VERTEX_POINT('',#3262);
#3262 = CARTESIAN_POINT('',(-13.,-6.293713778062,179.04843788128));
#3263 = B_SPLINE_CURVE_WITH_KNOTS('',1,(#3264,#3265),.UNSPECIFIED.,.F.,
  .F.,(2,2),(0.,1.),.PIECEWISE_BEZIER_KNOTS.);
#3264 = CARTESIAN_POINT('',(-13.,-5.987903412717,178.03691128821));
#3265 = CARTESIAN_POINT('',(-13.,-9.043777016481,188.14480090066));
#3266 = ORIENTED_EDGE('',*,*,#3267,.T.);
#3267 = EDGE_CURVE('',#3261,#3211,#3268,.T.);
#3268 = B_SPLINE_CURVE_WITH_KNOTS('',1,(#3269,#3270),.UNSPECIFIED.,.F.,
  .F.,(2,2),(0.,1.),.PIECEWISE_BEZIER_KNOTS.);
#3269 = CARTESIAN_POINT('',(-13.,-6.293713778062,179.04843788128));
#3270 = CARTESIAN_POINT('',(-13.,-18.05976573765,179.04843788128));
#3271 = B_SPLINE_SURFACE_WITH_KNOTS('',1,1,(
    (#3272,#3273)
    ,(#3274,#3275
    )),.UNSPECIFIED.,.F.,.F.,.F.,(2,2),(2,2),(0.,12.),(0.,1.),
  .PIECEWISE_BEZIER_KNOTS.);
#3272 = CARTESIAN_POINT('',(-13.,-8.,145.));
#3273 = CARTESIAN_POINT('',(-13.,-21.,189.));
#3274 = CARTESIAN_POINT('',(-13.,4.,145.));
#3275 = CARTESIAN_POINT('',(-13.,-9.,189.));
#3276 = ADVANCED_FACE('',(#3277),#3343,.T.);
#3277 = FACE_BOUND('',#3278,.T.);
#3278 = EDGE_LOOP('',(#3279,#3288,#3295,#3302,#3309,#3316,#3321,#3322,
    #3323,#3330,#3338));
#3279 = ORIENTED_EDGE('',*,*,#3280,.T.);
#3280 = EDGE_CURVE('',#3281,#3283,#3285,.T.);
#3281 = VERTEX_POINT('',#3282);
#3282 = CARTESIAN_POINT('',(13.,1.596039359458,152.95156211871));
#3283 = VERTEX_POINT('',#3284);
#3284 = CARTESIAN_POINT('',(13.,-10.34932517143,152.95156211871));
#3285 = B_SPLINE_CURVE_WITH_KNOTS('',1,(#3286,#3287),.UNSPECIFIED.,.F.,
  .F.,(2,2),(0.,1.),.PIECEWISE_BEZIER_KNOTS.);
#3286 = CARTESIAN_POINT('',(13.,1.596039359458,152.95156211871));
#3287 = CARTESIAN_POINT('',(13.,-10.34932517143,152.95156211871));
#3288 = ORIENTED_EDGE('',*,*,#3289,.T.);
#3289 = EDGE_CURVE('',#3283,#3290,#3292,.T.);
#3290 = VERTEX_POINT('',#3291);
#3291 = CARTESIAN_POINT('',(13.,-18.05976573765,179.04843788128));
#3292 = B_SPLINE_CURVE_WITH_KNOTS('',1,(#3293,#3294),.UNSPECIFIED.,.F.,
  .F.,(2,2),(0.,1.),.PIECEWISE_BEZIER_KNOTS.);
#3293 = CARTESIAN_POINT('',(13.,-8.,145.));
#3294 = CARTESIAN_POINT('',(13.,-21.,189.));
#3295 = ORIENTED_EDGE('',*,*,#3296,.T.);
#3296 = EDGE_CURVE('',#3290,#3297,#3299,.T.);
#3297 = VERTEX_POINT('',#3298);
#3298 = CARTESIAN_POINT('',(13.,-6.293713778062,179.04843788128));
#3299 = B_SPLINE_CURVE_WITH_KNOTS('',1,(#3300,#3301),.UNSPECIFIED.,.F.,
  .F.,(2,2),(0.,1.),.PIECEWISE_BEZIER_KNOTS.);
#3300 = CARTESIAN_POINT('',(13.,-18.05976573765,179.04843788128));
#3301 = CARTESIAN_POINT('',(13.,-6.293713778062,179.04843788128));
#3302 = ORIENTED_EDGE('',*,*,#3303,.T.);
#3303 = EDGE_CURVE('',#3297,#3304,#3306,.T.);
#3304 = VERTEX_POINT('',#3305);
#3305 = CARTESIAN_POINT('',(13.,-8.229542035891,185.45156211871));
#3306 = B_SPLINE_CURVE_WITH_KNOTS('',1,(#3307,#3308),.UNSPECIFIED.,.F.,
  .F.,(2,2),(0.,1.),.PIECEWISE_BEZIER_KNOTS.);
#3307 = CARTESIAN_POINT('',(13.,-6.293713778062,179.04843788128));
#3308 = CARTESIAN_POINT('',(13.,-8.229542035891,185.45156211871));
#3309 = ORIENTED_EDGE('',*,*,#3310,.T.);
#3310 = EDGE_CURVE('',#3304,#3311,#3313,.T.);
#3311 = VERTEX_POINT('',#3312);
#3312 = CARTESIAN_POINT('',(13.,-19.95159789871,185.45156211871));
#3313 = B_SPLINE_CURVE_WITH_KNOTS('',1,(#3314,#3315),.UNSPECIFIED.,.F.,
  .F.,(2,2),(0.,1.),.PIECEWISE_BEZIER_KNOTS.);
#3314 = CARTESIAN_POINT('',(13.,-8.229542035891,185.45156211871));
#3315 = CARTESIAN_POINT('',(13.,-19.95159789871,185.45156211871));
#3316 = ORIENTED_EDGE('',*,*,#3317,.T.);
#3317 = EDGE_CURVE('',#3311,#887,#3318,.T.);
#3318 = B_SPLINE_CURVE_WITH_KNOTS('',1,(#3319,#3320),.UNSPECIFIED.,.F.,
  .F.,(2,2),(0.,1.),.PIECEWISE_BEZIER_KNOTS.);
#3319 = CARTESIAN_POINT('',(13.,-8.,145.));
#3320 = CARTESIAN_POINT('',(13.,-21.,189.));
#3321 = ORIENTED_EDGE('',*,*,#886,.F.);
#3322 = ORIENTED_EDGE('',*,*,#879,.T.);
#3323 = ORIENTED_EDGE('',*,*,#3324,.F.);
#3324 = EDGE_CURVE('',#3325,#873,#3327,.T.);
#3325 = VERTEX_POINT('',#3326);
#3326 = CARTESIAN_POINT('',(13.,3.40909090909,147.));
#3327 = B_SPLINE_CURVE_WITH_KNOTS('',1,(#3328,#3329),.UNSPECIFIED.,.F.,
  .F.,(2,2),(0.,1.),.PIECEWISE_BEZIER_KNOTS.);
#3328 = CARTESIAN_POINT('',(13.,4.,145.));
#3329 = CARTESIAN_POINT('',(13.,-9.,189.));
#3330 = ORIENTED_EDGE('',*,*,#3331,.F.);
#3331 = EDGE_CURVE('',#3332,#3325,#3334,.T.);
#3332 = VERTEX_POINT('',#3333);
#3333 = CARTESIAN_POINT('',(13.,3.395348837209,147.));
#3334 = LINE('',#3335,#3336);
#3335 = CARTESIAN_POINT('',(13.,-8.,147.));
#3336 = VECTOR('',#3337,1.);
#3337 = DIRECTION('',(0.,1.,0.));
#3338 = ORIENTED_EDGE('',*,*,#3339,.T.);
#3339 = EDGE_CURVE('',#3332,#3281,#3340,.T.);
#3340 = B_SPLINE_CURVE_WITH_KNOTS('',1,(#3341,#3342),.UNSPECIFIED.,.F.,
  .F.,(2,2),(0.,1.),.PIECEWISE_BEZIER_KNOTS.);
#3341 = CARTESIAN_POINT('',(13.,4.,145.));
#3342 = CARTESIAN_POINT('',(13.,1.290228994113,153.96308871178));
#3343 = B_SPLINE_SURFACE_WITH_KNOTS('',1,1,(
    (#3344,#3345)
    ,(#3346,#3347
    )),.UNSPECIFIED.,.F.,.F.,.F.,(2,2),(2,2),(0.,12.),(0.,1.),
  .PIECEWISE_BEZIER_KNOTS.);
#3344 = CARTESIAN_POINT('',(13.,4.,145.));
#3345 = CARTESIAN_POINT('',(13.,-9.,189.));
#3346 = CARTESIAN_POINT('',(13.,-8.,145.));
#3347 = CARTESIAN_POINT('',(13.,-21.,189.));
#3348 = ADVANCED_FACE('',(#3349),#3390,.T.);
#3349 = FACE_BOUND('',#3350,.T.);
#3350 = EDGE_LOOP('',(#3351,#3352,#3353,#3361,#3368,#3376,#3383,#3389));
#3351 = ORIENTED_EDGE('',*,*,#916,.F.);
#3352 = ORIENTED_EDGE('',*,*,#894,.F.);
#3353 = ORIENTED_EDGE('',*,*,#3354,.F.);
#3354 = EDGE_CURVE('',#3355,#887,#3357,.T.);
#3355 = VERTEX_POINT('',#3356);
#3356 = CARTESIAN_POINT('',(14.238750305027,-20.40909090909,187.));
#3357 = LINE('',#3358,#3359);
#3358 = CARTESIAN_POINT('',(13.,-20.40909090909,187.));
#3359 = VECTOR('',#3360,1.);
#3360 = DIRECTION('',(-1.,0.,0.));
#3361 = ORIENTED_EDGE('',*,*,#3362,.F.);
#3362 = EDGE_CURVE('',#3363,#3355,#3365,.T.);
#3363 = VERTEX_POINT('',#3364);
#3364 = CARTESIAN_POINT('',(14.238750305027,-20.6976744186,187.));
#3365 = B_SPLINE_CURVE_WITH_KNOTS('',1,(#3366,#3367),.UNSPECIFIED.,.F.,
  .F.,(2,2),(0.,1.),.PIECEWISE_BEZIER_KNOTS.);
#3366 = CARTESIAN_POINT('',(14.238750305027,-20.6976744186,187.));
#3367 = CARTESIAN_POINT('',(14.238750305027,-18.0284660616,187.));
#3368 = ORIENTED_EDGE('',*,*,#3369,.T.);
#3369 = EDGE_CURVE('',#3363,#3370,#3372,.T.);
#3370 = VERTEX_POINT('',#3371);
#3371 = CARTESIAN_POINT('',(14.75,-20.6976744186,187.));
#3372 = LINE('',#3373,#3374);
#3373 = CARTESIAN_POINT('',(-2.280868809443,-20.6976744186,187.));
#3374 = VECTOR('',#3375,1.);
#3375 = DIRECTION('',(1.,1.741360819105E-16,0.));
#3376 = ORIENTED_EDGE('',*,*,#3377,.T.);
#3377 = EDGE_CURVE('',#3370,#3378,#3380,.T.);
#3378 = VERTEX_POINT('',#3379);
#3379 = CARTESIAN_POINT('',(14.75,-20.40909090909,187.));
#3380 = B_SPLINE_CURVE_WITH_KNOTS('',1,(#3381,#3382),.UNSPECIFIED.,.F.,
  .F.,(2,2),(0.,1.),.PIECEWISE_BEZIER_KNOTS.);
#3381 = CARTESIAN_POINT('',(14.75,-20.6976744186,187.));
#3382 = CARTESIAN_POINT('',(14.75,-18.28409090909,187.));
#3383 = ORIENTED_EDGE('',*,*,#3384,.F.);
#3384 = EDGE_CURVE('',#941,#3378,#3385,.T.);
#3385 = LINE('',#3386,#3387);
#3386 = CARTESIAN_POINT('',(13.,-20.40909090909,187.));
#3387 = VECTOR('',#3388,1.);
#3388 = DIRECTION('',(-1.,0.,0.));
#3389 = ORIENTED_EDGE('',*,*,#940,.F.);
#3390 = PLANE('',#3391);
#3391 = AXIS2_PLACEMENT_3D('',#3392,#3393,#3394);
#3392 = CARTESIAN_POINT('',(13.,-21.,187.));
#3393 = DIRECTION('',(0.,0.,-1.));
#3394 = DIRECTION('',(0.4472135955,0.894427191,0.));
#3395 = ADVANCED_FACE('',(#3396),#3428,.T.);
#3396 = FACE_BOUND('',#3397,.T.);
#3397 = EDGE_LOOP('',(#3398,#3405,#3413,#3421,#3426,#3427));
#3398 = ORIENTED_EDGE('',*,*,#3399,.F.);
#3399 = EDGE_CURVE('',#3400,#941,#3402,.T.);
#3400 = VERTEX_POINT('',#3401);
#3401 = CARTESIAN_POINT('',(19.,-8.,145.));
#3402 = B_SPLINE_CURVE_WITH_KNOTS('',1,(#3403,#3404),.UNSPECIFIED.,.F.,
  .F.,(2,2),(0.,1.),.PIECEWISE_BEZIER_KNOTS.);
#3403 = CARTESIAN_POINT('',(19.,-8.,145.));
#3404 = CARTESIAN_POINT('',(19.,-21.,189.));
#3405 = ORIENTED_EDGE('',*,*,#3406,.T.);
#3406 = EDGE_CURVE('',#3400,#3407,#3409,.T.);
#3407 = VERTEX_POINT('',#3408);
#3408 = CARTESIAN_POINT('',(19.,-8.,147.));
#3409 = LINE('',#3410,#3411);
#3410 = CARTESIAN_POINT('',(19.,-8.,8.));
#3411 = VECTOR('',#3412,1.);
#3412 = DIRECTION('',(0.,0.,1.));
#3413 = ORIENTED_EDGE('',*,*,#3414,.T.);
#3414 = EDGE_CURVE('',#3407,#3415,#3417,.T.);
#3415 = VERTEX_POINT('',#3416);
#3416 = CARTESIAN_POINT('',(19.,3.40909090909,147.));
#3417 = LINE('',#3418,#3419);
#3418 = CARTESIAN_POINT('',(19.,-8.,147.));
#3419 = VECTOR('',#3420,1.);
#3420 = DIRECTION('',(0.,1.,0.));
#3421 = ORIENTED_EDGE('',*,*,#3422,.T.);
#3422 = EDGE_CURVE('',#3415,#957,#3423,.T.);
#3423 = B_SPLINE_CURVE_WITH_KNOTS('',1,(#3424,#3425),.UNSPECIFIED.,.F.,
  .F.,(2,2),(0.,1.),.PIECEWISE_BEZIER_KNOTS.);
#3424 = CARTESIAN_POINT('',(19.,4.,145.));
#3425 = CARTESIAN_POINT('',(19.,-9.,189.));
#3426 = ORIENTED_EDGE('',*,*,#956,.F.);
#3427 = ORIENTED_EDGE('',*,*,#948,.F.);
#3428 = B_SPLINE_SURFACE_WITH_KNOTS('',1,1,(
    (#3429,#3430)
    ,(#3431,#3432
    )),.UNSPECIFIED.,.F.,.F.,.F.,(2,2),(2,2),(0.,12.),(0.,1.),
  .PIECEWISE_BEZIER_KNOTS.);
#3429 = CARTESIAN_POINT('',(19.,-8.,145.));
#3430 = CARTESIAN_POINT('',(19.,-21.,189.));
#3431 = CARTESIAN_POINT('',(19.,4.,145.));
#3432 = CARTESIAN_POINT('',(19.,-9.,189.));
#3433 = ADVANCED_FACE('',(#3434),#3445,.T.);
#3434 = FACE_BOUND('',#3435,.T.);
#3435 = EDGE_LOOP('',(#3436,#3437,#3438,#3443,#3444));
#3436 = ORIENTED_EDGE('',*,*,#1639,.F.);
#3437 = ORIENTED_EDGE('',*,*,#1556,.T.);
#3438 = ORIENTED_EDGE('',*,*,#3439,.T.);
#3439 = EDGE_CURVE('',#1557,#1230,#3440,.T.);
#3440 = B_SPLINE_CURVE_WITH_KNOTS('',1,(#3441,#3442),.UNSPECIFIED.,.F.,
  .F.,(2,2),(0.,1.),.PIECEWISE_BEZIER_KNOTS.);
#3441 = CARTESIAN_POINT('',(48.5,12.5,188.));
#3442 = CARTESIAN_POINT('',(59.25,35.15,218.));
#3443 = ORIENTED_EDGE('',*,*,#1229,.T.);
#3444 = ORIENTED_EDGE('',*,*,#1054,.T.);
#3445 = B_SPLINE_SURFACE_WITH_KNOTS('',1,1,(
    (#3446,#3447)
    ,(#3448,#3449
    )),.UNSPECIFIED.,.F.,.F.,.F.,(2,2),(2,2),(0.,46.3),(0.,1.),
  .PIECEWISE_BEZIER_KNOTS.);
#3446 = CARTESIAN_POINT('',(48.5,11.5,188.));
#3447 = CARTESIAN_POINT('',(59.25,-11.15,218.));
#3448 = CARTESIAN_POINT('',(48.5,12.5,188.));
#3449 = CARTESIAN_POINT('',(59.25,35.15,218.));
#3450 = ADVANCED_FACE('',(#3451),#3457,.T.);
#3451 = FACE_BOUND('',#3452,.T.);
#3452 = EDGE_LOOP('',(#3453,#3454,#3455,#3456));
#3453 = ORIENTED_EDGE('',*,*,#3439,.F.);
#3454 = ORIENTED_EDGE('',*,*,#1564,.T.);
#3455 = ORIENTED_EDGE('',*,*,#1752,.T.);
#3456 = ORIENTED_EDGE('',*,*,#1260,.T.);
#3457 = B_SPLINE_SURFACE_WITH_KNOTS('',1,1,(
    (#3458,#3459)
    ,(#3460,#3461
    )),.UNSPECIFIED.,.F.,.F.,.F.,(2,2),(2,2),(0.,6.505382386916),(0.,1.)
  ,.PIECEWISE_BEZIER_KNOTS.);
#3458 = CARTESIAN_POINT('',(48.5,12.5,188.));
#3459 = CARTESIAN_POINT('',(59.25,35.15,218.));
#3460 = CARTESIAN_POINT('',(48.,13.,188.));
#3461 = CARTESIAN_POINT('',(54.65,39.75,218.));
#3462 = ADVANCED_FACE('',(#3463),#3480,.F.);
#3463 = FACE_BOUND('',#3464,.F.);
#3464 = EDGE_LOOP('',(#3465,#3472,#3478,#3479));
#3465 = ORIENTED_EDGE('',*,*,#3466,.F.);
#3466 = EDGE_CURVE('',#3467,#1694,#3469,.T.);
#3467 = VERTEX_POINT('',#3468);
#3468 = CARTESIAN_POINT('',(53.6,-7.1,244.));
#3469 = B_SPLINE_CURVE_WITH_KNOTS('',1,(#3470,#3471),.UNSPECIFIED.,.F.,
  .F.,(2,2),(0.,1.),.PIECEWISE_BEZIER_KNOTS.);
#3470 = CARTESIAN_POINT('',(53.6,-7.1,244.));
#3471 = CARTESIAN_POINT('',(52.9,-6.9,249.));
#3472 = ORIENTED_EDGE('',*,*,#3473,.T.);
#3473 = EDGE_CURVE('',#3467,#1179,#3474,.T.);
#3474 = LINE('',#3475,#3476);
#3475 = CARTESIAN_POINT('',(53.6,-7.1,244.));
#3476 = VECTOR('',#3477,1.);
#3477 = DIRECTION('',(0.,1.,0.));
#3478 = ORIENTED_EDGE('',*,*,#1188,.T.);
#3479 = ORIENTED_EDGE('',*,*,#1693,.T.);
#3480 = B_SPLINE_SURFACE_WITH_KNOTS('',1,1,(
    (#3481,#3482)
    ,(#3483,#3484
    )),.UNSPECIFIED.,.F.,.F.,.F.,(2,2),(2,2),(0.,38.2),(0.,1.),
  .PIECEWISE_BEZIER_KNOTS.);
#3481 = CARTESIAN_POINT('',(53.6,-7.1,244.));
#3482 = CARTESIAN_POINT('',(52.9,-6.9,249.));
#3483 = CARTESIAN_POINT('',(53.6,31.1,244.));
#3484 = CARTESIAN_POINT('',(52.9,30.9,249.));
#3485 = ADVANCED_FACE('',(#3486),#3502,.F.);
#3486 = FACE_BOUND('',#3487,.F.);
#3487 = EDGE_LOOP('',(#3488,#3495,#3500,#3501));
#3488 = ORIENTED_EDGE('',*,*,#3489,.F.);
#3489 = EDGE_CURVE('',#3490,#3467,#3492,.T.);
#3490 = VERTEX_POINT('',#3491);
#3491 = CARTESIAN_POINT('',(54.285714285714,-7.571428571429,
    240.14285714285));
#3492 = B_SPLINE_CURVE_WITH_KNOTS('',1,(#3493,#3494),.UNSPECIFIED.,.F.,
  .F.,(2,2),(0.,1.),.PIECEWISE_BEZIER_KNOTS.);
#3493 = CARTESIAN_POINT('',(54.4,-7.65,239.5));
#3494 = CARTESIAN_POINT('',(53.6,-7.1,244.));
#3495 = ORIENTED_EDGE('',*,*,#3496,.T.);
#3496 = EDGE_CURVE('',#3490,#1160,#3497,.T.);
#3497 = B_SPLINE_CURVE_WITH_KNOTS('',1,(#3498,#3499),.UNSPECIFIED.,.F.,
  .F.,(2,2),(0.,1.),.PIECEWISE_BEZIER_KNOTS.);
#3498 = CARTESIAN_POINT('',(54.285714285714,-7.571428571429,
    240.14285714285));
#3499 = CARTESIAN_POINT('',(54.285714285714,31.571428571429,
    240.14285714285));
#3500 = ORIENTED_EDGE('',*,*,#1178,.T.);
#3501 = ORIENTED_EDGE('',*,*,#3473,.F.);
#3502 = B_SPLINE_SURFACE_WITH_KNOTS('',1,1,(
    (#3503,#3504)
    ,(#3505,#3506
    )),.UNSPECIFIED.,.F.,.F.,.F.,(2,2),(2,2),(0.,39.3),(0.,1.),
  .PIECEWISE_BEZIER_KNOTS.);
#3503 = CARTESIAN_POINT('',(54.4,-7.65,239.5));
#3504 = CARTESIAN_POINT('',(53.6,-7.1,244.));
#3505 = CARTESIAN_POINT('',(54.4,31.65,239.5));
#3506 = CARTESIAN_POINT('',(53.6,31.1,244.));
#3507 = ADVANCED_FACE('',(#3508),#3541,.F.);
#3508 = FACE_BOUND('',#3509,.F.);
#3509 = EDGE_LOOP('',(#3510,#3519,#3524,#3525,#3526,#3536));
#3510 = ORIENTED_EDGE('',*,*,#3511,.F.);
#3511 = EDGE_CURVE('',#3512,#3514,#3516,.T.);
#3512 = VERTEX_POINT('',#3513);
#3513 = CARTESIAN_POINT('',(57.5,-10.,218.));
#3514 = VERTEX_POINT('',#3515);
#3515 = CARTESIAN_POINT('',(54.306451612903,-7.870967741935,240.));
#3516 = B_SPLINE_CURVE_WITH_KNOTS('',1,(#3517,#3518),.UNSPECIFIED.,.F.,
  .F.,(2,2),(0.,1.),.PIECEWISE_BEZIER_KNOTS.);
#3517 = CARTESIAN_POINT('',(62.,-13.,187.));
#3518 = CARTESIAN_POINT('',(53.,-7.,249.));
#3519 = ORIENTED_EDGE('',*,*,#3520,.F.);
#3520 = EDGE_CURVE('',#1152,#3512,#3521,.T.);
#3521 = B_SPLINE_CURVE_WITH_KNOTS('',1,(#3522,#3523),.UNSPECIFIED.,.F.,
  .F.,(2,2),(0.,1.),.PIECEWISE_BEZIER_KNOTS.);
#3522 = CARTESIAN_POINT('',(57.5,34.,218.));
#3523 = CARTESIAN_POINT('',(57.5,-10.,218.));
#3524 = ORIENTED_EDGE('',*,*,#1159,.T.);
#3525 = ORIENTED_EDGE('',*,*,#3496,.F.);
#3526 = ORIENTED_EDGE('',*,*,#3527,.F.);
#3527 = EDGE_CURVE('',#3528,#3490,#3530,.T.);
#3528 = VERTEX_POINT('',#3529);
#3529 = CARTESIAN_POINT('',(54.306451612903,-7.593548387097,240.));
#3530 = B_SPLINE_CURVE_WITH_KNOTS('',4,(#3531,#3532,#3533,#3534,#3535),
  .UNSPECIFIED.,.F.,.F.,(5,5),(0.,1.),.PIECEWISE_BEZIER_KNOTS.);
#3531 = CARTESIAN_POINT('',(54.306452004839,-7.593548805161,239.9999973)
  );
#3532 = CARTESIAN_POINT('',(54.301267529558,-7.588018698195,
    240.03571257415));
#3533 = CARTESIAN_POINT('',(54.296083084516,-7.582488623484,
    240.07142763999));
#3534 = CARTESIAN_POINT('',(54.290898669854,-7.576958581178,
    240.10714249656));
#3535 = CARTESIAN_POINT('',(54.285714285714,-7.571428571429,
    240.14285714285));
#3536 = ORIENTED_EDGE('',*,*,#3537,.T.);
#3537 = EDGE_CURVE('',#3528,#3514,#3538,.T.);
#3538 = B_SPLINE_CURVE_WITH_KNOTS('',1,(#3539,#3540),.UNSPECIFIED.,.F.,
  .F.,(2,2),(0.,1.),.PIECEWISE_BEZIER_KNOTS.);
#3539 = CARTESIAN_POINT('',(54.306451612903,31.870967741935,240.));
#3540 = CARTESIAN_POINT('',(54.306451612903,-7.870967741935,240.));
#3541 = B_SPLINE_SURFACE_WITH_KNOTS('',1,1,(
    (#3542,#3543)
    ,(#3544,#3545
    )),.UNSPECIFIED.,.F.,.F.,.F.,(2,2),(2,2),(0.,50.),(0.,1.),
  .PIECEWISE_BEZIER_KNOTS.);
#3542 = CARTESIAN_POINT('',(62.,-13.,187.));
#3543 = CARTESIAN_POINT('',(53.,-7.,249.));
#3544 = CARTESIAN_POINT('',(62.,37.,187.));
#3545 = CARTESIAN_POINT('',(53.,31.,249.));
#3546 = ADVANCED_FACE('',(#3547),#3591,.T.);
#3547 = FACE_BOUND('',#3548,.T.);
#3548 = EDGE_LOOP('',(#3549,#3556,#3557,#3558,#3565,#3572,#3579,#3586));
#3549 = ORIENTED_EDGE('',*,*,#3550,.F.);
#3550 = EDGE_CURVE('',#3512,#3551,#3553,.T.);
#3551 = VERTEX_POINT('',#3552);
#3552 = CARTESIAN_POINT('',(53.5,-14.,218.));
#3553 = B_SPLINE_CURVE_WITH_KNOTS('',1,(#3554,#3555),.UNSPECIFIED.,.F.,
  .F.,(2,2),(0.,1.),.PIECEWISE_BEZIER_KNOTS.);
#3554 = CARTESIAN_POINT('',(57.5,-10.,218.));
#3555 = CARTESIAN_POINT('',(53.5,-14.,218.));
#3556 = ORIENTED_EDGE('',*,*,#3520,.F.);
#3557 = ORIENTED_EDGE('',*,*,#1151,.T.);
#3558 = ORIENTED_EDGE('',*,*,#3559,.T.);
#3559 = EDGE_CURVE('',#1121,#3560,#3562,.T.);
#3560 = VERTEX_POINT('',#3561);
#3561 = CARTESIAN_POINT('',(57.071428571429,-9.223214285714,218.));
#3562 = B_SPLINE_CURVE_WITH_KNOTS('',1,(#3563,#3564),.UNSPECIFIED.,.F.,
  .F.,(2,2),(0.,1.),.PIECEWISE_BEZIER_KNOTS.);
#3563 = CARTESIAN_POINT('',(57.071428571429,33.223214285714,218.));
#3564 = CARTESIAN_POINT('',(57.071428571429,-9.223214285714,218.));
#3565 = ORIENTED_EDGE('',*,*,#3566,.T.);
#3566 = EDGE_CURVE('',#3560,#3567,#3569,.T.);
#3567 = VERTEX_POINT('',#3568);
#3568 = CARTESIAN_POINT('',(53.205357142857,-13.08928571428,218.));
#3569 = B_SPLINE_CURVE_WITH_KNOTS('',1,(#3570,#3571),.UNSPECIFIED.,.F.,
  .F.,(2,2),(0.,1.),.PIECEWISE_BEZIER_KNOTS.);
#3570 = CARTESIAN_POINT('',(57.071428571429,-9.223214285714,218.));
#3571 = CARTESIAN_POINT('',(53.205357142857,-13.08928571428,218.));
#3572 = ORIENTED_EDGE('',*,*,#3573,.T.);
#3573 = EDGE_CURVE('',#3567,#3574,#3576,.T.);
#3574 = VERTEX_POINT('',#3575);
#3575 = CARTESIAN_POINT('',(19.,-13.08928571428,218.));
#3576 = B_SPLINE_CURVE_WITH_KNOTS('',1,(#3577,#3578),.UNSPECIFIED.,.F.,
  .F.,(2,2),(0.,1.),.PIECEWISE_BEZIER_KNOTS.);
#3577 = CARTESIAN_POINT('',(53.205357142857,-13.08928571428,218.));
#3578 = CARTESIAN_POINT('',(-53.20535714285,-13.08928571428,218.));
#3579 = ORIENTED_EDGE('',*,*,#3580,.T.);
#3580 = EDGE_CURVE('',#3574,#3581,#3583,.T.);
#3581 = VERTEX_POINT('',#3582);
#3582 = CARTESIAN_POINT('',(19.,-14.,218.));
#3583 = B_SPLINE_CURVE_WITH_KNOTS('',1,(#3584,#3585),.UNSPECIFIED.,.F.,
  .F.,(2,2),(0.,1.),.PIECEWISE_BEZIER_KNOTS.);
#3584 = CARTESIAN_POINT('',(19.,-4.991919191919,218.));
#3585 = CARTESIAN_POINT('',(19.,-16.99191919191,218.));
#3586 = ORIENTED_EDGE('',*,*,#3587,.F.);
#3587 = EDGE_CURVE('',#3551,#3581,#3588,.T.);
#3588 = B_SPLINE_CURVE_WITH_KNOTS('',1,(#3589,#3590),.UNSPECIFIED.,.F.,
  .F.,(2,2),(0.,1.),.PIECEWISE_BEZIER_KNOTS.);
#3589 = CARTESIAN_POINT('',(53.5,-14.,218.));
#3590 = CARTESIAN_POINT('',(-53.5,-14.,218.));
#3591 = PLANE('',#3592);
#3592 = AXIS2_PLACEMENT_3D('',#3593,#3594,#3595);
#3593 = CARTESIAN_POINT('',(-54.65,-15.75,218.));
#3594 = DIRECTION('',(0.,0.,1.));
#3595 = DIRECTION('',(0.912983300725,0.40799692719,0.));
#3596 = ADVANCED_FACE('',(#3597),#3621,.F.);
#3597 = FACE_BOUND('',#3598,.F.);
#3598 = EDGE_LOOP('',(#3599,#3606,#3614,#3619,#3620));
#3599 = ORIENTED_EDGE('',*,*,#3600,.F.);
#3600 = EDGE_CURVE('',#3601,#3560,#3603,.T.);
#3601 = VERTEX_POINT('',#3602);
#3602 = CARTESIAN_POINT('',(45.5,11.75,191.));
#3603 = B_SPLINE_CURVE_WITH_KNOTS('',1,(#3604,#3605),.UNSPECIFIED.,.F.,
  .F.,(2,2),(0.,1.),.PIECEWISE_BEZIER_KNOTS.);
#3604 = CARTESIAN_POINT('',(45.5,11.75,191.));
#3605 = CARTESIAN_POINT('',(57.5,-10.,219.));
#3606 = ORIENTED_EDGE('',*,*,#3607,.T.);
#3607 = EDGE_CURVE('',#3601,#3608,#3610,.T.);
#3608 = VERTEX_POINT('',#3609);
#3609 = CARTESIAN_POINT('',(45.5,12.25,191.));
#3610 = LINE('',#3611,#3612);
#3611 = CARTESIAN_POINT('',(45.5,11.75,191.));
#3612 = VECTOR('',#3613,1.);
#3613 = DIRECTION('',(0.,1.,0.));
#3614 = ORIENTED_EDGE('',*,*,#3615,.T.);
#3615 = EDGE_CURVE('',#3608,#1102,#3616,.T.);
#3616 = B_SPLINE_CURVE_WITH_KNOTS('',1,(#3617,#3618),.UNSPECIFIED.,.F.,
  .F.,(2,2),(0.,1.),.PIECEWISE_BEZIER_KNOTS.);
#3617 = CARTESIAN_POINT('',(45.5,12.25,191.));
#3618 = CARTESIAN_POINT('',(57.5,34.,219.));
#3619 = ORIENTED_EDGE('',*,*,#1120,.T.);
#3620 = ORIENTED_EDGE('',*,*,#3559,.T.);
#3621 = B_SPLINE_SURFACE_WITH_KNOTS('',1,1,(
    (#3622,#3623)
    ,(#3624,#3625
    )),.UNSPECIFIED.,.F.,.F.,.F.,(2,2),(2,2),(0.,44.),(0.,1.),
  .PIECEWISE_BEZIER_KNOTS.);
#3622 = CARTESIAN_POINT('',(45.5,11.75,191.));
#3623 = CARTESIAN_POINT('',(57.5,-10.,219.));
#3624 = CARTESIAN_POINT('',(45.5,12.25,191.));
#3625 = CARTESIAN_POINT('',(57.5,34.,219.));
#3626 = ADVANCED_FACE('',(#3627),#3638,.F.);
#3627 = FACE_BOUND('',#3628,.F.);
#3628 = EDGE_LOOP('',(#3629,#3630,#3636,#3637));
#3629 = ORIENTED_EDGE('',*,*,#3615,.F.);
#3630 = ORIENTED_EDGE('',*,*,#3631,.T.);
#3631 = EDGE_CURVE('',#3608,#2424,#3632,.T.);
#3632 = LINE('',#3633,#3634);
#3633 = CARTESIAN_POINT('',(45.5,12.25,191.));
#3634 = VECTOR('',#3635,1.);
#3635 = DIRECTION('',(-0.707106781187,0.707106781187,0.));
#3636 = ORIENTED_EDGE('',*,*,#2423,.T.);
#3637 = ORIENTED_EDGE('',*,*,#1101,.T.);
#3638 = B_SPLINE_SURFACE_WITH_KNOTS('',1,1,(
    (#3639,#3640)
    ,(#3641,#3642
    )),.UNSPECIFIED.,.F.,.F.,.F.,(2,2),(2,2),(0.,5.656854249492),(0.,1.)
  ,.PIECEWISE_BEZIER_KNOTS.);
#3639 = CARTESIAN_POINT('',(45.5,12.25,191.));
#3640 = CARTESIAN_POINT('',(57.5,34.,219.));
#3641 = CARTESIAN_POINT('',(45.25,12.5,191.));
#3642 = CARTESIAN_POINT('',(53.5,38.,219.));
#3643 = ADVANCED_FACE('',(#3644),#3656,.F.);
#3644 = FACE_BOUND('',#3645,.F.);
#3645 = EDGE_LOOP('',(#3646,#3647,#3648,#3649,#3655));
#3646 = ORIENTED_EDGE('',*,*,#1086,.T.);
#3647 = ORIENTED_EDGE('',*,*,#2995,.F.);
#3648 = ORIENTED_EDGE('',*,*,#2869,.F.);
#3649 = ORIENTED_EDGE('',*,*,#3650,.F.);
#3650 = EDGE_CURVE('',#2142,#2863,#3651,.T.);
#3651 = LINE('',#3652,#3653);
#3652 = CARTESIAN_POINT('',(16.25,20.,186.));
#3653 = VECTOR('',#3654,1.);
#3654 = DIRECTION('',(0.,0.,1.));
#3655 = ORIENTED_EDGE('',*,*,#2148,.T.);
#3656 = CYLINDRICAL_SURFACE('',#3657,3.75);
#3657 = AXIS2_PLACEMENT_3D('',#3658,#3659,#3660);
#3658 = CARTESIAN_POINT('',(20.,20.,186.));
#3659 = DIRECTION('',(0.,0.,1.));
#3660 = DIRECTION('',(1.,0.,0.));
#3661 = ADVANCED_FACE('',(#3662),#3678,.T.);
#3662 = FACE_BOUND('',#3663,.T.);
#3663 = EDGE_LOOP('',(#3664,#3671,#3672));
#3664 = ORIENTED_EDGE('',*,*,#3665,.F.);
#3665 = EDGE_CURVE('',#1353,#3666,#3668,.T.);
#3666 = VERTEX_POINT('',#3667);
#3667 = CARTESIAN_POINT('',(19.,-21.,189.));
#3668 = B_SPLINE_CURVE_WITH_KNOTS('',1,(#3669,#3670),.UNSPECIFIED.,.F.,
  .F.,(2,2),(0.,1.),.PIECEWISE_BEZIER_KNOTS.);
#3669 = CARTESIAN_POINT('',(19.,-8.,145.));
#3670 = CARTESIAN_POINT('',(19.,-21.,189.));
#3671 = ORIENTED_EDGE('',*,*,#1350,.F.);
#3672 = ORIENTED_EDGE('',*,*,#3673,.F.);
#3673 = EDGE_CURVE('',#3666,#1351,#3674,.T.);
#3674 = LINE('',#3675,#3676);
#3675 = CARTESIAN_POINT('',(19.,-21.,189.));
#3676 = VECTOR('',#3677,1.);
#3677 = DIRECTION('',(0.,1.,0.));
#3678 = B_SPLINE_SURFACE_WITH_KNOTS('',1,1,(
    (#3679,#3680)
    ,(#3681,#3682
    )),.UNSPECIFIED.,.F.,.F.,.F.,(2,2),(2,2),(0.,12.),(0.,1.),
  .PIECEWISE_BEZIER_KNOTS.);
#3679 = CARTESIAN_POINT('',(19.,-8.,145.));
#3680 = CARTESIAN_POINT('',(19.,-21.,189.));
#3681 = CARTESIAN_POINT('',(19.,4.,145.));
#3682 = CARTESIAN_POINT('',(19.,-9.,189.));
#3683 = ADVANCED_FACE('',(#3684),#3701,.T.);
#3684 = FACE_BOUND('',#3685,.T.);
#3685 = EDGE_LOOP('',(#3686,#3693,#3694,#3695));
#3686 = ORIENTED_EDGE('',*,*,#3687,.F.);
#3687 = EDGE_CURVE('',#1363,#3688,#3690,.T.);
#3688 = VERTEX_POINT('',#3689);
#3689 = CARTESIAN_POINT('',(13.,-21.,189.));
#3690 = B_SPLINE_CURVE_WITH_KNOTS('',1,(#3691,#3692),.UNSPECIFIED.,.F.,
  .F.,(2,2),(0.,1.),.PIECEWISE_BEZIER_KNOTS.);
#3691 = CARTESIAN_POINT('',(13.,-8.,145.));
#3692 = CARTESIAN_POINT('',(13.,-21.,189.));
#3693 = ORIENTED_EDGE('',*,*,#1362,.F.);
#3694 = ORIENTED_EDGE('',*,*,#3665,.T.);
#3695 = ORIENTED_EDGE('',*,*,#3696,.F.);
#3696 = EDGE_CURVE('',#3688,#3666,#3697,.T.);
#3697 = LINE('',#3698,#3699);
#3698 = CARTESIAN_POINT('',(13.,-21.,189.));
#3699 = VECTOR('',#3700,1.);
#3700 = DIRECTION('',(1.,0.,0.));
#3701 = PLANE('',#3702);
#3702 = AXIS2_PLACEMENT_3D('',#3703,#3704,#3705);
#3703 = CARTESIAN_POINT('',(13.,-21.,189.));
#3704 = DIRECTION('',(0.,-0.959017708059,-0.283346141017));
#3705 = DIRECTION('',(1.,0.,0.));
#3706 = ADVANCED_FACE('',(#3707),#3717,.T.);
#3707 = FACE_BOUND('',#3708,.T.);
#3708 = EDGE_LOOP('',(#3709,#3710,#3711));
#3709 = ORIENTED_EDGE('',*,*,#1369,.F.);
#3710 = ORIENTED_EDGE('',*,*,#3687,.T.);
#3711 = ORIENTED_EDGE('',*,*,#3712,.F.);
#3712 = EDGE_CURVE('',#1370,#3688,#3713,.T.);
#3713 = LINE('',#3714,#3715);
#3714 = CARTESIAN_POINT('',(13.,-9.,189.));
#3715 = VECTOR('',#3716,1.);
#3716 = DIRECTION('',(0.,-1.,0.));
#3717 = B_SPLINE_SURFACE_WITH_KNOTS('',1,1,(
    (#3718,#3719)
    ,(#3720,#3721
    )),.UNSPECIFIED.,.F.,.F.,.F.,(2,2),(2,2),(0.,12.),(0.,1.),
  .PIECEWISE_BEZIER_KNOTS.);
#3718 = CARTESIAN_POINT('',(13.,4.,145.));
#3719 = CARTESIAN_POINT('',(13.,-9.,189.));
#3720 = CARTESIAN_POINT('',(13.,-8.,145.));
#3721 = CARTESIAN_POINT('',(13.,-21.,189.));
#3722 = ADVANCED_FACE('',(#3723),#3729,.F.);
#3723 = FACE_BOUND('',#3724,.F.);
#3724 = EDGE_LOOP('',(#3725,#3726,#3727,#3728));
#3725 = ORIENTED_EDGE('',*,*,#3696,.F.);
#3726 = ORIENTED_EDGE('',*,*,#3712,.F.);
#3727 = ORIENTED_EDGE('',*,*,#1379,.F.);
#3728 = ORIENTED_EDGE('',*,*,#3673,.F.);
#3729 = PLANE('',#3730);
#3730 = AXIS2_PLACEMENT_3D('',#3731,#3732,#3733);
#3731 = CARTESIAN_POINT('',(13.,-21.,189.));
#3732 = DIRECTION('',(0.,0.,-1.));
#3733 = DIRECTION('',(0.4472135955,0.894427191,0.));
#3734 = ADVANCED_FACE('',(#3735),#3751,.T.);
#3735 = FACE_BOUND('',#3736,.T.);
#3736 = EDGE_LOOP('',(#3737,#3744,#3745));
#3737 = ORIENTED_EDGE('',*,*,#3738,.F.);
#3738 = EDGE_CURVE('',#1389,#3739,#3741,.T.);
#3739 = VERTEX_POINT('',#3740);
#3740 = CARTESIAN_POINT('',(-13.,-21.,189.));
#3741 = B_SPLINE_CURVE_WITH_KNOTS('',1,(#3742,#3743),.UNSPECIFIED.,.F.,
  .F.,(2,2),(0.,1.),.PIECEWISE_BEZIER_KNOTS.);
#3742 = CARTESIAN_POINT('',(-13.,-8.,145.));
#3743 = CARTESIAN_POINT('',(-13.,-21.,189.));
#3744 = ORIENTED_EDGE('',*,*,#1386,.F.);
#3745 = ORIENTED_EDGE('',*,*,#3746,.F.);
#3746 = EDGE_CURVE('',#3739,#1387,#3747,.T.);
#3747 = LINE('',#3748,#3749);
#3748 = CARTESIAN_POINT('',(-13.,-21.,189.));
#3749 = VECTOR('',#3750,1.);
#3750 = DIRECTION('',(0.,1.,0.));
#3751 = B_SPLINE_SURFACE_WITH_KNOTS('',1,1,(
    (#3752,#3753)
    ,(#3754,#3755
    )),.UNSPECIFIED.,.F.,.F.,.F.,(2,2),(2,2),(0.,12.),(0.,1.),
  .PIECEWISE_BEZIER_KNOTS.);
#3752 = CARTESIAN_POINT('',(-13.,-8.,145.));
#3753 = CARTESIAN_POINT('',(-13.,-21.,189.));
#3754 = CARTESIAN_POINT('',(-13.,4.,145.));
#3755 = CARTESIAN_POINT('',(-13.,-9.,189.));
#3756 = ADVANCED_FACE('',(#3757),#3774,.T.);
#3757 = FACE_BOUND('',#3758,.T.);
#3758 = EDGE_LOOP('',(#3759,#3766,#3767,#3768));
#3759 = ORIENTED_EDGE('',*,*,#3760,.F.);
#3760 = EDGE_CURVE('',#1399,#3761,#3763,.T.);
#3761 = VERTEX_POINT('',#3762);
#3762 = CARTESIAN_POINT('',(-19.,-21.,189.));
#3763 = B_SPLINE_CURVE_WITH_KNOTS('',1,(#3764,#3765),.UNSPECIFIED.,.F.,
  .F.,(2,2),(0.,1.),.PIECEWISE_BEZIER_KNOTS.);
#3764 = CARTESIAN_POINT('',(-19.,-8.,145.));
#3765 = CARTESIAN_POINT('',(-19.,-21.,189.));
#3766 = ORIENTED_EDGE('',*,*,#1398,.F.);
#3767 = ORIENTED_EDGE('',*,*,#3738,.T.);
#3768 = ORIENTED_EDGE('',*,*,#3769,.F.);
#3769 = EDGE_CURVE('',#3761,#3739,#3770,.T.);
#3770 = LINE('',#3771,#3772);
#3771 = CARTESIAN_POINT('',(-19.,-21.,189.));
#3772 = VECTOR('',#3773,1.);
#3773 = DIRECTION('',(1.,0.,0.));
#3774 = PLANE('',#3775);
#3775 = AXIS2_PLACEMENT_3D('',#3776,#3777,#3778);
#3776 = CARTESIAN_POINT('',(-19.,-21.,189.));
#3777 = DIRECTION('',(0.,-0.959017708059,-0.283346141017));
#3778 = DIRECTION('',(1.,0.,0.));
#3779 = ADVANCED_FACE('',(#3780),#3790,.T.);
#3780 = FACE_BOUND('',#3781,.T.);
#3781 = EDGE_LOOP('',(#3782,#3783,#3784));
#3782 = ORIENTED_EDGE('',*,*,#1405,.F.);
#3783 = ORIENTED_EDGE('',*,*,#3760,.T.);
#3784 = ORIENTED_EDGE('',*,*,#3785,.F.);
#3785 = EDGE_CURVE('',#1406,#3761,#3786,.T.);
#3786 = LINE('',#3787,#3788);
#3787 = CARTESIAN_POINT('',(-19.,-9.,189.));
#3788 = VECTOR('',#3789,1.);
#3789 = DIRECTION('',(0.,-1.,0.));
#3790 = B_SPLINE_SURFACE_WITH_KNOTS('',1,1,(
    (#3791,#3792)
    ,(#3793,#3794
    )),.UNSPECIFIED.,.F.,.F.,.F.,(2,2),(2,2),(0.,12.),(0.,1.),
  .PIECEWISE_BEZIER_KNOTS.);
#3791 = CARTESIAN_POINT('',(-19.,4.,145.));
#3792 = CARTESIAN_POINT('',(-19.,-9.,189.));
#3793 = CARTESIAN_POINT('',(-19.,-8.,145.));
#3794 = CARTESIAN_POINT('',(-19.,-21.,189.));
#3795 = ADVANCED_FACE('',(#3796),#3802,.F.);
#3796 = FACE_BOUND('',#3797,.F.);
#3797 = EDGE_LOOP('',(#3798,#3799,#3800,#3801));
#3798 = ORIENTED_EDGE('',*,*,#3769,.F.);
#3799 = ORIENTED_EDGE('',*,*,#3785,.F.);
#3800 = ORIENTED_EDGE('',*,*,#1415,.F.);
#3801 = ORIENTED_EDGE('',*,*,#3746,.F.);
#3802 = PLANE('',#3803);
#3803 = AXIS2_PLACEMENT_3D('',#3804,#3805,#3806);
#3804 = CARTESIAN_POINT('',(-19.,-21.,189.));
#3805 = DIRECTION('',(0.,0.,-1.));
#3806 = DIRECTION('',(0.4472135955,0.894427191,0.));
#3807 = ADVANCED_FACE('',(#3808),#3938,.T.);
#3808 = FACE_BOUND('',#3809,.T.);
#3809 = EDGE_LOOP('',(#3810,#3820,#3828,#3836,#3844,#3852,#3860,#3868,
    #3876,#3882,#3883,#3884,#3892,#3900,#3908,#3916,#3924,#3932));
#3810 = ORIENTED_EDGE('',*,*,#3811,.T.);
#3811 = EDGE_CURVE('',#3812,#3814,#3816,.T.);
#3812 = VERTEX_POINT('',#3813);
#3813 = CARTESIAN_POINT('',(-19.,-8.,8.));
#3814 = VERTEX_POINT('',#3815);
#3815 = CARTESIAN_POINT('',(-19.,-8.,68.));
#3816 = LINE('',#3817,#3818);
#3817 = CARTESIAN_POINT('',(-19.,-8.,8.));
#3818 = VECTOR('',#3819,1.);
#3819 = DIRECTION('',(0.,0.,1.));
#3820 = ORIENTED_EDGE('',*,*,#3821,.T.);
#3821 = EDGE_CURVE('',#3814,#3822,#3824,.T.);
#3822 = VERTEX_POINT('',#3823);
#3823 = CARTESIAN_POINT('',(-19.,-6.7,68.));
#3824 = LINE('',#3825,#3826);
#3825 = CARTESIAN_POINT('',(-19.,-13.2,68.));
#3826 = VECTOR('',#3827,1.);
#3827 = DIRECTION('',(0.,1.,0.));
#3828 = ORIENTED_EDGE('',*,*,#3829,.F.);
#3829 = EDGE_CURVE('',#3830,#3822,#3832,.T.);
#3830 = VERTEX_POINT('',#3831);
#3831 = CARTESIAN_POINT('',(-19.,-6.7,86.));
#3832 = LINE('',#3833,#3834);
#3833 = CARTESIAN_POINT('',(-19.,-6.7,57.));
#3834 = VECTOR('',#3835,1.);
#3835 = DIRECTION('',(0.,0.,-1.));
#3836 = ORIENTED_EDGE('',*,*,#3837,.F.);
#3837 = EDGE_CURVE('',#3838,#3830,#3840,.T.);
#3838 = VERTEX_POINT('',#3839);
#3839 = CARTESIAN_POINT('',(-19.,-8.,86.));
#3840 = LINE('',#3841,#3842);
#3841 = CARTESIAN_POINT('',(-19.,-10.75,86.));
#3842 = VECTOR('',#3843,1.);
#3843 = DIRECTION('',(0.,1.,0.));
#3844 = ORIENTED_EDGE('',*,*,#3845,.T.);
#3845 = EDGE_CURVE('',#3838,#3846,#3848,.T.);
#3846 = VERTEX_POINT('',#3847);
#3847 = CARTESIAN_POINT('',(-19.,-8.,126.));
#3848 = LINE('',#3849,#3850);
#3849 = CARTESIAN_POINT('',(-19.,-8.,8.));
#3850 = VECTOR('',#3851,1.);
#3851 = DIRECTION('',(0.,0.,1.));
#3852 = ORIENTED_EDGE('',*,*,#3853,.F.);
#3853 = EDGE_CURVE('',#3854,#3846,#3856,.T.);
#3854 = VERTEX_POINT('',#3855);
#3855 = CARTESIAN_POINT('',(-19.,-6.7,126.));
#3856 = LINE('',#3857,#3858);
#3857 = CARTESIAN_POINT('',(-19.,-10.75,126.));
#3858 = VECTOR('',#3859,1.);
#3859 = DIRECTION('',(0.,-1.,0.));
#3860 = ORIENTED_EDGE('',*,*,#3861,.F.);
#3861 = EDGE_CURVE('',#3862,#3854,#3864,.T.);
#3862 = VERTEX_POINT('',#3863);
#3863 = CARTESIAN_POINT('',(-19.,-6.7,144.));
#3864 = LINE('',#3865,#3866);
#3865 = CARTESIAN_POINT('',(-19.,-6.7,57.));
#3866 = VECTOR('',#3867,1.);
#3867 = DIRECTION('',(0.,0.,-1.));
#3868 = ORIENTED_EDGE('',*,*,#3869,.F.);
#3869 = EDGE_CURVE('',#3870,#3862,#3872,.T.);
#3870 = VERTEX_POINT('',#3871);
#3871 = CARTESIAN_POINT('',(-19.,-8.,144.));
#3872 = LINE('',#3873,#3874);
#3873 = CARTESIAN_POINT('',(-19.,-13.2,144.));
#3874 = VECTOR('',#3875,1.);
#3875 = DIRECTION('',(0.,1.,0.));
#3876 = ORIENTED_EDGE('',*,*,#3877,.T.);
#3877 = EDGE_CURVE('',#3870,#1429,#3878,.T.);
#3878 = LINE('',#3879,#3880);
#3879 = CARTESIAN_POINT('',(-19.,-8.,8.));
#3880 = VECTOR('',#3881,1.);
#3881 = DIRECTION('',(0.,0.,1.));
#3882 = ORIENTED_EDGE('',*,*,#1428,.T.);
#3883 = ORIENTED_EDGE('',*,*,#1452,.T.);
#3884 = ORIENTED_EDGE('',*,*,#3885,.T.);
#3885 = EDGE_CURVE('',#1446,#3886,#3888,.T.);
#3886 = VERTEX_POINT('',#3887);
#3887 = CARTESIAN_POINT('',(-19.,4.,147.));
#3888 = LINE('',#3889,#3890);
#3889 = CARTESIAN_POINT('',(-19.,-8.,147.));
#3890 = VECTOR('',#3891,1.);
#3891 = DIRECTION('',(0.,1.,0.));
#3892 = ORIENTED_EDGE('',*,*,#3893,.F.);
#3893 = EDGE_CURVE('',#3894,#3886,#3896,.T.);
#3894 = VERTEX_POINT('',#3895);
#3895 = CARTESIAN_POINT('',(-19.,4.,8.));
#3896 = LINE('',#3897,#3898);
#3897 = CARTESIAN_POINT('',(-19.,4.,8.));
#3898 = VECTOR('',#3899,1.);
#3899 = DIRECTION('',(0.,0.,1.));
#3900 = ORIENTED_EDGE('',*,*,#3901,.F.);
#3901 = EDGE_CURVE('',#3902,#3894,#3904,.T.);
#3902 = VERTEX_POINT('',#3903);
#3903 = CARTESIAN_POINT('',(-19.,1.903502551434,8.));
#3904 = LINE('',#3905,#3906);
#3905 = CARTESIAN_POINT('',(-19.,-8.,8.));
#3906 = VECTOR('',#3907,1.);
#3907 = DIRECTION('',(0.,1.,0.));
#3908 = ORIENTED_EDGE('',*,*,#3909,.T.);
#3909 = EDGE_CURVE('',#3902,#3910,#3912,.T.);
#3910 = VERTEX_POINT('',#3911);
#3911 = CARTESIAN_POINT('',(-19.,1.903502551434,12.));
#3912 = LINE('',#3913,#3914);
#3913 = CARTESIAN_POINT('',(-19.,1.903502551434,4.));
#3914 = VECTOR('',#3915,1.);
#3915 = DIRECTION('',(0.,0.,1.));
#3916 = ORIENTED_EDGE('',*,*,#3917,.F.);
#3917 = EDGE_CURVE('',#3918,#3910,#3920,.T.);
#3918 = VERTEX_POINT('',#3919);
#3919 = CARTESIAN_POINT('',(-19.,-3.486835884767,12.));
#3920 = LINE('',#3921,#3922);
#3921 = CARTESIAN_POINT('',(-19.,-1.375,12.));
#3922 = VECTOR('',#3923,1.);
#3923 = DIRECTION('',(0.,1.,0.));
#3924 = ORIENTED_EDGE('',*,*,#3925,.T.);
#3925 = EDGE_CURVE('',#3918,#3926,#3928,.T.);
#3926 = VERTEX_POINT('',#3927);
#3927 = CARTESIAN_POINT('',(-19.,-3.486835884767,8.));
#3928 = LINE('',#3929,#3930);
#3929 = CARTESIAN_POINT('',(-19.,-3.486835884767,4.));
#3930 = VECTOR('',#3931,1.);
#3931 = DIRECTION('',(0.,0.,-1.));
#3932 = ORIENTED_EDGE('',*,*,#3933,.F.);
#3933 = EDGE_CURVE('',#3812,#3926,#3934,.T.);
#3934 = LINE('',#3935,#3936);
#3935 = CARTESIAN_POINT('',(-19.,-8.,8.));
#3936 = VECTOR('',#3937,1.);
#3937 = DIRECTION('',(0.,1.,0.));
#3938 = PLANE('',#3939);
#3939 = AXIS2_PLACEMENT_3D('',#3940,#3941,#3942);
#3940 = CARTESIAN_POINT('',(-19.,-1.909115905245,76.325385005536));
#3941 = DIRECTION('',(-1.,-0.,-0.));
#3942 = DIRECTION('',(0.,0.,-1.));
#3943 = ADVANCED_FACE('',(#3944),#3981,.T.);
#3944 = FACE_BOUND('',#3945,.T.);
#3945 = EDGE_LOOP('',(#3946,#3947,#3955,#3962,#3967,#3968,#3975,#3980));
#3946 = ORIENTED_EDGE('',*,*,#1438,.F.);
#3947 = ORIENTED_EDGE('',*,*,#3948,.T.);
#3948 = EDGE_CURVE('',#1429,#3949,#3951,.T.);
#3949 = VERTEX_POINT('',#3950);
#3950 = CARTESIAN_POINT('',(-14.75,-8.,145.));
#3951 = LINE('',#3952,#3953);
#3952 = CARTESIAN_POINT('',(-19.,-8.,145.));
#3953 = VECTOR('',#3954,1.);
#3954 = DIRECTION('',(1.,0.,0.));
#3955 = ORIENTED_EDGE('',*,*,#3956,.T.);
#3956 = EDGE_CURVE('',#3949,#3957,#3959,.T.);
#3957 = VERTEX_POINT('',#3958);
#3958 = CARTESIAN_POINT('',(-17.56173761888,-8.6645925281,147.2493900951
    ));
#3959 = B_SPLINE_CURVE_WITH_KNOTS('',1,(#3960,#3961),.UNSPECIFIED.,.F.,
  .F.,(2,2),(0.,1.),.PIECEWISE_BEZIER_KNOTS.);
#3960 = CARTESIAN_POINT('',(-14.75,-8.,145.));
#3961 = CARTESIAN_POINT('',(-17.56173761888,-8.6645925281,147.2493900951
    ));
#3962 = ORIENTED_EDGE('',*,*,#3963,.F.);
#3963 = EDGE_CURVE('',#3209,#3957,#3964,.T.);
#3964 = B_SPLINE_CURVE_WITH_KNOTS('',1,(#3965,#3966),.UNSPECIFIED.,.F.,
  .F.,(2,2),(0.,1.),.PIECEWISE_BEZIER_KNOTS.);
#3965 = CARTESIAN_POINT('',(-13.,-10.34932517143,152.95156211871));
#3966 = CARTESIAN_POINT('',(-17.56173761888,-8.6645925281,147.2493900951
    ));
#3967 = ORIENTED_EDGE('',*,*,#3208,.T.);
#3968 = ORIENTED_EDGE('',*,*,#3969,.T.);
#3969 = EDGE_CURVE('',#3211,#3970,#3972,.T.);
#3970 = VERTEX_POINT('',#3971);
#3971 = CARTESIAN_POINT('',(-17.56173761888,-19.74449838099,
    184.75060990489));
#3972 = B_SPLINE_CURVE_WITH_KNOTS('',1,(#3973,#3974),.UNSPECIFIED.,.F.,
  .F.,(2,2),(0.,1.),.PIECEWISE_BEZIER_KNOTS.);
#3973 = CARTESIAN_POINT('',(-13.,-18.05976573765,179.04843788128));
#3974 = CARTESIAN_POINT('',(-17.56173761888,-19.74449838099,
    184.75060990489));
#3975 = ORIENTED_EDGE('',*,*,#3976,.F.);
#3976 = EDGE_CURVE('',#1469,#3970,#3977,.T.);
#3977 = B_SPLINE_CURVE_WITH_KNOTS('',1,(#3978,#3979),.UNSPECIFIED.,.F.,
  .F.,(2,2),(0.,1.),.PIECEWISE_BEZIER_KNOTS.);
#3978 = CARTESIAN_POINT('',(-14.75,-20.40909090909,187.));
#3979 = CARTESIAN_POINT('',(-17.56173761888,-19.74449838099,
    184.75060990489));
#3980 = ORIENTED_EDGE('',*,*,#1468,.T.);
#3981 = PLANE('',#3982);
#3982 = AXIS2_PLACEMENT_3D('',#3983,#3984,#3985);
#3983 = CARTESIAN_POINT('',(-19.,-21.,189.));
#3984 = DIRECTION('',(0.,-0.959017708059,-0.283346141017));
#3985 = DIRECTION('',(1.,0.,0.));
#3986 = ADVANCED_FACE('',(#3987),#3998,.T.);
#3987 = FACE_BOUND('',#3988,.T.);
#3988 = EDGE_LOOP('',(#3989,#3990,#3996,#3997));
#3989 = ORIENTED_EDGE('',*,*,#3239,.F.);
#3990 = ORIENTED_EDGE('',*,*,#3991,.T.);
#3991 = EDGE_CURVE('',#3232,#1446,#3992,.T.);
#3992 = LINE('',#3993,#3994);
#3993 = CARTESIAN_POINT('',(-16.,3.409090909091,147.));
#3994 = VECTOR('',#3995,1.);
#3995 = DIRECTION('',(-1.,0.,0.));
#3996 = ORIENTED_EDGE('',*,*,#1445,.T.);
#3997 = ORIENTED_EDGE('',*,*,#1514,.T.);
#3998 = PLANE('',#3999);
#3999 = AXIS2_PLACEMENT_3D('',#4000,#4001,#4002);
#4000 = CARTESIAN_POINT('',(-13.,-9.,189.));
#4001 = DIRECTION('',(0.,0.959017708059,0.283346141017));
#4002 = DIRECTION('',(-1.,0.,0.));
#4003 = ADVANCED_FACE('',(#4004),#4021,.T.);
#4004 = FACE_BOUND('',#4005,.T.);
#4005 = EDGE_LOOP('',(#4006,#4013,#4019,#4020));
#4006 = ORIENTED_EDGE('',*,*,#4007,.F.);
#4007 = EDGE_CURVE('',#4008,#3970,#4010,.T.);
#4008 = VERTEX_POINT('',#4009);
#4009 = CARTESIAN_POINT('',(-17.56173761888,-20.01762625031,
    184.75060990489));
#4010 = B_SPLINE_CURVE_WITH_KNOTS('',1,(#4011,#4012),.UNSPECIFIED.,.F.,
  .F.,(2,2),(0.,1.),.PIECEWISE_BEZIER_KNOTS.);
#4011 = CARTESIAN_POINT('',(-17.56173761888,-20.01762625031,
    184.75060990489));
#4012 = CARTESIAN_POINT('',(-17.56173761888,-8.017626250316,
    184.75060990489));
#4013 = ORIENTED_EDGE('',*,*,#4014,.T.);
#4014 = EDGE_CURVE('',#4008,#1477,#4015,.T.);
#4015 = LINE('',#4016,#4017);
#4016 = CARTESIAN_POINT('',(-17.56173761888,-20.01762625031,
    184.75060990489));
#4017 = VECTOR('',#4018,1.);
#4018 = DIRECTION('',(0.76730437389,-0.185580592755,0.613843499112));
#4019 = ORIENTED_EDGE('',*,*,#1476,.T.);
#4020 = ORIENTED_EDGE('',*,*,#3976,.T.);
#4021 = B_SPLINE_SURFACE_WITH_KNOTS('',1,1,(
    (#4022,#4023)
    ,(#4024,#4025
    )),.UNSPECIFIED.,.F.,.F.,.F.,(2,2),(2,2),(0.,4.0707121503),(0.,1.),
  .PIECEWISE_BEZIER_KNOTS.);
#4022 = CARTESIAN_POINT('',(-17.56173761888,-20.01762625031,
    184.75060990489));
#4023 = CARTESIAN_POINT('',(-17.56173761888,-8.017626250316,
    184.75060990489));
#4024 = CARTESIAN_POINT('',(-14.43826238111,-20.7730714241,
    187.2493900951));
#4025 = CARTESIAN_POINT('',(-14.43826238111,-8.773071424103,
    187.2493900951));
#4026 = ADVANCED_FACE('',(#4027),#4130,.T.);
#4027 = FACE_BOUND('',#4028,.T.);
#4028 = EDGE_LOOP('',(#4029,#4037,#4045,#4053,#4061,#4069,#4077,#4085,
    #4091,#4092,#4100,#4106,#4107,#4108,#4116,#4124));
#4029 = ORIENTED_EDGE('',*,*,#4030,.T.);
#4030 = EDGE_CURVE('',#3949,#4031,#4033,.T.);
#4031 = VERTEX_POINT('',#4032);
#4032 = CARTESIAN_POINT('',(-14.23875030502,-8.,145.));
#4033 = LINE('',#4034,#4035);
#4034 = CARTESIAN_POINT('',(-19.,-8.,145.));
#4035 = VECTOR('',#4036,1.);
#4036 = DIRECTION('',(1.,0.,0.));
#4037 = ORIENTED_EDGE('',*,*,#4038,.F.);
#4038 = EDGE_CURVE('',#4039,#4031,#4041,.T.);
#4039 = VERTEX_POINT('',#4040);
#4040 = CARTESIAN_POINT('',(-1.7763568394E-15,-13.38092308038,
    162.79843788128));
#4041 = LINE('',#4042,#4043);
#4042 = CARTESIAN_POINT('',(17.561737618886,-20.01762625031,
    184.75060990489));
#4043 = VECTOR('',#4044,1.);
#4044 = DIRECTION('',(-0.607982649232,0.229760884884,-0.75997831154));
#4045 = ORIENTED_EDGE('',*,*,#4046,.F.);
#4046 = EDGE_CURVE('',#4047,#4039,#4049,.T.);
#4047 = VERTEX_POINT('',#4048);
#4048 = CARTESIAN_POINT('',(14.238750305027,-8.,145.));
#4049 = LINE('',#4050,#4051);
#4050 = CARTESIAN_POINT('',(14.438262381114,-7.924602994502,
    144.75060990489));
#4051 = VECTOR('',#4052,1.);
#4052 = DIRECTION('',(-0.607982649232,-0.229760884884,0.75997831154));
#4053 = ORIENTED_EDGE('',*,*,#4054,.T.);
#4054 = EDGE_CURVE('',#4047,#4055,#4057,.T.);
#4055 = VERTEX_POINT('',#4056);
#4056 = CARTESIAN_POINT('',(14.75,-8.,145.));
#4057 = LINE('',#4058,#4059);
#4058 = CARTESIAN_POINT('',(13.,-8.,145.));
#4059 = VECTOR('',#4060,1.);
#4060 = DIRECTION('',(1.,0.,0.));
#4061 = ORIENTED_EDGE('',*,*,#4062,.F.);
#4062 = EDGE_CURVE('',#4063,#4055,#4065,.T.);
#4063 = VERTEX_POINT('',#4064);
#4064 = CARTESIAN_POINT('',(17.561737618886,-8.680048168289,
    147.2493900951));
#4065 = LINE('',#4066,#4067);
#4066 = CARTESIAN_POINT('',(17.561737618886,-8.680048168289,
    147.2493900951));
#4067 = VECTOR('',#4068,1.);
#4068 = DIRECTION('',(-0.76730437389,0.185580592755,-0.613843499112));
#4069 = ORIENTED_EDGE('',*,*,#4070,.F.);
#4070 = EDGE_CURVE('',#4071,#4063,#4073,.T.);
#4071 = VERTEX_POINT('',#4072);
#4072 = CARTESIAN_POINT('',(2.561249694973,-14.3488372093,166.));
#4073 = LINE('',#4074,#4075);
#4074 = CARTESIAN_POINT('',(-14.43826238111,-20.7730714241,
    187.2493900951));
#4075 = VECTOR('',#4076,1.);
#4076 = DIRECTION('',(0.607982649232,0.229760884884,-0.75997831154));
#4077 = ORIENTED_EDGE('',*,*,#4078,.F.);
#4078 = EDGE_CURVE('',#4079,#4071,#4081,.T.);
#4079 = VERTEX_POINT('',#4080);
#4080 = CARTESIAN_POINT('',(17.561737618886,-20.01762625031,
    184.75060990489));
#4081 = LINE('',#4082,#4083);
#4082 = CARTESIAN_POINT('',(17.561737618886,-20.01762625031,
    184.75060990489));
#4083 = VECTOR('',#4084,1.);
#4084 = DIRECTION('',(-0.607982649232,0.229760884884,-0.75997831154));
#4085 = ORIENTED_EDGE('',*,*,#4086,.F.);
#4086 = EDGE_CURVE('',#3370,#4079,#4087,.T.);
#4087 = LINE('',#4088,#4089);
#4088 = CARTESIAN_POINT('',(14.438262381114,-20.7730714241,
    187.2493900951));
#4089 = VECTOR('',#4090,1.);
#4090 = DIRECTION('',(0.76730437389,0.185580592755,-0.613843499112));
#4091 = ORIENTED_EDGE('',*,*,#3369,.F.);
#4092 = ORIENTED_EDGE('',*,*,#4093,.F.);
#4093 = EDGE_CURVE('',#4094,#3363,#4096,.T.);
#4094 = VERTEX_POINT('',#4095);
#4095 = CARTESIAN_POINT('',(8.881784197001E-16,-15.31675133821,
    169.20156211871));
#4096 = LINE('',#4097,#4098);
#4097 = CARTESIAN_POINT('',(-17.56173761888,-8.680048168289,
    147.2493900951));
#4098 = VECTOR('',#4099,1.);
#4099 = DIRECTION('',(0.607982649232,-0.229760884884,0.75997831154));
#4100 = ORIENTED_EDGE('',*,*,#4101,.F.);
#4101 = EDGE_CURVE('',#1484,#4094,#4102,.T.);
#4102 = LINE('',#4103,#4104);
#4103 = CARTESIAN_POINT('',(-14.43826238111,-20.7730714241,
    187.2493900951));
#4104 = VECTOR('',#4105,1.);
#4105 = DIRECTION('',(0.607982649232,0.229760884884,-0.75997831154));
#4106 = ORIENTED_EDGE('',*,*,#1483,.F.);
#4107 = ORIENTED_EDGE('',*,*,#4014,.F.);
#4108 = ORIENTED_EDGE('',*,*,#4109,.F.);
#4109 = EDGE_CURVE('',#4110,#4008,#4112,.T.);
#4110 = VERTEX_POINT('',#4111);
#4111 = CARTESIAN_POINT('',(-2.561249694973,-14.3488372093,166.));
#4112 = LINE('',#4113,#4114);
#4113 = CARTESIAN_POINT('',(14.438262381114,-7.924602994502,
    144.75060990489));
#4114 = VECTOR('',#4115,1.);
#4115 = DIRECTION('',(-0.607982649232,-0.229760884884,0.75997831154));
#4116 = ORIENTED_EDGE('',*,*,#4117,.F.);
#4117 = EDGE_CURVE('',#4118,#4110,#4120,.T.);
#4118 = VERTEX_POINT('',#4119);
#4119 = CARTESIAN_POINT('',(-17.56173761888,-8.680048168289,
    147.2493900951));
#4120 = LINE('',#4121,#4122);
#4121 = CARTESIAN_POINT('',(-17.56173761888,-8.680048168289,
    147.2493900951));
#4122 = VECTOR('',#4123,1.);
#4123 = DIRECTION('',(0.607982649232,-0.229760884884,0.75997831154));
#4124 = ORIENTED_EDGE('',*,*,#4125,.F.);
#4125 = EDGE_CURVE('',#3949,#4118,#4126,.T.);
#4126 = LINE('',#4127,#4128);
#4127 = CARTESIAN_POINT('',(-14.43826238111,-7.924602994502,
    144.75060990489));
#4128 = VECTOR('',#4129,1.);
#4129 = DIRECTION('',(-0.76730437389,-0.185580592755,0.613843499112));
#4130 = PLANE('',#4131);
#4131 = AXIS2_PLACEMENT_3D('',#4132,#4133,#4134);
#4132 = CARTESIAN_POINT('',(-1.053553924957E-15,-14.3488372093,166.));
#4133 = DIRECTION('',(-0.,-0.957211427299,-0.289389501276));
#4134 = DIRECTION('',(0.,0.289389501276,-0.957211427299));
#4135 = ADVANCED_FACE('',(#4136),#4159,.T.);
#4136 = FACE_BOUND('',#4137,.T.);
#4137 = EDGE_LOOP('',(#4138,#4139,#4146,#4152,#4153,#4158));
#4138 = ORIENTED_EDGE('',*,*,#4101,.T.);
#4139 = ORIENTED_EDGE('',*,*,#4140,.F.);
#4140 = EDGE_CURVE('',#4141,#4094,#4143,.T.);
#4141 = VERTEX_POINT('',#4142);
#4142 = CARTESIAN_POINT('',(8.881784197001E-16,-3.316751338217,
    169.20156211871));
#4143 = B_SPLINE_CURVE_WITH_KNOTS('',1,(#4144,#4145),.UNSPECIFIED.,.F.,
  .F.,(2,2),(0.,1.),.PIECEWISE_BEZIER_KNOTS.);
#4144 = CARTESIAN_POINT('',(1.06581410364E-14,-3.316751338217,
    169.20156211871));
#4145 = CARTESIAN_POINT('',(1.06581410364E-14,-15.31675133821,
    169.20156211871));
#4146 = ORIENTED_EDGE('',*,*,#4147,.F.);
#4147 = EDGE_CURVE('',#3254,#4141,#4148,.T.);
#4148 = LINE('',#4149,#4150);
#4149 = CARTESIAN_POINT('',(-14.43826238111,-8.773071424103,
    187.2493900951));
#4150 = VECTOR('',#4151,1.);
#4151 = DIRECTION('',(0.607982649232,0.229760884884,-0.75997831154));
#4152 = ORIENTED_EDGE('',*,*,#3253,.F.);
#4153 = ORIENTED_EDGE('',*,*,#4154,.T.);
#4154 = EDGE_CURVE('',#3247,#1492,#4155,.T.);
#4155 = B_SPLINE_CURVE_WITH_KNOTS('',1,(#4156,#4157),.UNSPECIFIED.,.F.,
  .F.,(2,2),(0.,1.),.PIECEWISE_BEZIER_KNOTS.);
#4156 = CARTESIAN_POINT('',(-13.,-19.95159789871,185.45156211871));
#4157 = CARTESIAN_POINT('',(-14.23875030502,-20.40909090909,187.));
#4158 = ORIENTED_EDGE('',*,*,#1491,.F.);
#4159 = B_SPLINE_SURFACE_WITH_KNOTS('',1,1,(
    (#4160,#4161)
    ,(#4162,#4163
    )),.UNSPECIFIED.,.F.,.F.,.F.,(2,2),(2,2),(0.,52.633080961176),(0.,1.
    ),.PIECEWISE_BEZIER_KNOTS.);
#4160 = CARTESIAN_POINT('',(-14.43826238111,-20.7730714241,
    187.2493900951));
#4161 = CARTESIAN_POINT('',(-14.43826238111,-8.773071424103,
    187.2493900951));
#4162 = CARTESIAN_POINT('',(17.561737618886,-8.680048168289,
    147.2493900951));
#4163 = CARTESIAN_POINT('',(17.561737618886,3.319951831711,
    147.2493900951));
#4164 = ADVANCED_FACE('',(#4165),#4170,.T.);
#4165 = FACE_BOUND('',#4166,.T.);
#4166 = EDGE_LOOP('',(#4167,#4168,#4169));
#4167 = ORIENTED_EDGE('',*,*,#1498,.T.);
#4168 = ORIENTED_EDGE('',*,*,#4154,.F.);
#4169 = ORIENTED_EDGE('',*,*,#3246,.T.);
#4170 = PLANE('',#4171);
#4171 = AXIS2_PLACEMENT_3D('',#4172,#4173,#4174);
#4172 = CARTESIAN_POINT('',(-19.,-21.,189.));
#4173 = DIRECTION('',(0.,-0.959017708059,-0.283346141017));
#4174 = DIRECTION('',(1.,0.,0.));
#4175 = ADVANCED_FACE('',(#4176),#4197,.F.);
#4176 = FACE_BOUND('',#4177,.F.);
#4177 = EDGE_LOOP('',(#4178,#4179,#4185,#4186,#4187,#4188,#4189,#4190));
#4178 = ORIENTED_EDGE('',*,*,#2463,.F.);
#4179 = ORIENTED_EDGE('',*,*,#4180,.F.);
#4180 = EDGE_CURVE('',#1759,#2439,#4181,.T.);
#4181 = LINE('',#4182,#4183);
#4182 = CARTESIAN_POINT('',(43.75,16.,186.));
#4183 = VECTOR('',#4184,1.);
#4184 = DIRECTION('',(0.,0.,1.));
#4185 = ORIENTED_EDGE('',*,*,#1777,.T.);
#4186 = ORIENTED_EDGE('',*,*,#1580,.T.);
#4187 = ORIENTED_EDGE('',*,*,#1758,.T.);
#4188 = ORIENTED_EDGE('',*,*,#4180,.T.);
#4189 = ORIENTED_EDGE('',*,*,#2438,.F.);
#4190 = ORIENTED_EDGE('',*,*,#4191,.F.);
#4191 = EDGE_CURVE('',#2464,#2431,#4192,.T.);
#4192 = CIRCLE('',#4193,3.75);
#4193 = AXIS2_PLACEMENT_3D('',#4194,#4195,#4196);
#4194 = CARTESIAN_POINT('',(40.,16.,191.));
#4195 = DIRECTION('',(0.,0.,1.));
#4196 = DIRECTION('',(1.,0.,0.));
#4197 = CYLINDRICAL_SURFACE('',#4198,3.75);
#4198 = AXIS2_PLACEMENT_3D('',#4199,#4200,#4201);
#4199 = CARTESIAN_POINT('',(40.,16.,186.));
#4200 = DIRECTION('',(0.,0.,1.));
#4201 = DIRECTION('',(1.,0.,0.));
#4202 = ADVANCED_FACE('',(#4203),#4224,.F.);
#4203 = FACE_BOUND('',#4204,.F.);
#4204 = EDGE_LOOP('',(#4205,#4206,#4212,#4213,#4214,#4215,#4216,#4217));
#4205 = ORIENTED_EDGE('',*,*,#2608,.F.);
#4206 = ORIENTED_EDGE('',*,*,#4207,.F.);
#4207 = EDGE_CURVE('',#1854,#2584,#4208,.T.);
#4208 = LINE('',#4209,#4210);
#4209 = CARTESIAN_POINT('',(3.75,16.,186.));
#4210 = VECTOR('',#4211,1.);
#4211 = DIRECTION('',(0.,0.,1.));
#4212 = ORIENTED_EDGE('',*,*,#1872,.T.);
#4213 = ORIENTED_EDGE('',*,*,#1597,.T.);
#4214 = ORIENTED_EDGE('',*,*,#1853,.T.);
#4215 = ORIENTED_EDGE('',*,*,#4207,.T.);
#4216 = ORIENTED_EDGE('',*,*,#2583,.F.);
#4217 = ORIENTED_EDGE('',*,*,#4218,.F.);
#4218 = EDGE_CURVE('',#2609,#2576,#4219,.T.);
#4219 = CIRCLE('',#4220,3.75);
#4220 = AXIS2_PLACEMENT_3D('',#4221,#4222,#4223);
#4221 = CARTESIAN_POINT('',(0.,16.,191.));
#4222 = DIRECTION('',(0.,0.,1.));
#4223 = DIRECTION('',(1.,0.,0.));
#4224 = CYLINDRICAL_SURFACE('',#4225,3.75);
#4225 = AXIS2_PLACEMENT_3D('',#4226,#4227,#4228);
#4226 = CARTESIAN_POINT('',(0.,16.,186.));
#4227 = DIRECTION('',(0.,0.,1.));
#4228 = DIRECTION('',(1.,0.,0.));
#4229 = ADVANCED_FACE('',(#4230),#4251,.F.);
#4230 = FACE_BOUND('',#4231,.F.);
#4231 = EDGE_LOOP('',(#4232,#4233,#4239,#4240,#4241,#4242,#4243,#4244));
#4232 = ORIENTED_EDGE('',*,*,#2741,.F.);
#4233 = ORIENTED_EDGE('',*,*,#4234,.F.);
#4234 = EDGE_CURVE('',#1970,#2715,#4235,.T.);
#4235 = LINE('',#4236,#4237);
#4236 = CARTESIAN_POINT('',(-36.25,16.,186.));
#4237 = VECTOR('',#4238,1.);
#4238 = DIRECTION('',(0.,0.,1.));
#4239 = ORIENTED_EDGE('',*,*,#1994,.T.);
#4240 = ORIENTED_EDGE('',*,*,#1614,.T.);
#4241 = ORIENTED_EDGE('',*,*,#1969,.T.);
#4242 = ORIENTED_EDGE('',*,*,#4234,.T.);
#4243 = ORIENTED_EDGE('',*,*,#2714,.F.);
#4244 = ORIENTED_EDGE('',*,*,#4245,.F.);
#4245 = EDGE_CURVE('',#2742,#2707,#4246,.T.);
#4246 = CIRCLE('',#4247,3.75);
#4247 = AXIS2_PLACEMENT_3D('',#4248,#4249,#4250);
#4248 = CARTESIAN_POINT('',(-40.,16.,191.));
#4249 = DIRECTION('',(0.,0.,1.));
#4250 = DIRECTION('',(1.,0.,0.));
#4251 = CYLINDRICAL_SURFACE('',#4252,3.75);
#4252 = AXIS2_PLACEMENT_3D('',#4253,#4254,#4255);
#4253 = CARTESIAN_POINT('',(-40.,16.,186.));
#4254 = DIRECTION('',(0.,0.,1.));
#4255 = DIRECTION('',(1.,0.,0.));
#4256 = ADVANCED_FACE('',(#4257),#4268,.T.);
#4257 = FACE_BOUND('',#4258,.T.);
#4258 = EDGE_LOOP('',(#4259,#4260,#4266,#4267));
#4259 = ORIENTED_EDGE('',*,*,#3422,.F.);
#4260 = ORIENTED_EDGE('',*,*,#4261,.T.);
#4261 = EDGE_CURVE('',#3415,#3325,#4262,.T.);
#4262 = LINE('',#4263,#4264);
#4263 = CARTESIAN_POINT('',(16.,3.409090909091,147.));
#4264 = VECTOR('',#4265,1.);
#4265 = DIRECTION('',(-1.,0.,0.));
#4266 = ORIENTED_EDGE('',*,*,#3324,.T.);
#4267 = ORIENTED_EDGE('',*,*,#1655,.T.);
#4268 = PLANE('',#4269);
#4269 = AXIS2_PLACEMENT_3D('',#4270,#4271,#4272);
#4270 = CARTESIAN_POINT('',(19.,-9.,189.));
#4271 = DIRECTION('',(0.,0.959017708059,0.283346141017));
#4272 = DIRECTION('',(-1.,0.,0.));
#4273 = ADVANCED_FACE('',(#4274),#4291,.F.);
#4274 = FACE_BOUND('',#4275,.F.);
#4275 = EDGE_LOOP('',(#4276,#4277,#4285,#4290));
#4276 = ORIENTED_EDGE('',*,*,#3194,.F.);
#4277 = ORIENTED_EDGE('',*,*,#4278,.T.);
#4278 = EDGE_CURVE('',#3172,#4279,#4281,.T.);
#4279 = VERTEX_POINT('',#4280);
#4280 = CARTESIAN_POINT('',(-50.3,-10.4,244.));
#4281 = LINE('',#4282,#4283);
#4282 = CARTESIAN_POINT('',(-53.6,-7.1,244.));
#4283 = VECTOR('',#4284,1.);
#4284 = DIRECTION('',(0.707106781187,-0.707106781187,0.));
#4285 = ORIENTED_EDGE('',*,*,#4286,.T.);
#4286 = EDGE_CURVE('',#4279,#1708,#4287,.T.);
#4287 = B_SPLINE_CURVE_WITH_KNOTS('',1,(#4288,#4289),.UNSPECIFIED.,.F.,
  .F.,(2,2),(0.,1.),.PIECEWISE_BEZIER_KNOTS.);
#4288 = CARTESIAN_POINT('',(-50.3,-10.4,244.));
#4289 = CARTESIAN_POINT('',(-49.9,-9.9,249.));
#4290 = ORIENTED_EDGE('',*,*,#1714,.T.);
#4291 = B_SPLINE_SURFACE_WITH_KNOTS('',1,1,(
    (#4292,#4293)
    ,(#4294,#4295
    )),.UNSPECIFIED.,.F.,.F.,.F.,(2,2),(2,2),(0.,4.666904755831),(0.,1.)
  ,.PIECEWISE_BEZIER_KNOTS.);
#4292 = CARTESIAN_POINT('',(-53.6,-7.1,244.));
#4293 = CARTESIAN_POINT('',(-52.9,-6.9,249.));
#4294 = CARTESIAN_POINT('',(-50.3,-10.4,244.));
#4295 = CARTESIAN_POINT('',(-49.9,-9.9,249.));
#4296 = ADVANCED_FACE('',(#4297),#4314,.F.);
#4297 = FACE_BOUND('',#4298,.F.);
#4298 = EDGE_LOOP('',(#4299,#4300,#4308,#4313));
#4299 = ORIENTED_EDGE('',*,*,#4286,.F.);
#4300 = ORIENTED_EDGE('',*,*,#4301,.T.);
#4301 = EDGE_CURVE('',#4279,#4302,#4304,.T.);
#4302 = VERTEX_POINT('',#4303);
#4303 = CARTESIAN_POINT('',(50.3,-10.4,244.));
#4304 = LINE('',#4305,#4306);
#4305 = CARTESIAN_POINT('',(-50.3,-10.4,244.));
#4306 = VECTOR('',#4307,1.);
#4307 = DIRECTION('',(1.,0.,0.));
#4308 = ORIENTED_EDGE('',*,*,#4309,.T.);
#4309 = EDGE_CURVE('',#4302,#1701,#4310,.T.);
#4310 = B_SPLINE_CURVE_WITH_KNOTS('',1,(#4311,#4312),.UNSPECIFIED.,.F.,
  .F.,(2,2),(0.,1.),.PIECEWISE_BEZIER_KNOTS.);
#4311 = CARTESIAN_POINT('',(50.3,-10.4,244.));
#4312 = CARTESIAN_POINT('',(49.9,-9.9,249.));
#4313 = ORIENTED_EDGE('',*,*,#1707,.T.);
#4314 = B_SPLINE_SURFACE_WITH_KNOTS('',1,1,(
    (#4315,#4316)
    ,(#4317,#4318
    )),.UNSPECIFIED.,.F.,.F.,.F.,(2,2),(2,2),(0.,100.6),(0.,1.),
  .PIECEWISE_BEZIER_KNOTS.);
#4315 = CARTESIAN_POINT('',(-50.3,-10.4,244.));
#4316 = CARTESIAN_POINT('',(-49.9,-9.9,249.));
#4317 = CARTESIAN_POINT('',(50.3,-10.4,244.));
#4318 = CARTESIAN_POINT('',(49.9,-9.9,249.));
#4319 = ADVANCED_FACE('',(#4320),#4331,.F.);
#4320 = FACE_BOUND('',#4321,.F.);
#4321 = EDGE_LOOP('',(#4322,#4323,#4329,#4330));
#4322 = ORIENTED_EDGE('',*,*,#4309,.F.);
#4323 = ORIENTED_EDGE('',*,*,#4324,.T.);
#4324 = EDGE_CURVE('',#4302,#3467,#4325,.T.);
#4325 = LINE('',#4326,#4327);
#4326 = CARTESIAN_POINT('',(50.3,-10.4,244.));
#4327 = VECTOR('',#4328,1.);
#4328 = DIRECTION('',(0.707106781187,0.707106781187,0.));
#4329 = ORIENTED_EDGE('',*,*,#3466,.T.);
#4330 = ORIENTED_EDGE('',*,*,#1700,.T.);
#4331 = B_SPLINE_SURFACE_WITH_KNOTS('',1,1,(
    (#4332,#4333)
    ,(#4334,#4335
    )),.UNSPECIFIED.,.F.,.F.,.F.,(2,2),(2,2),(0.,4.666904755831),(0.,1.)
  ,.PIECEWISE_BEZIER_KNOTS.);
#4332 = CARTESIAN_POINT('',(50.3,-10.4,244.));
#4333 = CARTESIAN_POINT('',(49.9,-9.9,249.));
#4334 = CARTESIAN_POINT('',(53.6,-7.1,244.));
#4335 = CARTESIAN_POINT('',(52.9,-6.9,249.));
#4336 = ADVANCED_FACE('',(#4337),#4343,.T.);
#4337 = FACE_BOUND('',#4338,.T.);
#4338 = EDGE_LOOP('',(#4339,#4340,#4341,#4342));
#4339 = ORIENTED_EDGE('',*,*,#2141,.F.);
#4340 = ORIENTED_EDGE('',*,*,#2288,.T.);
#4341 = ORIENTED_EDGE('',*,*,#2862,.T.);
#4342 = ORIENTED_EDGE('',*,*,#3650,.F.);
#4343 = PLANE('',#4344);
#4344 = AXIS2_PLACEMENT_3D('',#4345,#4346,#4347);
#4345 = CARTESIAN_POINT('',(-200.,20.,-50.));
#4346 = DIRECTION('',(0.,1.,0.));
#4347 = DIRECTION('',(0.,0.,1.));
#4348 = ADVANCED_FACE('',(#4349),#4384,.T.);
#4349 = FACE_BOUND('',#4350,.T.);
#4350 = EDGE_LOOP('',(#4351,#4352,#4353,#4361,#4369,#4375,#4376,#4377,
    #4378,#4379,#4380,#4381,#4382,#4383));
#4351 = ORIENTED_EDGE('',*,*,#3028,.T.);
#4352 = ORIENTED_EDGE('',*,*,#3051,.T.);
#4353 = ORIENTED_EDGE('',*,*,#4354,.T.);
#4354 = EDGE_CURVE('',#3052,#4355,#4357,.T.);
#4355 = VERTEX_POINT('',#4356);
#4356 = CARTESIAN_POINT('',(-45.25,11.5,191.));
#4357 = LINE('',#4358,#4359);
#4358 = CARTESIAN_POINT('',(-45.5,11.75,191.));
#4359 = VECTOR('',#4360,1.);
#4360 = DIRECTION('',(0.707106781187,-0.707106781187,0.));
#4361 = ORIENTED_EDGE('',*,*,#4362,.T.);
#4362 = EDGE_CURVE('',#4355,#4363,#4365,.T.);
#4363 = VERTEX_POINT('',#4364);
#4364 = CARTESIAN_POINT('',(45.25,11.5,191.));
#4365 = LINE('',#4366,#4367);
#4366 = CARTESIAN_POINT('',(-45.25,11.5,191.));
#4367 = VECTOR('',#4368,1.);
#4368 = DIRECTION('',(1.,0.,0.));
#4369 = ORIENTED_EDGE('',*,*,#4370,.T.);
#4370 = EDGE_CURVE('',#4363,#3601,#4371,.T.);
#4371 = LINE('',#4372,#4373);
#4372 = CARTESIAN_POINT('',(45.25,11.5,191.));
#4373 = VECTOR('',#4374,1.);
#4374 = DIRECTION('',(0.707106781187,0.707106781187,0.));
#4375 = ORIENTED_EDGE('',*,*,#3607,.T.);
#4376 = ORIENTED_EDGE('',*,*,#3631,.T.);
#4377 = ORIENTED_EDGE('',*,*,#2430,.T.);
#4378 = ORIENTED_EDGE('',*,*,#4191,.F.);
#4379 = ORIENTED_EDGE('',*,*,#2575,.T.);
#4380 = ORIENTED_EDGE('',*,*,#4218,.F.);
#4381 = ORIENTED_EDGE('',*,*,#2706,.T.);
#4382 = ORIENTED_EDGE('',*,*,#4245,.F.);
#4383 = ORIENTED_EDGE('',*,*,#2846,.T.);
#4384 = PLANE('',#4385);
#4385 = AXIS2_PLACEMENT_3D('',#4386,#4387,#4388);
#4386 = CARTESIAN_POINT('',(-45.25,11.5,191.));
#4387 = DIRECTION('',(0.,0.,1.));
#4388 = DIRECTION('',(0.999965851077,8.264180587405E-03,0.));
#4389 = ADVANCED_FACE('',(#4390),#4400,.F.);
#4390 = FACE_BOUND('',#4391,.F.);
#4391 = EDGE_LOOP('',(#4392,#4393,#4394,#4399));
#4392 = ORIENTED_EDGE('',*,*,#3059,.F.);
#4393 = ORIENTED_EDGE('',*,*,#4354,.T.);
#4394 = ORIENTED_EDGE('',*,*,#4395,.T.);
#4395 = EDGE_CURVE('',#4355,#3110,#4396,.T.);
#4396 = B_SPLINE_CURVE_WITH_KNOTS('',1,(#4397,#4398),.UNSPECIFIED.,.F.,
  .F.,(2,2),(0.,1.),.PIECEWISE_BEZIER_KNOTS.);
#4397 = CARTESIAN_POINT('',(-45.25,11.5,191.));
#4398 = CARTESIAN_POINT('',(-53.5,-14.,219.));
#4399 = ORIENTED_EDGE('',*,*,#3116,.T.);
#4400 = B_SPLINE_SURFACE_WITH_KNOTS('',1,1,(
    (#4401,#4402)
    ,(#4403,#4404
    )),.UNSPECIFIED.,.F.,.F.,.F.,(2,2),(2,2),(0.,5.656854249492),(0.,1.)
  ,.PIECEWISE_BEZIER_KNOTS.);
#4401 = CARTESIAN_POINT('',(-45.5,11.75,191.));
#4402 = CARTESIAN_POINT('',(-57.5,-10.,219.));
#4403 = CARTESIAN_POINT('',(-45.25,11.5,191.));
#4404 = CARTESIAN_POINT('',(-53.5,-14.,219.));
#4405 = ADVANCED_FACE('',(#4406),#4488,.F.);
#4406 = FACE_BOUND('',#4407,.F.);
#4407 = EDGE_LOOP('',(#4408,#4409,#4410,#4415,#4416,#4429,#4436,#4449,
    #4456,#4469,#4476,#4487));
#4408 = ORIENTED_EDGE('',*,*,#4395,.F.);
#4409 = ORIENTED_EDGE('',*,*,#4362,.T.);
#4410 = ORIENTED_EDGE('',*,*,#4411,.T.);
#4411 = EDGE_CURVE('',#4363,#3567,#4412,.T.);
#4412 = B_SPLINE_CURVE_WITH_KNOTS('',1,(#4413,#4414),.UNSPECIFIED.,.F.,
  .F.,(2,2),(0.,1.),.PIECEWISE_BEZIER_KNOTS.);
#4413 = CARTESIAN_POINT('',(45.25,11.5,191.));
#4414 = CARTESIAN_POINT('',(53.5,-14.,219.));
#4415 = ORIENTED_EDGE('',*,*,#3573,.T.);
#4416 = ORIENTED_EDGE('',*,*,#4417,.T.);
#4417 = EDGE_CURVE('',#3574,#4418,#4420,.T.);
#4418 = VERTEX_POINT('',#4419);
#4419 = CARTESIAN_POINT('',(19.,-5.998577820944,210.21412466613));
#4420 = B_SPLINE_CURVE_WITH_KNOTS('',4,(#4421,#4422,#4423,#4424,#4425,
    #4426,#4427,#4428),.UNSPECIFIED.,.F.,.F.,(5,3,5),(0.,0.499850888738,
    1.),.UNSPECIFIED.);
#4421 = CARTESIAN_POINT('',(19.,-13.08930101428,218.0000168));
#4422 = CARTESIAN_POINT('',(19.,-12.20306748781,217.02689763367));
#4423 = CARTESIAN_POINT('',(19.,-11.31688271219,216.0538319977));
#4424 = CARTESIAN_POINT('',(19.,-10.43074929276,215.08082275283));
#4425 = CARTESIAN_POINT('',(19.,-8.658062442474,213.13434307408));
#4426 = CARTESIAN_POINT('',(19.,-7.771509079147,212.16087271435));
#4427 = CARTESIAN_POINT('',(19.,-6.885013075198,211.18746533747));
#4428 = CARTESIAN_POINT('',(19.,-5.998577820944,210.21412466613));
#4429 = ORIENTED_EDGE('',*,*,#4430,.T.);
#4430 = EDGE_CURVE('',#4418,#4431,#4433,.T.);
#4431 = VERTEX_POINT('',#4432);
#4432 = CARTESIAN_POINT('',(13.,-5.998577820944,210.21412466613));
#4433 = B_SPLINE_CURVE_WITH_KNOTS('',1,(#4434,#4435),.UNSPECIFIED.,.F.,
  .F.,(2,2),(0.,1.),.PIECEWISE_BEZIER_KNOTS.);
#4434 = CARTESIAN_POINT('',(19.,-5.998577820944,210.21412466613));
#4435 = CARTESIAN_POINT('',(13.,-5.998577820944,210.21412466613));
#4436 = ORIENTED_EDGE('',*,*,#4437,.T.);
#4437 = EDGE_CURVE('',#4431,#4438,#4440,.T.);
#4438 = VERTEX_POINT('',#4439);
#4439 = CARTESIAN_POINT('',(13.,-13.08928571428,218.));
#4440 = B_SPLINE_CURVE_WITH_KNOTS('',4,(#4441,#4442,#4443,#4444,#4445,
    #4446,#4447,#4448),.UNSPECIFIED.,.F.,.F.,(5,3,5),(0.,0.500456615304,
    1.),.UNSPECIFIED.);
#4441 = CARTESIAN_POINT('',(13.,-5.998577820944,210.21412466613));
#4442 = CARTESIAN_POINT('',(13.,-6.885648079634,211.18816259724));
#4443 = CARTESIAN_POINT('',(13.,-7.772746887861,212.16223187686));
#4444 = CARTESIAN_POINT('',(13.,-8.659872645145,213.13633074761));
#4445 = CARTESIAN_POINT('',(13.,-10.43255638712,215.08280701331));
#4446 = CARTESIAN_POINT('',(13.,-11.31811427725,216.05518430443));
#4447 = CARTESIAN_POINT('',(13.,-12.20369622747,217.02758801447));
#4448 = CARTESIAN_POINT('',(13.,-13.08930101428,218.0000168));
#4449 = ORIENTED_EDGE('',*,*,#4450,.T.);
#4450 = EDGE_CURVE('',#4438,#4451,#4453,.T.);
#4451 = VERTEX_POINT('',#4452);
#4452 = CARTESIAN_POINT('',(-13.,-13.08928571428,218.));
#4453 = B_SPLINE_CURVE_WITH_KNOTS('',1,(#4454,#4455),.UNSPECIFIED.,.F.,
  .F.,(2,2),(0.,1.),.PIECEWISE_BEZIER_KNOTS.);
#4454 = CARTESIAN_POINT('',(53.205357142857,-13.08928571428,218.));
#4455 = CARTESIAN_POINT('',(-53.20535714285,-13.08928571428,218.));
#4456 = ORIENTED_EDGE('',*,*,#4457,.T.);
#4457 = EDGE_CURVE('',#4451,#4458,#4460,.T.);
#4458 = VERTEX_POINT('',#4459);
#4459 = CARTESIAN_POINT('',(-13.,-5.998577820944,210.21412466613));
#4460 = B_SPLINE_CURVE_WITH_KNOTS('',4,(#4461,#4462,#4463,#4464,#4465,
    #4466,#4467,#4468),.UNSPECIFIED.,.F.,.F.,(5,3,5),(0.,0.49987533273,
    1.),.UNSPECIFIED.);
#4461 = CARTESIAN_POINT('',(-13.,-13.08930101428,218.0000168));
#4462 = CARTESIAN_POINT('',(-13.,-12.20310774053,217.02694183274));
#4463 = CARTESIAN_POINT('',(-13.,-11.3169373337,216.05389197425));
#4464 = CARTESIAN_POINT('',(-13.,-10.43079101972,215.08086857067));
#4465 = CARTESIAN_POINT('',(-13.,-8.658107379395,213.13439241659));
#4466 = CARTESIAN_POINT('',(-13.,-7.771570079758,212.16093969542));
#4467 = CARTESIAN_POINT('',(-13.,-6.885059694465,211.18751652725));
#4468 = CARTESIAN_POINT('',(-13.,-5.998577820944,210.21412466613));
#4469 = ORIENTED_EDGE('',*,*,#4470,.T.);
#4470 = EDGE_CURVE('',#4458,#4471,#4473,.T.);
#4471 = VERTEX_POINT('',#4472);
#4472 = CARTESIAN_POINT('',(-19.,-5.998577820944,210.21412466613));
#4473 = B_SPLINE_CURVE_WITH_KNOTS('',1,(#4474,#4475),.UNSPECIFIED.,.F.,
  .F.,(2,2),(0.,1.),.PIECEWISE_BEZIER_KNOTS.);
#4474 = CARTESIAN_POINT('',(-13.,-5.998577820944,210.21412466613));
#4475 = CARTESIAN_POINT('',(-19.,-5.998577820944,210.21412466613));
#4476 = ORIENTED_EDGE('',*,*,#4477,.T.);
#4477 = EDGE_CURVE('',#4471,#3103,#4478,.T.);
#4478 = B_SPLINE_CURVE_WITH_KNOTS('',4,(#4479,#4480,#4481,#4482,#4483,
    #4484,#4485,#4486),.UNSPECIFIED.,.F.,.F.,(5,3,5),(0.,0.501073840562,
    1.),.UNSPECIFIED.);
#4479 = CARTESIAN_POINT('',(-19.,-5.998577820944,210.21412466613));
#4480 = CARTESIAN_POINT('',(-19.,-6.886652011828,211.18926495416));
#4481 = CARTESIAN_POINT('',(-19.,-7.774787177051,212.1644721944));
#4482 = CARTESIAN_POINT('',(-19.,-8.662979907745,213.13974264379));
#4483 = CARTESIAN_POINT('',(-19.,-10.43566736127,215.08622298493));
#4484 = CARTESIAN_POINT('',(-19.,-11.3201616143,216.0574323608));
#4485 = CARTESIAN_POINT('',(-19.,-12.20470702893,217.02869791411));
#4486 = CARTESIAN_POINT('',(-19.,-13.08930101428,218.0000168));
#4487 = ORIENTED_EDGE('',*,*,#3109,.T.);
#4488 = B_SPLINE_SURFACE_WITH_KNOTS('',1,1,(
    (#4489,#4490)
    ,(#4491,#4492
    )),.UNSPECIFIED.,.F.,.F.,.F.,(2,2),(2,2),(0.,107.),(0.,1.),
  .PIECEWISE_BEZIER_KNOTS.);
#4489 = CARTESIAN_POINT('',(-45.25,11.5,191.));
#4490 = CARTESIAN_POINT('',(-53.5,-14.,219.));
#4491 = CARTESIAN_POINT('',(45.25,11.5,191.));
#4492 = CARTESIAN_POINT('',(53.5,-14.,219.));
#4493 = ADVANCED_FACE('',(#4494),#4521,.T.);
#4494 = FACE_BOUND('',#4495,.T.);
#4495 = EDGE_LOOP('',(#4496,#4503,#4504,#4505,#4515));
#4496 = ORIENTED_EDGE('',*,*,#4497,.F.);
#4497 = EDGE_CURVE('',#4471,#4498,#4500,.T.);
#4498 = VERTEX_POINT('',#4499);
#4499 = CARTESIAN_POINT('',(-19.,-4.733333333333,220.));
#4500 = B_SPLINE_CURVE_WITH_KNOTS('',1,(#4501,#4502),.UNSPECIFIED.,.F.,
  .F.,(2,2),(0.,1.),.PIECEWISE_BEZIER_KNOTS.);
#4501 = CARTESIAN_POINT('',(-19.,-9.,187.));
#4502 = CARTESIAN_POINT('',(-19.,-4.733333333333,220.));
#4503 = ORIENTED_EDGE('',*,*,#4477,.T.);
#4504 = ORIENTED_EDGE('',*,*,#3102,.F.);
#4505 = ORIENTED_EDGE('',*,*,#4506,.T.);
#4506 = EDGE_CURVE('',#3096,#4507,#4509,.T.);
#4507 = VERTEX_POINT('',#4508);
#4508 = CARTESIAN_POINT('',(-19.,-13.74193548387,220.));
#4509 = B_SPLINE_CURVE_WITH_KNOTS('',4,(#4510,#4511,#4512,#4513,#4514),
  .UNSPECIFIED.,.F.,.F.,(5,5),(0.,1.),.PIECEWISE_BEZIER_KNOTS.);
#4510 = CARTESIAN_POINT('',(-19.,-14.0000048,217.9999628));
#4511 = CARTESIAN_POINT('',(-19.,-13.93548698013,218.49997590392));
#4512 = CARTESIAN_POINT('',(-19.,-13.8709694852,218.99998648967));
#4513 = CARTESIAN_POINT('',(-19.,-13.80645231861,219.49999453076));
#4514 = CARTESIAN_POINT('',(-19.,-13.74193548387,220.));
#4515 = ORIENTED_EDGE('',*,*,#4516,.F.);
#4516 = EDGE_CURVE('',#4498,#4507,#4517,.T.);
#4517 = LINE('',#4518,#4519);
#4518 = CARTESIAN_POINT('',(-19.,-4.733333333333,220.));
#4519 = VECTOR('',#4520,1.);
#4520 = DIRECTION('',(0.,-1.,0.));
#4521 = B_SPLINE_SURFACE_WITH_KNOTS('',1,1,(
    (#4522,#4523)
    ,(#4524,#4525
    )),.UNSPECIFIED.,.F.,.F.,.F.,(2,2),(2,2),(0.,12.),(0.,1.),
  .PIECEWISE_BEZIER_KNOTS.);
#4522 = CARTESIAN_POINT('',(-19.,-9.,187.));
#4523 = CARTESIAN_POINT('',(-19.,-4.733333333333,220.));
#4524 = CARTESIAN_POINT('',(-19.,-21.,187.));
#4525 = CARTESIAN_POINT('',(-19.,-16.73333333333,220.));
#4526 = ADVANCED_FACE('',(#4527),#4600,.F.);
#4527 = FACE_BOUND('',#4528,.F.);
#4528 = EDGE_LOOP('',(#4529,#4536,#4537,#4538,#4545,#4555,#4562,#4572,
    #4579,#4587,#4588,#4595));
#4529 = ORIENTED_EDGE('',*,*,#4530,.F.);
#4530 = EDGE_CURVE('',#3089,#4531,#4533,.T.);
#4531 = VERTEX_POINT('',#4532);
#4532 = CARTESIAN_POINT('',(-51.01612903225,-11.16129032258,240.));
#4533 = B_SPLINE_CURVE_WITH_KNOTS('',1,(#4534,#4535),.UNSPECIFIED.,.F.,
  .F.,(2,2),(0.,1.),.PIECEWISE_BEZIER_KNOTS.);
#4534 = CARTESIAN_POINT('',(-57.,-18.,187.));
#4535 = CARTESIAN_POINT('',(-50.,-10.,249.));
#4536 = ORIENTED_EDGE('',*,*,#3095,.F.);
#4537 = ORIENTED_EDGE('',*,*,#4506,.T.);
#4538 = ORIENTED_EDGE('',*,*,#4539,.F.);
#4539 = EDGE_CURVE('',#4540,#4507,#4542,.T.);
#4540 = VERTEX_POINT('',#4541);
#4541 = CARTESIAN_POINT('',(-13.,-13.74193548387,220.));
#4542 = B_SPLINE_CURVE_WITH_KNOTS('',1,(#4543,#4544),.UNSPECIFIED.,.F.,
  .F.,(2,2),(0.,1.),.PIECEWISE_BEZIER_KNOTS.);
#4543 = CARTESIAN_POINT('',(-11.50430107526,-13.74193548387,220.));
#4544 = CARTESIAN_POINT('',(-23.50430107526,-13.74193548387,220.));
#4545 = ORIENTED_EDGE('',*,*,#4546,.T.);
#4546 = EDGE_CURVE('',#4540,#4547,#4549,.T.);
#4547 = VERTEX_POINT('',#4548);
#4548 = CARTESIAN_POINT('',(-13.,-14.,218.));
#4549 = B_SPLINE_CURVE_WITH_KNOTS('',4,(#4550,#4551,#4552,#4553,#4554),
  .UNSPECIFIED.,.F.,.F.,(5,5),(0.,1.),.PIECEWISE_BEZIER_KNOTS.);
#4550 = CARTESIAN_POINT('',(-13.,-13.74193548387,220.));
#4551 = CARTESIAN_POINT('',(-13.,-13.80645258128,219.49999249508));
#4552 = CARTESIAN_POINT('',(-13.,-13.87096983419,218.99998378499));
#4553 = CARTESIAN_POINT('',(-13.,-13.93548724096,218.49997388248));
#4554 = CARTESIAN_POINT('',(-13.,-14.0000048,217.9999628));
#4555 = ORIENTED_EDGE('',*,*,#4556,.F.);
#4556 = EDGE_CURVE('',#4557,#4547,#4559,.T.);
#4557 = VERTEX_POINT('',#4558);
#4558 = CARTESIAN_POINT('',(13.,-14.,218.));
#4559 = B_SPLINE_CURVE_WITH_KNOTS('',1,(#4560,#4561),.UNSPECIFIED.,.F.,
  .F.,(2,2),(0.,1.),.PIECEWISE_BEZIER_KNOTS.);
#4560 = CARTESIAN_POINT('',(53.5,-14.,218.));
#4561 = CARTESIAN_POINT('',(-53.5,-14.,218.));
#4562 = ORIENTED_EDGE('',*,*,#4563,.T.);
#4563 = EDGE_CURVE('',#4557,#4564,#4566,.T.);
#4564 = VERTEX_POINT('',#4565);
#4565 = CARTESIAN_POINT('',(13.,-13.74193548387,220.));
#4566 = B_SPLINE_CURVE_WITH_KNOTS('',4,(#4567,#4568,#4569,#4570,#4571),
  .UNSPECIFIED.,.F.,.F.,(5,5),(0.,1.),.PIECEWISE_BEZIER_KNOTS.);
#4567 = CARTESIAN_POINT('',(13.,-14.0000048,217.9999628));
#4568 = CARTESIAN_POINT('',(13.,-13.93548724096,218.49997388248));
#4569 = CARTESIAN_POINT('',(13.,-13.87096983419,218.99998378499));
#4570 = CARTESIAN_POINT('',(13.,-13.80645258128,219.49999249508));
#4571 = CARTESIAN_POINT('',(13.,-13.74193548387,220.));
#4572 = ORIENTED_EDGE('',*,*,#4573,.F.);
#4573 = EDGE_CURVE('',#4574,#4564,#4576,.T.);
#4574 = VERTEX_POINT('',#4575);
#4575 = CARTESIAN_POINT('',(19.,-13.74193548387,220.));
#4576 = B_SPLINE_CURVE_WITH_KNOTS('',1,(#4577,#4578),.UNSPECIFIED.,.F.,
  .F.,(2,2),(0.,1.),.PIECEWISE_BEZIER_KNOTS.);
#4577 = CARTESIAN_POINT('',(20.495698924731,-13.74193548387,220.));
#4578 = CARTESIAN_POINT('',(8.495698924731,-13.74193548387,220.));
#4579 = ORIENTED_EDGE('',*,*,#4580,.T.);
#4580 = EDGE_CURVE('',#4574,#3581,#4581,.T.);
#4581 = B_SPLINE_CURVE_WITH_KNOTS('',4,(#4582,#4583,#4584,#4585,#4586),
  .UNSPECIFIED.,.F.,.F.,(5,5),(0.,1.),.PIECEWISE_BEZIER_KNOTS.);
#4582 = CARTESIAN_POINT('',(19.,-13.74193548387,220.));
#4583 = CARTESIAN_POINT('',(19.,-13.80645231861,219.49999453076));
#4584 = CARTESIAN_POINT('',(19.,-13.8709694852,218.99998648967));
#4585 = CARTESIAN_POINT('',(19.,-13.93548698013,218.49997590392));
#4586 = CARTESIAN_POINT('',(19.,-14.0000048,217.9999628));
#4587 = ORIENTED_EDGE('',*,*,#3587,.F.);
#4588 = ORIENTED_EDGE('',*,*,#4589,.T.);
#4589 = EDGE_CURVE('',#3551,#4590,#4592,.T.);
#4590 = VERTEX_POINT('',#4591);
#4591 = CARTESIAN_POINT('',(51.016129032258,-11.16129032258,240.));
#4592 = B_SPLINE_CURVE_WITH_KNOTS('',1,(#4593,#4594),.UNSPECIFIED.,.F.,
  .F.,(2,2),(0.,1.),.PIECEWISE_BEZIER_KNOTS.);
#4593 = CARTESIAN_POINT('',(57.,-18.,187.));
#4594 = CARTESIAN_POINT('',(50.,-10.,249.));
#4595 = ORIENTED_EDGE('',*,*,#4596,.T.);
#4596 = EDGE_CURVE('',#4590,#4531,#4597,.T.);
#4597 = B_SPLINE_CURVE_WITH_KNOTS('',1,(#4598,#4599),.UNSPECIFIED.,.F.,
  .F.,(2,2),(0.,1.),.PIECEWISE_BEZIER_KNOTS.);
#4598 = CARTESIAN_POINT('',(51.016129032258,-11.16129032258,240.));
#4599 = CARTESIAN_POINT('',(-51.01612903225,-11.16129032258,240.));
#4600 = B_SPLINE_SURFACE_WITH_KNOTS('',1,1,(
    (#4601,#4602)
    ,(#4603,#4604
    )),.UNSPECIFIED.,.F.,.F.,.F.,(2,2),(2,2),(0.,114.),(0.,1.),
  .PIECEWISE_BEZIER_KNOTS.);
#4601 = CARTESIAN_POINT('',(-57.,-18.,187.));
#4602 = CARTESIAN_POINT('',(-50.,-10.,249.));
#4603 = CARTESIAN_POINT('',(57.,-18.,187.));
#4604 = CARTESIAN_POINT('',(50.,-10.,249.));
#4605 = ADVANCED_FACE('',(#4606),#4616,.F.);
#4606 = FACE_BOUND('',#4607,.F.);
#4607 = EDGE_LOOP('',(#4608,#4609,#4610,#4611));
#4608 = ORIENTED_EDGE('',*,*,#3132,.F.);
#4609 = ORIENTED_EDGE('',*,*,#3088,.F.);
#4610 = ORIENTED_EDGE('',*,*,#4530,.T.);
#4611 = ORIENTED_EDGE('',*,*,#4612,.T.);
#4612 = EDGE_CURVE('',#4531,#3133,#4613,.T.);
#4613 = B_SPLINE_CURVE_WITH_KNOTS('',1,(#4614,#4615),.UNSPECIFIED.,.F.,
  .F.,(2,2),(0.,1.),.PIECEWISE_BEZIER_KNOTS.);
#4614 = CARTESIAN_POINT('',(-51.01612903225,-11.16129032258,240.));
#4615 = CARTESIAN_POINT('',(-54.3064516129,-7.870967741935,240.));
#4616 = B_SPLINE_SURFACE_WITH_KNOTS('',1,1,(
    (#4617,#4618)
    ,(#4619,#4620
    )),.UNSPECIFIED.,.F.,.F.,.F.,(2,2),(2,2),(0.,7.071067811865),(0.,1.)
  ,.PIECEWISE_BEZIER_KNOTS.);
#4617 = CARTESIAN_POINT('',(-62.,-13.,187.));
#4618 = CARTESIAN_POINT('',(-53.,-7.,249.));
#4619 = CARTESIAN_POINT('',(-57.,-18.,187.));
#4620 = CARTESIAN_POINT('',(-50.,-10.,249.));
#4621 = ADVANCED_FACE('',(#4622),#4639,.F.);
#4622 = FACE_BOUND('',#4623,.F.);
#4623 = EDGE_LOOP('',(#4624,#4625,#4626,#4633,#4638));
#4624 = ORIENTED_EDGE('',*,*,#3171,.F.);
#4625 = ORIENTED_EDGE('',*,*,#3146,.T.);
#4626 = ORIENTED_EDGE('',*,*,#4627,.F.);
#4627 = EDGE_CURVE('',#4628,#3140,#4630,.T.);
#4628 = VERTEX_POINT('',#4629);
#4629 = CARTESIAN_POINT('',(-50.74444444444,-11.15555555555,240.));
#4630 = B_SPLINE_CURVE_WITH_KNOTS('',1,(#4631,#4632),.UNSPECIFIED.,.F.,
  .F.,(2,2),(0.,1.),.PIECEWISE_BEZIER_KNOTS.);
#4631 = CARTESIAN_POINT('',(-50.74444444444,-11.15555555555,240.));
#4632 = CARTESIAN_POINT('',(-54.31111111111,-7.588888888889,240.));
#4633 = ORIENTED_EDGE('',*,*,#4634,.T.);
#4634 = EDGE_CURVE('',#4628,#4279,#4635,.T.);
#4635 = B_SPLINE_CURVE_WITH_KNOTS('',1,(#4636,#4637),.UNSPECIFIED.,.F.,
  .F.,(2,2),(0.,1.),.PIECEWISE_BEZIER_KNOTS.);
#4636 = CARTESIAN_POINT('',(-50.8,-11.25,239.5));
#4637 = CARTESIAN_POINT('',(-50.3,-10.4,244.));
#4638 = ORIENTED_EDGE('',*,*,#4278,.F.);
#4639 = B_SPLINE_SURFACE_WITH_KNOTS('',1,1,(
    (#4640,#4641)
    ,(#4642,#4643
    )),.UNSPECIFIED.,.F.,.F.,.F.,(2,2),(2,2),(0.,5.091168824543),(0.,1.)
  ,.PIECEWISE_BEZIER_KNOTS.);
#4640 = CARTESIAN_POINT('',(-54.4,-7.65,239.5));
#4641 = CARTESIAN_POINT('',(-53.6,-7.1,244.));
#4642 = CARTESIAN_POINT('',(-50.8,-11.25,239.5));
#4643 = CARTESIAN_POINT('',(-50.3,-10.4,244.));
#4644 = ADVANCED_FACE('',(#4645),#4669,.F.);
#4645 = FACE_BOUND('',#4646,.F.);
#4646 = EDGE_LOOP('',(#4647,#4648,#4655,#4660,#4661,#4662,#4663,#4664));
#4647 = ORIENTED_EDGE('',*,*,#3537,.F.);
#4648 = ORIENTED_EDGE('',*,*,#4649,.T.);
#4649 = EDGE_CURVE('',#3528,#4650,#4652,.T.);
#4650 = VERTEX_POINT('',#4651);
#4651 = CARTESIAN_POINT('',(50.744444444444,-11.15555555555,240.));
#4652 = B_SPLINE_CURVE_WITH_KNOTS('',1,(#4653,#4654),.UNSPECIFIED.,.F.,
  .F.,(2,2),(0.,1.),.PIECEWISE_BEZIER_KNOTS.);
#4653 = CARTESIAN_POINT('',(54.311111111111,-7.588888888889,240.));
#4654 = CARTESIAN_POINT('',(50.744444444444,-11.15555555555,240.));
#4655 = ORIENTED_EDGE('',*,*,#4656,.T.);
#4656 = EDGE_CURVE('',#4650,#4628,#4657,.T.);
#4657 = B_SPLINE_CURVE_WITH_KNOTS('',1,(#4658,#4659),.UNSPECIFIED.,.F.,
  .F.,(2,2),(0.,1.),.PIECEWISE_BEZIER_KNOTS.);
#4658 = CARTESIAN_POINT('',(50.744444444444,-11.15555555555,240.));
#4659 = CARTESIAN_POINT('',(-50.74444444444,-11.15555555555,240.));
#4660 = ORIENTED_EDGE('',*,*,#4627,.T.);
#4661 = ORIENTED_EDGE('',*,*,#3139,.F.);
#4662 = ORIENTED_EDGE('',*,*,#4612,.F.);
#4663 = ORIENTED_EDGE('',*,*,#4596,.F.);
#4664 = ORIENTED_EDGE('',*,*,#4665,.F.);
#4665 = EDGE_CURVE('',#3514,#4590,#4666,.T.);
#4666 = B_SPLINE_CURVE_WITH_KNOTS('',1,(#4667,#4668),.UNSPECIFIED.,.F.,
  .F.,(2,2),(0.,1.),.PIECEWISE_BEZIER_KNOTS.);
#4667 = CARTESIAN_POINT('',(54.306451612903,-7.870967741935,240.));
#4668 = CARTESIAN_POINT('',(51.016129032258,-11.16129032258,240.));
#4669 = PLANE('',#4670);
#4670 = AXIS2_PLACEMENT_3D('',#4671,#4672,#4673);
#4671 = CARTESIAN_POINT('',(-51.1,-14.05,240.));
#4672 = DIRECTION('',(0.,0.,1.));
#4673 = DIRECTION('',(0.920415029881,0.390942671972,0.));
#4674 = ADVANCED_FACE('',(#4675),#4698,.T.);
#4675 = FACE_BOUND('',#4676,.T.);
#4676 = EDGE_LOOP('',(#4677,#4682,#4683,#4690,#4696,#4697));
#4677 = ORIENTED_EDGE('',*,*,#4678,.F.);
#4678 = EDGE_CURVE('',#4118,#3957,#4679,.T.);
#4679 = B_SPLINE_CURVE_WITH_KNOTS('',1,(#4680,#4681),.UNSPECIFIED.,.F.,
  .F.,(2,2),(0.,1.),.PIECEWISE_BEZIER_KNOTS.);
#4680 = CARTESIAN_POINT('',(-17.56173761888,-8.680048168289,
    147.2493900951));
#4681 = CARTESIAN_POINT('',(-17.56173761888,3.319951831711,
    147.2493900951));
#4682 = ORIENTED_EDGE('',*,*,#4117,.T.);
#4683 = ORIENTED_EDGE('',*,*,#4684,.T.);
#4684 = EDGE_CURVE('',#4110,#4685,#4687,.T.);
#4685 = VERTEX_POINT('',#4686);
#4686 = CARTESIAN_POINT('',(-2.561249694973,-2.348837209302,166.));
#4687 = B_SPLINE_CURVE_WITH_KNOTS('',1,(#4688,#4689),.UNSPECIFIED.,.F.,
  .F.,(2,2),(0.,1.),.PIECEWISE_BEZIER_KNOTS.);
#4688 = CARTESIAN_POINT('',(-2.561249694973,-14.3488372093,166.));
#4689 = CARTESIAN_POINT('',(-2.561249694973,-2.348837209302,166.));
#4690 = ORIENTED_EDGE('',*,*,#4691,.F.);
#4691 = EDGE_CURVE('',#3218,#4685,#4692,.T.);
#4692 = LINE('',#4693,#4694);
#4693 = CARTESIAN_POINT('',(-17.56173761888,3.319951831711,
    147.2493900951));
#4694 = VECTOR('',#4695,1.);
#4695 = DIRECTION('',(0.607982649232,-0.229760884884,0.75997831154));
#4696 = ORIENTED_EDGE('',*,*,#3217,.F.);
#4697 = ORIENTED_EDGE('',*,*,#3963,.T.);
#4698 = B_SPLINE_SURFACE_WITH_KNOTS('',1,1,(
    (#4699,#4700)
    ,(#4701,#4702
    )),.UNSPECIFIED.,.F.,.F.,.F.,(2,2),(2,2),(0.,52.633080961176),(0.,1.
    ),.PIECEWISE_BEZIER_KNOTS.);
#4699 = CARTESIAN_POINT('',(-17.56173761888,-8.680048168289,
    147.2493900951));
#4700 = CARTESIAN_POINT('',(-17.56173761888,3.319951831711,
    147.2493900951));
#4701 = CARTESIAN_POINT('',(14.438262381114,-20.7730714241,
    187.2493900951));
#4702 = CARTESIAN_POINT('',(14.438262381114,-8.773071424103,
    187.2493900951));
#4703 = ADVANCED_FACE('',(#4704),#4768,.T.);
#4704 = FACE_BOUND('',#4705,.T.);
#4705 = EDGE_LOOP('',(#4706,#4714,#4715,#4716,#4722,#4723,#4724,#4730,
    #4731,#4739,#4745,#4746,#4754,#4762));
#4706 = ORIENTED_EDGE('',*,*,#4707,.T.);
#4707 = EDGE_CURVE('',#4708,#3225,#4710,.T.);
#4708 = VERTEX_POINT('',#4709);
#4709 = CARTESIAN_POINT('',(-13.,3.531867617286,146.54843788128));
#4710 = LINE('',#4711,#4712);
#4711 = CARTESIAN_POINT('',(-13.,22.132473438155,85.02335708918));
#4712 = VECTOR('',#4713,1.);
#4713 = DIRECTION('',(0.,-0.289389501276,0.957211427299));
#4714 = ORIENTED_EDGE('',*,*,#3224,.T.);
#4715 = ORIENTED_EDGE('',*,*,#4691,.T.);
#4716 = ORIENTED_EDGE('',*,*,#4717,.T.);
#4717 = EDGE_CURVE('',#4685,#3261,#4718,.T.);
#4718 = LINE('',#4719,#4720);
#4719 = CARTESIAN_POINT('',(14.438262381114,4.075397005498,
    144.75060990489));
#4720 = VECTOR('',#4721,1.);
#4721 = DIRECTION('',(-0.607982649232,-0.229760884884,0.75997831154));
#4722 = ORIENTED_EDGE('',*,*,#3260,.T.);
#4723 = ORIENTED_EDGE('',*,*,#4147,.T.);
#4724 = ORIENTED_EDGE('',*,*,#4725,.T.);
#4725 = EDGE_CURVE('',#4141,#3304,#4726,.T.);
#4726 = LINE('',#4727,#4728);
#4727 = CARTESIAN_POINT('',(-17.56173761888,3.319951831711,
    147.2493900951));
#4728 = VECTOR('',#4729,1.);
#4729 = DIRECTION('',(0.607982649232,-0.229760884884,0.75997831154));
#4730 = ORIENTED_EDGE('',*,*,#3303,.F.);
#4731 = ORIENTED_EDGE('',*,*,#4732,.T.);
#4732 = EDGE_CURVE('',#3297,#4733,#4735,.T.);
#4733 = VERTEX_POINT('',#4734);
#4734 = CARTESIAN_POINT('',(2.561249694973,-2.348837209302,166.));
#4735 = LINE('',#4736,#4737);
#4736 = CARTESIAN_POINT('',(17.561737618886,-8.017626250316,
    184.75060990489));
#4737 = VECTOR('',#4738,1.);
#4738 = DIRECTION('',(-0.607982649232,0.229760884884,-0.75997831154));
#4739 = ORIENTED_EDGE('',*,*,#4740,.T.);
#4740 = EDGE_CURVE('',#4733,#3281,#4741,.T.);
#4741 = LINE('',#4742,#4743);
#4742 = CARTESIAN_POINT('',(-14.43826238111,-8.773071424103,
    187.2493900951));
#4743 = VECTOR('',#4744,1.);
#4744 = DIRECTION('',(0.607982649232,0.229760884884,-0.75997831154));
#4745 = ORIENTED_EDGE('',*,*,#3339,.F.);
#4746 = ORIENTED_EDGE('',*,*,#4747,.F.);
#4747 = EDGE_CURVE('',#4748,#3332,#4750,.T.);
#4748 = VERTEX_POINT('',#4749);
#4749 = CARTESIAN_POINT('',(13.,3.531867617286,146.54843788128));
#4750 = LINE('',#4751,#4752);
#4751 = CARTESIAN_POINT('',(13.,22.510196025048,83.773966994071));
#4752 = VECTOR('',#4753,1.);
#4753 = DIRECTION('',(0.,-0.289389501276,0.957211427299));
#4754 = ORIENTED_EDGE('',*,*,#4755,.T.);
#4755 = EDGE_CURVE('',#4748,#4756,#4758,.T.);
#4756 = VERTEX_POINT('',#4757);
#4757 = CARTESIAN_POINT('',(-1.7763568394E-15,-1.380923080388,
    162.79843788128));
#4758 = LINE('',#4759,#4760);
#4759 = CARTESIAN_POINT('',(14.438262381114,4.075397005498,
    144.75060990489));
#4760 = VECTOR('',#4761,1.);
#4761 = DIRECTION('',(-0.607982649232,-0.229760884884,0.75997831154));
#4762 = ORIENTED_EDGE('',*,*,#4763,.T.);
#4763 = EDGE_CURVE('',#4756,#4708,#4764,.T.);
#4764 = LINE('',#4765,#4766);
#4765 = CARTESIAN_POINT('',(17.561737618886,-8.017626250316,
    184.75060990489));
#4766 = VECTOR('',#4767,1.);
#4767 = DIRECTION('',(-0.607982649232,0.229760884884,-0.75997831154));
#4768 = PLANE('',#4769);
#4769 = AXIS2_PLACEMENT_3D('',#4770,#4771,#4772);
#4770 = CARTESIAN_POINT('',(-1.8846858996E-15,-2.348837209302,166.));
#4771 = DIRECTION('',(0.,0.957211427299,0.289389501276));
#4772 = DIRECTION('',(0.,-0.289389501276,0.957211427299));
#4773 = ADVANCED_FACE('',(#4774),#4887,.T.);
#4774 = FACE_BOUND('',#4775,.T.);
#4775 = EDGE_LOOP('',(#4776,#4786,#4794,#4802,#4808,#4809,#4810,#4817,
    #4825,#4833,#4841,#4849,#4857,#4865,#4873,#4881));
#4776 = ORIENTED_EDGE('',*,*,#4777,.F.);
#4777 = EDGE_CURVE('',#4778,#4780,#4782,.T.);
#4778 = VERTEX_POINT('',#4779);
#4779 = CARTESIAN_POINT('',(-13.,-8.,64.860588706619));
#4780 = VERTEX_POINT('',#4781);
#4781 = CARTESIAN_POINT('',(-13.,-8.,68.));
#4782 = LINE('',#4783,#4784);
#4783 = CARTESIAN_POINT('',(-13.,-8.,8.));
#4784 = VECTOR('',#4785,1.);
#4785 = DIRECTION('',(0.,0.,1.));
#4786 = ORIENTED_EDGE('',*,*,#4787,.T.);
#4787 = EDGE_CURVE('',#4778,#4788,#4790,.T.);
#4788 = VERTEX_POINT('',#4789);
#4789 = CARTESIAN_POINT('',(-13.,4.,64.860588706619));
#4790 = LINE('',#4791,#4792);
#4791 = CARTESIAN_POINT('',(-13.,-8.,64.860588706619));
#4792 = VECTOR('',#4793,1.);
#4793 = DIRECTION('',(0.,1.,0.));
#4794 = ORIENTED_EDGE('',*,*,#4795,.T.);
#4795 = EDGE_CURVE('',#4788,#4796,#4798,.T.);
#4796 = VERTEX_POINT('',#4797);
#4797 = CARTESIAN_POINT('',(-13.,4.,147.));
#4798 = LINE('',#4799,#4800);
#4799 = CARTESIAN_POINT('',(-13.,4.,8.));
#4800 = VECTOR('',#4801,1.);
#4801 = DIRECTION('',(0.,0.,1.));
#4802 = ORIENTED_EDGE('',*,*,#4803,.F.);
#4803 = EDGE_CURVE('',#3232,#4796,#4804,.T.);
#4804 = LINE('',#4805,#4806);
#4805 = CARTESIAN_POINT('',(-13.,-8.,147.));
#4806 = VECTOR('',#4807,1.);
#4807 = DIRECTION('',(0.,1.,0.));
#4808 = ORIENTED_EDGE('',*,*,#3231,.F.);
#4809 = ORIENTED_EDGE('',*,*,#4707,.F.);
#4810 = ORIENTED_EDGE('',*,*,#4811,.F.);
#4811 = EDGE_CURVE('',#4812,#4708,#4814,.T.);
#4812 = VERTEX_POINT('',#4813);
#4813 = CARTESIAN_POINT('',(-13.,-8.,146.54843788128));
#4814 = B_SPLINE_CURVE_WITH_KNOTS('',1,(#4815,#4816),.UNSPECIFIED.,.F.,
  .F.,(2,2),(0.,1.),.PIECEWISE_BEZIER_KNOTS.);
#4815 = CARTESIAN_POINT('',(-13.,-8.,146.54843788128));
#4816 = CARTESIAN_POINT('',(-13.,3.531867617286,146.54843788128));
#4817 = ORIENTED_EDGE('',*,*,#4818,.F.);
#4818 = EDGE_CURVE('',#4819,#4812,#4821,.T.);
#4819 = VERTEX_POINT('',#4820);
#4820 = CARTESIAN_POINT('',(-13.,-8.,145.));
#4821 = LINE('',#4822,#4823);
#4822 = CARTESIAN_POINT('',(-13.,-8.,8.));
#4823 = VECTOR('',#4824,1.);
#4824 = DIRECTION('',(0.,0.,1.));
#4825 = ORIENTED_EDGE('',*,*,#4826,.F.);
#4826 = EDGE_CURVE('',#4827,#4819,#4829,.T.);
#4827 = VERTEX_POINT('',#4828);
#4828 = CARTESIAN_POINT('',(-13.,-8.,144.));
#4829 = LINE('',#4830,#4831);
#4830 = CARTESIAN_POINT('',(-13.,-8.,8.));
#4831 = VECTOR('',#4832,1.);
#4832 = DIRECTION('',(0.,0.,1.));
#4833 = ORIENTED_EDGE('',*,*,#4834,.F.);
#4834 = EDGE_CURVE('',#4835,#4827,#4837,.T.);
#4835 = VERTEX_POINT('',#4836);
#4836 = CARTESIAN_POINT('',(-13.,-6.7,144.));
#4837 = LINE('',#4838,#4839);
#4838 = CARTESIAN_POINT('',(-13.,-10.6,144.));
#4839 = VECTOR('',#4840,1.);
#4840 = DIRECTION('',(0.,-1.,0.));
#4841 = ORIENTED_EDGE('',*,*,#4842,.T.);
#4842 = EDGE_CURVE('',#4835,#4843,#4845,.T.);
#4843 = VERTEX_POINT('',#4844);
#4844 = CARTESIAN_POINT('',(-13.,-6.7,128.));
#4845 = LINE('',#4846,#4847);
#4846 = CARTESIAN_POINT('',(-13.,-6.7,57.));
#4847 = VECTOR('',#4848,1.);
#4848 = DIRECTION('',(0.,0.,-1.));
#4849 = ORIENTED_EDGE('',*,*,#4850,.T.);
#4850 = EDGE_CURVE('',#4843,#4851,#4853,.T.);
#4851 = VERTEX_POINT('',#4852);
#4852 = CARTESIAN_POINT('',(-13.,-8.,128.));
#4853 = LINE('',#4854,#4855);
#4854 = CARTESIAN_POINT('',(-13.,-10.75,128.));
#4855 = VECTOR('',#4856,1.);
#4856 = DIRECTION('',(0.,-1.,0.));
#4857 = ORIENTED_EDGE('',*,*,#4858,.F.);
#4858 = EDGE_CURVE('',#4859,#4851,#4861,.T.);
#4859 = VERTEX_POINT('',#4860);
#4860 = CARTESIAN_POINT('',(-13.,-8.,84.));
#4861 = LINE('',#4862,#4863);
#4862 = CARTESIAN_POINT('',(-13.,-8.,8.));
#4863 = VECTOR('',#4864,1.);
#4864 = DIRECTION('',(0.,0.,1.));
#4865 = ORIENTED_EDGE('',*,*,#4866,.T.);
#4866 = EDGE_CURVE('',#4859,#4867,#4869,.T.);
#4867 = VERTEX_POINT('',#4868);
#4868 = CARTESIAN_POINT('',(-13.,-6.7,84.));
#4869 = LINE('',#4870,#4871);
#4870 = CARTESIAN_POINT('',(-13.,-10.75,84.));
#4871 = VECTOR('',#4872,1.);
#4872 = DIRECTION('',(0.,1.,0.));
#4873 = ORIENTED_EDGE('',*,*,#4874,.T.);
#4874 = EDGE_CURVE('',#4867,#4875,#4877,.T.);
#4875 = VERTEX_POINT('',#4876);
#4876 = CARTESIAN_POINT('',(-13.,-6.7,68.));
#4877 = LINE('',#4878,#4879);
#4878 = CARTESIAN_POINT('',(-13.,-6.7,57.));
#4879 = VECTOR('',#4880,1.);
#4880 = DIRECTION('',(0.,0.,-1.));
#4881 = ORIENTED_EDGE('',*,*,#4882,.F.);
#4882 = EDGE_CURVE('',#4780,#4875,#4883,.T.);
#4883 = LINE('',#4884,#4885);
#4884 = CARTESIAN_POINT('',(-13.,-10.6,68.));
#4885 = VECTOR('',#4886,1.);
#4886 = DIRECTION('',(0.,1.,0.));
#4887 = PLANE('',#4888);
#4888 = AXIS2_PLACEMENT_3D('',#4889,#4890,#4891);
#4889 = CARTESIAN_POINT('',(-13.,-8.,8.));
#4890 = DIRECTION('',(1.,0.,0.));
#4891 = DIRECTION('',(0.,0.,1.));
#4892 = ADVANCED_FACE('',(#4893),#4901,.T.);
#4893 = FACE_BOUND('',#4894,.T.);
#4894 = EDGE_LOOP('',(#4895,#4896,#4897,#4898,#4899,#4900));
#4895 = ORIENTED_EDGE('',*,*,#4684,.F.);
#4896 = ORIENTED_EDGE('',*,*,#4109,.T.);
#4897 = ORIENTED_EDGE('',*,*,#4007,.T.);
#4898 = ORIENTED_EDGE('',*,*,#3969,.F.);
#4899 = ORIENTED_EDGE('',*,*,#3267,.F.);
#4900 = ORIENTED_EDGE('',*,*,#4717,.F.);
#4901 = B_SPLINE_SURFACE_WITH_KNOTS('',1,1,(
    (#4902,#4903)
    ,(#4904,#4905
    )),.UNSPECIFIED.,.F.,.F.,.F.,(2,2),(2,2),(0.,52.633080961176),(0.,1.
    ),.PIECEWISE_BEZIER_KNOTS.);
#4902 = CARTESIAN_POINT('',(14.438262381114,-7.924602994502,
    144.75060990489));
#4903 = CARTESIAN_POINT('',(14.438262381114,4.075397005498,
    144.75060990489));
#4904 = CARTESIAN_POINT('',(-17.56173761888,-20.01762625031,
    184.75060990489));
#4905 = CARTESIAN_POINT('',(-17.56173761888,-8.017626250316,
    184.75060990489));
#4906 = ADVANCED_FACE('',(#4907),#4929,.T.);
#4907 = FACE_BOUND('',#4908,.T.);
#4908 = EDGE_LOOP('',(#4909,#4914,#4915,#4922,#4927,#4928));
#4909 = ORIENTED_EDGE('',*,*,#4910,.F.);
#4910 = EDGE_CURVE('',#4071,#4733,#4911,.T.);
#4911 = B_SPLINE_CURVE_WITH_KNOTS('',1,(#4912,#4913),.UNSPECIFIED.,.F.,
  .F.,(2,2),(0.,1.),.PIECEWISE_BEZIER_KNOTS.);
#4912 = CARTESIAN_POINT('',(2.561249694973,-14.3488372093,166.));
#4913 = CARTESIAN_POINT('',(2.561249694973,-2.348837209302,166.));
#4914 = ORIENTED_EDGE('',*,*,#4070,.T.);
#4915 = ORIENTED_EDGE('',*,*,#4916,.T.);
#4916 = EDGE_CURVE('',#4063,#4917,#4919,.T.);
#4917 = VERTEX_POINT('',#4918);
#4918 = CARTESIAN_POINT('',(17.561737618886,-8.6645925281,147.2493900951
    ));
#4919 = B_SPLINE_CURVE_WITH_KNOTS('',1,(#4920,#4921),.UNSPECIFIED.,.F.,
  .F.,(2,2),(0.,1.),.PIECEWISE_BEZIER_KNOTS.);
#4920 = CARTESIAN_POINT('',(17.561737618886,-8.680048168289,
    147.2493900951));
#4921 = CARTESIAN_POINT('',(17.561737618886,3.319951831711,
    147.2493900951));
#4922 = ORIENTED_EDGE('',*,*,#4923,.T.);
#4923 = EDGE_CURVE('',#4917,#3283,#4924,.T.);
#4924 = B_SPLINE_CURVE_WITH_KNOTS('',1,(#4925,#4926),.UNSPECIFIED.,.F.,
  .F.,(2,2),(0.,1.),.PIECEWISE_BEZIER_KNOTS.);
#4925 = CARTESIAN_POINT('',(17.561737618886,-8.6645925281,147.2493900951
    ));
#4926 = CARTESIAN_POINT('',(13.,-10.34932517143,152.95156211871));
#4927 = ORIENTED_EDGE('',*,*,#3280,.F.);
#4928 = ORIENTED_EDGE('',*,*,#4740,.F.);
#4929 = B_SPLINE_SURFACE_WITH_KNOTS('',1,1,(
    (#4930,#4931)
    ,(#4932,#4933
    )),.UNSPECIFIED.,.F.,.F.,.F.,(2,2),(2,2),(0.,52.633080961176),(0.,1.
    ),.PIECEWISE_BEZIER_KNOTS.);
#4930 = CARTESIAN_POINT('',(-14.43826238111,-20.7730714241,
    187.2493900951));
#4931 = CARTESIAN_POINT('',(-14.43826238111,-8.773071424103,
    187.2493900951));
#4932 = CARTESIAN_POINT('',(17.561737618886,-8.680048168289,
    147.2493900951));
#4933 = CARTESIAN_POINT('',(17.561737618886,3.319951831711,
    147.2493900951));
#4934 = ADVANCED_FACE('',(#4935),#4964,.T.);
#4935 = FACE_BOUND('',#4936,.T.);
#4936 = EDGE_LOOP('',(#4937,#4938,#4939,#4944,#4950,#4951,#4952,#4959));
#4937 = ORIENTED_EDGE('',*,*,#3289,.F.);
#4938 = ORIENTED_EDGE('',*,*,#4923,.F.);
#4939 = ORIENTED_EDGE('',*,*,#4940,.F.);
#4940 = EDGE_CURVE('',#4055,#4917,#4941,.T.);
#4941 = B_SPLINE_CURVE_WITH_KNOTS('',1,(#4942,#4943),.UNSPECIFIED.,.F.,
  .F.,(2,2),(0.,1.),.PIECEWISE_BEZIER_KNOTS.);
#4942 = CARTESIAN_POINT('',(14.75,-8.,145.));
#4943 = CARTESIAN_POINT('',(17.561737618886,-8.6645925281,147.2493900951
    ));
#4944 = ORIENTED_EDGE('',*,*,#4945,.T.);
#4945 = EDGE_CURVE('',#4055,#3400,#4946,.T.);
#4946 = LINE('',#4947,#4948);
#4947 = CARTESIAN_POINT('',(13.,-8.,145.));
#4948 = VECTOR('',#4949,1.);
#4949 = DIRECTION('',(1.,0.,0.));
#4950 = ORIENTED_EDGE('',*,*,#3399,.T.);
#4951 = ORIENTED_EDGE('',*,*,#3384,.T.);
#4952 = ORIENTED_EDGE('',*,*,#4953,.F.);
#4953 = EDGE_CURVE('',#4954,#3378,#4956,.T.);
#4954 = VERTEX_POINT('',#4955);
#4955 = CARTESIAN_POINT('',(17.561737618886,-19.74449838099,
    184.75060990489));
#4956 = B_SPLINE_CURVE_WITH_KNOTS('',1,(#4957,#4958),.UNSPECIFIED.,.F.,
  .F.,(2,2),(0.,1.),.PIECEWISE_BEZIER_KNOTS.);
#4957 = CARTESIAN_POINT('',(17.561737618886,-19.74449838099,
    184.75060990489));
#4958 = CARTESIAN_POINT('',(14.75,-20.40909090909,187.));
#4959 = ORIENTED_EDGE('',*,*,#4960,.F.);
#4960 = EDGE_CURVE('',#3290,#4954,#4961,.T.);
#4961 = B_SPLINE_CURVE_WITH_KNOTS('',1,(#4962,#4963),.UNSPECIFIED.,.F.,
  .F.,(2,2),(0.,1.),.PIECEWISE_BEZIER_KNOTS.);
#4962 = CARTESIAN_POINT('',(13.,-18.05976573765,179.04843788128));
#4963 = CARTESIAN_POINT('',(17.561737618886,-19.74449838099,
    184.75060990489));
#4964 = PLANE('',#4965);
#4965 = AXIS2_PLACEMENT_3D('',#4966,#4967,#4968);
#4966 = CARTESIAN_POINT('',(13.,-21.,189.));
#4967 = DIRECTION('',(0.,-0.959017708059,-0.283346141017));
#4968 = DIRECTION('',(1.,0.,0.));
#4969 = ADVANCED_FACE('',(#4970),#4982,.T.);
#4970 = FACE_BOUND('',#4971,.T.);
#4971 = EDGE_LOOP('',(#4972,#4977,#4978,#4979,#4980,#4981));
#4972 = ORIENTED_EDGE('',*,*,#4973,.F.);
#4973 = EDGE_CURVE('',#4079,#4954,#4974,.T.);
#4974 = B_SPLINE_CURVE_WITH_KNOTS('',1,(#4975,#4976),.UNSPECIFIED.,.F.,
  .F.,(2,2),(0.,1.),.PIECEWISE_BEZIER_KNOTS.);
#4975 = CARTESIAN_POINT('',(17.561737618886,-20.01762625031,
    184.75060990489));
#4976 = CARTESIAN_POINT('',(17.561737618886,-8.017626250316,
    184.75060990489));
#4977 = ORIENTED_EDGE('',*,*,#4078,.T.);
#4978 = ORIENTED_EDGE('',*,*,#4910,.T.);
#4979 = ORIENTED_EDGE('',*,*,#4732,.F.);
#4980 = ORIENTED_EDGE('',*,*,#3296,.F.);
#4981 = ORIENTED_EDGE('',*,*,#4960,.T.);
#4982 = B_SPLINE_SURFACE_WITH_KNOTS('',1,1,(
    (#4983,#4984)
    ,(#4985,#4986
    )),.UNSPECIFIED.,.F.,.F.,.F.,(2,2),(2,2),(0.,52.633080961176),(0.,1.
    ),.PIECEWISE_BEZIER_KNOTS.);
#4983 = CARTESIAN_POINT('',(17.561737618886,-20.01762625031,
    184.75060990489));
#4984 = CARTESIAN_POINT('',(17.561737618886,-8.017626250316,
    184.75060990489));
#4985 = CARTESIAN_POINT('',(-14.43826238111,-7.924602994502,
    144.75060990489));
#4986 = CARTESIAN_POINT('',(-14.43826238111,4.075397005498,
    144.75060990489));
#4987 = ADVANCED_FACE('',(#4988),#5000,.T.);
#4988 = FACE_BOUND('',#4989,.T.);
#4989 = EDGE_LOOP('',(#4990,#4991,#4992,#4993,#4998,#4999));
#4990 = ORIENTED_EDGE('',*,*,#4140,.T.);
#4991 = ORIENTED_EDGE('',*,*,#4093,.T.);
#4992 = ORIENTED_EDGE('',*,*,#3362,.T.);
#4993 = ORIENTED_EDGE('',*,*,#4994,.T.);
#4994 = EDGE_CURVE('',#3355,#3311,#4995,.T.);
#4995 = B_SPLINE_CURVE_WITH_KNOTS('',1,(#4996,#4997),.UNSPECIFIED.,.F.,
  .F.,(2,2),(0.,1.),.PIECEWISE_BEZIER_KNOTS.);
#4996 = CARTESIAN_POINT('',(14.238750305027,-20.40909090909,187.));
#4997 = CARTESIAN_POINT('',(13.,-19.95159789871,185.45156211871));
#4998 = ORIENTED_EDGE('',*,*,#3310,.F.);
#4999 = ORIENTED_EDGE('',*,*,#4725,.F.);
#5000 = B_SPLINE_SURFACE_WITH_KNOTS('',1,1,(
    (#5001,#5002)
    ,(#5003,#5004
    )),.UNSPECIFIED.,.F.,.F.,.F.,(2,2),(2,2),(0.,52.633080961176),(0.,1.
    ),.PIECEWISE_BEZIER_KNOTS.);
#5001 = CARTESIAN_POINT('',(-17.56173761888,-8.680048168289,
    147.2493900951));
#5002 = CARTESIAN_POINT('',(-17.56173761888,3.319951831711,
    147.2493900951));
#5003 = CARTESIAN_POINT('',(14.438262381114,-20.7730714241,
    187.2493900951));
#5004 = CARTESIAN_POINT('',(14.438262381114,-8.773071424103,
    187.2493900951));
#5005 = ADVANCED_FACE('',(#5006),#5011,.T.);
#5006 = FACE_BOUND('',#5007,.T.);
#5007 = EDGE_LOOP('',(#5008,#5009,#5010));
#5008 = ORIENTED_EDGE('',*,*,#3317,.F.);
#5009 = ORIENTED_EDGE('',*,*,#4994,.F.);
#5010 = ORIENTED_EDGE('',*,*,#3354,.T.);
#5011 = PLANE('',#5012);
#5012 = AXIS2_PLACEMENT_3D('',#5013,#5014,#5015);
#5013 = CARTESIAN_POINT('',(13.,-21.,189.));
#5014 = DIRECTION('',(0.,-0.959017708059,-0.283346141017));
#5015 = DIRECTION('',(1.,0.,0.));
#5016 = ADVANCED_FACE('',(#5017),#5130,.F.);
#5017 = FACE_BOUND('',#5018,.T.);
#5018 = EDGE_LOOP('',(#5019,#5029,#5037,#5045,#5053,#5061,#5069,#5077,
    #5085,#5093,#5101,#5106,#5107,#5108,#5116,#5124));
#5019 = ORIENTED_EDGE('',*,*,#5020,.T.);
#5020 = EDGE_CURVE('',#5021,#5023,#5025,.T.);
#5021 = VERTEX_POINT('',#5022);
#5022 = CARTESIAN_POINT('',(13.,-8.,64.860588706619));
#5023 = VERTEX_POINT('',#5024);
#5024 = CARTESIAN_POINT('',(13.,-8.,68.));
#5025 = LINE('',#5026,#5027);
#5026 = CARTESIAN_POINT('',(13.,-8.,8.));
#5027 = VECTOR('',#5028,1.);
#5028 = DIRECTION('',(0.,0.,1.));
#5029 = ORIENTED_EDGE('',*,*,#5030,.T.);
#5030 = EDGE_CURVE('',#5023,#5031,#5033,.T.);
#5031 = VERTEX_POINT('',#5032);
#5032 = CARTESIAN_POINT('',(13.,-6.7,68.));
#5033 = LINE('',#5034,#5035);
#5034 = CARTESIAN_POINT('',(13.,-10.6,68.));
#5035 = VECTOR('',#5036,1.);
#5036 = DIRECTION('',(0.,1.,0.));
#5037 = ORIENTED_EDGE('',*,*,#5038,.F.);
#5038 = EDGE_CURVE('',#5039,#5031,#5041,.T.);
#5039 = VERTEX_POINT('',#5040);
#5040 = CARTESIAN_POINT('',(13.,-6.7,84.));
#5041 = LINE('',#5042,#5043);
#5042 = CARTESIAN_POINT('',(13.,-6.7,57.));
#5043 = VECTOR('',#5044,1.);
#5044 = DIRECTION('',(0.,0.,-1.));
#5045 = ORIENTED_EDGE('',*,*,#5046,.F.);
#5046 = EDGE_CURVE('',#5047,#5039,#5049,.T.);
#5047 = VERTEX_POINT('',#5048);
#5048 = CARTESIAN_POINT('',(13.,-8.,84.));
#5049 = LINE('',#5050,#5051);
#5050 = CARTESIAN_POINT('',(13.,-10.75,84.));
#5051 = VECTOR('',#5052,1.);
#5052 = DIRECTION('',(0.,1.,0.));
#5053 = ORIENTED_EDGE('',*,*,#5054,.T.);
#5054 = EDGE_CURVE('',#5047,#5055,#5057,.T.);
#5055 = VERTEX_POINT('',#5056);
#5056 = CARTESIAN_POINT('',(13.,-8.,128.));
#5057 = LINE('',#5058,#5059);
#5058 = CARTESIAN_POINT('',(13.,-8.,8.));
#5059 = VECTOR('',#5060,1.);
#5060 = DIRECTION('',(0.,0.,1.));
#5061 = ORIENTED_EDGE('',*,*,#5062,.F.);
#5062 = EDGE_CURVE('',#5063,#5055,#5065,.T.);
#5063 = VERTEX_POINT('',#5064);
#5064 = CARTESIAN_POINT('',(13.,-6.7,128.));
#5065 = LINE('',#5066,#5067);
#5066 = CARTESIAN_POINT('',(13.,-10.75,128.));
#5067 = VECTOR('',#5068,1.);
#5068 = DIRECTION('',(0.,-1.,0.));
#5069 = ORIENTED_EDGE('',*,*,#5070,.F.);
#5070 = EDGE_CURVE('',#5071,#5063,#5073,.T.);
#5071 = VERTEX_POINT('',#5072);
#5072 = CARTESIAN_POINT('',(13.,-6.7,144.));
#5073 = LINE('',#5074,#5075);
#5074 = CARTESIAN_POINT('',(13.,-6.7,57.));
#5075 = VECTOR('',#5076,1.);
#5076 = DIRECTION('',(0.,0.,-1.));
#5077 = ORIENTED_EDGE('',*,*,#5078,.T.);
#5078 = EDGE_CURVE('',#5071,#5079,#5081,.T.);
#5079 = VERTEX_POINT('',#5080);
#5080 = CARTESIAN_POINT('',(13.,-8.,144.));
#5081 = LINE('',#5082,#5083);
#5082 = CARTESIAN_POINT('',(13.,-10.6,144.));
#5083 = VECTOR('',#5084,1.);
#5084 = DIRECTION('',(0.,-1.,0.));
#5085 = ORIENTED_EDGE('',*,*,#5086,.T.);
#5086 = EDGE_CURVE('',#5079,#5087,#5089,.T.);
#5087 = VERTEX_POINT('',#5088);
#5088 = CARTESIAN_POINT('',(13.,-8.,145.));
#5089 = LINE('',#5090,#5091);
#5090 = CARTESIAN_POINT('',(13.,-8.,8.));
#5091 = VECTOR('',#5092,1.);
#5092 = DIRECTION('',(0.,0.,1.));
#5093 = ORIENTED_EDGE('',*,*,#5094,.T.);
#5094 = EDGE_CURVE('',#5087,#5095,#5097,.T.);
#5095 = VERTEX_POINT('',#5096);
#5096 = CARTESIAN_POINT('',(13.,-8.,146.54843788128));
#5097 = LINE('',#5098,#5099);
#5098 = CARTESIAN_POINT('',(13.,-8.,8.));
#5099 = VECTOR('',#5100,1.);
#5100 = DIRECTION('',(0.,0.,1.));
#5101 = ORIENTED_EDGE('',*,*,#5102,.T.);
#5102 = EDGE_CURVE('',#5095,#4748,#5103,.T.);
#5103 = B_SPLINE_CURVE_WITH_KNOTS('',1,(#5104,#5105),.UNSPECIFIED.,.F.,
  .F.,(2,2),(0.,1.),.PIECEWISE_BEZIER_KNOTS.);
#5104 = CARTESIAN_POINT('',(13.,-8.,146.54843788128));
#5105 = CARTESIAN_POINT('',(13.,3.531867617286,146.54843788128));
#5106 = ORIENTED_EDGE('',*,*,#4747,.T.);
#5107 = ORIENTED_EDGE('',*,*,#3331,.T.);
#5108 = ORIENTED_EDGE('',*,*,#5109,.T.);
#5109 = EDGE_CURVE('',#3325,#5110,#5112,.T.);
#5110 = VERTEX_POINT('',#5111);
#5111 = CARTESIAN_POINT('',(13.,4.,147.));
#5112 = LINE('',#5113,#5114);
#5113 = CARTESIAN_POINT('',(13.,-8.,147.));
#5114 = VECTOR('',#5115,1.);
#5115 = DIRECTION('',(0.,1.,0.));
#5116 = ORIENTED_EDGE('',*,*,#5117,.F.);
#5117 = EDGE_CURVE('',#5118,#5110,#5120,.T.);
#5118 = VERTEX_POINT('',#5119);
#5119 = CARTESIAN_POINT('',(13.,4.,64.860588706619));
#5120 = LINE('',#5121,#5122);
#5121 = CARTESIAN_POINT('',(13.,4.,8.));
#5122 = VECTOR('',#5123,1.);
#5123 = DIRECTION('',(0.,0.,1.));
#5124 = ORIENTED_EDGE('',*,*,#5125,.F.);
#5125 = EDGE_CURVE('',#5021,#5118,#5126,.T.);
#5126 = LINE('',#5127,#5128);
#5127 = CARTESIAN_POINT('',(13.,-8.,64.860588706619));
#5128 = VECTOR('',#5129,1.);
#5129 = DIRECTION('',(0.,1.,0.));
#5130 = PLANE('',#5131);
#5131 = AXIS2_PLACEMENT_3D('',#5132,#5133,#5134);
#5132 = CARTESIAN_POINT('',(13.,-8.,8.));
#5133 = DIRECTION('',(1.,0.,0.));
#5134 = DIRECTION('',(0.,0.,1.));
#5135 = ADVANCED_FACE('',(#5136),#5142,.T.);
#5136 = FACE_BOUND('',#5137,.T.);
#5137 = EDGE_LOOP('',(#5138,#5139,#5140,#5141));
#5138 = ORIENTED_EDGE('',*,*,#3377,.F.);
#5139 = ORIENTED_EDGE('',*,*,#4086,.T.);
#5140 = ORIENTED_EDGE('',*,*,#4973,.T.);
#5141 = ORIENTED_EDGE('',*,*,#4953,.T.);
#5142 = B_SPLINE_SURFACE_WITH_KNOTS('',1,1,(
    (#5143,#5144)
    ,(#5145,#5146
    )),.UNSPECIFIED.,.F.,.F.,.F.,(2,2),(2,2),(0.,4.0707121503),(0.,1.),
  .PIECEWISE_BEZIER_KNOTS.);
#5143 = CARTESIAN_POINT('',(14.438262381114,-20.7730714241,
    187.2493900951));
#5144 = CARTESIAN_POINT('',(14.438262381114,-8.773071424103,
    187.2493900951));
#5145 = CARTESIAN_POINT('',(17.561737618886,-20.01762625031,
    184.75060990489));
#5146 = CARTESIAN_POINT('',(17.561737618886,-8.017626250316,
    184.75060990489));
#5147 = ADVANCED_FACE('',(#5148),#5278,.T.);
#5148 = FACE_BOUND('',#5149,.T.);
#5149 = EDGE_LOOP('',(#5150,#5160,#5168,#5176,#5184,#5192,#5200,#5208,
    #5214,#5215,#5216,#5224,#5232,#5240,#5248,#5256,#5264,#5272));
#5150 = ORIENTED_EDGE('',*,*,#5151,.F.);
#5151 = EDGE_CURVE('',#5152,#5154,#5156,.T.);
#5152 = VERTEX_POINT('',#5153);
#5153 = CARTESIAN_POINT('',(19.,-8.,8.));
#5154 = VERTEX_POINT('',#5155);
#5155 = CARTESIAN_POINT('',(19.,-8.,68.));
#5156 = LINE('',#5157,#5158);
#5157 = CARTESIAN_POINT('',(19.,-8.,8.));
#5158 = VECTOR('',#5159,1.);
#5159 = DIRECTION('',(0.,0.,1.));
#5160 = ORIENTED_EDGE('',*,*,#5161,.T.);
#5161 = EDGE_CURVE('',#5152,#5162,#5164,.T.);
#5162 = VERTEX_POINT('',#5163);
#5163 = CARTESIAN_POINT('',(19.,-3.486835884767,8.));
#5164 = LINE('',#5165,#5166);
#5165 = CARTESIAN_POINT('',(19.,-8.,8.));
#5166 = VECTOR('',#5167,1.);
#5167 = DIRECTION('',(0.,1.,0.));
#5168 = ORIENTED_EDGE('',*,*,#5169,.F.);
#5169 = EDGE_CURVE('',#5170,#5162,#5172,.T.);
#5170 = VERTEX_POINT('',#5171);
#5171 = CARTESIAN_POINT('',(19.,-3.486835884767,12.));
#5172 = LINE('',#5173,#5174);
#5173 = CARTESIAN_POINT('',(19.,-3.486835884767,4.));
#5174 = VECTOR('',#5175,1.);
#5175 = DIRECTION('',(0.,0.,-1.));
#5176 = ORIENTED_EDGE('',*,*,#5177,.T.);
#5177 = EDGE_CURVE('',#5170,#5178,#5180,.T.);
#5178 = VERTEX_POINT('',#5179);
#5179 = CARTESIAN_POINT('',(19.,1.903502551434,12.));
#5180 = LINE('',#5181,#5182);
#5181 = CARTESIAN_POINT('',(19.,-1.375,12.));
#5182 = VECTOR('',#5183,1.);
#5183 = DIRECTION('',(0.,1.,0.));
#5184 = ORIENTED_EDGE('',*,*,#5185,.F.);
#5185 = EDGE_CURVE('',#5186,#5178,#5188,.T.);
#5186 = VERTEX_POINT('',#5187);
#5187 = CARTESIAN_POINT('',(19.,1.903502551434,8.));
#5188 = LINE('',#5189,#5190);
#5189 = CARTESIAN_POINT('',(19.,1.903502551434,4.));
#5190 = VECTOR('',#5191,1.);
#5191 = DIRECTION('',(0.,0.,1.));
#5192 = ORIENTED_EDGE('',*,*,#5193,.T.);
#5193 = EDGE_CURVE('',#5186,#5194,#5196,.T.);
#5194 = VERTEX_POINT('',#5195);
#5195 = CARTESIAN_POINT('',(19.,4.,8.));
#5196 = LINE('',#5197,#5198);
#5197 = CARTESIAN_POINT('',(19.,-8.,8.));
#5198 = VECTOR('',#5199,1.);
#5199 = DIRECTION('',(0.,1.,0.));
#5200 = ORIENTED_EDGE('',*,*,#5201,.T.);
#5201 = EDGE_CURVE('',#5194,#5202,#5204,.T.);
#5202 = VERTEX_POINT('',#5203);
#5203 = CARTESIAN_POINT('',(19.,4.,147.));
#5204 = LINE('',#5205,#5206);
#5205 = CARTESIAN_POINT('',(19.,4.,8.));
#5206 = VECTOR('',#5207,1.);
#5207 = DIRECTION('',(0.,0.,1.));
#5208 = ORIENTED_EDGE('',*,*,#5209,.F.);
#5209 = EDGE_CURVE('',#3415,#5202,#5210,.T.);
#5210 = LINE('',#5211,#5212);
#5211 = CARTESIAN_POINT('',(19.,-8.,147.));
#5212 = VECTOR('',#5213,1.);
#5213 = DIRECTION('',(0.,1.,0.));
#5214 = ORIENTED_EDGE('',*,*,#3414,.F.);
#5215 = ORIENTED_EDGE('',*,*,#3406,.F.);
#5216 = ORIENTED_EDGE('',*,*,#5217,.F.);
#5217 = EDGE_CURVE('',#5218,#3400,#5220,.T.);
#5218 = VERTEX_POINT('',#5219);
#5219 = CARTESIAN_POINT('',(19.,-8.,144.));
#5220 = LINE('',#5221,#5222);
#5221 = CARTESIAN_POINT('',(19.,-8.,8.));
#5222 = VECTOR('',#5223,1.);
#5223 = DIRECTION('',(0.,0.,1.));
#5224 = ORIENTED_EDGE('',*,*,#5225,.T.);
#5225 = EDGE_CURVE('',#5218,#5226,#5228,.T.);
#5226 = VERTEX_POINT('',#5227);
#5227 = CARTESIAN_POINT('',(19.,-6.7,144.));
#5228 = LINE('',#5229,#5230);
#5229 = CARTESIAN_POINT('',(19.,-13.2,144.));
#5230 = VECTOR('',#5231,1.);
#5231 = DIRECTION('',(0.,1.,0.));
#5232 = ORIENTED_EDGE('',*,*,#5233,.T.);
#5233 = EDGE_CURVE('',#5226,#5234,#5236,.T.);
#5234 = VERTEX_POINT('',#5235);
#5235 = CARTESIAN_POINT('',(19.,-6.7,126.));
#5236 = LINE('',#5237,#5238);
#5237 = CARTESIAN_POINT('',(19.,-6.7,57.));
#5238 = VECTOR('',#5239,1.);
#5239 = DIRECTION('',(0.,0.,-1.));
#5240 = ORIENTED_EDGE('',*,*,#5241,.T.);
#5241 = EDGE_CURVE('',#5234,#5242,#5244,.T.);
#5242 = VERTEX_POINT('',#5243);
#5243 = CARTESIAN_POINT('',(19.,-8.,126.));
#5244 = LINE('',#5245,#5246);
#5245 = CARTESIAN_POINT('',(19.,-10.75,126.));
#5246 = VECTOR('',#5247,1.);
#5247 = DIRECTION('',(0.,-1.,0.));
#5248 = ORIENTED_EDGE('',*,*,#5249,.F.);
#5249 = EDGE_CURVE('',#5250,#5242,#5252,.T.);
#5250 = VERTEX_POINT('',#5251);
#5251 = CARTESIAN_POINT('',(19.,-8.,86.));
#5252 = LINE('',#5253,#5254);
#5253 = CARTESIAN_POINT('',(19.,-8.,8.));
#5254 = VECTOR('',#5255,1.);
#5255 = DIRECTION('',(0.,0.,1.));
#5256 = ORIENTED_EDGE('',*,*,#5257,.T.);
#5257 = EDGE_CURVE('',#5250,#5258,#5260,.T.);
#5258 = VERTEX_POINT('',#5259);
#5259 = CARTESIAN_POINT('',(19.,-6.7,86.));
#5260 = LINE('',#5261,#5262);
#5261 = CARTESIAN_POINT('',(19.,-10.75,86.));
#5262 = VECTOR('',#5263,1.);
#5263 = DIRECTION('',(0.,1.,0.));
#5264 = ORIENTED_EDGE('',*,*,#5265,.T.);
#5265 = EDGE_CURVE('',#5258,#5266,#5268,.T.);
#5266 = VERTEX_POINT('',#5267);
#5267 = CARTESIAN_POINT('',(19.,-6.7,68.));
#5268 = LINE('',#5269,#5270);
#5269 = CARTESIAN_POINT('',(19.,-6.7,57.));
#5270 = VECTOR('',#5271,1.);
#5271 = DIRECTION('',(0.,0.,-1.));
#5272 = ORIENTED_EDGE('',*,*,#5273,.F.);
#5273 = EDGE_CURVE('',#5154,#5266,#5274,.T.);
#5274 = LINE('',#5275,#5276);
#5275 = CARTESIAN_POINT('',(19.,-13.2,68.));
#5276 = VECTOR('',#5277,1.);
#5277 = DIRECTION('',(0.,1.,0.));
#5278 = PLANE('',#5279);
#5279 = AXIS2_PLACEMENT_3D('',#5280,#5281,#5282);
#5280 = CARTESIAN_POINT('',(19.,-1.909115905245,76.325385005536));
#5281 = DIRECTION('',(1.,0.,0.));
#5282 = DIRECTION('',(0.,0.,1.));
#5283 = ADVANCED_FACE('',(#5284),#5295,.F.);
#5284 = FACE_BOUND('',#5285,.F.);
#5285 = EDGE_LOOP('',(#5286,#5291,#5292,#5293,#5294));
#5286 = ORIENTED_EDGE('',*,*,#5287,.F.);
#5287 = EDGE_CURVE('',#4650,#4302,#5288,.T.);
#5288 = B_SPLINE_CURVE_WITH_KNOTS('',1,(#5289,#5290),.UNSPECIFIED.,.F.,
  .F.,(2,2),(0.,1.),.PIECEWISE_BEZIER_KNOTS.);
#5289 = CARTESIAN_POINT('',(50.8,-11.25,239.5));
#5290 = CARTESIAN_POINT('',(50.3,-10.4,244.));
#5291 = ORIENTED_EDGE('',*,*,#4649,.F.);
#5292 = ORIENTED_EDGE('',*,*,#3527,.T.);
#5293 = ORIENTED_EDGE('',*,*,#3489,.T.);
#5294 = ORIENTED_EDGE('',*,*,#4324,.F.);
#5295 = B_SPLINE_SURFACE_WITH_KNOTS('',1,1,(
    (#5296,#5297)
    ,(#5298,#5299
    )),.UNSPECIFIED.,.F.,.F.,.F.,(2,2),(2,2),(0.,5.091168824543),(0.,1.)
  ,.PIECEWISE_BEZIER_KNOTS.);
#5296 = CARTESIAN_POINT('',(50.8,-11.25,239.5));
#5297 = CARTESIAN_POINT('',(50.3,-10.4,244.));
#5298 = CARTESIAN_POINT('',(54.4,-7.65,239.5));
#5299 = CARTESIAN_POINT('',(53.6,-7.1,244.));
#5300 = ADVANCED_FACE('',(#5301),#5307,.F.);
#5301 = FACE_BOUND('',#5302,.F.);
#5302 = EDGE_LOOP('',(#5303,#5304,#5305,#5306));
#5303 = ORIENTED_EDGE('',*,*,#4589,.F.);
#5304 = ORIENTED_EDGE('',*,*,#3550,.F.);
#5305 = ORIENTED_EDGE('',*,*,#3511,.T.);
#5306 = ORIENTED_EDGE('',*,*,#4665,.T.);
#5307 = B_SPLINE_SURFACE_WITH_KNOTS('',1,1,(
    (#5308,#5309)
    ,(#5310,#5311
    )),.UNSPECIFIED.,.F.,.F.,.F.,(2,2),(2,2),(0.,7.071067811865),(0.,1.)
  ,.PIECEWISE_BEZIER_KNOTS.);
#5308 = CARTESIAN_POINT('',(57.,-18.,187.));
#5309 = CARTESIAN_POINT('',(50.,-10.,249.));
#5310 = CARTESIAN_POINT('',(62.,-13.,187.));
#5311 = CARTESIAN_POINT('',(53.,-7.,249.));
#5312 = ADVANCED_FACE('',(#5313),#5331,.T.);
#5313 = FACE_BOUND('',#5314,.T.);
#5314 = EDGE_LOOP('',(#5315,#5316,#5323,#5329,#5330));
#5315 = ORIENTED_EDGE('',*,*,#4417,.T.);
#5316 = ORIENTED_EDGE('',*,*,#5317,.T.);
#5317 = EDGE_CURVE('',#4418,#5318,#5320,.T.);
#5318 = VERTEX_POINT('',#5319);
#5319 = CARTESIAN_POINT('',(19.,-4.733333333333,220.));
#5320 = B_SPLINE_CURVE_WITH_KNOTS('',1,(#5321,#5322),.UNSPECIFIED.,.F.,
  .F.,(2,2),(0.,1.),.PIECEWISE_BEZIER_KNOTS.);
#5321 = CARTESIAN_POINT('',(19.,-9.,187.));
#5322 = CARTESIAN_POINT('',(19.,-4.733333333333,220.));
#5323 = ORIENTED_EDGE('',*,*,#5324,.F.);
#5324 = EDGE_CURVE('',#4574,#5318,#5325,.T.);
#5325 = LINE('',#5326,#5327);
#5326 = CARTESIAN_POINT('',(19.,-16.73333333333,220.));
#5327 = VECTOR('',#5328,1.);
#5328 = DIRECTION('',(0.,1.,0.));
#5329 = ORIENTED_EDGE('',*,*,#4580,.T.);
#5330 = ORIENTED_EDGE('',*,*,#3580,.F.);
#5331 = B_SPLINE_SURFACE_WITH_KNOTS('',1,1,(
    (#5332,#5333)
    ,(#5334,#5335
    )),.UNSPECIFIED.,.F.,.F.,.F.,(2,2),(2,2),(0.,12.),(0.,1.),
  .PIECEWISE_BEZIER_KNOTS.);
#5332 = CARTESIAN_POINT('',(19.,-21.,187.));
#5333 = CARTESIAN_POINT('',(19.,-16.73333333333,220.));
#5334 = CARTESIAN_POINT('',(19.,-9.,187.));
#5335 = CARTESIAN_POINT('',(19.,-4.733333333333,220.));
#5336 = ADVANCED_FACE('',(#5337),#5343,.F.);
#5337 = FACE_BOUND('',#5338,.F.);
#5338 = EDGE_LOOP('',(#5339,#5340,#5341,#5342));
#5339 = ORIENTED_EDGE('',*,*,#4411,.F.);
#5340 = ORIENTED_EDGE('',*,*,#4370,.T.);
#5341 = ORIENTED_EDGE('',*,*,#3600,.T.);
#5342 = ORIENTED_EDGE('',*,*,#3566,.T.);
#5343 = B_SPLINE_SURFACE_WITH_KNOTS('',1,1,(
    (#5344,#5345)
    ,(#5346,#5347
    )),.UNSPECIFIED.,.F.,.F.,.F.,(2,2),(2,2),(0.,5.656854249492),(0.,1.)
  ,.PIECEWISE_BEZIER_KNOTS.);
#5344 = CARTESIAN_POINT('',(45.25,11.5,191.));
#5345 = CARTESIAN_POINT('',(53.5,-14.,219.));
#5346 = CARTESIAN_POINT('',(45.5,11.75,191.));
#5347 = CARTESIAN_POINT('',(57.5,-10.,219.));
#5348 = ADVANCED_FACE('',(#5349,#5427,#5453),#5479,.T.);
#5349 = FACE_BOUND('',#5350,.T.);
#5350 = EDGE_LOOP('',(#5351,#5361,#5369,#5377,#5385,#5391,#5392,#5398,
    #5399,#5407,#5413,#5414,#5420,#5421));
#5351 = ORIENTED_EDGE('',*,*,#5352,.T.);
#5352 = EDGE_CURVE('',#5353,#5355,#5357,.T.);
#5353 = VERTEX_POINT('',#5354);
#5354 = CARTESIAN_POINT('',(-13.,-8.,8.));
#5355 = VERTEX_POINT('',#5356);
#5356 = CARTESIAN_POINT('',(-13.,-8.,13.139411293381));
#5357 = LINE('',#5358,#5359);
#5358 = CARTESIAN_POINT('',(-13.,-8.,8.));
#5359 = VECTOR('',#5360,1.);
#5360 = DIRECTION('',(0.,0.,1.));
#5361 = ORIENTED_EDGE('',*,*,#5362,.F.);
#5362 = EDGE_CURVE('',#5363,#5355,#5365,.T.);
#5363 = VERTEX_POINT('',#5364);
#5364 = CARTESIAN_POINT('',(0.,-8.,35.076911293381));
#5365 = LINE('',#5366,#5367);
#5366 = CARTESIAN_POINT('',(17.720583067268,-8.,64.980395219397));
#5367 = VECTOR('',#5368,1.);
#5368 = DIRECTION('',(-0.509802390302,0.,-0.860291533634));
#5369 = ORIENTED_EDGE('',*,*,#5370,.F.);
#5370 = EDGE_CURVE('',#5371,#5363,#5373,.T.);
#5371 = VERTEX_POINT('',#5372);
#5372 = CARTESIAN_POINT('',(13.,-8.,13.139411293381));
#5373 = LINE('',#5374,#5375);
#5374 = CARTESIAN_POINT('',(14.279416932732,-8.,10.980395219397));
#5375 = VECTOR('',#5376,1.);
#5376 = DIRECTION('',(-0.509802390302,0.,0.860291533634));
#5377 = ORIENTED_EDGE('',*,*,#5378,.F.);
#5378 = EDGE_CURVE('',#5379,#5371,#5381,.T.);
#5379 = VERTEX_POINT('',#5380);
#5380 = CARTESIAN_POINT('',(13.,-8.,8.));
#5381 = LINE('',#5382,#5383);
#5382 = CARTESIAN_POINT('',(13.,-8.,8.));
#5383 = VECTOR('',#5384,1.);
#5384 = DIRECTION('',(0.,0.,1.));
#5385 = ORIENTED_EDGE('',*,*,#5386,.T.);
#5386 = EDGE_CURVE('',#5379,#5152,#5387,.T.);
#5387 = LINE('',#5388,#5389);
#5388 = CARTESIAN_POINT('',(13.,-8.,8.));
#5389 = VECTOR('',#5390,1.);
#5390 = DIRECTION('',(1.,0.,0.));
#5391 = ORIENTED_EDGE('',*,*,#5151,.T.);
#5392 = ORIENTED_EDGE('',*,*,#5393,.T.);
#5393 = EDGE_CURVE('',#5154,#5023,#5394,.T.);
#5394 = LINE('',#5395,#5396);
#5395 = CARTESIAN_POINT('',(-3.,-8.,68.));
#5396 = VECTOR('',#5397,1.);
#5397 = DIRECTION('',(-1.,0.,0.));
#5398 = ORIENTED_EDGE('',*,*,#5020,.F.);
#5399 = ORIENTED_EDGE('',*,*,#5400,.F.);
#5400 = EDGE_CURVE('',#5401,#5021,#5403,.T.);
#5401 = VERTEX_POINT('',#5402);
#5402 = CARTESIAN_POINT('',(2.6645352591E-15,-8.,42.923088706619));
#5403 = LINE('',#5404,#5405);
#5404 = CARTESIAN_POINT('',(-17.72058306726,-8.,13.019604780603));
#5405 = VECTOR('',#5406,1.);
#5406 = DIRECTION('',(0.509802390302,0.,0.860291533634));
#5407 = ORIENTED_EDGE('',*,*,#5408,.F.);
#5408 = EDGE_CURVE('',#4778,#5401,#5409,.T.);
#5409 = LINE('',#5410,#5411);
#5410 = CARTESIAN_POINT('',(-14.27941693273,-8.,67.019604780603));
#5411 = VECTOR('',#5412,1.);
#5412 = DIRECTION('',(0.509802390302,0.,-0.860291533634));
#5413 = ORIENTED_EDGE('',*,*,#4777,.T.);
#5414 = ORIENTED_EDGE('',*,*,#5415,.T.);
#5415 = EDGE_CURVE('',#4780,#3814,#5416,.T.);
#5416 = LINE('',#5417,#5418);
#5417 = CARTESIAN_POINT('',(-19.,-8.,68.));
#5418 = VECTOR('',#5419,1.);
#5419 = DIRECTION('',(-1.,0.,0.));
#5420 = ORIENTED_EDGE('',*,*,#3811,.F.);
#5421 = ORIENTED_EDGE('',*,*,#5422,.T.);
#5422 = EDGE_CURVE('',#3812,#5353,#5423,.T.);
#5423 = LINE('',#5424,#5425);
#5424 = CARTESIAN_POINT('',(-19.,-8.,8.));
#5425 = VECTOR('',#5426,1.);
#5426 = DIRECTION('',(1.,0.,0.));
#5427 = FACE_BOUND('',#5428,.T.);
#5428 = EDGE_LOOP('',(#5429,#5439,#5447));
#5429 = ORIENTED_EDGE('',*,*,#5430,.T.);
#5430 = EDGE_CURVE('',#5431,#5433,#5435,.T.);
#5431 = VERTEX_POINT('',#5432);
#5432 = CARTESIAN_POINT('',(-13.,-8.,20.985588706619));
#5433 = VERTEX_POINT('',#5434);
#5434 = CARTESIAN_POINT('',(-13.,-8.,57.014411293381));
#5435 = LINE('',#5436,#5437);
#5436 = CARTESIAN_POINT('',(-13.,-8.,8.));
#5437 = VECTOR('',#5438,1.);
#5438 = DIRECTION('',(0.,0.,1.));
#5439 = ORIENTED_EDGE('',*,*,#5440,.F.);
#5440 = EDGE_CURVE('',#5441,#5433,#5443,.T.);
#5441 = VERTEX_POINT('',#5442);
#5442 = CARTESIAN_POINT('',(-2.324793307626,-8.,39.));
#5443 = LINE('',#5444,#5445);
#5444 = CARTESIAN_POINT('',(14.279416932732,-8.,10.980395219397));
#5445 = VECTOR('',#5446,1.);
#5446 = DIRECTION('',(-0.509802390302,0.,0.860291533634));
#5447 = ORIENTED_EDGE('',*,*,#5448,.F.);
#5448 = EDGE_CURVE('',#5431,#5441,#5449,.T.);
#5449 = LINE('',#5450,#5451);
#5450 = CARTESIAN_POINT('',(-17.72058306726,-8.,13.019604780603));
#5451 = VECTOR('',#5452,1.);
#5452 = DIRECTION('',(0.509802390302,0.,0.860291533634));
#5453 = FACE_BOUND('',#5454,.T.);
#5454 = EDGE_LOOP('',(#5455,#5465,#5473));
#5455 = ORIENTED_EDGE('',*,*,#5456,.F.);
#5456 = EDGE_CURVE('',#5457,#5459,#5461,.T.);
#5457 = VERTEX_POINT('',#5458);
#5458 = CARTESIAN_POINT('',(2.324793307626,-8.,39.));
#5459 = VERTEX_POINT('',#5460);
#5460 = CARTESIAN_POINT('',(13.,-8.,20.985588706619));
#5461 = LINE('',#5462,#5463);
#5462 = CARTESIAN_POINT('',(-14.27941693273,-8.,67.019604780603));
#5463 = VECTOR('',#5464,1.);
#5464 = DIRECTION('',(0.509802390302,0.,-0.860291533634));
#5465 = ORIENTED_EDGE('',*,*,#5466,.F.);
#5466 = EDGE_CURVE('',#5467,#5457,#5469,.T.);
#5467 = VERTEX_POINT('',#5468);
#5468 = CARTESIAN_POINT('',(13.,-8.,57.014411293381));
#5469 = LINE('',#5470,#5471);
#5470 = CARTESIAN_POINT('',(17.720583067268,-8.,64.980395219397));
#5471 = VECTOR('',#5472,1.);
#5472 = DIRECTION('',(-0.509802390302,0.,-0.860291533634));
#5473 = ORIENTED_EDGE('',*,*,#5474,.F.);
#5474 = EDGE_CURVE('',#5459,#5467,#5475,.T.);
#5475 = LINE('',#5476,#5477);
#5476 = CARTESIAN_POINT('',(13.,-8.,8.));
#5477 = VECTOR('',#5478,1.);
#5478 = DIRECTION('',(0.,0.,1.));
#5479 = PLANE('',#5480);
#5480 = AXIS2_PLACEMENT_3D('',#5481,#5482,#5483);
#5481 = CARTESIAN_POINT('',(-8.659942466215E-16,-8.,37.994507694603));
#5482 = DIRECTION('',(-0.,-1.,-0.));
#5483 = DIRECTION('',(0.,0.,-1.));
#5484 = ADVANCED_FACE('',(#5485),#5518,.T.);
#5485 = FACE_BOUND('',#5486,.T.);
#5486 = EDGE_LOOP('',(#5487,#5497,#5503,#5504,#5512));
#5487 = ORIENTED_EDGE('',*,*,#5488,.T.);
#5488 = EDGE_CURVE('',#5489,#5491,#5493,.T.);
#5489 = VERTEX_POINT('',#5490);
#5490 = CARTESIAN_POINT('',(-23.,-13.2,72.));
#5491 = VERTEX_POINT('',#5492);
#5492 = CARTESIAN_POINT('',(-23.,-6.7,72.));
#5493 = LINE('',#5494,#5495);
#5494 = CARTESIAN_POINT('',(-23.,-13.2,72.));
#5495 = VECTOR('',#5496,1.);
#5496 = DIRECTION('',(0.,1.,0.));
#5497 = ORIENTED_EDGE('',*,*,#5498,.T.);
#5498 = EDGE_CURVE('',#5491,#3822,#5499,.T.);
#5499 = LINE('',#5500,#5501);
#5500 = CARTESIAN_POINT('',(-23.,-6.7,72.));
#5501 = VECTOR('',#5502,1.);
#5502 = DIRECTION('',(0.707106781187,0.,-0.707106781187));
#5503 = ORIENTED_EDGE('',*,*,#3821,.F.);
#5504 = ORIENTED_EDGE('',*,*,#5505,.F.);
#5505 = EDGE_CURVE('',#5506,#3814,#5508,.T.);
#5506 = VERTEX_POINT('',#5507);
#5507 = CARTESIAN_POINT('',(-19.,-13.2,68.));
#5508 = LINE('',#5509,#5510);
#5509 = CARTESIAN_POINT('',(-19.,-13.2,68.));
#5510 = VECTOR('',#5511,1.);
#5511 = DIRECTION('',(0.,1.,0.));
#5512 = ORIENTED_EDGE('',*,*,#5513,.F.);
#5513 = EDGE_CURVE('',#5489,#5506,#5514,.T.);
#5514 = LINE('',#5515,#5516);
#5515 = CARTESIAN_POINT('',(-23.,-13.2,72.));
#5516 = VECTOR('',#5517,1.);
#5517 = DIRECTION('',(0.707106781187,0.,-0.707106781187));
#5518 = PLANE('',#5519);
#5519 = AXIS2_PLACEMENT_3D('',#5520,#5521,#5522);
#5520 = CARTESIAN_POINT('',(-23.,-13.2,72.));
#5521 = DIRECTION('',(-0.707106781187,0.,-0.707106781187));
#5522 = DIRECTION('',(0.707106781187,0.,-0.707106781187));
#5523 = ADVANCED_FACE('',(#5524),#5565,.F.);
#5524 = FACE_BOUND('',#5525,.F.);
#5525 = EDGE_LOOP('',(#5526,#5534,#5535,#5536,#5544,#5552,#5558,#5559));
#5526 = ORIENTED_EDGE('',*,*,#5527,.T.);
#5527 = EDGE_CURVE('',#5528,#5491,#5530,.T.);
#5528 = VERTEX_POINT('',#5529);
#5529 = CARTESIAN_POINT('',(-23.,-6.7,140.));
#5530 = LINE('',#5531,#5532);
#5531 = CARTESIAN_POINT('',(-23.,-6.7,140.));
#5532 = VECTOR('',#5533,1.);
#5533 = DIRECTION('',(0.,0.,-1.));
#5534 = ORIENTED_EDGE('',*,*,#5498,.T.);
#5535 = ORIENTED_EDGE('',*,*,#3829,.F.);
#5536 = ORIENTED_EDGE('',*,*,#5537,.F.);
#5537 = EDGE_CURVE('',#5538,#3830,#5540,.T.);
#5538 = VERTEX_POINT('',#5539);
#5539 = CARTESIAN_POINT('',(-22.,-6.7,89.));
#5540 = LINE('',#5541,#5542);
#5541 = CARTESIAN_POINT('',(-20.75,-6.7,87.75));
#5542 = VECTOR('',#5543,1.);
#5543 = DIRECTION('',(0.707106781187,0.,-0.707106781187));
#5544 = ORIENTED_EDGE('',*,*,#5545,.F.);
#5545 = EDGE_CURVE('',#5546,#5538,#5548,.T.);
#5546 = VERTEX_POINT('',#5547);
#5547 = CARTESIAN_POINT('',(-22.,-6.7,123.));
#5548 = LINE('',#5549,#5550);
#5549 = CARTESIAN_POINT('',(-22.,-6.7,114.5));
#5550 = VECTOR('',#5551,1.);
#5551 = DIRECTION('',(0.,0.,-1.));
#5552 = ORIENTED_EDGE('',*,*,#5553,.F.);
#5553 = EDGE_CURVE('',#3854,#5546,#5554,.T.);
#5554 = LINE('',#5555,#5556);
#5555 = CARTESIAN_POINT('',(-17.25,-6.7,127.75));
#5556 = VECTOR('',#5557,1.);
#5557 = DIRECTION('',(-0.707106781187,0.,-0.707106781187));
#5558 = ORIENTED_EDGE('',*,*,#3861,.F.);
#5559 = ORIENTED_EDGE('',*,*,#5560,.T.);
#5560 = EDGE_CURVE('',#3862,#5528,#5561,.T.);
#5561 = LINE('',#5562,#5563);
#5562 = CARTESIAN_POINT('',(-19.,-6.7,144.));
#5563 = VECTOR('',#5564,1.);
#5564 = DIRECTION('',(-0.707106781187,0.,-0.707106781187));
#5565 = PLANE('',#5566);
#5566 = AXIS2_PLACEMENT_3D('',#5567,#5568,#5569);
#5567 = CARTESIAN_POINT('',(2.119871246916E-16,-6.7,106.));
#5568 = DIRECTION('',(-0.,-1.,-0.));
#5569 = DIRECTION('',(0.,0.,-1.));
#5570 = ADVANCED_FACE('',(#5571),#5605,.F.);
#5571 = FACE_BOUND('',#5572,.F.);
#5572 = EDGE_LOOP('',(#5573,#5583,#5589,#5590,#5591,#5599));
#5573 = ORIENTED_EDGE('',*,*,#5574,.F.);
#5574 = EDGE_CURVE('',#5575,#5577,#5579,.T.);
#5575 = VERTEX_POINT('',#5576);
#5576 = CARTESIAN_POINT('',(-22.,-13.2,89.));
#5577 = VERTEX_POINT('',#5578);
#5578 = CARTESIAN_POINT('',(-15.,-13.2,82.));
#5579 = LINE('',#5580,#5581);
#5580 = CARTESIAN_POINT('',(-20.75,-13.2,87.75));
#5581 = VECTOR('',#5582,1.);
#5582 = DIRECTION('',(0.707106781187,0.,-0.707106781187));
#5583 = ORIENTED_EDGE('',*,*,#5584,.T.);
#5584 = EDGE_CURVE('',#5575,#5538,#5585,.T.);
#5585 = LINE('',#5586,#5587);
#5586 = CARTESIAN_POINT('',(-22.,-13.5,89.));
#5587 = VECTOR('',#5588,1.);
#5588 = DIRECTION('',(0.,1.,0.));
#5589 = ORIENTED_EDGE('',*,*,#5537,.T.);
#5590 = ORIENTED_EDGE('',*,*,#3837,.F.);
#5591 = ORIENTED_EDGE('',*,*,#5592,.F.);
#5592 = EDGE_CURVE('',#5593,#3838,#5595,.T.);
#5593 = VERTEX_POINT('',#5594);
#5594 = CARTESIAN_POINT('',(-15.,-8.,82.));
#5595 = LINE('',#5596,#5597);
#5596 = CARTESIAN_POINT('',(-1.,-8.,68.));
#5597 = VECTOR('',#5598,1.);
#5598 = DIRECTION('',(-0.707106781187,0.,0.707106781187));
#5599 = ORIENTED_EDGE('',*,*,#5600,.F.);
#5600 = EDGE_CURVE('',#5577,#5593,#5601,.T.);
#5601 = LINE('',#5602,#5603);
#5602 = CARTESIAN_POINT('',(-15.,-13.5,82.));
#5603 = VECTOR('',#5604,1.);
#5604 = DIRECTION('',(0.,1.,0.));
#5605 = PLANE('',#5606);
#5606 = AXIS2_PLACEMENT_3D('',#5607,#5608,#5609);
#5607 = CARTESIAN_POINT('',(-22.,-13.5,89.));
#5608 = DIRECTION('',(-0.707106781187,0.,-0.707106781187));
#5609 = DIRECTION('',(0.707106781187,0.,-0.707106781187));
#5610 = ADVANCED_FACE('',(#5611),#5636,.F.);
#5611 = FACE_BOUND('',#5612,.F.);
#5612 = EDGE_LOOP('',(#5613,#5614,#5615,#5623,#5629,#5630));
#5613 = ORIENTED_EDGE('',*,*,#5592,.T.);
#5614 = ORIENTED_EDGE('',*,*,#3845,.T.);
#5615 = ORIENTED_EDGE('',*,*,#5616,.T.);
#5616 = EDGE_CURVE('',#3846,#5617,#5619,.T.);
#5617 = VERTEX_POINT('',#5618);
#5618 = CARTESIAN_POINT('',(-15.,-8.,130.));
#5619 = LINE('',#5620,#5621);
#5620 = CARTESIAN_POINT('',(-46.5,-8.,98.5));
#5621 = VECTOR('',#5622,1.);
#5622 = DIRECTION('',(0.707106781187,0.,0.707106781187));
#5623 = ORIENTED_EDGE('',*,*,#5624,.T.);
#5624 = EDGE_CURVE('',#5617,#4851,#5625,.T.);
#5625 = LINE('',#5626,#5627);
#5626 = CARTESIAN_POINT('',(18.,-8.,97.));
#5627 = VECTOR('',#5628,1.);
#5628 = DIRECTION('',(0.707106781187,0.,-0.707106781187));
#5629 = ORIENTED_EDGE('',*,*,#4858,.F.);
#5630 = ORIENTED_EDGE('',*,*,#5631,.T.);
#5631 = EDGE_CURVE('',#4859,#5593,#5632,.T.);
#5632 = LINE('',#5633,#5634);
#5633 = CARTESIAN_POINT('',(-34.5,-8.,62.5));
#5634 = VECTOR('',#5635,1.);
#5635 = DIRECTION('',(-0.707106781187,0.,-0.707106781187));
#5636 = PLANE('',#5637);
#5637 = AXIS2_PLACEMENT_3D('',#5638,#5639,#5640);
#5638 = CARTESIAN_POINT('',(-19.,-8.,8.));
#5639 = DIRECTION('',(0.,1.,0.));
#5640 = DIRECTION('',(0.,0.,1.));
#5641 = ADVANCED_FACE('',(#5642),#5669,.F.);
#5642 = FACE_BOUND('',#5643,.F.);
#5643 = EDGE_LOOP('',(#5644,#5654,#5660,#5661,#5662,#5663));
#5644 = ORIENTED_EDGE('',*,*,#5645,.F.);
#5645 = EDGE_CURVE('',#5646,#5648,#5650,.T.);
#5646 = VERTEX_POINT('',#5647);
#5647 = CARTESIAN_POINT('',(-15.,-13.2,130.));
#5648 = VERTEX_POINT('',#5649);
#5649 = CARTESIAN_POINT('',(-22.,-13.2,123.));
#5650 = LINE('',#5651,#5652);
#5651 = CARTESIAN_POINT('',(-17.25,-13.2,127.75));
#5652 = VECTOR('',#5653,1.);
#5653 = DIRECTION('',(-0.707106781187,0.,-0.707106781187));
#5654 = ORIENTED_EDGE('',*,*,#5655,.T.);
#5655 = EDGE_CURVE('',#5646,#5617,#5656,.T.);
#5656 = LINE('',#5657,#5658);
#5657 = CARTESIAN_POINT('',(-15.,-13.5,130.));
#5658 = VECTOR('',#5659,1.);
#5659 = DIRECTION('',(0.,1.,0.));
#5660 = ORIENTED_EDGE('',*,*,#5616,.F.);
#5661 = ORIENTED_EDGE('',*,*,#3853,.F.);
#5662 = ORIENTED_EDGE('',*,*,#5553,.T.);
#5663 = ORIENTED_EDGE('',*,*,#5664,.F.);
#5664 = EDGE_CURVE('',#5648,#5546,#5665,.T.);
#5665 = LINE('',#5666,#5667);
#5666 = CARTESIAN_POINT('',(-22.,-13.5,123.));
#5667 = VECTOR('',#5668,1.);
#5668 = DIRECTION('',(0.,1.,0.));
#5669 = PLANE('',#5670);
#5670 = AXIS2_PLACEMENT_3D('',#5671,#5672,#5673);
#5671 = CARTESIAN_POINT('',(-15.,-13.5,130.));
#5672 = DIRECTION('',(-0.707106781187,0.,0.707106781187));
#5673 = DIRECTION('',(-0.707106781187,0.,-0.707106781187));
#5674 = ADVANCED_FACE('',(#5675),#5701,.T.);
#5675 = FACE_BOUND('',#5676,.T.);
#5676 = EDGE_LOOP('',(#5677,#5685,#5686,#5687,#5695));
#5677 = ORIENTED_EDGE('',*,*,#5678,.T.);
#5678 = EDGE_CURVE('',#5679,#3870,#5681,.T.);
#5679 = VERTEX_POINT('',#5680);
#5680 = CARTESIAN_POINT('',(-19.,-13.2,144.));
#5681 = LINE('',#5682,#5683);
#5682 = CARTESIAN_POINT('',(-19.,-13.2,144.));
#5683 = VECTOR('',#5684,1.);
#5684 = DIRECTION('',(0.,1.,0.));
#5685 = ORIENTED_EDGE('',*,*,#3869,.T.);
#5686 = ORIENTED_EDGE('',*,*,#5560,.T.);
#5687 = ORIENTED_EDGE('',*,*,#5688,.F.);
#5688 = EDGE_CURVE('',#5689,#5528,#5691,.T.);
#5689 = VERTEX_POINT('',#5690);
#5690 = CARTESIAN_POINT('',(-23.,-13.2,140.));
#5691 = LINE('',#5692,#5693);
#5692 = CARTESIAN_POINT('',(-23.,-13.2,140.));
#5693 = VECTOR('',#5694,1.);
#5694 = DIRECTION('',(0.,1.,0.));
#5695 = ORIENTED_EDGE('',*,*,#5696,.F.);
#5696 = EDGE_CURVE('',#5679,#5689,#5697,.T.);
#5697 = LINE('',#5698,#5699);
#5698 = CARTESIAN_POINT('',(-19.,-13.2,144.));
#5699 = VECTOR('',#5700,1.);
#5700 = DIRECTION('',(-0.707106781187,0.,-0.707106781187));
#5701 = PLANE('',#5702);
#5702 = AXIS2_PLACEMENT_3D('',#5703,#5704,#5705);
#5703 = CARTESIAN_POINT('',(-19.,-13.2,144.));
#5704 = DIRECTION('',(-0.707106781187,0.,0.707106781187));
#5705 = DIRECTION('',(-0.707106781187,0.,-0.707106781187));
#5706 = ADVANCED_FACE('',(#5707),#5725,.F.);
#5707 = FACE_BOUND('',#5708,.F.);
#5708 = EDGE_LOOP('',(#5709,#5715,#5716,#5717,#5718,#5724));
#5709 = ORIENTED_EDGE('',*,*,#5710,.F.);
#5710 = EDGE_CURVE('',#3870,#4827,#5711,.T.);
#5711 = LINE('',#5712,#5713);
#5712 = CARTESIAN_POINT('',(0.,-8.,144.));
#5713 = VECTOR('',#5714,1.);
#5714 = DIRECTION('',(1.,0.,0.));
#5715 = ORIENTED_EDGE('',*,*,#3877,.T.);
#5716 = ORIENTED_EDGE('',*,*,#3948,.T.);
#5717 = ORIENTED_EDGE('',*,*,#4030,.T.);
#5718 = ORIENTED_EDGE('',*,*,#5719,.T.);
#5719 = EDGE_CURVE('',#4031,#4819,#5720,.T.);
#5720 = LINE('',#5721,#5722);
#5721 = CARTESIAN_POINT('',(-19.,-8.,145.));
#5722 = VECTOR('',#5723,1.);
#5723 = DIRECTION('',(1.,0.,0.));
#5724 = ORIENTED_EDGE('',*,*,#4826,.F.);
#5725 = PLANE('',#5726);
#5726 = AXIS2_PLACEMENT_3D('',#5727,#5728,#5729);
#5727 = CARTESIAN_POINT('',(-19.,-8.,8.));
#5728 = DIRECTION('',(0.,1.,0.));
#5729 = DIRECTION('',(0.,0.,1.));
#5730 = ADVANCED_FACE('',(#5731),#5742,.T.);
#5731 = FACE_BOUND('',#5732,.T.);
#5732 = EDGE_LOOP('',(#5733,#5734,#5735,#5736));
#5733 = ORIENTED_EDGE('',*,*,#3885,.F.);
#5734 = ORIENTED_EDGE('',*,*,#3991,.F.);
#5735 = ORIENTED_EDGE('',*,*,#4803,.T.);
#5736 = ORIENTED_EDGE('',*,*,#5737,.F.);
#5737 = EDGE_CURVE('',#3886,#4796,#5738,.T.);
#5738 = LINE('',#5739,#5740);
#5739 = CARTESIAN_POINT('',(-19.,4.,147.));
#5740 = VECTOR('',#5741,1.);
#5741 = DIRECTION('',(1.,0.,0.));
#5742 = PLANE('',#5743);
#5743 = AXIS2_PLACEMENT_3D('',#5744,#5745,#5746);
#5744 = CARTESIAN_POINT('',(-19.,-8.,147.));
#5745 = DIRECTION('',(0.,0.,1.));
#5746 = DIRECTION('',(1.,0.,0.));
#5747 = ADVANCED_FACE('',(#5748,#5821,#5847,#5873,#5900),#5927,.T.);
#5748 = FACE_BOUND('',#5749,.T.);
#5749 = EDGE_LOOP('',(#5750,#5760,#5766,#5767,#5768,#5769,#5777,#5783,
    #5784,#5790,#5791,#5799,#5807,#5815));
#5750 = ORIENTED_EDGE('',*,*,#5751,.F.);
#5751 = EDGE_CURVE('',#5752,#5754,#5756,.T.);
#5752 = VERTEX_POINT('',#5753);
#5753 = CARTESIAN_POINT('',(-13.,4.,8.));
#5754 = VERTEX_POINT('',#5755);
#5755 = CARTESIAN_POINT('',(-13.,4.,13.139411293381));
#5756 = LINE('',#5757,#5758);
#5757 = CARTESIAN_POINT('',(-13.,4.,8.));
#5758 = VECTOR('',#5759,1.);
#5759 = DIRECTION('',(0.,0.,1.));
#5760 = ORIENTED_EDGE('',*,*,#5761,.F.);
#5761 = EDGE_CURVE('',#3894,#5752,#5762,.T.);
#5762 = LINE('',#5763,#5764);
#5763 = CARTESIAN_POINT('',(-19.,4.,8.));
#5764 = VECTOR('',#5765,1.);
#5765 = DIRECTION('',(1.,0.,0.));
#5766 = ORIENTED_EDGE('',*,*,#3893,.T.);
#5767 = ORIENTED_EDGE('',*,*,#5737,.T.);
#5768 = ORIENTED_EDGE('',*,*,#4795,.F.);
#5769 = ORIENTED_EDGE('',*,*,#5770,.T.);
#5770 = EDGE_CURVE('',#4788,#5771,#5773,.T.);
#5771 = VERTEX_POINT('',#5772);
#5772 = CARTESIAN_POINT('',(2.6645352591E-15,4.,42.923088706619));
#5773 = LINE('',#5774,#5775);
#5774 = CARTESIAN_POINT('',(-14.27941693273,4.,67.019604780603));
#5775 = VECTOR('',#5776,1.);
#5776 = DIRECTION('',(0.509802390302,0.,-0.860291533634));
#5777 = ORIENTED_EDGE('',*,*,#5778,.T.);
#5778 = EDGE_CURVE('',#5771,#5118,#5779,.T.);
#5779 = LINE('',#5780,#5781);
#5780 = CARTESIAN_POINT('',(-17.72058306726,4.,13.019604780603));
#5781 = VECTOR('',#5782,1.);
#5782 = DIRECTION('',(0.509802390302,0.,0.860291533634));
#5783 = ORIENTED_EDGE('',*,*,#5117,.T.);
#5784 = ORIENTED_EDGE('',*,*,#5785,.T.);
#5785 = EDGE_CURVE('',#5110,#5202,#5786,.T.);
#5786 = LINE('',#5787,#5788);
#5787 = CARTESIAN_POINT('',(13.,4.,147.));
#5788 = VECTOR('',#5789,1.);
#5789 = DIRECTION('',(1.,0.,0.));
#5790 = ORIENTED_EDGE('',*,*,#5201,.F.);
#5791 = ORIENTED_EDGE('',*,*,#5792,.F.);
#5792 = EDGE_CURVE('',#5793,#5194,#5795,.T.);
#5793 = VERTEX_POINT('',#5794);
#5794 = CARTESIAN_POINT('',(13.,4.,8.));
#5795 = LINE('',#5796,#5797);
#5796 = CARTESIAN_POINT('',(13.,4.,8.));
#5797 = VECTOR('',#5798,1.);
#5798 = DIRECTION('',(1.,0.,0.));
#5799 = ORIENTED_EDGE('',*,*,#5800,.T.);
#5800 = EDGE_CURVE('',#5793,#5801,#5803,.T.);
#5801 = VERTEX_POINT('',#5802);
#5802 = CARTESIAN_POINT('',(13.,4.,13.139411293381));
#5803 = LINE('',#5804,#5805);
#5804 = CARTESIAN_POINT('',(13.,4.,8.));
#5805 = VECTOR('',#5806,1.);
#5806 = DIRECTION('',(0.,0.,1.));
#5807 = ORIENTED_EDGE('',*,*,#5808,.T.);
#5808 = EDGE_CURVE('',#5801,#5809,#5811,.T.);
#5809 = VERTEX_POINT('',#5810);
#5810 = CARTESIAN_POINT('',(0.,4.,35.076911293381));
#5811 = LINE('',#5812,#5813);
#5812 = CARTESIAN_POINT('',(14.279416932732,4.,10.980395219397));
#5813 = VECTOR('',#5814,1.);
#5814 = DIRECTION('',(-0.509802390302,0.,0.860291533634));
#5815 = ORIENTED_EDGE('',*,*,#5816,.T.);
#5816 = EDGE_CURVE('',#5809,#5754,#5817,.T.);
#5817 = LINE('',#5818,#5819);
#5818 = CARTESIAN_POINT('',(17.720583067268,4.,64.980395219397));
#5819 = VECTOR('',#5820,1.);
#5820 = DIRECTION('',(-0.509802390302,0.,-0.860291533634));
#5821 = FACE_BOUND('',#5822,.T.);
#5822 = EDGE_LOOP('',(#5823,#5833,#5841));
#5823 = ORIENTED_EDGE('',*,*,#5824,.F.);
#5824 = EDGE_CURVE('',#5825,#5827,#5829,.T.);
#5825 = VERTEX_POINT('',#5826);
#5826 = CARTESIAN_POINT('',(-13.,4.,20.985588706619));
#5827 = VERTEX_POINT('',#5828);
#5828 = CARTESIAN_POINT('',(-13.,4.,57.014411293381));
#5829 = LINE('',#5830,#5831);
#5830 = CARTESIAN_POINT('',(-13.,4.,8.));
#5831 = VECTOR('',#5832,1.);
#5832 = DIRECTION('',(0.,0.,1.));
#5833 = ORIENTED_EDGE('',*,*,#5834,.T.);
#5834 = EDGE_CURVE('',#5825,#5835,#5837,.T.);
#5835 = VERTEX_POINT('',#5836);
#5836 = CARTESIAN_POINT('',(-2.324793307626,4.,39.));
#5837 = LINE('',#5838,#5839);
#5838 = CARTESIAN_POINT('',(-17.72058306726,4.,13.019604780603));
#5839 = VECTOR('',#5840,1.);
#5840 = DIRECTION('',(0.509802390302,0.,0.860291533634));
#5841 = ORIENTED_EDGE('',*,*,#5842,.T.);
#5842 = EDGE_CURVE('',#5835,#5827,#5843,.T.);
#5843 = LINE('',#5844,#5845);
#5844 = CARTESIAN_POINT('',(14.279416932732,4.,10.980395219397));
#5845 = VECTOR('',#5846,1.);
#5846 = DIRECTION('',(-0.509802390302,0.,0.860291533634));
#5847 = FACE_BOUND('',#5848,.T.);
#5848 = EDGE_LOOP('',(#5849,#5859,#5867));
#5849 = ORIENTED_EDGE('',*,*,#5850,.T.);
#5850 = EDGE_CURVE('',#5851,#5853,#5855,.T.);
#5851 = VERTEX_POINT('',#5852);
#5852 = CARTESIAN_POINT('',(2.324793307626,4.,39.));
#5853 = VERTEX_POINT('',#5854);
#5854 = CARTESIAN_POINT('',(13.,4.,20.985588706619));
#5855 = LINE('',#5856,#5857);
#5856 = CARTESIAN_POINT('',(-14.27941693273,4.,67.019604780603));
#5857 = VECTOR('',#5858,1.);
#5858 = DIRECTION('',(0.509802390302,0.,-0.860291533634));
#5859 = ORIENTED_EDGE('',*,*,#5860,.T.);
#5860 = EDGE_CURVE('',#5853,#5861,#5863,.T.);
#5861 = VERTEX_POINT('',#5862);
#5862 = CARTESIAN_POINT('',(13.,4.,57.014411293381));
#5863 = LINE('',#5864,#5865);
#5864 = CARTESIAN_POINT('',(13.,4.,8.));
#5865 = VECTOR('',#5866,1.);
#5866 = DIRECTION('',(0.,0.,1.));
#5867 = ORIENTED_EDGE('',*,*,#5868,.T.);
#5868 = EDGE_CURVE('',#5861,#5851,#5869,.T.);
#5869 = LINE('',#5870,#5871);
#5870 = CARTESIAN_POINT('',(17.720583067268,4.,64.980395219397));
#5871 = VECTOR('',#5872,1.);
#5872 = DIRECTION('',(-0.509802390302,0.,-0.860291533634));
#5873 = FACE_BOUND('',#5874,.T.);
#5874 = EDGE_LOOP('',(#5875,#5884,#5892));
#5875 = ORIENTED_EDGE('',*,*,#5876,.T.);
#5876 = EDGE_CURVE('',#5877,#5879,#5881,.T.);
#5877 = VERTEX_POINT('',#5878);
#5878 = CARTESIAN_POINT('',(14.438262381114,4.,144.75060990489));
#5879 = VERTEX_POINT('',#5880);
#5880 = CARTESIAN_POINT('',(14.75,4.,145.));
#5881 = B_SPLINE_CURVE_WITH_KNOTS('',1,(#5882,#5883),.UNSPECIFIED.,.F.,
  .F.,(2,2),(0.,1.),.PIECEWISE_BEZIER_KNOTS.);
#5882 = CARTESIAN_POINT('',(14.438262381114,4.,144.75060990489));
#5883 = CARTESIAN_POINT('',(14.75,4.,145.));
#5884 = ORIENTED_EDGE('',*,*,#5885,.T.);
#5885 = EDGE_CURVE('',#5879,#5886,#5888,.T.);
#5886 = VERTEX_POINT('',#5887);
#5887 = CARTESIAN_POINT('',(14.238750305027,4.,145.));
#5888 = LINE('',#5889,#5890);
#5889 = CARTESIAN_POINT('',(19.,4.,145.));
#5890 = VECTOR('',#5891,1.);
#5891 = DIRECTION('',(-1.,0.,0.));
#5892 = ORIENTED_EDGE('',*,*,#5893,.T.);
#5893 = EDGE_CURVE('',#5886,#5877,#5894,.T.);
#5894 = B_SPLINE_CURVE_WITH_KNOTS('',4,(#5895,#5896,#5897,#5898,#5899),
  .UNSPECIFIED.,.F.,.F.,(5,5),(0.,1.),.PIECEWISE_BEZIER_KNOTS.);
#5895 = CARTESIAN_POINT('',(14.238750305027,4.,145.));
#5896 = CARTESIAN_POINT('',(14.288628324049,4.,144.93765247622));
#5897 = CARTESIAN_POINT('',(14.33850634307,4.,144.87530495244));
#5898 = CARTESIAN_POINT('',(14.388384362092,4.,144.81295742866));
#5899 = CARTESIAN_POINT('',(14.438262381114,4.,144.75060990489));
#5900 = FACE_BOUND('',#5901,.T.);
#5901 = EDGE_LOOP('',(#5902,#5914,#5922));
#5902 = ORIENTED_EDGE('',*,*,#5903,.T.);
#5903 = EDGE_CURVE('',#5904,#5906,#5908,.T.);
#5904 = VERTEX_POINT('',#5905);
#5905 = CARTESIAN_POINT('',(-14.43826238111,4.,144.75060990489));
#5906 = VERTEX_POINT('',#5907);
#5907 = CARTESIAN_POINT('',(-14.23875030502,4.,145.));
#5908 = B_SPLINE_CURVE_WITH_KNOTS('',4,(#5909,#5910,#5911,#5912,#5913),
  .UNSPECIFIED.,.F.,.F.,(5,5),(0.,1.),.PIECEWISE_BEZIER_KNOTS.);
#5909 = CARTESIAN_POINT('',(-14.43826238111,4.,144.75060990489));
#5910 = CARTESIAN_POINT('',(-14.38838436209,4.,144.81295742866));
#5911 = CARTESIAN_POINT('',(-14.33850634307,4.,144.87530495244));
#5912 = CARTESIAN_POINT('',(-14.28862832404,4.,144.93765247622));
#5913 = CARTESIAN_POINT('',(-14.23875030502,4.,145.));
#5914 = ORIENTED_EDGE('',*,*,#5915,.T.);
#5915 = EDGE_CURVE('',#5906,#5916,#5918,.T.);
#5916 = VERTEX_POINT('',#5917);
#5917 = CARTESIAN_POINT('',(-14.75,4.,145.));
#5918 = LINE('',#5919,#5920);
#5919 = CARTESIAN_POINT('',(-13.,4.,145.));
#5920 = VECTOR('',#5921,1.);
#5921 = DIRECTION('',(-1.,0.,0.));
#5922 = ORIENTED_EDGE('',*,*,#5923,.T.);
#5923 = EDGE_CURVE('',#5916,#5904,#5924,.T.);
#5924 = B_SPLINE_CURVE_WITH_KNOTS('',1,(#5925,#5926),.UNSPECIFIED.,.F.,
  .F.,(2,2),(0.,1.),.PIECEWISE_BEZIER_KNOTS.);
#5925 = CARTESIAN_POINT('',(-14.75,4.,145.));
#5926 = CARTESIAN_POINT('',(-14.43826238111,4.,144.75060990489));
#5927 = PLANE('',#5928);
#5928 = AXIS2_PLACEMENT_3D('',#5929,#5930,#5931);
#5929 = CARTESIAN_POINT('',(-1.129876990115E-15,4.,77.595960768227));
#5930 = DIRECTION('',(0.,1.,0.));
#5931 = DIRECTION('',(0.,0.,1.));
#5932 = ADVANCED_FACE('',(#5933),#5959,.F.);
#5933 = FACE_BOUND('',#5934,.F.);
#5934 = EDGE_LOOP('',(#5935,#5945,#5951,#5952,#5953));
#5935 = ORIENTED_EDGE('',*,*,#5936,.F.);
#5936 = EDGE_CURVE('',#5937,#5939,#5941,.T.);
#5937 = VERTEX_POINT('',#5938);
#5938 = CARTESIAN_POINT('',(-13.,2.733348936002,8.));
#5939 = VERTEX_POINT('',#5940);
#5940 = CARTESIAN_POINT('',(-16.22412330605,0.785441105261,8.));
#5941 = LINE('',#5942,#5943);
#5942 = CARTESIAN_POINT('',(-19.71949816181,-1.326347870096,8.));
#5943 = VECTOR('',#5944,1.);
#5944 = DIRECTION('',(-0.855915541946,-0.517115639926,0.));
#5945 = ORIENTED_EDGE('',*,*,#5946,.T.);
#5946 = EDGE_CURVE('',#5937,#5752,#5947,.T.);
#5947 = LINE('',#5948,#5949);
#5948 = CARTESIAN_POINT('',(-13.,-8.,8.));
#5949 = VECTOR('',#5950,1.);
#5950 = DIRECTION('',(0.,1.,0.));
#5951 = ORIENTED_EDGE('',*,*,#5761,.F.);
#5952 = ORIENTED_EDGE('',*,*,#3901,.F.);
#5953 = ORIENTED_EDGE('',*,*,#5954,.F.);
#5954 = EDGE_CURVE('',#5939,#3902,#5955,.T.);
#5955 = LINE('',#5956,#5957);
#5956 = CARTESIAN_POINT('',(-33.31692724856,7.670042693217,8.));
#5957 = VECTOR('',#5958,1.);
#5958 = DIRECTION('',(-0.927585542017,0.373610843312,0.));
#5959 = PLANE('',#5960);
#5960 = AXIS2_PLACEMENT_3D('',#5961,#5962,#5963);
#5961 = CARTESIAN_POINT('',(-19.,-8.,8.));
#5962 = DIRECTION('',(0.,0.,1.));
#5963 = DIRECTION('',(1.,0.,0.));
#5964 = ADVANCED_FACE('',(#5965),#5999,.T.);
#5965 = FACE_BOUND('',#5966,.T.);
#5966 = EDGE_LOOP('',(#5967,#5977,#5983,#5984,#5985,#5993));
#5967 = ORIENTED_EDGE('',*,*,#5968,.F.);
#5968 = EDGE_CURVE('',#5969,#5971,#5973,.T.);
#5969 = VERTEX_POINT('',#5970);
#5970 = CARTESIAN_POINT('',(-37.86026952747,9.5,12.));
#5971 = VERTEX_POINT('',#5972);
#5972 = CARTESIAN_POINT('',(-37.86026952747,9.5,0.));
#5973 = LINE('',#5974,#5975);
#5974 = CARTESIAN_POINT('',(-37.86026952747,9.5,0.));
#5975 = VECTOR('',#5976,1.);
#5976 = DIRECTION('',(0.,0.,-1.));
#5977 = ORIENTED_EDGE('',*,*,#5978,.T.);
#5978 = EDGE_CURVE('',#5969,#3910,#5979,.T.);
#5979 = LINE('',#5980,#5981);
#5980 = CARTESIAN_POINT('',(-51.06597289171,14.818963855043,12.));
#5981 = VECTOR('',#5982,1.);
#5982 = DIRECTION('',(0.927585542017,-0.373610843312,0.));
#5983 = ORIENTED_EDGE('',*,*,#3909,.F.);
#5984 = ORIENTED_EDGE('',*,*,#5954,.F.);
#5985 = ORIENTED_EDGE('',*,*,#5986,.F.);
#5986 = EDGE_CURVE('',#5987,#5939,#5989,.T.);
#5987 = VERTEX_POINT('',#5988);
#5988 = CARTESIAN_POINT('',(-16.22412330605,0.785441105261,0.));
#5989 = LINE('',#5990,#5991);
#5990 = CARTESIAN_POINT('',(-16.22412330605,0.785441105261,0.));
#5991 = VECTOR('',#5992,1.);
#5992 = DIRECTION('',(0.,0.,1.));
#5993 = ORIENTED_EDGE('',*,*,#5994,.F.);
#5994 = EDGE_CURVE('',#5971,#5987,#5995,.T.);
#5995 = LINE('',#5996,#5997);
#5996 = CARTESIAN_POINT('',(-51.06597289171,14.818963855043,0.));
#5997 = VECTOR('',#5998,1.);
#5998 = DIRECTION('',(0.927585542017,-0.373610843312,0.));
#5999 = PLANE('',#6000);
#6000 = AXIS2_PLACEMENT_3D('',#6001,#6002,#6003);
#6001 = CARTESIAN_POINT('',(-51.06597289171,14.818963855043,0.));
#6002 = DIRECTION('',(0.373610843312,0.927585542017,0.));
#6003 = DIRECTION('',(0.927585542017,-0.373610843312,0.));
#6004 = ADVANCED_FACE('',(#6005),#6590,.T.);
#6005 = FACE_BOUND('',#6006,.T.);
#6006 = EDGE_LOOP('',(#6007,#6018,#6026,#6035,#6044,#6052,#6060,#6069,
    #6078,#6086,#6095,#6103,#6111,#6120,#6128,#6136,#6144,#6152,#6160,
    #6166,#6167,#6168,#6176,#6184,#6192,#6200,#6208,#6216,#6224,#6232,
    #6240,#6248,#6254,#6255,#6263,#6271,#6279,#6287,#6295,#6303,#6312,
    #6321,#6329,#6337,#6346,#6355,#6363,#6372,#6380,#6388,#6397,#6405,
    #6414,#6422,#6431,#6439,#6448,#6456,#6465,#6474,#6482,#6490,#6499,
    #6508,#6516,#6525,#6533,#6541,#6550,#6558,#6567,#6575,#6584));
#6007 = ORIENTED_EDGE('',*,*,#6008,.T.);
#6008 = EDGE_CURVE('',#6009,#6011,#6013,.T.);
#6009 = VERTEX_POINT('',#6010);
#6010 = CARTESIAN_POINT('',(-25.2,20.,12.));
#6011 = VERTEX_POINT('',#6012);
#6012 = CARTESIAN_POINT('',(-22.60576284415,15.5,12.));
#6013 = CIRCLE('',#6014,5.2);
#6014 = AXIS2_PLACEMENT_3D('',#6015,#6016,#6017);
#6015 = CARTESIAN_POINT('',(-20.,20.,12.));
#6016 = DIRECTION('',(0.,0.,1.));
#6017 = DIRECTION('',(1.,0.,0.));
#6018 = ORIENTED_EDGE('',*,*,#6019,.T.);
#6019 = EDGE_CURVE('',#6011,#6020,#6022,.T.);
#6020 = VERTEX_POINT('',#6021);
#6021 = CARTESIAN_POINT('',(-34.82409428215,15.5,12.));
#6022 = LINE('',#6023,#6024);
#6023 = CARTESIAN_POINT('',(56.,15.5,12.));
#6024 = VECTOR('',#6025,1.);
#6025 = DIRECTION('',(-1.,0.,0.));
#6026 = ORIENTED_EDGE('',*,*,#6027,.T.);
#6027 = EDGE_CURVE('',#6020,#6028,#6030,.T.);
#6028 = VERTEX_POINT('',#6029);
#6029 = CARTESIAN_POINT('',(-34.8,16.,12.));
#6030 = CIRCLE('',#6031,5.2);
#6031 = AXIS2_PLACEMENT_3D('',#6032,#6033,#6034);
#6032 = CARTESIAN_POINT('',(-40.,16.,12.));
#6033 = DIRECTION('',(0.,0.,1.));
#6034 = DIRECTION('',(1.,0.,0.));
#6035 = ORIENTED_EDGE('',*,*,#6036,.T.);
#6036 = EDGE_CURVE('',#6028,#6037,#6039,.T.);
#6037 = VERTEX_POINT('',#6038);
#6038 = CARTESIAN_POINT('',(-36.67735045483,20.,12.));
#6039 = CIRCLE('',#6040,5.2);
#6040 = AXIS2_PLACEMENT_3D('',#6041,#6042,#6043);
#6041 = CARTESIAN_POINT('',(-40.,16.,12.));
#6042 = DIRECTION('',(0.,0.,1.));
#6043 = DIRECTION('',(1.,0.,0.));
#6044 = ORIENTED_EDGE('',*,*,#6045,.T.);
#6045 = EDGE_CURVE('',#6037,#6046,#6048,.T.);
#6046 = VERTEX_POINT('',#6047);
#6047 = CARTESIAN_POINT('',(-37.8225,20.,12.));
#6048 = LINE('',#6049,#6050);
#6049 = CARTESIAN_POINT('',(-99.99216658038,20.,12.));
#6050 = VECTOR('',#6051,1.);
#6051 = DIRECTION('',(-1.,0.,0.));
#6052 = ORIENTED_EDGE('',*,*,#6053,.F.);
#6053 = EDGE_CURVE('',#6054,#6046,#6056,.T.);
#6054 = VERTEX_POINT('',#6055);
#6055 = CARTESIAN_POINT('',(-37.8225,18.27617963922,12.));
#6056 = LINE('',#6057,#6058);
#6057 = CARTESIAN_POINT('',(-37.8225,16.,12.));
#6058 = VECTOR('',#6059,1.);
#6059 = DIRECTION('',(0.,1.,0.));
#6060 = ORIENTED_EDGE('',*,*,#6061,.F.);
#6061 = EDGE_CURVE('',#6062,#6054,#6064,.T.);
#6062 = VERTEX_POINT('',#6063);
#6063 = CARTESIAN_POINT('',(-36.85,16.,12.));
#6064 = CIRCLE('',#6065,3.15);
#6065 = AXIS2_PLACEMENT_3D('',#6066,#6067,#6068);
#6066 = CARTESIAN_POINT('',(-40.,16.,12.));
#6067 = DIRECTION('',(0.,0.,1.));
#6068 = DIRECTION('',(1.,0.,0.));
#6069 = ORIENTED_EDGE('',*,*,#6070,.F.);
#6070 = EDGE_CURVE('',#6071,#6062,#6073,.T.);
#6071 = VERTEX_POINT('',#6072);
#6072 = CARTESIAN_POINT('',(-36.88993569198,15.5,12.));
#6073 = CIRCLE('',#6074,3.15);
#6074 = AXIS2_PLACEMENT_3D('',#6075,#6076,#6077);
#6075 = CARTESIAN_POINT('',(-40.,16.,12.));
#6076 = DIRECTION('',(0.,0.,1.));
#6077 = DIRECTION('',(1.,0.,0.));
#6078 = ORIENTED_EDGE('',*,*,#6079,.T.);
#6079 = EDGE_CURVE('',#6071,#6080,#6082,.T.);
#6080 = VERTEX_POINT('',#6081);
#6081 = CARTESIAN_POINT('',(-43.11006430801,15.5,12.));
#6082 = LINE('',#6083,#6084);
#6083 = CARTESIAN_POINT('',(56.,15.5,12.));
#6084 = VECTOR('',#6085,1.);
#6085 = DIRECTION('',(-1.,0.,0.));
#6086 = ORIENTED_EDGE('',*,*,#6087,.F.);
#6087 = EDGE_CURVE('',#6088,#6080,#6090,.T.);
#6088 = VERTEX_POINT('',#6089);
#6089 = CARTESIAN_POINT('',(-42.1775,18.27617963922,12.));
#6090 = CIRCLE('',#6091,3.15);
#6091 = AXIS2_PLACEMENT_3D('',#6092,#6093,#6094);
#6092 = CARTESIAN_POINT('',(-40.,16.,12.));
#6093 = DIRECTION('',(0.,0.,1.));
#6094 = DIRECTION('',(1.,0.,0.));
#6095 = ORIENTED_EDGE('',*,*,#6096,.T.);
#6096 = EDGE_CURVE('',#6088,#6097,#6099,.T.);
#6097 = VERTEX_POINT('',#6098);
#6098 = CARTESIAN_POINT('',(-42.1775,20.,12.));
#6099 = LINE('',#6100,#6101);
#6100 = CARTESIAN_POINT('',(-42.1775,16.,12.));
#6101 = VECTOR('',#6102,1.);
#6102 = DIRECTION('',(0.,1.,0.));
#6103 = ORIENTED_EDGE('',*,*,#6104,.T.);
#6104 = EDGE_CURVE('',#6097,#6105,#6107,.T.);
#6105 = VERTEX_POINT('',#6106);
#6106 = CARTESIAN_POINT('',(-43.32264954516,20.,12.));
#6107 = LINE('',#6108,#6109);
#6108 = CARTESIAN_POINT('',(-99.99216658038,20.,12.));
#6109 = VECTOR('',#6110,1.);
#6110 = DIRECTION('',(-1.,0.,0.));
#6111 = ORIENTED_EDGE('',*,*,#6112,.T.);
#6112 = EDGE_CURVE('',#6105,#6113,#6115,.T.);
#6113 = VERTEX_POINT('',#6114);
#6114 = CARTESIAN_POINT('',(-45.17590571784,15.5,12.));
#6115 = CIRCLE('',#6116,5.2);
#6116 = AXIS2_PLACEMENT_3D('',#6117,#6118,#6119);
#6117 = CARTESIAN_POINT('',(-40.,16.,12.));
#6118 = DIRECTION('',(0.,0.,1.));
#6119 = DIRECTION('',(1.,0.,0.));
#6120 = ORIENTED_EDGE('',*,*,#6121,.T.);
#6121 = EDGE_CURVE('',#6113,#6122,#6124,.T.);
#6122 = VERTEX_POINT('',#6123);
#6123 = CARTESIAN_POINT('',(-56.,15.5,12.));
#6124 = LINE('',#6125,#6126);
#6125 = CARTESIAN_POINT('',(56.,15.5,12.));
#6126 = VECTOR('',#6127,1.);
#6127 = DIRECTION('',(-1.,0.,0.));
#6128 = ORIENTED_EDGE('',*,*,#6129,.T.);
#6129 = EDGE_CURVE('',#6122,#6130,#6132,.T.);
#6130 = VERTEX_POINT('',#6131);
#6131 = CARTESIAN_POINT('',(-58.,13.5,12.));
#6132 = LINE('',#6133,#6134);
#6133 = CARTESIAN_POINT('',(-56.,15.5,12.));
#6134 = VECTOR('',#6135,1.);
#6135 = DIRECTION('',(-0.707106781187,-0.707106781187,0.));
#6136 = ORIENTED_EDGE('',*,*,#6137,.T.);
#6137 = EDGE_CURVE('',#6130,#6138,#6140,.T.);
#6138 = VERTEX_POINT('',#6139);
#6139 = CARTESIAN_POINT('',(-58.,11.5,12.));
#6140 = LINE('',#6141,#6142);
#6141 = CARTESIAN_POINT('',(-58.,13.5,12.));
#6142 = VECTOR('',#6143,1.);
#6143 = DIRECTION('',(0.,-1.,0.));
#6144 = ORIENTED_EDGE('',*,*,#6145,.T.);
#6145 = EDGE_CURVE('',#6138,#6146,#6148,.T.);
#6146 = VERTEX_POINT('',#6147);
#6147 = CARTESIAN_POINT('',(-56.,9.5,12.));
#6148 = LINE('',#6149,#6150);
#6149 = CARTESIAN_POINT('',(-58.,11.5,12.));
#6150 = VECTOR('',#6151,1.);
#6151 = DIRECTION('',(0.707106781187,-0.707106781187,0.));
#6152 = ORIENTED_EDGE('',*,*,#6153,.T.);
#6153 = EDGE_CURVE('',#6146,#6154,#6156,.T.);
#6154 = VERTEX_POINT('',#6155);
#6155 = CARTESIAN_POINT('',(-51.24317874838,9.5,12.));
#6156 = LINE('',#6157,#6158);
#6157 = CARTESIAN_POINT('',(-56.,9.5,12.));
#6158 = VECTOR('',#6159,1.);
#6159 = DIRECTION('',(1.,0.,0.));
#6160 = ORIENTED_EDGE('',*,*,#6161,.F.);
#6161 = EDGE_CURVE('',#3918,#6154,#6162,.T.);
#6162 = LINE('',#6163,#6164);
#6163 = CARTESIAN_POINT('',(-16.93402710828,-4.318963855043,12.));
#6164 = VECTOR('',#6165,1.);
#6165 = DIRECTION('',(-0.927585542017,0.373610843312,0.));
#6166 = ORIENTED_EDGE('',*,*,#3917,.T.);
#6167 = ORIENTED_EDGE('',*,*,#5978,.F.);
#6168 = ORIENTED_EDGE('',*,*,#6169,.T.);
#6169 = EDGE_CURVE('',#5969,#6170,#6172,.T.);
#6170 = VERTEX_POINT('',#6171);
#6171 = CARTESIAN_POINT('',(-7.868991342348,9.5,12.));
#6172 = LINE('',#6173,#6174);
#6173 = CARTESIAN_POINT('',(-56.,9.5,12.));
#6174 = VECTOR('',#6175,1.);
#6175 = DIRECTION('',(1.,0.,0.));
#6176 = ORIENTED_EDGE('',*,*,#6177,.F.);
#6177 = EDGE_CURVE('',#6178,#6170,#6180,.T.);
#6178 = VERTEX_POINT('',#6179);
#6179 = CARTESIAN_POINT('',(-4.834508583728,7.666666666667,12.));
#6180 = LINE('',#6181,#6182);
#6181 = CARTESIAN_POINT('',(14.707210900186,-4.139788854864,12.));
#6182 = VECTOR('',#6183,1.);
#6183 = DIRECTION('',(-0.855915541946,0.517115639926,0.));
#6184 = ORIENTED_EDGE('',*,*,#6185,.F.);
#6185 = EDGE_CURVE('',#6186,#6178,#6188,.T.);
#6186 = VERTEX_POINT('',#6187);
#6187 = CARTESIAN_POINT('',(-13.,2.733348936002,12.));
#6188 = LINE('',#6189,#6190);
#6189 = CARTESIAN_POINT('',(-17.29278909981,0.139788854864,12.));
#6190 = VECTOR('',#6191,1.);
#6191 = DIRECTION('',(0.855915541946,0.517115639926,0.));
#6192 = ORIENTED_EDGE('',*,*,#6193,.F.);
#6193 = EDGE_CURVE('',#6194,#6186,#6196,.T.);
#6194 = VERTEX_POINT('',#6195);
#6195 = CARTESIAN_POINT('',(-13.,-3.108348936002,12.));
#6196 = LINE('',#6197,#6198);
#6197 = CARTESIAN_POINT('',(-13.,-1.375,12.));
#6198 = VECTOR('',#6199,1.);
#6199 = DIRECTION('',(0.,1.,0.));
#6200 = ORIENTED_EDGE('',*,*,#6201,.F.);
#6201 = EDGE_CURVE('',#6202,#6194,#6204,.T.);
#6202 = VERTEX_POINT('',#6203);
#6203 = CARTESIAN_POINT('',(8.881784197001E-16,4.745817730665,12.));
#6204 = LINE('',#6205,#6206);
#6205 = CARTESIAN_POINT('',(9.292789099814,10.360211145136,12.));
#6206 = VECTOR('',#6207,1.);
#6207 = DIRECTION('',(-0.855915541946,-0.517115639926,0.));
#6208 = ORIENTED_EDGE('',*,*,#6209,.F.);
#6209 = EDGE_CURVE('',#6210,#6202,#6212,.T.);
#6210 = VERTEX_POINT('',#6211);
#6211 = CARTESIAN_POINT('',(13.,-3.108348936002,12.));
#6212 = LINE('',#6213,#6214);
#6213 = CARTESIAN_POINT('',(14.707210900186,-4.139788854864,12.));
#6214 = VECTOR('',#6215,1.);
#6215 = DIRECTION('',(-0.855915541946,0.517115639926,0.));
#6216 = ORIENTED_EDGE('',*,*,#6217,.T.);
#6217 = EDGE_CURVE('',#6210,#6218,#6220,.T.);
#6218 = VERTEX_POINT('',#6219);
#6219 = CARTESIAN_POINT('',(13.,2.733348936002,12.));
#6220 = LINE('',#6221,#6222);
#6221 = CARTESIAN_POINT('',(13.,-1.375,12.));
#6222 = VECTOR('',#6223,1.);
#6223 = DIRECTION('',(0.,1.,0.));
#6224 = ORIENTED_EDGE('',*,*,#6225,.F.);
#6225 = EDGE_CURVE('',#6226,#6218,#6228,.T.);
#6226 = VERTEX_POINT('',#6227);
#6227 = CARTESIAN_POINT('',(4.834508583728,7.666666666667,12.));
#6228 = LINE('',#6229,#6230);
#6229 = CARTESIAN_POINT('',(-6.707210900186,14.639788854864,12.));
#6230 = VECTOR('',#6231,1.);
#6231 = DIRECTION('',(0.855915541946,-0.517115639926,0.));
#6232 = ORIENTED_EDGE('',*,*,#6233,.F.);
#6233 = EDGE_CURVE('',#6234,#6226,#6236,.T.);
#6234 = VERTEX_POINT('',#6235);
#6235 = CARTESIAN_POINT('',(7.868991342348,9.5,12.));
#6236 = LINE('',#6237,#6238);
#6237 = CARTESIAN_POINT('',(9.292789099814,10.360211145136,12.));
#6238 = VECTOR('',#6239,1.);
#6239 = DIRECTION('',(-0.855915541946,-0.517115639926,0.));
#6240 = ORIENTED_EDGE('',*,*,#6241,.T.);
#6241 = EDGE_CURVE('',#6234,#6242,#6244,.T.);
#6242 = VERTEX_POINT('',#6243);
#6243 = CARTESIAN_POINT('',(37.860269527474,9.5,12.));
#6244 = LINE('',#6245,#6246);
#6245 = CARTESIAN_POINT('',(-56.,9.5,12.));
#6246 = VECTOR('',#6247,1.);
#6247 = DIRECTION('',(1.,0.,0.));
#6248 = ORIENTED_EDGE('',*,*,#6249,.F.);
#6249 = EDGE_CURVE('',#5178,#6242,#6250,.T.);
#6250 = LINE('',#6251,#6252);
#6251 = CARTESIAN_POINT('',(15.065972891719,0.318963855043,12.));
#6252 = VECTOR('',#6253,1.);
#6253 = DIRECTION('',(0.927585542017,0.373610843312,0.));
#6254 = ORIENTED_EDGE('',*,*,#5177,.F.);
#6255 = ORIENTED_EDGE('',*,*,#6256,.F.);
#6256 = EDGE_CURVE('',#6257,#5170,#6259,.T.);
#6257 = VERTEX_POINT('',#6258);
#6258 = CARTESIAN_POINT('',(51.243178748388,9.5,12.));
#6259 = LINE('',#6260,#6261);
#6260 = CARTESIAN_POINT('',(52.934027108281,10.181036144957,12.));
#6261 = VECTOR('',#6262,1.);
#6262 = DIRECTION('',(-0.927585542017,-0.373610843312,0.));
#6263 = ORIENTED_EDGE('',*,*,#6264,.T.);
#6264 = EDGE_CURVE('',#6257,#6265,#6267,.T.);
#6265 = VERTEX_POINT('',#6266);
#6266 = CARTESIAN_POINT('',(56.,9.5,12.));
#6267 = LINE('',#6268,#6269);
#6268 = CARTESIAN_POINT('',(-56.,9.5,12.));
#6269 = VECTOR('',#6270,1.);
#6270 = DIRECTION('',(1.,0.,0.));
#6271 = ORIENTED_EDGE('',*,*,#6272,.T.);
#6272 = EDGE_CURVE('',#6265,#6273,#6275,.T.);
#6273 = VERTEX_POINT('',#6274);
#6274 = CARTESIAN_POINT('',(58.,11.5,12.));
#6275 = LINE('',#6276,#6277);
#6276 = CARTESIAN_POINT('',(56.,9.5,12.));
#6277 = VECTOR('',#6278,1.);
#6278 = DIRECTION('',(0.707106781187,0.707106781187,0.));
#6279 = ORIENTED_EDGE('',*,*,#6280,.T.);
#6280 = EDGE_CURVE('',#6273,#6281,#6283,.T.);
#6281 = VERTEX_POINT('',#6282);
#6282 = CARTESIAN_POINT('',(58.,13.5,12.));
#6283 = LINE('',#6284,#6285);
#6284 = CARTESIAN_POINT('',(58.,11.5,12.));
#6285 = VECTOR('',#6286,1.);
#6286 = DIRECTION('',(0.,1.,0.));
#6287 = ORIENTED_EDGE('',*,*,#6288,.T.);
#6288 = EDGE_CURVE('',#6281,#6289,#6291,.T.);
#6289 = VERTEX_POINT('',#6290);
#6290 = CARTESIAN_POINT('',(56.,15.5,12.));
#6291 = LINE('',#6292,#6293);
#6292 = CARTESIAN_POINT('',(58.,13.5,12.));
#6293 = VECTOR('',#6294,1.);
#6294 = DIRECTION('',(-0.707106781187,0.707106781187,0.));
#6295 = ORIENTED_EDGE('',*,*,#6296,.T.);
#6296 = EDGE_CURVE('',#6289,#6297,#6299,.T.);
#6297 = VERTEX_POINT('',#6298);
#6298 = CARTESIAN_POINT('',(45.175905717843,15.5,12.));
#6299 = LINE('',#6300,#6301);
#6300 = CARTESIAN_POINT('',(56.,15.5,12.));
#6301 = VECTOR('',#6302,1.);
#6302 = DIRECTION('',(-1.,0.,0.));
#6303 = ORIENTED_EDGE('',*,*,#6304,.T.);
#6304 = EDGE_CURVE('',#6297,#6305,#6307,.T.);
#6305 = VERTEX_POINT('',#6306);
#6306 = CARTESIAN_POINT('',(45.2,16.,12.));
#6307 = CIRCLE('',#6308,5.2);
#6308 = AXIS2_PLACEMENT_3D('',#6309,#6310,#6311);
#6309 = CARTESIAN_POINT('',(40.,16.,12.));
#6310 = DIRECTION('',(0.,0.,1.));
#6311 = DIRECTION('',(1.,0.,0.));
#6312 = ORIENTED_EDGE('',*,*,#6313,.T.);
#6313 = EDGE_CURVE('',#6305,#6314,#6316,.T.);
#6314 = VERTEX_POINT('',#6315);
#6315 = CARTESIAN_POINT('',(43.322649545167,20.,12.));
#6316 = CIRCLE('',#6317,5.2);
#6317 = AXIS2_PLACEMENT_3D('',#6318,#6319,#6320);
#6318 = CARTESIAN_POINT('',(40.,16.,12.));
#6319 = DIRECTION('',(0.,0.,1.));
#6320 = DIRECTION('',(1.,0.,0.));
#6321 = ORIENTED_EDGE('',*,*,#6322,.T.);
#6322 = EDGE_CURVE('',#6314,#6323,#6325,.T.);
#6323 = VERTEX_POINT('',#6324);
#6324 = CARTESIAN_POINT('',(42.1775,20.,12.));
#6325 = LINE('',#6326,#6327);
#6326 = CARTESIAN_POINT('',(-99.99216658038,20.,12.));
#6327 = VECTOR('',#6328,1.);
#6328 = DIRECTION('',(-1.,0.,0.));
#6329 = ORIENTED_EDGE('',*,*,#6330,.F.);
#6330 = EDGE_CURVE('',#6331,#6323,#6333,.T.);
#6331 = VERTEX_POINT('',#6332);
#6332 = CARTESIAN_POINT('',(42.1775,18.27617963922,12.));
#6333 = LINE('',#6334,#6335);
#6334 = CARTESIAN_POINT('',(42.1775,16.,12.));
#6335 = VECTOR('',#6336,1.);
#6336 = DIRECTION('',(0.,1.,0.));
#6337 = ORIENTED_EDGE('',*,*,#6338,.F.);
#6338 = EDGE_CURVE('',#6339,#6331,#6341,.T.);
#6339 = VERTEX_POINT('',#6340);
#6340 = CARTESIAN_POINT('',(43.15,16.,12.));
#6341 = CIRCLE('',#6342,3.15);
#6342 = AXIS2_PLACEMENT_3D('',#6343,#6344,#6345);
#6343 = CARTESIAN_POINT('',(40.,16.,12.));
#6344 = DIRECTION('',(0.,0.,1.));
#6345 = DIRECTION('',(1.,0.,0.));
#6346 = ORIENTED_EDGE('',*,*,#6347,.F.);
#6347 = EDGE_CURVE('',#6348,#6339,#6350,.T.);
#6348 = VERTEX_POINT('',#6349);
#6349 = CARTESIAN_POINT('',(43.110064308017,15.5,12.));
#6350 = CIRCLE('',#6351,3.15);
#6351 = AXIS2_PLACEMENT_3D('',#6352,#6353,#6354);
#6352 = CARTESIAN_POINT('',(40.,16.,12.));
#6353 = DIRECTION('',(0.,0.,1.));
#6354 = DIRECTION('',(1.,0.,0.));
#6355 = ORIENTED_EDGE('',*,*,#6356,.T.);
#6356 = EDGE_CURVE('',#6348,#6357,#6359,.T.);
#6357 = VERTEX_POINT('',#6358);
#6358 = CARTESIAN_POINT('',(36.889935691983,15.5,12.));
#6359 = LINE('',#6360,#6361);
#6360 = CARTESIAN_POINT('',(56.,15.5,12.));
#6361 = VECTOR('',#6362,1.);
#6362 = DIRECTION('',(-1.,0.,0.));
#6363 = ORIENTED_EDGE('',*,*,#6364,.F.);
#6364 = EDGE_CURVE('',#6365,#6357,#6367,.T.);
#6365 = VERTEX_POINT('',#6366);
#6366 = CARTESIAN_POINT('',(37.8225,18.27617963922,12.));
#6367 = CIRCLE('',#6368,3.15);
#6368 = AXIS2_PLACEMENT_3D('',#6369,#6370,#6371);
#6369 = CARTESIAN_POINT('',(40.,16.,12.));
#6370 = DIRECTION('',(0.,0.,1.));
#6371 = DIRECTION('',(1.,0.,0.));
#6372 = ORIENTED_EDGE('',*,*,#6373,.T.);
#6373 = EDGE_CURVE('',#6365,#6374,#6376,.T.);
#6374 = VERTEX_POINT('',#6375);
#6375 = CARTESIAN_POINT('',(37.8225,20.,12.));
#6376 = LINE('',#6377,#6378);
#6377 = CARTESIAN_POINT('',(37.8225,16.,12.));
#6378 = VECTOR('',#6379,1.);
#6379 = DIRECTION('',(0.,1.,0.));
#6380 = ORIENTED_EDGE('',*,*,#6381,.T.);
#6381 = EDGE_CURVE('',#6374,#6382,#6384,.T.);
#6382 = VERTEX_POINT('',#6383);
#6383 = CARTESIAN_POINT('',(36.677350454833,20.,12.));
#6384 = LINE('',#6385,#6386);
#6385 = CARTESIAN_POINT('',(-99.99216658038,20.,12.));
#6386 = VECTOR('',#6387,1.);
#6387 = DIRECTION('',(-1.,0.,0.));
#6388 = ORIENTED_EDGE('',*,*,#6389,.T.);
#6389 = EDGE_CURVE('',#6382,#6390,#6392,.T.);
#6390 = VERTEX_POINT('',#6391);
#6391 = CARTESIAN_POINT('',(34.824094282157,15.5,12.));
#6392 = CIRCLE('',#6393,5.2);
#6393 = AXIS2_PLACEMENT_3D('',#6394,#6395,#6396);
#6394 = CARTESIAN_POINT('',(40.,16.,12.));
#6395 = DIRECTION('',(0.,0.,1.));
#6396 = DIRECTION('',(1.,0.,0.));
#6397 = ORIENTED_EDGE('',*,*,#6398,.T.);
#6398 = EDGE_CURVE('',#6390,#6399,#6401,.T.);
#6399 = VERTEX_POINT('',#6400);
#6400 = CARTESIAN_POINT('',(22.605762844159,15.5,12.));
#6401 = LINE('',#6402,#6403);
#6402 = CARTESIAN_POINT('',(56.,15.5,12.));
#6403 = VECTOR('',#6404,1.);
#6404 = DIRECTION('',(-1.,0.,0.));
#6405 = ORIENTED_EDGE('',*,*,#6406,.T.);
#6406 = EDGE_CURVE('',#6399,#6407,#6409,.T.);
#6407 = VERTEX_POINT('',#6408);
#6408 = CARTESIAN_POINT('',(25.2,20.,12.));
#6409 = CIRCLE('',#6410,5.2);
#6410 = AXIS2_PLACEMENT_3D('',#6411,#6412,#6413);
#6411 = CARTESIAN_POINT('',(20.,20.,12.));
#6412 = DIRECTION('',(0.,0.,1.));
#6413 = DIRECTION('',(1.,0.,0.));
#6414 = ORIENTED_EDGE('',*,*,#6415,.T.);
#6415 = EDGE_CURVE('',#6407,#6416,#6418,.T.);
#6416 = VERTEX_POINT('',#6417);
#6417 = CARTESIAN_POINT('',(23.15,20.,12.));
#6418 = LINE('',#6419,#6420);
#6419 = CARTESIAN_POINT('',(-99.99216658038,20.,12.));
#6420 = VECTOR('',#6421,1.);
#6421 = DIRECTION('',(-1.,0.,0.));
#6422 = ORIENTED_EDGE('',*,*,#6423,.F.);
#6423 = EDGE_CURVE('',#6424,#6416,#6426,.T.);
#6424 = VERTEX_POINT('',#6425);
#6425 = CARTESIAN_POINT('',(16.85,20.,12.));
#6426 = CIRCLE('',#6427,3.15);
#6427 = AXIS2_PLACEMENT_3D('',#6428,#6429,#6430);
#6428 = CARTESIAN_POINT('',(20.,20.,12.));
#6429 = DIRECTION('',(0.,0.,1.));
#6430 = DIRECTION('',(1.,0.,0.));
#6431 = ORIENTED_EDGE('',*,*,#6432,.T.);
#6432 = EDGE_CURVE('',#6424,#6433,#6435,.T.);
#6433 = VERTEX_POINT('',#6434);
#6434 = CARTESIAN_POINT('',(14.8,20.,12.));
#6435 = LINE('',#6436,#6437);
#6436 = CARTESIAN_POINT('',(-99.99216658038,20.,12.));
#6437 = VECTOR('',#6438,1.);
#6438 = DIRECTION('',(-1.,0.,0.));
#6439 = ORIENTED_EDGE('',*,*,#6440,.T.);
#6440 = EDGE_CURVE('',#6433,#6441,#6443,.T.);
#6441 = VERTEX_POINT('',#6442);
#6442 = CARTESIAN_POINT('',(17.394237155841,15.5,12.));
#6443 = CIRCLE('',#6444,5.2);
#6444 = AXIS2_PLACEMENT_3D('',#6445,#6446,#6447);
#6445 = CARTESIAN_POINT('',(20.,20.,12.));
#6446 = DIRECTION('',(0.,0.,1.));
#6447 = DIRECTION('',(1.,0.,0.));
#6448 = ORIENTED_EDGE('',*,*,#6449,.T.);
#6449 = EDGE_CURVE('',#6441,#6450,#6452,.T.);
#6450 = VERTEX_POINT('',#6451);
#6451 = CARTESIAN_POINT('',(5.175905717843,15.5,12.));
#6452 = LINE('',#6453,#6454);
#6453 = CARTESIAN_POINT('',(56.,15.5,12.));
#6454 = VECTOR('',#6455,1.);
#6455 = DIRECTION('',(-1.,0.,0.));
#6456 = ORIENTED_EDGE('',*,*,#6457,.T.);
#6457 = EDGE_CURVE('',#6450,#6458,#6460,.T.);
#6458 = VERTEX_POINT('',#6459);
#6459 = CARTESIAN_POINT('',(5.2,16.,12.));
#6460 = CIRCLE('',#6461,5.2);
#6461 = AXIS2_PLACEMENT_3D('',#6462,#6463,#6464);
#6462 = CARTESIAN_POINT('',(0.,16.,12.));
#6463 = DIRECTION('',(0.,0.,1.));
#6464 = DIRECTION('',(1.,0.,0.));
#6465 = ORIENTED_EDGE('',*,*,#6466,.T.);
#6466 = EDGE_CURVE('',#6458,#6467,#6469,.T.);
#6467 = VERTEX_POINT('',#6468);
#6468 = CARTESIAN_POINT('',(3.322649545167,20.,12.));
#6469 = CIRCLE('',#6470,5.2);
#6470 = AXIS2_PLACEMENT_3D('',#6471,#6472,#6473);
#6471 = CARTESIAN_POINT('',(0.,16.,12.));
#6472 = DIRECTION('',(0.,0.,1.));
#6473 = DIRECTION('',(1.,0.,0.));
#6474 = ORIENTED_EDGE('',*,*,#6475,.T.);
#6475 = EDGE_CURVE('',#6467,#6476,#6478,.T.);
#6476 = VERTEX_POINT('',#6477);
#6477 = CARTESIAN_POINT('',(2.1775,20.,12.));
#6478 = LINE('',#6479,#6480);
#6479 = CARTESIAN_POINT('',(-99.99216658038,20.,12.));
#6480 = VECTOR('',#6481,1.);
#6481 = DIRECTION('',(-1.,0.,0.));
#6482 = ORIENTED_EDGE('',*,*,#6483,.F.);
#6483 = EDGE_CURVE('',#6484,#6476,#6486,.T.);
#6484 = VERTEX_POINT('',#6485);
#6485 = CARTESIAN_POINT('',(2.1775,18.27617963922,12.));
#6486 = LINE('',#6487,#6488);
#6487 = CARTESIAN_POINT('',(2.1775,16.,12.));
#6488 = VECTOR('',#6489,1.);
#6489 = DIRECTION('',(0.,1.,0.));
#6490 = ORIENTED_EDGE('',*,*,#6491,.F.);
#6491 = EDGE_CURVE('',#6492,#6484,#6494,.T.);
#6492 = VERTEX_POINT('',#6493);
#6493 = CARTESIAN_POINT('',(3.15,16.,12.));
#6494 = CIRCLE('',#6495,3.15);
#6495 = AXIS2_PLACEMENT_3D('',#6496,#6497,#6498);
#6496 = CARTESIAN_POINT('',(0.,16.,12.));
#6497 = DIRECTION('',(0.,0.,1.));
#6498 = DIRECTION('',(1.,0.,0.));
#6499 = ORIENTED_EDGE('',*,*,#6500,.F.);
#6500 = EDGE_CURVE('',#6501,#6492,#6503,.T.);
#6501 = VERTEX_POINT('',#6502);
#6502 = CARTESIAN_POINT('',(3.110064308017,15.5,12.));
#6503 = CIRCLE('',#6504,3.15);
#6504 = AXIS2_PLACEMENT_3D('',#6505,#6506,#6507);
#6505 = CARTESIAN_POINT('',(0.,16.,12.));
#6506 = DIRECTION('',(0.,0.,1.));
#6507 = DIRECTION('',(1.,0.,0.));
#6508 = ORIENTED_EDGE('',*,*,#6509,.T.);
#6509 = EDGE_CURVE('',#6501,#6510,#6512,.T.);
#6510 = VERTEX_POINT('',#6511);
#6511 = CARTESIAN_POINT('',(-3.110064308017,15.5,12.));
#6512 = LINE('',#6513,#6514);
#6513 = CARTESIAN_POINT('',(56.,15.5,12.));
#6514 = VECTOR('',#6515,1.);
#6515 = DIRECTION('',(-1.,0.,0.));
#6516 = ORIENTED_EDGE('',*,*,#6517,.F.);
#6517 = EDGE_CURVE('',#6518,#6510,#6520,.T.);
#6518 = VERTEX_POINT('',#6519);
#6519 = CARTESIAN_POINT('',(-2.1775,18.27617963922,12.));
#6520 = CIRCLE('',#6521,3.15);
#6521 = AXIS2_PLACEMENT_3D('',#6522,#6523,#6524);
#6522 = CARTESIAN_POINT('',(0.,16.,12.));
#6523 = DIRECTION('',(0.,0.,1.));
#6524 = DIRECTION('',(1.,0.,0.));
#6525 = ORIENTED_EDGE('',*,*,#6526,.T.);
#6526 = EDGE_CURVE('',#6518,#6527,#6529,.T.);
#6527 = VERTEX_POINT('',#6528);
#6528 = CARTESIAN_POINT('',(-2.1775,20.,12.));
#6529 = LINE('',#6530,#6531);
#6530 = CARTESIAN_POINT('',(-2.1775,16.,12.));
#6531 = VECTOR('',#6532,1.);
#6532 = DIRECTION('',(0.,1.,0.));
#6533 = ORIENTED_EDGE('',*,*,#6534,.T.);
#6534 = EDGE_CURVE('',#6527,#6535,#6537,.T.);
#6535 = VERTEX_POINT('',#6536);
#6536 = CARTESIAN_POINT('',(-3.322649545167,20.,12.));
#6537 = LINE('',#6538,#6539);
#6538 = CARTESIAN_POINT('',(-99.99216658038,20.,12.));
#6539 = VECTOR('',#6540,1.);
#6540 = DIRECTION('',(-1.,0.,0.));
#6541 = ORIENTED_EDGE('',*,*,#6542,.T.);
#6542 = EDGE_CURVE('',#6535,#6543,#6545,.T.);
#6543 = VERTEX_POINT('',#6544);
#6544 = CARTESIAN_POINT('',(-5.175905717843,15.5,12.));
#6545 = CIRCLE('',#6546,5.2);
#6546 = AXIS2_PLACEMENT_3D('',#6547,#6548,#6549);
#6547 = CARTESIAN_POINT('',(0.,16.,12.));
#6548 = DIRECTION('',(0.,0.,1.));
#6549 = DIRECTION('',(1.,0.,0.));
#6550 = ORIENTED_EDGE('',*,*,#6551,.T.);
#6551 = EDGE_CURVE('',#6543,#6552,#6554,.T.);
#6552 = VERTEX_POINT('',#6553);
#6553 = CARTESIAN_POINT('',(-17.39423715584,15.5,12.));
#6554 = LINE('',#6555,#6556);
#6555 = CARTESIAN_POINT('',(56.,15.5,12.));
#6556 = VECTOR('',#6557,1.);
#6557 = DIRECTION('',(-1.,0.,0.));
#6558 = ORIENTED_EDGE('',*,*,#6559,.T.);
#6559 = EDGE_CURVE('',#6552,#6560,#6562,.T.);
#6560 = VERTEX_POINT('',#6561);
#6561 = CARTESIAN_POINT('',(-14.8,20.,12.));
#6562 = CIRCLE('',#6563,5.2);
#6563 = AXIS2_PLACEMENT_3D('',#6564,#6565,#6566);
#6564 = CARTESIAN_POINT('',(-20.,20.,12.));
#6565 = DIRECTION('',(0.,0.,1.));
#6566 = DIRECTION('',(1.,0.,0.));
#6567 = ORIENTED_EDGE('',*,*,#6568,.T.);
#6568 = EDGE_CURVE('',#6560,#6569,#6571,.T.);
#6569 = VERTEX_POINT('',#6570);
#6570 = CARTESIAN_POINT('',(-16.85,20.,12.));
#6571 = LINE('',#6572,#6573);
#6572 = CARTESIAN_POINT('',(-99.99216658038,20.,12.));
#6573 = VECTOR('',#6574,1.);
#6574 = DIRECTION('',(-1.,0.,0.));
#6575 = ORIENTED_EDGE('',*,*,#6576,.F.);
#6576 = EDGE_CURVE('',#6577,#6569,#6579,.T.);
#6577 = VERTEX_POINT('',#6578);
#6578 = CARTESIAN_POINT('',(-23.15,20.,12.));
#6579 = CIRCLE('',#6580,3.15);
#6580 = AXIS2_PLACEMENT_3D('',#6581,#6582,#6583);
#6581 = CARTESIAN_POINT('',(-20.,20.,12.));
#6582 = DIRECTION('',(0.,0.,1.));
#6583 = DIRECTION('',(1.,0.,0.));
#6584 = ORIENTED_EDGE('',*,*,#6585,.T.);
#6585 = EDGE_CURVE('',#6577,#6009,#6586,.T.);
#6586 = LINE('',#6587,#6588);
#6587 = CARTESIAN_POINT('',(-99.99216658038,20.,12.));
#6588 = VECTOR('',#6589,1.);
#6589 = DIRECTION('',(-1.,0.,0.));
#6590 = PLANE('',#6591);
#6591 = AXIS2_PLACEMENT_3D('',#6592,#6593,#6594);
#6592 = CARTESIAN_POINT('',(1.566683924066E-02,11.266315348213,12.));
#6593 = DIRECTION('',(0.,0.,1.));
#6594 = DIRECTION('',(1.,0.,0.));
#6595 = ADVANCED_FACE('',(#6596),#6630,.T.);
#6596 = FACE_BOUND('',#6597,.T.);
#6597 = EDGE_LOOP('',(#6598,#6608,#6616,#6622,#6623,#6624));
#6598 = ORIENTED_EDGE('',*,*,#6599,.F.);
#6599 = EDGE_CURVE('',#6600,#6602,#6604,.T.);
#6600 = VERTEX_POINT('',#6601);
#6601 = CARTESIAN_POINT('',(-16.93402710828,-4.318963855043,0.));
#6602 = VERTEX_POINT('',#6603);
#6603 = CARTESIAN_POINT('',(-51.24317874838,9.5,0.));
#6604 = LINE('',#6605,#6606);
#6605 = CARTESIAN_POINT('',(-16.93402710828,-4.318963855043,0.));
#6606 = VECTOR('',#6607,1.);
#6607 = DIRECTION('',(-0.927585542017,0.373610843312,0.));
#6608 = ORIENTED_EDGE('',*,*,#6609,.T.);
#6609 = EDGE_CURVE('',#6600,#6610,#6612,.T.);
#6610 = VERTEX_POINT('',#6611);
#6611 = CARTESIAN_POINT('',(-16.93402710828,-4.318963855043,8.));
#6612 = LINE('',#6613,#6614);
#6613 = CARTESIAN_POINT('',(-16.93402710828,-4.318963855043,0.));
#6614 = VECTOR('',#6615,1.);
#6615 = DIRECTION('',(0.,0.,1.));
#6616 = ORIENTED_EDGE('',*,*,#6617,.F.);
#6617 = EDGE_CURVE('',#3926,#6610,#6618,.T.);
#6618 = LINE('',#6619,#6620);
#6619 = CARTESIAN_POINT('',(-17.18498146512,-4.217885016869,8.));
#6620 = VECTOR('',#6621,1.);
#6621 = DIRECTION('',(0.927585542017,-0.373610843312,0.));
#6622 = ORIENTED_EDGE('',*,*,#3925,.F.);
#6623 = ORIENTED_EDGE('',*,*,#6161,.T.);
#6624 = ORIENTED_EDGE('',*,*,#6625,.F.);
#6625 = EDGE_CURVE('',#6602,#6154,#6626,.T.);
#6626 = LINE('',#6627,#6628);
#6627 = CARTESIAN_POINT('',(-51.24317874838,9.5,0.));
#6628 = VECTOR('',#6629,1.);
#6629 = DIRECTION('',(0.,0.,1.));
#6630 = PLANE('',#6631);
#6631 = AXIS2_PLACEMENT_3D('',#6632,#6633,#6634);
#6632 = CARTESIAN_POINT('',(-16.93402710828,-4.318963855043,0.));
#6633 = DIRECTION('',(-0.373610843312,-0.927585542017,0.));
#6634 = DIRECTION('',(-0.927585542017,0.373610843312,0.));
#6635 = ADVANCED_FACE('',(#6636),#6671,.F.);
#6636 = FACE_BOUND('',#6637,.F.);
#6637 = EDGE_LOOP('',(#6638,#6639,#6640,#6648,#6656,#6664,#6670));
#6638 = ORIENTED_EDGE('',*,*,#3933,.F.);
#6639 = ORIENTED_EDGE('',*,*,#5422,.T.);
#6640 = ORIENTED_EDGE('',*,*,#6641,.T.);
#6641 = EDGE_CURVE('',#5353,#6642,#6644,.T.);
#6642 = VERTEX_POINT('',#6643);
#6643 = CARTESIAN_POINT('',(-13.,-3.108348936002,8.));
#6644 = LINE('',#6645,#6646);
#6645 = CARTESIAN_POINT('',(-13.,-8.,8.));
#6646 = VECTOR('',#6647,1.);
#6647 = DIRECTION('',(0.,1.,0.));
#6648 = ORIENTED_EDGE('',*,*,#6649,.F.);
#6649 = EDGE_CURVE('',#6650,#6642,#6652,.T.);
#6650 = VERTEX_POINT('',#6651);
#6651 = CARTESIAN_POINT('',(-14.70721090018,-4.139788854864,8.));
#6652 = LINE('',#6653,#6654);
#6653 = CARTESIAN_POINT('',(-5.133919962189,1.644074420175,8.));
#6654 = VECTOR('',#6655,1.);
#6655 = DIRECTION('',(0.855915541946,0.517115639926,0.));
#6656 = ORIENTED_EDGE('',*,*,#6657,.F.);
#6657 = EDGE_CURVE('',#6658,#6650,#6660,.T.);
#6658 = VERTEX_POINT('',#6659);
#6659 = CARTESIAN_POINT('',(-16.,-2.,8.));
#6660 = LINE('',#6661,#6662);
#6661 = CARTESIAN_POINT('',(-14.42689638809,-4.603757702472,8.));
#6662 = VECTOR('',#6663,1.);
#6663 = DIRECTION('',(0.517115639926,-0.855915541946,0.));
#6664 = ORIENTED_EDGE('',*,*,#6665,.F.);
#6665 = EDGE_CURVE('',#6610,#6658,#6666,.T.);
#6666 = LINE('',#6667,#6668);
#6667 = CARTESIAN_POINT('',(-16.78203208901,-3.941596910653,8.));
#6668 = VECTOR('',#6669,1.);
#6669 = DIRECTION('',(0.373610843312,0.927585542017,0.));
#6670 = ORIENTED_EDGE('',*,*,#6617,.F.);
#6671 = PLANE('',#6672);
#6672 = AXIS2_PLACEMENT_3D('',#6673,#6674,#6675);
#6673 = CARTESIAN_POINT('',(-19.,-8.,8.));
#6674 = DIRECTION('',(0.,0.,1.));
#6675 = DIRECTION('',(1.,0.,0.));
#6676 = ADVANCED_FACE('',(#6677),#6682,.T.);
#6677 = FACE_BOUND('',#6678,.T.);
#6678 = EDGE_LOOP('',(#6679,#6680,#6681));
#6679 = ORIENTED_EDGE('',*,*,#3956,.F.);
#6680 = ORIENTED_EDGE('',*,*,#4125,.T.);
#6681 = ORIENTED_EDGE('',*,*,#4678,.T.);
#6682 = B_SPLINE_SURFACE_WITH_KNOTS('',1,1,(
    (#6683,#6684)
    ,(#6685,#6686
    )),.UNSPECIFIED.,.F.,.F.,.F.,(2,2),(2,2),(0.,4.0707121503),(0.,1.),
  .PIECEWISE_BEZIER_KNOTS.);
#6683 = CARTESIAN_POINT('',(-14.43826238111,-7.924602994502,
    144.75060990489));
#6684 = CARTESIAN_POINT('',(-14.43826238111,4.075397005498,
    144.75060990489));
#6685 = CARTESIAN_POINT('',(-17.56173761888,-8.680048168289,
    147.2493900951));
#6686 = CARTESIAN_POINT('',(-17.56173761888,3.319951831711,
    147.2493900951));
#6687 = ADVANCED_FACE('',(#6688),#6710,.T.);
#6688 = FACE_BOUND('',#6689,.T.);
#6689 = EDGE_LOOP('',(#6690,#6695,#6696,#6703,#6708,#6709));
#6690 = ORIENTED_EDGE('',*,*,#6691,.T.);
#6691 = EDGE_CURVE('',#4756,#4039,#6692,.T.);
#6692 = B_SPLINE_CURVE_WITH_KNOTS('',1,(#6693,#6694),.UNSPECIFIED.,.F.,
  .F.,(2,2),(0.,1.),.PIECEWISE_BEZIER_KNOTS.);
#6693 = CARTESIAN_POINT('',(6.661338147751E-15,-1.380923080388,
    162.79843788128));
#6694 = CARTESIAN_POINT('',(6.661338147751E-15,-13.38092308038,
    162.79843788128));
#6695 = ORIENTED_EDGE('',*,*,#4038,.T.);
#6696 = ORIENTED_EDGE('',*,*,#6697,.T.);
#6697 = EDGE_CURVE('',#4031,#6698,#6700,.T.);
#6698 = VERTEX_POINT('',#6699);
#6699 = CARTESIAN_POINT('',(-13.,-8.457493010379,146.54843788128));
#6700 = B_SPLINE_CURVE_WITH_KNOTS('',1,(#6701,#6702),.UNSPECIFIED.,.F.,
  .F.,(2,2),(0.,1.),.PIECEWISE_BEZIER_KNOTS.);
#6701 = CARTESIAN_POINT('',(-14.23875030502,-8.,145.));
#6702 = CARTESIAN_POINT('',(-13.,-8.457493010379,146.54843788128));
#6703 = ORIENTED_EDGE('',*,*,#6704,.F.);
#6704 = EDGE_CURVE('',#4812,#6698,#6705,.T.);
#6705 = B_SPLINE_CURVE_WITH_KNOTS('',1,(#6706,#6707),.UNSPECIFIED.,.F.,
  .F.,(2,2),(0.,1.),.PIECEWISE_BEZIER_KNOTS.);
#6706 = CARTESIAN_POINT('',(-13.,3.531867617286,146.54843788128));
#6707 = CARTESIAN_POINT('',(-13.,-8.457493010379,146.54843788128));
#6708 = ORIENTED_EDGE('',*,*,#4811,.T.);
#6709 = ORIENTED_EDGE('',*,*,#4763,.F.);
#6710 = B_SPLINE_SURFACE_WITH_KNOTS('',1,1,(
    (#6711,#6712)
    ,(#6713,#6714
    )),.UNSPECIFIED.,.F.,.F.,.F.,(2,2),(2,2),(0.,52.633080961176),(0.,1.
    ),.PIECEWISE_BEZIER_KNOTS.);
#6711 = CARTESIAN_POINT('',(17.561737618886,-20.01762625031,
    184.75060990489));
#6712 = CARTESIAN_POINT('',(17.561737618886,-8.017626250316,
    184.75060990489));
#6713 = CARTESIAN_POINT('',(-14.43826238111,-7.924602994502,
    144.75060990489));
#6714 = CARTESIAN_POINT('',(-14.43826238111,4.075397005498,
    144.75060990489));
#6715 = ADVANCED_FACE('',(#6716),#6734,.T.);
#6716 = FACE_BOUND('',#6717,.T.);
#6717 = EDGE_LOOP('',(#6718,#6725,#6726,#6727,#6728,#6729));
#6718 = ORIENTED_EDGE('',*,*,#6719,.F.);
#6719 = EDGE_CURVE('',#4047,#6720,#6722,.T.);
#6720 = VERTEX_POINT('',#6721);
#6721 = CARTESIAN_POINT('',(13.,-8.457493010379,146.54843788128));
#6722 = B_SPLINE_CURVE_WITH_KNOTS('',1,(#6723,#6724),.UNSPECIFIED.,.F.,
  .F.,(2,2),(0.,1.),.PIECEWISE_BEZIER_KNOTS.);
#6723 = CARTESIAN_POINT('',(14.238750305027,-8.,144.99999999999));
#6724 = CARTESIAN_POINT('',(13.,-8.457493010379,146.54843788128));
#6725 = ORIENTED_EDGE('',*,*,#4046,.T.);
#6726 = ORIENTED_EDGE('',*,*,#6691,.F.);
#6727 = ORIENTED_EDGE('',*,*,#4755,.F.);
#6728 = ORIENTED_EDGE('',*,*,#5102,.F.);
#6729 = ORIENTED_EDGE('',*,*,#6730,.F.);
#6730 = EDGE_CURVE('',#6720,#5095,#6731,.T.);
#6731 = B_SPLINE_CURVE_WITH_KNOTS('',1,(#6732,#6733),.UNSPECIFIED.,.F.,
  .F.,(2,2),(0.,1.),.PIECEWISE_BEZIER_KNOTS.);
#6732 = CARTESIAN_POINT('',(13.,-8.457493010379,146.54843788128));
#6733 = CARTESIAN_POINT('',(13.,3.531867617286,146.54843788128));
#6734 = B_SPLINE_SURFACE_WITH_KNOTS('',1,1,(
    (#6735,#6736)
    ,(#6737,#6738
    )),.UNSPECIFIED.,.F.,.F.,.F.,(2,2),(2,2),(0.,52.633080961176),(0.,1.
    ),.PIECEWISE_BEZIER_KNOTS.);
#6735 = CARTESIAN_POINT('',(14.438262381114,-7.924602994502,
    144.75060990489));
#6736 = CARTESIAN_POINT('',(14.438262381114,4.075397005498,
    144.75060990489));
#6737 = CARTESIAN_POINT('',(-17.56173761888,-20.01762625031,
    184.75060990489));
#6738 = CARTESIAN_POINT('',(-17.56173761888,-8.017626250316,
    184.75060990489));
#6739 = ADVANCED_FACE('',(#6740),#6758,.F.);
#6740 = FACE_BOUND('',#6741,.F.);
#6741 = EDGE_LOOP('',(#6742,#6743,#6749,#6750,#6756,#6757));
#6742 = ORIENTED_EDGE('',*,*,#5217,.F.);
#6743 = ORIENTED_EDGE('',*,*,#6744,.F.);
#6744 = EDGE_CURVE('',#5079,#5218,#6745,.T.);
#6745 = LINE('',#6746,#6747);
#6746 = CARTESIAN_POINT('',(16.,-8.,144.));
#6747 = VECTOR('',#6748,1.);
#6748 = DIRECTION('',(1.,0.,0.));
#6749 = ORIENTED_EDGE('',*,*,#5086,.T.);
#6750 = ORIENTED_EDGE('',*,*,#6751,.T.);
#6751 = EDGE_CURVE('',#5087,#4047,#6752,.T.);
#6752 = LINE('',#6753,#6754);
#6753 = CARTESIAN_POINT('',(13.,-8.,145.));
#6754 = VECTOR('',#6755,1.);
#6755 = DIRECTION('',(1.,0.,0.));
#6756 = ORIENTED_EDGE('',*,*,#4054,.T.);
#6757 = ORIENTED_EDGE('',*,*,#4945,.T.);
#6758 = PLANE('',#6759);
#6759 = AXIS2_PLACEMENT_3D('',#6760,#6761,#6762);
#6760 = CARTESIAN_POINT('',(13.,-8.,8.));
#6761 = DIRECTION('',(0.,1.,0.));
#6762 = DIRECTION('',(0.,0.,1.));
#6763 = ADVANCED_FACE('',(#6764),#6769,.T.);
#6764 = FACE_BOUND('',#6765,.T.);
#6765 = EDGE_LOOP('',(#6766,#6767,#6768));
#6766 = ORIENTED_EDGE('',*,*,#4916,.F.);
#6767 = ORIENTED_EDGE('',*,*,#4062,.T.);
#6768 = ORIENTED_EDGE('',*,*,#4940,.T.);
#6769 = B_SPLINE_SURFACE_WITH_KNOTS('',1,1,(
    (#6770,#6771)
    ,(#6772,#6773
    )),.UNSPECIFIED.,.F.,.F.,.F.,(2,2),(2,2),(0.,4.0707121503),(0.,1.),
  .PIECEWISE_BEZIER_KNOTS.);
#6770 = CARTESIAN_POINT('',(17.561737618886,-8.680048168289,
    147.2493900951));
#6771 = CARTESIAN_POINT('',(17.561737618886,3.319951831711,
    147.2493900951));
#6772 = CARTESIAN_POINT('',(14.438262381114,-7.924602994502,
    144.75060990489));
#6773 = CARTESIAN_POINT('',(14.438262381114,4.075397005498,
    144.75060990489));
#6774 = ADVANCED_FACE('',(#6775),#6781,.T.);
#6775 = FACE_BOUND('',#6776,.T.);
#6776 = EDGE_LOOP('',(#6777,#6778,#6779,#6780));
#6777 = ORIENTED_EDGE('',*,*,#5109,.F.);
#6778 = ORIENTED_EDGE('',*,*,#4261,.F.);
#6779 = ORIENTED_EDGE('',*,*,#5209,.T.);
#6780 = ORIENTED_EDGE('',*,*,#5785,.F.);
#6781 = PLANE('',#6782);
#6782 = AXIS2_PLACEMENT_3D('',#6783,#6784,#6785);
#6783 = CARTESIAN_POINT('',(13.,-8.,147.));
#6784 = DIRECTION('',(0.,0.,1.));
#6785 = DIRECTION('',(1.,0.,0.));
#6786 = ADVANCED_FACE('',(#6787),#6793,.F.);
#6787 = FACE_BOUND('',#6788,.F.);
#6788 = EDGE_LOOP('',(#6789,#6790,#6791,#6792));
#6789 = ORIENTED_EDGE('',*,*,#4634,.F.);
#6790 = ORIENTED_EDGE('',*,*,#4656,.F.);
#6791 = ORIENTED_EDGE('',*,*,#5287,.T.);
#6792 = ORIENTED_EDGE('',*,*,#4301,.F.);
#6793 = B_SPLINE_SURFACE_WITH_KNOTS('',1,1,(
    (#6794,#6795)
    ,(#6796,#6797
    )),.UNSPECIFIED.,.F.,.F.,.F.,(2,2),(2,2),(0.,101.6),(0.,1.),
  .PIECEWISE_BEZIER_KNOTS.);
#6794 = CARTESIAN_POINT('',(-50.8,-11.25,239.5));
#6795 = CARTESIAN_POINT('',(-50.3,-10.4,244.));
#6796 = CARTESIAN_POINT('',(50.8,-11.25,239.5));
#6797 = CARTESIAN_POINT('',(50.3,-10.4,244.));
#6798 = ADVANCED_FACE('',(#6799),#6816,.T.);
#6799 = FACE_BOUND('',#6800,.T.);
#6800 = EDGE_LOOP('',(#6801,#6802,#6803,#6810));
#6801 = ORIENTED_EDGE('',*,*,#5317,.F.);
#6802 = ORIENTED_EDGE('',*,*,#4430,.T.);
#6803 = ORIENTED_EDGE('',*,*,#6804,.T.);
#6804 = EDGE_CURVE('',#4431,#6805,#6807,.T.);
#6805 = VERTEX_POINT('',#6806);
#6806 = CARTESIAN_POINT('',(13.,-4.733333333333,220.));
#6807 = B_SPLINE_CURVE_WITH_KNOTS('',1,(#6808,#6809),.UNSPECIFIED.,.F.,
  .F.,(2,2),(0.,1.),.PIECEWISE_BEZIER_KNOTS.);
#6808 = CARTESIAN_POINT('',(13.,-9.,187.));
#6809 = CARTESIAN_POINT('',(13.,-4.733333333333,220.));
#6810 = ORIENTED_EDGE('',*,*,#6811,.F.);
#6811 = EDGE_CURVE('',#5318,#6805,#6812,.T.);
#6812 = LINE('',#6813,#6814);
#6813 = CARTESIAN_POINT('',(19.,-4.733333333333,220.));
#6814 = VECTOR('',#6815,1.);
#6815 = DIRECTION('',(-1.,0.,0.));
#6816 = PLANE('',#6817);
#6817 = AXIS2_PLACEMENT_3D('',#6818,#6819,#6820);
#6818 = CARTESIAN_POINT('',(19.,-4.733333333333,220.));
#6819 = DIRECTION('',(0.,0.991745022976,-0.128225619132));
#6820 = DIRECTION('',(-1.,0.,0.));
#6821 = ADVANCED_FACE('',(#6822),#6838,.T.);
#6822 = FACE_BOUND('',#6823,.T.);
#6823 = EDGE_LOOP('',(#6824,#6825,#6826,#6831,#6832));
#6824 = ORIENTED_EDGE('',*,*,#6804,.F.);
#6825 = ORIENTED_EDGE('',*,*,#4437,.T.);
#6826 = ORIENTED_EDGE('',*,*,#6827,.F.);
#6827 = EDGE_CURVE('',#4557,#4438,#6828,.T.);
#6828 = B_SPLINE_CURVE_WITH_KNOTS('',1,(#6829,#6830),.UNSPECIFIED.,.F.,
  .F.,(2,2),(0.,1.),.PIECEWISE_BEZIER_KNOTS.);
#6829 = CARTESIAN_POINT('',(13.,-16.99191919191,218.));
#6830 = CARTESIAN_POINT('',(13.,-4.991919191919,218.));
#6831 = ORIENTED_EDGE('',*,*,#4563,.T.);
#6832 = ORIENTED_EDGE('',*,*,#6833,.F.);
#6833 = EDGE_CURVE('',#6805,#4564,#6834,.T.);
#6834 = LINE('',#6835,#6836);
#6835 = CARTESIAN_POINT('',(13.,-4.733333333333,220.));
#6836 = VECTOR('',#6837,1.);
#6837 = DIRECTION('',(0.,-1.,0.));
#6838 = B_SPLINE_SURFACE_WITH_KNOTS('',1,1,(
    (#6839,#6840)
    ,(#6841,#6842
    )),.UNSPECIFIED.,.F.,.F.,.F.,(2,2),(2,2),(0.,12.),(0.,1.),
  .PIECEWISE_BEZIER_KNOTS.);
#6839 = CARTESIAN_POINT('',(13.,-9.,187.));
#6840 = CARTESIAN_POINT('',(13.,-4.733333333333,220.));
#6841 = CARTESIAN_POINT('',(13.,-21.,187.));
#6842 = CARTESIAN_POINT('',(13.,-16.73333333333,220.));
#6843 = ADVANCED_FACE('',(#6844),#6854,.T.);
#6844 = FACE_BOUND('',#6845,.T.);
#6845 = EDGE_LOOP('',(#6846,#6847,#6848,#6849));
#6846 = ORIENTED_EDGE('',*,*,#4556,.F.);
#6847 = ORIENTED_EDGE('',*,*,#6827,.T.);
#6848 = ORIENTED_EDGE('',*,*,#4450,.T.);
#6849 = ORIENTED_EDGE('',*,*,#6850,.T.);
#6850 = EDGE_CURVE('',#4451,#4547,#6851,.T.);
#6851 = B_SPLINE_CURVE_WITH_KNOTS('',1,(#6852,#6853),.UNSPECIFIED.,.F.,
  .F.,(2,2),(0.,1.),.PIECEWISE_BEZIER_KNOTS.);
#6852 = CARTESIAN_POINT('',(-13.,-4.991919191919,218.));
#6853 = CARTESIAN_POINT('',(-13.,-16.99191919191,218.));
#6854 = PLANE('',#6855);
#6855 = AXIS2_PLACEMENT_3D('',#6856,#6857,#6858);
#6856 = CARTESIAN_POINT('',(-54.65,-15.75,218.));
#6857 = DIRECTION('',(0.,0.,1.));
#6858 = DIRECTION('',(0.912983300725,0.40799692719,0.));
#6859 = ADVANCED_FACE('',(#6860),#6878,.T.);
#6860 = FACE_BOUND('',#6861,.T.);
#6861 = EDGE_LOOP('',(#6862,#6863,#6870,#6876,#6877));
#6862 = ORIENTED_EDGE('',*,*,#4457,.T.);
#6863 = ORIENTED_EDGE('',*,*,#6864,.T.);
#6864 = EDGE_CURVE('',#4458,#6865,#6867,.T.);
#6865 = VERTEX_POINT('',#6866);
#6866 = CARTESIAN_POINT('',(-13.,-4.733333333333,220.));
#6867 = B_SPLINE_CURVE_WITH_KNOTS('',1,(#6868,#6869),.UNSPECIFIED.,.F.,
  .F.,(2,2),(0.,1.),.PIECEWISE_BEZIER_KNOTS.);
#6868 = CARTESIAN_POINT('',(-13.,-9.,187.));
#6869 = CARTESIAN_POINT('',(-13.,-4.733333333333,220.));
#6870 = ORIENTED_EDGE('',*,*,#6871,.F.);
#6871 = EDGE_CURVE('',#4540,#6865,#6872,.T.);
#6872 = LINE('',#6873,#6874);
#6873 = CARTESIAN_POINT('',(-13.,-16.73333333333,220.));
#6874 = VECTOR('',#6875,1.);
#6875 = DIRECTION('',(0.,1.,0.));
#6876 = ORIENTED_EDGE('',*,*,#4546,.T.);
#6877 = ORIENTED_EDGE('',*,*,#6850,.F.);
#6878 = B_SPLINE_SURFACE_WITH_KNOTS('',1,1,(
    (#6879,#6880)
    ,(#6881,#6882
    )),.UNSPECIFIED.,.F.,.F.,.F.,(2,2),(2,2),(0.,12.),(0.,1.),
  .PIECEWISE_BEZIER_KNOTS.);
#6879 = CARTESIAN_POINT('',(-13.,-21.,187.));
#6880 = CARTESIAN_POINT('',(-13.,-16.73333333333,220.));
#6881 = CARTESIAN_POINT('',(-13.,-9.,187.));
#6882 = CARTESIAN_POINT('',(-13.,-4.733333333333,220.));
#6883 = ADVANCED_FACE('',(#6884),#6895,.T.);
#6884 = FACE_BOUND('',#6885,.T.);
#6885 = EDGE_LOOP('',(#6886,#6887,#6888,#6889));
#6886 = ORIENTED_EDGE('',*,*,#6864,.F.);
#6887 = ORIENTED_EDGE('',*,*,#4470,.T.);
#6888 = ORIENTED_EDGE('',*,*,#4497,.T.);
#6889 = ORIENTED_EDGE('',*,*,#6890,.F.);
#6890 = EDGE_CURVE('',#6865,#4498,#6891,.T.);
#6891 = LINE('',#6892,#6893);
#6892 = CARTESIAN_POINT('',(-13.,-4.733333333333,220.));
#6893 = VECTOR('',#6894,1.);
#6894 = DIRECTION('',(-1.,0.,0.));
#6895 = PLANE('',#6896);
#6896 = AXIS2_PLACEMENT_3D('',#6897,#6898,#6899);
#6897 = CARTESIAN_POINT('',(-13.,-4.733333333333,220.));
#6898 = DIRECTION('',(0.,0.991745022976,-0.128225619132));
#6899 = DIRECTION('',(-1.,0.,0.));
#6900 = ADVANCED_FACE('',(#6901),#6907,.F.);
#6901 = FACE_BOUND('',#6902,.F.);
#6902 = EDGE_LOOP('',(#6903,#6904,#6905,#6906));
#6903 = ORIENTED_EDGE('',*,*,#4539,.T.);
#6904 = ORIENTED_EDGE('',*,*,#4516,.F.);
#6905 = ORIENTED_EDGE('',*,*,#6890,.F.);
#6906 = ORIENTED_EDGE('',*,*,#6871,.F.);
#6907 = PLANE('',#6908);
#6908 = AXIS2_PLACEMENT_3D('',#6909,#6910,#6911);
#6909 = CARTESIAN_POINT('',(-19.,-16.73333333333,220.));
#6910 = DIRECTION('',(0.,0.,-1.));
#6911 = DIRECTION('',(0.4472135955,0.894427191,0.));
#6912 = ADVANCED_FACE('',(#6913),#6919,.F.);
#6913 = FACE_BOUND('',#6914,.F.);
#6914 = EDGE_LOOP('',(#6915,#6916,#6917,#6918));
#6915 = ORIENTED_EDGE('',*,*,#4573,.T.);
#6916 = ORIENTED_EDGE('',*,*,#6833,.F.);
#6917 = ORIENTED_EDGE('',*,*,#6811,.F.);
#6918 = ORIENTED_EDGE('',*,*,#5324,.F.);
#6919 = PLANE('',#6920);
#6920 = AXIS2_PLACEMENT_3D('',#6921,#6922,#6923);
#6921 = CARTESIAN_POINT('',(13.,-16.73333333333,220.));
#6922 = DIRECTION('',(0.,0.,-1.));
#6923 = DIRECTION('',(0.4472135955,0.894427191,0.));
#6924 = ADVANCED_FACE('',(#6925),#6936,.F.);
#6925 = FACE_BOUND('',#6926,.F.);
#6926 = EDGE_LOOP('',(#6927,#6928,#6929,#6930));
#6927 = ORIENTED_EDGE('',*,*,#5408,.F.);
#6928 = ORIENTED_EDGE('',*,*,#4787,.T.);
#6929 = ORIENTED_EDGE('',*,*,#5770,.T.);
#6930 = ORIENTED_EDGE('',*,*,#6931,.F.);
#6931 = EDGE_CURVE('',#5401,#5771,#6932,.T.);
#6932 = LINE('',#6933,#6934);
#6933 = CARTESIAN_POINT('',(6.217248937901E-15,-8.,42.923088706619));
#6934 = VECTOR('',#6935,1.);
#6935 = DIRECTION('',(0.,1.,0.));
#6936 = PLANE('',#6937);
#6937 = AXIS2_PLACEMENT_3D('',#6938,#6939,#6940);
#6938 = CARTESIAN_POINT('',(-14.27941693273,-8.,67.019604780603));
#6939 = DIRECTION('',(-0.860291533634,0.,-0.509802390302));
#6940 = DIRECTION('',(0.509802390302,0.,-0.860291533634));
#6941 = ADVANCED_FACE('',(#6942),#6951,.T.);
#6942 = FACE_BOUND('',#6943,.T.);
#6943 = EDGE_LOOP('',(#6944,#6949,#6950));
#6944 = ORIENTED_EDGE('',*,*,#6945,.F.);
#6945 = EDGE_CURVE('',#4819,#6698,#6946,.T.);
#6946 = B_SPLINE_CURVE_WITH_KNOTS('',1,(#6947,#6948),.UNSPECIFIED.,.F.,
  .F.,(2,2),(0.,1.),.PIECEWISE_BEZIER_KNOTS.);
#6947 = CARTESIAN_POINT('',(-13.,-8.,145.));
#6948 = CARTESIAN_POINT('',(-13.,-21.,189.));
#6949 = ORIENTED_EDGE('',*,*,#4818,.T.);
#6950 = ORIENTED_EDGE('',*,*,#6704,.T.);
#6951 = B_SPLINE_SURFACE_WITH_KNOTS('',1,1,(
    (#6952,#6953)
    ,(#6954,#6955
    )),.UNSPECIFIED.,.F.,.F.,.F.,(2,2),(2,2),(0.,12.),(0.,1.),
  .PIECEWISE_BEZIER_KNOTS.);
#6952 = CARTESIAN_POINT('',(-13.,-8.,145.));
#6953 = CARTESIAN_POINT('',(-13.,-21.,189.));
#6954 = CARTESIAN_POINT('',(-13.,4.,145.));
#6955 = CARTESIAN_POINT('',(-13.,-9.,189.));
#6956 = ADVANCED_FACE('',(#6957),#6984,.T.);
#6957 = FACE_BOUND('',#6958,.T.);
#6958 = EDGE_LOOP('',(#6959,#6967,#6975,#6981,#6982,#6983));
#6959 = ORIENTED_EDGE('',*,*,#6960,.F.);
#6960 = EDGE_CURVE('',#6961,#5679,#6963,.T.);
#6961 = VERTEX_POINT('',#6962);
#6962 = CARTESIAN_POINT('',(-8.,-13.2,144.));
#6963 = LINE('',#6964,#6965);
#6964 = CARTESIAN_POINT('',(19.,-13.2,144.));
#6965 = VECTOR('',#6966,1.);
#6966 = DIRECTION('',(-1.,0.,0.));
#6967 = ORIENTED_EDGE('',*,*,#6968,.T.);
#6968 = EDGE_CURVE('',#6961,#6969,#6971,.T.);
#6969 = VERTEX_POINT('',#6970);
#6970 = CARTESIAN_POINT('',(-8.,-6.7,144.));
#6971 = LINE('',#6972,#6973);
#6972 = CARTESIAN_POINT('',(-8.,-13.4,144.));
#6973 = VECTOR('',#6974,1.);
#6974 = DIRECTION('',(0.,1.,0.));
#6975 = ORIENTED_EDGE('',*,*,#6976,.T.);
#6976 = EDGE_CURVE('',#6969,#4835,#6977,.T.);
#6977 = LINE('',#6978,#6979);
#6978 = CARTESIAN_POINT('',(19.,-6.7,144.));
#6979 = VECTOR('',#6980,1.);
#6980 = DIRECTION('',(-1.,0.,0.));
#6981 = ORIENTED_EDGE('',*,*,#4834,.T.);
#6982 = ORIENTED_EDGE('',*,*,#5710,.F.);
#6983 = ORIENTED_EDGE('',*,*,#5678,.F.);
#6984 = PLANE('',#6985);
#6985 = AXIS2_PLACEMENT_3D('',#6986,#6987,#6988);
#6986 = CARTESIAN_POINT('',(19.,-13.2,144.));
#6987 = DIRECTION('',(0.,0.,1.));
#6988 = DIRECTION('',(-1.,0.,0.));
#6989 = ADVANCED_FACE('',(#6990),#7008,.F.);
#6990 = FACE_BOUND('',#6991,.F.);
#6991 = EDGE_LOOP('',(#6992,#6993,#6994,#7002));
#6992 = ORIENTED_EDGE('',*,*,#6976,.T.);
#6993 = ORIENTED_EDGE('',*,*,#4842,.T.);
#6994 = ORIENTED_EDGE('',*,*,#6995,.F.);
#6995 = EDGE_CURVE('',#6996,#4843,#6998,.T.);
#6996 = VERTEX_POINT('',#6997);
#6997 = CARTESIAN_POINT('',(-8.,-6.7,123.));
#6998 = LINE('',#6999,#7000);
#6999 = CARTESIAN_POINT('',(-1.75,-6.7,116.75));
#7000 = VECTOR('',#7001,1.);
#7001 = DIRECTION('',(-0.707106781187,0.,0.707106781187));
#7002 = ORIENTED_EDGE('',*,*,#7003,.T.);
#7003 = EDGE_CURVE('',#6996,#6969,#7004,.T.);
#7004 = LINE('',#7005,#7006);
#7005 = CARTESIAN_POINT('',(-8.,-6.7,87.));
#7006 = VECTOR('',#7007,1.);
#7007 = DIRECTION('',(0.,0.,1.));
#7008 = PLANE('',#7009);
#7009 = AXIS2_PLACEMENT_3D('',#7010,#7011,#7012);
#7010 = CARTESIAN_POINT('',(2.119871246916E-16,-6.7,106.));
#7011 = DIRECTION('',(-0.,-1.,-0.));
#7012 = DIRECTION('',(0.,0.,-1.));
#7013 = ADVANCED_FACE('',(#7014),#7050,.F.);
#7014 = FACE_BOUND('',#7015,.F.);
#7015 = EDGE_LOOP('',(#7016,#7024,#7032,#7040,#7046,#7047,#7048,#7049));
#7016 = ORIENTED_EDGE('',*,*,#7017,.F.);
#7017 = EDGE_CURVE('',#7018,#5646,#7020,.T.);
#7018 = VERTEX_POINT('',#7019);
#7019 = CARTESIAN_POINT('',(-10.,-13.2,125.));
#7020 = LINE('',#7021,#7022);
#7021 = CARTESIAN_POINT('',(-1.75,-13.2,116.75));
#7022 = VECTOR('',#7023,1.);
#7023 = DIRECTION('',(-0.707106781187,0.,0.707106781187));
#7024 = ORIENTED_EDGE('',*,*,#7025,.T.);
#7025 = EDGE_CURVE('',#7018,#7026,#7028,.T.);
#7026 = VERTEX_POINT('',#7027);
#7027 = CARTESIAN_POINT('',(-10.,-12.8,125.));
#7028 = LINE('',#7029,#7030);
#7029 = CARTESIAN_POINT('',(-10.,-13.65,125.));
#7030 = VECTOR('',#7031,1.);
#7031 = DIRECTION('',(0.,1.,0.));
#7032 = ORIENTED_EDGE('',*,*,#7033,.F.);
#7033 = EDGE_CURVE('',#7034,#7026,#7036,.T.);
#7034 = VERTEX_POINT('',#7035);
#7035 = CARTESIAN_POINT('',(-8.,-12.8,123.));
#7036 = LINE('',#7037,#7038);
#7037 = CARTESIAN_POINT('',(5.25,-12.8,109.75));
#7038 = VECTOR('',#7039,1.);
#7039 = DIRECTION('',(-0.707106781187,0.,0.707106781187));
#7040 = ORIENTED_EDGE('',*,*,#7041,.T.);
#7041 = EDGE_CURVE('',#7034,#6996,#7042,.T.);
#7042 = LINE('',#7043,#7044);
#7043 = CARTESIAN_POINT('',(-8.,-13.5,123.));
#7044 = VECTOR('',#7045,1.);
#7045 = DIRECTION('',(0.,1.,0.));
#7046 = ORIENTED_EDGE('',*,*,#6995,.T.);
#7047 = ORIENTED_EDGE('',*,*,#4850,.T.);
#7048 = ORIENTED_EDGE('',*,*,#5624,.F.);
#7049 = ORIENTED_EDGE('',*,*,#5655,.F.);
#7050 = PLANE('',#7051);
#7051 = AXIS2_PLACEMENT_3D('',#7052,#7053,#7054);
#7052 = CARTESIAN_POINT('',(-8.,-13.5,123.));
#7053 = DIRECTION('',(0.707106781187,0.,0.707106781187));
#7054 = DIRECTION('',(-0.707106781187,0.,0.707106781187));
#7055 = ADVANCED_FACE('',(#7056),#7099,.F.);
#7056 = FACE_BOUND('',#7057,.F.);
#7057 = EDGE_LOOP('',(#7058,#7066,#7067,#7068,#7069,#7077,#7085,#7093));
#7058 = ORIENTED_EDGE('',*,*,#7059,.F.);
#7059 = EDGE_CURVE('',#5577,#7060,#7062,.T.);
#7060 = VERTEX_POINT('',#7061);
#7061 = CARTESIAN_POINT('',(-10.,-13.2,87.));
#7062 = LINE('',#7063,#7064);
#7063 = CARTESIAN_POINT('',(-5.25,-13.2,91.75));
#7064 = VECTOR('',#7065,1.);
#7065 = DIRECTION('',(0.707106781187,0.,0.707106781187));
#7066 = ORIENTED_EDGE('',*,*,#5600,.T.);
#7067 = ORIENTED_EDGE('',*,*,#5631,.F.);
#7068 = ORIENTED_EDGE('',*,*,#4866,.T.);
#7069 = ORIENTED_EDGE('',*,*,#7070,.T.);
#7070 = EDGE_CURVE('',#4867,#7071,#7073,.T.);
#7071 = VERTEX_POINT('',#7072);
#7072 = CARTESIAN_POINT('',(-8.,-6.7,89.));
#7073 = LINE('',#7074,#7075);
#7074 = CARTESIAN_POINT('',(-5.25,-6.7,91.75));
#7075 = VECTOR('',#7076,1.);
#7076 = DIRECTION('',(0.707106781187,0.,0.707106781187));
#7077 = ORIENTED_EDGE('',*,*,#7078,.F.);
#7078 = EDGE_CURVE('',#7079,#7071,#7081,.T.);
#7079 = VERTEX_POINT('',#7080);
#7080 = CARTESIAN_POINT('',(-8.,-12.8,89.));
#7081 = LINE('',#7082,#7083);
#7082 = CARTESIAN_POINT('',(-8.,-13.5,89.));
#7083 = VECTOR('',#7084,1.);
#7084 = DIRECTION('',(0.,1.,0.));
#7085 = ORIENTED_EDGE('',*,*,#7086,.F.);
#7086 = EDGE_CURVE('',#7087,#7079,#7089,.T.);
#7087 = VERTEX_POINT('',#7088);
#7088 = CARTESIAN_POINT('',(-10.,-12.8,87.));
#7089 = LINE('',#7090,#7091);
#7090 = CARTESIAN_POINT('',(-17.25,-12.8,79.75));
#7091 = VECTOR('',#7092,1.);
#7092 = DIRECTION('',(0.707106781187,0.,0.707106781187));
#7093 = ORIENTED_EDGE('',*,*,#7094,.T.);
#7094 = EDGE_CURVE('',#7087,#7060,#7095,.T.);
#7095 = LINE('',#7096,#7097);
#7096 = CARTESIAN_POINT('',(-10.,-13.65,87.));
#7097 = VECTOR('',#7098,1.);
#7098 = DIRECTION('',(0.,-1.,0.));
#7099 = PLANE('',#7100);
#7100 = AXIS2_PLACEMENT_3D('',#7101,#7102,#7103);
#7101 = CARTESIAN_POINT('',(-15.,-13.5,82.));
#7102 = DIRECTION('',(0.707106781187,0.,-0.707106781187));
#7103 = DIRECTION('',(0.707106781187,0.,0.707106781187));
#7104 = ADVANCED_FACE('',(#7105),#7123,.F.);
#7105 = FACE_BOUND('',#7106,.F.);
#7106 = EDGE_LOOP('',(#7107,#7108,#7116,#7122));
#7107 = ORIENTED_EDGE('',*,*,#4874,.T.);
#7108 = ORIENTED_EDGE('',*,*,#7109,.T.);
#7109 = EDGE_CURVE('',#4875,#7110,#7112,.T.);
#7110 = VERTEX_POINT('',#7111);
#7111 = CARTESIAN_POINT('',(-8.,-6.7,68.));
#7112 = LINE('',#7113,#7114);
#7113 = CARTESIAN_POINT('',(-19.,-6.7,68.));
#7114 = VECTOR('',#7115,1.);
#7115 = DIRECTION('',(1.,0.,0.));
#7116 = ORIENTED_EDGE('',*,*,#7117,.T.);
#7117 = EDGE_CURVE('',#7110,#7071,#7118,.T.);
#7118 = LINE('',#7119,#7120);
#7119 = CARTESIAN_POINT('',(-8.,-6.7,87.));
#7120 = VECTOR('',#7121,1.);
#7121 = DIRECTION('',(0.,0.,1.));
#7122 = ORIENTED_EDGE('',*,*,#7070,.F.);
#7123 = PLANE('',#7124);
#7124 = AXIS2_PLACEMENT_3D('',#7125,#7126,#7127);
#7125 = CARTESIAN_POINT('',(2.119871246916E-16,-6.7,106.));
#7126 = DIRECTION('',(-0.,-1.,-0.));
#7127 = DIRECTION('',(0.,0.,-1.));
#7128 = ADVANCED_FACE('',(#7129),#7213,.T.);
#7129 = FACE_BOUND('',#7130,.T.);
#7130 = EDGE_LOOP('',(#7131,#7139,#7140,#7141,#7142,#7143,#7151,#7159,
    #7167,#7173,#7174,#7175,#7183,#7191,#7199,#7207));
#7131 = ORIENTED_EDGE('',*,*,#7132,.F.);
#7132 = EDGE_CURVE('',#5506,#7133,#7135,.T.);
#7133 = VERTEX_POINT('',#7134);
#7134 = CARTESIAN_POINT('',(-10.,-13.2,68.));
#7135 = LINE('',#7136,#7137);
#7136 = CARTESIAN_POINT('',(-19.,-13.2,68.));
#7137 = VECTOR('',#7138,1.);
#7138 = DIRECTION('',(1.,0.,0.));
#7139 = ORIENTED_EDGE('',*,*,#5505,.T.);
#7140 = ORIENTED_EDGE('',*,*,#5415,.F.);
#7141 = ORIENTED_EDGE('',*,*,#4882,.T.);
#7142 = ORIENTED_EDGE('',*,*,#7109,.T.);
#7143 = ORIENTED_EDGE('',*,*,#7144,.F.);
#7144 = EDGE_CURVE('',#7145,#7110,#7147,.T.);
#7145 = VERTEX_POINT('',#7146);
#7146 = CARTESIAN_POINT('',(-8.,-12.8,68.));
#7147 = LINE('',#7148,#7149);
#7148 = CARTESIAN_POINT('',(-8.,-13.4,68.));
#7149 = VECTOR('',#7150,1.);
#7150 = DIRECTION('',(0.,1.,0.));
#7151 = ORIENTED_EDGE('',*,*,#7152,.F.);
#7152 = EDGE_CURVE('',#7153,#7145,#7155,.T.);
#7153 = VERTEX_POINT('',#7154);
#7154 = CARTESIAN_POINT('',(8.,-12.8,68.));
#7155 = LINE('',#7156,#7157);
#7156 = CARTESIAN_POINT('',(10.,-12.8,68.));
#7157 = VECTOR('',#7158,1.);
#7158 = DIRECTION('',(-1.,0.,0.));
#7159 = ORIENTED_EDGE('',*,*,#7160,.T.);
#7160 = EDGE_CURVE('',#7153,#7161,#7163,.T.);
#7161 = VERTEX_POINT('',#7162);
#7162 = CARTESIAN_POINT('',(8.,-6.7,68.));
#7163 = LINE('',#7164,#7165);
#7164 = CARTESIAN_POINT('',(8.,-13.4,68.));
#7165 = VECTOR('',#7166,1.);
#7166 = DIRECTION('',(0.,1.,0.));
#7167 = ORIENTED_EDGE('',*,*,#7168,.T.);
#7168 = EDGE_CURVE('',#7161,#5031,#7169,.T.);
#7169 = LINE('',#7170,#7171);
#7170 = CARTESIAN_POINT('',(-19.,-6.7,68.));
#7171 = VECTOR('',#7172,1.);
#7172 = DIRECTION('',(1.,0.,0.));
#7173 = ORIENTED_EDGE('',*,*,#5030,.F.);
#7174 = ORIENTED_EDGE('',*,*,#5393,.F.);
#7175 = ORIENTED_EDGE('',*,*,#7176,.F.);
#7176 = EDGE_CURVE('',#7177,#5154,#7179,.T.);
#7177 = VERTEX_POINT('',#7178);
#7178 = CARTESIAN_POINT('',(19.,-13.2,68.));
#7179 = LINE('',#7180,#7181);
#7180 = CARTESIAN_POINT('',(19.,-13.2,68.));
#7181 = VECTOR('',#7182,1.);
#7182 = DIRECTION('',(0.,1.,0.));
#7183 = ORIENTED_EDGE('',*,*,#7184,.F.);
#7184 = EDGE_CURVE('',#7185,#7177,#7187,.T.);
#7185 = VERTEX_POINT('',#7186);
#7186 = CARTESIAN_POINT('',(10.,-13.2,68.));
#7187 = LINE('',#7188,#7189);
#7188 = CARTESIAN_POINT('',(-19.,-13.2,68.));
#7189 = VECTOR('',#7190,1.);
#7190 = DIRECTION('',(1.,0.,0.));
#7191 = ORIENTED_EDGE('',*,*,#7192,.F.);
#7192 = EDGE_CURVE('',#7193,#7185,#7195,.T.);
#7193 = VERTEX_POINT('',#7194);
#7194 = CARTESIAN_POINT('',(10.,-14.,68.));
#7195 = LINE('',#7196,#7197);
#7196 = CARTESIAN_POINT('',(10.,-14.,68.));
#7197 = VECTOR('',#7198,1.);
#7198 = DIRECTION('',(0.,1.,0.));
#7199 = ORIENTED_EDGE('',*,*,#7200,.F.);
#7200 = EDGE_CURVE('',#7201,#7193,#7203,.T.);
#7201 = VERTEX_POINT('',#7202);
#7202 = CARTESIAN_POINT('',(-10.,-14.,68.));
#7203 = LINE('',#7204,#7205);
#7204 = CARTESIAN_POINT('',(-10.,-14.,68.));
#7205 = VECTOR('',#7206,1.);
#7206 = DIRECTION('',(1.,0.,0.));
#7207 = ORIENTED_EDGE('',*,*,#7208,.F.);
#7208 = EDGE_CURVE('',#7133,#7201,#7209,.T.);
#7209 = LINE('',#7210,#7211);
#7210 = CARTESIAN_POINT('',(-10.,-12.8,68.));
#7211 = VECTOR('',#7212,1.);
#7212 = DIRECTION('',(0.,-1.,0.));
#7213 = PLANE('',#7214);
#7214 = AXIS2_PLACEMENT_3D('',#7215,#7216,#7217);
#7215 = CARTESIAN_POINT('',(1.03678414751E-16,-11.23988326848,68.));
#7216 = DIRECTION('',(-0.,-0.,-1.));
#7217 = DIRECTION('',(-1.,0.,0.));
#7218 = ADVANCED_FACE('',(#7219),#7237,.F.);
#7219 = FACE_BOUND('',#7220,.F.);
#7220 = EDGE_LOOP('',(#7221,#7229,#7230,#7231));
#7221 = ORIENTED_EDGE('',*,*,#7222,.F.);
#7222 = EDGE_CURVE('',#7161,#7223,#7225,.T.);
#7223 = VERTEX_POINT('',#7224);
#7224 = CARTESIAN_POINT('',(8.,-6.7,89.));
#7225 = LINE('',#7226,#7227);
#7226 = CARTESIAN_POINT('',(8.,-6.7,87.));
#7227 = VECTOR('',#7228,1.);
#7228 = DIRECTION('',(0.,0.,1.));
#7229 = ORIENTED_EDGE('',*,*,#7168,.T.);
#7230 = ORIENTED_EDGE('',*,*,#5038,.F.);
#7231 = ORIENTED_EDGE('',*,*,#7232,.F.);
#7232 = EDGE_CURVE('',#7223,#5039,#7233,.T.);
#7233 = LINE('',#7234,#7235);
#7234 = CARTESIAN_POINT('',(1.75,-6.7,95.25));
#7235 = VECTOR('',#7236,1.);
#7236 = DIRECTION('',(0.707106781187,0.,-0.707106781187));
#7237 = PLANE('',#7238);
#7238 = AXIS2_PLACEMENT_3D('',#7239,#7240,#7241);
#7239 = CARTESIAN_POINT('',(2.119871246916E-16,-6.7,106.));
#7240 = DIRECTION('',(-0.,-1.,-0.));
#7241 = DIRECTION('',(0.,0.,-1.));
#7242 = ADVANCED_FACE('',(#7243),#7293,.F.);
#7243 = FACE_BOUND('',#7244,.F.);
#7244 = EDGE_LOOP('',(#7245,#7255,#7263,#7271,#7277,#7278,#7279,#7287));
#7245 = ORIENTED_EDGE('',*,*,#7246,.F.);
#7246 = EDGE_CURVE('',#7247,#7249,#7251,.T.);
#7247 = VERTEX_POINT('',#7248);
#7248 = CARTESIAN_POINT('',(10.,-13.2,87.));
#7249 = VERTEX_POINT('',#7250);
#7250 = CARTESIAN_POINT('',(15.,-13.2,82.));
#7251 = LINE('',#7252,#7253);
#7252 = CARTESIAN_POINT('',(1.75,-13.2,95.25));
#7253 = VECTOR('',#7254,1.);
#7254 = DIRECTION('',(0.707106781187,0.,-0.707106781187));
#7255 = ORIENTED_EDGE('',*,*,#7256,.F.);
#7256 = EDGE_CURVE('',#7257,#7247,#7259,.T.);
#7257 = VERTEX_POINT('',#7258);
#7258 = CARTESIAN_POINT('',(10.,-12.8,87.));
#7259 = LINE('',#7260,#7261);
#7260 = CARTESIAN_POINT('',(10.,-13.65,87.));
#7261 = VECTOR('',#7262,1.);
#7262 = DIRECTION('',(0.,-1.,0.));
#7263 = ORIENTED_EDGE('',*,*,#7264,.F.);
#7264 = EDGE_CURVE('',#7265,#7257,#7267,.T.);
#7265 = VERTEX_POINT('',#7266);
#7266 = CARTESIAN_POINT('',(8.,-12.8,89.));
#7267 = LINE('',#7268,#7269);
#7268 = CARTESIAN_POINT('',(8.75,-12.8,88.25));
#7269 = VECTOR('',#7270,1.);
#7270 = DIRECTION('',(0.707106781187,0.,-0.707106781187));
#7271 = ORIENTED_EDGE('',*,*,#7272,.T.);
#7272 = EDGE_CURVE('',#7265,#7223,#7273,.T.);
#7273 = LINE('',#7274,#7275);
#7274 = CARTESIAN_POINT('',(8.,-13.5,89.));
#7275 = VECTOR('',#7276,1.);
#7276 = DIRECTION('',(0.,1.,0.));
#7277 = ORIENTED_EDGE('',*,*,#7232,.T.);
#7278 = ORIENTED_EDGE('',*,*,#5046,.F.);
#7279 = ORIENTED_EDGE('',*,*,#7280,.F.);
#7280 = EDGE_CURVE('',#7281,#5047,#7283,.T.);
#7281 = VERTEX_POINT('',#7282);
#7282 = CARTESIAN_POINT('',(15.,-8.,82.));
#7283 = LINE('',#7284,#7285);
#7284 = CARTESIAN_POINT('',(29.5,-8.,67.5));
#7285 = VECTOR('',#7286,1.);
#7286 = DIRECTION('',(-0.707106781187,0.,0.707106781187));
#7287 = ORIENTED_EDGE('',*,*,#7288,.F.);
#7288 = EDGE_CURVE('',#7249,#7281,#7289,.T.);
#7289 = LINE('',#7290,#7291);
#7290 = CARTESIAN_POINT('',(15.,-13.5,82.));
#7291 = VECTOR('',#7292,1.);
#7292 = DIRECTION('',(0.,1.,0.));
#7293 = PLANE('',#7294);
#7294 = AXIS2_PLACEMENT_3D('',#7295,#7296,#7297);
#7295 = CARTESIAN_POINT('',(8.,-13.5,89.));
#7296 = DIRECTION('',(-0.707106781187,0.,-0.707106781187));
#7297 = DIRECTION('',(0.707106781187,0.,-0.707106781187));
#7298 = ADVANCED_FACE('',(#7299),#7324,.F.);
#7299 = FACE_BOUND('',#7300,.F.);
#7300 = EDGE_LOOP('',(#7301,#7302,#7308,#7309,#7310,#7318));
#7301 = ORIENTED_EDGE('',*,*,#5249,.F.);
#7302 = ORIENTED_EDGE('',*,*,#7303,.T.);
#7303 = EDGE_CURVE('',#5250,#7281,#7304,.T.);
#7304 = LINE('',#7305,#7306);
#7305 = CARTESIAN_POINT('',(-4.,-8.,63.));
#7306 = VECTOR('',#7307,1.);
#7307 = DIRECTION('',(-0.707106781187,0.,-0.707106781187));
#7308 = ORIENTED_EDGE('',*,*,#7280,.T.);
#7309 = ORIENTED_EDGE('',*,*,#5054,.T.);
#7310 = ORIENTED_EDGE('',*,*,#7311,.T.);
#7311 = EDGE_CURVE('',#5055,#7312,#7314,.T.);
#7312 = VERTEX_POINT('',#7313);
#7313 = CARTESIAN_POINT('',(15.,-8.,130.));
#7314 = LINE('',#7315,#7316);
#7315 = CARTESIAN_POINT('',(-16.,-8.,99.));
#7316 = VECTOR('',#7317,1.);
#7317 = DIRECTION('',(0.707106781187,0.,0.707106781187));
#7318 = ORIENTED_EDGE('',*,*,#7319,.T.);
#7319 = EDGE_CURVE('',#7312,#5242,#7320,.T.);
#7320 = LINE('',#7321,#7322);
#7321 = CARTESIAN_POINT('',(48.5,-8.,96.5));
#7322 = VECTOR('',#7323,1.);
#7323 = DIRECTION('',(0.707106781187,0.,-0.707106781187));
#7324 = PLANE('',#7325);
#7325 = AXIS2_PLACEMENT_3D('',#7326,#7327,#7328);
#7326 = CARTESIAN_POINT('',(13.,-8.,8.));
#7327 = DIRECTION('',(0.,1.,0.));
#7328 = DIRECTION('',(0.,0.,1.));
#7329 = ADVANCED_FACE('',(#7330),#7380,.F.);
#7330 = FACE_BOUND('',#7331,.F.);
#7331 = EDGE_LOOP('',(#7332,#7342,#7348,#7349,#7350,#7358,#7366,#7374));
#7332 = ORIENTED_EDGE('',*,*,#7333,.F.);
#7333 = EDGE_CURVE('',#7334,#7336,#7338,.T.);
#7334 = VERTEX_POINT('',#7335);
#7335 = CARTESIAN_POINT('',(15.,-13.2,130.));
#7336 = VERTEX_POINT('',#7337);
#7337 = CARTESIAN_POINT('',(10.,-13.2,125.));
#7338 = LINE('',#7339,#7340);
#7339 = CARTESIAN_POINT('',(5.25,-13.2,120.25));
#7340 = VECTOR('',#7341,1.);
#7341 = DIRECTION('',(-0.707106781187,0.,-0.707106781187));
#7342 = ORIENTED_EDGE('',*,*,#7343,.T.);
#7343 = EDGE_CURVE('',#7334,#7312,#7344,.T.);
#7344 = LINE('',#7345,#7346);
#7345 = CARTESIAN_POINT('',(15.,-13.5,130.));
#7346 = VECTOR('',#7347,1.);
#7347 = DIRECTION('',(0.,1.,0.));
#7348 = ORIENTED_EDGE('',*,*,#7311,.F.);
#7349 = ORIENTED_EDGE('',*,*,#5062,.F.);
#7350 = ORIENTED_EDGE('',*,*,#7351,.T.);
#7351 = EDGE_CURVE('',#5063,#7352,#7354,.T.);
#7352 = VERTEX_POINT('',#7353);
#7353 = CARTESIAN_POINT('',(8.,-6.7,123.));
#7354 = LINE('',#7355,#7356);
#7355 = CARTESIAN_POINT('',(5.25,-6.7,120.25));
#7356 = VECTOR('',#7357,1.);
#7357 = DIRECTION('',(-0.707106781187,0.,-0.707106781187));
#7358 = ORIENTED_EDGE('',*,*,#7359,.F.);
#7359 = EDGE_CURVE('',#7360,#7352,#7362,.T.);
#7360 = VERTEX_POINT('',#7361);
#7361 = CARTESIAN_POINT('',(8.,-12.8,123.));
#7362 = LINE('',#7363,#7364);
#7363 = CARTESIAN_POINT('',(8.,-13.5,123.));
#7364 = VECTOR('',#7365,1.);
#7365 = DIRECTION('',(0.,1.,0.));
#7366 = ORIENTED_EDGE('',*,*,#7367,.F.);
#7367 = EDGE_CURVE('',#7368,#7360,#7370,.T.);
#7368 = VERTEX_POINT('',#7369);
#7369 = CARTESIAN_POINT('',(10.,-12.8,125.));
#7370 = LINE('',#7371,#7372);
#7371 = CARTESIAN_POINT('',(-6.75,-12.8,108.25));
#7372 = VECTOR('',#7373,1.);
#7373 = DIRECTION('',(-0.707106781187,0.,-0.707106781187));
#7374 = ORIENTED_EDGE('',*,*,#7375,.F.);
#7375 = EDGE_CURVE('',#7336,#7368,#7376,.T.);
#7376 = LINE('',#7377,#7378);
#7377 = CARTESIAN_POINT('',(10.,-13.65,125.));
#7378 = VECTOR('',#7379,1.);
#7379 = DIRECTION('',(0.,1.,0.));
#7380 = PLANE('',#7381);
#7381 = AXIS2_PLACEMENT_3D('',#7382,#7383,#7384);
#7382 = CARTESIAN_POINT('',(15.,-13.5,130.));
#7383 = DIRECTION('',(-0.707106781187,0.,0.707106781187));
#7384 = DIRECTION('',(-0.707106781187,0.,-0.707106781187));
#7385 = ADVANCED_FACE('',(#7386),#7404,.F.);
#7386 = FACE_BOUND('',#7387,.F.);
#7387 = EDGE_LOOP('',(#7388,#7389,#7397,#7403));
#7388 = ORIENTED_EDGE('',*,*,#5070,.F.);
#7389 = ORIENTED_EDGE('',*,*,#7390,.T.);
#7390 = EDGE_CURVE('',#5071,#7391,#7393,.T.);
#7391 = VERTEX_POINT('',#7392);
#7392 = CARTESIAN_POINT('',(8.,-6.7,144.));
#7393 = LINE('',#7394,#7395);
#7394 = CARTESIAN_POINT('',(19.,-6.7,144.));
#7395 = VECTOR('',#7396,1.);
#7396 = DIRECTION('',(-1.,0.,0.));
#7397 = ORIENTED_EDGE('',*,*,#7398,.F.);
#7398 = EDGE_CURVE('',#7352,#7391,#7399,.T.);
#7399 = LINE('',#7400,#7401);
#7400 = CARTESIAN_POINT('',(8.,-6.7,87.));
#7401 = VECTOR('',#7402,1.);
#7402 = DIRECTION('',(0.,0.,1.));
#7403 = ORIENTED_EDGE('',*,*,#7351,.F.);
#7404 = PLANE('',#7405);
#7405 = AXIS2_PLACEMENT_3D('',#7406,#7407,#7408);
#7406 = CARTESIAN_POINT('',(2.119871246916E-16,-6.7,106.));
#7407 = DIRECTION('',(-0.,-1.,-0.));
#7408 = DIRECTION('',(0.,0.,-1.));
#7409 = ADVANCED_FACE('',(#7410),#7437,.T.);
#7410 = FACE_BOUND('',#7411,.T.);
#7411 = EDGE_LOOP('',(#7412,#7422,#7428,#7429,#7430,#7431));
#7412 = ORIENTED_EDGE('',*,*,#7413,.F.);
#7413 = EDGE_CURVE('',#7414,#7416,#7418,.T.);
#7414 = VERTEX_POINT('',#7415);
#7415 = CARTESIAN_POINT('',(19.,-13.2,144.));
#7416 = VERTEX_POINT('',#7417);
#7417 = CARTESIAN_POINT('',(8.,-13.2,144.));
#7418 = LINE('',#7419,#7420);
#7419 = CARTESIAN_POINT('',(19.,-13.2,144.));
#7420 = VECTOR('',#7421,1.);
#7421 = DIRECTION('',(-1.,0.,0.));
#7422 = ORIENTED_EDGE('',*,*,#7423,.T.);
#7423 = EDGE_CURVE('',#7414,#5218,#7424,.T.);
#7424 = LINE('',#7425,#7426);
#7425 = CARTESIAN_POINT('',(19.,-13.2,144.));
#7426 = VECTOR('',#7427,1.);
#7427 = DIRECTION('',(0.,1.,0.));
#7428 = ORIENTED_EDGE('',*,*,#6744,.F.);
#7429 = ORIENTED_EDGE('',*,*,#5078,.F.);
#7430 = ORIENTED_EDGE('',*,*,#7390,.T.);
#7431 = ORIENTED_EDGE('',*,*,#7432,.F.);
#7432 = EDGE_CURVE('',#7416,#7391,#7433,.T.);
#7433 = LINE('',#7434,#7435);
#7434 = CARTESIAN_POINT('',(8.,-13.4,144.));
#7435 = VECTOR('',#7436,1.);
#7436 = DIRECTION('',(0.,1.,0.));
#7437 = PLANE('',#7438);
#7438 = AXIS2_PLACEMENT_3D('',#7439,#7440,#7441);
#7439 = CARTESIAN_POINT('',(19.,-13.2,144.));
#7440 = DIRECTION('',(0.,0.,1.));
#7441 = DIRECTION('',(-1.,0.,0.));
#7442 = ADVANCED_FACE('',(#7443),#7452,.T.);
#7443 = FACE_BOUND('',#7444,.T.);
#7444 = EDGE_LOOP('',(#7445,#7446,#7451));
#7445 = ORIENTED_EDGE('',*,*,#5094,.F.);
#7446 = ORIENTED_EDGE('',*,*,#7447,.T.);
#7447 = EDGE_CURVE('',#5087,#6720,#7448,.T.);
#7448 = B_SPLINE_CURVE_WITH_KNOTS('',1,(#7449,#7450),.UNSPECIFIED.,.F.,
  .F.,(2,2),(0.,1.),.PIECEWISE_BEZIER_KNOTS.);
#7449 = CARTESIAN_POINT('',(13.,-8.,145.));
#7450 = CARTESIAN_POINT('',(13.,-21.,189.));
#7451 = ORIENTED_EDGE('',*,*,#6730,.T.);
#7452 = B_SPLINE_SURFACE_WITH_KNOTS('',1,1,(
    (#7453,#7454)
    ,(#7455,#7456
    )),.UNSPECIFIED.,.F.,.F.,.F.,(2,2),(2,2),(0.,12.),(0.,1.),
  .PIECEWISE_BEZIER_KNOTS.);
#7453 = CARTESIAN_POINT('',(13.,4.,145.));
#7454 = CARTESIAN_POINT('',(13.,-9.,189.));
#7455 = CARTESIAN_POINT('',(13.,-8.,145.));
#7456 = CARTESIAN_POINT('',(13.,-21.,189.));
#7457 = ADVANCED_FACE('',(#7458),#7464,.F.);
#7458 = FACE_BOUND('',#7459,.F.);
#7459 = EDGE_LOOP('',(#7460,#7461,#7462,#7463));
#7460 = ORIENTED_EDGE('',*,*,#5400,.F.);
#7461 = ORIENTED_EDGE('',*,*,#6931,.T.);
#7462 = ORIENTED_EDGE('',*,*,#5778,.T.);
#7463 = ORIENTED_EDGE('',*,*,#5125,.F.);
#7464 = PLANE('',#7465);
#7465 = AXIS2_PLACEMENT_3D('',#7466,#7467,#7468);
#7466 = CARTESIAN_POINT('',(-17.72058306726,-8.,13.019604780603));
#7467 = DIRECTION('',(0.860291533634,0.,-0.509802390302));
#7468 = DIRECTION('',(0.509802390302,0.,0.860291533634));
#7469 = ADVANCED_FACE('',(#7470),#7512,.F.);
#7470 = FACE_BOUND('',#7471,.F.);
#7471 = EDGE_LOOP('',(#7472,#7482,#7488,#7489,#7490,#7498,#7506));
#7472 = ORIENTED_EDGE('',*,*,#7473,.F.);
#7473 = EDGE_CURVE('',#7474,#7476,#7478,.T.);
#7474 = VERTEX_POINT('',#7475);
#7475 = CARTESIAN_POINT('',(13.,-3.108348936002,8.));
#7476 = VERTEX_POINT('',#7477);
#7477 = CARTESIAN_POINT('',(14.707210900186,-4.139788854864,8.));
#7478 = LINE('',#7479,#7480);
#7479 = CARTESIAN_POINT('',(14.936145717356,-4.278103640238,8.));
#7480 = VECTOR('',#7481,1.);
#7481 = DIRECTION('',(0.855915541946,-0.517115639926,0.));
#7482 = ORIENTED_EDGE('',*,*,#7483,.F.);
#7483 = EDGE_CURVE('',#5379,#7474,#7484,.T.);
#7484 = LINE('',#7485,#7486);
#7485 = CARTESIAN_POINT('',(13.,-8.,8.));
#7486 = VECTOR('',#7487,1.);
#7487 = DIRECTION('',(0.,1.,0.));
#7488 = ORIENTED_EDGE('',*,*,#5386,.T.);
#7489 = ORIENTED_EDGE('',*,*,#5161,.T.);
#7490 = ORIENTED_EDGE('',*,*,#7491,.F.);
#7491 = EDGE_CURVE('',#7492,#5162,#7494,.T.);
#7492 = VERTEX_POINT('',#7493);
#7493 = CARTESIAN_POINT('',(16.934027108281,-4.318963855043,8.));
#7494 = LINE('',#7495,#7496);
#7495 = CARTESIAN_POINT('',(32.60373665185,1.992446933339,8.));
#7496 = VECTOR('',#7497,1.);
#7497 = DIRECTION('',(0.927585542017,0.373610843312,0.));
#7498 = ORIENTED_EDGE('',*,*,#7499,.F.);
#7499 = EDGE_CURVE('',#7500,#7492,#7502,.T.);
#7500 = VERTEX_POINT('',#7501);
#7501 = CARTESIAN_POINT('',(16.,-2.,8.));
#7502 = LINE('',#7503,#7504);
#7503 = CARTESIAN_POINT('',(17.297304010572,-5.220892715903,8.));
#7504 = VECTOR('',#7505,1.);
#7505 = DIRECTION('',(0.373610843312,-0.927585542017,0.));
#7506 = ORIENTED_EDGE('',*,*,#7507,.F.);
#7507 = EDGE_CURVE('',#7476,#7500,#7508,.T.);
#7508 = LINE('',#7509,#7510);
#7509 = CARTESIAN_POINT('',(14.917459732737,-3.791790787194,8.));
#7510 = VECTOR('',#7511,1.);
#7511 = DIRECTION('',(0.517115639926,0.855915541946,0.));
#7512 = PLANE('',#7513);
#7513 = AXIS2_PLACEMENT_3D('',#7514,#7515,#7516);
#7514 = CARTESIAN_POINT('',(13.,-8.,8.));
#7515 = DIRECTION('',(0.,0.,1.));
#7516 = DIRECTION('',(1.,0.,0.));
#7517 = ADVANCED_FACE('',(#7518),#7545,.T.);
#7518 = FACE_BOUND('',#7519,.T.);
#7519 = EDGE_LOOP('',(#7520,#7530,#7536,#7537,#7538,#7539));
#7520 = ORIENTED_EDGE('',*,*,#7521,.F.);
#7521 = EDGE_CURVE('',#7522,#7524,#7526,.T.);
#7522 = VERTEX_POINT('',#7523);
#7523 = CARTESIAN_POINT('',(51.243178748388,9.5,0.));
#7524 = VERTEX_POINT('',#7525);
#7525 = CARTESIAN_POINT('',(16.934027108281,-4.318963855043,0.));
#7526 = LINE('',#7527,#7528);
#7527 = CARTESIAN_POINT('',(52.934027108281,10.181036144957,0.));
#7528 = VECTOR('',#7529,1.);
#7529 = DIRECTION('',(-0.927585542017,-0.373610843312,0.));
#7530 = ORIENTED_EDGE('',*,*,#7531,.F.);
#7531 = EDGE_CURVE('',#6257,#7522,#7532,.T.);
#7532 = LINE('',#7533,#7534);
#7533 = CARTESIAN_POINT('',(51.243178748388,9.5,0.));
#7534 = VECTOR('',#7535,1.);
#7535 = DIRECTION('',(0.,0.,-1.));
#7536 = ORIENTED_EDGE('',*,*,#6256,.T.);
#7537 = ORIENTED_EDGE('',*,*,#5169,.T.);
#7538 = ORIENTED_EDGE('',*,*,#7491,.F.);
#7539 = ORIENTED_EDGE('',*,*,#7540,.F.);
#7540 = EDGE_CURVE('',#7524,#7492,#7541,.T.);
#7541 = LINE('',#7542,#7543);
#7542 = CARTESIAN_POINT('',(16.934027108281,-4.318963855043,0.));
#7543 = VECTOR('',#7544,1.);
#7544 = DIRECTION('',(0.,0.,1.));
#7545 = PLANE('',#7546);
#7546 = AXIS2_PLACEMENT_3D('',#7547,#7548,#7549);
#7547 = CARTESIAN_POINT('',(52.934027108281,10.181036144957,0.));
#7548 = DIRECTION('',(0.373610843312,-0.927585542017,0.));
#7549 = DIRECTION('',(-0.927585542017,-0.373610843312,0.));
#7550 = ADVANCED_FACE('',(#7551),#7585,.T.);
#7551 = FACE_BOUND('',#7552,.T.);
#7552 = EDGE_LOOP('',(#7553,#7563,#7571,#7577,#7578,#7579));
#7553 = ORIENTED_EDGE('',*,*,#7554,.F.);
#7554 = EDGE_CURVE('',#7555,#7557,#7559,.T.);
#7555 = VERTEX_POINT('',#7556);
#7556 = CARTESIAN_POINT('',(16.224123306054,0.785441105261,0.));
#7557 = VERTEX_POINT('',#7558);
#7558 = CARTESIAN_POINT('',(37.860269527474,9.5,0.));
#7559 = LINE('',#7560,#7561);
#7560 = CARTESIAN_POINT('',(15.065972891719,0.318963855043,0.));
#7561 = VECTOR('',#7562,1.);
#7562 = DIRECTION('',(0.927585542017,0.373610843312,0.));
#7563 = ORIENTED_EDGE('',*,*,#7564,.F.);
#7564 = EDGE_CURVE('',#7565,#7555,#7567,.T.);
#7565 = VERTEX_POINT('',#7566);
#7566 = CARTESIAN_POINT('',(16.224123306054,0.785441105261,8.));
#7567 = LINE('',#7568,#7569);
#7568 = CARTESIAN_POINT('',(16.224123306054,0.785441105261,0.));
#7569 = VECTOR('',#7570,1.);
#7570 = DIRECTION('',(0.,0.,-1.));
#7571 = ORIENTED_EDGE('',*,*,#7572,.F.);
#7572 = EDGE_CURVE('',#5186,#7565,#7573,.T.);
#7573 = LINE('',#7574,#7575);
#7574 = CARTESIAN_POINT('',(12.735682435287,-0.619625356575,8.));
#7575 = VECTOR('',#7576,1.);
#7576 = DIRECTION('',(-0.927585542017,-0.373610843312,0.));
#7577 = ORIENTED_EDGE('',*,*,#5185,.T.);
#7578 = ORIENTED_EDGE('',*,*,#6249,.T.);
#7579 = ORIENTED_EDGE('',*,*,#7580,.F.);
#7580 = EDGE_CURVE('',#7557,#6242,#7581,.T.);
#7581 = LINE('',#7582,#7583);
#7582 = CARTESIAN_POINT('',(37.860269527474,9.5,0.));
#7583 = VECTOR('',#7584,1.);
#7584 = DIRECTION('',(0.,0.,1.));
#7585 = PLANE('',#7586);
#7586 = AXIS2_PLACEMENT_3D('',#7587,#7588,#7589);
#7587 = CARTESIAN_POINT('',(15.065972891719,0.318963855043,0.));
#7588 = DIRECTION('',(-0.373610843312,0.927585542017,0.));
#7589 = DIRECTION('',(0.927585542017,0.373610843312,0.));
#7590 = ADVANCED_FACE('',(#7591),#7610,.F.);
#7591 = FACE_BOUND('',#7592,.F.);
#7592 = EDGE_LOOP('',(#7593,#7594,#7595,#7603,#7609));
#7593 = ORIENTED_EDGE('',*,*,#5193,.T.);
#7594 = ORIENTED_EDGE('',*,*,#5792,.F.);
#7595 = ORIENTED_EDGE('',*,*,#7596,.F.);
#7596 = EDGE_CURVE('',#7597,#5793,#7599,.T.);
#7597 = VERTEX_POINT('',#7598);
#7598 = CARTESIAN_POINT('',(13.,2.733348936002,8.));
#7599 = LINE('',#7600,#7601);
#7600 = CARTESIAN_POINT('',(13.,-8.,8.));
#7601 = VECTOR('',#7602,1.);
#7602 = DIRECTION('',(0.,1.,0.));
#7603 = ORIENTED_EDGE('',*,*,#7604,.F.);
#7604 = EDGE_CURVE('',#7565,#7597,#7605,.T.);
#7605 = LINE('',#7606,#7607);
#7606 = CARTESIAN_POINT('',(5.521723916984,7.251474069491,8.));
#7607 = VECTOR('',#7608,1.);
#7608 = DIRECTION('',(-0.855915541946,0.517115639926,0.));
#7609 = ORIENTED_EDGE('',*,*,#7572,.F.);
#7610 = PLANE('',#7611);
#7611 = AXIS2_PLACEMENT_3D('',#7612,#7613,#7614);
#7612 = CARTESIAN_POINT('',(13.,-8.,8.));
#7613 = DIRECTION('',(0.,0.,1.));
#7614 = DIRECTION('',(1.,0.,0.));
#7615 = ADVANCED_FACE('',(#7616),#7642,.T.);
#7616 = FACE_BOUND('',#7617,.T.);
#7617 = EDGE_LOOP('',(#7618,#7628,#7634,#7635,#7636));
#7618 = ORIENTED_EDGE('',*,*,#7619,.T.);
#7619 = EDGE_CURVE('',#7620,#7622,#7624,.T.);
#7620 = VERTEX_POINT('',#7621);
#7621 = CARTESIAN_POINT('',(23.,-13.2,140.));
#7622 = VERTEX_POINT('',#7623);
#7623 = CARTESIAN_POINT('',(23.,-6.7,140.));
#7624 = LINE('',#7625,#7626);
#7625 = CARTESIAN_POINT('',(23.,-13.2,140.));
#7626 = VECTOR('',#7627,1.);
#7627 = DIRECTION('',(0.,1.,0.));
#7628 = ORIENTED_EDGE('',*,*,#7629,.T.);
#7629 = EDGE_CURVE('',#7622,#5226,#7630,.T.);
#7630 = LINE('',#7631,#7632);
#7631 = CARTESIAN_POINT('',(23.,-6.7,140.));
#7632 = VECTOR('',#7633,1.);
#7633 = DIRECTION('',(-0.707106781187,0.,0.707106781187));
#7634 = ORIENTED_EDGE('',*,*,#5225,.F.);
#7635 = ORIENTED_EDGE('',*,*,#7423,.F.);
#7636 = ORIENTED_EDGE('',*,*,#7637,.F.);
#7637 = EDGE_CURVE('',#7620,#7414,#7638,.T.);
#7638 = LINE('',#7639,#7640);
#7639 = CARTESIAN_POINT('',(23.,-13.2,140.));
#7640 = VECTOR('',#7641,1.);
#7641 = DIRECTION('',(-0.707106781187,0.,0.707106781187));
#7642 = PLANE('',#7643);
#7643 = AXIS2_PLACEMENT_3D('',#7644,#7645,#7646);
#7644 = CARTESIAN_POINT('',(23.,-13.2,140.));
#7645 = DIRECTION('',(0.707106781187,0.,0.707106781187));
#7646 = DIRECTION('',(-0.707106781187,0.,0.707106781187));
#7647 = ADVANCED_FACE('',(#7648),#7689,.F.);
#7648 = FACE_BOUND('',#7649,.F.);
#7649 = EDGE_LOOP('',(#7650,#7651,#7659,#7665,#7666,#7667,#7675,#7683));
#7650 = ORIENTED_EDGE('',*,*,#5265,.T.);
#7651 = ORIENTED_EDGE('',*,*,#7652,.T.);
#7652 = EDGE_CURVE('',#5266,#7653,#7655,.T.);
#7653 = VERTEX_POINT('',#7654);
#7654 = CARTESIAN_POINT('',(23.,-6.7,72.));
#7655 = LINE('',#7656,#7657);
#7656 = CARTESIAN_POINT('',(19.,-6.7,68.));
#7657 = VECTOR('',#7658,1.);
#7658 = DIRECTION('',(0.707106781187,0.,0.707106781187));
#7659 = ORIENTED_EDGE('',*,*,#7660,.T.);
#7660 = EDGE_CURVE('',#7653,#7622,#7661,.T.);
#7661 = LINE('',#7662,#7663);
#7662 = CARTESIAN_POINT('',(23.,-6.7,72.));
#7663 = VECTOR('',#7664,1.);
#7664 = DIRECTION('',(0.,0.,1.));
#7665 = ORIENTED_EDGE('',*,*,#7629,.T.);
#7666 = ORIENTED_EDGE('',*,*,#5233,.T.);
#7667 = ORIENTED_EDGE('',*,*,#7668,.F.);
#7668 = EDGE_CURVE('',#7669,#5234,#7671,.T.);
#7669 = VERTEX_POINT('',#7670);
#7670 = CARTESIAN_POINT('',(22.,-6.7,123.));
#7671 = LINE('',#7672,#7673);
#7672 = CARTESIAN_POINT('',(20.75,-6.7,124.25));
#7673 = VECTOR('',#7674,1.);
#7674 = DIRECTION('',(-0.707106781187,0.,0.707106781187));
#7675 = ORIENTED_EDGE('',*,*,#7676,.F.);
#7676 = EDGE_CURVE('',#7677,#7669,#7679,.T.);
#7677 = VERTEX_POINT('',#7678);
#7678 = CARTESIAN_POINT('',(22.,-6.7,89.));
#7679 = LINE('',#7680,#7681);
#7680 = CARTESIAN_POINT('',(22.,-6.7,97.5));
#7681 = VECTOR('',#7682,1.);
#7682 = DIRECTION('',(0.,0.,1.));
#7683 = ORIENTED_EDGE('',*,*,#7684,.F.);
#7684 = EDGE_CURVE('',#5258,#7677,#7685,.T.);
#7685 = LINE('',#7686,#7687);
#7686 = CARTESIAN_POINT('',(17.25,-6.7,84.25));
#7687 = VECTOR('',#7688,1.);
#7688 = DIRECTION('',(0.707106781187,0.,0.707106781187));
#7689 = PLANE('',#7690);
#7690 = AXIS2_PLACEMENT_3D('',#7691,#7692,#7693);
#7691 = CARTESIAN_POINT('',(2.119871246916E-16,-6.7,106.));
#7692 = DIRECTION('',(-0.,-1.,-0.));
#7693 = DIRECTION('',(0.,0.,-1.));
#7694 = ADVANCED_FACE('',(#7695),#7715,.F.);
#7695 = FACE_BOUND('',#7696,.F.);
#7696 = EDGE_LOOP('',(#7697,#7705,#7711,#7712,#7713,#7714));
#7697 = ORIENTED_EDGE('',*,*,#7698,.F.);
#7698 = EDGE_CURVE('',#7699,#7334,#7701,.T.);
#7699 = VERTEX_POINT('',#7700);
#7700 = CARTESIAN_POINT('',(22.,-13.2,123.));
#7701 = LINE('',#7702,#7703);
#7702 = CARTESIAN_POINT('',(20.75,-13.2,124.25));
#7703 = VECTOR('',#7704,1.);
#7704 = DIRECTION('',(-0.707106781187,0.,0.707106781187));
#7705 = ORIENTED_EDGE('',*,*,#7706,.T.);
#7706 = EDGE_CURVE('',#7699,#7669,#7707,.T.);
#7707 = LINE('',#7708,#7709);
#7708 = CARTESIAN_POINT('',(22.,-13.5,123.));
#7709 = VECTOR('',#7710,1.);
#7710 = DIRECTION('',(0.,1.,0.));
#7711 = ORIENTED_EDGE('',*,*,#7668,.T.);
#7712 = ORIENTED_EDGE('',*,*,#5241,.T.);
#7713 = ORIENTED_EDGE('',*,*,#7319,.F.);
#7714 = ORIENTED_EDGE('',*,*,#7343,.F.);
#7715 = PLANE('',#7716);
#7716 = AXIS2_PLACEMENT_3D('',#7717,#7718,#7719);
#7717 = CARTESIAN_POINT('',(22.,-13.5,123.));
#7718 = DIRECTION('',(0.707106781187,0.,0.707106781187));
#7719 = DIRECTION('',(-0.707106781187,0.,0.707106781187));
#7720 = ADVANCED_FACE('',(#7721),#7741,.F.);
#7721 = FACE_BOUND('',#7722,.F.);
#7722 = EDGE_LOOP('',(#7723,#7731,#7732,#7733,#7734,#7735));
#7723 = ORIENTED_EDGE('',*,*,#7724,.F.);
#7724 = EDGE_CURVE('',#7249,#7725,#7727,.T.);
#7725 = VERTEX_POINT('',#7726);
#7726 = CARTESIAN_POINT('',(22.,-13.2,89.));
#7727 = LINE('',#7728,#7729);
#7728 = CARTESIAN_POINT('',(17.25,-13.2,84.25));
#7729 = VECTOR('',#7730,1.);
#7730 = DIRECTION('',(0.707106781187,0.,0.707106781187));
#7731 = ORIENTED_EDGE('',*,*,#7288,.T.);
#7732 = ORIENTED_EDGE('',*,*,#7303,.F.);
#7733 = ORIENTED_EDGE('',*,*,#5257,.T.);
#7734 = ORIENTED_EDGE('',*,*,#7684,.T.);
#7735 = ORIENTED_EDGE('',*,*,#7736,.F.);
#7736 = EDGE_CURVE('',#7725,#7677,#7737,.T.);
#7737 = LINE('',#7738,#7739);
#7738 = CARTESIAN_POINT('',(22.,-13.5,89.));
#7739 = VECTOR('',#7740,1.);
#7740 = DIRECTION('',(0.,1.,0.));
#7741 = PLANE('',#7742);
#7742 = AXIS2_PLACEMENT_3D('',#7743,#7744,#7745);
#7743 = CARTESIAN_POINT('',(15.,-13.5,82.));
#7744 = DIRECTION('',(0.707106781187,0.,-0.707106781187));
#7745 = DIRECTION('',(0.707106781187,0.,0.707106781187));
#7746 = ADVANCED_FACE('',(#7747),#7766,.T.);
#7747 = FACE_BOUND('',#7748,.T.);
#7748 = EDGE_LOOP('',(#7749,#7750,#7751,#7752,#7760));
#7749 = ORIENTED_EDGE('',*,*,#7176,.T.);
#7750 = ORIENTED_EDGE('',*,*,#5273,.T.);
#7751 = ORIENTED_EDGE('',*,*,#7652,.T.);
#7752 = ORIENTED_EDGE('',*,*,#7753,.F.);
#7753 = EDGE_CURVE('',#7754,#7653,#7756,.T.);
#7754 = VERTEX_POINT('',#7755);
#7755 = CARTESIAN_POINT('',(23.,-13.2,72.));
#7756 = LINE('',#7757,#7758);
#7757 = CARTESIAN_POINT('',(23.,-13.2,72.));
#7758 = VECTOR('',#7759,1.);
#7759 = DIRECTION('',(0.,1.,0.));
#7760 = ORIENTED_EDGE('',*,*,#7761,.F.);
#7761 = EDGE_CURVE('',#7177,#7754,#7762,.T.);
#7762 = LINE('',#7763,#7764);
#7763 = CARTESIAN_POINT('',(19.,-13.2,68.));
#7764 = VECTOR('',#7765,1.);
#7765 = DIRECTION('',(0.707106781187,0.,0.707106781187));
#7766 = PLANE('',#7767);
#7767 = AXIS2_PLACEMENT_3D('',#7768,#7769,#7770);
#7768 = CARTESIAN_POINT('',(19.,-13.2,68.));
#7769 = DIRECTION('',(0.707106781187,0.,-0.707106781187));
#7770 = DIRECTION('',(0.707106781187,0.,0.707106781187));
#7771 = ADVANCED_FACE('',(#7772),#7797,.T.);
#7772 = FACE_BOUND('',#7773,.T.);
#7773 = EDGE_LOOP('',(#7774,#7775,#7776,#7782,#7783,#7789,#7790,#7791));
#7774 = ORIENTED_EDGE('',*,*,#5352,.F.);
#7775 = ORIENTED_EDGE('',*,*,#6641,.T.);
#7776 = ORIENTED_EDGE('',*,*,#7777,.F.);
#7777 = EDGE_CURVE('',#6194,#6642,#7778,.T.);
#7778 = LINE('',#7779,#7780);
#7779 = CARTESIAN_POINT('',(-13.,-3.108348936002,4.));
#7780 = VECTOR('',#7781,1.);
#7781 = DIRECTION('',(0.,0.,-1.));
#7782 = ORIENTED_EDGE('',*,*,#6193,.T.);
#7783 = ORIENTED_EDGE('',*,*,#7784,.F.);
#7784 = EDGE_CURVE('',#5937,#6186,#7785,.T.);
#7785 = LINE('',#7786,#7787);
#7786 = CARTESIAN_POINT('',(-13.,2.733348936002,4.));
#7787 = VECTOR('',#7788,1.);
#7788 = DIRECTION('',(0.,0.,1.));
#7789 = ORIENTED_EDGE('',*,*,#5946,.T.);
#7790 = ORIENTED_EDGE('',*,*,#5751,.T.);
#7791 = ORIENTED_EDGE('',*,*,#7792,.T.);
#7792 = EDGE_CURVE('',#5754,#5355,#7793,.T.);
#7793 = LINE('',#7794,#7795);
#7794 = CARTESIAN_POINT('',(-13.,-8.,13.139411293381));
#7795 = VECTOR('',#7796,1.);
#7796 = DIRECTION('',(0.,-1.,0.));
#7797 = PLANE('',#7798);
#7798 = AXIS2_PLACEMENT_3D('',#7799,#7800,#7801);
#7799 = CARTESIAN_POINT('',(-13.,-8.,8.));
#7800 = DIRECTION('',(1.,0.,0.));
#7801 = DIRECTION('',(0.,0.,1.));
#7802 = ADVANCED_FACE('',(#7803),#7814,.F.);
#7803 = FACE_BOUND('',#7804,.F.);
#7804 = EDGE_LOOP('',(#7805,#7806,#7812,#7813));
#7805 = ORIENTED_EDGE('',*,*,#5362,.F.);
#7806 = ORIENTED_EDGE('',*,*,#7807,.T.);
#7807 = EDGE_CURVE('',#5363,#5809,#7808,.T.);
#7808 = LINE('',#7809,#7810);
#7809 = CARTESIAN_POINT('',(-7.993605777301E-15,-8.,35.076911293381));
#7810 = VECTOR('',#7811,1.);
#7811 = DIRECTION('',(0.,1.,0.));
#7812 = ORIENTED_EDGE('',*,*,#5816,.T.);
#7813 = ORIENTED_EDGE('',*,*,#7792,.T.);
#7814 = PLANE('',#7815);
#7815 = AXIS2_PLACEMENT_3D('',#7816,#7817,#7818);
#7816 = CARTESIAN_POINT('',(17.720583067268,-8.,64.980395219397));
#7817 = DIRECTION('',(-0.860291533634,0.,0.509802390302));
#7818 = DIRECTION('',(-0.509802390302,0.,-0.860291533634));
#7819 = ADVANCED_FACE('',(#7820),#7831,.F.);
#7820 = FACE_BOUND('',#7821,.F.);
#7821 = EDGE_LOOP('',(#7822,#7823,#7829,#7830));
#7822 = ORIENTED_EDGE('',*,*,#5370,.F.);
#7823 = ORIENTED_EDGE('',*,*,#7824,.F.);
#7824 = EDGE_CURVE('',#5801,#5371,#7825,.T.);
#7825 = LINE('',#7826,#7827);
#7826 = CARTESIAN_POINT('',(13.,-8.,13.139411293381));
#7827 = VECTOR('',#7828,1.);
#7828 = DIRECTION('',(0.,-1.,0.));
#7829 = ORIENTED_EDGE('',*,*,#5808,.T.);
#7830 = ORIENTED_EDGE('',*,*,#7807,.F.);
#7831 = PLANE('',#7832);
#7832 = AXIS2_PLACEMENT_3D('',#7833,#7834,#7835);
#7833 = CARTESIAN_POINT('',(14.279416932732,-8.,10.980395219397));
#7834 = DIRECTION('',(0.860291533634,0.,0.509802390302));
#7835 = DIRECTION('',(-0.509802390302,0.,0.860291533634));
#7836 = ADVANCED_FACE('',(#7837),#7857,.F.);
#7837 = FACE_BOUND('',#7838,.F.);
#7838 = EDGE_LOOP('',(#7839,#7840,#7841,#7847,#7848,#7854,#7855,#7856));
#7839 = ORIENTED_EDGE('',*,*,#5378,.F.);
#7840 = ORIENTED_EDGE('',*,*,#7483,.T.);
#7841 = ORIENTED_EDGE('',*,*,#7842,.F.);
#7842 = EDGE_CURVE('',#6210,#7474,#7843,.T.);
#7843 = LINE('',#7844,#7845);
#7844 = CARTESIAN_POINT('',(13.,-3.108348936002,4.));
#7845 = VECTOR('',#7846,1.);
#7846 = DIRECTION('',(0.,0.,-1.));
#7847 = ORIENTED_EDGE('',*,*,#6217,.T.);
#7848 = ORIENTED_EDGE('',*,*,#7849,.F.);
#7849 = EDGE_CURVE('',#7597,#6218,#7850,.T.);
#7850 = LINE('',#7851,#7852);
#7851 = CARTESIAN_POINT('',(13.,2.733348936002,4.));
#7852 = VECTOR('',#7853,1.);
#7853 = DIRECTION('',(0.,0.,1.));
#7854 = ORIENTED_EDGE('',*,*,#7596,.T.);
#7855 = ORIENTED_EDGE('',*,*,#5800,.T.);
#7856 = ORIENTED_EDGE('',*,*,#7824,.T.);
#7857 = PLANE('',#7858);
#7858 = AXIS2_PLACEMENT_3D('',#7859,#7860,#7861);
#7859 = CARTESIAN_POINT('',(13.,-8.,8.));
#7860 = DIRECTION('',(1.,0.,0.));
#7861 = DIRECTION('',(0.,0.,1.));
#7862 = ADVANCED_FACE('',(#7863),#7879,.T.);
#7863 = FACE_BOUND('',#7864,.T.);
#7864 = EDGE_LOOP('',(#7865,#7866,#7872,#7873));
#7865 = ORIENTED_EDGE('',*,*,#5430,.F.);
#7866 = ORIENTED_EDGE('',*,*,#7867,.T.);
#7867 = EDGE_CURVE('',#5431,#5825,#7868,.T.);
#7868 = LINE('',#7869,#7870);
#7869 = CARTESIAN_POINT('',(-13.,-8.,20.985588706619));
#7870 = VECTOR('',#7871,1.);
#7871 = DIRECTION('',(0.,1.,0.));
#7872 = ORIENTED_EDGE('',*,*,#5824,.T.);
#7873 = ORIENTED_EDGE('',*,*,#7874,.T.);
#7874 = EDGE_CURVE('',#5827,#5433,#7875,.T.);
#7875 = LINE('',#7876,#7877);
#7876 = CARTESIAN_POINT('',(-13.,-8.,57.014411293381));
#7877 = VECTOR('',#7878,1.);
#7878 = DIRECTION('',(0.,-1.,0.));
#7879 = PLANE('',#7880);
#7880 = AXIS2_PLACEMENT_3D('',#7881,#7882,#7883);
#7881 = CARTESIAN_POINT('',(-13.,-8.,8.));
#7882 = DIRECTION('',(1.,0.,0.));
#7883 = DIRECTION('',(0.,0.,1.));
#7884 = ADVANCED_FACE('',(#7885),#7896,.F.);
#7885 = FACE_BOUND('',#7886,.F.);
#7886 = EDGE_LOOP('',(#7887,#7888,#7894,#7895));
#7887 = ORIENTED_EDGE('',*,*,#5440,.F.);
#7888 = ORIENTED_EDGE('',*,*,#7889,.F.);
#7889 = EDGE_CURVE('',#5835,#5441,#7890,.T.);
#7890 = LINE('',#7891,#7892);
#7891 = CARTESIAN_POINT('',(-2.324793307626,-8.,39.));
#7892 = VECTOR('',#7893,1.);
#7893 = DIRECTION('',(0.,-1.,0.));
#7894 = ORIENTED_EDGE('',*,*,#5842,.T.);
#7895 = ORIENTED_EDGE('',*,*,#7874,.T.);
#7896 = PLANE('',#7897);
#7897 = AXIS2_PLACEMENT_3D('',#7898,#7899,#7900);
#7898 = CARTESIAN_POINT('',(14.279416932732,-8.,10.980395219397));
#7899 = DIRECTION('',(0.860291533634,0.,0.509802390302));
#7900 = DIRECTION('',(-0.509802390302,0.,0.860291533634));
#7901 = ADVANCED_FACE('',(#7902),#7908,.F.);
#7902 = FACE_BOUND('',#7903,.F.);
#7903 = EDGE_LOOP('',(#7904,#7905,#7906,#7907));
#7904 = ORIENTED_EDGE('',*,*,#5448,.F.);
#7905 = ORIENTED_EDGE('',*,*,#7867,.T.);
#7906 = ORIENTED_EDGE('',*,*,#5834,.T.);
#7907 = ORIENTED_EDGE('',*,*,#7889,.T.);
#7908 = PLANE('',#7909);
#7909 = AXIS2_PLACEMENT_3D('',#7910,#7911,#7912);
#7910 = CARTESIAN_POINT('',(-17.72058306726,-8.,13.019604780603));
#7911 = DIRECTION('',(0.860291533634,0.,-0.509802390302));
#7912 = DIRECTION('',(0.509802390302,0.,0.860291533634));
#7913 = ADVANCED_FACE('',(#7914),#7930,.F.);
#7914 = FACE_BOUND('',#7915,.F.);
#7915 = EDGE_LOOP('',(#7916,#7917,#7923,#7924));
#7916 = ORIENTED_EDGE('',*,*,#5456,.F.);
#7917 = ORIENTED_EDGE('',*,*,#7918,.F.);
#7918 = EDGE_CURVE('',#5851,#5457,#7919,.T.);
#7919 = LINE('',#7920,#7921);
#7920 = CARTESIAN_POINT('',(2.324793307626,-8.,39.));
#7921 = VECTOR('',#7922,1.);
#7922 = DIRECTION('',(0.,-1.,0.));
#7923 = ORIENTED_EDGE('',*,*,#5850,.T.);
#7924 = ORIENTED_EDGE('',*,*,#7925,.F.);
#7925 = EDGE_CURVE('',#5459,#5853,#7926,.T.);
#7926 = LINE('',#7927,#7928);
#7927 = CARTESIAN_POINT('',(13.,-8.,20.985588706619));
#7928 = VECTOR('',#7929,1.);
#7929 = DIRECTION('',(0.,1.,0.));
#7930 = PLANE('',#7931);
#7931 = AXIS2_PLACEMENT_3D('',#7932,#7933,#7934);
#7932 = CARTESIAN_POINT('',(-14.27941693273,-8.,67.019604780603));
#7933 = DIRECTION('',(-0.860291533634,0.,-0.509802390302));
#7934 = DIRECTION('',(0.509802390302,0.,-0.860291533634));
#7935 = ADVANCED_FACE('',(#7936),#7947,.F.);
#7936 = FACE_BOUND('',#7937,.F.);
#7937 = EDGE_LOOP('',(#7938,#7939,#7945,#7946));
#7938 = ORIENTED_EDGE('',*,*,#5466,.F.);
#7939 = ORIENTED_EDGE('',*,*,#7940,.F.);
#7940 = EDGE_CURVE('',#5861,#5467,#7941,.T.);
#7941 = LINE('',#7942,#7943);
#7942 = CARTESIAN_POINT('',(13.,-8.,57.014411293381));
#7943 = VECTOR('',#7944,1.);
#7944 = DIRECTION('',(0.,-1.,0.));
#7945 = ORIENTED_EDGE('',*,*,#5868,.T.);
#7946 = ORIENTED_EDGE('',*,*,#7918,.T.);
#7947 = PLANE('',#7948);
#7948 = AXIS2_PLACEMENT_3D('',#7949,#7950,#7951);
#7949 = CARTESIAN_POINT('',(17.720583067268,-8.,64.980395219397));
#7950 = DIRECTION('',(-0.860291533634,0.,0.509802390302));
#7951 = DIRECTION('',(-0.509802390302,0.,-0.860291533634));
#7952 = ADVANCED_FACE('',(#7953),#7959,.F.);
#7953 = FACE_BOUND('',#7954,.F.);
#7954 = EDGE_LOOP('',(#7955,#7956,#7957,#7958));
#7955 = ORIENTED_EDGE('',*,*,#5474,.F.);
#7956 = ORIENTED_EDGE('',*,*,#7925,.T.);
#7957 = ORIENTED_EDGE('',*,*,#5860,.T.);
#7958 = ORIENTED_EDGE('',*,*,#7940,.T.);
#7959 = PLANE('',#7960);
#7960 = AXIS2_PLACEMENT_3D('',#7961,#7962,#7963);
#7961 = CARTESIAN_POINT('',(13.,-8.,8.));
#7962 = DIRECTION('',(1.,0.,0.));
#7963 = DIRECTION('',(0.,0.,1.));
#7964 = ADVANCED_FACE('',(#7965),#7976,.T.);
#7965 = FACE_BOUND('',#7966,.T.);
#7966 = EDGE_LOOP('',(#7967,#7968,#7969,#7970));
#7967 = ORIENTED_EDGE('',*,*,#5688,.T.);
#7968 = ORIENTED_EDGE('',*,*,#5527,.T.);
#7969 = ORIENTED_EDGE('',*,*,#5488,.F.);
#7970 = ORIENTED_EDGE('',*,*,#7971,.F.);
#7971 = EDGE_CURVE('',#5689,#5489,#7972,.T.);
#7972 = LINE('',#7973,#7974);
#7973 = CARTESIAN_POINT('',(-23.,-13.2,140.));
#7974 = VECTOR('',#7975,1.);
#7975 = DIRECTION('',(0.,0.,-1.));
#7976 = PLANE('',#7977);
#7977 = AXIS2_PLACEMENT_3D('',#7978,#7979,#7980);
#7978 = CARTESIAN_POINT('',(-23.,-13.2,140.));
#7979 = DIRECTION('',(-1.,0.,0.));
#7980 = DIRECTION('',(0.,0.,-1.));
#7981 = ADVANCED_FACE('',(#7982),#8070,.T.);
#7982 = FACE_BOUND('',#7983,.T.);
#7983 = EDGE_LOOP('',(#7984,#7985,#7986,#7987,#8030,#8036,#8037,#8038,
    #8044,#8045,#8046,#8054,#8062,#8068,#8069));
#7984 = ORIENTED_EDGE('',*,*,#7971,.T.);
#7985 = ORIENTED_EDGE('',*,*,#5513,.T.);
#7986 = ORIENTED_EDGE('',*,*,#7132,.T.);
#7987 = ORIENTED_EDGE('',*,*,#7988,.T.);
#7988 = EDGE_CURVE('',#7133,#7989,#7991,.T.);
#7989 = VERTEX_POINT('',#7990);
#7990 = CARTESIAN_POINT('',(-10.,-13.2,72.));
#7991 = B_SPLINE_CURVE_WITH_KNOTS('',7,(#7992,#7993,#7994,#7995,#7996,
    #7997,#7998,#7999,#8000,#8001,#8002,#8003,#8004,#8005,#8006,#8007,
    #8008,#8009,#8010,#8011,#8012,#8013,#8014,#8015,#8016,#8017,#8018,
    #8019,#8020,#8021,#8022,#8023,#8024,#8025,#8026,#8027,#8028,#8029),
  .UNSPECIFIED.,.F.,.F.,(8,6,6,6,6,6,8),(0.,0.194931486321,
    0.429019660073,0.592666818756,0.685792518861,0.928091386316,1.),
  .UNSPECIFIED.);
#7992 = CARTESIAN_POINT('',(-10.,-13.2,68.));
#7993 = CARTESIAN_POINT('',(-10.00447055711,-13.2,68.044705571103));
#7994 = CARTESIAN_POINT('',(-10.00879651494,-13.2,68.092511737402));
#7995 = CARTESIAN_POINT('',(-10.01295987821,-13.2,68.143755983949));
#7996 = CARTESIAN_POINT('',(-10.01693849077,-13.2,68.198808279229));
#7997 = CARTESIAN_POINT('',(-10.02070580355,-13.2,68.25807565344));
#7998 = CARTESIAN_POINT('',(-10.0242316691,-13.2,68.321986519827));
#7999 = CARTESIAN_POINT('',(-10.03138999778,-13.2,68.473776887493));
#8000 = CARTESIAN_POINT('',(-10.03490308872,-13.2,68.563922993429));
#8001 = CARTESIAN_POINT('',(-10.03796422087,-13.2,68.662047060196));
#8002 = CARTESIAN_POINT('',(-10.04051234479,-13.2,68.768714019563));
#8003 = CARTESIAN_POINT('',(-10.04249118548,-13.2,68.884294196652));
#8004 = CARTESIAN_POINT('',(-10.04386611498,-13.2,69.008695365509));
#8005 = CARTESIAN_POINT('',(-10.04516972596,-13.2,69.233847302884));
#8006 = CARTESIAN_POINT('',(-10.04540929496,-13.2,69.330477076991));
#8007 = CARTESIAN_POINT('',(-10.04535035475,-13.2,69.430872528029));
#8008 = CARTESIAN_POINT('',(-10.04499916832,-13.2,69.534740406502));
#8009 = CARTESIAN_POINT('',(-10.04436806637,-13.2,69.641741819081));
#8010 = CARTESIAN_POINT('',(-10.0434735411,-13.2,69.751513910817));
#8011 = CARTESIAN_POINT('',(-10.04168606185,-13.2,69.927527797376));
#8012 = CARTESIAN_POINT('',(-10.04095848075,-13.2,69.992149122726));
#8013 = CARTESIAN_POINT('',(-10.04015497058,-13.2,70.05749381277));
#8014 = CARTESIAN_POINT('',(-10.03927905738,-13.2,70.123502631349));
#8015 = CARTESIAN_POINT('',(-10.03833432184,-13.2,70.190119711422));
#8016 = CARTESIAN_POINT('',(-10.03732430172,-13.2,70.257293449713));
#8017 = CARTESIAN_POINT('',(-10.03346345432,-13.2,70.501080719901));
#8018 = CARTESIAN_POINT('',(-10.03025627886,-13.2,70.680592008152));
#8019 = CARTESIAN_POINT('',(-10.02669025215,-13.2,70.86275984026));
#8020 = CARTESIAN_POINT('',(-10.02281936075,-13.2,71.04695797046));
#8021 = CARTESIAN_POINT('',(-10.01868900939,-13.2,71.232708199702));
#8022 = CARTESIAN_POINT('',(-10.0143351576,-13.2,71.419686742337));
#8023 = CARTESIAN_POINT('',(-10.00843562797,-13.2,71.663516194867));
#8024 = CARTESIAN_POINT('',(-10.00706833566,-13.2,71.719407408743));
#8025 = CARTESIAN_POINT('',(-10.00568466659,-13.2,71.775381509095));
#8026 = CARTESIAN_POINT('',(-10.00428534281,-13.2,71.831432777165));
#8027 = CARTESIAN_POINT('',(-10.00287104212,-13.2,71.887556000856));
#8028 = CARTESIAN_POINT('',(-10.00144239808,-13.2,71.943746474727));
#8029 = CARTESIAN_POINT('',(-10.,-13.2,72.));
#8030 = ORIENTED_EDGE('',*,*,#8031,.T.);
#8031 = EDGE_CURVE('',#7989,#7060,#8032,.T.);
#8032 = LINE('',#8033,#8034);
#8033 = CARTESIAN_POINT('',(-10.,-13.2,87.));
#8034 = VECTOR('',#8035,1.);
#8035 = DIRECTION('',(0.,0.,1.));
#8036 = ORIENTED_EDGE('',*,*,#7059,.F.);
#8037 = ORIENTED_EDGE('',*,*,#5574,.F.);
#8038 = ORIENTED_EDGE('',*,*,#8039,.F.);
#8039 = EDGE_CURVE('',#5648,#5575,#8040,.T.);
#8040 = LINE('',#8041,#8042);
#8041 = CARTESIAN_POINT('',(-22.,-13.2,114.5));
#8042 = VECTOR('',#8043,1.);
#8043 = DIRECTION('',(0.,0.,-1.));
#8044 = ORIENTED_EDGE('',*,*,#5645,.F.);
#8045 = ORIENTED_EDGE('',*,*,#7017,.F.);
#8046 = ORIENTED_EDGE('',*,*,#8047,.T.);
#8047 = EDGE_CURVE('',#7018,#8048,#8050,.T.);
#8048 = VERTEX_POINT('',#8049);
#8049 = CARTESIAN_POINT('',(-10.,-13.2,140.));
#8050 = LINE('',#8051,#8052);
#8051 = CARTESIAN_POINT('',(-10.,-13.2,87.));
#8052 = VECTOR('',#8053,1.);
#8053 = DIRECTION('',(0.,0.,1.));
#8054 = ORIENTED_EDGE('',*,*,#8055,.F.);
#8055 = EDGE_CURVE('',#8056,#8048,#8058,.T.);
#8056 = VERTEX_POINT('',#8057);
#8057 = CARTESIAN_POINT('',(-8.,-13.2,140.));
#8058 = LINE('',#8059,#8060);
#8059 = CARTESIAN_POINT('',(1.059935623458E-16,-13.2,140.));
#8060 = VECTOR('',#8061,1.);
#8061 = DIRECTION('',(-1.,0.,0.));
#8062 = ORIENTED_EDGE('',*,*,#8063,.T.);
#8063 = EDGE_CURVE('',#8056,#6961,#8064,.T.);
#8064 = LINE('',#8065,#8066);
#8065 = CARTESIAN_POINT('',(-8.,-13.2,87.));
#8066 = VECTOR('',#8067,1.);
#8067 = DIRECTION('',(0.,0.,1.));
#8068 = ORIENTED_EDGE('',*,*,#6960,.T.);
#8069 = ORIENTED_EDGE('',*,*,#5696,.T.);
#8070 = PLANE('',#8071);
#8071 = AXIS2_PLACEMENT_3D('',#8072,#8073,#8074);
#8072 = CARTESIAN_POINT('',(2.119871246916E-16,-13.2,106.));
#8073 = DIRECTION('',(-0.,-1.,-0.));
#8074 = DIRECTION('',(0.,0.,-1.));
#8075 = ADVANCED_FACE('',(#8076),#8082,.F.);
#8076 = FACE_BOUND('',#8077,.F.);
#8077 = EDGE_LOOP('',(#8078,#8079,#8080,#8081));
#8078 = ORIENTED_EDGE('',*,*,#8039,.F.);
#8079 = ORIENTED_EDGE('',*,*,#5664,.T.);
#8080 = ORIENTED_EDGE('',*,*,#5545,.T.);
#8081 = ORIENTED_EDGE('',*,*,#5584,.F.);
#8082 = PLANE('',#8083);
#8083 = AXIS2_PLACEMENT_3D('',#8084,#8085,#8086);
#8084 = CARTESIAN_POINT('',(-22.,-13.5,123.));
#8085 = DIRECTION('',(-1.,0.,0.));
#8086 = DIRECTION('',(0.,0.,-1.));
#8087 = ADVANCED_FACE('',(#8088),#8093,.T.);
#8088 = FACE_BOUND('',#8089,.T.);
#8089 = EDGE_LOOP('',(#8090,#8091,#8092));
#8090 = ORIENTED_EDGE('',*,*,#6697,.F.);
#8091 = ORIENTED_EDGE('',*,*,#5719,.T.);
#8092 = ORIENTED_EDGE('',*,*,#6945,.T.);
#8093 = PLANE('',#8094);
#8094 = AXIS2_PLACEMENT_3D('',#8095,#8096,#8097);
#8095 = CARTESIAN_POINT('',(-19.,-21.,189.));
#8096 = DIRECTION('',(0.,-0.959017708059,-0.283346141017));
#8097 = DIRECTION('',(1.,0.,0.));
#8098 = ADVANCED_FACE('',(#8099),#8115,.T.);
#8099 = FACE_BOUND('',#8100,.T.);
#8100 = EDGE_LOOP('',(#8101,#8102,#8109));
#8101 = ORIENTED_EDGE('',*,*,#5876,.F.);
#8102 = ORIENTED_EDGE('',*,*,#8103,.T.);
#8103 = EDGE_CURVE('',#5877,#8104,#8106,.T.);
#8104 = VERTEX_POINT('',#8105);
#8105 = CARTESIAN_POINT('',(14.438262381114,4.075397005498,
    144.75060990489));
#8106 = B_SPLINE_CURVE_WITH_KNOTS('',1,(#8107,#8108),.UNSPECIFIED.,.F.,
  .F.,(2,2),(0.,1.),.PIECEWISE_BEZIER_KNOTS.);
#8107 = CARTESIAN_POINT('',(14.438262381114,-7.924602994502,
    144.75060990489));
#8108 = CARTESIAN_POINT('',(14.438262381114,4.075397005498,
    144.75060990489));
#8109 = ORIENTED_EDGE('',*,*,#8110,.F.);
#8110 = EDGE_CURVE('',#5879,#8104,#8111,.T.);
#8111 = LINE('',#8112,#8113);
#8112 = CARTESIAN_POINT('',(17.561737618886,3.319951831711,
    147.2493900951));
#8113 = VECTOR('',#8114,1.);
#8114 = DIRECTION('',(-0.76730437389,0.185580592755,-0.613843499112));
#8115 = B_SPLINE_SURFACE_WITH_KNOTS('',1,1,(
    (#8116,#8117)
    ,(#8118,#8119
    )),.UNSPECIFIED.,.F.,.F.,.F.,(2,2),(2,2),(0.,4.0707121503),(0.,1.),
  .PIECEWISE_BEZIER_KNOTS.);
#8116 = CARTESIAN_POINT('',(17.561737618886,-8.680048168289,
    147.2493900951));
#8117 = CARTESIAN_POINT('',(17.561737618886,3.319951831711,
    147.2493900951));
#8118 = CARTESIAN_POINT('',(14.438262381114,-7.924602994502,
    144.75060990489));
#8119 = CARTESIAN_POINT('',(14.438262381114,4.075397005498,
    144.75060990489));
#8120 = ADVANCED_FACE('',(#8121),#8131,.T.);
#8121 = FACE_BOUND('',#8122,.T.);
#8122 = EDGE_LOOP('',(#8123,#8124,#8130));
#8123 = ORIENTED_EDGE('',*,*,#8110,.T.);
#8124 = ORIENTED_EDGE('',*,*,#8125,.T.);
#8125 = EDGE_CURVE('',#8104,#5886,#8126,.T.);
#8126 = LINE('',#8127,#8128);
#8127 = CARTESIAN_POINT('',(14.438262381114,4.075397005498,
    144.75060990489));
#8128 = VECTOR('',#8129,1.);
#8129 = DIRECTION('',(-0.607982649232,-0.229760884884,0.75997831154));
#8130 = ORIENTED_EDGE('',*,*,#5885,.F.);
#8131 = PLANE('',#8132);
#8132 = AXIS2_PLACEMENT_3D('',#8133,#8134,#8135);
#8133 = CARTESIAN_POINT('',(14.438262381114,4.075397005498,
    144.75060990489));
#8134 = DIRECTION('',(1.397749910897E-16,0.957211427299,0.289389501276)
  );
#8135 = DIRECTION('',(-0.545220349058,-0.242593127106,0.80242342043));
#8136 = ADVANCED_FACE('',(#8137),#8142,.T.);
#8137 = FACE_BOUND('',#8138,.T.);
#8138 = EDGE_LOOP('',(#8139,#8140,#8141));
#8139 = ORIENTED_EDGE('',*,*,#8103,.F.);
#8140 = ORIENTED_EDGE('',*,*,#5893,.F.);
#8141 = ORIENTED_EDGE('',*,*,#8125,.F.);
#8142 = B_SPLINE_SURFACE_WITH_KNOTS('',1,1,(
    (#8143,#8144)
    ,(#8145,#8146
    )),.UNSPECIFIED.,.F.,.F.,.F.,(2,2),(2,2),(0.,52.633080961176),(0.,1.
    ),.PIECEWISE_BEZIER_KNOTS.);
#8143 = CARTESIAN_POINT('',(14.438262381114,-7.924602994502,
    144.75060990489));
#8144 = CARTESIAN_POINT('',(14.438262381114,4.075397005498,
    144.75060990489));
#8145 = CARTESIAN_POINT('',(-17.56173761888,-20.01762625031,
    184.75060990489));
#8146 = CARTESIAN_POINT('',(-17.56173761888,-8.017626250316,
    184.75060990489));
#8147 = ADVANCED_FACE('',(#8148),#8164,.T.);
#8148 = FACE_BOUND('',#8149,.T.);
#8149 = EDGE_LOOP('',(#8150,#8151,#8158));
#8150 = ORIENTED_EDGE('',*,*,#5903,.F.);
#8151 = ORIENTED_EDGE('',*,*,#8152,.T.);
#8152 = EDGE_CURVE('',#5904,#8153,#8155,.T.);
#8153 = VERTEX_POINT('',#8154);
#8154 = CARTESIAN_POINT('',(-14.43826238111,4.075397005498,
    144.75060990489));
#8155 = B_SPLINE_CURVE_WITH_KNOTS('',1,(#8156,#8157),.UNSPECIFIED.,.F.,
  .F.,(2,2),(0.,1.),.PIECEWISE_BEZIER_KNOTS.);
#8156 = CARTESIAN_POINT('',(-14.43826238111,-7.924602994502,
    144.75060990489));
#8157 = CARTESIAN_POINT('',(-14.43826238111,4.075397005498,
    144.75060990489));
#8158 = ORIENTED_EDGE('',*,*,#8159,.F.);
#8159 = EDGE_CURVE('',#5906,#8153,#8160,.T.);
#8160 = LINE('',#8161,#8162);
#8161 = CARTESIAN_POINT('',(17.561737618886,-8.017626250316,
    184.75060990489));
#8162 = VECTOR('',#8163,1.);
#8163 = DIRECTION('',(-0.607982649232,0.229760884884,-0.75997831154));
#8164 = B_SPLINE_SURFACE_WITH_KNOTS('',1,1,(
    (#8165,#8166)
    ,(#8167,#8168
    )),.UNSPECIFIED.,.F.,.F.,.F.,(2,2),(2,2),(0.,52.633080961176),(0.,1.
    ),.PIECEWISE_BEZIER_KNOTS.);
#8165 = CARTESIAN_POINT('',(17.561737618886,-20.01762625031,
    184.75060990489));
#8166 = CARTESIAN_POINT('',(17.561737618886,-8.017626250316,
    184.75060990489));
#8167 = CARTESIAN_POINT('',(-14.43826238111,-7.924602994502,
    144.75060990489));
#8168 = CARTESIAN_POINT('',(-14.43826238111,4.075397005498,
    144.75060990489));
#8169 = ADVANCED_FACE('',(#8170),#8180,.T.);
#8170 = FACE_BOUND('',#8171,.T.);
#8171 = EDGE_LOOP('',(#8172,#8178,#8179));
#8172 = ORIENTED_EDGE('',*,*,#8173,.T.);
#8173 = EDGE_CURVE('',#8153,#5916,#8174,.T.);
#8174 = LINE('',#8175,#8176);
#8175 = CARTESIAN_POINT('',(-14.43826238111,4.075397005498,
    144.75060990489));
#8176 = VECTOR('',#8177,1.);
#8177 = DIRECTION('',(-0.76730437389,-0.185580592755,0.613843499112));
#8178 = ORIENTED_EDGE('',*,*,#5915,.F.);
#8179 = ORIENTED_EDGE('',*,*,#8159,.T.);
#8180 = PLANE('',#8181);
#8181 = AXIS2_PLACEMENT_3D('',#8182,#8183,#8184);
#8182 = CARTESIAN_POINT('',(-17.56173761888,3.319951831711,
    147.2493900951));
#8183 = DIRECTION('',(-1.666850475097E-16,0.957211427299,0.289389501276)
  );
#8184 = DIRECTION('',(0.607982649232,-0.229760884884,0.75997831154));
#8185 = ADVANCED_FACE('',(#8186),#8191,.T.);
#8186 = FACE_BOUND('',#8187,.T.);
#8187 = EDGE_LOOP('',(#8188,#8189,#8190));
#8188 = ORIENTED_EDGE('',*,*,#8152,.F.);
#8189 = ORIENTED_EDGE('',*,*,#5923,.F.);
#8190 = ORIENTED_EDGE('',*,*,#8173,.F.);
#8191 = B_SPLINE_SURFACE_WITH_KNOTS('',1,1,(
    (#8192,#8193)
    ,(#8194,#8195
    )),.UNSPECIFIED.,.F.,.F.,.F.,(2,2),(2,2),(0.,4.0707121503),(0.,1.),
  .PIECEWISE_BEZIER_KNOTS.);
#8192 = CARTESIAN_POINT('',(-14.43826238111,-7.924602994502,
    144.75060990489));
#8193 = CARTESIAN_POINT('',(-14.43826238111,4.075397005498,
    144.75060990489));
#8194 = CARTESIAN_POINT('',(-17.56173761888,-8.680048168289,
    147.2493900951));
#8195 = CARTESIAN_POINT('',(-17.56173761888,3.319951831711,
    147.2493900951));
#8196 = ADVANCED_FACE('',(#8197),#8217,.T.);
#8197 = FACE_BOUND('',#8198,.T.);
#8198 = EDGE_LOOP('',(#8199,#8207,#8208,#8209,#8210,#8211));
#8199 = ORIENTED_EDGE('',*,*,#8200,.F.);
#8200 = EDGE_CURVE('',#5987,#8201,#8203,.T.);
#8201 = VERTEX_POINT('',#8202);
#8202 = CARTESIAN_POINT('',(-4.834508583728,7.666666666667,0.));
#8203 = LINE('',#8204,#8205);
#8204 = CARTESIAN_POINT('',(-17.29278909981,0.139788854864,0.));
#8205 = VECTOR('',#8206,1.);
#8206 = DIRECTION('',(0.855915541946,0.517115639926,0.));
#8207 = ORIENTED_EDGE('',*,*,#5986,.T.);
#8208 = ORIENTED_EDGE('',*,*,#5936,.F.);
#8209 = ORIENTED_EDGE('',*,*,#7784,.T.);
#8210 = ORIENTED_EDGE('',*,*,#6185,.T.);
#8211 = ORIENTED_EDGE('',*,*,#8212,.F.);
#8212 = EDGE_CURVE('',#8201,#6178,#8213,.T.);
#8213 = LINE('',#8214,#8215);
#8214 = CARTESIAN_POINT('',(-4.834508583728,7.666666666667,0.));
#8215 = VECTOR('',#8216,1.);
#8216 = DIRECTION('',(0.,0.,1.));
#8217 = PLANE('',#8218);
#8218 = AXIS2_PLACEMENT_3D('',#8219,#8220,#8221);
#8219 = CARTESIAN_POINT('',(-17.29278909981,0.139788854864,0.));
#8220 = DIRECTION('',(-0.517115639926,0.855915541946,0.));
#8221 = DIRECTION('',(0.855915541946,0.517115639926,0.));
#8222 = ADVANCED_FACE('',(#8223),#8241,.F.);
#8223 = FACE_BOUND('',#8224,.F.);
#8224 = EDGE_LOOP('',(#8225,#8233,#8234,#8235));
#8225 = ORIENTED_EDGE('',*,*,#8226,.F.);
#8226 = EDGE_CURVE('',#5971,#8227,#8229,.T.);
#8227 = VERTEX_POINT('',#8228);
#8228 = CARTESIAN_POINT('',(-7.868991342348,9.5,0.));
#8229 = LINE('',#8230,#8231);
#8230 = CARTESIAN_POINT('',(-56.,9.5,0.));
#8231 = VECTOR('',#8232,1.);
#8232 = DIRECTION('',(1.,0.,0.));
#8233 = ORIENTED_EDGE('',*,*,#5968,.F.);
#8234 = ORIENTED_EDGE('',*,*,#6169,.T.);
#8235 = ORIENTED_EDGE('',*,*,#8236,.F.);
#8236 = EDGE_CURVE('',#8227,#6170,#8237,.T.);
#8237 = LINE('',#8238,#8239);
#8238 = CARTESIAN_POINT('',(-7.868991342348,9.5,0.));
#8239 = VECTOR('',#8240,1.);
#8240 = DIRECTION('',(0.,0.,1.));
#8241 = PLANE('',#8242);
#8242 = AXIS2_PLACEMENT_3D('',#8243,#8244,#8245);
#8243 = CARTESIAN_POINT('',(-56.,9.5,0.));
#8244 = DIRECTION('',(0.,1.,0.));
#8245 = DIRECTION('',(1.,0.,0.));
#8246 = ADVANCED_FACE('',(#8247,#8775,#8800),#8811,.T.);
#8247 = FACE_BOUND('',#8248,.T.);
#8248 = EDGE_LOOP('',(#8249,#8257,#8265,#8273,#8281,#8289,#8298,#8306,
    #8314,#8323,#8331,#8340,#8349,#8357,#8365,#8374,#8383,#8391,#8400,
    #8408,#8417,#8425,#8434,#8442,#8451,#8459,#8467,#8476,#8484,#8493,
    #8502,#8510,#8518,#8527,#8536,#8544,#8553,#8561,#8570,#8578,#8587,
    #8595,#8604,#8612,#8620,#8629,#8637,#8646,#8655,#8663,#8671,#8680,
    #8689,#8697,#8705,#8713,#8721,#8727,#8728,#8736,#8744,#8752,#8760,
    #8768,#8774));
#8249 = ORIENTED_EDGE('',*,*,#8250,.F.);
#8250 = EDGE_CURVE('',#8251,#6602,#8253,.T.);
#8251 = VERTEX_POINT('',#8252);
#8252 = CARTESIAN_POINT('',(-56.,9.5,0.));
#8253 = LINE('',#8254,#8255);
#8254 = CARTESIAN_POINT('',(-56.,9.5,0.));
#8255 = VECTOR('',#8256,1.);
#8256 = DIRECTION('',(1.,0.,0.));
#8257 = ORIENTED_EDGE('',*,*,#8258,.F.);
#8258 = EDGE_CURVE('',#8259,#8251,#8261,.T.);
#8259 = VERTEX_POINT('',#8260);
#8260 = CARTESIAN_POINT('',(-58.,11.5,0.));
#8261 = LINE('',#8262,#8263);
#8262 = CARTESIAN_POINT('',(-58.,11.5,0.));
#8263 = VECTOR('',#8264,1.);
#8264 = DIRECTION('',(0.707106781187,-0.707106781187,0.));
#8265 = ORIENTED_EDGE('',*,*,#8266,.F.);
#8266 = EDGE_CURVE('',#8267,#8259,#8269,.T.);
#8267 = VERTEX_POINT('',#8268);
#8268 = CARTESIAN_POINT('',(-58.,13.5,0.));
#8269 = LINE('',#8270,#8271);
#8270 = CARTESIAN_POINT('',(-58.,13.5,0.));
#8271 = VECTOR('',#8272,1.);
#8272 = DIRECTION('',(0.,-1.,0.));
#8273 = ORIENTED_EDGE('',*,*,#8274,.F.);
#8274 = EDGE_CURVE('',#8275,#8267,#8277,.T.);
#8275 = VERTEX_POINT('',#8276);
#8276 = CARTESIAN_POINT('',(-56.,15.5,0.));
#8277 = LINE('',#8278,#8279);
#8278 = CARTESIAN_POINT('',(-56.,15.5,0.));
#8279 = VECTOR('',#8280,1.);
#8280 = DIRECTION('',(-0.707106781187,-0.707106781187,0.));
#8281 = ORIENTED_EDGE('',*,*,#8282,.F.);
#8282 = EDGE_CURVE('',#8283,#8275,#8285,.T.);
#8283 = VERTEX_POINT('',#8284);
#8284 = CARTESIAN_POINT('',(-45.52743159161,15.5,0.));
#8285 = LINE('',#8286,#8287);
#8286 = CARTESIAN_POINT('',(56.,15.5,0.));
#8287 = VECTOR('',#8288,1.);
#8288 = DIRECTION('',(-1.,0.,0.));
#8289 = ORIENTED_EDGE('',*,*,#8290,.F.);
#8290 = EDGE_CURVE('',#8291,#8283,#8293,.T.);
#8291 = VERTEX_POINT('',#8292);
#8292 = CARTESIAN_POINT('',(-43.84740172064,20.,0.));
#8293 = CIRCLE('',#8294,5.55);
#8294 = AXIS2_PLACEMENT_3D('',#8295,#8296,#8297);
#8295 = CARTESIAN_POINT('',(-40.,16.,0.));
#8296 = DIRECTION('',(0.,0.,1.));
#8297 = DIRECTION('',(1.,0.,0.));
#8298 = ORIENTED_EDGE('',*,*,#8299,.T.);
#8299 = EDGE_CURVE('',#8291,#8300,#8302,.T.);
#8300 = VERTEX_POINT('',#8301);
#8301 = CARTESIAN_POINT('',(-42.1775,20.,0.));
#8302 = LINE('',#8303,#8304);
#8303 = CARTESIAN_POINT('',(-99.98936252058,20.,0.));
#8304 = VECTOR('',#8305,1.);
#8305 = DIRECTION('',(1.,0.,0.));
#8306 = ORIENTED_EDGE('',*,*,#8307,.F.);
#8307 = EDGE_CURVE('',#8308,#8300,#8310,.T.);
#8308 = VERTEX_POINT('',#8309);
#8309 = CARTESIAN_POINT('',(-42.1775,18.27617963922,0.));
#8310 = LINE('',#8311,#8312);
#8311 = CARTESIAN_POINT('',(-42.1775,16.,0.));
#8312 = VECTOR('',#8313,1.);
#8313 = DIRECTION('',(0.,1.,0.));
#8314 = ORIENTED_EDGE('',*,*,#8315,.T.);
#8315 = EDGE_CURVE('',#8308,#8316,#8318,.T.);
#8316 = VERTEX_POINT('',#8317);
#8317 = CARTESIAN_POINT('',(-43.11006430801,15.5,0.));
#8318 = CIRCLE('',#8319,3.15);
#8319 = AXIS2_PLACEMENT_3D('',#8320,#8321,#8322);
#8320 = CARTESIAN_POINT('',(-40.,16.,0.));
#8321 = DIRECTION('',(0.,0.,1.));
#8322 = DIRECTION('',(1.,0.,0.));
#8323 = ORIENTED_EDGE('',*,*,#8324,.F.);
#8324 = EDGE_CURVE('',#8325,#8316,#8327,.T.);
#8325 = VERTEX_POINT('',#8326);
#8326 = CARTESIAN_POINT('',(-36.88993569198,15.5,0.));
#8327 = LINE('',#8328,#8329);
#8328 = CARTESIAN_POINT('',(56.,15.5,0.));
#8329 = VECTOR('',#8330,1.);
#8330 = DIRECTION('',(-1.,0.,0.));
#8331 = ORIENTED_EDGE('',*,*,#8332,.T.);
#8332 = EDGE_CURVE('',#8325,#8333,#8335,.T.);
#8333 = VERTEX_POINT('',#8334);
#8334 = CARTESIAN_POINT('',(-36.85,16.,0.));
#8335 = CIRCLE('',#8336,3.15);
#8336 = AXIS2_PLACEMENT_3D('',#8337,#8338,#8339);
#8337 = CARTESIAN_POINT('',(-40.,16.,0.));
#8338 = DIRECTION('',(0.,0.,1.));
#8339 = DIRECTION('',(1.,0.,0.));
#8340 = ORIENTED_EDGE('',*,*,#8341,.T.);
#8341 = EDGE_CURVE('',#8333,#8342,#8344,.T.);
#8342 = VERTEX_POINT('',#8343);
#8343 = CARTESIAN_POINT('',(-37.8225,18.27617963922,0.));
#8344 = CIRCLE('',#8345,3.15);
#8345 = AXIS2_PLACEMENT_3D('',#8346,#8347,#8348);
#8346 = CARTESIAN_POINT('',(-40.,16.,0.));
#8347 = DIRECTION('',(0.,0.,1.));
#8348 = DIRECTION('',(1.,0.,0.));
#8349 = ORIENTED_EDGE('',*,*,#8350,.T.);
#8350 = EDGE_CURVE('',#8342,#8351,#8353,.T.);
#8351 = VERTEX_POINT('',#8352);
#8352 = CARTESIAN_POINT('',(-37.8225,20.,0.));
#8353 = LINE('',#8354,#8355);
#8354 = CARTESIAN_POINT('',(-37.8225,16.,0.));
#8355 = VECTOR('',#8356,1.);
#8356 = DIRECTION('',(0.,1.,0.));
#8357 = ORIENTED_EDGE('',*,*,#8358,.T.);
#8358 = EDGE_CURVE('',#8351,#8359,#8361,.T.);
#8359 = VERTEX_POINT('',#8360);
#8360 = CARTESIAN_POINT('',(-36.15259827935,20.,0.));
#8361 = LINE('',#8362,#8363);
#8362 = CARTESIAN_POINT('',(-99.98936252058,20.,0.));
#8363 = VECTOR('',#8364,1.);
#8364 = DIRECTION('',(1.,0.,0.));
#8365 = ORIENTED_EDGE('',*,*,#8366,.F.);
#8366 = EDGE_CURVE('',#8367,#8359,#8369,.T.);
#8367 = VERTEX_POINT('',#8368);
#8368 = CARTESIAN_POINT('',(-34.45,16.,0.));
#8369 = CIRCLE('',#8370,5.55);
#8370 = AXIS2_PLACEMENT_3D('',#8371,#8372,#8373);
#8371 = CARTESIAN_POINT('',(-40.,16.,0.));
#8372 = DIRECTION('',(0.,0.,1.));
#8373 = DIRECTION('',(1.,0.,0.));
#8374 = ORIENTED_EDGE('',*,*,#8375,.F.);
#8375 = EDGE_CURVE('',#8376,#8367,#8378,.T.);
#8376 = VERTEX_POINT('',#8377);
#8377 = CARTESIAN_POINT('',(-34.47256840838,15.5,0.));
#8378 = CIRCLE('',#8379,5.55);
#8379 = AXIS2_PLACEMENT_3D('',#8380,#8381,#8382);
#8380 = CARTESIAN_POINT('',(-40.,16.,0.));
#8381 = DIRECTION('',(0.,0.,1.));
#8382 = DIRECTION('',(1.,0.,0.));
#8383 = ORIENTED_EDGE('',*,*,#8384,.F.);
#8384 = EDGE_CURVE('',#8385,#8376,#8387,.T.);
#8385 = VERTEX_POINT('',#8386);
#8386 = CARTESIAN_POINT('',(-23.24846117415,15.5,0.));
#8387 = LINE('',#8388,#8389);
#8388 = CARTESIAN_POINT('',(56.,15.5,0.));
#8389 = VECTOR('',#8390,1.);
#8390 = DIRECTION('',(-1.,0.,0.));
#8391 = ORIENTED_EDGE('',*,*,#8392,.F.);
#8392 = EDGE_CURVE('',#8393,#8385,#8395,.T.);
#8393 = VERTEX_POINT('',#8394);
#8394 = CARTESIAN_POINT('',(-25.55,20.,0.));
#8395 = CIRCLE('',#8396,5.55);
#8396 = AXIS2_PLACEMENT_3D('',#8397,#8398,#8399);
#8397 = CARTESIAN_POINT('',(-20.,20.,0.));
#8398 = DIRECTION('',(0.,0.,1.));
#8399 = DIRECTION('',(1.,0.,0.));
#8400 = ORIENTED_EDGE('',*,*,#8401,.T.);
#8401 = EDGE_CURVE('',#8393,#8402,#8404,.T.);
#8402 = VERTEX_POINT('',#8403);
#8403 = CARTESIAN_POINT('',(-23.15,20.,0.));
#8404 = LINE('',#8405,#8406);
#8405 = CARTESIAN_POINT('',(-99.98936252058,20.,0.));
#8406 = VECTOR('',#8407,1.);
#8407 = DIRECTION('',(1.,0.,0.));
#8408 = ORIENTED_EDGE('',*,*,#8409,.T.);
#8409 = EDGE_CURVE('',#8402,#8410,#8412,.T.);
#8410 = VERTEX_POINT('',#8411);
#8411 = CARTESIAN_POINT('',(-16.85,20.,0.));
#8412 = CIRCLE('',#8413,3.15);
#8413 = AXIS2_PLACEMENT_3D('',#8414,#8415,#8416);
#8414 = CARTESIAN_POINT('',(-20.,20.,0.));
#8415 = DIRECTION('',(0.,0.,1.));
#8416 = DIRECTION('',(1.,0.,0.));
#8417 = ORIENTED_EDGE('',*,*,#8418,.T.);
#8418 = EDGE_CURVE('',#8410,#8419,#8421,.T.);
#8419 = VERTEX_POINT('',#8420);
#8420 = CARTESIAN_POINT('',(-14.45,20.,0.));
#8421 = LINE('',#8422,#8423);
#8422 = CARTESIAN_POINT('',(-99.98936252058,20.,0.));
#8423 = VECTOR('',#8424,1.);
#8424 = DIRECTION('',(1.,0.,0.));
#8425 = ORIENTED_EDGE('',*,*,#8426,.F.);
#8426 = EDGE_CURVE('',#8427,#8419,#8429,.T.);
#8427 = VERTEX_POINT('',#8428);
#8428 = CARTESIAN_POINT('',(-16.75153882584,15.5,0.));
#8429 = CIRCLE('',#8430,5.55);
#8430 = AXIS2_PLACEMENT_3D('',#8431,#8432,#8433);
#8431 = CARTESIAN_POINT('',(-20.,20.,0.));
#8432 = DIRECTION('',(0.,0.,1.));
#8433 = DIRECTION('',(1.,0.,0.));
#8434 = ORIENTED_EDGE('',*,*,#8435,.F.);
#8435 = EDGE_CURVE('',#8436,#8427,#8438,.T.);
#8436 = VERTEX_POINT('',#8437);
#8437 = CARTESIAN_POINT('',(-5.527431591616,15.5,0.));
#8438 = LINE('',#8439,#8440);
#8439 = CARTESIAN_POINT('',(56.,15.5,0.));
#8440 = VECTOR('',#8441,1.);
#8441 = DIRECTION('',(-1.,0.,0.));
#8442 = ORIENTED_EDGE('',*,*,#8443,.F.);
#8443 = EDGE_CURVE('',#8444,#8436,#8446,.T.);
#8444 = VERTEX_POINT('',#8445);
#8445 = CARTESIAN_POINT('',(-3.847401720642,20.,0.));
#8446 = CIRCLE('',#8447,5.55);
#8447 = AXIS2_PLACEMENT_3D('',#8448,#8449,#8450);
#8448 = CARTESIAN_POINT('',(0.,16.,0.));
#8449 = DIRECTION('',(0.,0.,1.));
#8450 = DIRECTION('',(1.,0.,0.));
#8451 = ORIENTED_EDGE('',*,*,#8452,.T.);
#8452 = EDGE_CURVE('',#8444,#8453,#8455,.T.);
#8453 = VERTEX_POINT('',#8454);
#8454 = CARTESIAN_POINT('',(-2.1775,20.,0.));
#8455 = LINE('',#8456,#8457);
#8456 = CARTESIAN_POINT('',(-99.98936252058,20.,0.));
#8457 = VECTOR('',#8458,1.);
#8458 = DIRECTION('',(1.,0.,0.));
#8459 = ORIENTED_EDGE('',*,*,#8460,.F.);
#8460 = EDGE_CURVE('',#8461,#8453,#8463,.T.);
#8461 = VERTEX_POINT('',#8462);
#8462 = CARTESIAN_POINT('',(-2.1775,18.27617963922,0.));
#8463 = LINE('',#8464,#8465);
#8464 = CARTESIAN_POINT('',(-2.1775,16.,0.));
#8465 = VECTOR('',#8466,1.);
#8466 = DIRECTION('',(0.,1.,0.));
#8467 = ORIENTED_EDGE('',*,*,#8468,.T.);
#8468 = EDGE_CURVE('',#8461,#8469,#8471,.T.);
#8469 = VERTEX_POINT('',#8470);
#8470 = CARTESIAN_POINT('',(-3.110064308017,15.5,0.));
#8471 = CIRCLE('',#8472,3.15);
#8472 = AXIS2_PLACEMENT_3D('',#8473,#8474,#8475);
#8473 = CARTESIAN_POINT('',(0.,16.,0.));
#8474 = DIRECTION('',(0.,0.,1.));
#8475 = DIRECTION('',(1.,0.,0.));
#8476 = ORIENTED_EDGE('',*,*,#8477,.F.);
#8477 = EDGE_CURVE('',#8478,#8469,#8480,.T.);
#8478 = VERTEX_POINT('',#8479);
#8479 = CARTESIAN_POINT('',(3.110064308017,15.5,0.));
#8480 = LINE('',#8481,#8482);
#8481 = CARTESIAN_POINT('',(56.,15.5,0.));
#8482 = VECTOR('',#8483,1.);
#8483 = DIRECTION('',(-1.,0.,0.));
#8484 = ORIENTED_EDGE('',*,*,#8485,.T.);
#8485 = EDGE_CURVE('',#8478,#8486,#8488,.T.);
#8486 = VERTEX_POINT('',#8487);
#8487 = CARTESIAN_POINT('',(3.15,16.,0.));
#8488 = CIRCLE('',#8489,3.15);
#8489 = AXIS2_PLACEMENT_3D('',#8490,#8491,#8492);
#8490 = CARTESIAN_POINT('',(0.,16.,0.));
#8491 = DIRECTION('',(0.,0.,1.));
#8492 = DIRECTION('',(1.,0.,0.));
#8493 = ORIENTED_EDGE('',*,*,#8494,.T.);
#8494 = EDGE_CURVE('',#8486,#8495,#8497,.T.);
#8495 = VERTEX_POINT('',#8496);
#8496 = CARTESIAN_POINT('',(2.1775,18.27617963922,0.));
#8497 = CIRCLE('',#8498,3.15);
#8498 = AXIS2_PLACEMENT_3D('',#8499,#8500,#8501);
#8499 = CARTESIAN_POINT('',(0.,16.,0.));
#8500 = DIRECTION('',(0.,0.,1.));
#8501 = DIRECTION('',(1.,0.,0.));
#8502 = ORIENTED_EDGE('',*,*,#8503,.T.);
#8503 = EDGE_CURVE('',#8495,#8504,#8506,.T.);
#8504 = VERTEX_POINT('',#8505);
#8505 = CARTESIAN_POINT('',(2.1775,20.,0.));
#8506 = LINE('',#8507,#8508);
#8507 = CARTESIAN_POINT('',(2.1775,16.,0.));
#8508 = VECTOR('',#8509,1.);
#8509 = DIRECTION('',(0.,1.,0.));
#8510 = ORIENTED_EDGE('',*,*,#8511,.T.);
#8511 = EDGE_CURVE('',#8504,#8512,#8514,.T.);
#8512 = VERTEX_POINT('',#8513);
#8513 = CARTESIAN_POINT('',(3.847401720642,20.,0.));
#8514 = LINE('',#8515,#8516);
#8515 = CARTESIAN_POINT('',(-99.98936252058,20.,0.));
#8516 = VECTOR('',#8517,1.);
#8517 = DIRECTION('',(1.,0.,0.));
#8518 = ORIENTED_EDGE('',*,*,#8519,.F.);
#8519 = EDGE_CURVE('',#8520,#8512,#8522,.T.);
#8520 = VERTEX_POINT('',#8521);
#8521 = CARTESIAN_POINT('',(5.55,16.,0.));
#8522 = CIRCLE('',#8523,5.55);
#8523 = AXIS2_PLACEMENT_3D('',#8524,#8525,#8526);
#8524 = CARTESIAN_POINT('',(0.,16.,0.));
#8525 = DIRECTION('',(0.,0.,1.));
#8526 = DIRECTION('',(1.,0.,0.));
#8527 = ORIENTED_EDGE('',*,*,#8528,.F.);
#8528 = EDGE_CURVE('',#8529,#8520,#8531,.T.);
#8529 = VERTEX_POINT('',#8530);
#8530 = CARTESIAN_POINT('',(5.527431591617,15.5,0.));
#8531 = CIRCLE('',#8532,5.55);
#8532 = AXIS2_PLACEMENT_3D('',#8533,#8534,#8535);
#8533 = CARTESIAN_POINT('',(0.,16.,0.));
#8534 = DIRECTION('',(0.,0.,1.));
#8535 = DIRECTION('',(1.,0.,0.));
#8536 = ORIENTED_EDGE('',*,*,#8537,.F.);
#8537 = EDGE_CURVE('',#8538,#8529,#8540,.T.);
#8538 = VERTEX_POINT('',#8539);
#8539 = CARTESIAN_POINT('',(16.751538825844,15.5,0.));
#8540 = LINE('',#8541,#8542);
#8541 = CARTESIAN_POINT('',(56.,15.5,0.));
#8542 = VECTOR('',#8543,1.);
#8543 = DIRECTION('',(-1.,0.,0.));
#8544 = ORIENTED_EDGE('',*,*,#8545,.F.);
#8545 = EDGE_CURVE('',#8546,#8538,#8548,.T.);
#8546 = VERTEX_POINT('',#8547);
#8547 = CARTESIAN_POINT('',(14.45,20.,0.));
#8548 = CIRCLE('',#8549,5.55);
#8549 = AXIS2_PLACEMENT_3D('',#8550,#8551,#8552);
#8550 = CARTESIAN_POINT('',(20.,20.,0.));
#8551 = DIRECTION('',(0.,0.,1.));
#8552 = DIRECTION('',(1.,0.,0.));
#8553 = ORIENTED_EDGE('',*,*,#8554,.T.);
#8554 = EDGE_CURVE('',#8546,#8555,#8557,.T.);
#8555 = VERTEX_POINT('',#8556);
#8556 = CARTESIAN_POINT('',(16.85,20.,0.));
#8557 = LINE('',#8558,#8559);
#8558 = CARTESIAN_POINT('',(-99.98936252058,20.,0.));
#8559 = VECTOR('',#8560,1.);
#8560 = DIRECTION('',(1.,0.,0.));
#8561 = ORIENTED_EDGE('',*,*,#8562,.T.);
#8562 = EDGE_CURVE('',#8555,#8563,#8565,.T.);
#8563 = VERTEX_POINT('',#8564);
#8564 = CARTESIAN_POINT('',(23.15,20.,0.));
#8565 = CIRCLE('',#8566,3.15);
#8566 = AXIS2_PLACEMENT_3D('',#8567,#8568,#8569);
#8567 = CARTESIAN_POINT('',(20.,20.,0.));
#8568 = DIRECTION('',(0.,0.,1.));
#8569 = DIRECTION('',(1.,0.,0.));
#8570 = ORIENTED_EDGE('',*,*,#8571,.T.);
#8571 = EDGE_CURVE('',#8563,#8572,#8574,.T.);
#8572 = VERTEX_POINT('',#8573);
#8573 = CARTESIAN_POINT('',(25.55,20.,0.));
#8574 = LINE('',#8575,#8576);
#8575 = CARTESIAN_POINT('',(-99.98936252058,20.,0.));
#8576 = VECTOR('',#8577,1.);
#8577 = DIRECTION('',(1.,0.,0.));
#8578 = ORIENTED_EDGE('',*,*,#8579,.F.);
#8579 = EDGE_CURVE('',#8580,#8572,#8582,.T.);
#8580 = VERTEX_POINT('',#8581);
#8581 = CARTESIAN_POINT('',(23.248461174156,15.5,0.));
#8582 = CIRCLE('',#8583,5.55);
#8583 = AXIS2_PLACEMENT_3D('',#8584,#8585,#8586);
#8584 = CARTESIAN_POINT('',(20.,20.,0.));
#8585 = DIRECTION('',(0.,0.,1.));
#8586 = DIRECTION('',(1.,0.,0.));
#8587 = ORIENTED_EDGE('',*,*,#8588,.F.);
#8588 = EDGE_CURVE('',#8589,#8580,#8591,.T.);
#8589 = VERTEX_POINT('',#8590);
#8590 = CARTESIAN_POINT('',(34.472568408384,15.5,0.));
#8591 = LINE('',#8592,#8593);
#8592 = CARTESIAN_POINT('',(56.,15.5,0.));
#8593 = VECTOR('',#8594,1.);
#8594 = DIRECTION('',(-1.,0.,0.));
#8595 = ORIENTED_EDGE('',*,*,#8596,.F.);
#8596 = EDGE_CURVE('',#8597,#8589,#8599,.T.);
#8597 = VERTEX_POINT('',#8598);
#8598 = CARTESIAN_POINT('',(36.152598279358,20.,0.));
#8599 = CIRCLE('',#8600,5.55);
#8600 = AXIS2_PLACEMENT_3D('',#8601,#8602,#8603);
#8601 = CARTESIAN_POINT('',(40.,16.,0.));
#8602 = DIRECTION('',(0.,0.,1.));
#8603 = DIRECTION('',(1.,0.,0.));
#8604 = ORIENTED_EDGE('',*,*,#8605,.T.);
#8605 = EDGE_CURVE('',#8597,#8606,#8608,.T.);
#8606 = VERTEX_POINT('',#8607);
#8607 = CARTESIAN_POINT('',(37.8225,20.,0.));
#8608 = LINE('',#8609,#8610);
#8609 = CARTESIAN_POINT('',(-99.98936252058,20.,0.));
#8610 = VECTOR('',#8611,1.);
#8611 = DIRECTION('',(1.,0.,0.));
#8612 = ORIENTED_EDGE('',*,*,#8613,.F.);
#8613 = EDGE_CURVE('',#8614,#8606,#8616,.T.);
#8614 = VERTEX_POINT('',#8615);
#8615 = CARTESIAN_POINT('',(37.8225,18.27617963922,0.));
#8616 = LINE('',#8617,#8618);
#8617 = CARTESIAN_POINT('',(37.8225,16.,0.));
#8618 = VECTOR('',#8619,1.);
#8619 = DIRECTION('',(0.,1.,0.));
#8620 = ORIENTED_EDGE('',*,*,#8621,.T.);
#8621 = EDGE_CURVE('',#8614,#8622,#8624,.T.);
#8622 = VERTEX_POINT('',#8623);
#8623 = CARTESIAN_POINT('',(36.889935691983,15.5,0.));
#8624 = CIRCLE('',#8625,3.15);
#8625 = AXIS2_PLACEMENT_3D('',#8626,#8627,#8628);
#8626 = CARTESIAN_POINT('',(40.,16.,0.));
#8627 = DIRECTION('',(0.,0.,1.));
#8628 = DIRECTION('',(1.,0.,0.));
#8629 = ORIENTED_EDGE('',*,*,#8630,.F.);
#8630 = EDGE_CURVE('',#8631,#8622,#8633,.T.);
#8631 = VERTEX_POINT('',#8632);
#8632 = CARTESIAN_POINT('',(43.110064308017,15.5,0.));
#8633 = LINE('',#8634,#8635);
#8634 = CARTESIAN_POINT('',(56.,15.5,0.));
#8635 = VECTOR('',#8636,1.);
#8636 = DIRECTION('',(-1.,0.,0.));
#8637 = ORIENTED_EDGE('',*,*,#8638,.T.);
#8638 = EDGE_CURVE('',#8631,#8639,#8641,.T.);
#8639 = VERTEX_POINT('',#8640);
#8640 = CARTESIAN_POINT('',(43.15,16.,0.));
#8641 = CIRCLE('',#8642,3.15);
#8642 = AXIS2_PLACEMENT_3D('',#8643,#8644,#8645);
#8643 = CARTESIAN_POINT('',(40.,16.,0.));
#8644 = DIRECTION('',(0.,0.,1.));
#8645 = DIRECTION('',(1.,0.,0.));
#8646 = ORIENTED_EDGE('',*,*,#8647,.T.);
#8647 = EDGE_CURVE('',#8639,#8648,#8650,.T.);
#8648 = VERTEX_POINT('',#8649);
#8649 = CARTESIAN_POINT('',(42.1775,18.27617963922,0.));
#8650 = CIRCLE('',#8651,3.15);
#8651 = AXIS2_PLACEMENT_3D('',#8652,#8653,#8654);
#8652 = CARTESIAN_POINT('',(40.,16.,0.));
#8653 = DIRECTION('',(0.,0.,1.));
#8654 = DIRECTION('',(1.,0.,0.));
#8655 = ORIENTED_EDGE('',*,*,#8656,.T.);
#8656 = EDGE_CURVE('',#8648,#8657,#8659,.T.);
#8657 = VERTEX_POINT('',#8658);
#8658 = CARTESIAN_POINT('',(42.1775,20.,0.));
#8659 = LINE('',#8660,#8661);
#8660 = CARTESIAN_POINT('',(42.1775,16.,0.));
#8661 = VECTOR('',#8662,1.);
#8662 = DIRECTION('',(0.,1.,0.));
#8663 = ORIENTED_EDGE('',*,*,#8664,.T.);
#8664 = EDGE_CURVE('',#8657,#8665,#8667,.T.);
#8665 = VERTEX_POINT('',#8666);
#8666 = CARTESIAN_POINT('',(43.847401720642,20.,0.));
#8667 = LINE('',#8668,#8669);
#8668 = CARTESIAN_POINT('',(-99.98936252058,20.,0.));
#8669 = VECTOR('',#8670,1.);
#8670 = DIRECTION('',(1.,0.,0.));
#8671 = ORIENTED_EDGE('',*,*,#8672,.F.);
#8672 = EDGE_CURVE('',#8673,#8665,#8675,.T.);
#8673 = VERTEX_POINT('',#8674);
#8674 = CARTESIAN_POINT('',(45.55,16.,0.));
#8675 = CIRCLE('',#8676,5.55);
#8676 = AXIS2_PLACEMENT_3D('',#8677,#8678,#8679);
#8677 = CARTESIAN_POINT('',(40.,16.,0.));
#8678 = DIRECTION('',(0.,0.,1.));
#8679 = DIRECTION('',(1.,0.,0.));
#8680 = ORIENTED_EDGE('',*,*,#8681,.F.);
#8681 = EDGE_CURVE('',#8682,#8673,#8684,.T.);
#8682 = VERTEX_POINT('',#8683);
#8683 = CARTESIAN_POINT('',(45.527431591617,15.5,0.));
#8684 = CIRCLE('',#8685,5.55);
#8685 = AXIS2_PLACEMENT_3D('',#8686,#8687,#8688);
#8686 = CARTESIAN_POINT('',(40.,16.,0.));
#8687 = DIRECTION('',(0.,0.,1.));
#8688 = DIRECTION('',(1.,0.,0.));
#8689 = ORIENTED_EDGE('',*,*,#8690,.F.);
#8690 = EDGE_CURVE('',#8691,#8682,#8693,.T.);
#8691 = VERTEX_POINT('',#8692);
#8692 = CARTESIAN_POINT('',(56.,15.5,0.));
#8693 = LINE('',#8694,#8695);
#8694 = CARTESIAN_POINT('',(56.,15.5,0.));
#8695 = VECTOR('',#8696,1.);
#8696 = DIRECTION('',(-1.,0.,0.));
#8697 = ORIENTED_EDGE('',*,*,#8698,.F.);
#8698 = EDGE_CURVE('',#8699,#8691,#8701,.T.);
#8699 = VERTEX_POINT('',#8700);
#8700 = CARTESIAN_POINT('',(58.,13.5,0.));
#8701 = LINE('',#8702,#8703);
#8702 = CARTESIAN_POINT('',(58.,13.5,0.));
#8703 = VECTOR('',#8704,1.);
#8704 = DIRECTION('',(-0.707106781187,0.707106781187,0.));
#8705 = ORIENTED_EDGE('',*,*,#8706,.F.);
#8706 = EDGE_CURVE('',#8707,#8699,#8709,.T.);
#8707 = VERTEX_POINT('',#8708);
#8708 = CARTESIAN_POINT('',(58.,11.5,0.));
#8709 = LINE('',#8710,#8711);
#8710 = CARTESIAN_POINT('',(58.,11.5,0.));
#8711 = VECTOR('',#8712,1.);
#8712 = DIRECTION('',(0.,1.,0.));
#8713 = ORIENTED_EDGE('',*,*,#8714,.F.);
#8714 = EDGE_CURVE('',#8715,#8707,#8717,.T.);
#8715 = VERTEX_POINT('',#8716);
#8716 = CARTESIAN_POINT('',(56.,9.5,0.));
#8717 = LINE('',#8718,#8719);
#8718 = CARTESIAN_POINT('',(56.,9.5,0.));
#8719 = VECTOR('',#8720,1.);
#8720 = DIRECTION('',(0.707106781187,0.707106781187,0.));
#8721 = ORIENTED_EDGE('',*,*,#8722,.F.);
#8722 = EDGE_CURVE('',#7522,#8715,#8723,.T.);
#8723 = LINE('',#8724,#8725);
#8724 = CARTESIAN_POINT('',(-56.,9.5,0.));
#8725 = VECTOR('',#8726,1.);
#8726 = DIRECTION('',(1.,0.,0.));
#8727 = ORIENTED_EDGE('',*,*,#7521,.T.);
#8728 = ORIENTED_EDGE('',*,*,#8729,.T.);
#8729 = EDGE_CURVE('',#7524,#8730,#8732,.T.);
#8730 = VERTEX_POINT('',#8731);
#8731 = CARTESIAN_POINT('',(16.,-2.,0.));
#8732 = LINE('',#8733,#8734);
#8733 = CARTESIAN_POINT('',(16.934027108281,-4.318963855043,0.));
#8734 = VECTOR('',#8735,1.);
#8735 = DIRECTION('',(-0.373610843312,0.927585542017,0.));
#8736 = ORIENTED_EDGE('',*,*,#8737,.T.);
#8737 = EDGE_CURVE('',#8730,#8738,#8740,.T.);
#8738 = VERTEX_POINT('',#8739);
#8739 = CARTESIAN_POINT('',(14.707210900186,-4.139788854864,0.));
#8740 = LINE('',#8741,#8742);
#8741 = CARTESIAN_POINT('',(17.292789099814,0.139788854864,0.));
#8742 = VECTOR('',#8743,1.);
#8743 = DIRECTION('',(-0.517115639926,-0.855915541946,0.));
#8744 = ORIENTED_EDGE('',*,*,#8745,.T.);
#8745 = EDGE_CURVE('',#8738,#8746,#8748,.T.);
#8746 = VERTEX_POINT('',#8747);
#8747 = CARTESIAN_POINT('',(8.881784197001E-16,4.745817730665,0.));
#8748 = LINE('',#8749,#8750);
#8749 = CARTESIAN_POINT('',(14.707210900186,-4.139788854864,0.));
#8750 = VECTOR('',#8751,1.);
#8751 = DIRECTION('',(-0.855915541946,0.517115639926,0.));
#8752 = ORIENTED_EDGE('',*,*,#8753,.T.);
#8753 = EDGE_CURVE('',#8746,#8754,#8756,.T.);
#8754 = VERTEX_POINT('',#8755);
#8755 = CARTESIAN_POINT('',(-14.70721090018,-4.139788854864,0.));
#8756 = LINE('',#8757,#8758);
#8757 = CARTESIAN_POINT('',(9.292789099814,10.360211145136,0.));
#8758 = VECTOR('',#8759,1.);
#8759 = DIRECTION('',(-0.855915541946,-0.517115639926,0.));
#8760 = ORIENTED_EDGE('',*,*,#8761,.T.);
#8761 = EDGE_CURVE('',#8754,#8762,#8764,.T.);
#8762 = VERTEX_POINT('',#8763);
#8763 = CARTESIAN_POINT('',(-16.,-2.,0.));
#8764 = LINE('',#8765,#8766);
#8765 = CARTESIAN_POINT('',(-14.70721090018,-4.139788854864,0.));
#8766 = VECTOR('',#8767,1.);
#8767 = DIRECTION('',(-0.517115639926,0.855915541946,0.));
#8768 = ORIENTED_EDGE('',*,*,#8769,.T.);
#8769 = EDGE_CURVE('',#8762,#6600,#8770,.T.);
#8770 = LINE('',#8771,#8772);
#8771 = CARTESIAN_POINT('',(-15.06597289171,0.318963855043,0.));
#8772 = VECTOR('',#8773,1.);
#8773 = DIRECTION('',(-0.373610843312,-0.927585542017,0.));
#8774 = ORIENTED_EDGE('',*,*,#6599,.T.);
#8775 = FACE_BOUND('',#8776,.T.);
#8776 = EDGE_LOOP('',(#8777,#8785,#8793,#8799));
#8777 = ORIENTED_EDGE('',*,*,#8778,.F.);
#8778 = EDGE_CURVE('',#8779,#7557,#8781,.T.);
#8779 = VERTEX_POINT('',#8780);
#8780 = CARTESIAN_POINT('',(7.868991342348,9.5,0.));
#8781 = LINE('',#8782,#8783);
#8782 = CARTESIAN_POINT('',(-56.,9.5,0.));
#8783 = VECTOR('',#8784,1.);
#8784 = DIRECTION('',(1.,0.,0.));
#8785 = ORIENTED_EDGE('',*,*,#8786,.T.);
#8786 = EDGE_CURVE('',#8779,#8787,#8789,.T.);
#8787 = VERTEX_POINT('',#8788);
#8788 = CARTESIAN_POINT('',(4.834508583728,7.666666666667,0.));
#8789 = LINE('',#8790,#8791);
#8790 = CARTESIAN_POINT('',(9.292789099814,10.360211145136,0.));
#8791 = VECTOR('',#8792,1.);
#8792 = DIRECTION('',(-0.855915541946,-0.517115639926,0.));
#8793 = ORIENTED_EDGE('',*,*,#8794,.T.);
#8794 = EDGE_CURVE('',#8787,#7555,#8795,.T.);
#8795 = LINE('',#8796,#8797);
#8796 = CARTESIAN_POINT('',(-6.707210900186,14.639788854864,0.));
#8797 = VECTOR('',#8798,1.);
#8798 = DIRECTION('',(0.855915541946,-0.517115639926,0.));
#8799 = ORIENTED_EDGE('',*,*,#7554,.T.);
#8800 = FACE_BOUND('',#8801,.T.);
#8801 = EDGE_LOOP('',(#8802,#8803,#8804,#8805));
#8802 = ORIENTED_EDGE('',*,*,#8226,.F.);
#8803 = ORIENTED_EDGE('',*,*,#5994,.T.);
#8804 = ORIENTED_EDGE('',*,*,#8200,.T.);
#8805 = ORIENTED_EDGE('',*,*,#8806,.T.);
#8806 = EDGE_CURVE('',#8201,#8227,#8807,.T.);
#8807 = LINE('',#8808,#8809);
#8808 = CARTESIAN_POINT('',(14.707210900186,-4.139788854864,0.));
#8809 = VECTOR('',#8810,1.);
#8810 = DIRECTION('',(-0.855915541946,0.517115639926,0.));
#8811 = PLANE('',#8812);
#8812 = AXIS2_PLACEMENT_3D('',#8813,#8814,#8815);
#8813 = CARTESIAN_POINT('',(2.12749588211E-02,12.659548337372,0.));
#8814 = DIRECTION('',(-0.,-0.,-1.));
#8815 = DIRECTION('',(-1.,0.,0.));
#8816 = ADVANCED_FACE('',(#8817),#8834,.T.);
#8817 = FACE_BOUND('',#8818,.T.);
#8818 = EDGE_LOOP('',(#8819,#8820,#8827,#8828));
#8819 = ORIENTED_EDGE('',*,*,#8392,.T.);
#8820 = ORIENTED_EDGE('',*,*,#8821,.T.);
#8821 = EDGE_CURVE('',#8385,#6011,#8822,.T.);
#8822 = HYPERBOLA('',#8823,154.28571428571,4.5);
#8823 = AXIS2_PLACEMENT_3D('',#8824,#8825,#8826);
#8824 = CARTESIAN_POINT('',(-20.,15.5,190.28571428571));
#8825 = DIRECTION('',(0.,-1.,0.));
#8826 = DIRECTION('',(-0.,-0.,-1.));
#8827 = ORIENTED_EDGE('',*,*,#6008,.F.);
#8828 = ORIENTED_EDGE('',*,*,#8829,.T.);
#8829 = EDGE_CURVE('',#6009,#8393,#8830,.T.);
#8830 = LINE('',#8831,#8832);
#8831 = CARTESIAN_POINT('',(-20.,20.,190.28571428573));
#8832 = VECTOR('',#8833,1.);
#8833 = DIRECTION('',(-2.915426861567E-02,0.,-0.999574923966));
#8834 = CONICAL_SURFACE('',#8835,5.55,2.915840024514E-02);
#8835 = AXIS2_PLACEMENT_3D('',#8836,#8837,#8838);
#8836 = CARTESIAN_POINT('',(-20.,20.,0.));
#8837 = DIRECTION('',(-0.,-0.,-1.));
#8838 = DIRECTION('',(1.,0.,0.));
#8839 = ADVANCED_FACE('',(#8840),#8851,.T.);
#8840 = FACE_BOUND('',#8841,.T.);
#8841 = EDGE_LOOP('',(#8842,#8843,#8844,#8845));
#8842 = ORIENTED_EDGE('',*,*,#8401,.F.);
#8843 = ORIENTED_EDGE('',*,*,#8829,.F.);
#8844 = ORIENTED_EDGE('',*,*,#6585,.F.);
#8845 = ORIENTED_EDGE('',*,*,#8846,.F.);
#8846 = EDGE_CURVE('',#8402,#6577,#8847,.T.);
#8847 = LINE('',#8848,#8849);
#8848 = CARTESIAN_POINT('',(-23.15,20.,-1.));
#8849 = VECTOR('',#8850,1.);
#8850 = DIRECTION('',(0.,0.,1.));
#8851 = PLANE('',#8852);
#8852 = AXIS2_PLACEMENT_3D('',#8853,#8854,#8855);
#8853 = CARTESIAN_POINT('',(-200.,20.,-50.));
#8854 = DIRECTION('',(0.,1.,0.));
#8855 = DIRECTION('',(0.,0.,1.));
#8856 = ADVANCED_FACE('',(#8857),#8868,.F.);
#8857 = FACE_BOUND('',#8858,.F.);
#8858 = EDGE_LOOP('',(#8859,#8860,#8866,#8867));
#8859 = ORIENTED_EDGE('',*,*,#8409,.T.);
#8860 = ORIENTED_EDGE('',*,*,#8861,.T.);
#8861 = EDGE_CURVE('',#8410,#6569,#8862,.T.);
#8862 = LINE('',#8863,#8864);
#8863 = CARTESIAN_POINT('',(-16.85,20.,-1.));
#8864 = VECTOR('',#8865,1.);
#8865 = DIRECTION('',(0.,0.,1.));
#8866 = ORIENTED_EDGE('',*,*,#6576,.F.);
#8867 = ORIENTED_EDGE('',*,*,#8846,.F.);
#8868 = CYLINDRICAL_SURFACE('',#8869,3.15);
#8869 = AXIS2_PLACEMENT_3D('',#8870,#8871,#8872);
#8870 = CARTESIAN_POINT('',(-20.,20.,-1.));
#8871 = DIRECTION('',(0.,0.,1.));
#8872 = DIRECTION('',(1.,0.,0.));
#8873 = ADVANCED_FACE('',(#8874),#8885,.T.);
#8874 = FACE_BOUND('',#8875,.T.);
#8875 = EDGE_LOOP('',(#8876,#8882,#8883,#8884));
#8876 = ORIENTED_EDGE('',*,*,#8877,.F.);
#8877 = EDGE_CURVE('',#8419,#6560,#8878,.T.);
#8878 = LINE('',#8879,#8880);
#8879 = CARTESIAN_POINT('',(-14.45,20.,0.));
#8880 = VECTOR('',#8881,1.);
#8881 = DIRECTION('',(-2.915426861567E-02,7.140736348332E-18,
    0.999574923966));
#8882 = ORIENTED_EDGE('',*,*,#8418,.F.);
#8883 = ORIENTED_EDGE('',*,*,#8861,.T.);
#8884 = ORIENTED_EDGE('',*,*,#6568,.F.);
#8885 = PLANE('',#8886);
#8886 = AXIS2_PLACEMENT_3D('',#8887,#8888,#8889);
#8887 = CARTESIAN_POINT('',(-200.,20.,-50.));
#8888 = DIRECTION('',(0.,1.,0.));
#8889 = DIRECTION('',(0.,0.,1.));
#8890 = ADVANCED_FACE('',(#8891),#8903,.T.);
#8891 = FACE_BOUND('',#8892,.T.);
#8892 = EDGE_LOOP('',(#8893,#8894,#8895,#8902));
#8893 = ORIENTED_EDGE('',*,*,#8877,.T.);
#8894 = ORIENTED_EDGE('',*,*,#6559,.F.);
#8895 = ORIENTED_EDGE('',*,*,#8896,.T.);
#8896 = EDGE_CURVE('',#6552,#8427,#8897,.T.);
#8897 = HYPERBOLA('',#8898,154.28571428571,4.5);
#8898 = AXIS2_PLACEMENT_3D('',#8899,#8900,#8901);
#8899 = CARTESIAN_POINT('',(-20.,15.5,190.28571428571));
#8900 = DIRECTION('',(0.,-1.,0.));
#8901 = DIRECTION('',(-0.,-0.,-1.));
#8902 = ORIENTED_EDGE('',*,*,#8426,.T.);
#8903 = CONICAL_SURFACE('',#8904,5.55,2.915840024514E-02);
#8904 = AXIS2_PLACEMENT_3D('',#8905,#8906,#8907);
#8905 = CARTESIAN_POINT('',(-20.,20.,0.));
#8906 = DIRECTION('',(-0.,-0.,-1.));
#8907 = DIRECTION('',(1.,0.,0.));
#8908 = ADVANCED_FACE('',(#8909),#8921,.F.);
#8909 = FACE_BOUND('',#8910,.F.);
#8910 = EDGE_LOOP('',(#8911,#8912,#8919,#8920));
#8911 = ORIENTED_EDGE('',*,*,#8435,.F.);
#8912 = ORIENTED_EDGE('',*,*,#8913,.T.);
#8913 = EDGE_CURVE('',#8436,#6543,#8914,.T.);
#8914 = HYPERBOLA('',#8915,17.142857142857,0.5);
#8915 = AXIS2_PLACEMENT_3D('',#8916,#8917,#8918);
#8916 = CARTESIAN_POINT('',(0.,15.5,190.28571428571));
#8917 = DIRECTION('',(0.,-1.,0.));
#8918 = DIRECTION('',(-0.,-0.,-1.));
#8919 = ORIENTED_EDGE('',*,*,#6551,.T.);
#8920 = ORIENTED_EDGE('',*,*,#8896,.T.);
#8921 = PLANE('',#8922);
#8922 = AXIS2_PLACEMENT_3D('',#8923,#8924,#8925);
#8923 = CARTESIAN_POINT('',(56.,15.5,0.));
#8924 = DIRECTION('',(0.,-1.,0.));
#8925 = DIRECTION('',(-1.,0.,0.));
#8926 = ADVANCED_FACE('',(#8927),#8939,.T.);
#8927 = FACE_BOUND('',#8928,.T.);
#8928 = EDGE_LOOP('',(#8929,#8930,#8931,#8932));
#8929 = ORIENTED_EDGE('',*,*,#8443,.T.);
#8930 = ORIENTED_EDGE('',*,*,#8913,.T.);
#8931 = ORIENTED_EDGE('',*,*,#6542,.F.);
#8932 = ORIENTED_EDGE('',*,*,#8933,.T.);
#8933 = EDGE_CURVE('',#6535,#8444,#8934,.T.);
#8934 = HYPERBOLA('',#8935,137.14285714287,4.);
#8935 = AXIS2_PLACEMENT_3D('',#8936,#8937,#8938);
#8936 = CARTESIAN_POINT('',(0.,20.,190.28571428573));
#8937 = DIRECTION('',(0.,1.,0.));
#8938 = DIRECTION('',(0.,0.,-1.));
#8939 = CONICAL_SURFACE('',#8940,5.55,2.915840024514E-02);
#8940 = AXIS2_PLACEMENT_3D('',#8941,#8942,#8943);
#8941 = CARTESIAN_POINT('',(0.,16.,0.));
#8942 = DIRECTION('',(-0.,-0.,-1.));
#8943 = DIRECTION('',(1.,0.,0.));
#8944 = ADVANCED_FACE('',(#8945),#8956,.T.);
#8945 = FACE_BOUND('',#8946,.T.);
#8946 = EDGE_LOOP('',(#8947,#8948,#8949,#8950));
#8947 = ORIENTED_EDGE('',*,*,#8452,.F.);
#8948 = ORIENTED_EDGE('',*,*,#8933,.F.);
#8949 = ORIENTED_EDGE('',*,*,#6534,.F.);
#8950 = ORIENTED_EDGE('',*,*,#8951,.F.);
#8951 = EDGE_CURVE('',#8453,#6527,#8952,.T.);
#8952 = LINE('',#8953,#8954);
#8953 = CARTESIAN_POINT('',(-2.1775,20.,-25.5));
#8954 = VECTOR('',#8955,1.);
#8955 = DIRECTION('',(0.,0.,1.));
#8956 = PLANE('',#8957);
#8957 = AXIS2_PLACEMENT_3D('',#8958,#8959,#8960);
#8958 = CARTESIAN_POINT('',(-200.,20.,-50.));
#8959 = DIRECTION('',(0.,1.,0.));
#8960 = DIRECTION('',(0.,0.,1.));
#8961 = ADVANCED_FACE('',(#8962),#8973,.T.);
#8962 = FACE_BOUND('',#8963,.T.);
#8963 = EDGE_LOOP('',(#8964,#8970,#8971,#8972));
#8964 = ORIENTED_EDGE('',*,*,#8965,.F.);
#8965 = EDGE_CURVE('',#8461,#6518,#8966,.T.);
#8966 = LINE('',#8967,#8968);
#8967 = CARTESIAN_POINT('',(-2.1775,18.27617963922,-1.));
#8968 = VECTOR('',#8969,1.);
#8969 = DIRECTION('',(0.,0.,1.));
#8970 = ORIENTED_EDGE('',*,*,#8460,.T.);
#8971 = ORIENTED_EDGE('',*,*,#8951,.T.);
#8972 = ORIENTED_EDGE('',*,*,#6526,.F.);
#8973 = PLANE('',#8974);
#8974 = AXIS2_PLACEMENT_3D('',#8975,#8976,#8977);
#8975 = CARTESIAN_POINT('',(-2.1775,16.,-1.));
#8976 = DIRECTION('',(1.,0.,0.));
#8977 = DIRECTION('',(0.,0.,1.));
#8978 = ADVANCED_FACE('',(#8979),#8990,.F.);
#8979 = FACE_BOUND('',#8980,.F.);
#8980 = EDGE_LOOP('',(#8981,#8982,#8983,#8989));
#8981 = ORIENTED_EDGE('',*,*,#8965,.F.);
#8982 = ORIENTED_EDGE('',*,*,#8468,.T.);
#8983 = ORIENTED_EDGE('',*,*,#8984,.T.);
#8984 = EDGE_CURVE('',#8469,#6510,#8985,.T.);
#8985 = LINE('',#8986,#8987);
#8986 = CARTESIAN_POINT('',(-3.110064308017,15.5,-1.));
#8987 = VECTOR('',#8988,1.);
#8988 = DIRECTION('',(0.,0.,1.));
#8989 = ORIENTED_EDGE('',*,*,#6517,.F.);
#8990 = CYLINDRICAL_SURFACE('',#8991,3.15);
#8991 = AXIS2_PLACEMENT_3D('',#8992,#8993,#8994);
#8992 = CARTESIAN_POINT('',(0.,16.,-1.));
#8993 = DIRECTION('',(0.,0.,1.));
#8994 = DIRECTION('',(1.,0.,0.));
#8995 = ADVANCED_FACE('',(#8996),#9007,.F.);
#8996 = FACE_BOUND('',#8997,.F.);
#8997 = EDGE_LOOP('',(#8998,#8999,#9005,#9006));
#8998 = ORIENTED_EDGE('',*,*,#8477,.F.);
#8999 = ORIENTED_EDGE('',*,*,#9000,.T.);
#9000 = EDGE_CURVE('',#8478,#6501,#9001,.T.);
#9001 = LINE('',#9002,#9003);
#9002 = CARTESIAN_POINT('',(3.110064308017,15.5,-1.));
#9003 = VECTOR('',#9004,1.);
#9004 = DIRECTION('',(0.,0.,1.));
#9005 = ORIENTED_EDGE('',*,*,#6509,.T.);
#9006 = ORIENTED_EDGE('',*,*,#8984,.F.);
#9007 = PLANE('',#9008);
#9008 = AXIS2_PLACEMENT_3D('',#9009,#9010,#9011);
#9009 = CARTESIAN_POINT('',(56.,15.5,0.));
#9010 = DIRECTION('',(0.,-1.,0.));
#9011 = DIRECTION('',(-1.,0.,0.));
#9012 = ADVANCED_FACE('',(#9013),#9026,.F.);
#9013 = FACE_BOUND('',#9014,.F.);
#9014 = EDGE_LOOP('',(#9015,#9021,#9022,#9023,#9024,#9025));
#9015 = ORIENTED_EDGE('',*,*,#9016,.T.);
#9016 = EDGE_CURVE('',#8495,#6484,#9017,.T.);
#9017 = LINE('',#9018,#9019);
#9018 = CARTESIAN_POINT('',(2.1775,18.27617963922,-1.));
#9019 = VECTOR('',#9020,1.);
#9020 = DIRECTION('',(0.,0.,1.));
#9021 = ORIENTED_EDGE('',*,*,#6491,.F.);
#9022 = ORIENTED_EDGE('',*,*,#6500,.F.);
#9023 = ORIENTED_EDGE('',*,*,#9000,.F.);
#9024 = ORIENTED_EDGE('',*,*,#8485,.T.);
#9025 = ORIENTED_EDGE('',*,*,#8494,.T.);
#9026 = CYLINDRICAL_SURFACE('',#9027,3.15);
#9027 = AXIS2_PLACEMENT_3D('',#9028,#9029,#9030);
#9028 = CARTESIAN_POINT('',(0.,16.,-1.));
#9029 = DIRECTION('',(0.,0.,1.));
#9030 = DIRECTION('',(1.,0.,0.));
#9031 = ADVANCED_FACE('',(#9032),#9043,.F.);
#9032 = FACE_BOUND('',#9033,.F.);
#9033 = EDGE_LOOP('',(#9034,#9035,#9036,#9042));
#9034 = ORIENTED_EDGE('',*,*,#9016,.F.);
#9035 = ORIENTED_EDGE('',*,*,#8503,.T.);
#9036 = ORIENTED_EDGE('',*,*,#9037,.T.);
#9037 = EDGE_CURVE('',#8504,#6476,#9038,.T.);
#9038 = LINE('',#9039,#9040);
#9039 = CARTESIAN_POINT('',(2.1775,20.,-25.5));
#9040 = VECTOR('',#9041,1.);
#9041 = DIRECTION('',(0.,0.,1.));
#9042 = ORIENTED_EDGE('',*,*,#6483,.F.);
#9043 = PLANE('',#9044);
#9044 = AXIS2_PLACEMENT_3D('',#9045,#9046,#9047);
#9045 = CARTESIAN_POINT('',(2.1775,16.,-1.));
#9046 = DIRECTION('',(1.,0.,0.));
#9047 = DIRECTION('',(0.,0.,1.));
#9048 = ADVANCED_FACE('',(#9049),#9061,.T.);
#9049 = FACE_BOUND('',#9050,.T.);
#9050 = EDGE_LOOP('',(#9051,#9052,#9053,#9054));
#9051 = ORIENTED_EDGE('',*,*,#8511,.F.);
#9052 = ORIENTED_EDGE('',*,*,#9037,.T.);
#9053 = ORIENTED_EDGE('',*,*,#6475,.F.);
#9054 = ORIENTED_EDGE('',*,*,#9055,.F.);
#9055 = EDGE_CURVE('',#8512,#6467,#9056,.T.);
#9056 = HYPERBOLA('',#9057,137.14285714287,4.);
#9057 = AXIS2_PLACEMENT_3D('',#9058,#9059,#9060);
#9058 = CARTESIAN_POINT('',(0.,20.,190.28571428573));
#9059 = DIRECTION('',(0.,1.,0.));
#9060 = DIRECTION('',(0.,0.,-1.));
#9061 = PLANE('',#9062);
#9062 = AXIS2_PLACEMENT_3D('',#9063,#9064,#9065);
#9063 = CARTESIAN_POINT('',(-200.,20.,-50.));
#9064 = DIRECTION('',(0.,1.,0.));
#9065 = DIRECTION('',(0.,0.,1.));
#9066 = ADVANCED_FACE('',(#9067),#9078,.T.);
#9067 = FACE_BOUND('',#9068,.T.);
#9068 = EDGE_LOOP('',(#9069,#9070,#9076,#9077));
#9069 = ORIENTED_EDGE('',*,*,#6466,.F.);
#9070 = ORIENTED_EDGE('',*,*,#9071,.F.);
#9071 = EDGE_CURVE('',#8520,#6458,#9072,.T.);
#9072 = LINE('',#9073,#9074);
#9073 = CARTESIAN_POINT('',(5.55,16.,0.));
#9074 = VECTOR('',#9075,1.);
#9075 = DIRECTION('',(-2.915426861567E-02,7.140736348332E-18,
    0.999574923966));
#9076 = ORIENTED_EDGE('',*,*,#8519,.T.);
#9077 = ORIENTED_EDGE('',*,*,#9055,.T.);
#9078 = CONICAL_SURFACE('',#9079,5.55,2.915840024514E-02);
#9079 = AXIS2_PLACEMENT_3D('',#9080,#9081,#9082);
#9080 = CARTESIAN_POINT('',(0.,16.,0.));
#9081 = DIRECTION('',(-0.,-0.,-1.));
#9082 = DIRECTION('',(1.,0.,0.));
#9083 = ADVANCED_FACE('',(#9084),#9096,.T.);
#9084 = FACE_BOUND('',#9085,.T.);
#9085 = EDGE_LOOP('',(#9086,#9087,#9088,#9095));
#9086 = ORIENTED_EDGE('',*,*,#9071,.T.);
#9087 = ORIENTED_EDGE('',*,*,#6457,.F.);
#9088 = ORIENTED_EDGE('',*,*,#9089,.T.);
#9089 = EDGE_CURVE('',#6450,#8529,#9090,.T.);
#9090 = HYPERBOLA('',#9091,17.142857142857,0.5);
#9091 = AXIS2_PLACEMENT_3D('',#9092,#9093,#9094);
#9092 = CARTESIAN_POINT('',(0.,15.5,190.28571428571));
#9093 = DIRECTION('',(0.,-1.,0.));
#9094 = DIRECTION('',(-0.,-0.,-1.));
#9095 = ORIENTED_EDGE('',*,*,#8528,.T.);
#9096 = CONICAL_SURFACE('',#9097,5.55,2.915840024514E-02);
#9097 = AXIS2_PLACEMENT_3D('',#9098,#9099,#9100);
#9098 = CARTESIAN_POINT('',(0.,16.,0.));
#9099 = DIRECTION('',(-0.,-0.,-1.));
#9100 = DIRECTION('',(1.,0.,0.));
#9101 = ADVANCED_FACE('',(#9102),#9114,.F.);
#9102 = FACE_BOUND('',#9103,.F.);
#9103 = EDGE_LOOP('',(#9104,#9105,#9112,#9113));
#9104 = ORIENTED_EDGE('',*,*,#8537,.F.);
#9105 = ORIENTED_EDGE('',*,*,#9106,.T.);
#9106 = EDGE_CURVE('',#8538,#6441,#9107,.T.);
#9107 = HYPERBOLA('',#9108,154.28571428571,4.5);
#9108 = AXIS2_PLACEMENT_3D('',#9109,#9110,#9111);
#9109 = CARTESIAN_POINT('',(20.,15.5,190.28571428571));
#9110 = DIRECTION('',(0.,-1.,0.));
#9111 = DIRECTION('',(-0.,-0.,-1.));
#9112 = ORIENTED_EDGE('',*,*,#6449,.T.);
#9113 = ORIENTED_EDGE('',*,*,#9089,.T.);
#9114 = PLANE('',#9115);
#9115 = AXIS2_PLACEMENT_3D('',#9116,#9117,#9118);
#9116 = CARTESIAN_POINT('',(56.,15.5,0.));
#9117 = DIRECTION('',(0.,-1.,0.));
#9118 = DIRECTION('',(-1.,0.,0.));
#9119 = ADVANCED_FACE('',(#9120),#9131,.T.);
#9120 = FACE_BOUND('',#9121,.T.);
#9121 = EDGE_LOOP('',(#9122,#9123,#9124,#9125));
#9122 = ORIENTED_EDGE('',*,*,#8545,.T.);
#9123 = ORIENTED_EDGE('',*,*,#9106,.T.);
#9124 = ORIENTED_EDGE('',*,*,#6440,.F.);
#9125 = ORIENTED_EDGE('',*,*,#9126,.T.);
#9126 = EDGE_CURVE('',#6433,#8546,#9127,.T.);
#9127 = LINE('',#9128,#9129);
#9128 = CARTESIAN_POINT('',(20.,20.,190.28571428573));
#9129 = VECTOR('',#9130,1.);
#9130 = DIRECTION('',(-2.915426861567E-02,0.,-0.999574923966));
#9131 = CONICAL_SURFACE('',#9132,5.55,2.915840024514E-02);
#9132 = AXIS2_PLACEMENT_3D('',#9133,#9134,#9135);
#9133 = CARTESIAN_POINT('',(20.,20.,0.));
#9134 = DIRECTION('',(-0.,-0.,-1.));
#9135 = DIRECTION('',(1.,0.,0.));
#9136 = ADVANCED_FACE('',(#9137),#9148,.T.);
#9137 = FACE_BOUND('',#9138,.T.);
#9138 = EDGE_LOOP('',(#9139,#9140,#9141,#9142));
#9139 = ORIENTED_EDGE('',*,*,#8554,.F.);
#9140 = ORIENTED_EDGE('',*,*,#9126,.F.);
#9141 = ORIENTED_EDGE('',*,*,#6432,.F.);
#9142 = ORIENTED_EDGE('',*,*,#9143,.F.);
#9143 = EDGE_CURVE('',#8555,#6424,#9144,.T.);
#9144 = LINE('',#9145,#9146);
#9145 = CARTESIAN_POINT('',(16.85,20.,-1.));
#9146 = VECTOR('',#9147,1.);
#9147 = DIRECTION('',(0.,0.,1.));
#9148 = PLANE('',#9149);
#9149 = AXIS2_PLACEMENT_3D('',#9150,#9151,#9152);
#9150 = CARTESIAN_POINT('',(-200.,20.,-50.));
#9151 = DIRECTION('',(0.,1.,0.));
#9152 = DIRECTION('',(0.,0.,1.));
#9153 = ADVANCED_FACE('',(#9154),#9165,.F.);
#9154 = FACE_BOUND('',#9155,.F.);
#9155 = EDGE_LOOP('',(#9156,#9157,#9163,#9164));
#9156 = ORIENTED_EDGE('',*,*,#8562,.T.);
#9157 = ORIENTED_EDGE('',*,*,#9158,.T.);
#9158 = EDGE_CURVE('',#8563,#6416,#9159,.T.);
#9159 = LINE('',#9160,#9161);
#9160 = CARTESIAN_POINT('',(23.15,20.,-1.));
#9161 = VECTOR('',#9162,1.);
#9162 = DIRECTION('',(0.,0.,1.));
#9163 = ORIENTED_EDGE('',*,*,#6423,.F.);
#9164 = ORIENTED_EDGE('',*,*,#9143,.F.);
#9165 = CYLINDRICAL_SURFACE('',#9166,3.15);
#9166 = AXIS2_PLACEMENT_3D('',#9167,#9168,#9169);
#9167 = CARTESIAN_POINT('',(20.,20.,-1.));
#9168 = DIRECTION('',(0.,0.,1.));
#9169 = DIRECTION('',(1.,0.,0.));
#9170 = ADVANCED_FACE('',(#9171),#9182,.T.);
#9171 = FACE_BOUND('',#9172,.T.);
#9172 = EDGE_LOOP('',(#9173,#9179,#9180,#9181));
#9173 = ORIENTED_EDGE('',*,*,#9174,.F.);
#9174 = EDGE_CURVE('',#8572,#6407,#9175,.T.);
#9175 = LINE('',#9176,#9177);
#9176 = CARTESIAN_POINT('',(25.55,20.,0.));
#9177 = VECTOR('',#9178,1.);
#9178 = DIRECTION('',(-2.915426861567E-02,7.140736348332E-18,
    0.999574923966));
#9179 = ORIENTED_EDGE('',*,*,#8571,.F.);
#9180 = ORIENTED_EDGE('',*,*,#9158,.T.);
#9181 = ORIENTED_EDGE('',*,*,#6415,.F.);
#9182 = PLANE('',#9183);
#9183 = AXIS2_PLACEMENT_3D('',#9184,#9185,#9186);
#9184 = CARTESIAN_POINT('',(-200.,20.,-50.));
#9185 = DIRECTION('',(0.,1.,0.));
#9186 = DIRECTION('',(0.,0.,1.));
#9187 = ADVANCED_FACE('',(#9188),#9200,.T.);
#9188 = FACE_BOUND('',#9189,.T.);
#9189 = EDGE_LOOP('',(#9190,#9191,#9192,#9199));
#9190 = ORIENTED_EDGE('',*,*,#9174,.T.);
#9191 = ORIENTED_EDGE('',*,*,#6406,.F.);
#9192 = ORIENTED_EDGE('',*,*,#9193,.T.);
#9193 = EDGE_CURVE('',#6399,#8580,#9194,.T.);
#9194 = HYPERBOLA('',#9195,154.28571428571,4.5);
#9195 = AXIS2_PLACEMENT_3D('',#9196,#9197,#9198);
#9196 = CARTESIAN_POINT('',(20.,15.5,190.28571428571));
#9197 = DIRECTION('',(0.,-1.,0.));
#9198 = DIRECTION('',(-0.,-0.,-1.));
#9199 = ORIENTED_EDGE('',*,*,#8579,.T.);
#9200 = CONICAL_SURFACE('',#9201,5.55,2.915840024514E-02);
#9201 = AXIS2_PLACEMENT_3D('',#9202,#9203,#9204);
#9202 = CARTESIAN_POINT('',(20.,20.,0.));
#9203 = DIRECTION('',(-0.,-0.,-1.));
#9204 = DIRECTION('',(1.,0.,0.));
#9205 = ADVANCED_FACE('',(#9206),#9218,.F.);
#9206 = FACE_BOUND('',#9207,.F.);
#9207 = EDGE_LOOP('',(#9208,#9209,#9216,#9217));
#9208 = ORIENTED_EDGE('',*,*,#8588,.F.);
#9209 = ORIENTED_EDGE('',*,*,#9210,.T.);
#9210 = EDGE_CURVE('',#8589,#6390,#9211,.T.);
#9211 = HYPERBOLA('',#9212,17.142857142857,0.5);
#9212 = AXIS2_PLACEMENT_3D('',#9213,#9214,#9215);
#9213 = CARTESIAN_POINT('',(40.,15.5,190.28571428571));
#9214 = DIRECTION('',(0.,-1.,0.));
#9215 = DIRECTION('',(-0.,-0.,-1.));
#9216 = ORIENTED_EDGE('',*,*,#6398,.T.);
#9217 = ORIENTED_EDGE('',*,*,#9193,.T.);
#9218 = PLANE('',#9219);
#9219 = AXIS2_PLACEMENT_3D('',#9220,#9221,#9222);
#9220 = CARTESIAN_POINT('',(56.,15.5,0.));
#9221 = DIRECTION('',(0.,-1.,0.));
#9222 = DIRECTION('',(-1.,0.,0.));
#9223 = ADVANCED_FACE('',(#9224),#9236,.T.);
#9224 = FACE_BOUND('',#9225,.T.);
#9225 = EDGE_LOOP('',(#9226,#9227,#9228,#9229));
#9226 = ORIENTED_EDGE('',*,*,#8596,.T.);
#9227 = ORIENTED_EDGE('',*,*,#9210,.T.);
#9228 = ORIENTED_EDGE('',*,*,#6389,.F.);
#9229 = ORIENTED_EDGE('',*,*,#9230,.T.);
#9230 = EDGE_CURVE('',#6382,#8597,#9231,.T.);
#9231 = HYPERBOLA('',#9232,137.14285714287,4.);
#9232 = AXIS2_PLACEMENT_3D('',#9233,#9234,#9235);
#9233 = CARTESIAN_POINT('',(40.,20.,190.28571428573));
#9234 = DIRECTION('',(0.,1.,0.));
#9235 = DIRECTION('',(0.,0.,-1.));
#9236 = CONICAL_SURFACE('',#9237,5.55,2.915840024514E-02);
#9237 = AXIS2_PLACEMENT_3D('',#9238,#9239,#9240);
#9238 = CARTESIAN_POINT('',(40.,16.,0.));
#9239 = DIRECTION('',(-0.,-0.,-1.));
#9240 = DIRECTION('',(1.,0.,0.));
#9241 = ADVANCED_FACE('',(#9242),#9253,.T.);
#9242 = FACE_BOUND('',#9243,.T.);
#9243 = EDGE_LOOP('',(#9244,#9245,#9246,#9247));
#9244 = ORIENTED_EDGE('',*,*,#8605,.F.);
#9245 = ORIENTED_EDGE('',*,*,#9230,.F.);
#9246 = ORIENTED_EDGE('',*,*,#6381,.F.);
#9247 = ORIENTED_EDGE('',*,*,#9248,.F.);
#9248 = EDGE_CURVE('',#8606,#6374,#9249,.T.);
#9249 = LINE('',#9250,#9251);
#9250 = CARTESIAN_POINT('',(37.8225,20.,-25.5));
#9251 = VECTOR('',#9252,1.);
#9252 = DIRECTION('',(0.,0.,1.));
#9253 = PLANE('',#9254);
#9254 = AXIS2_PLACEMENT_3D('',#9255,#9256,#9257);
#9255 = CARTESIAN_POINT('',(-200.,20.,-50.));
#9256 = DIRECTION('',(0.,1.,0.));
#9257 = DIRECTION('',(0.,0.,1.));
#9258 = ADVANCED_FACE('',(#9259),#9270,.T.);
#9259 = FACE_BOUND('',#9260,.T.);
#9260 = EDGE_LOOP('',(#9261,#9267,#9268,#9269));
#9261 = ORIENTED_EDGE('',*,*,#9262,.F.);
#9262 = EDGE_CURVE('',#8614,#6365,#9263,.T.);
#9263 = LINE('',#9264,#9265);
#9264 = CARTESIAN_POINT('',(37.8225,18.27617963922,-1.));
#9265 = VECTOR('',#9266,1.);
#9266 = DIRECTION('',(0.,0.,1.));
#9267 = ORIENTED_EDGE('',*,*,#8613,.T.);
#9268 = ORIENTED_EDGE('',*,*,#9248,.T.);
#9269 = ORIENTED_EDGE('',*,*,#6373,.F.);
#9270 = PLANE('',#9271);
#9271 = AXIS2_PLACEMENT_3D('',#9272,#9273,#9274);
#9272 = CARTESIAN_POINT('',(37.8225,16.,-1.));
#9273 = DIRECTION('',(1.,0.,0.));
#9274 = DIRECTION('',(0.,0.,1.));
#9275 = ADVANCED_FACE('',(#9276),#9287,.F.);
#9276 = FACE_BOUND('',#9277,.F.);
#9277 = EDGE_LOOP('',(#9278,#9279,#9280,#9286));
#9278 = ORIENTED_EDGE('',*,*,#9262,.F.);
#9279 = ORIENTED_EDGE('',*,*,#8621,.T.);
#9280 = ORIENTED_EDGE('',*,*,#9281,.T.);
#9281 = EDGE_CURVE('',#8622,#6357,#9282,.T.);
#9282 = LINE('',#9283,#9284);
#9283 = CARTESIAN_POINT('',(36.889935691983,15.5,-1.));
#9284 = VECTOR('',#9285,1.);
#9285 = DIRECTION('',(0.,0.,1.));
#9286 = ORIENTED_EDGE('',*,*,#6364,.F.);
#9287 = CYLINDRICAL_SURFACE('',#9288,3.15);
#9288 = AXIS2_PLACEMENT_3D('',#9289,#9290,#9291);
#9289 = CARTESIAN_POINT('',(40.,16.,-1.));
#9290 = DIRECTION('',(0.,0.,1.));
#9291 = DIRECTION('',(1.,0.,0.));
#9292 = ADVANCED_FACE('',(#9293),#9304,.F.);
#9293 = FACE_BOUND('',#9294,.F.);
#9294 = EDGE_LOOP('',(#9295,#9296,#9302,#9303));
#9295 = ORIENTED_EDGE('',*,*,#8630,.F.);
#9296 = ORIENTED_EDGE('',*,*,#9297,.T.);
#9297 = EDGE_CURVE('',#8631,#6348,#9298,.T.);
#9298 = LINE('',#9299,#9300);
#9299 = CARTESIAN_POINT('',(43.110064308017,15.5,-1.));
#9300 = VECTOR('',#9301,1.);
#9301 = DIRECTION('',(0.,0.,1.));
#9302 = ORIENTED_EDGE('',*,*,#6356,.T.);
#9303 = ORIENTED_EDGE('',*,*,#9281,.F.);
#9304 = PLANE('',#9305);
#9305 = AXIS2_PLACEMENT_3D('',#9306,#9307,#9308);
#9306 = CARTESIAN_POINT('',(56.,15.5,0.));
#9307 = DIRECTION('',(0.,-1.,0.));
#9308 = DIRECTION('',(-1.,0.,0.));
#9309 = ADVANCED_FACE('',(#9310),#9323,.F.);
#9310 = FACE_BOUND('',#9311,.F.);
#9311 = EDGE_LOOP('',(#9312,#9318,#9319,#9320,#9321,#9322));
#9312 = ORIENTED_EDGE('',*,*,#9313,.T.);
#9313 = EDGE_CURVE('',#8648,#6331,#9314,.T.);
#9314 = LINE('',#9315,#9316);
#9315 = CARTESIAN_POINT('',(42.1775,18.27617963922,-1.));
#9316 = VECTOR('',#9317,1.);
#9317 = DIRECTION('',(0.,0.,1.));
#9318 = ORIENTED_EDGE('',*,*,#6338,.F.);
#9319 = ORIENTED_EDGE('',*,*,#6347,.F.);
#9320 = ORIENTED_EDGE('',*,*,#9297,.F.);
#9321 = ORIENTED_EDGE('',*,*,#8638,.T.);
#9322 = ORIENTED_EDGE('',*,*,#8647,.T.);
#9323 = CYLINDRICAL_SURFACE('',#9324,3.15);
#9324 = AXIS2_PLACEMENT_3D('',#9325,#9326,#9327);
#9325 = CARTESIAN_POINT('',(40.,16.,-1.));
#9326 = DIRECTION('',(0.,0.,1.));
#9327 = DIRECTION('',(1.,0.,0.));
#9328 = ADVANCED_FACE('',(#9329),#9340,.F.);
#9329 = FACE_BOUND('',#9330,.F.);
#9330 = EDGE_LOOP('',(#9331,#9332,#9333,#9339));
#9331 = ORIENTED_EDGE('',*,*,#9313,.F.);
#9332 = ORIENTED_EDGE('',*,*,#8656,.T.);
#9333 = ORIENTED_EDGE('',*,*,#9334,.T.);
#9334 = EDGE_CURVE('',#8657,#6323,#9335,.T.);
#9335 = LINE('',#9336,#9337);
#9336 = CARTESIAN_POINT('',(42.1775,20.,-25.5));
#9337 = VECTOR('',#9338,1.);
#9338 = DIRECTION('',(0.,0.,1.));
#9339 = ORIENTED_EDGE('',*,*,#6330,.F.);
#9340 = PLANE('',#9341);
#9341 = AXIS2_PLACEMENT_3D('',#9342,#9343,#9344);
#9342 = CARTESIAN_POINT('',(42.1775,16.,-1.));
#9343 = DIRECTION('',(1.,0.,0.));
#9344 = DIRECTION('',(0.,0.,1.));
#9345 = ADVANCED_FACE('',(#9346),#9358,.T.);
#9346 = FACE_BOUND('',#9347,.T.);
#9347 = EDGE_LOOP('',(#9348,#9349,#9350,#9351));
#9348 = ORIENTED_EDGE('',*,*,#8664,.F.);
#9349 = ORIENTED_EDGE('',*,*,#9334,.T.);
#9350 = ORIENTED_EDGE('',*,*,#6322,.F.);
#9351 = ORIENTED_EDGE('',*,*,#9352,.F.);
#9352 = EDGE_CURVE('',#8665,#6314,#9353,.T.);
#9353 = HYPERBOLA('',#9354,137.14285714287,4.);
#9354 = AXIS2_PLACEMENT_3D('',#9355,#9356,#9357);
#9355 = CARTESIAN_POINT('',(40.,20.,190.28571428573));
#9356 = DIRECTION('',(0.,1.,0.));
#9357 = DIRECTION('',(0.,0.,-1.));
#9358 = PLANE('',#9359);
#9359 = AXIS2_PLACEMENT_3D('',#9360,#9361,#9362);
#9360 = CARTESIAN_POINT('',(-200.,20.,-50.));
#9361 = DIRECTION('',(0.,1.,0.));
#9362 = DIRECTION('',(0.,0.,1.));
#9363 = ADVANCED_FACE('',(#9364),#9375,.T.);
#9364 = FACE_BOUND('',#9365,.T.);
#9365 = EDGE_LOOP('',(#9366,#9367,#9373,#9374));
#9366 = ORIENTED_EDGE('',*,*,#6313,.F.);
#9367 = ORIENTED_EDGE('',*,*,#9368,.F.);
#9368 = EDGE_CURVE('',#8673,#6305,#9369,.T.);
#9369 = LINE('',#9370,#9371);
#9370 = CARTESIAN_POINT('',(45.55,16.,0.));
#9371 = VECTOR('',#9372,1.);
#9372 = DIRECTION('',(-2.915426861567E-02,7.140736348332E-18,
    0.999574923966));
#9373 = ORIENTED_EDGE('',*,*,#8672,.T.);
#9374 = ORIENTED_EDGE('',*,*,#9352,.T.);
#9375 = CONICAL_SURFACE('',#9376,5.55,2.915840024514E-02);
#9376 = AXIS2_PLACEMENT_3D('',#9377,#9378,#9379);
#9377 = CARTESIAN_POINT('',(40.,16.,0.));
#9378 = DIRECTION('',(-0.,-0.,-1.));
#9379 = DIRECTION('',(1.,0.,0.));
#9380 = ADVANCED_FACE('',(#9381),#9393,.T.);
#9381 = FACE_BOUND('',#9382,.T.);
#9382 = EDGE_LOOP('',(#9383,#9384,#9385,#9392));
#9383 = ORIENTED_EDGE('',*,*,#9368,.T.);
#9384 = ORIENTED_EDGE('',*,*,#6304,.F.);
#9385 = ORIENTED_EDGE('',*,*,#9386,.T.);
#9386 = EDGE_CURVE('',#6297,#8682,#9387,.T.);
#9387 = HYPERBOLA('',#9388,17.142857142857,0.5);
#9388 = AXIS2_PLACEMENT_3D('',#9389,#9390,#9391);
#9389 = CARTESIAN_POINT('',(40.,15.5,190.28571428571));
#9390 = DIRECTION('',(0.,-1.,0.));
#9391 = DIRECTION('',(-0.,-0.,-1.));
#9392 = ORIENTED_EDGE('',*,*,#8681,.T.);
#9393 = CONICAL_SURFACE('',#9394,5.55,2.915840024514E-02);
#9394 = AXIS2_PLACEMENT_3D('',#9395,#9396,#9397);
#9395 = CARTESIAN_POINT('',(40.,16.,0.));
#9396 = DIRECTION('',(-0.,-0.,-1.));
#9397 = DIRECTION('',(1.,0.,0.));
#9398 = ADVANCED_FACE('',(#9399),#9410,.F.);
#9399 = FACE_BOUND('',#9400,.F.);
#9400 = EDGE_LOOP('',(#9401,#9402,#9408,#9409));
#9401 = ORIENTED_EDGE('',*,*,#8690,.F.);
#9402 = ORIENTED_EDGE('',*,*,#9403,.T.);
#9403 = EDGE_CURVE('',#8691,#6289,#9404,.T.);
#9404 = LINE('',#9405,#9406);
#9405 = CARTESIAN_POINT('',(56.,15.5,0.));
#9406 = VECTOR('',#9407,1.);
#9407 = DIRECTION('',(0.,0.,1.));
#9408 = ORIENTED_EDGE('',*,*,#6296,.T.);
#9409 = ORIENTED_EDGE('',*,*,#9386,.T.);
#9410 = PLANE('',#9411);
#9411 = AXIS2_PLACEMENT_3D('',#9412,#9413,#9414);
#9412 = CARTESIAN_POINT('',(56.,15.5,0.));
#9413 = DIRECTION('',(0.,-1.,0.));
#9414 = DIRECTION('',(-1.,0.,0.));
#9415 = ADVANCED_FACE('',(#9416),#9427,.F.);
#9416 = FACE_BOUND('',#9417,.F.);
#9417 = EDGE_LOOP('',(#9418,#9424,#9425,#9426));
#9418 = ORIENTED_EDGE('',*,*,#9419,.T.);
#9419 = EDGE_CURVE('',#8699,#6281,#9420,.T.);
#9420 = LINE('',#9421,#9422);
#9421 = CARTESIAN_POINT('',(58.,13.5,0.));
#9422 = VECTOR('',#9423,1.);
#9423 = DIRECTION('',(0.,0.,1.));
#9424 = ORIENTED_EDGE('',*,*,#6288,.T.);
#9425 = ORIENTED_EDGE('',*,*,#9403,.F.);
#9426 = ORIENTED_EDGE('',*,*,#8698,.F.);
#9427 = PLANE('',#9428);
#9428 = AXIS2_PLACEMENT_3D('',#9429,#9430,#9431);
#9429 = CARTESIAN_POINT('',(58.,13.5,0.));
#9430 = DIRECTION('',(-0.707106781187,-0.707106781187,0.));
#9431 = DIRECTION('',(-0.707106781187,0.707106781187,0.));
#9432 = ADVANCED_FACE('',(#9433),#9444,.F.);
#9433 = FACE_BOUND('',#9434,.F.);
#9434 = EDGE_LOOP('',(#9435,#9441,#9442,#9443));
#9435 = ORIENTED_EDGE('',*,*,#9436,.T.);
#9436 = EDGE_CURVE('',#8707,#6273,#9437,.T.);
#9437 = LINE('',#9438,#9439);
#9438 = CARTESIAN_POINT('',(58.,11.5,0.));
#9439 = VECTOR('',#9440,1.);
#9440 = DIRECTION('',(0.,0.,1.));
#9441 = ORIENTED_EDGE('',*,*,#6280,.T.);
#9442 = ORIENTED_EDGE('',*,*,#9419,.F.);
#9443 = ORIENTED_EDGE('',*,*,#8706,.F.);
#9444 = PLANE('',#9445);
#9445 = AXIS2_PLACEMENT_3D('',#9446,#9447,#9448);
#9446 = CARTESIAN_POINT('',(58.,11.5,0.));
#9447 = DIRECTION('',(-1.,0.,0.));
#9448 = DIRECTION('',(0.,1.,0.));
#9449 = ADVANCED_FACE('',(#9450),#9461,.F.);
#9450 = FACE_BOUND('',#9451,.F.);
#9451 = EDGE_LOOP('',(#9452,#9458,#9459,#9460));
#9452 = ORIENTED_EDGE('',*,*,#9453,.T.);
#9453 = EDGE_CURVE('',#8715,#6265,#9454,.T.);
#9454 = LINE('',#9455,#9456);
#9455 = CARTESIAN_POINT('',(56.,9.5,0.));
#9456 = VECTOR('',#9457,1.);
#9457 = DIRECTION('',(0.,0.,1.));
#9458 = ORIENTED_EDGE('',*,*,#6272,.T.);
#9459 = ORIENTED_EDGE('',*,*,#9436,.F.);
#9460 = ORIENTED_EDGE('',*,*,#8714,.F.);
#9461 = PLANE('',#9462);
#9462 = AXIS2_PLACEMENT_3D('',#9463,#9464,#9465);
#9463 = CARTESIAN_POINT('',(56.,9.5,0.));
#9464 = DIRECTION('',(-0.707106781187,0.707106781187,0.));
#9465 = DIRECTION('',(0.707106781187,0.707106781187,0.));
#9466 = ADVANCED_FACE('',(#9467),#9473,.F.);
#9467 = FACE_BOUND('',#9468,.F.);
#9468 = EDGE_LOOP('',(#9469,#9470,#9471,#9472));
#9469 = ORIENTED_EDGE('',*,*,#8722,.F.);
#9470 = ORIENTED_EDGE('',*,*,#7531,.F.);
#9471 = ORIENTED_EDGE('',*,*,#6264,.T.);
#9472 = ORIENTED_EDGE('',*,*,#9453,.F.);
#9473 = PLANE('',#9474);
#9474 = AXIS2_PLACEMENT_3D('',#9475,#9476,#9477);
#9475 = CARTESIAN_POINT('',(-56.,9.5,0.));
#9476 = DIRECTION('',(0.,1.,0.));
#9477 = DIRECTION('',(1.,0.,0.));
#9478 = ADVANCED_FACE('',(#9479),#9490,.F.);
#9479 = FACE_BOUND('',#9480,.F.);
#9480 = EDGE_LOOP('',(#9481,#9482,#9488,#9489));
#9481 = ORIENTED_EDGE('',*,*,#8778,.F.);
#9482 = ORIENTED_EDGE('',*,*,#9483,.F.);
#9483 = EDGE_CURVE('',#6234,#8779,#9484,.T.);
#9484 = LINE('',#9485,#9486);
#9485 = CARTESIAN_POINT('',(7.868991342348,9.5,0.));
#9486 = VECTOR('',#9487,1.);
#9487 = DIRECTION('',(0.,0.,-1.));
#9488 = ORIENTED_EDGE('',*,*,#6241,.T.);
#9489 = ORIENTED_EDGE('',*,*,#7580,.F.);
#9490 = PLANE('',#9491);
#9491 = AXIS2_PLACEMENT_3D('',#9492,#9493,#9494);
#9492 = CARTESIAN_POINT('',(-56.,9.5,0.));
#9493 = DIRECTION('',(0.,1.,0.));
#9494 = DIRECTION('',(1.,0.,0.));
#9495 = ADVANCED_FACE('',(#9496),#9507,.T.);
#9496 = FACE_BOUND('',#9497,.T.);
#9497 = EDGE_LOOP('',(#9498,#9499,#9500,#9501));
#9498 = ORIENTED_EDGE('',*,*,#8786,.F.);
#9499 = ORIENTED_EDGE('',*,*,#9483,.F.);
#9500 = ORIENTED_EDGE('',*,*,#6233,.T.);
#9501 = ORIENTED_EDGE('',*,*,#9502,.F.);
#9502 = EDGE_CURVE('',#8787,#6226,#9503,.T.);
#9503 = LINE('',#9504,#9505);
#9504 = CARTESIAN_POINT('',(4.834508583728,7.666666666667,0.));
#9505 = VECTOR('',#9506,1.);
#9506 = DIRECTION('',(0.,0.,1.));
#9507 = PLANE('',#9508);
#9508 = AXIS2_PLACEMENT_3D('',#9509,#9510,#9511);
#9509 = CARTESIAN_POINT('',(9.292789099814,10.360211145136,0.));
#9510 = DIRECTION('',(0.517115639926,-0.855915541946,0.));
#9511 = DIRECTION('',(-0.855915541946,-0.517115639926,0.));
#9512 = ADVANCED_FACE('',(#9513),#9521,.T.);
#9513 = FACE_BOUND('',#9514,.T.);
#9514 = EDGE_LOOP('',(#9515,#9516,#9517,#9518,#9519,#9520));
#9515 = ORIENTED_EDGE('',*,*,#8794,.F.);
#9516 = ORIENTED_EDGE('',*,*,#9502,.T.);
#9517 = ORIENTED_EDGE('',*,*,#6225,.T.);
#9518 = ORIENTED_EDGE('',*,*,#7849,.F.);
#9519 = ORIENTED_EDGE('',*,*,#7604,.F.);
#9520 = ORIENTED_EDGE('',*,*,#7564,.T.);
#9521 = PLANE('',#9522);
#9522 = AXIS2_PLACEMENT_3D('',#9523,#9524,#9525);
#9523 = CARTESIAN_POINT('',(-6.707210900186,14.639788854864,0.));
#9524 = DIRECTION('',(0.517115639926,0.855915541946,0.));
#9525 = DIRECTION('',(0.855915541946,-0.517115639926,0.));
#9526 = ADVANCED_FACE('',(#9527),#9545,.T.);
#9527 = FACE_BOUND('',#9528,.T.);
#9528 = EDGE_LOOP('',(#9529,#9530,#9536,#9537,#9538,#9539));
#9529 = ORIENTED_EDGE('',*,*,#8745,.F.);
#9530 = ORIENTED_EDGE('',*,*,#9531,.T.);
#9531 = EDGE_CURVE('',#8738,#7476,#9532,.T.);
#9532 = LINE('',#9533,#9534);
#9533 = CARTESIAN_POINT('',(14.707210900186,-4.139788854864,0.));
#9534 = VECTOR('',#9535,1.);
#9535 = DIRECTION('',(0.,0.,1.));
#9536 = ORIENTED_EDGE('',*,*,#7473,.F.);
#9537 = ORIENTED_EDGE('',*,*,#7842,.F.);
#9538 = ORIENTED_EDGE('',*,*,#6209,.T.);
#9539 = ORIENTED_EDGE('',*,*,#9540,.T.);
#9540 = EDGE_CURVE('',#6202,#8746,#9541,.T.);
#9541 = LINE('',#9542,#9543);
#9542 = CARTESIAN_POINT('',(-3.552713678801E-15,4.745817730665,0.));
#9543 = VECTOR('',#9544,1.);
#9544 = DIRECTION('',(0.,0.,-1.));
#9545 = PLANE('',#9546);
#9546 = AXIS2_PLACEMENT_3D('',#9547,#9548,#9549);
#9547 = CARTESIAN_POINT('',(14.707210900186,-4.139788854864,0.));
#9548 = DIRECTION('',(-0.517115639926,-0.855915541946,0.));
#9549 = DIRECTION('',(-0.855915541946,0.517115639926,0.));
#9550 = ADVANCED_FACE('',(#9551),#9564,.T.);
#9551 = FACE_BOUND('',#9552,.T.);
#9552 = EDGE_LOOP('',(#9553,#9554,#9555,#9556,#9557,#9558));
#9553 = ORIENTED_EDGE('',*,*,#8753,.F.);
#9554 = ORIENTED_EDGE('',*,*,#9540,.F.);
#9555 = ORIENTED_EDGE('',*,*,#6201,.T.);
#9556 = ORIENTED_EDGE('',*,*,#7777,.T.);
#9557 = ORIENTED_EDGE('',*,*,#6649,.F.);
#9558 = ORIENTED_EDGE('',*,*,#9559,.F.);
#9559 = EDGE_CURVE('',#8754,#6650,#9560,.T.);
#9560 = LINE('',#9561,#9562);
#9561 = CARTESIAN_POINT('',(-14.70721090018,-4.139788854864,0.));
#9562 = VECTOR('',#9563,1.);
#9563 = DIRECTION('',(0.,0.,1.));
#9564 = PLANE('',#9565);
#9565 = AXIS2_PLACEMENT_3D('',#9566,#9567,#9568);
#9566 = CARTESIAN_POINT('',(9.292789099814,10.360211145136,0.));
#9567 = DIRECTION('',(0.517115639926,-0.855915541946,0.));
#9568 = DIRECTION('',(-0.855915541946,-0.517115639926,0.));
#9569 = ADVANCED_FACE('',(#9570),#9576,.T.);
#9570 = FACE_BOUND('',#9571,.T.);
#9571 = EDGE_LOOP('',(#9572,#9573,#9574,#9575));
#9572 = ORIENTED_EDGE('',*,*,#8806,.F.);
#9573 = ORIENTED_EDGE('',*,*,#8212,.T.);
#9574 = ORIENTED_EDGE('',*,*,#6177,.T.);
#9575 = ORIENTED_EDGE('',*,*,#8236,.F.);
#9576 = PLANE('',#9577);
#9577 = AXIS2_PLACEMENT_3D('',#9578,#9579,#9580);
#9578 = CARTESIAN_POINT('',(14.707210900186,-4.139788854864,0.));
#9579 = DIRECTION('',(-0.517115639926,-0.855915541946,0.));
#9580 = DIRECTION('',(-0.855915541946,0.517115639926,0.));
#9581 = ADVANCED_FACE('',(#9582),#9593,.F.);
#9582 = FACE_BOUND('',#9583,.F.);
#9583 = EDGE_LOOP('',(#9584,#9585,#9591,#9592));
#9584 = ORIENTED_EDGE('',*,*,#8250,.F.);
#9585 = ORIENTED_EDGE('',*,*,#9586,.T.);
#9586 = EDGE_CURVE('',#8251,#6146,#9587,.T.);
#9587 = LINE('',#9588,#9589);
#9588 = CARTESIAN_POINT('',(-56.,9.5,0.));
#9589 = VECTOR('',#9590,1.);
#9590 = DIRECTION('',(0.,0.,1.));
#9591 = ORIENTED_EDGE('',*,*,#6153,.T.);
#9592 = ORIENTED_EDGE('',*,*,#6625,.F.);
#9593 = PLANE('',#9594);
#9594 = AXIS2_PLACEMENT_3D('',#9595,#9596,#9597);
#9595 = CARTESIAN_POINT('',(-56.,9.5,0.));
#9596 = DIRECTION('',(0.,1.,0.));
#9597 = DIRECTION('',(1.,0.,0.));
#9598 = ADVANCED_FACE('',(#9599),#9610,.F.);
#9599 = FACE_BOUND('',#9600,.F.);
#9600 = EDGE_LOOP('',(#9601,#9607,#9608,#9609));
#9601 = ORIENTED_EDGE('',*,*,#9602,.T.);
#9602 = EDGE_CURVE('',#8259,#6138,#9603,.T.);
#9603 = LINE('',#9604,#9605);
#9604 = CARTESIAN_POINT('',(-58.,11.5,0.));
#9605 = VECTOR('',#9606,1.);
#9606 = DIRECTION('',(0.,0.,1.));
#9607 = ORIENTED_EDGE('',*,*,#6145,.T.);
#9608 = ORIENTED_EDGE('',*,*,#9586,.F.);
#9609 = ORIENTED_EDGE('',*,*,#8258,.F.);
#9610 = PLANE('',#9611);
#9611 = AXIS2_PLACEMENT_3D('',#9612,#9613,#9614);
#9612 = CARTESIAN_POINT('',(-58.,11.5,0.));
#9613 = DIRECTION('',(0.707106781187,0.707106781187,0.));
#9614 = DIRECTION('',(0.707106781187,-0.707106781187,0.));
#9615 = ADVANCED_FACE('',(#9616),#9627,.F.);
#9616 = FACE_BOUND('',#9617,.F.);
#9617 = EDGE_LOOP('',(#9618,#9624,#9625,#9626));
#9618 = ORIENTED_EDGE('',*,*,#9619,.T.);
#9619 = EDGE_CURVE('',#8267,#6130,#9620,.T.);
#9620 = LINE('',#9621,#9622);
#9621 = CARTESIAN_POINT('',(-58.,13.5,0.));
#9622 = VECTOR('',#9623,1.);
#9623 = DIRECTION('',(0.,0.,1.));
#9624 = ORIENTED_EDGE('',*,*,#6137,.T.);
#9625 = ORIENTED_EDGE('',*,*,#9602,.F.);
#9626 = ORIENTED_EDGE('',*,*,#8266,.F.);
#9627 = PLANE('',#9628);
#9628 = AXIS2_PLACEMENT_3D('',#9629,#9630,#9631);
#9629 = CARTESIAN_POINT('',(-58.,13.5,0.));
#9630 = DIRECTION('',(1.,0.,0.));
#9631 = DIRECTION('',(0.,-1.,0.));
#9632 = ADVANCED_FACE('',(#9633),#9644,.F.);
#9633 = FACE_BOUND('',#9634,.F.);
#9634 = EDGE_LOOP('',(#9635,#9641,#9642,#9643));
#9635 = ORIENTED_EDGE('',*,*,#9636,.T.);
#9636 = EDGE_CURVE('',#8275,#6122,#9637,.T.);
#9637 = LINE('',#9638,#9639);
#9638 = CARTESIAN_POINT('',(-56.,15.5,0.));
#9639 = VECTOR('',#9640,1.);
#9640 = DIRECTION('',(0.,0.,1.));
#9641 = ORIENTED_EDGE('',*,*,#6129,.T.);
#9642 = ORIENTED_EDGE('',*,*,#9619,.F.);
#9643 = ORIENTED_EDGE('',*,*,#8274,.F.);
#9644 = PLANE('',#9645);
#9645 = AXIS2_PLACEMENT_3D('',#9646,#9647,#9648);
#9646 = CARTESIAN_POINT('',(-56.,15.5,0.));
#9647 = DIRECTION('',(0.707106781187,-0.707106781187,0.));
#9648 = DIRECTION('',(-0.707106781187,-0.707106781187,0.));
#9649 = ADVANCED_FACE('',(#9650),#9662,.F.);
#9650 = FACE_BOUND('',#9651,.F.);
#9651 = EDGE_LOOP('',(#9652,#9653,#9660,#9661));
#9652 = ORIENTED_EDGE('',*,*,#8282,.F.);
#9653 = ORIENTED_EDGE('',*,*,#9654,.T.);
#9654 = EDGE_CURVE('',#8283,#6113,#9655,.T.);
#9655 = HYPERBOLA('',#9656,17.142857142857,0.5);
#9656 = AXIS2_PLACEMENT_3D('',#9657,#9658,#9659);
#9657 = CARTESIAN_POINT('',(-40.,15.5,190.28571428571));
#9658 = DIRECTION('',(0.,-1.,0.));
#9659 = DIRECTION('',(-0.,-0.,-1.));
#9660 = ORIENTED_EDGE('',*,*,#6121,.T.);
#9661 = ORIENTED_EDGE('',*,*,#9636,.F.);
#9662 = PLANE('',#9663);
#9663 = AXIS2_PLACEMENT_3D('',#9664,#9665,#9666);
#9664 = CARTESIAN_POINT('',(56.,15.5,0.));
#9665 = DIRECTION('',(0.,-1.,0.));
#9666 = DIRECTION('',(-1.,0.,0.));
#9667 = ADVANCED_FACE('',(#9668),#9680,.T.);
#9668 = FACE_BOUND('',#9669,.T.);
#9669 = EDGE_LOOP('',(#9670,#9671,#9672,#9673));
#9670 = ORIENTED_EDGE('',*,*,#8290,.T.);
#9671 = ORIENTED_EDGE('',*,*,#9654,.T.);
#9672 = ORIENTED_EDGE('',*,*,#6112,.F.);
#9673 = ORIENTED_EDGE('',*,*,#9674,.T.);
#9674 = EDGE_CURVE('',#6105,#8291,#9675,.T.);
#9675 = HYPERBOLA('',#9676,137.14285714287,4.);
#9676 = AXIS2_PLACEMENT_3D('',#9677,#9678,#9679);
#9677 = CARTESIAN_POINT('',(-40.,20.,190.28571428573));
#9678 = DIRECTION('',(0.,1.,0.));
#9679 = DIRECTION('',(0.,0.,-1.));
#9680 = CONICAL_SURFACE('',#9681,5.55,2.915840024514E-02);
#9681 = AXIS2_PLACEMENT_3D('',#9682,#9683,#9684);
#9682 = CARTESIAN_POINT('',(-40.,16.,0.));
#9683 = DIRECTION('',(-0.,-0.,-1.));
#9684 = DIRECTION('',(1.,0.,0.));
#9685 = ADVANCED_FACE('',(#9686),#9697,.T.);
#9686 = FACE_BOUND('',#9687,.T.);
#9687 = EDGE_LOOP('',(#9688,#9689,#9690,#9696));
#9688 = ORIENTED_EDGE('',*,*,#9674,.F.);
#9689 = ORIENTED_EDGE('',*,*,#6104,.F.);
#9690 = ORIENTED_EDGE('',*,*,#9691,.F.);
#9691 = EDGE_CURVE('',#8300,#6097,#9692,.T.);
#9692 = LINE('',#9693,#9694);
#9693 = CARTESIAN_POINT('',(-42.1775,20.,-25.5));
#9694 = VECTOR('',#9695,1.);
#9695 = DIRECTION('',(0.,0.,1.));
#9696 = ORIENTED_EDGE('',*,*,#8299,.F.);
#9697 = PLANE('',#9698);
#9698 = AXIS2_PLACEMENT_3D('',#9699,#9700,#9701);
#9699 = CARTESIAN_POINT('',(-200.,20.,-50.));
#9700 = DIRECTION('',(0.,1.,0.));
#9701 = DIRECTION('',(0.,0.,1.));
#9702 = ADVANCED_FACE('',(#9703),#9714,.T.);
#9703 = FACE_BOUND('',#9704,.T.);
#9704 = EDGE_LOOP('',(#9705,#9711,#9712,#9713));
#9705 = ORIENTED_EDGE('',*,*,#9706,.F.);
#9706 = EDGE_CURVE('',#8308,#6088,#9707,.T.);
#9707 = LINE('',#9708,#9709);
#9708 = CARTESIAN_POINT('',(-42.1775,18.27617963922,-1.));
#9709 = VECTOR('',#9710,1.);
#9710 = DIRECTION('',(0.,0.,1.));
#9711 = ORIENTED_EDGE('',*,*,#8307,.T.);
#9712 = ORIENTED_EDGE('',*,*,#9691,.T.);
#9713 = ORIENTED_EDGE('',*,*,#6096,.F.);
#9714 = PLANE('',#9715);
#9715 = AXIS2_PLACEMENT_3D('',#9716,#9717,#9718);
#9716 = CARTESIAN_POINT('',(-42.1775,16.,-1.));
#9717 = DIRECTION('',(1.,0.,0.));
#9718 = DIRECTION('',(0.,0.,1.));
#9719 = ADVANCED_FACE('',(#9720),#9731,.F.);
#9720 = FACE_BOUND('',#9721,.F.);
#9721 = EDGE_LOOP('',(#9722,#9723,#9724,#9730));
#9722 = ORIENTED_EDGE('',*,*,#9706,.F.);
#9723 = ORIENTED_EDGE('',*,*,#8315,.T.);
#9724 = ORIENTED_EDGE('',*,*,#9725,.T.);
#9725 = EDGE_CURVE('',#8316,#6080,#9726,.T.);
#9726 = LINE('',#9727,#9728);
#9727 = CARTESIAN_POINT('',(-43.11006430801,15.5,-1.));
#9728 = VECTOR('',#9729,1.);
#9729 = DIRECTION('',(0.,0.,1.));
#9730 = ORIENTED_EDGE('',*,*,#6087,.F.);
#9731 = CYLINDRICAL_SURFACE('',#9732,3.15);
#9732 = AXIS2_PLACEMENT_3D('',#9733,#9734,#9735);
#9733 = CARTESIAN_POINT('',(-40.,16.,-1.));
#9734 = DIRECTION('',(0.,0.,1.));
#9735 = DIRECTION('',(1.,0.,0.));
#9736 = ADVANCED_FACE('',(#9737),#9748,.F.);
#9737 = FACE_BOUND('',#9738,.F.);
#9738 = EDGE_LOOP('',(#9739,#9740,#9746,#9747));
#9739 = ORIENTED_EDGE('',*,*,#8324,.F.);
#9740 = ORIENTED_EDGE('',*,*,#9741,.T.);
#9741 = EDGE_CURVE('',#8325,#6071,#9742,.T.);
#9742 = LINE('',#9743,#9744);
#9743 = CARTESIAN_POINT('',(-36.88993569198,15.5,-1.));
#9744 = VECTOR('',#9745,1.);
#9745 = DIRECTION('',(0.,0.,1.));
#9746 = ORIENTED_EDGE('',*,*,#6079,.T.);
#9747 = ORIENTED_EDGE('',*,*,#9725,.F.);
#9748 = PLANE('',#9749);
#9749 = AXIS2_PLACEMENT_3D('',#9750,#9751,#9752);
#9750 = CARTESIAN_POINT('',(56.,15.5,0.));
#9751 = DIRECTION('',(0.,-1.,0.));
#9752 = DIRECTION('',(-1.,0.,0.));
#9753 = ADVANCED_FACE('',(#9754),#9767,.F.);
#9754 = FACE_BOUND('',#9755,.F.);
#9755 = EDGE_LOOP('',(#9756,#9762,#9763,#9764,#9765,#9766));
#9756 = ORIENTED_EDGE('',*,*,#9757,.T.);
#9757 = EDGE_CURVE('',#8342,#6054,#9758,.T.);
#9758 = LINE('',#9759,#9760);
#9759 = CARTESIAN_POINT('',(-37.8225,18.27617963922,-1.));
#9760 = VECTOR('',#9761,1.);
#9761 = DIRECTION('',(0.,0.,1.));
#9762 = ORIENTED_EDGE('',*,*,#6061,.F.);
#9763 = ORIENTED_EDGE('',*,*,#6070,.F.);
#9764 = ORIENTED_EDGE('',*,*,#9741,.F.);
#9765 = ORIENTED_EDGE('',*,*,#8332,.T.);
#9766 = ORIENTED_EDGE('',*,*,#8341,.T.);
#9767 = CYLINDRICAL_SURFACE('',#9768,3.15);
#9768 = AXIS2_PLACEMENT_3D('',#9769,#9770,#9771);
#9769 = CARTESIAN_POINT('',(-40.,16.,-1.));
#9770 = DIRECTION('',(0.,0.,1.));
#9771 = DIRECTION('',(1.,0.,0.));
#9772 = ADVANCED_FACE('',(#9773),#9784,.F.);
#9773 = FACE_BOUND('',#9774,.F.);
#9774 = EDGE_LOOP('',(#9775,#9776,#9777,#9783));
#9775 = ORIENTED_EDGE('',*,*,#9757,.F.);
#9776 = ORIENTED_EDGE('',*,*,#8350,.T.);
#9777 = ORIENTED_EDGE('',*,*,#9778,.T.);
#9778 = EDGE_CURVE('',#8351,#6046,#9779,.T.);
#9779 = LINE('',#9780,#9781);
#9780 = CARTESIAN_POINT('',(-37.8225,20.,-25.5));
#9781 = VECTOR('',#9782,1.);
#9782 = DIRECTION('',(0.,0.,1.));
#9783 = ORIENTED_EDGE('',*,*,#6053,.F.);
#9784 = PLANE('',#9785);
#9785 = AXIS2_PLACEMENT_3D('',#9786,#9787,#9788);
#9786 = CARTESIAN_POINT('',(-37.8225,16.,-1.));
#9787 = DIRECTION('',(1.,0.,0.));
#9788 = DIRECTION('',(0.,0.,1.));
#9789 = ADVANCED_FACE('',(#9790),#9802,.T.);
#9790 = FACE_BOUND('',#9791,.T.);
#9791 = EDGE_LOOP('',(#9792,#9793,#9794,#9795));
#9792 = ORIENTED_EDGE('',*,*,#8358,.F.);
#9793 = ORIENTED_EDGE('',*,*,#9778,.T.);
#9794 = ORIENTED_EDGE('',*,*,#6045,.F.);
#9795 = ORIENTED_EDGE('',*,*,#9796,.F.);
#9796 = EDGE_CURVE('',#8359,#6037,#9797,.T.);
#9797 = HYPERBOLA('',#9798,137.14285714287,4.);
#9798 = AXIS2_PLACEMENT_3D('',#9799,#9800,#9801);
#9799 = CARTESIAN_POINT('',(-40.,20.,190.28571428573));
#9800 = DIRECTION('',(0.,1.,0.));
#9801 = DIRECTION('',(0.,0.,-1.));
#9802 = PLANE('',#9803);
#9803 = AXIS2_PLACEMENT_3D('',#9804,#9805,#9806);
#9804 = CARTESIAN_POINT('',(-200.,20.,-50.));
#9805 = DIRECTION('',(0.,1.,0.));
#9806 = DIRECTION('',(0.,0.,1.));
#9807 = ADVANCED_FACE('',(#9808),#9819,.T.);
#9808 = FACE_BOUND('',#9809,.T.);
#9809 = EDGE_LOOP('',(#9810,#9811,#9817,#9818));
#9810 = ORIENTED_EDGE('',*,*,#6036,.F.);
#9811 = ORIENTED_EDGE('',*,*,#9812,.F.);
#9812 = EDGE_CURVE('',#8367,#6028,#9813,.T.);
#9813 = LINE('',#9814,#9815);
#9814 = CARTESIAN_POINT('',(-34.45,16.,0.));
#9815 = VECTOR('',#9816,1.);
#9816 = DIRECTION('',(-2.915426861567E-02,7.140736348332E-18,
    0.999574923966));
#9817 = ORIENTED_EDGE('',*,*,#8366,.T.);
#9818 = ORIENTED_EDGE('',*,*,#9796,.T.);
#9819 = CONICAL_SURFACE('',#9820,5.55,2.915840024514E-02);
#9820 = AXIS2_PLACEMENT_3D('',#9821,#9822,#9823);
#9821 = CARTESIAN_POINT('',(-40.,16.,0.));
#9822 = DIRECTION('',(-0.,-0.,-1.));
#9823 = DIRECTION('',(1.,0.,0.));
#9824 = ADVANCED_FACE('',(#9825),#9837,.T.);
#9825 = FACE_BOUND('',#9826,.T.);
#9826 = EDGE_LOOP('',(#9827,#9828,#9829,#9836));
#9827 = ORIENTED_EDGE('',*,*,#9812,.T.);
#9828 = ORIENTED_EDGE('',*,*,#6027,.F.);
#9829 = ORIENTED_EDGE('',*,*,#9830,.T.);
#9830 = EDGE_CURVE('',#6020,#8376,#9831,.T.);
#9831 = HYPERBOLA('',#9832,17.142857142857,0.5);
#9832 = AXIS2_PLACEMENT_3D('',#9833,#9834,#9835);
#9833 = CARTESIAN_POINT('',(-40.,15.5,190.28571428571));
#9834 = DIRECTION('',(0.,-1.,0.));
#9835 = DIRECTION('',(-0.,-0.,-1.));
#9836 = ORIENTED_EDGE('',*,*,#8375,.T.);
#9837 = CONICAL_SURFACE('',#9838,5.55,2.915840024514E-02);
#9838 = AXIS2_PLACEMENT_3D('',#9839,#9840,#9841);
#9839 = CARTESIAN_POINT('',(-40.,16.,0.));
#9840 = DIRECTION('',(-0.,-0.,-1.));
#9841 = DIRECTION('',(1.,0.,0.));
#9842 = ADVANCED_FACE('',(#9843),#9849,.F.);
#9843 = FACE_BOUND('',#9844,.F.);
#9844 = EDGE_LOOP('',(#9845,#9846,#9847,#9848));
#9845 = ORIENTED_EDGE('',*,*,#8384,.F.);
#9846 = ORIENTED_EDGE('',*,*,#8821,.T.);
#9847 = ORIENTED_EDGE('',*,*,#6019,.T.);
#9848 = ORIENTED_EDGE('',*,*,#9830,.T.);
#9849 = PLANE('',#9850);
#9850 = AXIS2_PLACEMENT_3D('',#9851,#9852,#9853);
#9851 = CARTESIAN_POINT('',(56.,15.5,0.));
#9852 = DIRECTION('',(0.,-1.,0.));
#9853 = DIRECTION('',(-1.,0.,0.));
#9854 = ADVANCED_FACE('',(#9855),#9866,.T.);
#9855 = FACE_BOUND('',#9856,.T.);
#9856 = EDGE_LOOP('',(#9857,#9858,#9864,#9865));
#9857 = ORIENTED_EDGE('',*,*,#8769,.F.);
#9858 = ORIENTED_EDGE('',*,*,#9859,.F.);
#9859 = EDGE_CURVE('',#6658,#8762,#9860,.T.);
#9860 = LINE('',#9861,#9862);
#9861 = CARTESIAN_POINT('',(-16.,-2.,0.));
#9862 = VECTOR('',#9863,1.);
#9863 = DIRECTION('',(0.,0.,-1.));
#9864 = ORIENTED_EDGE('',*,*,#6665,.F.);
#9865 = ORIENTED_EDGE('',*,*,#6609,.F.);
#9866 = PLANE('',#9867);
#9867 = AXIS2_PLACEMENT_3D('',#9868,#9869,#9870);
#9868 = CARTESIAN_POINT('',(-15.06597289171,0.318963855043,0.));
#9869 = DIRECTION('',(0.927585542017,-0.373610843312,0.));
#9870 = DIRECTION('',(-0.373610843312,-0.927585542017,0.));
#9871 = ADVANCED_FACE('',(#9872),#9878,.T.);
#9872 = FACE_BOUND('',#9873,.T.);
#9873 = EDGE_LOOP('',(#9874,#9875,#9876,#9877));
#9874 = ORIENTED_EDGE('',*,*,#8761,.F.);
#9875 = ORIENTED_EDGE('',*,*,#9559,.T.);
#9876 = ORIENTED_EDGE('',*,*,#6657,.F.);
#9877 = ORIENTED_EDGE('',*,*,#9859,.T.);
#9878 = PLANE('',#9879);
#9879 = AXIS2_PLACEMENT_3D('',#9880,#9881,#9882);
#9880 = CARTESIAN_POINT('',(-14.70721090018,-4.139788854864,0.));
#9881 = DIRECTION('',(-0.855915541946,-0.517115639926,0.));
#9882 = DIRECTION('',(-0.517115639926,0.855915541946,0.));
#9883 = ADVANCED_FACE('',(#9884),#9889,.T.);
#9884 = FACE_BOUND('',#9885,.T.);
#9885 = EDGE_LOOP('',(#9886,#9887,#9888));
#9886 = ORIENTED_EDGE('',*,*,#7447,.F.);
#9887 = ORIENTED_EDGE('',*,*,#6751,.T.);
#9888 = ORIENTED_EDGE('',*,*,#6719,.T.);
#9889 = PLANE('',#9890);
#9890 = AXIS2_PLACEMENT_3D('',#9891,#9892,#9893);
#9891 = CARTESIAN_POINT('',(13.,-21.,189.));
#9892 = DIRECTION('',(0.,-0.959017708059,-0.283346141017));
#9893 = DIRECTION('',(1.,0.,0.));
#9894 = ADVANCED_FACE('',(#9895),#9915,.T.);
#9895 = FACE_BOUND('',#9896,.T.);
#9896 = EDGE_LOOP('',(#9897,#9898,#9899,#9907,#9913,#9914));
#9897 = ORIENTED_EDGE('',*,*,#6968,.F.);
#9898 = ORIENTED_EDGE('',*,*,#8063,.F.);
#9899 = ORIENTED_EDGE('',*,*,#9900,.F.);
#9900 = EDGE_CURVE('',#9901,#8056,#9903,.T.);
#9901 = VERTEX_POINT('',#9902);
#9902 = CARTESIAN_POINT('',(-8.,-12.8,140.));
#9903 = LINE('',#9904,#9905);
#9904 = CARTESIAN_POINT('',(-8.,-16.06626499314,140.));
#9905 = VECTOR('',#9906,1.);
#9906 = DIRECTION('',(0.,-1.,0.));
#9907 = ORIENTED_EDGE('',*,*,#9908,.F.);
#9908 = EDGE_CURVE('',#7034,#9901,#9909,.T.);
#9909 = LINE('',#9910,#9911);
#9910 = CARTESIAN_POINT('',(-8.,-12.8,68.));
#9911 = VECTOR('',#9912,1.);
#9912 = DIRECTION('',(0.,0.,1.));
#9913 = ORIENTED_EDGE('',*,*,#7041,.T.);
#9914 = ORIENTED_EDGE('',*,*,#7003,.T.);
#9915 = PLANE('',#9916);
#9916 = AXIS2_PLACEMENT_3D('',#9917,#9918,#9919);
#9917 = CARTESIAN_POINT('',(-8.,-13.4,68.));
#9918 = DIRECTION('',(1.,0.,0.));
#9919 = DIRECTION('',(0.,0.,1.));
#9920 = ADVANCED_FACE('',(#9921),#9954,.F.);
#9921 = FACE_BOUND('',#9922,.F.);
#9922 = EDGE_LOOP('',(#9923,#9933,#9938,#9939,#9940,#9946,#9947,#9948));
#9923 = ORIENTED_EDGE('',*,*,#9924,.F.);
#9924 = EDGE_CURVE('',#9925,#9927,#9929,.T.);
#9925 = VERTEX_POINT('',#9926);
#9926 = CARTESIAN_POINT('',(-10.,-13.8,78.));
#9927 = VERTEX_POINT('',#9928);
#9928 = CARTESIAN_POINT('',(-10.,-13.8,140.));
#9929 = LINE('',#9930,#9931);
#9930 = CARTESIAN_POINT('',(-10.,-13.8,78.));
#9931 = VECTOR('',#9932,1.);
#9932 = DIRECTION('',(0.,0.,1.));
#9933 = ORIENTED_EDGE('',*,*,#9934,.F.);
#9934 = EDGE_CURVE('',#7989,#9925,#9935,.T.);
#9935 = B_SPLINE_CURVE_WITH_KNOTS('',1,(#9936,#9937),.UNSPECIFIED.,.F.,
  .F.,(2,2),(0.,1.),.PIECEWISE_BEZIER_KNOTS.);
#9936 = CARTESIAN_POINT('',(-10.,-12.8,68.));
#9937 = CARTESIAN_POINT('',(-10.,-13.8,78.));
#9938 = ORIENTED_EDGE('',*,*,#8031,.T.);
#9939 = ORIENTED_EDGE('',*,*,#7094,.F.);
#9940 = ORIENTED_EDGE('',*,*,#9941,.T.);
#9941 = EDGE_CURVE('',#7087,#7026,#9942,.T.);
#9942 = LINE('',#9943,#9944);
#9943 = CARTESIAN_POINT('',(-10.,-12.8,68.));
#9944 = VECTOR('',#9945,1.);
#9945 = DIRECTION('',(0.,0.,1.));
#9946 = ORIENTED_EDGE('',*,*,#7025,.F.);
#9947 = ORIENTED_EDGE('',*,*,#8047,.T.);
#9948 = ORIENTED_EDGE('',*,*,#9949,.F.);
#9949 = EDGE_CURVE('',#9927,#8048,#9950,.T.);
#9950 = LINE('',#9951,#9952);
#9951 = CARTESIAN_POINT('',(-10.,-13.8,140.));
#9952 = VECTOR('',#9953,1.);
#9953 = DIRECTION('',(0.,1.,0.));
#9954 = PLANE('',#9955);
#9955 = AXIS2_PLACEMENT_3D('',#9956,#9957,#9958);
#9956 = CARTESIAN_POINT('',(-10.,-13.8,68.));
#9957 = DIRECTION('',(1.,0.,0.));
#9958 = DIRECTION('',(0.,0.,1.));
#9959 = ADVANCED_FACE('',(#9960,#10001),#10035,.T.);
#9960 = FACE_BOUND('',#9961,.T.);
#9961 = EDGE_LOOP('',(#9962,#9968,#9969,#9975,#9976,#9977,#9978,#9979,
    #9987,#9993,#9994,#10000));
#9962 = ORIENTED_EDGE('',*,*,#9963,.F.);
#9963 = EDGE_CURVE('',#7153,#7265,#9964,.T.);
#9964 = LINE('',#9965,#9966);
#9965 = CARTESIAN_POINT('',(8.,-12.8,68.));
#9966 = VECTOR('',#9967,1.);
#9967 = DIRECTION('',(0.,0.,1.));
#9968 = ORIENTED_EDGE('',*,*,#7152,.T.);
#9969 = ORIENTED_EDGE('',*,*,#9970,.T.);
#9970 = EDGE_CURVE('',#7145,#7079,#9971,.T.);
#9971 = LINE('',#9972,#9973);
#9972 = CARTESIAN_POINT('',(-8.,-12.8,68.));
#9973 = VECTOR('',#9974,1.);
#9974 = DIRECTION('',(0.,0.,1.));
#9975 = ORIENTED_EDGE('',*,*,#7086,.F.);
#9976 = ORIENTED_EDGE('',*,*,#9941,.T.);
#9977 = ORIENTED_EDGE('',*,*,#7033,.F.);
#9978 = ORIENTED_EDGE('',*,*,#9908,.T.);
#9979 = ORIENTED_EDGE('',*,*,#9980,.T.);
#9980 = EDGE_CURVE('',#9901,#9981,#9983,.T.);
#9981 = VERTEX_POINT('',#9982);
#9982 = CARTESIAN_POINT('',(8.,-12.8,140.));
#9983 = LINE('',#9984,#9985);
#9984 = CARTESIAN_POINT('',(-10.,-12.8,140.));
#9985 = VECTOR('',#9986,1.);
#9986 = DIRECTION('',(1.,0.,0.));
#9987 = ORIENTED_EDGE('',*,*,#9988,.F.);
#9988 = EDGE_CURVE('',#7360,#9981,#9989,.T.);
#9989 = LINE('',#9990,#9991);
#9990 = CARTESIAN_POINT('',(8.,-12.8,68.));
#9991 = VECTOR('',#9992,1.);
#9992 = DIRECTION('',(0.,0.,1.));
#9993 = ORIENTED_EDGE('',*,*,#7367,.F.);
#9994 = ORIENTED_EDGE('',*,*,#9995,.F.);
#9995 = EDGE_CURVE('',#7257,#7368,#9996,.T.);
#9996 = LINE('',#9997,#9998);
#9997 = CARTESIAN_POINT('',(10.,-12.8,68.));
#9998 = VECTOR('',#9999,1.);
#9999 = DIRECTION('',(0.,0.,1.));
#10000 = ORIENTED_EDGE('',*,*,#7264,.F.);
#10001 = FACE_BOUND('',#10002,.T.);
#10002 = EDGE_LOOP('',(#10003,#10013,#10021,#10029));
#10003 = ORIENTED_EDGE('',*,*,#10004,.F.);
#10004 = EDGE_CURVE('',#10005,#10007,#10009,.T.);
#10005 = VERTEX_POINT('',#10006);
#10006 = CARTESIAN_POINT('',(-6.,-12.8,138.));
#10007 = VERTEX_POINT('',#10008);
#10008 = CARTESIAN_POINT('',(6.,-12.8,138.));
#10009 = LINE('',#10010,#10011);
#10010 = CARTESIAN_POINT('',(-8.,-12.8,138.));
#10011 = VECTOR('',#10012,1.);
#10012 = DIRECTION('',(1.,0.,0.));
#10013 = ORIENTED_EDGE('',*,*,#10014,.T.);
#10014 = EDGE_CURVE('',#10005,#10015,#10017,.T.);
#10015 = VERTEX_POINT('',#10016);
#10016 = CARTESIAN_POINT('',(-6.,-12.8,131.));
#10017 = LINE('',#10018,#10019);
#10018 = CARTESIAN_POINT('',(-6.,-12.8,99.5));
#10019 = VECTOR('',#10020,1.);
#10020 = DIRECTION('',(0.,0.,-1.));
#10021 = ORIENTED_EDGE('',*,*,#10022,.T.);
#10022 = EDGE_CURVE('',#10015,#10023,#10025,.T.);
#10023 = VERTEX_POINT('',#10024);
#10024 = CARTESIAN_POINT('',(6.,-12.8,131.));
#10025 = LINE('',#10026,#10027);
#10026 = CARTESIAN_POINT('',(-8.,-12.8,131.));
#10027 = VECTOR('',#10028,1.);
#10028 = DIRECTION('',(1.,0.,0.));
#10029 = ORIENTED_EDGE('',*,*,#10030,.F.);
#10030 = EDGE_CURVE('',#10007,#10023,#10031,.T.);
#10031 = LINE('',#10032,#10033);
#10032 = CARTESIAN_POINT('',(6.,-12.8,99.5));
#10033 = VECTOR('',#10034,1.);
#10034 = DIRECTION('',(0.,0.,-1.));
#10035 = PLANE('',#10036);
#10036 = AXIS2_PLACEMENT_3D('',#10037,#10038,#10039);
#10037 = CARTESIAN_POINT('',(-10.,-12.8,68.));
#10038 = DIRECTION('',(0.,1.,0.));
#10039 = DIRECTION('',(0.,0.,1.));
#10040 = ADVANCED_FACE('',(#10041),#10047,.T.);
#10041 = FACE_BOUND('',#10042,.T.);
#10042 = EDGE_LOOP('',(#10043,#10044,#10045,#10046));
#10043 = ORIENTED_EDGE('',*,*,#9970,.F.);
#10044 = ORIENTED_EDGE('',*,*,#7144,.T.);
#10045 = ORIENTED_EDGE('',*,*,#7117,.T.);
#10046 = ORIENTED_EDGE('',*,*,#7078,.F.);
#10047 = PLANE('',#10048);
#10048 = AXIS2_PLACEMENT_3D('',#10049,#10050,#10051);
#10049 = CARTESIAN_POINT('',(-8.,-13.4,68.));
#10050 = DIRECTION('',(1.,0.,0.));
#10051 = DIRECTION('',(0.,0.,1.));
#10052 = ADVANCED_FACE('',(#10053),#10059,.F.);
#10053 = FACE_BOUND('',#10054,.F.);
#10054 = EDGE_LOOP('',(#10055,#10056,#10057,#10058));
#10055 = ORIENTED_EDGE('',*,*,#9963,.F.);
#10056 = ORIENTED_EDGE('',*,*,#7160,.T.);
#10057 = ORIENTED_EDGE('',*,*,#7222,.T.);
#10058 = ORIENTED_EDGE('',*,*,#7272,.F.);
#10059 = PLANE('',#10060);
#10060 = AXIS2_PLACEMENT_3D('',#10061,#10062,#10063);
#10061 = CARTESIAN_POINT('',(8.,-13.4,68.));
#10062 = DIRECTION('',(1.,0.,0.));
#10063 = DIRECTION('',(0.,0.,1.));
#10064 = ADVANCED_FACE('',(#10065),#10158,.T.);
#10065 = FACE_BOUND('',#10066,.T.);
#10066 = EDGE_LOOP('',(#10067,#10110,#10111,#10112,#10118,#10119,#10120,
    #10128,#10136,#10142,#10143,#10144,#10150,#10151,#10152));
#10067 = ORIENTED_EDGE('',*,*,#10068,.F.);
#10068 = EDGE_CURVE('',#7185,#10069,#10071,.T.);
#10069 = VERTEX_POINT('',#10070);
#10070 = CARTESIAN_POINT('',(10.,-13.2,72.));
#10071 = B_SPLINE_CURVE_WITH_KNOTS('',7,(#10072,#10073,#10074,#10075,
    #10076,#10077,#10078,#10079,#10080,#10081,#10082,#10083,#10084,
    #10085,#10086,#10087,#10088,#10089,#10090,#10091,#10092,#10093,
    #10094,#10095,#10096,#10097,#10098,#10099,#10100,#10101,#10102,
    #10103,#10104,#10105,#10106,#10107,#10108,#10109),.UNSPECIFIED.,.F.,
  .F.,(8,6,6,6,6,6,8),(0.,0.194931486321,0.429019660073,0.592666818756,
    0.685792518861,0.928091386316,1.),.UNSPECIFIED.);
#10072 = CARTESIAN_POINT('',(10.,-13.2,68.));
#10073 = CARTESIAN_POINT('',(10.00447055711,-13.2,68.044705571103));
#10074 = CARTESIAN_POINT('',(10.008796514942,-13.2,68.092511737402));
#10075 = CARTESIAN_POINT('',(10.012959878217,-13.2,68.143755983949));
#10076 = CARTESIAN_POINT('',(10.016938490774,-13.2,68.198808279229));
#10077 = CARTESIAN_POINT('',(10.020705803555,-13.2,68.25807565344));
#10078 = CARTESIAN_POINT('',(10.024231669103,-13.2,68.321986519827));
#10079 = CARTESIAN_POINT('',(10.031389997783,-13.2,68.473776887494));
#10080 = CARTESIAN_POINT('',(10.034903088722,-13.2,68.563922993428));
#10081 = CARTESIAN_POINT('',(10.037964220872,-13.2,68.662047060197));
#10082 = CARTESIAN_POINT('',(10.040512344794,-13.2,68.768714019562));
#10083 = CARTESIAN_POINT('',(10.042491185488,-13.2,68.884294196653));
#10084 = CARTESIAN_POINT('',(10.043866114986,-13.2,69.008695365508));
#10085 = CARTESIAN_POINT('',(10.045169725963,-13.2,69.233847302884));
#10086 = CARTESIAN_POINT('',(10.04540929496,-13.2,69.330477076991));
#10087 = CARTESIAN_POINT('',(10.045350354753,-13.2,69.430872528029));
#10088 = CARTESIAN_POINT('',(10.044999168329,-13.2,69.534740406502));
#10089 = CARTESIAN_POINT('',(10.044368066375,-13.2,69.641741819081));
#10090 = CARTESIAN_POINT('',(10.043473541106,-13.2,69.751513910817));
#10091 = CARTESIAN_POINT('',(10.041686061854,-13.2,69.927527797376));
#10092 = CARTESIAN_POINT('',(10.040958480757,-13.2,69.992149122726));
#10093 = CARTESIAN_POINT('',(10.040154970584,-13.2,70.05749381277));
#10094 = CARTESIAN_POINT('',(10.03927905738,-13.2,70.123502631349));
#10095 = CARTESIAN_POINT('',(10.038334321844,-13.2,70.190119711422));
#10096 = CARTESIAN_POINT('',(10.037324301722,-13.2,70.257293449713));
#10097 = CARTESIAN_POINT('',(10.033463454324,-13.2,70.501080719901));
#10098 = CARTESIAN_POINT('',(10.030256278863,-13.2,70.680592008152));
#10099 = CARTESIAN_POINT('',(10.026690252151,-13.2,70.86275984026));
#10100 = CARTESIAN_POINT('',(10.022819360757,-13.2,71.046957970461));
#10101 = CARTESIAN_POINT('',(10.018689009393,-13.2,71.232708199702));
#10102 = CARTESIAN_POINT('',(10.014335157604,-13.2,71.419686742337));
#10103 = CARTESIAN_POINT('',(10.008435627974,-13.2,71.663516194867));
#10104 = CARTESIAN_POINT('',(10.007068335666,-13.2,71.719407408743));
#10105 = CARTESIAN_POINT('',(10.005684666598,-13.2,71.775381509095));
#10106 = CARTESIAN_POINT('',(10.004285342818,-13.2,71.831432777165));
#10107 = CARTESIAN_POINT('',(10.002871042127,-13.2,71.887556000856));
#10108 = CARTESIAN_POINT('',(10.001442398084,-13.2,71.943746474727));
#10109 = CARTESIAN_POINT('',(10.,-13.2,72.));
#10110 = ORIENTED_EDGE('',*,*,#7184,.T.);
#10111 = ORIENTED_EDGE('',*,*,#7761,.T.);
#10112 = ORIENTED_EDGE('',*,*,#10113,.T.);
#10113 = EDGE_CURVE('',#7754,#7620,#10114,.T.);
#10114 = LINE('',#10115,#10116);
#10115 = CARTESIAN_POINT('',(23.,-13.2,72.));
#10116 = VECTOR('',#10117,1.);
#10117 = DIRECTION('',(0.,0.,1.));
#10118 = ORIENTED_EDGE('',*,*,#7637,.T.);
#10119 = ORIENTED_EDGE('',*,*,#7413,.T.);
#10120 = ORIENTED_EDGE('',*,*,#10121,.F.);
#10121 = EDGE_CURVE('',#10122,#7416,#10124,.T.);
#10122 = VERTEX_POINT('',#10123);
#10123 = CARTESIAN_POINT('',(8.,-13.2,140.));
#10124 = LINE('',#10125,#10126);
#10125 = CARTESIAN_POINT('',(8.,-13.2,87.));
#10126 = VECTOR('',#10127,1.);
#10127 = DIRECTION('',(0.,0.,1.));
#10128 = ORIENTED_EDGE('',*,*,#10129,.F.);
#10129 = EDGE_CURVE('',#10130,#10122,#10132,.T.);
#10130 = VERTEX_POINT('',#10131);
#10131 = CARTESIAN_POINT('',(10.,-13.2,140.));
#10132 = LINE('',#10133,#10134);
#10133 = CARTESIAN_POINT('',(1.059935623458E-16,-13.2,140.));
#10134 = VECTOR('',#10135,1.);
#10135 = DIRECTION('',(-1.,0.,0.));
#10136 = ORIENTED_EDGE('',*,*,#10137,.F.);
#10137 = EDGE_CURVE('',#7336,#10130,#10138,.T.);
#10138 = LINE('',#10139,#10140);
#10139 = CARTESIAN_POINT('',(10.,-13.2,87.));
#10140 = VECTOR('',#10141,1.);
#10141 = DIRECTION('',(0.,0.,1.));
#10142 = ORIENTED_EDGE('',*,*,#7333,.F.);
#10143 = ORIENTED_EDGE('',*,*,#7698,.F.);
#10144 = ORIENTED_EDGE('',*,*,#10145,.F.);
#10145 = EDGE_CURVE('',#7725,#7699,#10146,.T.);
#10146 = LINE('',#10147,#10148);
#10147 = CARTESIAN_POINT('',(22.,-13.2,97.5));
#10148 = VECTOR('',#10149,1.);
#10149 = DIRECTION('',(0.,0.,1.));
#10150 = ORIENTED_EDGE('',*,*,#7724,.F.);
#10151 = ORIENTED_EDGE('',*,*,#7246,.F.);
#10152 = ORIENTED_EDGE('',*,*,#10153,.F.);
#10153 = EDGE_CURVE('',#10069,#7247,#10154,.T.);
#10154 = LINE('',#10155,#10156);
#10155 = CARTESIAN_POINT('',(10.,-13.2,87.));
#10156 = VECTOR('',#10157,1.);
#10157 = DIRECTION('',(0.,0.,1.));
#10158 = PLANE('',#10159);
#10159 = AXIS2_PLACEMENT_3D('',#10160,#10161,#10162);
#10160 = CARTESIAN_POINT('',(2.119871246916E-16,-13.2,106.));
#10161 = DIRECTION('',(-0.,-1.,-0.));
#10162 = DIRECTION('',(0.,0.,-1.));
#10163 = ADVANCED_FACE('',(#10164),#10188,.T.);
#10164 = FACE_BOUND('',#10165,.T.);
#10165 = EDGE_LOOP('',(#10166,#10173,#10174,#10175,#10182));
#10166 = ORIENTED_EDGE('',*,*,#10167,.F.);
#10167 = EDGE_CURVE('',#7193,#10168,#10170,.T.);
#10168 = VERTEX_POINT('',#10169);
#10169 = CARTESIAN_POINT('',(13.,-23.7,78.));
#10170 = B_SPLINE_CURVE_WITH_KNOTS('',1,(#10171,#10172),.UNSPECIFIED.,
  .F.,.F.,(2,2),(0.,1.),.PIECEWISE_BEZIER_KNOTS.);
#10171 = CARTESIAN_POINT('',(10.,-14.,68.));
#10172 = CARTESIAN_POINT('',(13.,-23.7,78.));
#10173 = ORIENTED_EDGE('',*,*,#7192,.T.);
#10174 = ORIENTED_EDGE('',*,*,#10068,.T.);
#10175 = ORIENTED_EDGE('',*,*,#10176,.T.);
#10176 = EDGE_CURVE('',#10069,#10177,#10179,.T.);
#10177 = VERTEX_POINT('',#10178);
#10178 = CARTESIAN_POINT('',(10.,-13.8,78.));
#10179 = B_SPLINE_CURVE_WITH_KNOTS('',1,(#10180,#10181),.UNSPECIFIED.,
  .F.,.F.,(2,2),(0.,1.),.PIECEWISE_BEZIER_KNOTS.);
#10180 = CARTESIAN_POINT('',(10.,-12.8,68.));
#10181 = CARTESIAN_POINT('',(10.,-13.8,78.));
#10182 = ORIENTED_EDGE('',*,*,#10183,.F.);
#10183 = EDGE_CURVE('',#10168,#10177,#10184,.T.);
#10184 = LINE('',#10185,#10186);
#10185 = CARTESIAN_POINT('',(13.,-23.7,78.));
#10186 = VECTOR('',#10187,1.);
#10187 = DIRECTION('',(-0.290007395283,0.957024404433,0.));
#10188 = B_SPLINE_SURFACE_WITH_KNOTS('',1,1,(
    (#10189,#10190)
    ,(#10191,#10192
    )),.UNSPECIFIED.,.F.,.F.,.F.,(2,2),(2,2),(0.,10.34456378974),(0.,1.)
  ,.PIECEWISE_BEZIER_KNOTS.);
#10189 = CARTESIAN_POINT('',(10.,-14.,68.));
#10190 = CARTESIAN_POINT('',(13.,-23.7,78.));
#10191 = CARTESIAN_POINT('',(10.,-12.8,68.));
#10192 = CARTESIAN_POINT('',(10.,-13.8,78.));
#10193 = ADVANCED_FACE('',(#10194),#10211,.T.);
#10194 = FACE_BOUND('',#10195,.T.);
#10195 = EDGE_LOOP('',(#10196,#10197,#10198,#10206));
#10196 = ORIENTED_EDGE('',*,*,#7200,.T.);
#10197 = ORIENTED_EDGE('',*,*,#10167,.T.);
#10198 = ORIENTED_EDGE('',*,*,#10199,.F.);
#10199 = EDGE_CURVE('',#10200,#10168,#10202,.T.);
#10200 = VERTEX_POINT('',#10201);
#10201 = CARTESIAN_POINT('',(-13.,-23.7,78.));
#10202 = LINE('',#10203,#10204);
#10203 = CARTESIAN_POINT('',(-13.,-23.7,78.));
#10204 = VECTOR('',#10205,1.);
#10205 = DIRECTION('',(1.,0.,0.));
#10206 = ORIENTED_EDGE('',*,*,#10207,.F.);
#10207 = EDGE_CURVE('',#7201,#10200,#10208,.T.);
#10208 = B_SPLINE_CURVE_WITH_KNOTS('',1,(#10209,#10210),.UNSPECIFIED.,
  .F.,.F.,(2,2),(0.,1.),.PIECEWISE_BEZIER_KNOTS.);
#10209 = CARTESIAN_POINT('',(-10.,-14.,68.));
#10210 = CARTESIAN_POINT('',(-13.,-23.7,78.));
#10211 = B_SPLINE_SURFACE_WITH_KNOTS('',1,1,(
    (#10212,#10213)
    ,(#10214,#10215
    )),.UNSPECIFIED.,.F.,.F.,.F.,(2,2),(2,2),(0.,26.),(0.,1.),
  .PIECEWISE_BEZIER_KNOTS.);
#10212 = CARTESIAN_POINT('',(-10.,-14.,68.));
#10213 = CARTESIAN_POINT('',(-13.,-23.7,78.));
#10214 = CARTESIAN_POINT('',(10.,-14.,68.));
#10215 = CARTESIAN_POINT('',(13.,-23.7,78.));
#10216 = ADVANCED_FACE('',(#10217),#10229,.T.);
#10217 = FACE_BOUND('',#10218,.T.);
#10218 = EDGE_LOOP('',(#10219,#10220,#10221,#10222,#10228));
#10219 = ORIENTED_EDGE('',*,*,#7988,.F.);
#10220 = ORIENTED_EDGE('',*,*,#7208,.T.);
#10221 = ORIENTED_EDGE('',*,*,#10207,.T.);
#10222 = ORIENTED_EDGE('',*,*,#10223,.F.);
#10223 = EDGE_CURVE('',#9925,#10200,#10224,.T.);
#10224 = LINE('',#10225,#10226);
#10225 = CARTESIAN_POINT('',(-10.,-13.8,78.));
#10226 = VECTOR('',#10227,1.);
#10227 = DIRECTION('',(-0.290007395283,-0.957024404433,0.));
#10228 = ORIENTED_EDGE('',*,*,#9934,.F.);
#10229 = B_SPLINE_SURFACE_WITH_KNOTS('',1,1,(
    (#10230,#10231)
    ,(#10232,#10233
    )),.UNSPECIFIED.,.F.,.F.,.F.,(2,2),(2,2),(0.,10.34456378974),(0.,1.)
  ,.PIECEWISE_BEZIER_KNOTS.);
#10230 = CARTESIAN_POINT('',(-10.,-12.8,68.));
#10231 = CARTESIAN_POINT('',(-10.,-13.8,78.));
#10232 = CARTESIAN_POINT('',(-10.,-14.,68.));
#10233 = CARTESIAN_POINT('',(-13.,-23.7,78.));
#10234 = ADVANCED_FACE('',(#10235),#10257,.T.);
#10235 = FACE_BOUND('',#10236,.T.);
#10236 = EDGE_LOOP('',(#10237,#10245,#10246,#10247,#10248,#10249,#10250,
    #10251));
#10237 = ORIENTED_EDGE('',*,*,#10238,.F.);
#10238 = EDGE_CURVE('',#10177,#10239,#10241,.T.);
#10239 = VERTEX_POINT('',#10240);
#10240 = CARTESIAN_POINT('',(10.,-13.8,140.));
#10241 = LINE('',#10242,#10243);
#10242 = CARTESIAN_POINT('',(10.,-13.8,78.));
#10243 = VECTOR('',#10244,1.);
#10244 = DIRECTION('',(0.,0.,1.));
#10245 = ORIENTED_EDGE('',*,*,#10176,.F.);
#10246 = ORIENTED_EDGE('',*,*,#10153,.T.);
#10247 = ORIENTED_EDGE('',*,*,#7256,.F.);
#10248 = ORIENTED_EDGE('',*,*,#9995,.T.);
#10249 = ORIENTED_EDGE('',*,*,#7375,.F.);
#10250 = ORIENTED_EDGE('',*,*,#10137,.T.);
#10251 = ORIENTED_EDGE('',*,*,#10252,.F.);
#10252 = EDGE_CURVE('',#10239,#10130,#10253,.T.);
#10253 = LINE('',#10254,#10255);
#10254 = CARTESIAN_POINT('',(10.,-13.8,140.));
#10255 = VECTOR('',#10256,1.);
#10256 = DIRECTION('',(0.,1.,0.));
#10257 = PLANE('',#10258);
#10258 = AXIS2_PLACEMENT_3D('',#10259,#10260,#10261);
#10259 = CARTESIAN_POINT('',(10.,-13.8,68.));
#10260 = DIRECTION('',(1.,0.,0.));
#10261 = DIRECTION('',(0.,0.,1.));
#10262 = ADVANCED_FACE('',(#10263),#10276,.F.);
#10263 = FACE_BOUND('',#10264,.F.);
#10264 = EDGE_LOOP('',(#10265,#10266,#10267,#10273,#10274,#10275));
#10265 = ORIENTED_EDGE('',*,*,#7432,.F.);
#10266 = ORIENTED_EDGE('',*,*,#10121,.F.);
#10267 = ORIENTED_EDGE('',*,*,#10268,.F.);
#10268 = EDGE_CURVE('',#9981,#10122,#10269,.T.);
#10269 = LINE('',#10270,#10271);
#10270 = CARTESIAN_POINT('',(8.,-16.06626499314,140.));
#10271 = VECTOR('',#10272,1.);
#10272 = DIRECTION('',(0.,-1.,0.));
#10273 = ORIENTED_EDGE('',*,*,#9988,.F.);
#10274 = ORIENTED_EDGE('',*,*,#7359,.T.);
#10275 = ORIENTED_EDGE('',*,*,#7398,.T.);
#10276 = PLANE('',#10277);
#10277 = AXIS2_PLACEMENT_3D('',#10278,#10279,#10280);
#10278 = CARTESIAN_POINT('',(8.,-13.4,68.));
#10279 = DIRECTION('',(1.,0.,0.));
#10280 = DIRECTION('',(0.,0.,1.));
#10281 = ADVANCED_FACE('',(#10282),#10293,.T.);
#10282 = FACE_BOUND('',#10283,.T.);
#10283 = EDGE_LOOP('',(#10284,#10285,#10286,#10287));
#10284 = ORIENTED_EDGE('',*,*,#8729,.F.);
#10285 = ORIENTED_EDGE('',*,*,#7540,.T.);
#10286 = ORIENTED_EDGE('',*,*,#7499,.F.);
#10287 = ORIENTED_EDGE('',*,*,#10288,.F.);
#10288 = EDGE_CURVE('',#8730,#7500,#10289,.T.);
#10289 = LINE('',#10290,#10291);
#10290 = CARTESIAN_POINT('',(16.,-2.,0.));
#10291 = VECTOR('',#10292,1.);
#10292 = DIRECTION('',(0.,0.,1.));
#10293 = PLANE('',#10294);
#10294 = AXIS2_PLACEMENT_3D('',#10295,#10296,#10297);
#10295 = CARTESIAN_POINT('',(16.934027108281,-4.318963855043,0.));
#10296 = DIRECTION('',(-0.927585542017,-0.373610843312,0.));
#10297 = DIRECTION('',(-0.373610843312,0.927585542017,0.));
#10298 = ADVANCED_FACE('',(#10299),#10305,.T.);
#10299 = FACE_BOUND('',#10300,.T.);
#10300 = EDGE_LOOP('',(#10301,#10302,#10303,#10304));
#10301 = ORIENTED_EDGE('',*,*,#8737,.F.);
#10302 = ORIENTED_EDGE('',*,*,#10288,.T.);
#10303 = ORIENTED_EDGE('',*,*,#7507,.F.);
#10304 = ORIENTED_EDGE('',*,*,#9531,.F.);
#10305 = PLANE('',#10306);
#10306 = AXIS2_PLACEMENT_3D('',#10307,#10308,#10309);
#10307 = CARTESIAN_POINT('',(17.292789099814,0.139788854864,0.));
#10308 = DIRECTION('',(0.855915541946,-0.517115639926,0.));
#10309 = DIRECTION('',(-0.517115639926,-0.855915541946,0.));
#10310 = ADVANCED_FACE('',(#10311),#10317,.T.);
#10311 = FACE_BOUND('',#10312,.T.);
#10312 = EDGE_LOOP('',(#10313,#10314,#10315,#10316));
#10313 = ORIENTED_EDGE('',*,*,#7753,.T.);
#10314 = ORIENTED_EDGE('',*,*,#7660,.T.);
#10315 = ORIENTED_EDGE('',*,*,#7619,.F.);
#10316 = ORIENTED_EDGE('',*,*,#10113,.F.);
#10317 = PLANE('',#10318);
#10318 = AXIS2_PLACEMENT_3D('',#10319,#10320,#10321);
#10319 = CARTESIAN_POINT('',(23.,-13.2,72.));
#10320 = DIRECTION('',(1.,0.,0.));
#10321 = DIRECTION('',(0.,0.,1.));
#10322 = ADVANCED_FACE('',(#10323),#10329,.F.);
#10323 = FACE_BOUND('',#10324,.F.);
#10324 = EDGE_LOOP('',(#10325,#10326,#10327,#10328));
#10325 = ORIENTED_EDGE('',*,*,#10145,.F.);
#10326 = ORIENTED_EDGE('',*,*,#7736,.T.);
#10327 = ORIENTED_EDGE('',*,*,#7676,.T.);
#10328 = ORIENTED_EDGE('',*,*,#7706,.F.);
#10329 = PLANE('',#10330);
#10330 = AXIS2_PLACEMENT_3D('',#10331,#10332,#10333);
#10331 = CARTESIAN_POINT('',(22.,-13.5,89.));
#10332 = DIRECTION('',(1.,0.,0.));
#10333 = DIRECTION('',(0.,0.,1.));
#10334 = ADVANCED_FACE('',(#10335),#10366,.T.);
#10335 = FACE_BOUND('',#10336,.T.);
#10336 = EDGE_LOOP('',(#10337,#10345,#10353,#10359,#10360,#10361,#10362,
    #10363,#10364,#10365));
#10337 = ORIENTED_EDGE('',*,*,#10338,.T.);
#10338 = EDGE_CURVE('',#9927,#10339,#10341,.T.);
#10339 = VERTEX_POINT('',#10340);
#10340 = CARTESIAN_POINT('',(-13.,-23.7,140.));
#10341 = LINE('',#10342,#10343);
#10342 = CARTESIAN_POINT('',(-10.,-13.8,140.));
#10343 = VECTOR('',#10344,1.);
#10344 = DIRECTION('',(-0.290007395283,-0.957024404433,0.));
#10345 = ORIENTED_EDGE('',*,*,#10346,.T.);
#10346 = EDGE_CURVE('',#10339,#10347,#10349,.T.);
#10347 = VERTEX_POINT('',#10348);
#10348 = CARTESIAN_POINT('',(13.,-23.7,140.));
#10349 = LINE('',#10350,#10351);
#10350 = CARTESIAN_POINT('',(-13.,-23.7,140.));
#10351 = VECTOR('',#10352,1.);
#10352 = DIRECTION('',(1.,0.,0.));
#10353 = ORIENTED_EDGE('',*,*,#10354,.T.);
#10354 = EDGE_CURVE('',#10347,#10239,#10355,.T.);
#10355 = LINE('',#10356,#10357);
#10356 = CARTESIAN_POINT('',(13.,-23.7,140.));
#10357 = VECTOR('',#10358,1.);
#10358 = DIRECTION('',(-0.290007395283,0.957024404433,0.));
#10359 = ORIENTED_EDGE('',*,*,#10252,.T.);
#10360 = ORIENTED_EDGE('',*,*,#10129,.T.);
#10361 = ORIENTED_EDGE('',*,*,#10268,.F.);
#10362 = ORIENTED_EDGE('',*,*,#9980,.F.);
#10363 = ORIENTED_EDGE('',*,*,#9900,.T.);
#10364 = ORIENTED_EDGE('',*,*,#8055,.T.);
#10365 = ORIENTED_EDGE('',*,*,#9949,.F.);
#10366 = PLANE('',#10367);
#10367 = AXIS2_PLACEMENT_3D('',#10368,#10369,#10370);
#10368 = CARTESIAN_POINT('',(0.,-18.73252998629,140.));
#10369 = DIRECTION('',(0.,0.,1.));
#10370 = DIRECTION('',(1.,0.,0.));
#10371 = ADVANCED_FACE('',(#10372),#10383,.F.);
#10372 = FACE_BOUND('',#10373,.F.);
#10373 = EDGE_LOOP('',(#10374,#10375,#10376,#10382));
#10374 = ORIENTED_EDGE('',*,*,#9924,.T.);
#10375 = ORIENTED_EDGE('',*,*,#10338,.T.);
#10376 = ORIENTED_EDGE('',*,*,#10377,.F.);
#10377 = EDGE_CURVE('',#10200,#10339,#10378,.T.);
#10378 = LINE('',#10379,#10380);
#10379 = CARTESIAN_POINT('',(-13.,-23.7,78.));
#10380 = VECTOR('',#10381,1.);
#10381 = DIRECTION('',(0.,0.,1.));
#10382 = ORIENTED_EDGE('',*,*,#10223,.F.);
#10383 = PLANE('',#10384);
#10384 = AXIS2_PLACEMENT_3D('',#10385,#10386,#10387);
#10385 = CARTESIAN_POINT('',(-10.,-13.8,78.));
#10386 = DIRECTION('',(0.957024404433,-0.290007395283,0.));
#10387 = DIRECTION('',(-0.290007395283,-0.957024404433,0.));
#10388 = ADVANCED_FACE('',(#10389),#10414,.F.);
#10389 = FACE_BOUND('',#10390,.F.);
#10390 = EDGE_LOOP('',(#10391,#10399,#10407,#10413));
#10391 = ORIENTED_EDGE('',*,*,#10392,.F.);
#10392 = EDGE_CURVE('',#10393,#10005,#10395,.T.);
#10393 = VERTEX_POINT('',#10394);
#10394 = CARTESIAN_POINT('',(-6.,-16.,138.));
#10395 = LINE('',#10396,#10397);
#10396 = CARTESIAN_POINT('',(-6.,-16.,138.));
#10397 = VECTOR('',#10398,1.);
#10398 = DIRECTION('',(0.,1.,0.));
#10399 = ORIENTED_EDGE('',*,*,#10400,.T.);
#10400 = EDGE_CURVE('',#10393,#10401,#10403,.T.);
#10401 = VERTEX_POINT('',#10402);
#10402 = CARTESIAN_POINT('',(6.,-16.,138.));
#10403 = LINE('',#10404,#10405);
#10404 = CARTESIAN_POINT('',(-6.,-16.,138.));
#10405 = VECTOR('',#10406,1.);
#10406 = DIRECTION('',(1.,0.,0.));
#10407 = ORIENTED_EDGE('',*,*,#10408,.T.);
#10408 = EDGE_CURVE('',#10401,#10007,#10409,.T.);
#10409 = LINE('',#10410,#10411);
#10410 = CARTESIAN_POINT('',(6.,-16.,138.));
#10411 = VECTOR('',#10412,1.);
#10412 = DIRECTION('',(0.,1.,0.));
#10413 = ORIENTED_EDGE('',*,*,#10004,.F.);
#10414 = PLANE('',#10415);
#10415 = AXIS2_PLACEMENT_3D('',#10416,#10417,#10418);
#10416 = CARTESIAN_POINT('',(-6.,-16.,138.));
#10417 = DIRECTION('',(0.,0.,1.));
#10418 = DIRECTION('',(1.,0.,0.));
#10419 = ADVANCED_FACE('',(#10420),#10438,.T.);
#10420 = FACE_BOUND('',#10421,.T.);
#10421 = EDGE_LOOP('',(#10422,#10423,#10431,#10437));
#10422 = ORIENTED_EDGE('',*,*,#10392,.F.);
#10423 = ORIENTED_EDGE('',*,*,#10424,.F.);
#10424 = EDGE_CURVE('',#10425,#10393,#10427,.T.);
#10425 = VERTEX_POINT('',#10426);
#10426 = CARTESIAN_POINT('',(-6.,-16.,131.));
#10427 = LINE('',#10428,#10429);
#10428 = CARTESIAN_POINT('',(-6.,-16.,131.));
#10429 = VECTOR('',#10430,1.);
#10430 = DIRECTION('',(0.,0.,1.));
#10431 = ORIENTED_EDGE('',*,*,#10432,.T.);
#10432 = EDGE_CURVE('',#10425,#10015,#10433,.T.);
#10433 = LINE('',#10434,#10435);
#10434 = CARTESIAN_POINT('',(-6.,-16.,131.));
#10435 = VECTOR('',#10436,1.);
#10436 = DIRECTION('',(0.,1.,0.));
#10437 = ORIENTED_EDGE('',*,*,#10014,.F.);
#10438 = PLANE('',#10439);
#10439 = AXIS2_PLACEMENT_3D('',#10440,#10441,#10442);
#10440 = CARTESIAN_POINT('',(-6.,-16.,131.));
#10441 = DIRECTION('',(1.,0.,0.));
#10442 = DIRECTION('',(0.,0.,1.));
#10443 = ADVANCED_FACE('',(#10444),#10462,.T.);
#10444 = FACE_BOUND('',#10445,.T.);
#10445 = EDGE_LOOP('',(#10446,#10447,#10455,#10461));
#10446 = ORIENTED_EDGE('',*,*,#10432,.F.);
#10447 = ORIENTED_EDGE('',*,*,#10448,.T.);
#10448 = EDGE_CURVE('',#10425,#10449,#10451,.T.);
#10449 = VERTEX_POINT('',#10450);
#10450 = CARTESIAN_POINT('',(6.,-16.,131.));
#10451 = LINE('',#10452,#10453);
#10452 = CARTESIAN_POINT('',(-6.,-16.,131.));
#10453 = VECTOR('',#10454,1.);
#10454 = DIRECTION('',(1.,0.,0.));
#10455 = ORIENTED_EDGE('',*,*,#10456,.T.);
#10456 = EDGE_CURVE('',#10449,#10023,#10457,.T.);
#10457 = LINE('',#10458,#10459);
#10458 = CARTESIAN_POINT('',(6.,-16.,131.));
#10459 = VECTOR('',#10460,1.);
#10460 = DIRECTION('',(0.,1.,0.));
#10461 = ORIENTED_EDGE('',*,*,#10022,.F.);
#10462 = PLANE('',#10463);
#10463 = AXIS2_PLACEMENT_3D('',#10464,#10465,#10466);
#10464 = CARTESIAN_POINT('',(-6.,-16.,131.));
#10465 = DIRECTION('',(0.,0.,1.));
#10466 = DIRECTION('',(1.,0.,0.));
#10467 = ADVANCED_FACE('',(#10468),#10479,.F.);
#10468 = FACE_BOUND('',#10469,.F.);
#10469 = EDGE_LOOP('',(#10470,#10471,#10477,#10478));
#10470 = ORIENTED_EDGE('',*,*,#10408,.F.);
#10471 = ORIENTED_EDGE('',*,*,#10472,.F.);
#10472 = EDGE_CURVE('',#10449,#10401,#10473,.T.);
#10473 = LINE('',#10474,#10475);
#10474 = CARTESIAN_POINT('',(6.,-16.,131.));
#10475 = VECTOR('',#10476,1.);
#10476 = DIRECTION('',(0.,0.,1.));
#10477 = ORIENTED_EDGE('',*,*,#10456,.T.);
#10478 = ORIENTED_EDGE('',*,*,#10030,.F.);
#10479 = PLANE('',#10480);
#10480 = AXIS2_PLACEMENT_3D('',#10481,#10482,#10483);
#10481 = CARTESIAN_POINT('',(6.,-16.,131.));
#10482 = DIRECTION('',(1.,0.,0.));
#10483 = DIRECTION('',(0.,0.,1.));
#10484 = ADVANCED_FACE('',(#10485),#10496,.F.);
#10485 = FACE_BOUND('',#10486,.F.);
#10486 = EDGE_LOOP('',(#10487,#10493,#10494,#10495));
#10487 = ORIENTED_EDGE('',*,*,#10488,.T.);
#10488 = EDGE_CURVE('',#10168,#10347,#10489,.T.);
#10489 = LINE('',#10490,#10491);
#10490 = CARTESIAN_POINT('',(13.,-23.7,78.));
#10491 = VECTOR('',#10492,1.);
#10492 = DIRECTION('',(0.,0.,1.));
#10493 = ORIENTED_EDGE('',*,*,#10354,.T.);
#10494 = ORIENTED_EDGE('',*,*,#10238,.F.);
#10495 = ORIENTED_EDGE('',*,*,#10183,.F.);
#10496 = PLANE('',#10497);
#10497 = AXIS2_PLACEMENT_3D('',#10498,#10499,#10500);
#10498 = CARTESIAN_POINT('',(13.,-23.7,78.));
#10499 = DIRECTION('',(-0.957024404433,-0.290007395283,0.));
#10500 = DIRECTION('',(-0.290007395283,0.957024404433,0.));
#10501 = ADVANCED_FACE('',(#10502),#10508,.F.);
#10502 = FACE_BOUND('',#10503,.F.);
#10503 = EDGE_LOOP('',(#10504,#10505,#10506,#10507));
#10504 = ORIENTED_EDGE('',*,*,#10377,.T.);
#10505 = ORIENTED_EDGE('',*,*,#10346,.T.);
#10506 = ORIENTED_EDGE('',*,*,#10488,.F.);
#10507 = ORIENTED_EDGE('',*,*,#10199,.F.);
#10508 = PLANE('',#10509);
#10509 = AXIS2_PLACEMENT_3D('',#10510,#10511,#10512);
#10510 = CARTESIAN_POINT('',(-13.,-23.7,78.));
#10511 = DIRECTION('',(0.,1.,0.));
#10512 = DIRECTION('',(1.,0.,0.));
#10513 = ADVANCED_FACE('',(#10514),#10520,.T.);
#10514 = FACE_BOUND('',#10515,.T.);
#10515 = EDGE_LOOP('',(#10516,#10517,#10518,#10519));
#10516 = ORIENTED_EDGE('',*,*,#10448,.F.);
#10517 = ORIENTED_EDGE('',*,*,#10424,.T.);
#10518 = ORIENTED_EDGE('',*,*,#10400,.T.);
#10519 = ORIENTED_EDGE('',*,*,#10472,.F.);
#10520 = PLANE('',#10521);
#10521 = AXIS2_PLACEMENT_3D('',#10522,#10523,#10524);
#10522 = CARTESIAN_POINT('',(-6.,-16.,131.));
#10523 = DIRECTION('',(0.,1.,0.));
#10524 = DIRECTION('',(0.,0.,1.));
#10525 = ( GEOMETRIC_REPRESENTATION_CONTEXT(3) 
GLOBAL_UNCERTAINTY_ASSIGNED_CONTEXT((#10529)) 
GLOBAL_UNIT_ASSIGNED_CONTEXT((#10526,#10527,#10528)) 
REPRESENTATION_CONTEXT('Context #1',
  '3D Context with UNIT and UNCERTAINTY') );
#10526 = ( LENGTH_UNIT() NAMED_UNIT(*) SI_UNIT(.MILLI.,.METRE.) );
#10527 = ( NAMED_UNIT(*) PLANE_ANGLE_UNIT() SI_UNIT($,.RADIAN.) );
#10528 = ( NAMED_UNIT(*) SI_UNIT($,.STERADIAN.) SOLID_ANGLE_UNIT() );
#10529 = UNCERTAINTY_MEASURE_WITH_UNIT(LENGTH_MEASURE(5.E-07),#10526,
  'distance_accuracy_value','confusion accuracy');
#10530 = PRODUCT_RELATED_PRODUCT_CATEGORY('part',$,(#7));
ENDSEC;
END-ISO-10303-21;
