ISO-10303-21;
HEADER;
FILE_DESCRIPTION(('FreeCAD Model'),'2;1');
FILE_NAME('Open CASCADE Shape Model','2026-08-12T20:32:21',('FreeCAD'),(
    'FreeCAD'),'Open CASCADE STEP processor 7.8','FreeCAD','Unknown');
FILE_SCHEMA(('AUTOMOTIVE_DESIGN { 1 0 10303 214 1 1 1 1 }'));
ENDSEC;
DATA;
#1 = APPLICATION_PROTOCOL_DEFINITION('international standard',
  'automotive_design',2000,#2);
#2 = APPLICATION_CONTEXT(
  'core data for automotive mechanical design processes');
#3 = SHAPE_DEFINITION_REPRESENTATION(#4,#10);
#4 = PRODUCT_DEFINITION_SHAPE('','',#5);
#5 = PRODUCT_DEFINITION('design','',#6,#9);
#6 = PRODUCT_DEFINITION_FORMATION('','',#7);
#7 = PRODUCT('Open CASCADE STEP translator 7.8 3',
  'Open CASCADE STEP translator 7.8 3','',(#8));
#8 = PRODUCT_CONTEXT('',#2,'mechanical');
#9 = PRODUCT_DEFINITION_CONTEXT('part definition',#2,'design');
#10 = ADVANCED_BREP_SHAPE_REPRESENTATION('',(#11,#15),#10817);
#11 = AXIS2_PLACEMENT_3D('',#12,#13,#14);
#12 = CARTESIAN_POINT('',(0.,0.,0.));
#13 = DIRECTION('',(0.,0.,1.));
#14 = DIRECTION('',(1.,0.,-0.));
#15 = MANIFOLD_SOLID_BREP('',#16);
#16 = CLOSED_SHELL('',(#17,#69,#91,#135,#157,#173,#203,#234,#264,#295,
    #439,#469,#498,#528,#647,#667,#687,#710,#733,#756,#785,#808,#1421,
    #1438,#1490,#1513,#1593,#1679,#1702,#1748,#1765,#1786,#1807,#1830,
    #1853,#1876,#1899,#1928,#2167,#2345,#2535,#2723,#2898,#3085,#3102,
    #3152,#3183,#3221,#3243,#3281,#3311,#3361,#3399,#3435,#3451,#3481,
    #3512,#3529,#3546,#3575,#3612,#3629,#3658,#3695,#3718,#3741,#3764,
    #3787,#3816,#3845,#3921,#3962,#3979,#3996,#4042,#4058,#4075,#4091,
    #4142,#4159,#4182,#4205,#4228,#4251,#4362,#4391,#4421,#4451,#4560,
    #4583,#4612,#4635,#4652,#4699,#4739,#4770,#4817,#4880,#4943,#4990,
    #5044,#5091,#5131,#5142,#5205,#5268,#5315,#5369,#5400,#5447,#5464,
    #5480,#5496,#5512,#5528,#5540,#5569,#5592,#5615,#5638,#5661,#5684,
    #5707,#5724,#5747,#5770,#5793,#5956,#5979,#6002,#6019,#6042,#6065,
    #6082,#6099,#6122,#6145,#6168,#6188,#6211,#6331,#6364,#6376,#6393,
    #6410,#6427,#6461,#6478,#6490,#6610,#6622,#6655,#6672,#6711,#6723,
    #6740,#6757,#6769,#6798,#6819,#6831,#6847,#6870,#6893,#6910,#6933,
    #6956,#6986,#7009,#7033,#7063,#7086,#7110,#7127,#7144,#7161,#7177,
    #7193,#7224,#7266,#7317,#7334,#7365,#7382,#7398,#7414,#7426,#7438,
    #7450,#7472,#7484,#7515,#7539,#7563,#7580,#7592,#7637,#7668,#7707,
    #7754,#7785,#7816,#7847,#7878,#7909,#7949,#7988,#8035,#8057,#8088,
    #8110,#8141,#8172,#8203,#8264,#8316,#8348,#8417,#8449,#8500,#8552,
    #8584,#8653,#8685,#8736,#8788,#8819,#8841,#8872,#8903,#8934,#8956,
    #8987,#9022,#9046,#9080,#9111,#9146,#9177,#9212,#9236,#9270,#9301,
    #9336,#9367,#9402,#9426,#9450,#9474,#9506,#9556,#9587,#9618,#9659,
    #9695,#9781,#9812,#9836,#9853,#9884,#9908,#9925,#10021,#10044,#10059
    ,#10070,#10093,#10108,#10119,#10143,#10188,#10212,#10401,#10432,
    #10457,#10488,#10504,#10535,#10560,#10591,#10607,#10638,#10663,
    #10681,#10699,#10717,#10735,#10753,#10769,#10785,#10801));
#17 = ADVANCED_FACE('',(#18),#64,.T.);
#18 = FACE_BOUND('',#19,.T.);
#19 = EDGE_LOOP('',(#20,#29,#37,#44,#52,#59));
#20 = ORIENTED_EDGE('',*,*,#21,.F.);
#21 = EDGE_CURVE('',#22,#24,#26,.T.);
#22 = VERTEX_POINT('',#23);
#23 = CARTESIAN_POINT('',(14.238750305027,-8.,145.));
#24 = VERTEX_POINT('',#25);
#25 = CARTESIAN_POINT('',(13.,-8.457493010379,146.54843788128));
#26 = B_SPLINE_CURVE_WITH_KNOTS('',1,(#27,#28),.UNSPECIFIED.,.F.,.F.,(2,
    2),(0.,1.),.PIECEWISE_BEZIER_KNOTS.);
#27 = CARTESIAN_POINT('',(14.238750305027,-8.,144.99999999999));
#28 = CARTESIAN_POINT('',(13.,-8.457493010379,146.54843788128));
#29 = ORIENTED_EDGE('',*,*,#30,.T.);
#30 = EDGE_CURVE('',#22,#31,#33,.T.);
#31 = VERTEX_POINT('',#32);
#32 = CARTESIAN_POINT('',(-1.7763568394E-15,-13.38092308038,
    162.79843788128));
#33 = LINE('',#34,#35);
#34 = CARTESIAN_POINT('',(14.438262381114,-7.924602994502,
    144.75060990489));
#35 = VECTOR('',#36,1.);
#36 = DIRECTION('',(-0.607982649232,-0.229760884884,0.75997831154));
#37 = ORIENTED_EDGE('',*,*,#38,.F.);
#38 = EDGE_CURVE('',#39,#31,#41,.T.);
#39 = VERTEX_POINT('',#40);
#40 = CARTESIAN_POINT('',(-1.7763568394E-15,-1.380923080388,
    162.79843788128));
#41 = B_SPLINE_CURVE_WITH_KNOTS('',1,(#42,#43),.UNSPECIFIED.,.F.,.F.,(2,
    2),(0.,1.),.PIECEWISE_BEZIER_KNOTS.);
#42 = CARTESIAN_POINT('',(6.661338147751E-15,-1.380923080388,
    162.79843788128));
#43 = CARTESIAN_POINT('',(6.661338147751E-15,-13.38092308038,
    162.79843788128));
#44 = ORIENTED_EDGE('',*,*,#45,.F.);
#45 = EDGE_CURVE('',#46,#39,#48,.T.);
#46 = VERTEX_POINT('',#47);
#47 = CARTESIAN_POINT('',(13.,3.531867617286,146.54843788128));
#48 = LINE('',#49,#50);
#49 = CARTESIAN_POINT('',(14.438262381114,4.075397005498,144.75060990489
    ));
#50 = VECTOR('',#51,1.);
#51 = DIRECTION('',(-0.607982649232,-0.229760884884,0.75997831154));
#52 = ORIENTED_EDGE('',*,*,#53,.F.);
#53 = EDGE_CURVE('',#54,#46,#56,.T.);
#54 = VERTEX_POINT('',#55);
#55 = CARTESIAN_POINT('',(13.,-8.,146.54843788128));
#56 = B_SPLINE_CURVE_WITH_KNOTS('',1,(#57,#58),.UNSPECIFIED.,.F.,.F.,(2,
    2),(0.,1.),.PIECEWISE_BEZIER_KNOTS.);
#57 = CARTESIAN_POINT('',(13.,-8.,146.54843788128));
#58 = CARTESIAN_POINT('',(13.,3.531867617286,146.54843788128));
#59 = ORIENTED_EDGE('',*,*,#60,.F.);
#60 = EDGE_CURVE('',#24,#54,#61,.T.);
#61 = B_SPLINE_CURVE_WITH_KNOTS('',1,(#62,#63),.UNSPECIFIED.,.F.,.F.,(2,
    2),(0.,1.),.PIECEWISE_BEZIER_KNOTS.);
#62 = CARTESIAN_POINT('',(13.,-8.457493010379,146.54843788128));
#63 = CARTESIAN_POINT('',(13.,3.531867617286,146.54843788128));
#64 = B_SPLINE_SURFACE_WITH_KNOTS('',1,1,(
    (#65,#66)
    ,(#67,#68
    )),.UNSPECIFIED.,.F.,.F.,.F.,(2,2),(2,2),(0.,52.633080961176),(0.,1.
    ),.PIECEWISE_BEZIER_KNOTS.);
#65 = CARTESIAN_POINT('',(14.438262381114,-7.924602994502,
    144.75060990489));
#66 = CARTESIAN_POINT('',(14.438262381114,4.075397005498,144.75060990489
    ));
#67 = CARTESIAN_POINT('',(-17.56173761888,-20.01762625031,
    184.75060990489));
#68 = CARTESIAN_POINT('',(-17.56173761888,-8.017626250316,
    184.75060990489));
#69 = ADVANCED_FACE('',(#70),#86,.T.);
#70 = FACE_BOUND('',#71,.T.);
#71 = EDGE_LOOP('',(#72,#80,#85));
#72 = ORIENTED_EDGE('',*,*,#73,.F.);
#73 = EDGE_CURVE('',#74,#54,#76,.T.);
#74 = VERTEX_POINT('',#75);
#75 = CARTESIAN_POINT('',(13.,-8.,145.));
#76 = LINE('',#77,#78);
#77 = CARTESIAN_POINT('',(13.,-8.,8.));
#78 = VECTOR('',#79,1.);
#79 = DIRECTION('',(0.,0.,1.));
#80 = ORIENTED_EDGE('',*,*,#81,.T.);
#81 = EDGE_CURVE('',#74,#24,#82,.T.);
#82 = B_SPLINE_CURVE_WITH_KNOTS('',1,(#83,#84),.UNSPECIFIED.,.F.,.F.,(2,
    2),(0.,1.),.PIECEWISE_BEZIER_KNOTS.);
#83 = CARTESIAN_POINT('',(13.,-8.,145.));
#84 = CARTESIAN_POINT('',(13.,-21.,189.));
#85 = ORIENTED_EDGE('',*,*,#60,.T.);
#86 = B_SPLINE_SURFACE_WITH_KNOTS('',1,1,(
    (#87,#88)
    ,(#89,#90)),.UNSPECIFIED.,.F.,.F.,.F.,(2,2),(2,2),(0.,12.),(0.,1.),
  .PIECEWISE_BEZIER_KNOTS.);
#87 = CARTESIAN_POINT('',(13.,4.,145.));
#88 = CARTESIAN_POINT('',(13.,-9.,189.));
#89 = CARTESIAN_POINT('',(13.,-8.,145.));
#90 = CARTESIAN_POINT('',(13.,-21.,189.));
#91 = ADVANCED_FACE('',(#92),#130,.T.);
#92 = FACE_BOUND('',#93,.T.);
#93 = EDGE_LOOP('',(#94,#95,#103,#110,#117,#124));
#94 = ORIENTED_EDGE('',*,*,#38,.T.);
#95 = ORIENTED_EDGE('',*,*,#96,.T.);
#96 = EDGE_CURVE('',#31,#97,#99,.T.);
#97 = VERTEX_POINT('',#98);
#98 = CARTESIAN_POINT('',(-14.23875030502,-8.,145.));
#99 = LINE('',#100,#101);
#100 = CARTESIAN_POINT('',(17.561737618886,-20.01762625031,
    184.75060990489));
#101 = VECTOR('',#102,1.);
#102 = DIRECTION('',(-0.607982649232,0.229760884884,-0.75997831154));
#103 = ORIENTED_EDGE('',*,*,#104,.T.);
#104 = EDGE_CURVE('',#97,#105,#107,.T.);
#105 = VERTEX_POINT('',#106);
#106 = CARTESIAN_POINT('',(-13.,-8.457493010379,146.54843788128));
#107 = B_SPLINE_CURVE_WITH_KNOTS('',1,(#108,#109),.UNSPECIFIED.,.F.,.F.,
  (2,2),(0.,1.),.PIECEWISE_BEZIER_KNOTS.);
#108 = CARTESIAN_POINT('',(-14.23875030502,-8.,145.));
#109 = CARTESIAN_POINT('',(-13.,-8.457493010379,146.54843788128));
#110 = ORIENTED_EDGE('',*,*,#111,.F.);
#111 = EDGE_CURVE('',#112,#105,#114,.T.);
#112 = VERTEX_POINT('',#113);
#113 = CARTESIAN_POINT('',(-13.,-8.,146.54843788128));
#114 = B_SPLINE_CURVE_WITH_KNOTS('',1,(#115,#116),.UNSPECIFIED.,.F.,.F.,
  (2,2),(0.,1.),.PIECEWISE_BEZIER_KNOTS.);
#115 = CARTESIAN_POINT('',(-13.,3.531867617286,146.54843788128));
#116 = CARTESIAN_POINT('',(-13.,-8.457493010379,146.54843788128));
#117 = ORIENTED_EDGE('',*,*,#118,.T.);
#118 = EDGE_CURVE('',#112,#119,#121,.T.);
#119 = VERTEX_POINT('',#120);
#120 = CARTESIAN_POINT('',(-13.,3.531867617286,146.54843788128));
#121 = B_SPLINE_CURVE_WITH_KNOTS('',1,(#122,#123),.UNSPECIFIED.,.F.,.F.,
  (2,2),(0.,1.),.PIECEWISE_BEZIER_KNOTS.);
#122 = CARTESIAN_POINT('',(-13.,-8.,146.54843788128));
#123 = CARTESIAN_POINT('',(-13.,3.531867617286,146.54843788128));
#124 = ORIENTED_EDGE('',*,*,#125,.F.);
#125 = EDGE_CURVE('',#39,#119,#126,.T.);
#126 = LINE('',#127,#128);
#127 = CARTESIAN_POINT('',(17.561737618886,-8.017626250316,
    184.75060990489));
#128 = VECTOR('',#129,1.);
#129 = DIRECTION('',(-0.607982649232,0.229760884884,-0.75997831154));
#130 = B_SPLINE_SURFACE_WITH_KNOTS('',1,1,(
    (#131,#132)
    ,(#133,#134
    )),.UNSPECIFIED.,.F.,.F.,.F.,(2,2),(2,2),(0.,52.633080961176),(0.,1.
    ),.PIECEWISE_BEZIER_KNOTS.);
#131 = CARTESIAN_POINT('',(17.561737618886,-20.01762625031,
    184.75060990489));
#132 = CARTESIAN_POINT('',(17.561737618886,-8.017626250316,
    184.75060990489));
#133 = CARTESIAN_POINT('',(-14.43826238111,-7.924602994502,
    144.75060990489));
#134 = CARTESIAN_POINT('',(-14.43826238111,4.075397005498,
    144.75060990489));
#135 = ADVANCED_FACE('',(#136),#152,.T.);
#136 = FACE_BOUND('',#137,.T.);
#137 = EDGE_LOOP('',(#138,#145,#151));
#138 = ORIENTED_EDGE('',*,*,#139,.F.);
#139 = EDGE_CURVE('',#140,#105,#142,.T.);
#140 = VERTEX_POINT('',#141);
#141 = CARTESIAN_POINT('',(-13.,-8.,145.));
#142 = B_SPLINE_CURVE_WITH_KNOTS('',1,(#143,#144),.UNSPECIFIED.,.F.,.F.,
  (2,2),(0.,1.),.PIECEWISE_BEZIER_KNOTS.);
#143 = CARTESIAN_POINT('',(-13.,-8.,145.));
#144 = CARTESIAN_POINT('',(-13.,-21.,189.));
#145 = ORIENTED_EDGE('',*,*,#146,.T.);
#146 = EDGE_CURVE('',#140,#112,#147,.T.);
#147 = LINE('',#148,#149);
#148 = CARTESIAN_POINT('',(-13.,-8.,8.));
#149 = VECTOR('',#150,1.);
#150 = DIRECTION('',(0.,0.,1.));
#151 = ORIENTED_EDGE('',*,*,#111,.T.);
#152 = B_SPLINE_SURFACE_WITH_KNOTS('',1,1,(
    (#153,#154)
    ,(#155,#156
  )),.UNSPECIFIED.,.F.,.F.,.F.,(2,2),(2,2),(0.,12.),(0.,1.),
  .PIECEWISE_BEZIER_KNOTS.);
#153 = CARTESIAN_POINT('',(-13.,-8.,145.));
#154 = CARTESIAN_POINT('',(-13.,-21.,189.));
#155 = CARTESIAN_POINT('',(-13.,4.,145.));
#156 = CARTESIAN_POINT('',(-13.,-9.,189.));
#157 = ADVANCED_FACE('',(#158),#168,.T.);
#158 = FACE_BOUND('',#159,.T.);
#159 = EDGE_LOOP('',(#160,#161,#167));
#160 = ORIENTED_EDGE('',*,*,#81,.F.);
#161 = ORIENTED_EDGE('',*,*,#162,.T.);
#162 = EDGE_CURVE('',#74,#22,#163,.T.);
#163 = LINE('',#164,#165);
#164 = CARTESIAN_POINT('',(13.,-8.,145.));
#165 = VECTOR('',#166,1.);
#166 = DIRECTION('',(1.,0.,0.));
#167 = ORIENTED_EDGE('',*,*,#21,.T.);
#168 = PLANE('',#169);
#169 = AXIS2_PLACEMENT_3D('',#170,#171,#172);
#170 = CARTESIAN_POINT('',(13.,-21.,189.));
#171 = DIRECTION('',(0.,-0.959017708059,-0.283346141017));
#172 = DIRECTION('',(1.,0.,0.));
#173 = ADVANCED_FACE('',(#174),#198,.T.);
#174 = FACE_BOUND('',#175,.T.);
#175 = EDGE_LOOP('',(#176,#185,#192));
#176 = ORIENTED_EDGE('',*,*,#177,.F.);
#177 = EDGE_CURVE('',#178,#180,#182,.T.);
#178 = VERTEX_POINT('',#179);
#179 = CARTESIAN_POINT('',(-13.,-20.67398119122,187.89655172413));
#180 = VERTEX_POINT('',#181);
#181 = CARTESIAN_POINT('',(-13.,-21.,189.));
#182 = B_SPLINE_CURVE_WITH_KNOTS('',1,(#183,#184),.UNSPECIFIED.,.F.,.F.,
  (2,2),(0.,1.),.PIECEWISE_BEZIER_KNOTS.);
#183 = CARTESIAN_POINT('',(-13.,-8.,145.));
#184 = CARTESIAN_POINT('',(-13.,-21.,189.));
#185 = ORIENTED_EDGE('',*,*,#186,.T.);
#186 = EDGE_CURVE('',#178,#187,#189,.T.);
#187 = VERTEX_POINT('',#188);
#188 = CARTESIAN_POINT('',(-13.,-20.27272727272,189.));
#189 = B_SPLINE_CURVE_WITH_KNOTS('',1,(#190,#191),.UNSPECIFIED.,.F.,.F.,
  (2,2),(0.,1.),.PIECEWISE_BEZIER_KNOTS.);
#190 = CARTESIAN_POINT('',(-13.,-21.,187.));
#191 = CARTESIAN_POINT('',(-13.,-17.,198.));
#192 = ORIENTED_EDGE('',*,*,#193,.F.);
#193 = EDGE_CURVE('',#180,#187,#194,.T.);
#194 = LINE('',#195,#196);
#195 = CARTESIAN_POINT('',(-13.,-21.,189.));
#196 = VECTOR('',#197,1.);
#197 = DIRECTION('',(0.,1.,0.));
#198 = B_SPLINE_SURFACE_WITH_KNOTS('',1,1,(
    (#199,#200)
    ,(#201,#202
  )),.UNSPECIFIED.,.F.,.F.,.F.,(2,2),(2,2),(0.,12.),(0.,1.),
  .PIECEWISE_BEZIER_KNOTS.);
#199 = CARTESIAN_POINT('',(-13.,-8.,145.));
#200 = CARTESIAN_POINT('',(-13.,-21.,189.));
#201 = CARTESIAN_POINT('',(-13.,4.,145.));
#202 = CARTESIAN_POINT('',(-13.,-9.,189.));
#203 = ADVANCED_FACE('',(#204),#229,.F.);
#204 = FACE_BOUND('',#205,.F.);
#205 = EDGE_LOOP('',(#206,#214,#222,#228));
#206 = ORIENTED_EDGE('',*,*,#207,.F.);
#207 = EDGE_CURVE('',#208,#180,#210,.T.);
#208 = VERTEX_POINT('',#209);
#209 = CARTESIAN_POINT('',(-19.,-21.,189.));
#210 = LINE('',#211,#212);
#211 = CARTESIAN_POINT('',(-19.,-21.,189.));
#212 = VECTOR('',#213,1.);
#213 = DIRECTION('',(1.,0.,0.));
#214 = ORIENTED_EDGE('',*,*,#215,.F.);
#215 = EDGE_CURVE('',#216,#208,#218,.T.);
#216 = VERTEX_POINT('',#217);
#217 = CARTESIAN_POINT('',(-19.,-20.27272727272,189.));
#218 = LINE('',#219,#220);
#219 = CARTESIAN_POINT('',(-19.,-9.,189.));
#220 = VECTOR('',#221,1.);
#221 = DIRECTION('',(0.,-1.,0.));
#222 = ORIENTED_EDGE('',*,*,#223,.T.);
#223 = EDGE_CURVE('',#216,#187,#224,.T.);
#224 = LINE('',#225,#226);
#225 = CARTESIAN_POINT('',(-19.,-20.27272727272,189.));
#226 = VECTOR('',#227,1.);
#227 = DIRECTION('',(1.,0.,0.));
#228 = ORIENTED_EDGE('',*,*,#193,.F.);
#229 = PLANE('',#230);
#230 = AXIS2_PLACEMENT_3D('',#231,#232,#233);
#231 = CARTESIAN_POINT('',(-19.,-21.,189.));
#232 = DIRECTION('',(0.,0.,-1.));
#233 = DIRECTION('',(0.4472135955,0.894427191,0.));
#234 = ADVANCED_FACE('',(#235),#259,.T.);
#235 = FACE_BOUND('',#236,.T.);
#236 = EDGE_LOOP('',(#237,#246,#253));
#237 = ORIENTED_EDGE('',*,*,#238,.F.);
#238 = EDGE_CURVE('',#239,#241,#243,.T.);
#239 = VERTEX_POINT('',#240);
#240 = CARTESIAN_POINT('',(19.,-20.67398119122,187.89655172413));
#241 = VERTEX_POINT('',#242);
#242 = CARTESIAN_POINT('',(19.,-21.,189.));
#243 = B_SPLINE_CURVE_WITH_KNOTS('',1,(#244,#245),.UNSPECIFIED.,.F.,.F.,
  (2,2),(0.,1.),.PIECEWISE_BEZIER_KNOTS.);
#244 = CARTESIAN_POINT('',(19.,-8.,145.));
#245 = CARTESIAN_POINT('',(19.,-21.,189.));
#246 = ORIENTED_EDGE('',*,*,#247,.T.);
#247 = EDGE_CURVE('',#239,#248,#250,.T.);
#248 = VERTEX_POINT('',#249);
#249 = CARTESIAN_POINT('',(19.,-20.27272727272,189.));
#250 = B_SPLINE_CURVE_WITH_KNOTS('',1,(#251,#252),.UNSPECIFIED.,.F.,.F.,
  (2,2),(0.,1.),.PIECEWISE_BEZIER_KNOTS.);
#251 = CARTESIAN_POINT('',(19.,-21.,187.));
#252 = CARTESIAN_POINT('',(19.,-17.,198.));
#253 = ORIENTED_EDGE('',*,*,#254,.F.);
#254 = EDGE_CURVE('',#241,#248,#255,.T.);
#255 = LINE('',#256,#257);
#256 = CARTESIAN_POINT('',(19.,-21.,189.));
#257 = VECTOR('',#258,1.);
#258 = DIRECTION('',(0.,1.,0.));
#259 = B_SPLINE_SURFACE_WITH_KNOTS('',1,1,(
    (#260,#261)
    ,(#262,#263
  )),.UNSPECIFIED.,.F.,.F.,.F.,(2,2),(2,2),(0.,12.),(0.,1.),
  .PIECEWISE_BEZIER_KNOTS.);
#260 = CARTESIAN_POINT('',(19.,-8.,145.));
#261 = CARTESIAN_POINT('',(19.,-21.,189.));
#262 = CARTESIAN_POINT('',(19.,4.,145.));
#263 = CARTESIAN_POINT('',(19.,-9.,189.));
#264 = ADVANCED_FACE('',(#265),#290,.F.);
#265 = FACE_BOUND('',#266,.F.);
#266 = EDGE_LOOP('',(#267,#275,#283,#289));
#267 = ORIENTED_EDGE('',*,*,#268,.F.);
#268 = EDGE_CURVE('',#269,#241,#271,.T.);
#269 = VERTEX_POINT('',#270);
#270 = CARTESIAN_POINT('',(13.,-21.,189.));
#271 = LINE('',#272,#273);
#272 = CARTESIAN_POINT('',(13.,-21.,189.));
#273 = VECTOR('',#274,1.);
#274 = DIRECTION('',(1.,0.,0.));
#275 = ORIENTED_EDGE('',*,*,#276,.F.);
#276 = EDGE_CURVE('',#277,#269,#279,.T.);
#277 = VERTEX_POINT('',#278);
#278 = CARTESIAN_POINT('',(13.,-20.27272727272,189.));
#279 = LINE('',#280,#281);
#280 = CARTESIAN_POINT('',(13.,-9.,189.));
#281 = VECTOR('',#282,1.);
#282 = DIRECTION('',(0.,-1.,0.));
#283 = ORIENTED_EDGE('',*,*,#284,.T.);
#284 = EDGE_CURVE('',#277,#248,#285,.T.);
#285 = LINE('',#286,#287);
#286 = CARTESIAN_POINT('',(13.,-20.27272727272,189.));
#287 = VECTOR('',#288,1.);
#288 = DIRECTION('',(1.,0.,0.));
#289 = ORIENTED_EDGE('',*,*,#254,.F.);
#290 = PLANE('',#291);
#291 = AXIS2_PLACEMENT_3D('',#292,#293,#294);
#292 = CARTESIAN_POINT('',(13.,-21.,189.));
#293 = DIRECTION('',(0.,0.,-1.));
#294 = DIRECTION('',(0.4472135955,0.894427191,0.));
#295 = ADVANCED_FACE('',(#296),#434,.T.);
#296 = FACE_BOUND('',#297,.T.);
#297 = EDGE_LOOP('',(#298,#307,#315,#334,#341,#360,#368,#387,#394,#413,
    #421,#428));
#298 = ORIENTED_EDGE('',*,*,#299,.F.);
#299 = EDGE_CURVE('',#300,#302,#304,.T.);
#300 = VERTEX_POINT('',#301);
#301 = CARTESIAN_POINT('',(-38.,-17.,188.));
#302 = VERTEX_POINT('',#303);
#303 = CARTESIAN_POINT('',(-49.,-20.,202.));
#304 = B_SPLINE_CURVE_WITH_KNOTS('',1,(#305,#306),.UNSPECIFIED.,.F.,.F.,
  (2,2),(0.,1.),.PIECEWISE_BEZIER_KNOTS.);
#305 = CARTESIAN_POINT('',(-38.,-17.,188.));
#306 = CARTESIAN_POINT('',(-49.,-20.,202.));
#307 = ORIENTED_EDGE('',*,*,#308,.T.);
#308 = EDGE_CURVE('',#300,#309,#311,.T.);
#309 = VERTEX_POINT('',#310);
#310 = CARTESIAN_POINT('',(-19.,-17.,188.));
#311 = LINE('',#312,#313);
#312 = CARTESIAN_POINT('',(-38.,-17.,188.));
#313 = VECTOR('',#314,1.);
#314 = DIRECTION('',(1.,0.,0.));
#315 = ORIENTED_EDGE('',*,*,#316,.T.);
#316 = EDGE_CURVE('',#309,#317,#319,.T.);
#317 = VERTEX_POINT('',#318);
#318 = CARTESIAN_POINT('',(-19.,-18.34831460674,194.29213483146));
#319 = B_SPLINE_CURVE_WITH_KNOTS('',4,(#320,#321,#322,#323,#324,#325,
    #326,#327,#328,#329,#330,#331,#332,#333),.UNSPECIFIED.,.F.,.F.,(5,3,
    3,3,5),(0.,0.249698679877,0.498507853316,0.748784374553,1.),
  .UNSPECIFIED.);
#320 = CARTESIAN_POINT('',(-19.,-17.,188.));
#321 = CARTESIAN_POINT('',(-19.,-17.08442921585,188.39400300733));
#322 = CARTESIAN_POINT('',(-19.,-17.16891311869,188.78826122055));
#323 = CARTESIAN_POINT('',(-19.,-17.25341335598,189.18259566127));
#324 = CARTESIAN_POINT('',(-19.,-17.42207205624,189.96966959582));
#325 = CARTESIAN_POINT('',(-19.,-17.50623066252,190.36240975843));
#326 = CARTESIAN_POINT('',(-19.,-17.59033264149,190.75488566029));
#327 = CARTESIAN_POINT('',(-19.,-17.75884916553,191.54129610583));
#328 = CARTESIAN_POINT('',(-19.,-17.84326262616,191.93522558874));
#329 = CARTESIAN_POINT('',(-19.,-17.92754812536,192.32855791838));
#330 = CARTESIAN_POINT('',(-19.,-18.09611102808,193.11518479774));
#331 = CARTESIAN_POINT('',(-19.,-18.18038721256,193.50847365865));
#332 = CARTESIAN_POINT('',(-19.,-18.26446600393,193.90084135169));
#333 = CARTESIAN_POINT('',(-19.,-18.34831460674,194.29213483146));
#334 = ORIENTED_EDGE('',*,*,#335,.F.);
#335 = EDGE_CURVE('',#336,#317,#338,.T.);
#336 = VERTEX_POINT('',#337);
#337 = CARTESIAN_POINT('',(-13.,-18.34831460674,194.29213483146));
#338 = B_SPLINE_CURVE_WITH_KNOTS('',1,(#339,#340),.UNSPECIFIED.,.F.,.F.,
  (2,2),(0.,1.),.PIECEWISE_BEZIER_KNOTS.);
#339 = CARTESIAN_POINT('',(-13.,-18.34831460674,194.29213483146));
#340 = CARTESIAN_POINT('',(-19.,-18.34831460674,194.29213483146));
#341 = ORIENTED_EDGE('',*,*,#342,.T.);
#342 = EDGE_CURVE('',#336,#343,#345,.T.);
#343 = VERTEX_POINT('',#344);
#344 = CARTESIAN_POINT('',(-13.,-17.,188.));
#345 = B_SPLINE_CURVE_WITH_KNOTS('',4,(#346,#347,#348,#349,#350,#351,
    #352,#353,#354,#355,#356,#357,#358,#359),.UNSPECIFIED.,.F.,.F.,(5,3,
    3,3,5),(0.,0.253014968081,0.503231157539,0.75223617338,1.),
  .UNSPECIFIED.);
#346 = CARTESIAN_POINT('',(-13.,-18.34831460674,194.29213483146));
#347 = CARTESIAN_POINT('',(-13.,-18.26457339137,193.90134249305));
#348 = CARTESIAN_POINT('',(-13.,-18.18050430325,193.50902008183));
#349 = CARTESIAN_POINT('',(-13.,-18.0961319004,193.11528220187));
#350 = CARTESIAN_POINT('',(-13.,-17.92776786891,192.32958338827));
#351 = CARTESIAN_POINT('',(-13.,-17.84378235741,191.93765100126));
#352 = CARTESIAN_POINT('',(-13.,-17.75954983247,191.54456588487));
#353 = CARTESIAN_POINT('',(-13.,-17.59105093171,190.75823768133));
#354 = CARTESIAN_POINT('',(-13.,-17.50678670216,190.36500461011));
#355 = CARTESIAN_POINT('',(-13.,-17.42232860493,189.97086682301));
#356 = CARTESIAN_POINT('',(-13.,-17.25349946914,189.18299752268));
#357 = CARTESIAN_POINT('',(-13.,-17.1691301071,188.78927383316));
#358 = CARTESIAN_POINT('',(-13.,-17.08462112523,188.39489858444));
#359 = CARTESIAN_POINT('',(-13.,-17.,188.));
#360 = ORIENTED_EDGE('',*,*,#361,.T.);
#361 = EDGE_CURVE('',#343,#362,#364,.T.);
#362 = VERTEX_POINT('',#363);
#363 = CARTESIAN_POINT('',(13.,-17.,188.));
#364 = LINE('',#365,#366);
#365 = CARTESIAN_POINT('',(-38.,-17.,188.));
#366 = VECTOR('',#367,1.);
#367 = DIRECTION('',(1.,0.,0.));
#368 = ORIENTED_EDGE('',*,*,#369,.T.);
#369 = EDGE_CURVE('',#362,#370,#372,.T.);
#370 = VERTEX_POINT('',#371);
#371 = CARTESIAN_POINT('',(13.,-18.34831460674,194.29213483146));
#372 = B_SPLINE_CURVE_WITH_KNOTS('',4,(#373,#374,#375,#376,#377,#378,
    #379,#380,#381,#382,#383,#384,#385,#386),.UNSPECIFIED.,.F.,.F.,(5,3,
    3,3,5),(0.,0.24790363154,0.496211253493,0.747127046905,1.),
  .UNSPECIFIED.);
#373 = CARTESIAN_POINT('',(13.,-17.,188.));
#374 = CARTESIAN_POINT('',(13.,-17.08466887414,188.39512141267));
#375 = CARTESIAN_POINT('',(13.,-17.16922547829,188.78971889871));
#376 = CARTESIAN_POINT('',(13.,-17.25364228953,189.1836640178));
#377 = CARTESIAN_POINT('',(13.,-17.42228136432,189.97064636682));
#378 = CARTESIAN_POINT('',(13.,-17.50650307464,190.36368101502));
#379 = CARTESIAN_POINT('',(13.,-17.59053204649,190.75581621698));
#380 = CARTESIAN_POINT('',(13.,-17.75903464448,191.54216167427));
#381 = CARTESIAN_POINT('',(13.,-17.84350366136,191.9363504197));
#382 = CARTESIAN_POINT('',(13.,-17.92772432216,192.32938017008));
#383 = CARTESIAN_POINT('',(13.,-18.09627397248,193.11594520494));
#384 = CARTESIAN_POINT('',(13.,-18.18059867756,193.5094604953));
#385 = CARTESIAN_POINT('',(13.,-18.26462039454,193.90156184122));
#386 = CARTESIAN_POINT('',(13.,-18.34831460674,194.29213483146));
#387 = ORIENTED_EDGE('',*,*,#388,.F.);
#388 = EDGE_CURVE('',#389,#370,#391,.T.);
#389 = VERTEX_POINT('',#390);
#390 = CARTESIAN_POINT('',(19.,-18.34831460674,194.29213483146));
#391 = B_SPLINE_CURVE_WITH_KNOTS('',1,(#392,#393),.UNSPECIFIED.,.F.,.F.,
  (2,2),(0.,1.),.PIECEWISE_BEZIER_KNOTS.);
#392 = CARTESIAN_POINT('',(19.,-18.34831460674,194.29213483146));
#393 = CARTESIAN_POINT('',(13.,-18.34831460674,194.29213483146));
#394 = ORIENTED_EDGE('',*,*,#395,.T.);
#395 = EDGE_CURVE('',#389,#396,#398,.T.);
#396 = VERTEX_POINT('',#397);
#397 = CARTESIAN_POINT('',(19.,-17.,188.));
#398 = B_SPLINE_CURVE_WITH_KNOTS('',4,(#399,#400,#401,#402,#403,#404,
    #405,#406,#407,#408,#409,#410,#411,#412),.UNSPECIFIED.,.F.,.F.,(5,3,
    3,3,5),(0.,0.251356982081,0.500934760462,0.750441755952,1.),
  .UNSPECIFIED.);
#399 = CARTESIAN_POINT('',(19.,-18.34831460674,194.29213483146));
#400 = CARTESIAN_POINT('',(19.,-18.26441882312,193.90062117459));
#401 = CARTESIAN_POINT('',(19.,-18.18029259183,193.5080320952));
#402 = CARTESIAN_POINT('',(19.,-18.09596876368,193.1145208972));
#403 = CARTESIAN_POINT('',(19.,-17.92759266221,192.328765757));
#404 = CARTESIAN_POINT('',(19.,-17.84354269356,191.93653256998));
#405 = CARTESIAN_POINT('',(19.,-17.75936542182,191.54370530183));
#406 = CARTESIAN_POINT('',(19.,-17.59085044248,190.7573020649));
#407 = CARTESIAN_POINT('',(19.,-17.50651278985,190.36372635265));
#408 = CARTESIAN_POINT('',(19.,-17.4221181297,189.96988460531));
#409 = CARTESIAN_POINT('',(19.,-17.25327078182,189.18193031517));
#410 = CARTESIAN_POINT('',(19.,-17.16881808763,188.78781774229));
#411 = CARTESIAN_POINT('',(19.,-17.08438173106,188.39378141165));
#412 = CARTESIAN_POINT('',(19.,-17.,188.));
#413 = ORIENTED_EDGE('',*,*,#414,.T.);
#414 = EDGE_CURVE('',#396,#415,#417,.T.);
#415 = VERTEX_POINT('',#416);
#416 = CARTESIAN_POINT('',(38.,-17.,188.));
#417 = LINE('',#418,#419);
#418 = CARTESIAN_POINT('',(-38.,-17.,188.));
#419 = VECTOR('',#420,1.);
#420 = DIRECTION('',(1.,0.,0.));
#421 = ORIENTED_EDGE('',*,*,#422,.T.);
#422 = EDGE_CURVE('',#415,#423,#425,.T.);
#423 = VERTEX_POINT('',#424);
#424 = CARTESIAN_POINT('',(49.,-20.,202.));
#425 = B_SPLINE_CURVE_WITH_KNOTS('',1,(#426,#427),.UNSPECIFIED.,.F.,.F.,
  (2,2),(0.,1.),.PIECEWISE_BEZIER_KNOTS.);
#426 = CARTESIAN_POINT('',(38.,-17.,188.));
#427 = CARTESIAN_POINT('',(49.,-20.,202.));
#428 = ORIENTED_EDGE('',*,*,#429,.F.);
#429 = EDGE_CURVE('',#302,#423,#430,.T.);
#430 = LINE('',#431,#432);
#431 = CARTESIAN_POINT('',(-49.,-20.,202.));
#432 = VECTOR('',#433,1.);
#433 = DIRECTION('',(1.,0.,0.));
#434 = B_SPLINE_SURFACE_WITH_KNOTS('',1,1,(
    (#435,#436)
    ,(#437,#438
  )),.UNSPECIFIED.,.F.,.F.,.F.,(2,2),(2,2),(0.,98.),(0.,1.),
  .PIECEWISE_BEZIER_KNOTS.);
#435 = CARTESIAN_POINT('',(-38.,-17.,188.));
#436 = CARTESIAN_POINT('',(-49.,-20.,202.));
#437 = CARTESIAN_POINT('',(38.,-17.,188.));
#438 = CARTESIAN_POINT('',(49.,-20.,202.));
#439 = ADVANCED_FACE('',(#440),#464,.T.);
#440 = FACE_BOUND('',#441,.T.);
#441 = EDGE_LOOP('',(#442,#450,#451,#459));
#442 = ORIENTED_EDGE('',*,*,#443,.T.);
#443 = EDGE_CURVE('',#444,#300,#446,.T.);
#444 = VERTEX_POINT('',#445);
#445 = CARTESIAN_POINT('',(-41.,-14.,188.));
#446 = LINE('',#447,#448);
#447 = CARTESIAN_POINT('',(-41.,-14.,188.));
#448 = VECTOR('',#449,1.);
#449 = DIRECTION('',(0.707106781187,-0.707106781187,0.));
#450 = ORIENTED_EDGE('',*,*,#299,.T.);
#451 = ORIENTED_EDGE('',*,*,#452,.F.);
#452 = EDGE_CURVE('',#453,#302,#455,.T.);
#453 = VERTEX_POINT('',#454);
#454 = CARTESIAN_POINT('',(-54.,-15.,202.));
#455 = LINE('',#456,#457);
#456 = CARTESIAN_POINT('',(-54.,-15.,202.));
#457 = VECTOR('',#458,1.);
#458 = DIRECTION('',(0.707106781187,-0.707106781187,0.));
#459 = ORIENTED_EDGE('',*,*,#460,.F.);
#460 = EDGE_CURVE('',#444,#453,#461,.T.);
#461 = B_SPLINE_CURVE_WITH_KNOTS('',1,(#462,#463),.UNSPECIFIED.,.F.,.F.,
  (2,2),(0.,1.),.PIECEWISE_BEZIER_KNOTS.);
#462 = CARTESIAN_POINT('',(-41.,-14.,188.));
#463 = CARTESIAN_POINT('',(-54.,-15.,202.));
#464 = B_SPLINE_SURFACE_WITH_KNOTS('',1,1,(
    (#465,#466)
    ,(#467,#468
    )),.UNSPECIFIED.,.F.,.F.,.F.,(2,2),(2,2),(0.,7.071067811865),(0.,1.)
  ,.PIECEWISE_BEZIER_KNOTS.);
#465 = CARTESIAN_POINT('',(-41.,-14.,188.));
#466 = CARTESIAN_POINT('',(-54.,-15.,202.));
#467 = CARTESIAN_POINT('',(-38.,-17.,188.));
#468 = CARTESIAN_POINT('',(-49.,-20.,202.));
#469 = ADVANCED_FACE('',(#470),#493,.T.);
#470 = FACE_BOUND('',#471,.T.);
#471 = EDGE_LOOP('',(#472,#473,#480,#488));
#472 = ORIENTED_EDGE('',*,*,#429,.T.);
#473 = ORIENTED_EDGE('',*,*,#474,.T.);
#474 = EDGE_CURVE('',#423,#475,#477,.T.);
#475 = VERTEX_POINT('',#476);
#476 = CARTESIAN_POINT('',(56.,-19.,212.));
#477 = B_SPLINE_CURVE_WITH_KNOTS('',1,(#478,#479),.UNSPECIFIED.,.F.,.F.,
  (2,2),(0.,1.),.PIECEWISE_BEZIER_KNOTS.);
#478 = CARTESIAN_POINT('',(49.,-20.,202.));
#479 = CARTESIAN_POINT('',(56.,-19.,212.));
#480 = ORIENTED_EDGE('',*,*,#481,.F.);
#481 = EDGE_CURVE('',#482,#475,#484,.T.);
#482 = VERTEX_POINT('',#483);
#483 = CARTESIAN_POINT('',(-56.,-19.,212.));
#484 = LINE('',#485,#486);
#485 = CARTESIAN_POINT('',(-56.,-19.,212.));
#486 = VECTOR('',#487,1.);
#487 = DIRECTION('',(1.,0.,0.));
#488 = ORIENTED_EDGE('',*,*,#489,.F.);
#489 = EDGE_CURVE('',#302,#482,#490,.T.);
#490 = B_SPLINE_CURVE_WITH_KNOTS('',1,(#491,#492),.UNSPECIFIED.,.F.,.F.,
  (2,2),(0.,1.),.PIECEWISE_BEZIER_KNOTS.);
#491 = CARTESIAN_POINT('',(-49.,-20.,202.));
#492 = CARTESIAN_POINT('',(-56.,-19.,212.));
#493 = B_SPLINE_SURFACE_WITH_KNOTS('',1,1,(
    (#494,#495)
    ,(#496,#497
    )),.UNSPECIFIED.,.F.,.F.,.F.,(2,2),(2,2),(0.,112.),(0.,1.),
  .PIECEWISE_BEZIER_KNOTS.);
#494 = CARTESIAN_POINT('',(-49.,-20.,202.));
#495 = CARTESIAN_POINT('',(-56.,-19.,212.));
#496 = CARTESIAN_POINT('',(49.,-20.,202.));
#497 = CARTESIAN_POINT('',(56.,-19.,212.));
#498 = ADVANCED_FACE('',(#499),#523,.T.);
#499 = FACE_BOUND('',#500,.T.);
#500 = EDGE_LOOP('',(#501,#509,#516,#522));
#501 = ORIENTED_EDGE('',*,*,#502,.T.);
#502 = EDGE_CURVE('',#415,#503,#505,.T.);
#503 = VERTEX_POINT('',#504);
#504 = CARTESIAN_POINT('',(41.,-14.,188.));
#505 = LINE('',#506,#507);
#506 = CARTESIAN_POINT('',(38.,-17.,188.));
#507 = VECTOR('',#508,1.);
#508 = DIRECTION('',(0.707106781187,0.707106781187,0.));
#509 = ORIENTED_EDGE('',*,*,#510,.T.);
#510 = EDGE_CURVE('',#503,#511,#513,.T.);
#511 = VERTEX_POINT('',#512);
#512 = CARTESIAN_POINT('',(54.,-15.,202.));
#513 = B_SPLINE_CURVE_WITH_KNOTS('',1,(#514,#515),.UNSPECIFIED.,.F.,.F.,
  (2,2),(0.,1.),.PIECEWISE_BEZIER_KNOTS.);
#514 = CARTESIAN_POINT('',(41.,-14.,188.));
#515 = CARTESIAN_POINT('',(54.,-15.,202.));
#516 = ORIENTED_EDGE('',*,*,#517,.F.);
#517 = EDGE_CURVE('',#423,#511,#518,.T.);
#518 = LINE('',#519,#520);
#519 = CARTESIAN_POINT('',(49.,-20.,202.));
#520 = VECTOR('',#521,1.);
#521 = DIRECTION('',(0.707106781187,0.707106781187,0.));
#522 = ORIENTED_EDGE('',*,*,#422,.F.);
#523 = B_SPLINE_SURFACE_WITH_KNOTS('',1,1,(
    (#524,#525)
    ,(#526,#527
    )),.UNSPECIFIED.,.F.,.F.,.F.,(2,2),(2,2),(0.,7.071067811865),(0.,1.)
  ,.PIECEWISE_BEZIER_KNOTS.);
#524 = CARTESIAN_POINT('',(38.,-17.,188.));
#525 = CARTESIAN_POINT('',(49.,-20.,202.));
#526 = CARTESIAN_POINT('',(41.,-14.,188.));
#527 = CARTESIAN_POINT('',(54.,-15.,202.));
#528 = ADVANCED_FACE('',(#529),#642,.F.);
#529 = FACE_BOUND('',#530,.F.);
#530 = EDGE_LOOP('',(#531,#541,#549,#555,#556,#557,#564,#571,#579,#586,
    #591,#592,#599,#606,#614,#621,#626,#627,#628,#636));
#531 = ORIENTED_EDGE('',*,*,#532,.T.);
#532 = EDGE_CURVE('',#533,#535,#537,.T.);
#533 = VERTEX_POINT('',#534);
#534 = CARTESIAN_POINT('',(38.,-3.,188.));
#535 = VERTEX_POINT('',#536);
#536 = CARTESIAN_POINT('',(-38.,-3.,188.));
#537 = LINE('',#538,#539);
#538 = CARTESIAN_POINT('',(38.,-3.,188.));
#539 = VECTOR('',#540,1.);
#540 = DIRECTION('',(-1.,0.,0.));
#541 = ORIENTED_EDGE('',*,*,#542,.T.);
#542 = EDGE_CURVE('',#535,#543,#545,.T.);
#543 = VERTEX_POINT('',#544);
#544 = CARTESIAN_POINT('',(-41.,-6.,188.));
#545 = LINE('',#546,#547);
#546 = CARTESIAN_POINT('',(-38.,-3.,188.));
#547 = VECTOR('',#548,1.);
#548 = DIRECTION('',(-0.707106781187,-0.707106781187,0.));
#549 = ORIENTED_EDGE('',*,*,#550,.T.);
#550 = EDGE_CURVE('',#543,#444,#551,.T.);
#551 = LINE('',#552,#553);
#552 = CARTESIAN_POINT('',(-41.,-6.,188.));
#553 = VECTOR('',#554,1.);
#554 = DIRECTION('',(0.,-1.,0.));
#555 = ORIENTED_EDGE('',*,*,#443,.T.);
#556 = ORIENTED_EDGE('',*,*,#308,.T.);
#557 = ORIENTED_EDGE('',*,*,#558,.T.);
#558 = EDGE_CURVE('',#309,#559,#561,.T.);
#559 = VERTEX_POINT('',#560);
#560 = CARTESIAN_POINT('',(-19.,-8.818181818182,188.));
#561 = B_SPLINE_CURVE_WITH_KNOTS('',1,(#562,#563),.UNSPECIFIED.,.F.,.F.,
  (2,2),(0.,1.),.PIECEWISE_BEZIER_KNOTS.);
#562 = CARTESIAN_POINT('',(-19.,-20.63636363636,188.));
#563 = CARTESIAN_POINT('',(-19.,-8.818181818182,188.));
#564 = ORIENTED_EDGE('',*,*,#565,.T.);
#565 = EDGE_CURVE('',#559,#566,#568,.T.);
#566 = VERTEX_POINT('',#567);
#567 = CARTESIAN_POINT('',(-19.,-8.704545454545,188.));
#568 = B_SPLINE_CURVE_WITH_KNOTS('',1,(#569,#570),.UNSPECIFIED.,.F.,.F.,
  (2,2),(0.,1.),.PIECEWISE_BEZIER_KNOTS.);
#569 = CARTESIAN_POINT('',(-19.,-20.70454545454,188.));
#570 = CARTESIAN_POINT('',(-19.,-8.704545454545,188.));
#571 = ORIENTED_EDGE('',*,*,#572,.F.);
#572 = EDGE_CURVE('',#573,#566,#575,.T.);
#573 = VERTEX_POINT('',#574);
#574 = CARTESIAN_POINT('',(-13.,-8.704545454545,188.));
#575 = LINE('',#576,#577);
#576 = CARTESIAN_POINT('',(-25.5,-8.704545454545,188.));
#577 = VECTOR('',#578,1.);
#578 = DIRECTION('',(-1.,0.,0.));
#579 = ORIENTED_EDGE('',*,*,#580,.T.);
#580 = EDGE_CURVE('',#573,#581,#583,.T.);
#581 = VERTEX_POINT('',#582);
#582 = CARTESIAN_POINT('',(-13.,-8.818181818182,188.));
#583 = B_SPLINE_CURVE_WITH_KNOTS('',1,(#584,#585),.UNSPECIFIED.,.F.,.F.,
  (2,2),(0.,1.),.PIECEWISE_BEZIER_KNOTS.);
#584 = CARTESIAN_POINT('',(-13.,-8.704545454545,188.));
#585 = CARTESIAN_POINT('',(-13.,-20.70454545454,188.));
#586 = ORIENTED_EDGE('',*,*,#587,.T.);
#587 = EDGE_CURVE('',#581,#343,#588,.T.);
#588 = B_SPLINE_CURVE_WITH_KNOTS('',1,(#589,#590),.UNSPECIFIED.,.F.,.F.,
  (2,2),(0.,1.),.PIECEWISE_BEZIER_KNOTS.);
#589 = CARTESIAN_POINT('',(-13.,-8.818181818182,188.));
#590 = CARTESIAN_POINT('',(-13.,-20.63636363636,188.));
#591 = ORIENTED_EDGE('',*,*,#361,.T.);
#592 = ORIENTED_EDGE('',*,*,#593,.T.);
#593 = EDGE_CURVE('',#362,#594,#596,.T.);
#594 = VERTEX_POINT('',#595);
#595 = CARTESIAN_POINT('',(13.,-8.818181818182,188.));
#596 = B_SPLINE_CURVE_WITH_KNOTS('',1,(#597,#598),.UNSPECIFIED.,.F.,.F.,
  (2,2),(0.,1.),.PIECEWISE_BEZIER_KNOTS.);
#597 = CARTESIAN_POINT('',(13.,-20.48101265822,188.));
#598 = CARTESIAN_POINT('',(13.,-8.818181818182,188.));
#599 = ORIENTED_EDGE('',*,*,#600,.T.);
#600 = EDGE_CURVE('',#594,#601,#603,.T.);
#601 = VERTEX_POINT('',#602);
#602 = CARTESIAN_POINT('',(13.,-8.704545454545,188.));
#603 = B_SPLINE_CURVE_WITH_KNOTS('',1,(#604,#605),.UNSPECIFIED.,.F.,.F.,
  (2,2),(0.,1.),.PIECEWISE_BEZIER_KNOTS.);
#604 = CARTESIAN_POINT('',(13.,-20.48101265822,188.));
#605 = CARTESIAN_POINT('',(13.,-8.704545454545,188.));
#606 = ORIENTED_EDGE('',*,*,#607,.F.);
#607 = EDGE_CURVE('',#608,#601,#610,.T.);
#608 = VERTEX_POINT('',#609);
#609 = CARTESIAN_POINT('',(19.,-8.704545454545,188.));
#610 = LINE('',#611,#612);
#611 = CARTESIAN_POINT('',(-9.5,-8.704545454545,188.));
#612 = VECTOR('',#613,1.);
#613 = DIRECTION('',(-1.,0.,0.));
#614 = ORIENTED_EDGE('',*,*,#615,.T.);
#615 = EDGE_CURVE('',#608,#616,#618,.T.);
#616 = VERTEX_POINT('',#617);
#617 = CARTESIAN_POINT('',(19.,-8.818181818182,188.));
#618 = B_SPLINE_CURVE_WITH_KNOTS('',1,(#619,#620),.UNSPECIFIED.,.F.,.F.,
  (2,2),(0.,1.),.PIECEWISE_BEZIER_KNOTS.);
#619 = CARTESIAN_POINT('',(19.,-8.704545454545,188.));
#620 = CARTESIAN_POINT('',(19.,-19.64556962025,188.));
#621 = ORIENTED_EDGE('',*,*,#622,.T.);
#622 = EDGE_CURVE('',#616,#396,#623,.T.);
#623 = B_SPLINE_CURVE_WITH_KNOTS('',1,(#624,#625),.UNSPECIFIED.,.F.,.F.,
  (2,2),(0.,1.),.PIECEWISE_BEZIER_KNOTS.);
#624 = CARTESIAN_POINT('',(19.,-8.818181818182,188.));
#625 = CARTESIAN_POINT('',(19.,-19.64556962025,188.));
#626 = ORIENTED_EDGE('',*,*,#414,.T.);
#627 = ORIENTED_EDGE('',*,*,#502,.T.);
#628 = ORIENTED_EDGE('',*,*,#629,.T.);
#629 = EDGE_CURVE('',#503,#630,#632,.T.);
#630 = VERTEX_POINT('',#631);
#631 = CARTESIAN_POINT('',(41.,-6.,188.));
#632 = LINE('',#633,#634);
#633 = CARTESIAN_POINT('',(41.,-14.,188.));
#634 = VECTOR('',#635,1.);
#635 = DIRECTION('',(0.,1.,0.));
#636 = ORIENTED_EDGE('',*,*,#637,.T.);
#637 = EDGE_CURVE('',#630,#533,#638,.T.);
#638 = LINE('',#639,#640);
#639 = CARTESIAN_POINT('',(41.,-6.,188.));
#640 = VECTOR('',#641,1.);
#641 = DIRECTION('',(-0.707106781187,0.707106781187,0.));
#642 = PLANE('',#643);
#643 = AXIS2_PLACEMENT_3D('',#644,#645,#646);
#644 = CARTESIAN_POINT('',(-38.,-17.,188.));
#645 = DIRECTION('',(0.,0.,1.));
#646 = DIRECTION('',(0.990444760519,0.137910029946,0.));
#647 = ADVANCED_FACE('',(#648),#662,.T.);
#648 = FACE_BOUND('',#649,.T.);
#649 = EDGE_LOOP('',(#650,#655,#656,#661));
#650 = ORIENTED_EDGE('',*,*,#651,.F.);
#651 = EDGE_CURVE('',#277,#370,#652,.T.);
#652 = B_SPLINE_CURVE_WITH_KNOTS('',1,(#653,#654),.UNSPECIFIED.,.F.,.F.,
  (2,2),(0.,1.),.PIECEWISE_BEZIER_KNOTS.);
#653 = CARTESIAN_POINT('',(13.,-21.,187.));
#654 = CARTESIAN_POINT('',(13.,-17.,198.));
#655 = ORIENTED_EDGE('',*,*,#284,.T.);
#656 = ORIENTED_EDGE('',*,*,#657,.T.);
#657 = EDGE_CURVE('',#248,#389,#658,.T.);
#658 = B_SPLINE_CURVE_WITH_KNOTS('',1,(#659,#660),.UNSPECIFIED.,.F.,.F.,
  (2,2),(0.,1.),.PIECEWISE_BEZIER_KNOTS.);
#659 = CARTESIAN_POINT('',(19.,-21.,187.));
#660 = CARTESIAN_POINT('',(19.,-17.,198.));
#661 = ORIENTED_EDGE('',*,*,#388,.T.);
#662 = PLANE('',#663);
#663 = AXIS2_PLACEMENT_3D('',#664,#665,#666);
#664 = CARTESIAN_POINT('',(13.,-17.,198.));
#665 = DIRECTION('',(0.,-0.939793423488,0.341743063087));
#666 = DIRECTION('',(1.,0.,0.));
#667 = ADVANCED_FACE('',(#668),#682,.T.);
#668 = FACE_BOUND('',#669,.T.);
#669 = EDGE_LOOP('',(#670,#675,#676,#681));
#670 = ORIENTED_EDGE('',*,*,#671,.F.);
#671 = EDGE_CURVE('',#216,#317,#672,.T.);
#672 = B_SPLINE_CURVE_WITH_KNOTS('',1,(#673,#674),.UNSPECIFIED.,.F.,.F.,
  (2,2),(0.,1.),.PIECEWISE_BEZIER_KNOTS.);
#673 = CARTESIAN_POINT('',(-19.,-21.,187.));
#674 = CARTESIAN_POINT('',(-19.,-17.,198.));
#675 = ORIENTED_EDGE('',*,*,#223,.T.);
#676 = ORIENTED_EDGE('',*,*,#677,.T.);
#677 = EDGE_CURVE('',#187,#336,#678,.T.);
#678 = B_SPLINE_CURVE_WITH_KNOTS('',1,(#679,#680),.UNSPECIFIED.,.F.,.F.,
  (2,2),(0.,1.),.PIECEWISE_BEZIER_KNOTS.);
#679 = CARTESIAN_POINT('',(-13.,-21.,187.));
#680 = CARTESIAN_POINT('',(-13.,-17.,198.));
#681 = ORIENTED_EDGE('',*,*,#335,.T.);
#682 = PLANE('',#683);
#683 = AXIS2_PLACEMENT_3D('',#684,#685,#686);
#684 = CARTESIAN_POINT('',(-19.,-17.,198.));
#685 = DIRECTION('',(0.,-0.939793423488,0.341743063087));
#686 = DIRECTION('',(1.,0.,0.));
#687 = ADVANCED_FACE('',(#688),#705,.T.);
#688 = FACE_BOUND('',#689,.T.);
#689 = EDGE_LOOP('',(#690,#691,#692,#700));
#690 = ORIENTED_EDGE('',*,*,#452,.T.);
#691 = ORIENTED_EDGE('',*,*,#489,.T.);
#692 = ORIENTED_EDGE('',*,*,#693,.F.);
#693 = EDGE_CURVE('',#694,#482,#696,.T.);
#694 = VERTEX_POINT('',#695);
#695 = CARTESIAN_POINT('',(-63.,-12.,212.));
#696 = LINE('',#697,#698);
#697 = CARTESIAN_POINT('',(-63.,-12.,212.));
#698 = VECTOR('',#699,1.);
#699 = DIRECTION('',(0.707106781187,-0.707106781187,0.));
#700 = ORIENTED_EDGE('',*,*,#701,.F.);
#701 = EDGE_CURVE('',#453,#694,#702,.T.);
#702 = B_SPLINE_CURVE_WITH_KNOTS('',1,(#703,#704),.UNSPECIFIED.,.F.,.F.,
  (2,2),(0.,1.),.PIECEWISE_BEZIER_KNOTS.);
#703 = CARTESIAN_POINT('',(-54.,-15.,202.));
#704 = CARTESIAN_POINT('',(-63.,-12.,212.));
#705 = B_SPLINE_SURFACE_WITH_KNOTS('',1,1,(
    (#706,#707)
    ,(#708,#709
    )),.UNSPECIFIED.,.F.,.F.,.F.,(2,2),(2,2),(0.,9.899494936612),(0.,1.)
  ,.PIECEWISE_BEZIER_KNOTS.);
#706 = CARTESIAN_POINT('',(-54.,-15.,202.));
#707 = CARTESIAN_POINT('',(-63.,-12.,212.));
#708 = CARTESIAN_POINT('',(-49.,-20.,202.));
#709 = CARTESIAN_POINT('',(-56.,-19.,212.));
#710 = ADVANCED_FACE('',(#711),#728,.T.);
#711 = FACE_BOUND('',#712,.T.);
#712 = EDGE_LOOP('',(#713,#714,#715,#723));
#713 = ORIENTED_EDGE('',*,*,#550,.T.);
#714 = ORIENTED_EDGE('',*,*,#460,.T.);
#715 = ORIENTED_EDGE('',*,*,#716,.F.);
#716 = EDGE_CURVE('',#717,#453,#719,.T.);
#717 = VERTEX_POINT('',#718);
#718 = CARTESIAN_POINT('',(-54.,15.,202.));
#719 = LINE('',#720,#721);
#720 = CARTESIAN_POINT('',(-54.,15.,202.));
#721 = VECTOR('',#722,1.);
#722 = DIRECTION('',(0.,-1.,0.));
#723 = ORIENTED_EDGE('',*,*,#724,.F.);
#724 = EDGE_CURVE('',#543,#717,#725,.T.);
#725 = B_SPLINE_CURVE_WITH_KNOTS('',1,(#726,#727),.UNSPECIFIED.,.F.,.F.,
  (2,2),(0.,1.),.PIECEWISE_BEZIER_KNOTS.);
#726 = CARTESIAN_POINT('',(-41.,-6.,188.));
#727 = CARTESIAN_POINT('',(-54.,15.,202.));
#728 = B_SPLINE_SURFACE_WITH_KNOTS('',1,1,(
    (#729,#730)
    ,(#731,#732
  )),.UNSPECIFIED.,.F.,.F.,.F.,(2,2),(2,2),(0.,30.),(0.,1.),
  .PIECEWISE_BEZIER_KNOTS.);
#729 = CARTESIAN_POINT('',(-41.,-6.,188.));
#730 = CARTESIAN_POINT('',(-54.,15.,202.));
#731 = CARTESIAN_POINT('',(-41.,-14.,188.));
#732 = CARTESIAN_POINT('',(-54.,-15.,202.));
#733 = ADVANCED_FACE('',(#734),#751,.T.);
#734 = FACE_BOUND('',#735,.T.);
#735 = EDGE_LOOP('',(#736,#737,#744,#750));
#736 = ORIENTED_EDGE('',*,*,#517,.T.);
#737 = ORIENTED_EDGE('',*,*,#738,.T.);
#738 = EDGE_CURVE('',#511,#739,#741,.T.);
#739 = VERTEX_POINT('',#740);
#740 = CARTESIAN_POINT('',(63.,-12.,212.));
#741 = B_SPLINE_CURVE_WITH_KNOTS('',1,(#742,#743),.UNSPECIFIED.,.F.,.F.,
  (2,2),(0.,1.),.PIECEWISE_BEZIER_KNOTS.);
#742 = CARTESIAN_POINT('',(54.,-15.,202.));
#743 = CARTESIAN_POINT('',(63.,-12.,212.));
#744 = ORIENTED_EDGE('',*,*,#745,.F.);
#745 = EDGE_CURVE('',#475,#739,#746,.T.);
#746 = LINE('',#747,#748);
#747 = CARTESIAN_POINT('',(56.,-19.,212.));
#748 = VECTOR('',#749,1.);
#749 = DIRECTION('',(0.707106781187,0.707106781187,0.));
#750 = ORIENTED_EDGE('',*,*,#474,.F.);
#751 = B_SPLINE_SURFACE_WITH_KNOTS('',1,1,(
    (#752,#753)
    ,(#754,#755
    )),.UNSPECIFIED.,.F.,.F.,.F.,(2,2),(2,2),(0.,9.899494936612),(0.,1.)
  ,.PIECEWISE_BEZIER_KNOTS.);
#752 = CARTESIAN_POINT('',(49.,-20.,202.));
#753 = CARTESIAN_POINT('',(56.,-19.,212.));
#754 = CARTESIAN_POINT('',(54.,-15.,202.));
#755 = CARTESIAN_POINT('',(63.,-12.,212.));
#756 = ADVANCED_FACE('',(#757),#780,.T.);
#757 = FACE_BOUND('',#758,.T.);
#758 = EDGE_LOOP('',(#759,#760,#767,#775));
#759 = ORIENTED_EDGE('',*,*,#481,.T.);
#760 = ORIENTED_EDGE('',*,*,#761,.T.);
#761 = EDGE_CURVE('',#475,#762,#764,.T.);
#762 = VERTEX_POINT('',#763);
#763 = CARTESIAN_POINT('',(52.,-14.,238.));
#764 = B_SPLINE_CURVE_WITH_KNOTS('',1,(#765,#766),.UNSPECIFIED.,.F.,.F.,
  (2,2),(0.,1.),.PIECEWISE_BEZIER_KNOTS.);
#765 = CARTESIAN_POINT('',(56.,-19.,212.));
#766 = CARTESIAN_POINT('',(52.,-14.,238.));
#767 = ORIENTED_EDGE('',*,*,#768,.F.);
#768 = EDGE_CURVE('',#769,#762,#771,.T.);
#769 = VERTEX_POINT('',#770);
#770 = CARTESIAN_POINT('',(-52.,-14.,238.));
#771 = LINE('',#772,#773);
#772 = CARTESIAN_POINT('',(-52.,-14.,238.));
#773 = VECTOR('',#774,1.);
#774 = DIRECTION('',(1.,0.,0.));
#775 = ORIENTED_EDGE('',*,*,#776,.F.);
#776 = EDGE_CURVE('',#482,#769,#777,.T.);
#777 = B_SPLINE_CURVE_WITH_KNOTS('',1,(#778,#779),.UNSPECIFIED.,.F.,.F.,
  (2,2),(0.,1.),.PIECEWISE_BEZIER_KNOTS.);
#778 = CARTESIAN_POINT('',(-56.,-19.,212.));
#779 = CARTESIAN_POINT('',(-52.,-14.,238.));
#780 = B_SPLINE_SURFACE_WITH_KNOTS('',1,1,(
    (#781,#782)
    ,(#783,#784
    )),.UNSPECIFIED.,.F.,.F.,.F.,(2,2),(2,2),(0.,112.),(0.,1.),
  .PIECEWISE_BEZIER_KNOTS.);
#781 = CARTESIAN_POINT('',(-56.,-19.,212.));
#782 = CARTESIAN_POINT('',(-52.,-14.,238.));
#783 = CARTESIAN_POINT('',(56.,-19.,212.));
#784 = CARTESIAN_POINT('',(52.,-14.,238.));
#785 = ADVANCED_FACE('',(#786),#803,.T.);
#786 = FACE_BOUND('',#787,.T.);
#787 = EDGE_LOOP('',(#788,#789,#796,#802));
#788 = ORIENTED_EDGE('',*,*,#629,.T.);
#789 = ORIENTED_EDGE('',*,*,#790,.T.);
#790 = EDGE_CURVE('',#630,#791,#793,.T.);
#791 = VERTEX_POINT('',#792);
#792 = CARTESIAN_POINT('',(54.,15.,202.));
#793 = B_SPLINE_CURVE_WITH_KNOTS('',1,(#794,#795),.UNSPECIFIED.,.F.,.F.,
  (2,2),(0.,1.),.PIECEWISE_BEZIER_KNOTS.);
#794 = CARTESIAN_POINT('',(41.,-6.,188.));
#795 = CARTESIAN_POINT('',(54.,15.,202.));
#796 = ORIENTED_EDGE('',*,*,#797,.F.);
#797 = EDGE_CURVE('',#511,#791,#798,.T.);
#798 = LINE('',#799,#800);
#799 = CARTESIAN_POINT('',(54.,-15.,202.));
#800 = VECTOR('',#801,1.);
#801 = DIRECTION('',(0.,1.,0.));
#802 = ORIENTED_EDGE('',*,*,#510,.F.);
#803 = B_SPLINE_SURFACE_WITH_KNOTS('',1,1,(
    (#804,#805)
    ,(#806,#807
  )),.UNSPECIFIED.,.F.,.F.,.F.,(2,2),(2,2),(0.,30.),(0.,1.),
  .PIECEWISE_BEZIER_KNOTS.);
#804 = CARTESIAN_POINT('',(41.,-14.,188.));
#805 = CARTESIAN_POINT('',(54.,-15.,202.));
#806 = CARTESIAN_POINT('',(41.,-6.,188.));
#807 = CARTESIAN_POINT('',(54.,15.,202.));
#808 = ADVANCED_FACE('',(#809),#1416,.T.);
#809 = FACE_BOUND('',#810,.T.);
#810 = EDGE_LOOP('',(#811,#818,#819,#826,#834,#936,#971,#979,#1051,#1059
    ,#1156,#1178,#1186,#1258,#1266,#1378,#1410));
#811 = ORIENTED_EDGE('',*,*,#812,.F.);
#812 = EDGE_CURVE('',#533,#813,#815,.T.);
#813 = VERTEX_POINT('',#814);
#814 = CARTESIAN_POINT('',(49.,20.,202.));
#815 = B_SPLINE_CURVE_WITH_KNOTS('',1,(#816,#817),.UNSPECIFIED.,.F.,.F.,
  (2,2),(0.,1.),.PIECEWISE_BEZIER_KNOTS.);
#816 = CARTESIAN_POINT('',(38.,-3.,188.));
#817 = CARTESIAN_POINT('',(49.,20.,202.));
#818 = ORIENTED_EDGE('',*,*,#532,.T.);
#819 = ORIENTED_EDGE('',*,*,#820,.T.);
#820 = EDGE_CURVE('',#535,#821,#823,.T.);
#821 = VERTEX_POINT('',#822);
#822 = CARTESIAN_POINT('',(-49.,20.,202.));
#823 = B_SPLINE_CURVE_WITH_KNOTS('',1,(#824,#825),.UNSPECIFIED.,.F.,.F.,
  (2,2),(0.,1.),.PIECEWISE_BEZIER_KNOTS.);
#824 = CARTESIAN_POINT('',(-38.,-3.,188.));
#825 = CARTESIAN_POINT('',(-49.,20.,202.));
#826 = ORIENTED_EDGE('',*,*,#827,.F.);
#827 = EDGE_CURVE('',#828,#821,#830,.T.);
#828 = VERTEX_POINT('',#829);
#829 = CARTESIAN_POINT('',(-41.48473716342,20.,202.));
#830 = LINE('',#831,#832);
#831 = CARTESIAN_POINT('',(49.,20.,202.));
#832 = VECTOR('',#833,1.);
#833 = DIRECTION('',(-1.,0.,0.));
#834 = ORIENTED_EDGE('',*,*,#835,.T.);
#835 = EDGE_CURVE('',#828,#836,#838,.T.);
#836 = VERTEX_POINT('',#837);
#837 = CARTESIAN_POINT('',(-35.77391304347,16.,199.5652173913));
#838 = B_SPLINE_CURVE_WITH_KNOTS('',6,(#839,#840,#841,#842,#843,#844,
    #845,#846,#847,#848,#849,#850,#851,#852,#853,#854,#855,#856,#857,
    #858,#859,#860,#861,#862,#863,#864,#865,#866,#867,#868,#869,#870,
    #871,#872,#873,#874,#875,#876,#877,#878,#879,#880,#881,#882,#883,
    #884,#885,#886,#887,#888,#889,#890,#891,#892,#893,#894,#895,#896,
    #897,#898,#899,#900,#901,#902,#903,#904,#905,#906,#907,#908,#909,
    #910,#911,#912,#913,#914,#915,#916,#917,#918,#919,#920,#921,#922,
    #923,#924,#925,#926,#927,#928,#929,#930,#931,#932,#933,#934,#935),
  .UNSPECIFIED.,.F.,.F.,(7,5,5,5,5,5,5,5,5,5,5,5,5,5,5,5,5,5,5,7),(0.,
    0.110906075945,0.192907924869,0.224155249405,0.265664512187,
    0.321111100733,0.365948796675,0.390400638966,0.43950431571,
    0.474160130532,0.489673959443,0.513904149937,0.558342571642,
    0.612827668398,0.653774830391,0.6845207532,0.76401322985,
    0.8801738914,0.928518720905,1.),.UNSPECIFIED.);
#839 = CARTESIAN_POINT('',(-41.48473716342,20.,202.));
#840 = CARTESIAN_POINT('',(-41.79091917248,19.885106758911,
    201.93006498368));
#841 = CARTESIAN_POINT('',(-42.08255915853,19.743235505093,
    201.84370856831));
#842 = CARTESIAN_POINT('',(-42.35792903226,19.57657268611,
    201.74226163502));
#843 = CARTESIAN_POINT('',(-42.61544718561,19.387053889866,
    201.62690236774));
#844 = CARTESIAN_POINT('',(-42.85373510826,19.176451108958,
    201.49870937067));
#845 = CARTESIAN_POINT('',(-43.23236990263,18.775843949495,
    201.25486153447));
#846 = CARTESIAN_POINT('',(-43.38201964327,18.594815238339,
    201.14467014507));
#847 = CARTESIAN_POINT('',(-43.51980937818,18.403625930122,
    201.02829404442));
#848 = CARTESIAN_POINT('',(-43.64509322765,18.202834681397,
    200.90607328432));
#849 = CARTESIAN_POINT('',(-43.75716863015,17.993006652876,
    200.77835187566));
#850 = CARTESIAN_POINT('',(-43.89260054855,17.691485348143,
    200.59481716843));
#851 = CARTESIAN_POINT('',(-43.92793266439,17.607059506944,
    200.54342752596));
#852 = CARTESIAN_POINT('',(-43.96118387695,17.521434301516,
    200.4913078357));
#853 = CARTESIAN_POINT('',(-43.99230641206,17.434643354989,
    200.4384785639));
#854 = CARTESIAN_POINT('',(-44.02124982885,17.3467221636,200.38496131697
    ));
#855 = CARTESIAN_POINT('',(-44.08344443661,17.139460907555,
    200.25880229155));
#856 = CARTESIAN_POINT('',(-44.11498822525,17.019286943074,
    200.18565292187));
#857 = CARTESIAN_POINT('',(-44.14246855754,16.89727233857,200.1113831626
    ));
#858 = CARTESIAN_POINT('',(-44.1657513165,16.773516050987,
    200.03605324842));
#859 = CARTESIAN_POINT('',(-44.1846939759,16.648130625923,
    199.95973168534));
#860 = CARTESIAN_POINT('',(-44.2184539537,16.351750965174,
    199.77932667445));
#861 = CARTESIAN_POINT('',(-44.22974946378,16.179587475179,
    199.67453150663));
#862 = CARTESIAN_POINT('',(-44.23268116606,16.005047885188,
    199.56829001707));
#863 = CARTESIAN_POINT('',(-44.22686669013,15.828515241576,
    199.46083536443));
#864 = CARTESIAN_POINT('',(-44.21192445889,15.650467044598,
    199.35245820106));
#865 = CARTESIAN_POINT('',(-44.1677560532,15.326743206058,
    199.15540890803));
#866 = CARTESIAN_POINT('',(-44.14181073382,15.181398589933,
    199.06693827213));
#867 = CARTESIAN_POINT('',(-44.10948630255,15.035764123413,
    198.97829120555));
#868 = CARTESIAN_POINT('',(-44.07061817797,14.890218408637,
    198.88969816177));
#869 = CARTESIAN_POINT('',(-44.02508622703,14.745201850639,
    198.80142721343));
#870 = CARTESIAN_POINT('',(-43.94435114432,14.522694250831,
    198.66598780485));
#871 = CARTESIAN_POINT('',(-43.91386428319,14.444479675501,
    198.61837893291));
#872 = CARTESIAN_POINT('',(-43.88137424412,14.36665432902,
    198.57100698288));
#873 = CARTESIAN_POINT('',(-43.84688029903,14.289305224811,
    198.52392491945));
#874 = CARTESIAN_POINT('',(-43.81038992503,14.21252367519,
    198.47718832402));
#875 = CARTESIAN_POINT('',(-43.69466706173,13.983544617157,
    198.33780976696));
#876 = CARTESIAN_POINT('',(-43.6094206103,13.83333315788,198.24637670479
    ));
#877 = CARTESIAN_POINT('',(-43.51633830082,13.686583688191,
    198.15705094063));
#878 = CARTESIAN_POINT('',(-43.41571765429,13.544092116754,
    198.07031694063));
#879 = CARTESIAN_POINT('',(-43.30800953598,13.406627159473,
    197.98664261881));
#880 = CARTESIAN_POINT('',(-43.11329811799,13.181934045813,
    197.84987289745));
#881 = CARTESIAN_POINT('',(-43.02951759199,13.091814117211,
    197.79501728873));
#882 = CARTESIAN_POINT('',(-42.94273997752,13.004787343354,
    197.74204446986));
#883 = CARTESIAN_POINT('',(-42.85320739471,12.921057888309,
    197.69107871462));
#884 = CARTESIAN_POINT('',(-42.76117960467,12.840792136261,
    197.64222130033));
#885 = CARTESIAN_POINT('',(-42.62473927218,12.729800538738,
    197.57466119749));
#886 = CARTESIAN_POINT('',(-42.58210223012,12.696198863196,
    197.55420800368));
#887 = CARTESIAN_POINT('',(-42.53904323619,12.663328453296,
    197.53419992809));
#888 = CARTESIAN_POINT('',(-42.49558616298,12.631198959673,
    197.51464284501));
#889 = CARTESIAN_POINT('',(-42.45175475592,12.599818386463,
    197.49554162654));
#890 = CARTESIAN_POINT('',(-42.33856702195,12.521361138301,
    197.4477850407));
#891 = CARTESIAN_POINT('',(-42.26870556782,12.475371470006,
    197.41979132956));
#892 = CARTESIAN_POINT('',(-42.19807810343,12.431248658412,
    197.39293396599));
#893 = CARTESIAN_POINT('',(-42.1267715105,12.389007323389,
    197.36722184901));
#894 = CARTESIAN_POINT('',(-42.0548691229,12.34865378994,197.34265882865
    ));
#895 = CARTESIAN_POINT('',(-41.84963294149,12.239640619226,
    197.27630298561));
#896 = CARTESIAN_POINT('',(-41.71507958215,12.175443246896,
    197.23722632419));
#897 = CARTESIAN_POINT('',(-41.57927342329,12.117589101995,
    197.20201075773));
#898 = CARTESIAN_POINT('',(-41.44264403994,12.0659974252,197.17060712838
    ));
#899 = CARTESIAN_POINT('',(-41.3055641012,12.020539688331,
    197.14293720159));
#900 = CARTESIAN_POINT('',(-41.00010609836,11.932668197573,
    197.08945020721));
#901 = CARTESIAN_POINT('',(-40.83166795269,11.89326857291,
    197.06546782698));
#902 = CARTESIAN_POINT('',(-40.66359203497,11.862582195054,
    197.0467891622));
#903 = CARTESIAN_POINT('',(-40.49634387195,11.840289812257,
    197.03321988572));
#904 = CARTESIAN_POINT('',(-40.33029876842,11.826066013024,
    197.02456192097));
#905 = CARTESIAN_POINT('',(-40.04208019843,11.814753436526,
    197.01767600484));
#906 = CARTESIAN_POINT('',(-39.91926204744,11.814285381162,
    197.01739110157));
#907 = CARTESIAN_POINT('',(-39.79741756335,11.818073783731,
    197.01969708574));
#908 = CARTESIAN_POINT('',(-39.67665792769,11.82599553303,197.0245190201
    ));
#909 = CARTESIAN_POINT('',(-39.55708043316,11.837935412333,
    197.03178677272));
#910 = CARTESIAN_POINT('',(-39.34993298489,11.865690724785,
    197.04868131073));
#911 = CARTESIAN_POINT('',(-39.26181167824,11.879799457666,
    197.0572692351));
#912 = CARTESIAN_POINT('',(-39.17444141778,11.896069039122,
    197.06717245859));
#913 = CARTESIAN_POINT('',(-39.08785637779,11.914457309068,
    197.07836531856));
#914 = CARTESIAN_POINT('',(-39.00208872946,11.934924832955,
    197.09082381136));
#915 = CARTESIAN_POINT('',(-38.69761080858,12.01563387438,
    197.13995105397));
#916 = CARTESIAN_POINT('',(-38.48373756371,12.087481538058,
    197.18368441447));
#917 = CARTESIAN_POINT('',(-38.27603776,12.172348801416,197.23534274868)
  );
#918 = CARTESIAN_POINT('',(-38.07501668824,12.269719499827,
    197.29461186946));
#919 = CARTESIAN_POINT('',(-37.8811754398,12.379145419608,
    197.36121895106));
#920 = CARTESIAN_POINT('',(-37.42301451746,12.677275486893,
    197.5426894268));
#921 = CARTESIAN_POINT('',(-37.16752950723,12.879200366592,
    197.66560022314));
#922 = CARTESIAN_POINT('',(-36.93008829724,13.104956169028,
    197.80301679853));
#923 = CARTESIAN_POINT('',(-36.7127600697,13.353604167469,
    197.95436775411));
#924 = CARTESIAN_POINT('',(-36.51791352302,13.624040458666,
    198.11898114875));
#925 = CARTESIAN_POINT('',(-36.27777137685,14.036206725962,
    198.36986496362));
#926 = CARTESIAN_POINT('',(-36.21158723944,14.160884851573,
    198.4457559966));
#927 = CARTESIAN_POINT('',(-36.14999817107,14.289014445909,
    198.52374792359));
#928 = CARTESIAN_POINT('',(-36.09322818926,14.420477400267,
    198.60376885233));
#929 = CARTESIAN_POINT('',(-36.04151501396,14.555133655633,
    198.68573352951));
#930 = CARTESIAN_POINT('',(-35.92648708478,14.896394164645,
    198.89345731761));
#931 = CARTESIAN_POINT('',(-35.86946699287,15.106582606749,
    199.02139810845));
#932 = CARTESIAN_POINT('',(-35.82484127793,15.322852912156,
    199.15304090305));
#933 = CARTESIAN_POINT('',(-35.79347773511,15.544496385604,
    199.28795432167));
#934 = CARTESIAN_POINT('',(-35.77624032425,15.770596611729,
    199.42558054627));
#935 = CARTESIAN_POINT('',(-35.77391304347,16.,199.5652173913));
#936 = ORIENTED_EDGE('',*,*,#937,.T.);
#937 = EDGE_CURVE('',#836,#938,#940,.T.);
#938 = VERTEX_POINT('',#939);
#939 = CARTESIAN_POINT('',(-38.51526283657,20.,202.));
#940 = B_SPLINE_CURVE_WITH_KNOTS('',5,(#941,#942,#943,#944,#945,#946,
    #947,#948,#949,#950,#951,#952,#953,#954,#955,#956,#957,#958,#959,
    #960,#961,#962,#963,#964,#965,#966,#967,#968,#969,#970),
  .UNSPECIFIED.,.F.,.F.,(6,4,4,4,4,4,4,6),(0.,0.203762498108,
    0.32123288664,0.395611226717,0.566014915118,0.76343232702,
    0.853590173002,1.),.UNSPECIFIED.);
#941 = CARTESIAN_POINT('',(-35.77391304347,16.,199.5652173913));
#942 = CARTESIAN_POINT('',(-35.77191071704,16.197372184883,
    199.6853569821));
#943 = CARTESIAN_POINT('',(-35.78140541535,16.397281326128,
    199.8070408072));
#944 = CARTESIAN_POINT('',(-35.80296905043,16.598847897479,
    199.92973350281));
#945 = CARTESIAN_POINT('',(-35.83709905923,16.800978268002,
    200.05276938052));
#946 = CARTESIAN_POINT('',(-35.91109827579,17.118452087388,
    200.24601431406));
#947 = CARTESIAN_POINT('',(-35.94241586699,17.23429832986,
    200.31652941817));
#948 = CARTESIAN_POINT('',(-35.97803616053,17.349641833656,
    200.38673850744));
#949 = CARTESIAN_POINT('',(-36.01797685043,17.464211095784,
    200.45647631917));
#950 = CARTESIAN_POINT('',(-36.09022425148,17.649587990634,
    200.56931442908));
#951 = CARTESIAN_POINT('',(-36.11995673461,17.721031983352,
    200.61280207682));
#952 = CARTESIAN_POINT('',(-36.15140622134,17.791977823237,
    200.6559865011));
#953 = CARTESIAN_POINT('',(-36.18456033647,17.862351675838,
    200.6988227592));
#954 = CARTESIAN_POINT('',(-36.29921911007,18.091826239187,
    200.8385029282));
#955 = CARTESIAN_POINT('',(-36.38788990656,18.248187887208,
    200.93367958351));
#956 = CARTESIAN_POINT('',(-36.48517080479,18.400244832264,
    201.02623598485));
#957 = CARTESIAN_POINT('',(-36.5906506186,18.547128079644,
    201.11564317891));
#958 = CARTESIAN_POINT('',(-36.8347067554,18.851291226013,
    201.30078596366));
#959 = CARTESIAN_POINT('',(-36.97589715074,19.006550237043,
    201.39529144863));
#960 = CARTESIAN_POINT('',(-37.12632868847,19.15256810992,
    201.48417189299));
#961 = CARTESIAN_POINT('',(-37.28483139588,19.288417985415,
    201.56686312155));
#962 = CARTESIAN_POINT('',(-37.52555006844,19.470546262558,
    201.67772381199));
#963 = CARTESIAN_POINT('',(-37.60242878141,19.525391159281,
    201.71110766217));
#964 = CARTESIAN_POINT('',(-37.68059570794,19.577922809836,
    201.74308344946));
#965 = CARTESIAN_POINT('',(-37.7599278653,19.628096322147,
    201.77362384826));
#966 = CARTESIAN_POINT('',(-37.97082370853,19.753479702325,
    201.84994416663));
#967 = CARTESIAN_POINT('',(-38.10409490198,19.824779061256,
    201.89334377641));
#968 = CARTESIAN_POINT('',(-38.23958859252,19.889645085924,
    201.9328274436));
#969 = CARTESIAN_POINT('',(-38.37680050608,19.948042714962,
    201.96837382649));
#970 = CARTESIAN_POINT('',(-38.51526283657,20.,202.));
#971 = ORIENTED_EDGE('',*,*,#972,.F.);
#972 = EDGE_CURVE('',#973,#938,#975,.T.);
#973 = VERTEX_POINT('',#974);
#974 = CARTESIAN_POINT('',(-24.26666666666,20.,202.));
#975 = LINE('',#976,#977);
#976 = CARTESIAN_POINT('',(49.,20.,202.));
#977 = VECTOR('',#978,1.);
#978 = DIRECTION('',(-1.,0.,0.));
#979 = ORIENTED_EDGE('',*,*,#980,.T.);
#980 = EDGE_CURVE('',#973,#981,#983,.T.);
#981 = VERTEX_POINT('',#982);
#982 = CARTESIAN_POINT('',(-15.73333333333,20.,202.));
#983 = B_SPLINE_CURVE_WITH_KNOTS('',6,(#984,#985,#986,#987,#988,#989,
    #990,#991,#992,#993,#994,#995,#996,#997,#998,#999,#1000,#1001,#1002,
    #1003,#1004,#1005,#1006,#1007,#1008,#1009,#1010,#1011,#1012,#1013,
    #1014,#1015,#1016,#1017,#1018,#1019,#1020,#1021,#1022,#1023,#1024,
    #1025,#1026,#1027,#1028,#1029,#1030,#1031,#1032,#1033,#1034,#1035,
    #1036,#1037,#1038,#1039,#1040,#1041,#1042,#1043,#1044,#1045,#1046,
    #1047,#1048,#1049,#1050),.UNSPECIFIED.,.F.,.F.,(7,5,5,5,5,5,5,5,5,5,
    5,5,5,7),(0.,6.071447483507E-02,9.641976176538E-02,0.171365659236,
    0.251836233297,0.290390253042,0.357229451047,0.431574377616,
    0.48334119925,0.610620031967,0.721714650714,0.771501539689,
    0.848381910228,1.),.UNSPECIFIED.);
#984 = CARTESIAN_POINT('',(-24.26666666666,20.,202.));
#985 = CARTESIAN_POINT('',(-24.26525819131,19.861164572489,
    201.9154914789));
#986 = CARTESIAN_POINT('',(-24.25842218979,19.721709028867,
    201.83060549583));
#987 = CARTESIAN_POINT('',(-24.24606285785,19.58190491728,
    201.74550734095));
#988 = CARTESIAN_POINT('',(-24.22810178397,19.442048405409,
    201.66037729024));
#989 = CARTESIAN_POINT('',(-24.20448761596,19.302460206902,
    201.57541056072));
#990 = CARTESIAN_POINT('',(-24.15798548098,19.081756537571,
    201.44106919678));
#991 = CARTESIAN_POINT('',(-24.13880518244,19.000239416004,
    201.3914500793));
#992 = CARTESIAN_POINT('',(-24.11766154009,18.919004571839,
    201.34200278285));
#993 = CARTESIAN_POINT('',(-24.09455624982,18.838124268254,
    201.29277129372));
#994 = CARTESIAN_POINT('',(-24.06949599526,18.757672602883,
    201.24380071479));
#995 = CARTESIAN_POINT('',(-23.98581162341,18.509915435262,
    201.09299200407));
#996 = CARTESIAN_POINT('',(-23.92056480412,18.344315284922,
    200.99219191256));
#997 = CARTESIAN_POINT('',(-23.84687052021,18.181649185285,
    200.89317776495));
#998 = CARTESIAN_POINT('',(-23.76494633111,18.022627089838,
    200.79638170685));
#999 = CARTESIAN_POINT('',(-23.67512112707,17.86793649085,
    200.70222221182));
#1000 = CARTESIAN_POINT('',(-23.4734031524,17.557496386742,
    200.51325867019));
#1001 = CARTESIAN_POINT('',(-23.36035588021,17.402484245946,
    200.41890345405));
#1002 = CARTESIAN_POINT('',(-23.239265817,17.254017576205,
    200.32853243769));
#1003 = CARTESIAN_POINT('',(-23.11079517646,17.112764321733,
    200.24255219583));
#1004 = CARTESIAN_POINT('',(-22.97567377797,16.979267941979,
    200.1612935299));
#1005 = CARTESIAN_POINT('',(-22.76714922079,16.793911572509,
    200.0484679137));
#1006 = CARTESIAN_POINT('',(-22.69825629769,16.735746091888,
    200.01306283854));
#1007 = CARTESIAN_POINT('',(-22.62809894227,16.679499415942,
    199.97882573144));
#1008 = CARTESIAN_POINT('',(-22.55676112558,16.62520763667,
    199.94577856145));
#1009 = CARTESIAN_POINT('',(-22.48432622342,16.57289961087,
    199.91393889357));
#1010 = CARTESIAN_POINT('',(-22.28354011021,16.43539244058,
    199.83023887687));
#1011 = CARTESIAN_POINT('',(-22.15315292842,16.354216916434,
    199.78082768826));
#1012 = CARTESIAN_POINT('',(-22.02014211737,16.279187680665,
    199.73515771866));
#1013 = CARTESIAN_POINT('',(-21.88491489434,16.210360338109,
    199.6932628145));
#1014 = CARTESIAN_POINT('',(-21.74785332793,16.14774503197,
    199.65514914989));
#1015 = CARTESIAN_POINT('',(-21.45520725999,16.028562256303,
    199.58260311253));
#1016 = CARTESIAN_POINT('',(-21.29927223528,15.97346392561,
    199.54906499819));
#1017 = CARTESIAN_POINT('',(-21.14198180941,15.925994979669,
    199.52017085719));
#1018 = CARTESIAN_POINT('',(-20.98377215082,15.886081009298,
    199.49587539696));
#1019 = CARTESIAN_POINT('',(-20.8250370284,15.853621000122,
    199.4761171305));
#1020 = CARTESIAN_POINT('',(-20.55547682789,15.811013906337,
    199.45018237777));
#1021 = CARTESIAN_POINT('',(-20.44474290375,15.797084434289,
    199.44170356869));
#1022 = CARTESIAN_POINT('',(-20.33404376189,15.786677195296,
    199.43536872757));
#1023 = CARTESIAN_POINT('',(-20.22349093624,15.779752142618,
    199.43115347811));
#1024 = CARTESIAN_POINT('',(-20.11318907509,15.776268267756,
    199.42903285863));
#1025 = CARTESIAN_POINT('',(-19.73289542611,15.775979825376,
    199.42885728501));
#1026 = CARTESIAN_POINT('',(-19.46469856347,15.796331306107,
    199.44124514284));
#1027 = CARTESIAN_POINT('',(-19.2000423869,15.836624852825,
    199.46577164954));
#1028 = CARTESIAN_POINT('',(-18.9402415269,15.896287793573,
    199.50208822217));
#1029 = CARTESIAN_POINT('',(-18.68653406249,15.97476086391,
    199.5498544389));
#1030 = CARTESIAN_POINT('',(-18.22500925811,16.156043095783,
    199.66020014525));
#1031 = CARTESIAN_POINT('',(-18.01548675514,16.254477559175,
    199.72011677515));
#1032 = CARTESIAN_POINT('',(-17.8123388875,16.366523542629,
    199.78831867812));
#1033 = CARTESIAN_POINT('',(-17.6164177102,16.491839689363,
    199.86459807178));
#1034 = CARTESIAN_POINT('',(-17.42861742999,16.630055456338,
    199.9487294082));
#1035 = CARTESIAN_POINT('',(-17.16975983159,16.848279824315,
    200.08156163219));
#1036 = CARTESIAN_POINT('',(-17.09147234837,16.918316159692,
    200.12419244503));
#1037 = CARTESIAN_POINT('',(-17.01508958362,16.990817399946,
    200.16832363475));
#1038 = CARTESIAN_POINT('',(-16.9406990283,17.065740288486,
    200.21392887125));
#1039 = CARTESIAN_POINT('',(-16.86839033568,17.143037354763,
    200.26097925942));
#1040 = CARTESIAN_POINT('',(-16.6899535977,17.345604569028,
    200.38428104201));
#1041 = CARTESIAN_POINT('',(-16.58683517685,17.47408953737,
    200.46248928361));
#1042 = CARTESIAN_POINT('',(-16.48923718894,17.607919354971,
    200.54395091172));
#1043 = CARTESIAN_POINT('',(-16.39750983629,17.746869501873,
    200.62852926201));
#1044 = CARTESIAN_POINT('',(-16.31200797943,17.890675922643,
    200.71606360508));
#1045 = CARTESIAN_POINT('',(-16.07743185325,18.331596243436,
    200.9844498873));
#1046 = CARTESIAN_POINT('',(-15.94731074172,18.641931723555,
    201.17334974477));
#1047 = CARTESIAN_POINT('',(-15.84552897839,18.967512882304,
    201.37152958053));
#1048 = CARTESIAN_POINT('',(-15.77465529899,19.30515187819,
    201.57704896933));
#1049 = CARTESIAN_POINT('',(-15.73687469413,19.650923006863,
    201.787518352));
#1050 = CARTESIAN_POINT('',(-15.73333333333,20.,202.));
#1051 = ORIENTED_EDGE('',*,*,#1052,.F.);
#1052 = EDGE_CURVE('',#1053,#981,#1055,.T.);
#1053 = VERTEX_POINT('',#1054);
#1054 = CARTESIAN_POINT('',(-1.484737163421,20.,202.));
#1055 = LINE('',#1056,#1057);
#1056 = CARTESIAN_POINT('',(49.,20.,202.));
#1057 = VECTOR('',#1058,1.);
#1058 = DIRECTION('',(-1.,0.,0.));
#1059 = ORIENTED_EDGE('',*,*,#1060,.T.);
#1060 = EDGE_CURVE('',#1053,#1061,#1063,.T.);
#1061 = VERTEX_POINT('',#1062);
#1062 = CARTESIAN_POINT('',(4.226086956522,16.,199.5652173913));
#1063 = B_SPLINE_CURVE_WITH_KNOTS('',6,(#1064,#1065,#1066,#1067,#1068,
    #1069,#1070,#1071,#1072,#1073,#1074,#1075,#1076,#1077,#1078,#1079,
    #1080,#1081,#1082,#1083,#1084,#1085,#1086,#1087,#1088,#1089,#1090,
    #1091,#1092,#1093,#1094,#1095,#1096,#1097,#1098,#1099,#1100,#1101,
    #1102,#1103,#1104,#1105,#1106,#1107,#1108,#1109,#1110,#1111,#1112,
    #1113,#1114,#1115,#1116,#1117,#1118,#1119,#1120,#1121,#1122,#1123,
    #1124,#1125,#1126,#1127,#1128,#1129,#1130,#1131,#1132,#1133,#1134,
    #1135,#1136,#1137,#1138,#1139,#1140,#1141,#1142,#1143,#1144,#1145,
    #1146,#1147,#1148,#1149,#1150,#1151,#1152,#1153,#1154,#1155),
  .UNSPECIFIED.,.F.,.F.,(7,5,5,5,5,5,5,5,5,5,5,5,5,5,5,5,5,5,7),(0.,
    0.120354712973,0.181757911244,0.234269246175,0.263629042014,
    0.32408407039,0.390027376193,0.420136638834,0.469922036987,
    0.523562716569,0.558477607707,0.638730755782,0.719651445331,
    0.754562175663,0.807557016826,0.857350263417,0.887492807856,
    0.954078917015,1.),.UNSPECIFIED.);
#1064 = CARTESIAN_POINT('',(-1.484737163421,20.,202.));
#1065 = CARTESIAN_POINT('',(-1.824019147083,19.872686161839,
    201.92250462025));
#1066 = CARTESIAN_POINT('',(-2.151017226182,19.710155185401,
    201.82357272154));
#1067 = CARTESIAN_POINT('',(-2.461450746518,19.513653380427,
    201.70396292721));
#1068 = CARTESIAN_POINT('',(-2.751154431634,19.285009174098,
    201.56478819293));
#1069 = CARTESIAN_POINT('',(-3.016118673938,19.026625537322,
    201.40751119663));
#1070 = CARTESIAN_POINT('',(-3.373237464905,18.596167740623,
    201.14549340733));
#1071 = CARTESIAN_POINT('',(-3.486463039145,18.443813514228,
    201.05275605213));
#1072 = CARTESIAN_POINT('',(-3.591768069054,18.284942746937,
    200.95605210683));
#1073 = CARTESIAN_POINT('',(-3.688665956479,18.120024031204,
    200.8556668016));
#1074 = CARTESIAN_POINT('',(-3.776696242285,17.949586168474,
    200.75192201559));
#1075 = CARTESIAN_POINT('',(-3.922774324005,17.624260104384,
    200.55389745484));
#1076 = CARTESIAN_POINT('',(-3.983318222627,17.470693532791,
    200.46042215039));
#1077 = CARTESIAN_POINT('',(-4.036803198634,17.313903595188,
    200.36498479707));
#1078 = CARTESIAN_POINT('',(-4.082986476123,17.154302183056,
    200.26783611142));
#1079 = CARTESIAN_POINT('',(-4.121657751457,16.99233961882,
    200.16925020276));
#1080 = CARTESIAN_POINT('',(-4.169977294309,16.73690816988,
    200.01377019036));
#1081 = CARTESIAN_POINT('',(-4.184904693663,16.644723401829,
    199.95765772285));
#1082 = CARTESIAN_POINT('',(-4.197402032258,16.552040185915,
    199.90124185229));
#1083 = CARTESIAN_POINT('',(-4.207444849046,16.458947786242,
    199.84457691336));
#1084 = CARTESIAN_POINT('',(-4.215013816905,16.365538650397,
    199.7877191785));
#1085 = CARTESIAN_POINT('',(-4.230556924016,16.079113510426,
    199.61337344112));
#1086 = CARTESIAN_POINT('',(-4.23047082102,15.885368331293,
    199.49544159296));
#1087 = CARTESIAN_POINT('',(-4.219714256698,15.691529851439,
    199.37745295305));
#1088 = CARTESIAN_POINT('',(-4.198274753361,15.49847000783,
    199.25993826563));
#1089 = CARTESIAN_POINT('',(-4.166262849681,15.307072302396,
    199.1434353145));
#1090 = CARTESIAN_POINT('',(-4.077744474794,14.912240737003,
    198.9031030573));
#1091 = CARTESIAN_POINT('',(-4.019271761926,14.709260856002,
    198.77955008626));
#1092 = CARTESIAN_POINT('',(-3.948826470991,14.51045910079,
    198.65854032222));
#1093 = CARTESIAN_POINT('',(-3.866904864096,14.316886078393,
    198.5407132651));
#1094 = CARTESIAN_POINT('',(-3.77413320892,14.129487758549,
    198.42664472259));
#1095 = CARTESIAN_POINT('',(-3.624300060939,13.86674022129,
    198.26671143904));
#1096 = CARTESIAN_POINT('',(-3.575225627171,13.785835930875,
    198.21746534922));
#1097 = CARTESIAN_POINT('',(-3.524114653514,13.706466383721,
    198.16915345096));
#1098 = CARTESIAN_POINT('',(-3.471039803248,13.628701293038,
    198.12181817837));
#1099 = CARTESIAN_POINT('',(-3.416076181841,13.552603602989,
    198.07549784529));
#1100 = CARTESIAN_POINT('',(-3.265424635563,13.355252551774,
    197.95537111847));
#1101 = CARTESIAN_POINT('',(-3.166594605706,13.236987163042,
    197.88338349054));
#1102 = CARTESIAN_POINT('',(-3.063159473493,13.123688026716,
    197.81441879887));
#1103 = CARTESIAN_POINT('',(-2.955472185806,13.01555551704,
    197.74859901037));
#1104 = CARTESIAN_POINT('',(-2.843882482048,12.912745180913,
    197.68601880577));
#1105 = CARTESIAN_POINT('',(-2.604658192282,12.710469322033,
    197.56289436993));
#1106 = CARTESIAN_POINT('',(-2.47645000063,12.611879047835,
    197.50288289868));
#1107 = CARTESIAN_POINT('',(-2.344524330856,12.519752777515,
    197.44680603848));
#1108 = CARTESIAN_POINT('',(-2.209284621506,12.434189628757,
    197.39472412185));
#1109 = CARTESIAN_POINT('',(-2.071112568252,12.355253266961,
    197.34667590162));
#1110 = CARTESIAN_POINT('',(-1.838748458424,12.235943197533,
    197.2740523811));
#1111 = CARTESIAN_POINT('',(-1.746042234254,12.191727568784,
    197.24713852013));
#1112 = CARTESIAN_POINT('',(-1.652342085153,12.150347160969,
    197.2219504458));
#1113 = CARTESIAN_POINT('',(-1.557742069349,12.111809506326,
    197.19849274298));
#1114 = CARTESIAN_POINT('',(-1.462332428004,12.07611931695,
    197.17676827988));
#1115 = CARTESIAN_POINT('',(-1.145234747143,11.96779263679,
    197.11083030065));
#1116 = CARTESIAN_POINT('',(-0.920463900547,11.907366377659,
    197.07404909944));
#1117 = CARTESIAN_POINT('',(-0.692909986873,11.86201845527,
    197.04644601625));
#1118 = CARTESIAN_POINT('',(-0.463542238147,11.831741031371,
    197.02801627996));
#1119 = CARTESIAN_POINT('',(-0.233280315267,11.816520261404,
    197.01875146346));
#1120 = CARTESIAN_POINT('',(0.229198895205,11.816192128209,
    197.01855173021));
#1121 = CARTESIAN_POINT('',(0.461391587135,11.831336302724,
    197.02776992339));
#1122 = CARTESIAN_POINT('',(0.692683860433,11.861788470359,
    197.04630602543));
#1123 = CARTESIAN_POINT('',(0.922133081558,11.907562922866,
    197.07416873565));
#1124 = CARTESIAN_POINT('',(1.148745419317,11.968667740054,
    197.1113629722));
#1125 = CARTESIAN_POINT('',(1.467559799994,12.07805051528,
    197.17794379191));
#1126 = CARTESIAN_POINT('',(1.562921891127,12.113866257644,
    197.19974467856));
#1127 = CARTESIAN_POINT('',(1.657471296063,12.152528647385,
    197.2232783071));
#1128 = CARTESIAN_POINT('',(1.75111770361,12.194032906376,
    197.24854176909));
#1129 = CARTESIAN_POINT('',(1.843766980398,12.23837141666,
    197.27553042753));
#1130 = CARTESIAN_POINT('',(2.074301356509,12.357126573828,
    197.34781617537));
#1131 = CARTESIAN_POINT('',(2.210757436006,12.435225715374,
    197.39535478327));
#1132 = CARTESIAN_POINT('',(2.344346932505,12.519792174958,
    197.44683001954));
#1133 = CARTESIAN_POINT('',(2.474701700028,12.610764309138,
    197.50220436208));
#1134 = CARTESIAN_POINT('',(2.601432857912,12.70804669589,
    197.56141972793));
#1135 = CARTESIAN_POINT('',(2.839425704343,12.908701463328,
    197.68355741246));
#1136 = CARTESIAN_POINT('',(2.951159689913,13.011351140016,
    197.74603982435));
#1137 = CARTESIAN_POINT('',(3.058999186131,13.119328535093,
    197.81176519527));
#1138 = CARTESIAN_POINT('',(3.162594440155,13.232478878137,
    197.88063931712));
#1139 = CARTESIAN_POINT('',(3.261592351028,13.350602636934,
    197.95254073552));
#1140 = CARTESIAN_POINT('',(3.412579156169,13.547809732587,
    198.07257983722));
#1141 = CARTESIAN_POINT('',(3.467702002477,13.62390325468,
    198.11889763328));
#1142 = CARTESIAN_POINT('',(3.520935074873,13.701670429469,
    198.16623417446));
#1143 = CARTESIAN_POINT('',(3.572202958099,13.781048317797,
    198.21455114996));
#1144 = CARTESIAN_POINT('',(3.621432664278,13.861967179954,
    198.26380610953));
#1145 = CARTESIAN_POINT('',(3.772645773082,14.126338533557,
    198.42472780303));
#1146 = CARTESIAN_POINT('',(3.866459792705,14.315492242571,
    198.5398648433));
#1147 = CARTESIAN_POINT('',(3.949215384958,14.510949624014,
    198.65883890157));
#1148 = CARTESIAN_POINT('',(4.020267399911,14.711737171949,
    198.78105740901));
#1149 = CARTESIAN_POINT('',(4.079105620197,14.916772806013,198.905861708
    ));
#1150 = CARTESIAN_POINT('',(4.157334249688,15.268350351849,
    199.11986543156));
#1151 = CARTESIAN_POINT('',(4.183302796173,15.413309502523,
    199.20810143631));
#1152 = CARTESIAN_POINT('',(4.203203614518,15.559340420231,
    199.29698982101));
#1153 = CARTESIAN_POINT('',(4.216974850704,15.706056174971,
    199.38629506302));
#1154 = CARTESIAN_POINT('',(4.22459637016,15.853070774448,
    199.47578221053));
#1155 = CARTESIAN_POINT('',(4.226086956522,16.,199.5652173913));
#1156 = ORIENTED_EDGE('',*,*,#1157,.T.);
#1157 = EDGE_CURVE('',#1061,#1158,#1160,.T.);
#1158 = VERTEX_POINT('',#1159);
#1159 = CARTESIAN_POINT('',(1.484737163421,20.,202.));
#1160 = B_SPLINE_CURVE_WITH_KNOTS('',6,(#1161,#1162,#1163,#1164,#1165,
    #1166,#1167,#1168,#1169,#1170,#1171,#1172,#1173,#1174,#1175,#1176,
    #1177),.UNSPECIFIED.,.F.,.F.,(7,5,5,7),(0.,0.376815746384,
    0.587340063024,1.),.UNSPECIFIED.);
#1161 = CARTESIAN_POINT('',(4.226086956522,16.,199.5652173913));
#1162 = CARTESIAN_POINT('',(4.229485173193,16.334967075396,
    199.76911039371));
#1163 = CARTESIAN_POINT('',(4.201018276668,16.669535018962,
    199.97276044632));
#1164 = CARTESIAN_POINT('',(4.140904133258,16.999095042892,
    200.17336220002));
#1165 = CARTESIAN_POINT('',(4.050452535809,17.319692488471,
    200.36850847124));
#1166 = CARTESIAN_POINT('',(3.931474907236,17.627887891871,
    200.55610567331));
#1167 = CARTESIAN_POINT('',(3.705106232645,18.084351770583,
    200.83395325165));
#1168 = CARTESIAN_POINT('',(3.615759514182,18.243202069837,
    200.93064473816));
#1169 = CARTESIAN_POINT('',(3.518583543396,18.396798330113,
    201.02413811398));
#1170 = CARTESIAN_POINT('',(3.41398464827,18.544703598034,
    201.11416740749));
#1171 = CARTESIAN_POINT('',(3.302388420117,18.686528874094,
    201.2004958364));
#1172 = CARTESIAN_POINT('',(2.952625059212,19.08732853604,
    201.44446084802));
#1173 = CARTESIAN_POINT('',(2.695822199079,19.328022850038,
    201.59097043045));
#1174 = CARTESIAN_POINT('',(2.417095370447,19.541429022712,
    201.72086983991));
#1175 = CARTESIAN_POINT('',(2.119920338174,19.725518272207,
    201.83292416569));
#1176 = CARTESIAN_POINT('',(1.807900960166,19.878734429488,
    201.92618617447));
#1177 = CARTESIAN_POINT('',(1.484737163421,20.,202.));
#1178 = ORIENTED_EDGE('',*,*,#1179,.F.);
#1179 = EDGE_CURVE('',#1180,#1158,#1182,.T.);
#1180 = VERTEX_POINT('',#1181);
#1181 = CARTESIAN_POINT('',(15.733333333333,20.,202.));
#1182 = LINE('',#1183,#1184);
#1183 = CARTESIAN_POINT('',(49.,20.,202.));
#1184 = VECTOR('',#1185,1.);
#1185 = DIRECTION('',(-1.,0.,0.));
#1186 = ORIENTED_EDGE('',*,*,#1187,.T.);
#1187 = EDGE_CURVE('',#1180,#1188,#1190,.T.);
#1188 = VERTEX_POINT('',#1189);
#1189 = CARTESIAN_POINT('',(24.266666666667,20.,202.));
#1190 = B_SPLINE_CURVE_WITH_KNOTS('',6,(#1191,#1192,#1193,#1194,#1195,
    #1196,#1197,#1198,#1199,#1200,#1201,#1202,#1203,#1204,#1205,#1206,
    #1207,#1208,#1209,#1210,#1211,#1212,#1213,#1214,#1215,#1216,#1217,
    #1218,#1219,#1220,#1221,#1222,#1223,#1224,#1225,#1226,#1227,#1228,
    #1229,#1230,#1231,#1232,#1233,#1234,#1235,#1236,#1237,#1238,#1239,
    #1240,#1241,#1242,#1243,#1244,#1245,#1246,#1247,#1248,#1249,#1250,
    #1251,#1252,#1253,#1254,#1255,#1256,#1257),.UNSPECIFIED.,.F.,.F.,(7,
    5,5,5,5,5,5,5,5,5,5,5,5,7),(0.,0.150858834902,0.22833830577,
    0.27812026772,0.389213030924,0.51649536353,0.568265164324,
    0.643485402638,0.709459059772,0.748015194879,0.828848187383,
    0.903519935181,0.938487998921,1.),.UNSPECIFIED.);
#1191 = CARTESIAN_POINT('',(15.733333333333,20.,202.));
#1192 = CARTESIAN_POINT('',(15.736856945531,19.652672511931,
    201.78858326813));
#1193 = CARTESIAN_POINT('',(15.77427744457,19.30861716539,
    201.57915827458));
#1194 = CARTESIAN_POINT('',(15.844466179357,18.972588342829,
    201.37461899128));
#1195 = CARTESIAN_POINT('',(15.945275690603,18.648458115179,
    201.17732233097));
#1196 = CARTESIAN_POINT('',(16.074179400742,18.339374408809,
    200.98918442275));
#1197 = CARTESIAN_POINT('',(16.307625027869,17.898096848691,
    200.7205806905));
#1198 = CARTESIAN_POINT('',(16.39353111688,17.752966859308,
    200.63224069697));
#1199 = CARTESIAN_POINT('',(16.485771563958,17.612760491911,
    200.54689769072));
#1200 = CARTESIAN_POINT('',(16.583983044735,17.477748942787,
    200.46471674778));
#1201 = CARTESIAN_POINT('',(16.687806936667,17.348162522348,
    200.38583805708));
#1202 = CARTESIAN_POINT('',(16.866991138309,17.144549257035,
    200.26189954776));
#1203 = CARTESIAN_POINT('',(16.939258616085,17.067221443902,
    200.21483044411));
#1204 = CARTESIAN_POINT('',(17.013608720599,16.992266711211,
    200.16920582421));
#1205 = CARTESIAN_POINT('',(17.089951804201,16.919732560664,
    200.12505460214));
#1206 = CARTESIAN_POINT('',(17.168200379423,16.849662274668,
    200.08240312371));
#1207 = CARTESIAN_POINT('',(17.426949451705,16.631312499483,
    199.9494945649));
#1208 = CARTESIAN_POINT('',(17.614684694845,16.493003271703,
    199.86530633929));
#1209 = CARTESIAN_POINT('',(17.810545965849,16.367590969624,
    199.78896841629));
#1210 = CARTESIAN_POINT('',(18.013638864963,16.255446307674,
    199.72070644815));
#1211 = CARTESIAN_POINT('',(18.223111206407,16.156910688739,
    199.66072824532));
#1212 = CARTESIAN_POINT('',(18.684549503283,15.975401711405,
    199.55024451998));
#1213 = CARTESIAN_POINT('',(18.938222775731,15.896803894464,
    199.50240237054));
#1214 = CARTESIAN_POINT('',(19.197996151823,15.837014507555,
    199.46600883068));
#1215 = CARTESIAN_POINT('',(19.462631593172,15.796592687686,
    199.44140424467));
#1216 = CARTESIAN_POINT('',(19.730814767153,15.776110969965,
    199.42893711215));
#1217 = CARTESIAN_POINT('',(20.111103228488,15.776213420933,
    199.42899947361));
#1218 = CARTESIAN_POINT('',(20.221407228571,15.779643401023,
    199.43108728757));
#1219 = CARTESIAN_POINT('',(20.331963517198,15.786514443607,
    199.43526966132));
#1220 = CARTESIAN_POINT('',(20.442667488442,15.796867568193,
    199.44157156324));
#1221 = CARTESIAN_POINT('',(20.553407658723,15.810742841005,
    199.45001738148));
#1222 = CARTESIAN_POINT('',(20.824848499537,15.853511115421,
    199.47605024416));
#1223 = CARTESIAN_POINT('',(20.985455506492,15.886359492293,
    199.49604490835));
#1224 = CARTESIAN_POINT('',(21.145523799775,15.926838818029,
    199.52068449793));
#1225 = CARTESIAN_POINT('',(21.304645273435,15.975053744305,
    199.55003271392));
#1226 = CARTESIAN_POINT('',(21.46236737621,16.031080897702,
    199.5841361986));
#1227 = CARTESIAN_POINT('',(21.754865534463,16.15097122806,
    199.65711292142));
#1228 = CARTESIAN_POINT('',(21.890077916687,16.213024143576,
    199.6948842613));
#1229 = CARTESIAN_POINT('',(22.023492014219,16.281128884214,
    199.73633932082));
#1230 = CARTESIAN_POINT('',(22.154739942397,16.355274831351,
    199.78147163647));
#1231 = CARTESIAN_POINT('',(22.283429973933,16.43540808789,
    199.83024840132));
#1232 = CARTESIAN_POINT('',(22.482625083873,16.571682354103,
    199.91319795467));
#1233 = CARTESIAN_POINT('',(22.555085072237,16.623954468975,
    199.94501576372));
#1234 = CARTESIAN_POINT('',(22.6264491501,16.678210982631,
    199.97804146768));
#1235 = CARTESIAN_POINT('',(22.696633940133,16.734423116483,
    200.01225754916));
#1236 = CARTESIAN_POINT('',(22.765555460218,16.792554859213,
    200.04764208821));
#1237 = CARTESIAN_POINT('',(22.97479926975,16.978366989832,
    200.16074512424));
#1238 = CARTESIAN_POINT('',(23.110563165839,17.112428990468,
    200.24234808115));
#1239 = CARTESIAN_POINT('',(23.239618154279,17.254319772192,
    200.32871638307));
#1240 = CARTESIAN_POINT('',(23.361224452044,17.403488638729,
    200.41951482357));
#1241 = CARTESIAN_POINT('',(23.474711085543,17.559258251842,
    200.51433110981));
#1242 = CARTESIAN_POINT('',(23.676323111544,17.870022069359,
    200.70349169439));
#1243 = CARTESIAN_POINT('',(23.765735960667,18.02419212099,
    200.79733433451));
#1244 = CARTESIAN_POINT('',(23.847303049974,18.182656734097,
    200.89379105553));
#1245 = CARTESIAN_POINT('',(23.920699592758,18.344735767943,
    200.99244785874));
#1246 = CARTESIAN_POINT('',(23.985710528826,18.509727039535,
    201.09287732841));
#1247 = CARTESIAN_POINT('',(24.068680512521,18.755206730427,
    201.24229974895));
#1248 = CARTESIAN_POINT('',(24.09327882183,18.833983432778,
    201.29025078516));
#1249 = CARTESIAN_POINT('',(24.116002336753,18.913173250358,
    201.33845328282));
#1250 = CARTESIAN_POINT('',(24.136844655069,18.992706538596,
    201.38686484958));
#1251 = CARTESIAN_POINT('',(24.155803975838,19.072515327748,
    201.43544411254));
#1252 = CARTESIAN_POINT('',(24.202926829441,19.29329224625,
    201.56983006293));
#1253 = CARTESIAN_POINT('',(24.227152204391,19.434699465988,
    201.65590402277));
#1254 = CARTESIAN_POINT('',(24.245572923273,19.576395113368,
    201.74215354726));
#1255 = CARTESIAN_POINT('',(24.258241649681,19.718045011423,
    201.82837522434));
#1256 = CARTESIAN_POINT('',(24.265239689173,19.859340789865,
    201.91438135035));
#1257 = CARTESIAN_POINT('',(24.266666666667,20.,202.));
#1258 = ORIENTED_EDGE('',*,*,#1259,.F.);
#1259 = EDGE_CURVE('',#1260,#1188,#1262,.T.);
#1260 = VERTEX_POINT('',#1261);
#1261 = CARTESIAN_POINT('',(38.515262836579,20.,202.));
#1262 = LINE('',#1263,#1264);
#1263 = CARTESIAN_POINT('',(49.,20.,202.));
#1264 = VECTOR('',#1265,1.);
#1265 = DIRECTION('',(-1.,0.,0.));
#1266 = ORIENTED_EDGE('',*,*,#1267,.T.);
#1267 = EDGE_CURVE('',#1260,#1268,#1270,.T.);
#1268 = VERTEX_POINT('',#1269);
#1269 = CARTESIAN_POINT('',(44.226086956522,16.,199.5652173913));
#1270 = B_SPLINE_CURVE_WITH_KNOTS('',6,(#1271,#1272,#1273,#1274,#1275,
    #1276,#1277,#1278,#1279,#1280,#1281,#1282,#1283,#1284,#1285,#1286,
    #1287,#1288,#1289,#1290,#1291,#1292,#1293,#1294,#1295,#1296,#1297,
    #1298,#1299,#1300,#1301,#1302,#1303,#1304,#1305,#1306,#1307,#1308,
    #1309,#1310,#1311,#1312,#1313,#1314,#1315,#1316,#1317,#1318,#1319,
    #1320,#1321,#1322,#1323,#1324,#1325,#1326,#1327,#1328,#1329,#1330,
    #1331,#1332,#1333,#1334,#1335,#1336,#1337,#1338,#1339,#1340,#1341,
    #1342,#1343,#1344,#1345,#1346,#1347,#1348,#1349,#1350,#1351,#1352,
    #1353,#1354,#1355,#1356,#1357,#1358,#1359,#1360,#1361,#1362,#1363,
    #1364,#1365,#1366,#1367,#1368,#1369,#1370,#1371,#1372,#1373,#1374,
    #1375,#1376,#1377),.UNSPECIFIED.,.F.,.F.,(7,5,5,5,5,5,5,5,5,5,5,5,5,
    5,5,5,5,5,5,5,5,7),(0.,3.794114893711E-02,6.166116096441E-02,
    0.11409909239,0.161750320927,0.183372802128,0.216877572886,
    0.276530295086,0.345994921251,0.394237265524,0.509315350839,
    0.591583823087,0.623685873094,0.666441650211,0.723962792247,
    0.77033483655,0.795621286658,0.847309741218,0.887483809461,
    0.906224893945,0.937038580661,1.),.UNSPECIFIED.);
#1271 = CARTESIAN_POINT('',(38.515262836579,20.,202.));
#1272 = CARTESIAN_POINT('',(38.401381878721,19.957266749962,
    201.97398845649));
#1273 = CARTESIAN_POINT('',(38.288312987945,19.910351181982,
    201.94543115425));
#1274 = CARTESIAN_POINT('',(38.176280980174,19.859239789181,
    201.91431987167));
#1275 = CARTESIAN_POINT('',(38.065522243729,19.803939042651,
    201.8806585477));
#1276 = CARTESIAN_POINT('',(37.95628258684,19.744480970584,
    201.84446667774));
#1277 = CARTESIAN_POINT('',(37.781628652907,19.641197211671,
    201.78159830275));
#1278 = CARTESIAN_POINT('',(37.715134448566,19.599865381604,
    201.75643979749));
#1279 = CARTESIAN_POINT('',(37.649394445698,19.556948427473,
    201.73031643411));
#1280 = CARTESIAN_POINT('',(37.584470545853,19.512466272172,
    201.70324033958));
#1281 = CARTESIAN_POINT('',(37.520424578557,19.466443581229,
    201.6752265277));
#1282 = CARTESIAN_POINT('',(37.317808985961,19.313826548323,
    201.58232920332));
#1283 = CARTESIAN_POINT('',(37.182880335272,19.20134942936,
    201.51386487004));
#1284 = CARTESIAN_POINT('',(37.053218253448,19.081813563882,
    201.44110390845));
#1285 = CARTESIAN_POINT('',(36.929455587323,18.955649765336,
    201.36430855281));
#1286 = CARTESIAN_POINT('',(36.812161872009,18.823393058143,
    201.28380447017));
#1287 = CARTESIAN_POINT('',(36.601575448078,18.560559273337,
    201.12381868811));
#1288 = CARTESIAN_POINT('',(36.507058069575,18.430917153695,
    201.04490609355));
#1289 = CARTESIAN_POINT('',(36.418651589266,18.297248383997,
    200.9635424946));
#1290 = CARTESIAN_POINT('',(36.336638978171,18.160065936189,
    200.88004013507));
#1291 = CARTESIAN_POINT('',(36.261223253911,18.01990703299,
    200.79472602008));
#1292 = CARTESIAN_POINT('',(36.161366940816,17.812630468408,
    200.66855767642));
#1293 = CARTESIAN_POINT('',(36.131583140663,17.747432988058,
    200.6288722536));
#1294 = CARTESIAN_POINT('',(36.103195235464,17.681786227668,
    200.58891335597));
#1295 = CARTESIAN_POINT('',(36.076211378963,17.61574027601,
    200.54871147235));
#1296 = CARTESIAN_POINT('',(36.050636447249,17.549344578348,
    200.50829669986));
#1297 = CARTESIAN_POINT('',(35.989028465115,17.379299219115,
    200.40479082902));
#1298 = CARTESIAN_POINT('',(35.95497155563,17.275227149706,
    200.34144261286));
#1299 = CARTESIAN_POINT('',(35.924308005534,17.170613284869,
    200.27776460818));
#1300 = CARTESIAN_POINT('',(35.897026218776,17.065630803425,
    200.21386222817));
#1301 = CARTESIAN_POINT('',(35.87309967231,16.960444026295,
    200.14983549426));
#1302 = CARTESIAN_POINT('',(35.815796809468,16.667843000287,
    199.97173052191));
#1303 = CARTESIAN_POINT('',(35.789618895011,16.480322200969,
    199.85758742667));
#1304 = CARTESIAN_POINT('',(35.773737201209,16.293512988374,
    199.74387747118));
#1305 = CARTESIAN_POINT('',(35.76781870085,16.108166161731,
    199.63105766366));
#1306 = CARTESIAN_POINT('',(35.771463876028,15.92492073245,
    199.51951696757));
#1307 = CARTESIAN_POINT('',(35.799147716005,15.533989109808,
    199.28155858857));
#1308 = CARTESIAN_POINT('',(35.826441339264,15.327247702839,
    199.15571599303));
#1309 = CARTESIAN_POINT('',(35.865469984674,15.124899271626,
    199.03254738272));
#1310 = CARTESIAN_POINT('',(35.915536191821,14.927595557182,
    198.91244946958));
#1311 = CARTESIAN_POINT('',(35.975955445791,14.73584610272,
    198.79573241035));
#1312 = CARTESIAN_POINT('',(36.09481756077,14.420998244889,
    198.60408588819));
#1313 = CARTESIAN_POINT('',(36.148223507778,14.294826880908,
    198.5272859275));
#1314 = CARTESIAN_POINT('',(36.206108786415,14.171656315437,
    198.45231253983));
#1315 = CARTESIAN_POINT('',(36.268271633507,14.051599186007,
    198.37923428713));
#1316 = CARTESIAN_POINT('',(36.33452215748,13.934751764324,
    198.30810976958));
#1317 = CARTESIAN_POINT('',(36.572053076052,13.55031935369,
    198.07410743268));
#1318 = CARTESIAN_POINT('',(36.761636304804,13.298251348761,
    197.92067473402));
#1319 = CARTESIAN_POINT('',(36.971110987834,13.065967019525,
    197.77928427275));
#1320 = CARTESIAN_POINT('',(37.198491562337,12.854392098461,
    197.65049953819));
#1321 = CARTESIAN_POINT('',(37.442037804841,12.664341463438,
    197.53481654296));
#1322 = CARTESIAN_POINT('',(37.885171979535,12.376951948427,
    197.35988379469));
#1323 = CARTESIAN_POINT('',(38.077454618086,12.26865558789,
    197.29396427089));
#1324 = CARTESIAN_POINT('',(38.276788711141,12.172213008273,
    197.23526009199));
#1325 = CARTESIAN_POINT('',(38.482686005915,12.088061197701,
    197.18403725077));
#1326 = CARTESIAN_POINT('',(38.694654328763,12.016703141372,
    197.14060191213));
#1327 = CARTESIAN_POINT('',(38.997112614271,11.936136898354,
    197.0915615903));
#1328 = CARTESIAN_POINT('',(39.082857095204,11.915565102484,
    197.07903962759));
#1329 = CARTESIAN_POINT('',(39.169420508039,11.897071872384,
    197.06778287884));
#1330 = CARTESIAN_POINT('',(39.25677071289,11.880696587839,
    197.05781531433));
#1331 = CARTESIAN_POINT('',(39.344873581021,11.866481354508,
    197.04916256361));
#1332 = CARTESIAN_POINT('',(39.551988962232,11.838474770887,
    197.03211507793));
#1333 = CARTESIAN_POINT('',(39.671554279013,11.826389928322,
    197.0247590868));
#1334 = CARTESIAN_POINT('',(39.792304990743,11.818322064164,
    197.01984821297));
#1335 = CARTESIAN_POINT('',(39.914143987454,11.814386300588,
    197.01745253079));
#1336 = CARTESIAN_POINT('',(40.036960330249,11.814705682353,
    197.01764693708));
#1337 = CARTESIAN_POINT('',(40.327004663651,11.825737896194,
    197.02436219768));
#1338 = CARTESIAN_POINT('',(40.494913593782,11.840001713741,
    197.0330445214));
#1339 = CARTESIAN_POINT('',(40.664057181399,11.862514576201,
    197.0467480029));
#1340 = CARTESIAN_POINT('',(40.834047581785,11.893613280907,
    197.06567764924));
#1341 = CARTESIAN_POINT('',(41.004402578924,11.933628128492,
    197.09003451299));
#1342 = CARTESIAN_POINT('',(41.311701925917,12.02253714561,
    197.14415304515));
#1343 = CARTESIAN_POINT('',(41.448715746402,12.068205250738,
    197.17195102218));
#1344 = CARTESIAN_POINT('',(41.585268753066,12.120006638577,
    197.20348230174));
#1345 = CARTESIAN_POINT('',(41.720987376955,12.178068857802,
    197.23882452214));
#1346 = CARTESIAN_POINT('',(41.855441232855,12.242471344038,
    197.2780260355));
#1347 = CARTESIAN_POINT('',(42.060509714373,12.351797188863,
    197.34457220191));
#1348 = CARTESIAN_POINT('',(42.132352709537,12.392261873623,
    197.36920287959));
#1349 = CARTESIAN_POINT('',(42.203595970397,12.434612982911,
    197.39498181568));
#1350 = CARTESIAN_POINT('',(42.274156079305,12.478843887873,
    197.42190497522));
#1351 = CARTESIAN_POINT('',(42.343946108238,12.524939642133,
    197.44996326042));
#1352 = CARTESIAN_POINT('',(42.553777409658,12.670861462228,
    197.53878523787));
#1353 = CARTESIAN_POINT('',(42.691108778334,12.776551694125,
    197.60311842251));
#1354 = CARTESIAN_POINT('',(42.82406086337,12.889709914272,
    197.67199733912));
#1355 = CARTESIAN_POINT('',(42.951853268361,13.009958868128,
    197.74519235451));
#1356 = CARTESIAN_POINT('',(43.073746249724,13.13676477596,
    197.82237855928));
#1357 = CARTESIAN_POINT('',(43.278719758001,13.372476940621,
    197.96585552907));
#1358 = CARTESIAN_POINT('',(43.364410644863,13.479093244924,
    198.03075240995));
#1359 = CARTESIAN_POINT('',(43.445845765728,13.588905878505,
    198.09759488256));
#1360 = CARTESIAN_POINT('',(43.522785386489,13.701554075424,
    198.16616335025));
#1361 = CARTESIAN_POINT('',(43.595049712599,13.816657962848,
    198.23622658608));
#1362 = CARTESIAN_POINT('',(43.693983834556,13.988481336611,
    198.34081472663));
#1363 = CARTESIAN_POINT('',(43.724411034914,14.043589156845,
    198.37435861721));
#1364 = CARTESIAN_POINT('',(43.75378226025,14.099108498888,
    198.40815299932));
#1365 = CARTESIAN_POINT('',(43.782088358715,14.155001309356,
    198.44217471004));
#1366 = CARTESIAN_POINT('',(43.80932296494,14.21123025608,
    198.47640102544));
#1367 = CARTESIAN_POINT('',(43.878493443147,14.36070162204,
    198.56738359602));
#1368 = CARTESIAN_POINT('',(43.91859813121,14.45445476557,
    198.62445072686));
#1369 = CARTESIAN_POINT('',(43.955779961839,14.5488559672,
    198.68191232786));
#1370 = CARTESIAN_POINT('',(43.990041591227,14.643752893823,
    198.7396756745));
#1371 = CARTESIAN_POINT('',(44.021400631764,14.739003878477,
    198.79765453472));
#1372 = CARTESIAN_POINT('',(44.108088001158,15.029561909767,
    198.97451594507));
#1373 = CARTESIAN_POINT('',(44.154285727973,15.225564714843,
    199.09382200033));
#1374 = CARTESIAN_POINT('',(44.188734904798,15.421409789873,
    199.21303204601));
#1375 = CARTESIAN_POINT('',(44.211861797478,15.616207936861,
    199.33160483113));
#1376 = CARTESIAN_POINT('',(44.224151810837,15.809249927306,
    199.4491086514));
#1377 = CARTESIAN_POINT('',(44.226086956522,16.,199.5652173913));
#1378 = ORIENTED_EDGE('',*,*,#1379,.T.);
#1379 = EDGE_CURVE('',#1268,#1380,#1382,.T.);
#1380 = VERTEX_POINT('',#1381);
#1381 = CARTESIAN_POINT('',(41.484737163421,20.,202.));
#1382 = B_SPLINE_CURVE_WITH_KNOTS('',6,(#1383,#1384,#1385,#1386,#1387,
    #1388,#1389,#1390,#1391,#1392,#1393,#1394,#1395,#1396,#1397,#1398,
    #1399,#1400,#1401,#1402,#1403,#1404,#1405,#1406,#1407,#1408,#1409),
  .UNSPECIFIED.,.F.,.F.,(7,5,5,5,5,7),(0.,0.170530840557,0.293063031737,
    0.620008155785,0.887668271309,1.),.UNSPECIFIED.);
#1383 = CARTESIAN_POINT('',(44.226086956522,16.,199.5652173913));
#1384 = CARTESIAN_POINT('',(44.227693209471,16.158330656897,
    199.66159257376));
#1385 = CARTESIAN_POINT('',(44.222165147127,16.315073235931,
    199.75700110013));
#1386 = CARTESIAN_POINT('',(44.209779413045,16.469923090858,
    199.85125753356));
#1387 = CARTESIAN_POINT('',(44.190809267489,16.62262198819,
    199.94420468846));
#1388 = CARTESIAN_POINT('',(44.165515142391,16.772954968683,
    200.03571172006));
#1389 = CARTESIAN_POINT('',(44.111587641055,17.026940944569,
    200.1903118793));
#1390 = CARTESIAN_POINT('',(44.085898437934,17.131820488115,
    200.25415160146));
#1391 = CARTESIAN_POINT('',(44.057156681897,17.235319566885,
    200.31715104071));
#1392 = CARTESIAN_POINT('',(44.025446557449,17.337376968193,
    200.37927293716));
#1393 = CARTESIAN_POINT('',(43.990847338657,17.437936539227,
    200.44048311083));
#1394 = CARTESIAN_POINT('',(43.853604044341,17.801131220833,
    200.66155813442));
#1395 = CARTESIAN_POINT('',(43.733752924621,18.054239252151,
    200.81562389261));
#1396 = CARTESIAN_POINT('',(43.59526789239,18.295386255797,
    200.96240902526));
#1397 = CARTESIAN_POINT('',(43.439320430612,18.523648982882,
    201.10135155479));
#1398 = CARTESIAN_POINT('',(43.266977501086,18.738146658635,
    201.23191535743));
#1399 = CARTESIAN_POINT('',(42.925313836123,19.101564527104,
    201.45312623389));
#1400 = CARTESIAN_POINT('',(42.761140515153,19.25529270332,
    201.54669990636));
#1401 = CARTESIAN_POINT('',(42.587096942003,19.398648915332,
    201.63396020933));
#1402 = CARTESIAN_POINT('',(42.403681894592,19.531044335841,
    201.71454872616));
#1403 = CARTESIAN_POINT('',(42.21141790078,19.651841922794,
    201.78807769213));
#1404 = CARTESIAN_POINT('',(41.926667976467,19.805884043471,
    201.88184246124));
#1405 = CARTESIAN_POINT('',(41.84103011431,19.849255059997,
    201.90824221043));
#1406 = CARTESIAN_POINT('',(41.753972541108,19.890407533222,
    201.93329154196));
#1407 = CARTESIAN_POINT('',(41.665539454996,19.929287143577,
    201.95695739174));
#1408 = CARTESIAN_POINT('',(41.575777779478,19.965837472013,
    201.97920541774));
#1409 = CARTESIAN_POINT('',(41.484737163421,20.,202.));
#1410 = ORIENTED_EDGE('',*,*,#1411,.F.);
#1411 = EDGE_CURVE('',#813,#1380,#1412,.T.);
#1412 = LINE('',#1413,#1414);
#1413 = CARTESIAN_POINT('',(49.,20.,202.));
#1414 = VECTOR('',#1415,1.);
#1415 = DIRECTION('',(-1.,0.,0.));
#1416 = B_SPLINE_SURFACE_WITH_KNOTS('',1,1,(
    (#1417,#1418)
    ,(#1419,#1420
    )),.UNSPECIFIED.,.F.,.F.,.F.,(2,2),(2,2),(0.,98.),(0.,1.),
  .PIECEWISE_BEZIER_KNOTS.);
#1417 = CARTESIAN_POINT('',(38.,-3.,188.));
#1418 = CARTESIAN_POINT('',(49.,20.,202.));
#1419 = CARTESIAN_POINT('',(-38.,-3.,188.));
#1420 = CARTESIAN_POINT('',(-49.,20.,202.));
#1421 = ADVANCED_FACE('',(#1422),#1433,.T.);
#1422 = FACE_BOUND('',#1423,.T.);
#1423 = EDGE_LOOP('',(#1424,#1425,#1426,#1432));
#1424 = ORIENTED_EDGE('',*,*,#637,.T.);
#1425 = ORIENTED_EDGE('',*,*,#812,.T.);
#1426 = ORIENTED_EDGE('',*,*,#1427,.F.);
#1427 = EDGE_CURVE('',#791,#813,#1428,.T.);
#1428 = LINE('',#1429,#1430);
#1429 = CARTESIAN_POINT('',(54.,15.,202.));
#1430 = VECTOR('',#1431,1.);
#1431 = DIRECTION('',(-0.707106781187,0.707106781187,0.));
#1432 = ORIENTED_EDGE('',*,*,#790,.F.);
#1433 = B_SPLINE_SURFACE_WITH_KNOTS('',1,1,(
    (#1434,#1435)
    ,(#1436,#1437
    )),.UNSPECIFIED.,.F.,.F.,.F.,(2,2),(2,2),(0.,7.071067811865),(0.,1.)
  ,.PIECEWISE_BEZIER_KNOTS.);
#1434 = CARTESIAN_POINT('',(41.,-6.,188.));
#1435 = CARTESIAN_POINT('',(54.,15.,202.));
#1436 = CARTESIAN_POINT('',(38.,-3.,188.));
#1437 = CARTESIAN_POINT('',(49.,20.,202.));
#1438 = ADVANCED_FACE('',(#1439),#1485,.T.);
#1439 = FACE_BOUND('',#1440,.T.);
#1440 = EDGE_LOOP('',(#1441,#1450,#1458,#1466,#1471,#1472,#1479));
#1441 = ORIENTED_EDGE('',*,*,#1442,.F.);
#1442 = EDGE_CURVE('',#1443,#1445,#1447,.T.);
#1443 = VERTEX_POINT('',#1444);
#1444 = CARTESIAN_POINT('',(19.,-8.,145.));
#1445 = VERTEX_POINT('',#1446);
#1446 = CARTESIAN_POINT('',(19.,-20.40909090909,186.99999999999));
#1447 = B_SPLINE_CURVE_WITH_KNOTS('',1,(#1448,#1449),.UNSPECIFIED.,.F.,
  .F.,(2,2),(0.,1.),.PIECEWISE_BEZIER_KNOTS.);
#1448 = CARTESIAN_POINT('',(19.,-8.,145.));
#1449 = CARTESIAN_POINT('',(19.,-21.,189.));
#1450 = ORIENTED_EDGE('',*,*,#1451,.T.);
#1451 = EDGE_CURVE('',#1443,#1452,#1454,.T.);
#1452 = VERTEX_POINT('',#1453);
#1453 = CARTESIAN_POINT('',(19.,-8.,147.));
#1454 = LINE('',#1455,#1456);
#1455 = CARTESIAN_POINT('',(19.,-8.,8.));
#1456 = VECTOR('',#1457,1.);
#1457 = DIRECTION('',(0.,0.,1.));
#1458 = ORIENTED_EDGE('',*,*,#1459,.T.);
#1459 = EDGE_CURVE('',#1452,#1460,#1462,.T.);
#1460 = VERTEX_POINT('',#1461);
#1461 = CARTESIAN_POINT('',(19.,3.40909090909,147.));
#1462 = LINE('',#1463,#1464);
#1463 = CARTESIAN_POINT('',(19.,-8.,147.));
#1464 = VECTOR('',#1465,1.);
#1465 = DIRECTION('',(0.,1.,0.));
#1466 = ORIENTED_EDGE('',*,*,#1467,.T.);
#1467 = EDGE_CURVE('',#1460,#608,#1468,.T.);
#1468 = B_SPLINE_CURVE_WITH_KNOTS('',1,(#1469,#1470),.UNSPECIFIED.,.F.,
  .F.,(2,2),(0.,1.),.PIECEWISE_BEZIER_KNOTS.);
#1469 = CARTESIAN_POINT('',(19.,4.,145.));
#1470 = CARTESIAN_POINT('',(19.,-9.,189.));
#1471 = ORIENTED_EDGE('',*,*,#615,.T.);
#1472 = ORIENTED_EDGE('',*,*,#1473,.F.);
#1473 = EDGE_CURVE('',#1474,#616,#1476,.T.);
#1474 = VERTEX_POINT('',#1475);
#1475 = CARTESIAN_POINT('',(19.,-9.,187.));
#1476 = B_SPLINE_CURVE_WITH_KNOTS('',1,(#1477,#1478),.UNSPECIFIED.,.F.,
  .F.,(2,2),(0.,1.),.PIECEWISE_BEZIER_KNOTS.);
#1477 = CARTESIAN_POINT('',(19.,-9.,187.));
#1478 = CARTESIAN_POINT('',(19.,-7.,198.));
#1479 = ORIENTED_EDGE('',*,*,#1480,.F.);
#1480 = EDGE_CURVE('',#1445,#1474,#1481,.T.);
#1481 = LINE('',#1482,#1483);
#1482 = CARTESIAN_POINT('',(19.,-21.,187.));
#1483 = VECTOR('',#1484,1.);
#1484 = DIRECTION('',(0.,1.,0.));
#1485 = B_SPLINE_SURFACE_WITH_KNOTS('',1,1,(
    (#1486,#1487)
    ,(#1488,#1489
    )),.UNSPECIFIED.,.F.,.F.,.F.,(2,2),(2,2),(0.,12.),(0.,1.),
  .PIECEWISE_BEZIER_KNOTS.);
#1486 = CARTESIAN_POINT('',(19.,-8.,145.));
#1487 = CARTESIAN_POINT('',(19.,-21.,189.));
#1488 = CARTESIAN_POINT('',(19.,4.,145.));
#1489 = CARTESIAN_POINT('',(19.,-9.,189.));
#1490 = ADVANCED_FACE('',(#1491),#1508,.T.);
#1491 = FACE_BOUND('',#1492,.T.);
#1492 = EDGE_LOOP('',(#1493,#1494,#1502,#1507));
#1493 = ORIENTED_EDGE('',*,*,#1467,.F.);
#1494 = ORIENTED_EDGE('',*,*,#1495,.T.);
#1495 = EDGE_CURVE('',#1460,#1496,#1498,.T.);
#1496 = VERTEX_POINT('',#1497);
#1497 = CARTESIAN_POINT('',(13.,3.40909090909,147.));
#1498 = LINE('',#1499,#1500);
#1499 = CARTESIAN_POINT('',(16.,3.409090909091,147.));
#1500 = VECTOR('',#1501,1.);
#1501 = DIRECTION('',(-1.,0.,0.));
#1502 = ORIENTED_EDGE('',*,*,#1503,.T.);
#1503 = EDGE_CURVE('',#1496,#601,#1504,.T.);
#1504 = B_SPLINE_CURVE_WITH_KNOTS('',1,(#1505,#1506),.UNSPECIFIED.,.F.,
  .F.,(2,2),(0.,1.),.PIECEWISE_BEZIER_KNOTS.);
#1505 = CARTESIAN_POINT('',(13.,4.,145.));
#1506 = CARTESIAN_POINT('',(13.,-9.,189.));
#1507 = ORIENTED_EDGE('',*,*,#607,.F.);
#1508 = PLANE('',#1509);
#1509 = AXIS2_PLACEMENT_3D('',#1510,#1511,#1512);
#1510 = CARTESIAN_POINT('',(19.,-9.,189.));
#1511 = DIRECTION('',(0.,0.959017708059,0.283346141017));
#1512 = DIRECTION('',(-1.,0.,0.));
#1513 = ADVANCED_FACE('',(#1514),#1588,.T.);
#1514 = FACE_BOUND('',#1515,.T.);
#1515 = EDGE_LOOP('',(#1516,#1525,#1532,#1539,#1546,#1553,#1560,#1568,
    #1573,#1574,#1575,#1583));
#1516 = ORIENTED_EDGE('',*,*,#1517,.T.);
#1517 = EDGE_CURVE('',#1518,#1520,#1522,.T.);
#1518 = VERTEX_POINT('',#1519);
#1519 = CARTESIAN_POINT('',(13.,1.596039359458,152.95156211871));
#1520 = VERTEX_POINT('',#1521);
#1521 = CARTESIAN_POINT('',(13.,-10.34932517143,152.95156211871));
#1522 = B_SPLINE_CURVE_WITH_KNOTS('',1,(#1523,#1524),.UNSPECIFIED.,.F.,
  .F.,(2,2),(0.,1.),.PIECEWISE_BEZIER_KNOTS.);
#1523 = CARTESIAN_POINT('',(13.,1.596039359458,152.95156211871));
#1524 = CARTESIAN_POINT('',(13.,-10.34932517143,152.95156211871));
#1525 = ORIENTED_EDGE('',*,*,#1526,.T.);
#1526 = EDGE_CURVE('',#1520,#1527,#1529,.T.);
#1527 = VERTEX_POINT('',#1528);
#1528 = CARTESIAN_POINT('',(13.,-18.05976573765,179.04843788128));
#1529 = B_SPLINE_CURVE_WITH_KNOTS('',1,(#1530,#1531),.UNSPECIFIED.,.F.,
  .F.,(2,2),(0.,1.),.PIECEWISE_BEZIER_KNOTS.);
#1530 = CARTESIAN_POINT('',(13.,-8.,145.));
#1531 = CARTESIAN_POINT('',(13.,-21.,189.));
#1532 = ORIENTED_EDGE('',*,*,#1533,.T.);
#1533 = EDGE_CURVE('',#1527,#1534,#1536,.T.);
#1534 = VERTEX_POINT('',#1535);
#1535 = CARTESIAN_POINT('',(13.,-6.293713778062,179.04843788128));
#1536 = B_SPLINE_CURVE_WITH_KNOTS('',1,(#1537,#1538),.UNSPECIFIED.,.F.,
  .F.,(2,2),(0.,1.),.PIECEWISE_BEZIER_KNOTS.);
#1537 = CARTESIAN_POINT('',(13.,-18.05976573765,179.04843788128));
#1538 = CARTESIAN_POINT('',(13.,-6.293713778062,179.04843788128));
#1539 = ORIENTED_EDGE('',*,*,#1540,.T.);
#1540 = EDGE_CURVE('',#1534,#1541,#1543,.T.);
#1541 = VERTEX_POINT('',#1542);
#1542 = CARTESIAN_POINT('',(13.,-8.229542035891,185.45156211871));
#1543 = B_SPLINE_CURVE_WITH_KNOTS('',1,(#1544,#1545),.UNSPECIFIED.,.F.,
  .F.,(2,2),(0.,1.),.PIECEWISE_BEZIER_KNOTS.);
#1544 = CARTESIAN_POINT('',(13.,-6.293713778062,179.04843788128));
#1545 = CARTESIAN_POINT('',(13.,-8.229542035891,185.45156211871));
#1546 = ORIENTED_EDGE('',*,*,#1547,.T.);
#1547 = EDGE_CURVE('',#1541,#1548,#1550,.T.);
#1548 = VERTEX_POINT('',#1549);
#1549 = CARTESIAN_POINT('',(13.,-19.95159789871,185.45156211871));
#1550 = B_SPLINE_CURVE_WITH_KNOTS('',1,(#1551,#1552),.UNSPECIFIED.,.F.,
  .F.,(2,2),(0.,1.),.PIECEWISE_BEZIER_KNOTS.);
#1551 = CARTESIAN_POINT('',(13.,-8.229542035891,185.45156211871));
#1552 = CARTESIAN_POINT('',(13.,-19.95159789871,185.45156211871));
#1553 = ORIENTED_EDGE('',*,*,#1554,.T.);
#1554 = EDGE_CURVE('',#1548,#1555,#1557,.T.);
#1555 = VERTEX_POINT('',#1556);
#1556 = CARTESIAN_POINT('',(13.,-20.40909090909,186.99999999999));
#1557 = B_SPLINE_CURVE_WITH_KNOTS('',1,(#1558,#1559),.UNSPECIFIED.,.F.,
  .F.,(2,2),(0.,1.),.PIECEWISE_BEZIER_KNOTS.);
#1558 = CARTESIAN_POINT('',(13.,-8.,145.));
#1559 = CARTESIAN_POINT('',(13.,-21.,189.));
#1560 = ORIENTED_EDGE('',*,*,#1561,.F.);
#1561 = EDGE_CURVE('',#1562,#1555,#1564,.T.);
#1562 = VERTEX_POINT('',#1563);
#1563 = CARTESIAN_POINT('',(13.,-9.,187.));
#1564 = LINE('',#1565,#1566);
#1565 = CARTESIAN_POINT('',(13.,-9.,187.));
#1566 = VECTOR('',#1567,1.);
#1567 = DIRECTION('',(0.,-1.,0.));
#1568 = ORIENTED_EDGE('',*,*,#1569,.T.);
#1569 = EDGE_CURVE('',#1562,#594,#1570,.T.);
#1570 = B_SPLINE_CURVE_WITH_KNOTS('',1,(#1571,#1572),.UNSPECIFIED.,.F.,
  .F.,(2,2),(0.,1.),.PIECEWISE_BEZIER_KNOTS.);
#1571 = CARTESIAN_POINT('',(13.,-9.,187.));
#1572 = CARTESIAN_POINT('',(13.,-7.,198.));
#1573 = ORIENTED_EDGE('',*,*,#600,.T.);
#1574 = ORIENTED_EDGE('',*,*,#1503,.F.);
#1575 = ORIENTED_EDGE('',*,*,#1576,.F.);
#1576 = EDGE_CURVE('',#1577,#1496,#1579,.T.);
#1577 = VERTEX_POINT('',#1578);
#1578 = CARTESIAN_POINT('',(13.,3.395348837209,147.));
#1579 = LINE('',#1580,#1581);
#1580 = CARTESIAN_POINT('',(13.,-8.,147.));
#1581 = VECTOR('',#1582,1.);
#1582 = DIRECTION('',(0.,1.,0.));
#1583 = ORIENTED_EDGE('',*,*,#1584,.T.);
#1584 = EDGE_CURVE('',#1577,#1518,#1585,.T.);
#1585 = B_SPLINE_CURVE_WITH_KNOTS('',1,(#1586,#1587),.UNSPECIFIED.,.F.,
  .F.,(2,2),(0.,1.),.PIECEWISE_BEZIER_KNOTS.);
#1586 = CARTESIAN_POINT('',(13.,4.,145.));
#1587 = CARTESIAN_POINT('',(13.,1.290228994113,153.96308871178));
#1588 = B_SPLINE_SURFACE_WITH_KNOTS('',1,1,(
    (#1589,#1590)
    ,(#1591,#1592
    )),.UNSPECIFIED.,.F.,.F.,.F.,(2,2),(2,2),(0.,12.),(0.,1.),
  .PIECEWISE_BEZIER_KNOTS.);
#1589 = CARTESIAN_POINT('',(13.,4.,145.));
#1590 = CARTESIAN_POINT('',(13.,-9.,189.));
#1591 = CARTESIAN_POINT('',(13.,-8.,145.));
#1592 = CARTESIAN_POINT('',(13.,-21.,189.));
#1593 = ADVANCED_FACE('',(#1594),#1674,.T.);
#1594 = FACE_BOUND('',#1595,.T.);
#1595 = EDGE_LOOP('',(#1596,#1605,#1612,#1619,#1627,#1632,#1633,#1640,
    #1648,#1655,#1662,#1669));
#1596 = ORIENTED_EDGE('',*,*,#1597,.F.);
#1597 = EDGE_CURVE('',#1598,#1600,#1602,.T.);
#1598 = VERTEX_POINT('',#1599);
#1599 = CARTESIAN_POINT('',(-13.,-10.34932517143,152.95156211871));
#1600 = VERTEX_POINT('',#1601);
#1601 = CARTESIAN_POINT('',(-13.,-18.05976573765,179.04843788128));
#1602 = B_SPLINE_CURVE_WITH_KNOTS('',1,(#1603,#1604),.UNSPECIFIED.,.F.,
  .F.,(2,2),(0.,1.),.PIECEWISE_BEZIER_KNOTS.);
#1603 = CARTESIAN_POINT('',(-13.,-8.,145.));
#1604 = CARTESIAN_POINT('',(-13.,-21.,189.));
#1605 = ORIENTED_EDGE('',*,*,#1606,.T.);
#1606 = EDGE_CURVE('',#1598,#1607,#1609,.T.);
#1607 = VERTEX_POINT('',#1608);
#1608 = CARTESIAN_POINT('',(-13.,1.596039359458,152.95156211871));
#1609 = B_SPLINE_CURVE_WITH_KNOTS('',1,(#1610,#1611),.UNSPECIFIED.,.F.,
  .F.,(2,2),(0.,1.),.PIECEWISE_BEZIER_KNOTS.);
#1610 = CARTESIAN_POINT('',(-13.,-10.34932517143,152.95156211871));
#1611 = CARTESIAN_POINT('',(-13.,1.596039359458,152.95156211871));
#1612 = ORIENTED_EDGE('',*,*,#1613,.F.);
#1613 = EDGE_CURVE('',#1614,#1607,#1616,.T.);
#1614 = VERTEX_POINT('',#1615);
#1615 = CARTESIAN_POINT('',(-13.,3.395348837209,147.));
#1616 = B_SPLINE_CURVE_WITH_KNOTS('',1,(#1617,#1618),.UNSPECIFIED.,.F.,
  .F.,(2,2),(0.,1.),.PIECEWISE_BEZIER_KNOTS.);
#1617 = CARTESIAN_POINT('',(-13.,3.531867617286,146.54843788128));
#1618 = CARTESIAN_POINT('',(-13.,1.596039359458,152.95156211871));
#1619 = ORIENTED_EDGE('',*,*,#1620,.T.);
#1620 = EDGE_CURVE('',#1614,#1621,#1623,.T.);
#1621 = VERTEX_POINT('',#1622);
#1622 = CARTESIAN_POINT('',(-13.,3.40909090909,147.));
#1623 = LINE('',#1624,#1625);
#1624 = CARTESIAN_POINT('',(-13.,-8.,147.));
#1625 = VECTOR('',#1626,1.);
#1626 = DIRECTION('',(0.,1.,0.));
#1627 = ORIENTED_EDGE('',*,*,#1628,.T.);
#1628 = EDGE_CURVE('',#1621,#573,#1629,.T.);
#1629 = B_SPLINE_CURVE_WITH_KNOTS('',1,(#1630,#1631),.UNSPECIFIED.,.F.,
  .F.,(2,2),(0.,1.),.PIECEWISE_BEZIER_KNOTS.);
#1630 = CARTESIAN_POINT('',(-13.,4.,145.));
#1631 = CARTESIAN_POINT('',(-13.,-9.,189.));
#1632 = ORIENTED_EDGE('',*,*,#580,.T.);
#1633 = ORIENTED_EDGE('',*,*,#1634,.F.);
#1634 = EDGE_CURVE('',#1635,#581,#1637,.T.);
#1635 = VERTEX_POINT('',#1636);
#1636 = CARTESIAN_POINT('',(-13.,-9.,187.));
#1637 = B_SPLINE_CURVE_WITH_KNOTS('',1,(#1638,#1639),.UNSPECIFIED.,.F.,
  .F.,(2,2),(0.,1.),.PIECEWISE_BEZIER_KNOTS.);
#1638 = CARTESIAN_POINT('',(-13.,-9.,187.));
#1639 = CARTESIAN_POINT('',(-13.,-7.,198.));
#1640 = ORIENTED_EDGE('',*,*,#1641,.F.);
#1641 = EDGE_CURVE('',#1642,#1635,#1644,.T.);
#1642 = VERTEX_POINT('',#1643);
#1643 = CARTESIAN_POINT('',(-13.,-20.40909090909,186.99999999999));
#1644 = LINE('',#1645,#1646);
#1645 = CARTESIAN_POINT('',(-13.,-21.,187.));
#1646 = VECTOR('',#1647,1.);
#1647 = DIRECTION('',(0.,1.,0.));
#1648 = ORIENTED_EDGE('',*,*,#1649,.F.);
#1649 = EDGE_CURVE('',#1650,#1642,#1652,.T.);
#1650 = VERTEX_POINT('',#1651);
#1651 = CARTESIAN_POINT('',(-13.,-19.95159789871,185.45156211871));
#1652 = B_SPLINE_CURVE_WITH_KNOTS('',1,(#1653,#1654),.UNSPECIFIED.,.F.,
  .F.,(2,2),(0.,1.),.PIECEWISE_BEZIER_KNOTS.);
#1653 = CARTESIAN_POINT('',(-13.,-8.,145.));
#1654 = CARTESIAN_POINT('',(-13.,-21.,189.));
#1655 = ORIENTED_EDGE('',*,*,#1656,.T.);
#1656 = EDGE_CURVE('',#1650,#1657,#1659,.T.);
#1657 = VERTEX_POINT('',#1658);
#1658 = CARTESIAN_POINT('',(-13.,-8.229542035891,185.45156211871));
#1659 = B_SPLINE_CURVE_WITH_KNOTS('',1,(#1660,#1661),.UNSPECIFIED.,.F.,
  .F.,(2,2),(0.,1.),.PIECEWISE_BEZIER_KNOTS.);
#1660 = CARTESIAN_POINT('',(-13.,-19.95159789871,185.45156211871));
#1661 = CARTESIAN_POINT('',(-13.,-8.229542035891,185.45156211871));
#1662 = ORIENTED_EDGE('',*,*,#1663,.F.);
#1663 = EDGE_CURVE('',#1664,#1657,#1666,.T.);
#1664 = VERTEX_POINT('',#1665);
#1665 = CARTESIAN_POINT('',(-13.,-6.293713778062,179.04843788128));
#1666 = B_SPLINE_CURVE_WITH_KNOTS('',1,(#1667,#1668),.UNSPECIFIED.,.F.,
  .F.,(2,2),(0.,1.),.PIECEWISE_BEZIER_KNOTS.);
#1667 = CARTESIAN_POINT('',(-13.,-5.987903412717,178.03691128821));
#1668 = CARTESIAN_POINT('',(-13.,-9.000007981395,188.0000264));
#1669 = ORIENTED_EDGE('',*,*,#1670,.T.);
#1670 = EDGE_CURVE('',#1664,#1600,#1671,.T.);
#1671 = B_SPLINE_CURVE_WITH_KNOTS('',1,(#1672,#1673),.UNSPECIFIED.,.F.,
  .F.,(2,2),(0.,1.),.PIECEWISE_BEZIER_KNOTS.);
#1672 = CARTESIAN_POINT('',(-13.,-6.293713778062,179.04843788128));
#1673 = CARTESIAN_POINT('',(-13.,-18.05976573765,179.04843788128));
#1674 = B_SPLINE_SURFACE_WITH_KNOTS('',1,1,(
    (#1675,#1676)
    ,(#1677,#1678
    )),.UNSPECIFIED.,.F.,.F.,.F.,(2,2),(2,2),(0.,12.),(0.,1.),
  .PIECEWISE_BEZIER_KNOTS.);
#1675 = CARTESIAN_POINT('',(-13.,-8.,145.));
#1676 = CARTESIAN_POINT('',(-13.,-21.,189.));
#1677 = CARTESIAN_POINT('',(-13.,4.,145.));
#1678 = CARTESIAN_POINT('',(-13.,-9.,189.));
#1679 = ADVANCED_FACE('',(#1680),#1697,.T.);
#1680 = FACE_BOUND('',#1681,.T.);
#1681 = EDGE_LOOP('',(#1682,#1683,#1691,#1696));
#1682 = ORIENTED_EDGE('',*,*,#1628,.F.);
#1683 = ORIENTED_EDGE('',*,*,#1684,.T.);
#1684 = EDGE_CURVE('',#1621,#1685,#1687,.T.);
#1685 = VERTEX_POINT('',#1686);
#1686 = CARTESIAN_POINT('',(-19.,3.40909090909,147.));
#1687 = LINE('',#1688,#1689);
#1688 = CARTESIAN_POINT('',(-16.,3.409090909091,147.));
#1689 = VECTOR('',#1690,1.);
#1690 = DIRECTION('',(-1.,0.,0.));
#1691 = ORIENTED_EDGE('',*,*,#1692,.T.);
#1692 = EDGE_CURVE('',#1685,#566,#1693,.T.);
#1693 = B_SPLINE_CURVE_WITH_KNOTS('',1,(#1694,#1695),.UNSPECIFIED.,.F.,
  .F.,(2,2),(0.,1.),.PIECEWISE_BEZIER_KNOTS.);
#1694 = CARTESIAN_POINT('',(-19.,4.,145.));
#1695 = CARTESIAN_POINT('',(-19.,-9.,189.));
#1696 = ORIENTED_EDGE('',*,*,#572,.F.);
#1697 = PLANE('',#1698);
#1698 = AXIS2_PLACEMENT_3D('',#1699,#1700,#1701);
#1699 = CARTESIAN_POINT('',(-13.,-9.,189.));
#1700 = DIRECTION('',(0.,0.959017708059,0.283346141017));
#1701 = DIRECTION('',(-1.,0.,0.));
#1702 = ADVANCED_FACE('',(#1703),#1743,.T.);
#1703 = FACE_BOUND('',#1704,.T.);
#1704 = EDGE_LOOP('',(#1705,#1715,#1722,#1730,#1735,#1736,#1737));
#1705 = ORIENTED_EDGE('',*,*,#1706,.F.);
#1706 = EDGE_CURVE('',#1707,#1709,#1711,.T.);
#1707 = VERTEX_POINT('',#1708);
#1708 = CARTESIAN_POINT('',(-19.,-8.,145.));
#1709 = VERTEX_POINT('',#1710);
#1710 = CARTESIAN_POINT('',(-19.,-8.,147.));
#1711 = LINE('',#1712,#1713);
#1712 = CARTESIAN_POINT('',(-19.,-8.,8.));
#1713 = VECTOR('',#1714,1.);
#1714 = DIRECTION('',(0.,0.,1.));
#1715 = ORIENTED_EDGE('',*,*,#1716,.T.);
#1716 = EDGE_CURVE('',#1707,#1717,#1719,.T.);
#1717 = VERTEX_POINT('',#1718);
#1718 = CARTESIAN_POINT('',(-19.,-20.40909090909,186.99999999999));
#1719 = B_SPLINE_CURVE_WITH_KNOTS('',1,(#1720,#1721),.UNSPECIFIED.,.F.,
  .F.,(2,2),(0.,1.),.PIECEWISE_BEZIER_KNOTS.);
#1720 = CARTESIAN_POINT('',(-19.,-8.,145.));
#1721 = CARTESIAN_POINT('',(-19.,-21.,189.));
#1722 = ORIENTED_EDGE('',*,*,#1723,.F.);
#1723 = EDGE_CURVE('',#1724,#1717,#1726,.T.);
#1724 = VERTEX_POINT('',#1725);
#1725 = CARTESIAN_POINT('',(-19.,-9.,187.));
#1726 = LINE('',#1727,#1728);
#1727 = CARTESIAN_POINT('',(-19.,-9.,187.));
#1728 = VECTOR('',#1729,1.);
#1729 = DIRECTION('',(0.,-1.,0.));
#1730 = ORIENTED_EDGE('',*,*,#1731,.T.);
#1731 = EDGE_CURVE('',#1724,#559,#1732,.T.);
#1732 = B_SPLINE_CURVE_WITH_KNOTS('',1,(#1733,#1734),.UNSPECIFIED.,.F.,
  .F.,(2,2),(0.,1.),.PIECEWISE_BEZIER_KNOTS.);
#1733 = CARTESIAN_POINT('',(-19.,-9.,187.));
#1734 = CARTESIAN_POINT('',(-19.,-7.,198.));
#1735 = ORIENTED_EDGE('',*,*,#565,.T.);
#1736 = ORIENTED_EDGE('',*,*,#1692,.F.);
#1737 = ORIENTED_EDGE('',*,*,#1738,.F.);
#1738 = EDGE_CURVE('',#1709,#1685,#1739,.T.);
#1739 = LINE('',#1740,#1741);
#1740 = CARTESIAN_POINT('',(-19.,-8.,147.));
#1741 = VECTOR('',#1742,1.);
#1742 = DIRECTION('',(0.,1.,0.));
#1743 = B_SPLINE_SURFACE_WITH_KNOTS('',1,1,(
    (#1744,#1745)
    ,(#1746,#1747
    )),.UNSPECIFIED.,.F.,.F.,.F.,(2,2),(2,2),(0.,12.),(0.,1.),
  .PIECEWISE_BEZIER_KNOTS.);
#1744 = CARTESIAN_POINT('',(-19.,4.,145.));
#1745 = CARTESIAN_POINT('',(-19.,-9.,189.));
#1746 = CARTESIAN_POINT('',(-19.,-8.,145.));
#1747 = CARTESIAN_POINT('',(-19.,-21.,189.));
#1748 = ADVANCED_FACE('',(#1749),#1760,.T.);
#1749 = FACE_BOUND('',#1750,.T.);
#1750 = EDGE_LOOP('',(#1751,#1752,#1753,#1759));
#1751 = ORIENTED_EDGE('',*,*,#542,.T.);
#1752 = ORIENTED_EDGE('',*,*,#724,.T.);
#1753 = ORIENTED_EDGE('',*,*,#1754,.F.);
#1754 = EDGE_CURVE('',#821,#717,#1755,.T.);
#1755 = LINE('',#1756,#1757);
#1756 = CARTESIAN_POINT('',(-49.,20.,202.));
#1757 = VECTOR('',#1758,1.);
#1758 = DIRECTION('',(-0.707106781187,-0.707106781187,0.));
#1759 = ORIENTED_EDGE('',*,*,#820,.F.);
#1760 = B_SPLINE_SURFACE_WITH_KNOTS('',1,1,(
    (#1761,#1762)
    ,(#1763,#1764
    )),.UNSPECIFIED.,.F.,.F.,.F.,(2,2),(2,2),(0.,7.071067811865),(0.,1.)
  ,.PIECEWISE_BEZIER_KNOTS.);
#1761 = CARTESIAN_POINT('',(-38.,-3.,188.));
#1762 = CARTESIAN_POINT('',(-49.,20.,202.));
#1763 = CARTESIAN_POINT('',(-41.,-6.,188.));
#1764 = CARTESIAN_POINT('',(-54.,15.,202.));
#1765 = ADVANCED_FACE('',(#1766),#1781,.T.);
#1766 = FACE_BOUND('',#1767,.T.);
#1767 = EDGE_LOOP('',(#1768,#1775,#1780));
#1768 = ORIENTED_EDGE('',*,*,#1769,.F.);
#1769 = EDGE_CURVE('',#1770,#277,#1772,.T.);
#1770 = VERTEX_POINT('',#1771);
#1771 = CARTESIAN_POINT('',(13.,-20.67398119122,187.89655172413));
#1772 = B_SPLINE_CURVE_WITH_KNOTS('',1,(#1773,#1774),.UNSPECIFIED.,.F.,
  .F.,(2,2),(0.,1.),.PIECEWISE_BEZIER_KNOTS.);
#1773 = CARTESIAN_POINT('',(13.,-21.,187.));
#1774 = CARTESIAN_POINT('',(13.,-17.,198.));
#1775 = ORIENTED_EDGE('',*,*,#1776,.T.);
#1776 = EDGE_CURVE('',#1770,#269,#1777,.T.);
#1777 = B_SPLINE_CURVE_WITH_KNOTS('',1,(#1778,#1779),.UNSPECIFIED.,.F.,
  .F.,(2,2),(0.,1.),.PIECEWISE_BEZIER_KNOTS.);
#1778 = CARTESIAN_POINT('',(13.,-8.,145.));
#1779 = CARTESIAN_POINT('',(13.,-21.,189.));
#1780 = ORIENTED_EDGE('',*,*,#276,.F.);
#1781 = B_SPLINE_SURFACE_WITH_KNOTS('',1,1,(
    (#1782,#1783)
    ,(#1784,#1785
    )),.UNSPECIFIED.,.F.,.F.,.F.,(2,2),(2,2),(0.,12.),(0.,1.),
  .PIECEWISE_BEZIER_KNOTS.);
#1782 = CARTESIAN_POINT('',(13.,4.,145.));
#1783 = CARTESIAN_POINT('',(13.,-9.,189.));
#1784 = CARTESIAN_POINT('',(13.,-8.,145.));
#1785 = CARTESIAN_POINT('',(13.,-21.,189.));
#1786 = ADVANCED_FACE('',(#1787),#1802,.T.);
#1787 = FACE_BOUND('',#1788,.T.);
#1788 = EDGE_LOOP('',(#1789,#1796,#1801));
#1789 = ORIENTED_EDGE('',*,*,#1790,.F.);
#1790 = EDGE_CURVE('',#1791,#216,#1793,.T.);
#1791 = VERTEX_POINT('',#1792);
#1792 = CARTESIAN_POINT('',(-19.,-20.67398119122,187.89655172413));
#1793 = B_SPLINE_CURVE_WITH_KNOTS('',1,(#1794,#1795),.UNSPECIFIED.,.F.,
  .F.,(2,2),(0.,1.),.PIECEWISE_BEZIER_KNOTS.);
#1794 = CARTESIAN_POINT('',(-19.,-21.,187.));
#1795 = CARTESIAN_POINT('',(-19.,-17.,198.));
#1796 = ORIENTED_EDGE('',*,*,#1797,.T.);
#1797 = EDGE_CURVE('',#1791,#208,#1798,.T.);
#1798 = B_SPLINE_CURVE_WITH_KNOTS('',1,(#1799,#1800),.UNSPECIFIED.,.F.,
  .F.,(2,2),(0.,1.),.PIECEWISE_BEZIER_KNOTS.);
#1799 = CARTESIAN_POINT('',(-19.,-8.,145.));
#1800 = CARTESIAN_POINT('',(-19.,-21.,189.));
#1801 = ORIENTED_EDGE('',*,*,#215,.F.);
#1802 = B_SPLINE_SURFACE_WITH_KNOTS('',1,1,(
    (#1803,#1804)
    ,(#1805,#1806
    )),.UNSPECIFIED.,.F.,.F.,.F.,(2,2),(2,2),(0.,12.),(0.,1.),
  .PIECEWISE_BEZIER_KNOTS.);
#1803 = CARTESIAN_POINT('',(-19.,4.,145.));
#1804 = CARTESIAN_POINT('',(-19.,-9.,189.));
#1805 = CARTESIAN_POINT('',(-19.,-8.,145.));
#1806 = CARTESIAN_POINT('',(-19.,-21.,189.));
#1807 = ADVANCED_FACE('',(#1808),#1825,.T.);
#1808 = FACE_BOUND('',#1809,.T.);
#1809 = EDGE_LOOP('',(#1810,#1811,#1812,#1820));
#1810 = ORIENTED_EDGE('',*,*,#693,.T.);
#1811 = ORIENTED_EDGE('',*,*,#776,.T.);
#1812 = ORIENTED_EDGE('',*,*,#1813,.F.);
#1813 = EDGE_CURVE('',#1814,#769,#1816,.T.);
#1814 = VERTEX_POINT('',#1815);
#1815 = CARTESIAN_POINT('',(-58.,-8.,238.));
#1816 = LINE('',#1817,#1818);
#1817 = CARTESIAN_POINT('',(-58.,-8.,238.));
#1818 = VECTOR('',#1819,1.);
#1819 = DIRECTION('',(0.707106781187,-0.707106781187,0.));
#1820 = ORIENTED_EDGE('',*,*,#1821,.F.);
#1821 = EDGE_CURVE('',#694,#1814,#1822,.T.);
#1822 = B_SPLINE_CURVE_WITH_KNOTS('',1,(#1823,#1824),.UNSPECIFIED.,.F.,
  .F.,(2,2),(0.,1.),.PIECEWISE_BEZIER_KNOTS.);
#1823 = CARTESIAN_POINT('',(-63.,-12.,212.));
#1824 = CARTESIAN_POINT('',(-58.,-8.,238.));
#1825 = B_SPLINE_SURFACE_WITH_KNOTS('',1,1,(
    (#1826,#1827)
    ,(#1828,#1829
    )),.UNSPECIFIED.,.F.,.F.,.F.,(2,2),(2,2),(0.,9.899494936612),(0.,1.)
  ,.PIECEWISE_BEZIER_KNOTS.);
#1826 = CARTESIAN_POINT('',(-63.,-12.,212.));
#1827 = CARTESIAN_POINT('',(-58.,-8.,238.));
#1828 = CARTESIAN_POINT('',(-56.,-19.,212.));
#1829 = CARTESIAN_POINT('',(-52.,-14.,238.));
#1830 = ADVANCED_FACE('',(#1831),#1848,.T.);
#1831 = FACE_BOUND('',#1832,.T.);
#1832 = EDGE_LOOP('',(#1833,#1834,#1835,#1843));
#1833 = ORIENTED_EDGE('',*,*,#716,.T.);
#1834 = ORIENTED_EDGE('',*,*,#701,.T.);
#1835 = ORIENTED_EDGE('',*,*,#1836,.F.);
#1836 = EDGE_CURVE('',#1837,#694,#1839,.T.);
#1837 = VERTEX_POINT('',#1838);
#1838 = CARTESIAN_POINT('',(-63.,36.,212.));
#1839 = LINE('',#1840,#1841);
#1840 = CARTESIAN_POINT('',(-63.,36.,212.));
#1841 = VECTOR('',#1842,1.);
#1842 = DIRECTION('',(0.,-1.,0.));
#1843 = ORIENTED_EDGE('',*,*,#1844,.F.);
#1844 = EDGE_CURVE('',#717,#1837,#1845,.T.);
#1845 = B_SPLINE_CURVE_WITH_KNOTS('',1,(#1846,#1847),.UNSPECIFIED.,.F.,
  .F.,(2,2),(0.,1.),.PIECEWISE_BEZIER_KNOTS.);
#1846 = CARTESIAN_POINT('',(-54.,15.,202.));
#1847 = CARTESIAN_POINT('',(-63.,36.,212.));
#1848 = B_SPLINE_SURFACE_WITH_KNOTS('',1,1,(
    (#1849,#1850)
    ,(#1851,#1852
    )),.UNSPECIFIED.,.F.,.F.,.F.,(2,2),(2,2),(0.,48.),(0.,1.),
  .PIECEWISE_BEZIER_KNOTS.);
#1849 = CARTESIAN_POINT('',(-54.,15.,202.));
#1850 = CARTESIAN_POINT('',(-63.,36.,212.));
#1851 = CARTESIAN_POINT('',(-54.,-15.,202.));
#1852 = CARTESIAN_POINT('',(-63.,-12.,212.));
#1853 = ADVANCED_FACE('',(#1854),#1871,.T.);
#1854 = FACE_BOUND('',#1855,.T.);
#1855 = EDGE_LOOP('',(#1856,#1857,#1864,#1870));
#1856 = ORIENTED_EDGE('',*,*,#797,.T.);
#1857 = ORIENTED_EDGE('',*,*,#1858,.T.);
#1858 = EDGE_CURVE('',#791,#1859,#1861,.T.);
#1859 = VERTEX_POINT('',#1860);
#1860 = CARTESIAN_POINT('',(63.,36.,212.));
#1861 = B_SPLINE_CURVE_WITH_KNOTS('',1,(#1862,#1863),.UNSPECIFIED.,.F.,
  .F.,(2,2),(0.,1.),.PIECEWISE_BEZIER_KNOTS.);
#1862 = CARTESIAN_POINT('',(54.,15.,202.));
#1863 = CARTESIAN_POINT('',(63.,36.,212.));
#1864 = ORIENTED_EDGE('',*,*,#1865,.F.);
#1865 = EDGE_CURVE('',#739,#1859,#1866,.T.);
#1866 = LINE('',#1867,#1868);
#1867 = CARTESIAN_POINT('',(63.,-12.,212.));
#1868 = VECTOR('',#1869,1.);
#1869 = DIRECTION('',(0.,1.,0.));
#1870 = ORIENTED_EDGE('',*,*,#738,.F.);
#1871 = B_SPLINE_SURFACE_WITH_KNOTS('',1,1,(
    (#1872,#1873)
    ,(#1874,#1875
    )),.UNSPECIFIED.,.F.,.F.,.F.,(2,2),(2,2),(0.,48.),(0.,1.),
  .PIECEWISE_BEZIER_KNOTS.);
#1872 = CARTESIAN_POINT('',(54.,-15.,202.));
#1873 = CARTESIAN_POINT('',(63.,-12.,212.));
#1874 = CARTESIAN_POINT('',(54.,15.,202.));
#1875 = CARTESIAN_POINT('',(63.,36.,212.));
#1876 = ADVANCED_FACE('',(#1877),#1894,.T.);
#1877 = FACE_BOUND('',#1878,.T.);
#1878 = EDGE_LOOP('',(#1879,#1880,#1887,#1893));
#1879 = ORIENTED_EDGE('',*,*,#745,.T.);
#1880 = ORIENTED_EDGE('',*,*,#1881,.T.);
#1881 = EDGE_CURVE('',#739,#1882,#1884,.T.);
#1882 = VERTEX_POINT('',#1883);
#1883 = CARTESIAN_POINT('',(58.,-8.,238.));
#1884 = B_SPLINE_CURVE_WITH_KNOTS('',1,(#1885,#1886),.UNSPECIFIED.,.F.,
  .F.,(2,2),(0.,1.),.PIECEWISE_BEZIER_KNOTS.);
#1885 = CARTESIAN_POINT('',(63.,-12.,212.));
#1886 = CARTESIAN_POINT('',(58.,-8.,238.));
#1887 = ORIENTED_EDGE('',*,*,#1888,.F.);
#1888 = EDGE_CURVE('',#762,#1882,#1889,.T.);
#1889 = LINE('',#1890,#1891);
#1890 = CARTESIAN_POINT('',(52.,-14.,238.));
#1891 = VECTOR('',#1892,1.);
#1892 = DIRECTION('',(0.707106781187,0.707106781187,0.));
#1893 = ORIENTED_EDGE('',*,*,#761,.F.);
#1894 = B_SPLINE_SURFACE_WITH_KNOTS('',1,1,(
    (#1895,#1896)
    ,(#1897,#1898
    )),.UNSPECIFIED.,.F.,.F.,.F.,(2,2),(2,2),(0.,9.899494936612),(0.,1.)
  ,.PIECEWISE_BEZIER_KNOTS.);
#1895 = CARTESIAN_POINT('',(56.,-19.,212.));
#1896 = CARTESIAN_POINT('',(52.,-14.,238.));
#1897 = CARTESIAN_POINT('',(63.,-12.,212.));
#1898 = CARTESIAN_POINT('',(58.,-8.,238.));
#1899 = ADVANCED_FACE('',(#1900),#1923,.T.);
#1900 = FACE_BOUND('',#1901,.T.);
#1901 = EDGE_LOOP('',(#1902,#1903,#1910,#1918));
#1902 = ORIENTED_EDGE('',*,*,#768,.T.);
#1903 = ORIENTED_EDGE('',*,*,#1904,.T.);
#1904 = EDGE_CURVE('',#762,#1905,#1907,.T.);
#1905 = VERTEX_POINT('',#1906);
#1906 = CARTESIAN_POINT('',(52.5,-15.,244.));
#1907 = B_SPLINE_CURVE_WITH_KNOTS('',1,(#1908,#1909),.UNSPECIFIED.,.F.,
  .F.,(2,2),(0.,1.),.PIECEWISE_BEZIER_KNOTS.);
#1908 = CARTESIAN_POINT('',(52.,-14.,238.));
#1909 = CARTESIAN_POINT('',(52.5,-15.,244.));
#1910 = ORIENTED_EDGE('',*,*,#1911,.F.);
#1911 = EDGE_CURVE('',#1912,#1905,#1914,.T.);
#1912 = VERTEX_POINT('',#1913);
#1913 = CARTESIAN_POINT('',(-52.5,-15.,244.));
#1914 = LINE('',#1915,#1916);
#1915 = CARTESIAN_POINT('',(-52.5,-15.,244.));
#1916 = VECTOR('',#1917,1.);
#1917 = DIRECTION('',(1.,0.,0.));
#1918 = ORIENTED_EDGE('',*,*,#1919,.F.);
#1919 = EDGE_CURVE('',#769,#1912,#1920,.T.);
#1920 = B_SPLINE_CURVE_WITH_KNOTS('',1,(#1921,#1922),.UNSPECIFIED.,.F.,
  .F.,(2,2),(0.,1.),.PIECEWISE_BEZIER_KNOTS.);
#1921 = CARTESIAN_POINT('',(-52.,-14.,238.));
#1922 = CARTESIAN_POINT('',(-52.5,-15.,244.));
#1923 = B_SPLINE_SURFACE_WITH_KNOTS('',1,1,(
    (#1924,#1925)
    ,(#1926,#1927
    )),.UNSPECIFIED.,.F.,.F.,.F.,(2,2),(2,2),(0.,105.),(0.,1.),
  .PIECEWISE_BEZIER_KNOTS.);
#1924 = CARTESIAN_POINT('',(-52.,-14.,238.));
#1925 = CARTESIAN_POINT('',(-52.5,-15.,244.));
#1926 = CARTESIAN_POINT('',(52.,-14.,238.));
#1927 = CARTESIAN_POINT('',(52.5,-15.,244.));
#1928 = ADVANCED_FACE('',(#1929),#2162,.T.);
#1929 = FACE_BOUND('',#1930,.T.);
#1930 = EDGE_LOOP('',(#1931,#1938,#1939,#1951,#1952,#2035,#2036,#2051,
    #2052,#2135,#2136,#2148,#2149,#2156));
#1931 = ORIENTED_EDGE('',*,*,#1932,.F.);
#1932 = EDGE_CURVE('',#813,#1933,#1935,.T.);
#1933 = VERTEX_POINT('',#1934);
#1934 = CARTESIAN_POINT('',(56.,43.,212.));
#1935 = B_SPLINE_CURVE_WITH_KNOTS('',1,(#1936,#1937),.UNSPECIFIED.,.F.,
  .F.,(2,2),(0.,1.),.PIECEWISE_BEZIER_KNOTS.);
#1936 = CARTESIAN_POINT('',(49.,20.,202.));
#1937 = CARTESIAN_POINT('',(56.,43.,212.));
#1938 = ORIENTED_EDGE('',*,*,#1411,.T.);
#1939 = ORIENTED_EDGE('',*,*,#1940,.T.);
#1940 = EDGE_CURVE('',#1380,#1260,#1941,.T.);
#1941 = B_SPLINE_CURVE_WITH_KNOTS('',8,(#1942,#1943,#1944,#1945,#1946,
    #1947,#1948,#1949,#1950),.UNSPECIFIED.,.F.,.F.,(9,9),(0.,1.),
  .PIECEWISE_BEZIER_KNOTS.);
#1942 = CARTESIAN_POINT('',(41.484737163421,20.,202.));
#1943 = CARTESIAN_POINT('',(41.140670382297,20.128707021036,
    202.05595957436));
#1944 = CARTESIAN_POINT('',(40.784202538037,20.223196130212,
    202.09704179574));
#1945 = CARTESIAN_POINT('',(40.417175498256,20.282918886523,
    202.12300821153));
#1946 = CARTESIAN_POINT('',(40.041754381305,20.306462781717,
    202.1332446877));
#1947 = CARTESIAN_POINT('',(39.660543320819,20.29212512508,
    202.12701092394));
#1948 = CARTESIAN_POINT('',(39.276611596685,20.237840792293,
    202.10340904012));
#1949 = CARTESIAN_POINT('',(38.893517107208,20.141495729963,
    202.06151988259));
#1950 = CARTESIAN_POINT('',(38.515262836579,20.,202.));
#1951 = ORIENTED_EDGE('',*,*,#1259,.T.);
#1952 = ORIENTED_EDGE('',*,*,#1953,.T.);
#1953 = EDGE_CURVE('',#1188,#1180,#1954,.T.);
#1954 = B_SPLINE_CURVE_WITH_KNOTS('',7,(#1955,#1956,#1957,#1958,#1959,
    #1960,#1961,#1962,#1963,#1964,#1965,#1966,#1967,#1968,#1969,#1970,
    #1971,#1972,#1973,#1974,#1975,#1976,#1977,#1978,#1979,#1980,#1981,
    #1982,#1983,#1984,#1985,#1986,#1987,#1988,#1989,#1990,#1991,#1992,
    #1993,#1994,#1995,#1996,#1997,#1998,#1999,#2000,#2001,#2002,#2003,
    #2004,#2005,#2006,#2007,#2008,#2009,#2010,#2011,#2012,#2013,#2014,
    #2015,#2016,#2017,#2018,#2019,#2020,#2021,#2022,#2023,#2024,#2025,
    #2026,#2027,#2028,#2029,#2030,#2031,#2032,#2033,#2034),
  .UNSPECIFIED.,.F.,.F.,(8,6,6,6,6,6,6,6,6,6,6,6,6,8),(0.,0.128571331113
    ,0.210572993319,0.273495300913,0.320974403335,0.444880821476,
    0.573273562419,0.624213395508,0.692071460125,0.781846938118,
    0.852556558543,0.890721659386,0.966458289599,1.),.UNSPECIFIED.);
#1955 = CARTESIAN_POINT('',(24.266666666667,20.,202.));
#1956 = CARTESIAN_POINT('',(24.268698714117,20.280422548186,
    202.12192284703));
#1957 = CARTESIAN_POINT('',(24.249208799675,20.558157674699,
    202.24267724986));
#1958 = CARTESIAN_POINT('',(24.208961570528,20.830166985772,
    202.36094216772));
#1959 = CARTESIAN_POINT('',(24.149419109866,21.094189241508,
    202.47573445282));
#1960 = CARTESIAN_POINT('',(24.072243610504,21.348540353515,
    202.58632189283));
#1961 = CARTESIAN_POINT('',(23.979161063578,21.592049963676,
    202.69219563638));
#1962 = CARTESIAN_POINT('',(23.803258006799,21.971898268532,
    202.85734707327));
#1963 = CARTESIAN_POINT('',(23.728921366001,22.115132118669,
    202.91962266029));
#1964 = CARTESIAN_POINT('',(23.649146096726,22.25350780338,
    202.97978600147));
#1965 = CARTESIAN_POINT('',(23.564313270284,22.386897934686,
    203.03778171073));
#1966 = CARTESIAN_POINT('',(23.474781538909,22.515212781754,
    203.09357077467));
#1967 = CARTESIAN_POINT('',(23.380881216033,22.63839441748,
    203.1471280076));
#1968 = CARTESIAN_POINT('',(23.2077308756,22.846968385676,
    203.23781234159));
#1969 = CARTESIAN_POINT('',(23.130158443415,22.934481155583,
    203.27586137199));
#1970 = CARTESIAN_POINT('',(23.050326611046,23.018933143269,
    203.3125796275));
#1971 = CARTESIAN_POINT('',(22.968363989823,23.10031228475,
    203.34796186293));
#1972 = CARTESIAN_POINT('',(22.884391924932,23.178610029134,
    203.38200436049));
#1973 = CARTESIAN_POINT('',(22.798524168975,23.253820884184,
    203.41470473225));
#1974 = CARTESIAN_POINT('',(22.644723005403,23.380362153467,
    203.46972267542));
#1975 = CARTESIAN_POINT('',(22.577561002169,23.433022550839,
    203.49261850036));
#1976 = CARTESIAN_POINT('',(22.509426389623,23.483921661175,
    203.51474854833));
#1977 = CARTESIAN_POINT('',(22.440363323472,23.533058087265,
    203.53611221185));
#1978 = CARTESIAN_POINT('',(22.37041427134,23.580430527515,203.556708925
    ));
#1979 = CARTESIAN_POINT('',(22.299620012767,23.626037775939,
    203.57653816345));
#1980 = CARTESIAN_POINT('',(22.041163835869,23.784290628401,
    203.64534375147));
#1981 = CARTESIAN_POINT('',(21.848833104291,23.886663639479,
    203.68985375629));
#1982 = CARTESIAN_POINT('',(21.651702854734,23.976992747578,
    203.72912728155));
#1983 = CARTESIAN_POINT('',(21.450411448117,24.055238210953,
    203.76314704824));
#1984 = CARTESIAN_POINT('',(21.245565988987,24.121342801251,
    203.79188817445));
#1985 = CARTESIAN_POINT('',(21.037742846308,24.175232355709,
    203.81531841552));
#1986 = CARTESIAN_POINT('',(20.60961000278,24.259871953621,
    203.8521182407));
#1987 = CARTESIAN_POINT('',(20.38915359781,24.28970702642,
    203.86509001148));
#1988 = CARTESIAN_POINT('',(20.166716323187,24.306193058238,
    203.8722578514));
#1989 = CARTESIAN_POINT('',(19.942928094938,24.309166681638,
    203.87355073114));
#1990 = CARTESIAN_POINT('',(19.718448306277,24.298435246733,
    203.86888488988));
#1991 = CARTESIAN_POINT('',(19.493966487823,24.273778859108,
    203.85816472135));
#1992 = CARTESIAN_POINT('',(19.181422621542,24.219519735186,
    203.8345737979));
#1993 = CARTESIAN_POINT('',(19.092759844249,24.201874197322,
    203.82690182492));
#1994 = CARTESIAN_POINT('',(19.004259657736,24.181979412766,
    203.81825191859));
#1995 = CARTESIAN_POINT('',(18.915970812226,24.159818785604,
    203.8086168633));
#1996 = CARTESIAN_POINT('',(18.827944249347,24.13537526268,
    203.79798924464));
#1997 = CARTESIAN_POINT('',(18.740233102124,24.108631333598,
    203.78636144939));
#1998 = CARTESIAN_POINT('',(18.536544630376,24.040854502089,
    203.75689326177));
#1999 = CARTESIAN_POINT('',(18.420856298896,23.998026620663,
    203.73827244376));
#2000 = CARTESIAN_POINT('',(18.305957150127,23.951042739766,
    203.71784466946));
#2001 = CARTESIAN_POINT('',(18.191987996963,23.899860515153,
    203.69559152832));
#2002 = CARTESIAN_POINT('',(18.079100751689,23.84443888023,
    203.67149516531));
#2003 = CARTESIAN_POINT('',(17.967458162057,23.784739021268,
    203.64553870489));
#2004 = CARTESIAN_POINT('',(17.711407586568,23.636035968477,
    203.58088520368));
#2005 = CARTESIAN_POINT('',(17.568072221451,23.543801081217,
    203.54078307879));
#2006 = CARTESIAN_POINT('',(17.427622422237,23.443936173852,
    203.49736355384));
#2007 = CARTESIAN_POINT('',(17.290511381307,23.336378519508,
    203.4505993563));
#2008 = CARTESIAN_POINT('',(17.157244002246,23.221099960888,
    203.40047824386));
#2009 = CARTESIAN_POINT('',(17.028370388895,23.09811968975,
    203.34700856076));
#2010 = CARTESIAN_POINT('',(16.806899353396,22.864650798747,
    203.24550034728));
#2011 = CARTESIAN_POINT('',(16.712415511837,22.757061178274,
    203.19872225142));
#2012 = CARTESIAN_POINT('',(16.621319998812,22.644794542315,
    203.14991067057));
#2013 = CARTESIAN_POINT('',(16.533927832558,22.527929891799,
    203.09909995295));
#2014 = CARTESIAN_POINT('',(16.450568915875,22.406587517286,
    203.04634239882));
#2015 = CARTESIAN_POINT('',(16.371580091555,22.280937665035,
    202.99171202827));
#2016 = CARTESIAN_POINT('',(16.257203443738,22.08118903038,
    202.90486479581));
#2017 = CARTESIAN_POINT('',(16.21848090081,22.009981246963,
    202.87390488998));
#2018 = CARTESIAN_POINT('',(16.181182645574,21.93762281183,
    202.84244470079));
#2019 = CARTESIAN_POINT('',(16.145361303228,21.864155515948,
    202.81050239823));
#2020 = CARTESIAN_POINT('',(16.111068418908,21.789626417819,
    202.77809844253));
#2021 = CARTESIAN_POINT('',(16.078353828984,21.714088279064,
    202.7452557735));
#2022 = CARTESIAN_POINT('',(15.985570954727,21.48581304335,
    202.64600567102));
#2023 = CARTESIAN_POINT('',(15.930268894572,21.330258999699,
    202.57837347813));
#2024 = CARTESIAN_POINT('',(15.881747950316,21.171430940009,202.5093178)
  );
#2025 = CARTESIAN_POINT('',(15.840331610682,21.009876705586,
    202.43907682851));
#2026 = CARTESIAN_POINT('',(15.806272606249,20.846200131108,
    202.36791310048));
#2027 = CARTESIAN_POINT('',(15.779739058021,20.681064752553,
    202.2961151098));
#2028 = CARTESIAN_POINT('',(15.752400748047,20.44174297557,
    202.19206216329));
#2029 = CARTESIAN_POINT('',(15.745497097197,20.368138377135,
    202.16006016397));
#2030 = CARTESIAN_POINT('',(15.740086077936,20.294446784618,
    202.12802034113));
#2031 = CARTESIAN_POINT('',(15.736168879654,20.220728147309,
    202.09596875969));
#2032 = CARTESIAN_POINT('',(15.733742773659,20.147041783862,
    202.06393121037));
#2033 = CARTESIAN_POINT('',(15.732801113172,20.073446382297,
    202.03193320969));
#2034 = CARTESIAN_POINT('',(15.733333333333,20.,202.));
#2035 = ORIENTED_EDGE('',*,*,#1179,.T.);
#2036 = ORIENTED_EDGE('',*,*,#2037,.T.);
#2037 = EDGE_CURVE('',#1158,#1053,#2038,.T.);
#2038 = B_SPLINE_CURVE_WITH_KNOTS('',6,(#2039,#2040,#2041,#2042,#2043,
    #2044,#2045,#2046,#2047,#2048,#2049,#2050),.UNSPECIFIED.,.F.,.F.,(7,
    5,7),(0.,0.498514006867,1.),.UNSPECIFIED.);
#2039 = CARTESIAN_POINT('',(1.484737163421,20.,202.));
#2040 = CARTESIAN_POINT('',(1.245157717229,20.089620848372,
    202.03896558624));
#2041 = CARTESIAN_POINT('',(1.001212051065,20.161093234214,
    202.07004053661));
#2042 = CARTESIAN_POINT('',(0.754088939928,20.214629828859,
    202.09331731689));
#2043 = CARTESIAN_POINT('',(0.504903624194,20.250351170569,
    202.10884833503));
#2044 = CARTESIAN_POINT('',(0.254706047248,20.268346538009,
    202.11667240783));
#2045 = CARTESIAN_POINT('',(-0.247248077483,20.2688765893,
    202.11690286491));
#2046 = CARTESIAN_POINT('',(-0.498961417795,20.251199181429,
    202.1092170354));
#2047 = CARTESIAN_POINT('',(-0.749669362814,20.215585313506,
    202.093732745));
#2048 = CARTESIAN_POINT('',(-0.998303601276,20.161944647541,
    202.07041071632));
#2049 = CARTESIAN_POINT('',(-1.243729414374,20.090155141729,
    202.0391978877));
#2050 = CARTESIAN_POINT('',(-1.484737163421,20.,202.));
#2051 = ORIENTED_EDGE('',*,*,#1052,.T.);
#2052 = ORIENTED_EDGE('',*,*,#2053,.T.);
#2053 = EDGE_CURVE('',#981,#973,#2054,.T.);
#2054 = B_SPLINE_CURVE_WITH_KNOTS('',7,(#2055,#2056,#2057,#2058,#2059,
    #2060,#2061,#2062,#2063,#2064,#2065,#2066,#2067,#2068,#2069,#2070,
    #2071,#2072,#2073,#2074,#2075,#2076,#2077,#2078,#2079,#2080,#2081,
    #2082,#2083,#2084,#2085,#2086,#2087,#2088,#2089,#2090,#2091,#2092,
    #2093,#2094,#2095,#2096,#2097,#2098,#2099,#2100,#2101,#2102,#2103,
    #2104,#2105,#2106,#2107,#2108,#2109,#2110,#2111,#2112,#2113,#2114,
    #2115,#2116,#2117,#2118,#2119,#2120,#2121,#2122,#2123,#2124,#2125,
    #2126,#2127,#2128,#2129,#2130,#2131,#2132,#2133,#2134),
  .UNSPECIFIED.,.F.,.F.,(8,6,6,6,6,6,6,6,6,6,6,6,6,8),(0.,
    3.352047211075E-02,0.109911136351,0.147439342315,0.218344346898,
    0.308134140555,0.376000490706,0.426945012524,0.555342738639,
    0.678372226954,0.72586457729,0.788805516389,0.87130819722,1.),
  .UNSPECIFIED.);
#2055 = CARTESIAN_POINT('',(-15.73333333333,20.,202.));
#2056 = CARTESIAN_POINT('',(-15.73280144968,20.073399943913,
    202.03191301909));
#2057 = CARTESIAN_POINT('',(-15.73374158355,20.14694871802,
    202.06389074696));
#2058 = CARTESIAN_POINT('',(-15.73616427964,20.220588375894,
    202.09590798951));
#2059 = CARTESIAN_POINT('',(-15.74007617454,20.294260341521,
    202.12793927892));
#2060 = CARTESIAN_POINT('',(-15.74547999673,20.367905409301,
    202.1599588736));
#2061 = CARTESIAN_POINT('',(-15.75237456662,20.44146374405,
    202.19194075828));
#2062 = CARTESIAN_POINT('',(-15.77985271747,20.682173405178,
    202.29659713268));
#2063 = CARTESIAN_POINT('',(-15.80666879182,20.848731307302,
    202.36901361187));
#2064 = CARTESIAN_POINT('',(-15.84114058543,21.013799479248,
    202.44078238228));
#2065 = CARTESIAN_POINT('',(-15.8830946468,21.176697416551,
    202.51160757241));
#2066 = CARTESIAN_POINT('',(-15.93227018816,21.33680667912,
    202.58122029527));
#2067 = CARTESIAN_POINT('',(-15.98833360908,21.493566976972,
    202.6493769465));
#2068 = CARTESIAN_POINT('',(-16.0816127328,21.721593475303,
    202.7485189023));
#2069 = CARTESIAN_POINT('',(-16.11390978131,21.795788691306,
    202.78077769187));
#2070 = CARTESIAN_POINT('',(-16.14772969086,21.869004894792,
    202.81261082382));
#2071 = CARTESIAN_POINT('',(-16.18302499375,21.941192181378,
    202.84399660059));
#2072 = CARTESIAN_POINT('',(-16.21974664939,22.012305974837,
    202.87491564123));
#2073 = CARTESIAN_POINT('',(-16.2578446217,22.082306625423,
    202.9053507067));
#2074 = CARTESIAN_POINT('',(-16.37175502247,22.281247254929,
    202.99184663257));
#2075 = CARTESIAN_POINT('',(-16.45097363391,22.407234349701,
    203.0466236303));
#2076 = CARTESIAN_POINT('',(-16.53458566821,22.528889547154,
    203.09951719441));
#2077 = CARTESIAN_POINT('',(-16.62225149438,22.646041352184,
    203.15045276181));
#2078 = CARTESIAN_POINT('',(-16.71363851562,22.758568740993,
    203.19937771347));
#2079 = CARTESIAN_POINT('',(-16.80842921184,22.866392382134,
    203.24625755745));
#2080 = CARTESIAN_POINT('',(-17.03030376188,23.099991849948,
    203.34782254345));
#2081 = CARTESIAN_POINT('',(-17.15925607537,23.222892019203,
    203.40125739965));
#2082 = CARTESIAN_POINT('',(-17.29259747499,23.338087678741,
    203.45134246901));
#2083 = CARTESIAN_POINT('',(-17.42977804652,23.44556012422,
    203.49806961922));
#2084 = CARTESIAN_POINT('',(-17.57029309886,23.545337876839,
    203.54145125079));
#2085 = CARTESIAN_POINT('',(-17.71368965363,23.637483926648,
    203.58151475071));
#2086 = CARTESIAN_POINT('',(-17.96983675707,23.786025974973,
    203.64609824998));
#2087 = CARTESIAN_POINT('',(-18.08151623379,23.845654632329,
    203.67202375318));
#2088 = CARTESIAN_POINT('',(-18.19443814497,23.901004607332,
    203.6960889597));
#2089 = CARTESIAN_POINT('',(-18.30843983395,23.95211476685,
    203.71831076819));
#2090 = CARTESIAN_POINT('',(-18.42336947006,23.999026212785,
    203.73870704903));
#2091 = CARTESIAN_POINT('',(-18.53908631123,24.041781309639,
    203.75729622158));
#2092 = CARTESIAN_POINT('',(-18.74281870959,24.109429248677,
    203.78670836899));
#2093 = CARTESIAN_POINT('',(-18.83054608946,24.136117359312,
    203.79831189535));
#2094 = CARTESIAN_POINT('',(-18.91858781193,24.16050501333,
    203.80891522318));
#2095 = CARTESIAN_POINT('',(-19.00689077067,24.182609720506,
    203.81852596543));
#2096 = CARTESIAN_POINT('',(-19.09540404733,24.202448531048,
    203.82715153523));
#2097 = CARTESIAN_POINT('',(-19.18407891158,24.220038035588,
    203.8347991459));
#2098 = CARTESIAN_POINT('',(-19.49664994744,24.274097600241,
    203.85830330445));
#2099 = CARTESIAN_POINT('',(-19.72114149924,24.298611629429,
    203.86896157801));
#2100 = CARTESIAN_POINT('',(-19.94562505491,24.309201626927,
    203.87356592475));
#2101 = CARTESIAN_POINT('',(-20.1694113289,24.306087286495,
    203.87221186369));
#2102 = CARTESIAN_POINT('',(-20.39184105552,24.289461038898,
    203.86498306039));
#2103 = CARTESIAN_POINT('',(-20.6122843278,24.259486019019,
    203.85195044305));
#2104 = CARTESIAN_POINT('',(-21.03888409692,24.174868225962,
    203.81516009824));
#2105 = CARTESIAN_POINT('',(-21.24522264928,24.121315121111,
    203.79187613961));
#2106 = CARTESIAN_POINT('',(-21.4486241537,24.055719225554,
    203.76335618502));
#2107 = CARTESIAN_POINT('',(-21.64852437294,23.978153267179,
    203.72963185529));
#2108 = CARTESIAN_POINT('',(-21.8443292697,23.88867339958,
    203.69072756503));
#2109 = CARTESIAN_POINT('',(-22.03541450746,23.7873186624,203.646660288)
  );
#2110 = CARTESIAN_POINT('',(-22.29280667456,23.63038716819,
    203.57842920356));
#2111 = CARTESIAN_POINT('',(-22.36368958197,23.584912511041,
    203.55865761349));
#2112 = CARTESIAN_POINT('',(-22.43372958381,23.537671596392,
    203.53811808538));
#2113 = CARTESIAN_POINT('',(-22.5028859504,23.488665633469,
    203.51681114498));
#2114 = CARTESIAN_POINT('',(-22.57111627039,23.437895919629,
    203.49473735636));
#2115 = CARTESIAN_POINT('',(-22.63837645077,23.385363840362,
    203.47189732189));
#2116 = CARTESIAN_POINT('',(-22.79241330427,23.259117163874,
    203.41700746255));
#2117 = CARTESIAN_POINT('',(-22.87842043318,23.184071642771,
    203.38437897511));
#2118 = CARTESIAN_POINT('',(-22.9625364234,23.105937150506,
    203.35040745674));
#2119 = CARTESIAN_POINT('',(-23.04464769799,23.02471909946,
    203.31509526063));
#2120 = CARTESIAN_POINT('',(-23.12463310522,22.940425919241,
    203.27844605184));
#2121 = CARTESIAN_POINT('',(-23.20236424047,22.853069506052,
    203.24046500263));
#2122 = CARTESIAN_POINT('',(-23.3764630809,22.644164760423,
    203.14963685235));
#2123 = CARTESIAN_POINT('',(-23.47110949354,22.520433918766,
    203.09584083424));
#2124 = CARTESIAN_POINT('',(-23.56134434045,22.39150509928,
    203.03978482577));
#2125 = CARTESIAN_POINT('',(-23.64683185382,22.257436646045,
    202.98149419393));
#2126 = CARTESIAN_POINT('',(-23.7272072216,22.118319298,202.92100839043)
  );
#2127 = CARTESIAN_POINT('',(-23.80208264538,21.974282191903,
    202.85838356169));
#2128 = CARTESIAN_POINT('',(-23.97863742416,21.593419200376,
    202.69279095668));
#2129 = CARTESIAN_POINT('',(-24.07188190887,21.349731960804,
    202.58683998295));
#2130 = CARTESIAN_POINT('',(-24.14919584629,21.09517871107,
    202.47616465698));
#2131 = CARTESIAN_POINT('',(-24.20884833879,20.830931669981,
    202.36127463912));
#2132 = CARTESIAN_POINT('',(-24.24917220597,20.558678433335,
    202.24290366666));
#2133 = CARTESIAN_POINT('',(-24.26870062057,20.280685639487,
    202.12203723456));
#2134 = CARTESIAN_POINT('',(-24.26666666666,20.,202.));
#2135 = ORIENTED_EDGE('',*,*,#972,.T.);
#2136 = ORIENTED_EDGE('',*,*,#2137,.T.);
#2137 = EDGE_CURVE('',#938,#828,#2138,.T.);
#2138 = B_SPLINE_CURVE_WITH_KNOTS('',8,(#2139,#2140,#2141,#2142,#2143,
    #2144,#2145,#2146,#2147),.UNSPECIFIED.,.F.,.F.,(9,9),(0.,1.),
  .PIECEWISE_BEZIER_KNOTS.);
#2139 = CARTESIAN_POINT('',(-38.51526283657,20.,202.));
#2140 = CARTESIAN_POINT('',(-38.89351710826,20.141495730404,
    202.06151988278));
#2141 = CARTESIAN_POINT('',(-39.27661159697,20.237840792092,
    202.10340904004));
#2142 = CARTESIAN_POINT('',(-39.66054332202,20.292125125329,
    202.12701092405));
#2143 = CARTESIAN_POINT('',(-40.04175438043,20.306462781607,
    202.13324468765));
#2144 = CARTESIAN_POINT('',(-40.41717549927,20.282918886424,
    202.12300821148));
#2145 = CARTESIAN_POINT('',(-40.78420253829,20.223196130329,
    202.09704179579));
#2146 = CARTESIAN_POINT('',(-41.14067038313,20.12870702068,
    202.0559595742));
#2147 = CARTESIAN_POINT('',(-41.48473716342,20.,202.));
#2148 = ORIENTED_EDGE('',*,*,#827,.T.);
#2149 = ORIENTED_EDGE('',*,*,#2150,.T.);
#2150 = EDGE_CURVE('',#821,#2151,#2153,.T.);
#2151 = VERTEX_POINT('',#2152);
#2152 = CARTESIAN_POINT('',(-56.,43.,212.));
#2153 = B_SPLINE_CURVE_WITH_KNOTS('',1,(#2154,#2155),.UNSPECIFIED.,.F.,
  .F.,(2,2),(0.,1.),.PIECEWISE_BEZIER_KNOTS.);
#2154 = CARTESIAN_POINT('',(-49.,20.,202.));
#2155 = CARTESIAN_POINT('',(-56.,43.,212.));
#2156 = ORIENTED_EDGE('',*,*,#2157,.F.);
#2157 = EDGE_CURVE('',#1933,#2151,#2158,.T.);
#2158 = LINE('',#2159,#2160);
#2159 = CARTESIAN_POINT('',(56.,43.,212.));
#2160 = VECTOR('',#2161,1.);
#2161 = DIRECTION('',(-1.,0.,0.));
#2162 = B_SPLINE_SURFACE_WITH_KNOTS('',1,1,(
    (#2163,#2164)
    ,(#2165,#2166
    )),.UNSPECIFIED.,.F.,.F.,.F.,(2,2),(2,2),(0.,112.),(0.,1.),
  .PIECEWISE_BEZIER_KNOTS.);
#2163 = CARTESIAN_POINT('',(49.,20.,202.));
#2164 = CARTESIAN_POINT('',(56.,43.,212.));
#2165 = CARTESIAN_POINT('',(-49.,20.,202.));
#2166 = CARTESIAN_POINT('',(-56.,43.,212.));
#2167 = ADVANCED_FACE('',(#2168),#2340,.F.);
#2168 = FACE_BOUND('',#2169,.F.);
#2169 = EDGE_LOOP('',(#2170,#2183,#2189,#2190,#2191,#2192,#2193,#2275));
#2170 = ORIENTED_EDGE('',*,*,#2171,.F.);
#2171 = EDGE_CURVE('',#2172,#2174,#2176,.T.);
#2172 = VERTEX_POINT('',#2173);
#2173 = CARTESIAN_POINT('',(44.306060606061,16.,204.36363636363));
#2174 = VERTEX_POINT('',#2175);
#2175 = CARTESIAN_POINT('',(44.19923934911,17.,205.));
#2176 = B_SPLINE_CURVE_WITH_KNOTS('',5,(#2177,#2178,#2179,#2180,#2181,
    #2182),.UNSPECIFIED.,.F.,.F.,(6,6),(0.,1.),
  .PIECEWISE_BEZIER_KNOTS.);
#2177 = CARTESIAN_POINT('',(44.306060606061,16.,204.36363636363));
#2178 = CARTESIAN_POINT('',(44.308253854316,16.206791985072,
    204.49523126322));
#2179 = CARTESIAN_POINT('',(44.298003820735,16.410760251457,
    204.62502925092));
#2180 = CARTESIAN_POINT('',(44.276011717792,16.61126383781,
    204.75262244224));
#2181 = CARTESIAN_POINT('',(44.242913628054,16.807801875475,
    204.87769210257));
#2182 = CARTESIAN_POINT('',(44.19923934911,17.,205.));
#2183 = ORIENTED_EDGE('',*,*,#2184,.F.);
#2184 = EDGE_CURVE('',#1268,#2172,#2185,.T.);
#2185 = LINE('',#2186,#2187);
#2186 = CARTESIAN_POINT('',(44.,16.,186.));
#2187 = VECTOR('',#2188,1.);
#2188 = DIRECTION('',(1.666435233399E-02,-4.081589149138E-18,
    0.99986114004));
#2189 = ORIENTED_EDGE('',*,*,#1379,.T.);
#2190 = ORIENTED_EDGE('',*,*,#1940,.T.);
#2191 = ORIENTED_EDGE('',*,*,#1267,.T.);
#2192 = ORIENTED_EDGE('',*,*,#2184,.T.);
#2193 = ORIENTED_EDGE('',*,*,#2194,.F.);
#2194 = EDGE_CURVE('',#2195,#2172,#2197,.T.);
#2195 = VERTEX_POINT('',#2196);
#2196 = CARTESIAN_POINT('',(35.80076065089,17.,205.));
#2197 = B_SPLINE_CURVE_WITH_KNOTS('',6,(#2198,#2199,#2200,#2201,#2202,
    #2203,#2204,#2205,#2206,#2207,#2208,#2209,#2210,#2211,#2212,#2213,
    #2214,#2215,#2216,#2217,#2218,#2219,#2220,#2221,#2222,#2223,#2224,
    #2225,#2226,#2227,#2228,#2229,#2230,#2231,#2232,#2233,#2234,#2235,
    #2236,#2237,#2238,#2239,#2240,#2241,#2242,#2243,#2244,#2245,#2246,
    #2247,#2248,#2249,#2250,#2251,#2252,#2253,#2254,#2255,#2256,#2257,
    #2258,#2259,#2260,#2261,#2262,#2263,#2264,#2265,#2266,#2267,#2268,
    #2269,#2270,#2271,#2272,#2273,#2274),.UNSPECIFIED.,.F.,.F.,(7,5,5,5,
    5,5,5,5,5,5,5,5,5,5,5,7),(0.,0.10917027642,0.18313818476,
    0.235270293517,0.358319417096,0.466299162808,0.506913882575,
    0.560898291447,0.63249206161,0.689912776356,0.72084754646,
    0.783508022438,0.836325480829,0.860653557001,0.90286753077,1.),
  .UNSPECIFIED.);
#2198 = CARTESIAN_POINT('',(35.80076065089,17.,205.));
#2199 = CARTESIAN_POINT('',(35.738968861351,16.728071845932,
    204.82695481104));
#2200 = CARTESIAN_POINT('',(35.699283109244,16.455641937792,
    204.65359032404));
#2201 = CARTESIAN_POINT('',(35.680937113228,16.185147817378,
    204.48145770196));
#2202 = CARTESIAN_POINT('',(35.682771846394,15.918562958135,
    204.31181279154));
#2203 = CARTESIAN_POINT('',(35.703515161188,15.657429652981,
    204.14563705189));
#2204 = CARTESIAN_POINT('',(35.767964639344,15.230438434653,
    203.8739153675));
#2205 = CARTESIAN_POINT('',(35.802109102578,15.06101389074,
    203.76609974865));
#2206 = CARTESIAN_POINT('',(35.84398431393,14.894978456869,
    203.66044083618));
#2207 = CARTESIAN_POINT('',(35.893213595663,14.732630608025,
    203.55712856874));
#2208 = CARTESIAN_POINT('',(35.949437930139,14.574217837463,
    203.45632044202));
#2209 = CARTESIAN_POINT('',(36.056651090641,14.311210811414,
    203.28895233453));
#2210 = CARTESIAN_POINT('',(36.104285003322,14.20453589667,
    203.22106829788));
#2211 = CARTESIAN_POINT('',(36.155112795536,14.099990061362,
    203.15453912995));
#2212 = CARTESIAN_POINT('',(36.209023646691,13.99763816116,
    203.08940610255));
#2213 = CARTESIAN_POINT('',(36.265912890896,13.897538716238,
    203.02570645578));
#2214 = CARTESIAN_POINT('',(36.466759968289,13.568918226848,
    202.81658432617));
#2215 = CARTESIAN_POINT('',(36.623867436791,13.350966441162,
    202.67788773528));
#2216 = CARTESIAN_POINT('',(36.795744053761,13.146530495398,
    202.54779213343));
#2217 = CARTESIAN_POINT('',(36.98129135266,12.956234046984,
    202.42669439353));
#2218 = CARTESIAN_POINT('',(37.179540655854,12.780664924044,
    202.31496858802));
#2219 = CARTESIAN_POINT('',(37.574182769295,12.479884166672,
    202.12356265151));
#2220 = CARTESIAN_POINT('',(37.767796530442,12.351163940799,
    202.0416497805));
#2221 = CARTESIAN_POINT('',(37.970055062691,12.234729402588,
    201.96755507437));
#2222 = CARTESIAN_POINT('',(38.180466370674,12.131115845931,
    201.90161917468));
#2223 = CARTESIAN_POINT('',(38.398543476949,12.040938753844,
    201.84423375244));
#2224 = CARTESIAN_POINT('',(38.708579715331,11.936372017677,
    201.77769128397));
#2225 = CARTESIAN_POINT('',(38.794338746862,11.909799977373,
    201.76078180378));
#2226 = CARTESIAN_POINT('',(38.881089978296,11.885277301692,
    201.74517646471));
#2227 = CARTESIAN_POINT('',(38.96880577179,11.862847833713,
    201.7309031669));
#2228 = CARTESIAN_POINT('',(39.057456741568,11.842558654582,
    201.71799187109));
#2229 = CARTESIAN_POINT('',(39.266046784342,11.800403764373,
    201.69116603187));
#2230 = CARTESIAN_POINT('',(39.386677099375,11.780218020682,
    201.67832055861));
#2231 = CARTESIAN_POINT('',(39.50883123819,11.764020629905,
    201.66801312812));
#2232 = CARTESIAN_POINT('',(39.632424776175,11.751941232019,
    201.66032623855));
#2233 = CARTESIAN_POINT('',(39.757359597352,11.744119955566,
    201.65534906263));
#2234 = CARTESIAN_POINT('',(40.050840467908,11.736178536088,
    201.65029543205));
#2235 = CARTESIAN_POINT('',(40.220308573857,11.739403062723,
    201.65234740355));
#2236 = CARTESIAN_POINT('',(40.391673321329,11.750725679806,
    201.65955270533));
#2237 = CARTESIAN_POINT('',(40.564589948957,11.770526540914,
    201.6721532533));
#2238 = CARTESIAN_POINT('',(40.738615721104,11.79919045339,
    201.69039392488));
#2239 = CARTESIAN_POINT('',(41.053227313169,11.867464122617,
    201.7338408053));
#2240 = CARTESIAN_POINT('',(41.193605521478,11.903782176026,
    201.75695229383));
#2241 = CARTESIAN_POINT('',(41.334044514339,11.946212686978,
    201.78395352807));
#2242 = CARTESIAN_POINT('',(41.474186582043,11.994920991603,
    201.81494972192));
#2243 = CARTESIAN_POINT('',(41.613609753606,12.050028289197,
    201.85001800221));
#2244 = CARTESIAN_POINT('',(41.826292436791,12.144745316428,
    201.91029247409));
#2245 = CARTESIAN_POINT('',(41.900406169741,12.179778418654,
    201.93258626641));
#2246 = CARTESIAN_POINT('',(41.974092886676,12.21668942447,
    201.95607508829));
#2247 = CARTESIAN_POINT('',(42.047270868954,12.255478902313,
    201.98075930147));
#2248 = CARTESIAN_POINT('',(42.11985403435,12.2961393812,202.00663415167
    ));
#2249 = CARTESIAN_POINT('',(42.337387409301,12.424769033211,
    202.08848938477));
#2250 = CARTESIAN_POINT('',(42.480236944899,12.518504469387,
    202.14813920779));
#2251 = CARTESIAN_POINT('',(42.619509826231,12.619696324763,
    202.21253402484));
#2252 = CARTESIAN_POINT('',(42.754429398444,12.728042937639,
    202.2814818694));
#2253 = CARTESIAN_POINT('',(42.884244198961,12.84308702044,
    202.35469174028));
#2254 = CARTESIAN_POINT('',(43.112797347306,13.066232812108,
    202.4966936077));
#2255 = CARTESIAN_POINT('',(43.213232203787,13.172604204021,
    202.56438449346));
#2256 = CARTESIAN_POINT('',(43.309154934783,13.282897793579,
    202.63457132318));
#2257 = CARTESIAN_POINT('',(43.400243619962,13.396689936802,
    202.70698450523));
#2258 = CARTESIAN_POINT('',(43.486255801276,13.513528832244,
    202.78133652961));
#2259 = CARTESIAN_POINT('',(43.604218839347,13.687946765556,
    202.8923297599));
#2260 = CARTESIAN_POINT('',(43.640306556811,13.743498613426,
    202.92768093581));
#2261 = CARTESIAN_POINT('',(43.67526648292,13.799554696906,
    202.96335298894));
#2262 = CARTESIAN_POINT('',(43.709086638887,13.856071566342,
    202.99931826949));
#2263 = CARTESIAN_POINT('',(43.741758577385,13.913006715232,
    203.03554972787));
#2264 = CARTESIAN_POINT('',(43.827968678519,14.069765883341,
    203.13530556212));
#2265 = CARTESIAN_POINT('',(43.879187868966,14.170347935886,
    203.19931232283));
#2266 = CARTESIAN_POINT('',(43.926908442899,14.271848924755,
    203.2639038612));
#2267 = CARTESIAN_POINT('',(43.97113344221,14.374068209958,
    203.32895249724));
#2268 = CARTESIAN_POINT('',(44.011888056165,14.476821982867,
    203.39434126182));
#2269 = CARTESIAN_POINT('',(44.13509344131,14.817226209687,
    203.61096213343));
#2270 = CARTESIAN_POINT('',(44.202791629913,15.056404597983,
    203.76316656235));
#2271 = CARTESIAN_POINT('',(44.252856599489,15.295580089767,
    203.91536914803));
#2272 = CARTESIAN_POINT('',(44.286150910225,15.533253191445,
    204.06661566728));
#2273 = CARTESIAN_POINT('',(44.303603273056,15.768308612592,
    204.21619638983));
#2274 = CARTESIAN_POINT('',(44.306060606061,16.,204.36363636363));
#2275 = ORIENTED_EDGE('',*,*,#2276,.F.);
#2276 = EDGE_CURVE('',#2174,#2195,#2277,.T.);
#2277 = B_SPLINE_CURVE_WITH_KNOTS('',6,(#2278,#2279,#2280,#2281,#2282,
    #2283,#2284,#2285,#2286,#2287,#2288,#2289,#2290,#2291,#2292,#2293,
    #2294,#2295,#2296,#2297,#2298,#2299,#2300,#2301,#2302,#2303,#2304,
    #2305,#2306,#2307,#2308,#2309,#2310,#2311,#2312,#2313,#2314,#2315,
    #2316,#2317,#2318,#2319,#2320,#2321,#2322,#2323,#2324,#2325,#2326,
    #2327,#2328,#2329,#2330,#2331,#2332,#2333,#2334,#2335,#2336,#2337,
    #2338,#2339),.UNSPECIFIED.,.F.,.F.,(7,5,5,5,5,5,5,5,5,5,5,5,7),(0.,
    8.835890346833E-02,0.159273491367,0.213744587188,0.360423657404,
    0.52075734297,0.582277828315,0.663880124855,0.767688468254,
    0.847188471792,0.888194308658,0.970341415404,1.),.UNSPECIFIED.);
#2278 = CARTESIAN_POINT('',(44.19923934911,17.,205.));
#2279 = CARTESIAN_POINT('',(44.158765091904,17.175449177666,
    205.07628225115));
#2280 = CARTESIAN_POINT('',(44.110124416319,17.346140041747,
    205.15049567032));
#2281 = CARTESIAN_POINT('',(44.053918286974,17.511807343451,
    205.22252493193));
#2282 = CARTESIAN_POINT('',(43.990706043016,17.672267547616,
    205.29229023809));
#2283 = CARTESIAN_POINT('',(43.920990093202,17.827408030743,
    205.35974262206));
#2284 = CARTESIAN_POINT('',(43.784373917962,18.097376430815,
    205.47712018731));
#2285 = CARTESIAN_POINT('',(43.719638845276,18.214108746697,
    205.52787336812));
#2286 = CARTESIAN_POINT('',(43.651220949774,18.327340963875,
    205.5771047669));
#2287 = CARTESIAN_POINT('',(43.57932656127,18.437047989632,
    205.62480347375));
#2288 = CARTESIAN_POINT('',(43.504142459507,18.543211697593,
    205.67096160764));
#2289 = CARTESIAN_POINT('',(43.36568624706,18.724637033494,
    205.74984218847));
#2290 = CARTESIAN_POINT('',(43.303695340585,18.801354875612,
    205.783197772));
#2291 = CARTESIAN_POINT('',(43.239939053115,18.87596814449,
    205.81563832369));
#2292 = CARTESIAN_POINT('',(43.174488810611,18.948470649571,
    205.84716115198));
#2293 = CARTESIAN_POINT('',(43.107411243577,19.018856115594,
    205.87776352851));
#2294 = CARTESIAN_POINT('',(42.853927042316,19.270933403621,
    205.9873623494));
#2295 = CARTESIAN_POINT('',(42.65775573003,19.4393308287,206.06057862117
    ));
#2296 = CARTESIAN_POINT('',(42.451430939029,19.592227857506,
    206.12705559022));
#2297 = CARTESIAN_POINT('',(42.235980651297,19.729408400461,
    206.18669930454));
#2298 = CARTESIAN_POINT('',(42.012339090809,19.85061490374,
    206.23939778423));
#2299 = CARTESIAN_POINT('',(41.528782531194,20.070124212099,
    206.33483661395));
#2300 = CARTESIAN_POINT('',(41.267490770955,20.16521643179,
    206.3761810573));
#2301 = CARTESIAN_POINT('',(40.998496781054,20.240317121292,
    206.40883353099));
#2302 = CARTESIAN_POINT('',(40.722896173942,20.294733358928,
    206.43249276475));
#2303 = CARTESIAN_POINT('',(40.44186686249,20.327653977177,
    206.44680607703));
#2304 = CARTESIAN_POINT('',(40.047194257624,20.342008906644,
    206.45304735071));
#2305 = CARTESIAN_POINT('',(39.937139084033,20.34266988476,
    206.4533347325));
#2306 = CARTESIAN_POINT('',(39.826545588405,20.339952191871,
    206.4521531269));
#2307 = CARTESIAN_POINT('',(39.715493524113,20.333792518654,
    206.44947500811));
#2308 = CARTESIAN_POINT('',(39.604068835631,20.32412325269,
    206.44527097943));
#2309 = CARTESIAN_POINT('',(39.344195143021,20.293296323126,
    206.43186796657));
#2310 = CARTESIAN_POINT('',(39.195537270089,20.269419461673,
    206.42148672246));
#2311 = CARTESIAN_POINT('',(39.046601176547,20.239073768598,
    206.40829294286));
#2312 = CARTESIAN_POINT('',(38.897633364531,20.202079685259,
    206.3922085588));
#2313 = CARTESIAN_POINT('',(38.748915651671,20.158249534359,
    206.37315197146));
#2314 = CARTESIAN_POINT('',(38.412299087986,20.042692197105,
    206.32290965091));
#2315 = CARTESIAN_POINT('',(38.224771253923,19.966626100556,
    206.28983743502));
#2316 = CARTESIAN_POINT('',(38.038815810481,19.878793177624,
    206.25164920766));
#2317 = CARTESIAN_POINT('',(37.855249664573,19.778802765701,
    206.20817511552));
#2318 = CARTESIAN_POINT('',(37.675058792725,19.666328670319,
    206.15927333492));
#2319 = CARTESIAN_POINT('',(37.364847246171,19.445310225996,
    206.06317835912));
#2320 = CARTESIAN_POINT('',(37.232971785489,19.342021718107,
    206.01827031222));
#2321 = CARTESIAN_POINT('',(37.104283267712,19.231221238489,
    205.97009619064));
#2322 = CARTESIAN_POINT('',(36.979394313581,19.112897864775,
    205.91865124555));
#2323 = CARTESIAN_POINT('',(36.858980451544,18.987151475107,
    205.86397890222));
#2324 = CARTESIAN_POINT('',(36.684322792331,18.785679102374,
    205.77638221842));
#2325 = CARTESIAN_POINT('',(36.6262715249,18.715215891961,
    205.74574603998));
#2326 = CARTESIAN_POINT('',(36.569700659248,18.642883566701,
    205.71429720291));
#2327 = CARTESIAN_POINT('',(36.514711296972,18.568730253755,
    205.68205663206));
#2328 = CARTESIAN_POINT('',(36.461404752489,18.49281738793,
    205.64905103823));
#2329 = CARTESIAN_POINT('',(36.306662322126,18.259774300417,
    205.5477279567));
#2330 = CARTESIAN_POINT('',(36.210573843352,18.097538373697,
    205.47719059726));
#2331 = CARTESIAN_POINT('',(36.122462785402,17.929187198669,
    205.4039944342));
#2332 = CARTESIAN_POINT('',(36.043059537921,17.755559825738,
    205.32850427206));
#2333 = CARTESIAN_POINT('',(35.972954505837,17.5776728871,
    205.25116212482));
#2334 = CARTESIAN_POINT('',(35.890700285047,17.331446669747,
    205.14410724771));
#2335 = CARTESIAN_POINT('',(35.870139969421,17.265732259591,
    205.11553576504));
#2336 = CARTESIAN_POINT('',(35.850855520387,17.199674747365,
    205.08681510755));
#2337 = CARTESIAN_POINT('',(35.832859385429,17.133329601246,
    205.05796939184));
#2338 = CARTESIAN_POINT('',(35.816159772674,17.066752633403,
    205.02902288408));
#2339 = CARTESIAN_POINT('',(35.80076065089,17.,205.));
#2340 = CONICAL_SURFACE('',#2341,4.,1.666512371394E-02);
#2341 = AXIS2_PLACEMENT_3D('',#2342,#2343,#2344);
#2342 = CARTESIAN_POINT('',(40.,16.,186.));
#2343 = DIRECTION('',(0.,0.,1.));
#2344 = DIRECTION('',(1.,0.,0.));
#2345 = ADVANCED_FACE('',(#2346),#2530,.F.);
#2346 = FACE_BOUND('',#2347,.F.);
#2347 = EDGE_LOOP('',(#2348,#2459,#2465,#2466,#2467,#2468,#2495));
#2348 = ORIENTED_EDGE('',*,*,#2349,.F.);
#2349 = EDGE_CURVE('',#2350,#2352,#2354,.T.);
#2350 = VERTEX_POINT('',#2351);
#2351 = CARTESIAN_POINT('',(24.338405797101,20.,206.30434782608));
#2352 = VERTEX_POINT('',#2353);
#2353 = CARTESIAN_POINT('',(16.896194092552,17.,205.));
#2354 = B_SPLINE_CURVE_WITH_KNOTS('',7,(#2355,#2356,#2357,#2358,#2359,
    #2360,#2361,#2362,#2363,#2364,#2365,#2366,#2367,#2368,#2369,#2370,
    #2371,#2372,#2373,#2374,#2375,#2376,#2377,#2378,#2379,#2380,#2381,
    #2382,#2383,#2384,#2385,#2386,#2387,#2388,#2389,#2390,#2391,#2392,
    #2393,#2394,#2395,#2396,#2397,#2398,#2399,#2400,#2401,#2402,#2403,
    #2404,#2405,#2406,#2407,#2408,#2409,#2410,#2411,#2412,#2413,#2414,
    #2415,#2416,#2417,#2418,#2419,#2420,#2421,#2422,#2423,#2424,#2425,
    #2426,#2427,#2428,#2429,#2430,#2431,#2432,#2433,#2434,#2435,#2436,
    #2437,#2438,#2439,#2440,#2441,#2442,#2443,#2444,#2445,#2446,#2447,
    #2448,#2449,#2450,#2451,#2452,#2453,#2454,#2455,#2456,#2457,#2458),
  .UNSPECIFIED.,.F.,.F.,(8,6,6,6,6,6,6,6,6,6,6,6,6,6,6,6,6,8),(0.,
    9.857532064315E-02,0.16415891743,0.214567838596,0.253105998625,
    0.352207633649,0.458540321049,0.500560723147,0.556266541505,
    0.629684658809,0.687538678309,0.718257155661,0.737835399307,
    0.780404149807,0.833705391548,0.858562236181,0.900606803982,1.),
  .UNSPECIFIED.);
#2355 = CARTESIAN_POINT('',(24.338405797101,20.,206.30434782608));
#2356 = CARTESIAN_POINT('',(24.34035264268,20.268664698028,
    206.42115856436));
#2357 = CARTESIAN_POINT('',(24.322868091061,20.534474231431,
    206.5367279267));
#2358 = CARTESIAN_POINT('',(24.28671459258,20.794950166509,
    206.64997833326));
#2359 = CARTESIAN_POINT('',(24.233164959448,21.048235227772,
    206.76010227294));
#2360 = CARTESIAN_POINT('',(24.163636343163,21.292943178995,
    206.86649703434));
#2361 = CARTESIAN_POINT('',(24.079576365594,21.528107215156,
    206.96874226745));
#2362 = CARTESIAN_POINT('',(23.917587620148,21.902813609363,
    207.13165809102));
#2363 = CARTESIAN_POINT('',(23.847017914354,22.048028802032,
    207.19479513131));
#2364 = CARTESIAN_POINT('',(23.770975711316,22.188592237738,
    207.25590966858));
#2365 = CARTESIAN_POINT('',(23.689825656311,22.324377025785,
    207.31494653295));
#2366 = CARTESIAN_POINT('',(23.603911001814,22.455291292064,
    207.37186577915));
#2367 = CARTESIAN_POINT('',(23.513548192774,22.581273155781,
    207.42664050251));
#2368 = CARTESIAN_POINT('',(23.346366226159,22.795298477853,
    207.51969499037));
#2369 = CARTESIAN_POINT('',(23.271253854862,22.88537189229,
    207.55885734447));
#2370 = CARTESIAN_POINT('',(23.193815154334,22.972487470997,
    207.59673368304));
#2371 = CARTESIAN_POINT('',(23.114174343934,23.056630390119,
    207.63331756092));
#2372 = CARTESIAN_POINT('',(23.032448754577,23.137789120858,
    207.66860396559));
#2373 = CARTESIAN_POINT('',(22.948748537259,23.215955069877,
    207.70258916081));
#2374 = CARTESIAN_POINT('',(22.79775553459,23.348588310677,
    207.76025578725));
#2375 = CARTESIAN_POINT('',(22.731241211285,23.404301094961,
    207.78447873694));
#2376 = CARTESIAN_POINT('',(22.663679642554,23.458257605472,
    207.80793808933));
#2377 = CARTESIAN_POINT('',(22.595115388661,23.510454980049,
    207.83063260002));
#2378 = CARTESIAN_POINT('',(22.525591329255,23.560890461458,
    207.85256107019));
#2379 = CARTESIAN_POINT('',(22.455148663369,23.609561397396,
    207.87372234669));
#2380 = CARTESIAN_POINT('',(22.200421619092,23.777079393718,
    207.94655625813));
#2381 = CARTESIAN_POINT('',(22.011217071586,23.885999057771,
    207.99391263381));
#2382 = CARTESIAN_POINT('',(21.81686786105,23.983195220126,
    208.03617183483));
#2383 = CARTESIAN_POINT('',(21.617993145268,24.06860612344,
    208.07330701019));
#2384 = CARTESIAN_POINT('',(21.41518267652,24.142153870941,
    208.10528429171));
#2385 = CARTESIAN_POINT('',(21.208997381644,24.203745554989,
    208.13206328477));
#2386 = CARTESIAN_POINT('',(20.775679301902,24.306385055217,
    208.17668915444));
#2387 = CARTESIAN_POINT('',(20.548150096295,24.345597841339,
    208.19373819188));
#2388 = CARTESIAN_POINT('',(20.318027810632,24.370754624783,
    208.20467592381));
#2389 = CARTESIAN_POINT('',(20.085991925564,24.38165606788,
    208.20941568168));
#2390 = CARTESIAN_POINT('',(19.852753712135,24.378071515779,
    208.20785718077));
#2391 = CARTESIAN_POINT('',(19.619056951646,24.359741624255,
    208.19988766272));
#2392 = CARTESIAN_POINT('',(19.293449023948,24.313165837184,
    208.17963732051));
#2393 = CARTESIAN_POINT('',(19.201274757477,24.29762313606,
    208.17287962437));
#2394 = CARTESIAN_POINT('',(19.109202951009,24.279711536143,
    208.16509197223));
#2395 = CARTESIAN_POINT('',(19.01728556871,24.259411931338,
    208.1562660571));
#2396 = CARTESIAN_POINT('',(18.92557691802,24.236704707137,
    208.14639335092));
#2397 = CARTESIAN_POINT('',(18.834133649653,24.21156974062,
    208.13546510461));
#2398 = CARTESIAN_POINT('',(18.622219805703,24.147419579101,
    208.10757373004));
#2399 = CARTESIAN_POINT('',(18.501996891086,24.106550592342,
    208.08980460536));
#2400 = CARTESIAN_POINT('',(18.382482042033,24.061331229582,
    208.07014401286));
#2401 = CARTESIAN_POINT('',(18.263823276679,24.011713431441,
    208.04857105714));
#2402 = CARTESIAN_POINT('',(18.146180333394,23.957650317265,
    208.02506535533));
#2403 = CARTESIAN_POINT('',(18.029724401156,23.89909721262,
    207.99960748374));
#2404 = CARTESIAN_POINT('',(17.762958219934,23.752869694836,
    207.9360303021));
#2405 = CARTESIAN_POINT('',(17.613666557363,23.661860531159,
    207.8964611005));
#2406 = CARTESIAN_POINT('',(17.467173565666,23.56288819043,
    207.85342964801));
#2407 = CARTESIAN_POINT('',(17.32395106849,23.455877263436,
    207.80690315801));
#2408 = CARTESIAN_POINT('',(17.184525446187,23.340787281983,
    207.75686403564));
#2409 = CARTESIAN_POINT('',(17.04947107231,23.217626073792,
    207.70331568425));
#2410 = CARTESIAN_POINT('',(16.816909738134,22.983105737555,
    207.60135032067));
#2411 = CARTESIAN_POINT('',(16.71751810596,22.874785052019,
    207.55425437044));
#2412 = CARTESIAN_POINT('',(16.621535015624,22.761542900868,
    207.50501865255));
#2413 = CARTESIAN_POINT('',(16.529291392558,22.643454840447,
    207.45367601758));
#2414 = CARTESIAN_POINT('',(16.441134695727,22.52063944556,
    207.4002780198));
#2415 = CARTESIAN_POINT('',(16.357420687764,22.393267611675,
    207.34489896159));
#2416 = CARTESIAN_POINT('',(16.236603821442,22.191645980087,
    207.25723738264));
#2417 = CARTESIAN_POINT('',(16.196055567017,22.120501727899,
    207.22630509908));
#2418 = CARTESIAN_POINT('',(16.156913999955,22.04817489082,
    207.19485864818));
#2419 = CARTESIAN_POINT('',(16.119232333858,21.974706055131,
    207.16291567614));
#2420 = CARTESIAN_POINT('',(16.083062827225,21.900141045318,
    207.13049610666));
#2421 = CARTESIAN_POINT('',(16.048456172892,21.824531366253,
    207.09762233315));
#2422 = CARTESIAN_POINT('',(15.994431533394,21.699116168913,
    207.04309398648));
#2423 = CARTESIAN_POINT('',(15.974056637903,21.64989663904,
    207.02169419088));
#2424 = CARTESIAN_POINT('',(15.954348835046,21.600290937315,
    207.00012649448));
#2425 = CARTESIAN_POINT('',(15.935320209123,21.550314819647,
    206.97839774767));
#2426 = CARTESIAN_POINT('',(15.916982294694,21.499984916298,
    206.95651518099));
#2427 = CARTESIAN_POINT('',(15.899346076578,21.449318731886,
    206.93448640516));
#2428 = CARTESIAN_POINT('',(15.845624142288,21.287480531129,
    206.86412197005));
#2429 = CARTESIAN_POINT('',(15.812191307626,21.17511900154,
    206.8152691311));
#2430 = CARTESIAN_POINT('',(15.782232210557,21.061445532205,
    206.76584588356));
#2431 = CARTESIAN_POINT('',(15.755837048688,20.946666631127,
    206.71594201353));
#2432 = CARTESIAN_POINT('',(15.733075716229,20.831000159757,
    206.66565224337));
#2433 = CARTESIAN_POINT('',(15.71399602769,20.714675654025,
    206.61507637131));
#2434 = CARTESIAN_POINT('',(15.679371719955,20.451760734945,
    206.50076553693));
#2435 = CARTESIAN_POINT('',(15.665928960652,20.304915649962,
    206.43691984781));
#2436 = CARTESIAN_POINT('',(15.658342570454,20.157881341877,
    206.37299188777));
#2437 = CARTESIAN_POINT('',(15.656595225871,20.011118293749,
    206.30918186684));
#2438 = CARTESIAN_POINT('',(15.660610613253,19.865065288416,
    206.24568056018));
#2439 = CARTESIAN_POINT('',(15.670260668907,19.720139176662,
    206.18266920724));
#2440 = CARTESIAN_POINT('',(15.692420316798,19.509858451933,
    206.09124280518));
#2441 = CARTESIAN_POINT('',(15.700656110593,19.443310096856,
    206.06230873776));
#2442 = CARTESIAN_POINT('',(15.710062669386,19.377127497456,
    206.03353369454));
#2443 = CARTESIAN_POINT('',(15.720621043779,19.311346332255,
    206.00493318793));
#2444 = CARTESIAN_POINT('',(15.732310866185,19.246000040997,
    205.97652175695));
#2445 = CARTESIAN_POINT('',(15.745110350832,19.181119824645,
    205.94831296723));
#2446 = CARTESIAN_POINT('',(15.782483927762,19.007829147718,
    205.87296919466));
#2447 = CARTESIAN_POINT('',(15.809080518223,18.900339715909,
    205.82623465909));
#2448 = CARTESIAN_POINT('',(15.838675289579,18.794405975238,
    205.78017651097));
#2449 = CARTESIAN_POINT('',(15.871150394713,18.690147229473,
    205.73484662151));
#2450 = CARTESIAN_POINT('',(15.90638395723,18.587664220169,
    205.69028879137));
#2451 = CARTESIAN_POINT('',(15.944253113729,18.487040885969,
    205.64653951563));
#2452 = CARTESIAN_POINT('',(16.080104539895,18.155032080555,
    205.50218786111));
#2453 = CARTESIAN_POINT('',(16.189596844403,17.932566810067,
    205.40546383046));
#2454 = CARTESIAN_POINT('',(16.311545300044,17.721730989705,
    205.31379608248));
#2455 = CARTESIAN_POINT('',(16.444444237199,17.522962272108,
    205.22737490091));
#2456 = CARTESIAN_POINT('',(16.586926107438,17.336441052622,
    205.14627871853));
#2457 = CARTESIAN_POINT('',(16.73782007701,17.16216323593,
    205.07050575475));
#2458 = CARTESIAN_POINT('',(16.896194092552,17.,205.));
#2459 = ORIENTED_EDGE('',*,*,#2460,.F.);
#2460 = EDGE_CURVE('',#1188,#2350,#2461,.T.);
#2461 = LINE('',#2462,#2463);
#2462 = CARTESIAN_POINT('',(24.,20.,186.));
#2463 = VECTOR('',#2464,1.);
#2464 = DIRECTION('',(1.666435233399E-02,-4.081589149138E-18,
    0.99986114004));
#2465 = ORIENTED_EDGE('',*,*,#1953,.T.);
#2466 = ORIENTED_EDGE('',*,*,#1187,.T.);
#2467 = ORIENTED_EDGE('',*,*,#2460,.T.);
#2468 = ORIENTED_EDGE('',*,*,#2469,.F.);
#2469 = EDGE_CURVE('',#2470,#2350,#2472,.T.);
#2470 = VERTEX_POINT('',#2471);
#2471 = CARTESIAN_POINT('',(23.103805907448,17.,205.));
#2472 = B_SPLINE_CURVE_WITH_KNOTS('',6,(#2473,#2474,#2475,#2476,#2477,
    #2478,#2479,#2480,#2481,#2482,#2483,#2484,#2485,#2486,#2487,#2488,
    #2489,#2490,#2491,#2492,#2493,#2494),.UNSPECIFIED.,.F.,.F.,(7,5,5,5,
    7),(0.,0.241858102316,0.381803829992,0.674981821638,1.),
  .UNSPECIFIED.);
#2473 = CARTESIAN_POINT('',(23.103805907448,17.,205.));
#2474 = CARTESIAN_POINT('',(23.191403222892,17.089693148709,
    205.03899702117));
#2475 = CARTESIAN_POINT('',(23.276765089448,17.183319720814,
    205.07970422644));
#2476 = CARTESIAN_POINT('',(23.359643017313,17.280857628554,
    205.12211201241));
#2477 = CARTESIAN_POINT('',(23.439766200055,17.382251784325,
    205.16619642796));
#2478 = CARTESIAN_POINT('',(23.516850142039,17.487402399621,
    205.21191408679));
#2479 = CARTESIAN_POINT('',(23.633282033796,17.659079526679,
    205.28655631594));
#2480 = CARTESIAN_POINT('',(23.674844512603,17.723211083866,
    205.31443960168));
#2481 = CARTESIAN_POINT('',(23.715235929754,17.788517629098,
    205.34283375178));
#2482 = CARTESIAN_POINT('',(23.754400389522,17.854962375102,
    205.37172277178));
#2483 = CARTESIAN_POINT('',(23.792282892974,17.922502073766,
    205.40108785815));
#2484 = CARTESIAN_POINT('',(23.90539197065,18.134768398888,
    205.49337756473));
#2485 = CARTESIAN_POINT('',(23.976100809432,18.283054361613,
    205.55784972244));
#2486 = CARTESIAN_POINT('',(24.040445197607,18.435453674384,
    205.62411029321));
#2487 = CARTESIAN_POINT('',(24.097984254404,18.591389926361,
    205.69190866363));
#2488 = CARTESIAN_POINT('',(24.148370859734,18.750192411815,
    205.76095322252));
#2489 = CARTESIAN_POINT('',(24.239050892202,19.089455354472,
    205.90845884977));
#2490 = CARTESIAN_POINT('',(24.27766600345,19.270438642935,
    205.98714723605));
#2491 = CARTESIAN_POINT('',(24.306900379423,19.452974952007,
    206.06651084869));
#2492 = CARTESIAN_POINT('',(24.326675954322,19.636047420434,
    206.1461075741));
#2493 = CARTESIAN_POINT('',(24.337091971015,19.818692006387,
    206.22551826364));
#2494 = CARTESIAN_POINT('',(24.338405797101,20.,206.30434782608));
#2495 = ORIENTED_EDGE('',*,*,#2496,.F.);
#2496 = EDGE_CURVE('',#2352,#2470,#2497,.T.);
#2497 = B_SPLINE_CURVE_WITH_KNOTS('',7,(#2498,#2499,#2500,#2501,#2502,
    #2503,#2504,#2505,#2506,#2507,#2508,#2509,#2510,#2511,#2512,#2513,
    #2514,#2515,#2516,#2517,#2518,#2519,#2520,#2521,#2522,#2523,#2524,
    #2525,#2526,#2527,#2528,#2529),.UNSPECIFIED.,.F.,.F.,(8,6,6,6,6,8),(
    0.,0.212058283361,0.458591928686,0.556485602496,0.696428389866,1.),
  .UNSPECIFIED.);
#2498 = CARTESIAN_POINT('',(16.896194092552,17.,205.));
#2499 = CARTESIAN_POINT('',(17.037862323834,16.855632946293,
    204.90813005673));
#2500 = CARTESIAN_POINT('',(17.186900599079,16.719425281088,
    204.8214524516));
#2501 = CARTESIAN_POINT('',(17.342807688618,16.591704239709,
    204.74017542526));
#2502 = CARTESIAN_POINT('',(17.505088690178,16.472767229232,
    204.66448823678));
#2503 = CARTESIAN_POINT('',(17.673258371459,16.362888532365,
    204.59456542968));
#2504 = CARTESIAN_POINT('',(17.846844512704,16.262326011327,
    204.53057109811));
#2505 = CARTESIAN_POINT('',(18.232965210195,16.065535585607,
    204.4053408272));
#2506 = CARTESIAN_POINT('',(18.447221271142,15.97268211688,
    204.34625225619));
#2507 = CARTESIAN_POINT('',(18.667457566379,15.893145057613,
    204.29563776393));
#2508 = CARTESIAN_POINT('',(18.892952008978,15.827321539127,
    204.25375007035));
#2509 = CARTESIAN_POINT('',(19.122955439819,15.775615699373,
    204.22084635414));
#2510 = CARTESIAN_POINT('',(19.356687690036,15.738436872361,
    204.19718710059));
#2511 = CARTESIAN_POINT('',(19.687305179096,15.707381965093,
    204.17742488687));
#2512 = CARTESIAN_POINT('',(19.781729967692,15.700913111925,
    204.17330834395));
#2513 = CARTESIAN_POINT('',(19.876557983674,15.696828254983,
    204.17070888953));
#2514 = CARTESIAN_POINT('',(19.971733772124,15.695153967154,
    204.16964343364));
#2515 = CARTESIAN_POINT('',(20.067199275957,15.695916710516,
    204.17012881578));
#2516 = CARTESIAN_POINT('',(20.162893749657,15.699142527506,
    204.17218160841));
#2517 = CARTESIAN_POINT('',(20.395789135588,15.713025408206,
    204.18101616885));
#2518 = CARTESIAN_POINT('',(20.533161379301,15.726279268951,
    204.18945044387));
#2519 = CARTESIAN_POINT('',(20.670685282045,15.744691969693,
    204.20116761707));
#2520 = CARTESIAN_POINT('',(20.808159172004,15.768334229325,
    204.21621269138));
#2521 = CARTESIAN_POINT('',(20.945364616051,15.797269829379,
    204.23462625505));
#2522 = CARTESIAN_POINT('',(21.082066208134,15.831551613122,
    204.25644193562));
#2523 = CARTESIAN_POINT('',(21.512911071379,15.957262880242,
    204.3364400147));
#2524 = CARTESIAN_POINT('',(21.804478520983,16.068710317591,
    204.40736111119));
#2525 = CARTESIAN_POINT('',(22.089821743694,16.205924385091,
    204.49467915414));
#2526 = CARTESIAN_POINT('',(22.365793602725,16.368815879593,
    204.59833737792));
#2527 = CARTESIAN_POINT('',(22.629063519823,16.556675374681,
    204.71788432934));
#2528 = CARTESIAN_POINT('',(22.876161473836,16.768018871443,
    204.85237564546));
#2529 = CARTESIAN_POINT('',(23.103805907448,17.,205.));
#2530 = CONICAL_SURFACE('',#2531,4.,1.666512371394E-02);
#2531 = AXIS2_PLACEMENT_3D('',#2532,#2533,#2534);
#2532 = CARTESIAN_POINT('',(20.,20.,186.));
#2533 = DIRECTION('',(0.,0.,1.));
#2534 = DIRECTION('',(1.,0.,0.));
#2535 = ADVANCED_FACE('',(#2536),#2718,.F.);
#2536 = FACE_BOUND('',#2537,.F.);
#2537 = EDGE_LOOP('',(#2538,#2551,#2557,#2558,#2559,#2560,#2561,#2653));
#2538 = ORIENTED_EDGE('',*,*,#2539,.F.);
#2539 = EDGE_CURVE('',#2540,#2542,#2544,.T.);
#2540 = VERTEX_POINT('',#2541);
#2541 = CARTESIAN_POINT('',(4.306060606061,16.,204.36363636363));
#2542 = VERTEX_POINT('',#2543);
#2543 = CARTESIAN_POINT('',(4.19923934911,17.,205.));
#2544 = B_SPLINE_CURVE_WITH_KNOTS('',5,(#2545,#2546,#2547,#2548,#2549,
    #2550),.UNSPECIFIED.,.F.,.F.,(6,6),(0.,1.),
  .PIECEWISE_BEZIER_KNOTS.);
#2545 = CARTESIAN_POINT('',(4.306060606061,16.,204.36363636363));
#2546 = CARTESIAN_POINT('',(4.308206800386,16.202355466743,
    204.49240802429));
#2547 = CARTESIAN_POINT('',(4.298464219722,16.404528122344,
    204.62106335058));
#2548 = CARTESIAN_POINT('',(4.276895643958,16.605484122385,
    204.74894444151));
#2549 = CARTESIAN_POINT('',(4.243716470963,16.804268791468,
    204.87544377638));
#2550 = CARTESIAN_POINT('',(4.19923934911,17.,205.));
#2551 = ORIENTED_EDGE('',*,*,#2552,.F.);
#2552 = EDGE_CURVE('',#1061,#2540,#2553,.T.);
#2553 = LINE('',#2554,#2555);
#2554 = CARTESIAN_POINT('',(4.,16.,186.));
#2555 = VECTOR('',#2556,1.);
#2556 = DIRECTION('',(1.666435233399E-02,-4.081589149138E-18,
    0.99986114004));
#2557 = ORIENTED_EDGE('',*,*,#1157,.T.);
#2558 = ORIENTED_EDGE('',*,*,#2037,.T.);
#2559 = ORIENTED_EDGE('',*,*,#1060,.T.);
#2560 = ORIENTED_EDGE('',*,*,#2552,.T.);
#2561 = ORIENTED_EDGE('',*,*,#2562,.F.);
#2562 = EDGE_CURVE('',#2563,#2540,#2565,.T.);
#2563 = VERTEX_POINT('',#2564);
#2564 = CARTESIAN_POINT('',(-4.19923934911,17.,205.));
#2565 = B_SPLINE_CURVE_WITH_KNOTS('',6,(#2566,#2567,#2568,#2569,#2570,
    #2571,#2572,#2573,#2574,#2575,#2576,#2577,#2578,#2579,#2580,#2581,
    #2582,#2583,#2584,#2585,#2586,#2587,#2588,#2589,#2590,#2591,#2592,
    #2593,#2594,#2595,#2596,#2597,#2598,#2599,#2600,#2601,#2602,#2603,
    #2604,#2605,#2606,#2607,#2608,#2609,#2610,#2611,#2612,#2613,#2614,
    #2615,#2616,#2617,#2618,#2619,#2620,#2621,#2622,#2623,#2624,#2625,
    #2626,#2627,#2628,#2629,#2630,#2631,#2632,#2633,#2634,#2635,#2636,
    #2637,#2638,#2639,#2640,#2641,#2642,#2643,#2644,#2645,#2646,#2647,
    #2648,#2649,#2650,#2651,#2652),.UNSPECIFIED.,.F.,.F.,(7,5,5,5,5,5,5,
    5,5,5,5,5,5,5,5,5,5,7),(0.,5.66570096722E-02,8.915683046807E-02,
    0.158153660655,0.239957744338,0.276979212453,0.337507682166,
    0.400819358664,0.441349509542,0.53435971517,0.626514311962,
    0.667044853133,0.730357402814,0.790895154152,0.82722458709,
    0.851782899296,0.909594399892,1.),.UNSPECIFIED.);
#2566 = CARTESIAN_POINT('',(-4.19923934911,17.,205.));
#2567 = CARTESIAN_POINT('',(-4.230163589004,16.863911184105,
    204.91339802624));
#2568 = CARTESIAN_POINT('',(-4.255844512981,16.726406039727,
    204.82589475255));
#2569 = CARTESIAN_POINT('',(-4.276191490437,16.587739954871,
    204.73765269855));
#2570 = CARTESIAN_POINT('',(-4.291129506385,16.448180445088,
    204.64884210142));
#2571 = CARTESIAN_POINT('',(-4.300602889085,16.308007723937,
    204.55964127886));
#2572 = CARTESIAN_POINT('',(-4.306859851977,16.086925431319,
    204.4189525472));
#2573 = CARTESIAN_POINT('',(-4.307331895189,16.006230150101,
    204.36760100461));
#2574 = CARTESIAN_POINT('',(-4.305988902497,15.925484778056,
    204.31621758603));
#2575 = CARTESIAN_POINT('',(-4.3028273831,15.84474557504,204.2648380932)
  );
#2576 = CARTESIAN_POINT('',(-4.297846620228,15.764069712492,
    204.21349890795));
#2577 = CARTESIAN_POINT('',(-4.276616685746,15.512498916542,
    204.05340840143));
#2578 = CARTESIAN_POINT('',(-4.25399404603,15.342024114205,
    203.94492443631));
#2579 = CARTESIAN_POINT('',(-4.223202382079,15.172656154188,
    203.83714482539));
#2580 = CARTESIAN_POINT('',(-4.184323885456,15.004957814701,
    203.73042770026));
#2581 = CARTESIAN_POINT('',(-4.137506192912,14.839487149576,
    203.62512818609));
#2582 = CARTESIAN_POINT('',(-4.018304783512,14.483904385346,
    203.39884824522));
#2583 = CARTESIAN_POINT('',(-3.942782155838,14.294901217064,
    203.27857350176));
#2584 = CARTESIAN_POINT('',(-3.856765631301,14.110714495802,
    203.16136377005));
#2585 = CARTESIAN_POINT('',(-3.760735832808,13.932179979152,
    203.04775089582));
#2586 = CARTESIAN_POINT('',(-3.655272739104,13.760044727616,
    202.93821028121));
#2587 = CARTESIAN_POINT('',(-3.489343497062,13.520265353854,
    202.78562340699));
#2588 = CARTESIAN_POINT('',(-3.435848655559,13.447003341049,
    202.73900212612));
#2589 = CARTESIAN_POINT('',(-3.380616649842,13.375244695403,
    202.69333753343));
#2590 = CARTESIAN_POINT('',(-3.323709619044,13.30504386358,
    202.64866427682));
#2591 = CARTESIAN_POINT('',(-3.265191329026,13.236450382239,
    202.6050138796));
#2592 = CARTESIAN_POINT('',(-3.106924921841,13.060062467161,
    202.49276702455));
#2593 = CARTESIAN_POINT('',(-3.004589419371,12.955031345651,
    202.42592903814));
#2594 = CARTESIAN_POINT('',(-2.89840539391,12.854611467326,
    202.3620254792));
#2595 = CARTESIAN_POINT('',(-2.788660311878,12.758961147441,
    202.30115709382));
#2596 = CARTESIAN_POINT('',(-2.675639828822,12.668207230395,
    202.24340460116));
#2597 = CARTESIAN_POINT('',(-2.438272004078,12.492752072187,
    202.13175131866));
#2598 = CARTESIAN_POINT('',(-2.313642235472,12.408520592707,
    202.07814946808));
#2599 = CARTESIAN_POINT('',(-2.186051394502,12.32987096895,
    202.02809970751));
#2600 = CARTESIAN_POINT('',(-2.0558072024,12.25688631223,201.98165492596
    ));
#2601 = CARTESIAN_POINT('',(-1.923204891177,12.189625757449,
    201.93885275474));
#2602 = CARTESIAN_POINT('',(-1.702306256873,12.088764845354,
    201.87466853795));
#2603 = CARTESIAN_POINT('',(-1.615236483266,12.051761429548,
    201.85112090971));
#2604 = CARTESIAN_POINT('',(-1.527388533554,12.017131929377,
    201.82908395505));
#2605 = CARTESIAN_POINT('',(-1.438833675914,11.984884889561,
    201.80856311153));
#2606 = CARTESIAN_POINT('',(-1.349641044735,11.955026748065,
    201.78956247604));
#2607 = CARTESIAN_POINT('',(-1.053885003156,11.864534261437,
    201.73197634818));
#2608 = CARTESIAN_POINT('',(-0.844894693601,11.81411309794,
    201.69989015323));
#2609 = CARTESIAN_POINT('',(-0.633701661828,11.776348738166,
    201.67585828792));
#2610 = CARTESIAN_POINT('',(-0.421069428527,11.751261911839,
    201.65989394389));
#2611 = CARTESIAN_POINT('',(-0.207733205794,11.738856787176,
    201.65199977365));
#2612 = CARTESIAN_POINT('',(0.216964727706,11.739408806535,
    201.6523510587));
#2613 = CARTESIAN_POINT('',(0.428313662333,11.752133679357,
    201.66044870504));
#2614 = CARTESIAN_POINT('',(0.638952896363,11.777307870079,
    201.67646864459));
#2615 = CARTESIAN_POINT('',(0.848166977048,11.814927094847,
    201.70040815126));
#2616 = CARTESIAN_POINT('',(1.055212938804,11.864970981859,
    201.73225426118));
#2617 = CARTESIAN_POINT('',(1.349084577785,11.954843170403,
    201.78944565389));
#2618 = CARTESIAN_POINT('',(1.438281297589,11.984689188661,
    201.8084385746));
#2619 = CARTESIAN_POINT('',(1.526840516404,12.016924174719,
    201.82895174754));
#2620 = CARTESIAN_POINT('',(1.614693104416,12.051541696369,
    201.8509810795));
#2621 = CARTESIAN_POINT('',(1.701767798315,12.088533215902,
    201.87452113739));
#2622 = CARTESIAN_POINT('',(1.922680335164,12.189364136486,
    201.93868626867));
#2623 = CARTESIAN_POINT('',(2.055292024131,12.256606774171,
    201.9814770381));
#2624 = CARTESIAN_POINT('',(2.185546293548,12.329573814413,
    202.02791060917));
#2625 = CARTESIAN_POINT('',(2.313147926513,12.408206162014,
    202.07794937582));
#2626 = CARTESIAN_POINT('',(2.437789213382,12.492420753953,
    202.13154047978));
#2627 = CARTESIAN_POINT('',(2.675197193067,12.667855717527,
    202.24318091115));
#2628 = CARTESIAN_POINT('',(2.788245413166,12.758607683757,
    202.30093216239));
#2629 = CARTESIAN_POINT('',(2.898017953409,12.854257863411,
    202.36180045853));
#2630 = CARTESIAN_POINT('',(3.004229035049,12.954679411223,
    202.42570507986));
#2631 = CARTESIAN_POINT('',(3.106591059341,13.059713997073,
    202.49254527086));
#2632 = CARTESIAN_POINT('',(3.26376702204,13.234848876778,
    202.60399473976));
#2633 = CARTESIAN_POINT('',(3.321226472868,13.302123054902,
    202.64680558039));
#2634 = CARTESIAN_POINT('',(3.377135735735,13.370946013563,
    202.69060200863));
#2635 = CARTESIAN_POINT('',(3.431434527477,13.4412710436,202.73535430047
    ));
#2636 = CARTESIAN_POINT('',(3.484064056646,13.513046880621,
    202.78102983312));
#2637 = CARTESIAN_POINT('',(3.569376890422,13.635680407942,
    202.8590693505));
#2638 = CARTESIAN_POINT('',(3.602997874273,13.685780582403,
    202.89095127971));
#2639 = CARTESIAN_POINT('',(3.635812346569,13.736500971589,
    202.92322789101));
#2640 = CARTESIAN_POINT('',(3.667803248947,13.787823421802,
    202.95588763205));
#2641 = CARTESIAN_POINT('',(3.698954093172,13.83972888244,
    202.98891837973));
#2642 = CARTESIAN_POINT('',(3.80056460216,14.015710946169,
    203.10090696574));
#2643 = CARTESIAN_POINT('',(3.867138147018,14.142347021009,
    203.18149355882));
#2644 = CARTESIAN_POINT('',(3.928760112354,14.271841419032,
    203.26389908483));
#2645 = CARTESIAN_POINT('',(3.985246187138,14.403910704078,
    203.34794317532));
#2646 = CARTESIAN_POINT('',(4.03643921597,14.538251853419,
    203.43343299763));
#2647 = CARTESIAN_POINT('',(4.153789364039,14.887672206408,
    203.65579140407));
#2648 = CARTESIAN_POINT('',(4.212117761055,15.105589706978,
    203.79446617716));
#2649 = CARTESIAN_POINT('',(4.256696599763,15.327041205993,
    203.93538985835));
#2650 = CARTESIAN_POINT('',(4.287250827032,15.550764614039,
    204.07775929984));
#2651 = CARTESIAN_POINT('',(4.303679563126,15.775501666198,
    204.22077378758));
#2652 = CARTESIAN_POINT('',(4.306060606061,16.,204.36363636363));
#2653 = ORIENTED_EDGE('',*,*,#2654,.F.);
#2654 = EDGE_CURVE('',#2542,#2563,#2655,.T.);
#2655 = B_SPLINE_CURVE_WITH_KNOTS('',7,(#2656,#2657,#2658,#2659,#2660,
    #2661,#2662,#2663,#2664,#2665,#2666,#2667,#2668,#2669,#2670,#2671,
    #2672,#2673,#2674,#2675,#2676,#2677,#2678,#2679,#2680,#2681,#2682,
    #2683,#2684,#2685,#2686,#2687,#2688,#2689,#2690,#2691,#2692,#2693,
    #2694,#2695,#2696,#2697,#2698,#2699,#2700,#2701,#2702,#2703,#2704,
    #2705,#2706,#2707,#2708,#2709,#2710,#2711,#2712,#2713,#2714,#2715,
    #2716,#2717),.UNSPECIFIED.,.F.,.F.,(8,6,6,6,6,6,6,6,6,6,8),(0.,
    0.137542562531,0.2316242067,0.304231272007,0.358953109548,
    0.499499888926,0.641071905627,0.695793257847,0.768399555108,
    0.862511154322,1.),.UNSPECIFIED.);
#2656 = CARTESIAN_POINT('',(4.19923934911,17.,205.));
#2657 = CARTESIAN_POINT('',(4.140400818948,17.25505524856,
    205.11089358633));
#2658 = CARTESIAN_POINT('',(4.064194377926,17.502885628994,
    205.21864592564));
#2659 = CARTESIAN_POINT('',(3.971889343191,17.741551484376,
    205.32241368885));
#2660 = CARTESIAN_POINT('',(3.865028376379,17.969720886111,
    205.42161777657));
#2661 = CARTESIAN_POINT('',(3.745170410062,18.186484996695,
    205.51586304204));
#2662 = CARTESIAN_POINT('',(3.613805560352,18.391294212497,
    205.60491052717));
#2663 = CARTESIAN_POINT('',(3.375402334954,18.715599655411,
    205.74591289365));
#2664 = CARTESIAN_POINT('',(3.273790536646,18.841608065385,
    205.80069915886));
#2665 = CARTESIAN_POINT('',(3.167812674981,18.961817352387,
    205.85296406625));
#2666 = CARTESIAN_POINT('',(3.057855456873,19.076181135669,
    205.90268745029));
#2667 = CARTESIAN_POINT('',(2.94427776708,19.184681446243,
    205.94986149836));
#2668 = CARTESIAN_POINT('',(2.827406712767,19.287323104753,
    205.99448830641));
#2669 = CARTESIAN_POINT('',(2.615022211002,19.458836897536,
    206.06905952066));
#2670 = CARTESIAN_POINT('',(2.520726219447,19.530066659655,
    206.10002898245));
#2671 = CARTESIAN_POINT('',(2.424781619783,19.597826236709,
    206.12948966813));
#2672 = CARTESIAN_POINT('',(2.327317141624,19.662126777212,
    206.15744642487));
#2673 = CARTESIAN_POINT('',(2.228454104192,19.722981305334,
    206.18390491536));
#2674 = CARTESIAN_POINT('',(2.128306202717,19.780404299021,
    206.20887143435));
#2675 = CARTESIAN_POINT('',(1.950612145569,19.875114753059,
    206.25004989263));
#2676 = CARTESIAN_POINT('',(1.873575988248,19.91387746887,
    206.26690324733));
#2677 = CARTESIAN_POINT('',(1.795916533161,19.950705885104,
    206.28291560221));
#2678 = CARTESIAN_POINT('',(1.717677897607,19.985606280026,
    206.29808968696));
#2679 = CARTESIAN_POINT('',(1.638902605884,20.018584740619,
    206.31242814809));
#2680 = CARTESIAN_POINT('',(1.55963158928,20.04964716258,206.32593354894
    ));
#2681 = CARTESIAN_POINT('',(1.275133472022,20.1536730526,206.37116219678
    ));
#2682 = CARTESIAN_POINT('',(1.067366965238,20.215939625782,
    206.3982346199));
#2683 = CARTESIAN_POINT('',(0.857251917357,20.265704925382,
    206.41987170668));
#2684 = CARTESIAN_POINT('',(0.645408170691,20.303040194889,
    206.43610443256));
#2685 = CARTESIAN_POINT('',(0.432430026888,20.327997378618,206.446955382
    ));
#2686 = CARTESIAN_POINT('',(0.218886396834,20.340609017754,
    206.45243870337));
#2687 = CARTESIAN_POINT('',(-0.209805827544,20.341138164344,
    206.4526687671));
#2688 = CARTESIAN_POINT('',(-0.424927129979,20.32887483154,
    206.44733688327));
#2689 = CARTESIAN_POINT('',(-0.639491096078,20.304086067602,
    206.43655915982));
#2690 = CARTESIAN_POINT('',(-0.852916584995,20.266739073142,
    206.42032133614));
#2691 = CARTESIAN_POINT('',(-1.064596515345,20.216781111889,
    206.39860048343));
#2692 = CARTESIAN_POINT('',(-1.273897703035,20.15413961632,
    206.37136505057));
#2693 = CARTESIAN_POINT('',(-1.55988436429,20.049549038335,
    206.32589088623));
#2694 = CARTESIAN_POINT('',(-1.639153343575,20.018481663622,
    206.312383332));
#2695 = CARTESIAN_POINT('',(-1.717926514362,19.985498270875,
    206.29804272646));
#2696 = CARTESIAN_POINT('',(-1.796162943848,19.950592964038,
    206.2828665061));
#2697 = CARTESIAN_POINT('',(-1.873820105986,19.913759655955,
    206.26685202432));
#2698 = CARTESIAN_POINT('',(-1.950853881484,19.87499206837,
    206.24999655146));
#2699 = CARTESIAN_POINT('',(-2.12854201134,19.780270417987,
    206.20881322521));
#2700 = CARTESIAN_POINT('',(-2.22868630203,19.72284112697,
    206.18384396824));
#2701 = CARTESIAN_POINT('',(-2.327545567663,19.661980349532,
    206.15738276066));
#2702 = CARTESIAN_POINT('',(-2.425006107552,19.597673609176,
    206.12942330833));
#2703 = CARTESIAN_POINT('',(-2.520946596248,19.52990788429,
    206.09995994969));
#2704 = CARTESIAN_POINT('',(-2.615238297246,19.458672030179,
    206.0689878392));
#2705 = CARTESIAN_POINT('',(-2.827651952889,19.287112542789,
    205.99439675773));
#2706 = CARTESIAN_POINT('',(-2.944554345772,19.184427485469,
    205.94975108063));
#2707 = CARTESIAN_POINT('',(-3.058160781794,19.075880027675,
    205.90255653377));
#2708 = CARTESIAN_POINT('',(-3.16814380158,18.961465364922,
    205.85281102822));
#2709 = CARTESIAN_POINT('',(-3.274144124214,18.841201523546,
    205.80052240154));
#2710 = CARTESIAN_POINT('',(-3.375774611525,18.715134994556,
    205.74571086719));
#2711 = CARTESIAN_POINT('',(-3.614113089054,18.390814667206,
    205.60470202922));
#2712 = CARTESIAN_POINT('',(-3.745404225818,18.186062081548,
    205.51567916589));
#2713 = CARTESIAN_POINT('',(-3.865195163622,17.969364740449,
    205.42146293063));
#2714 = CARTESIAN_POINT('',(-3.971997413358,17.741272047617,
    205.32229219461));
#2715 = CARTESIAN_POINT('',(-4.064253875234,17.502692144703,
    205.21856180204));
#2716 = CARTESIAN_POINT('',(-4.140423793912,17.254955655832,
    205.11085028514));
#2717 = CARTESIAN_POINT('',(-4.19923934911,17.,205.));
#2718 = CONICAL_SURFACE('',#2719,4.,1.666512371394E-02);
#2719 = AXIS2_PLACEMENT_3D('',#2720,#2721,#2722);
#2720 = CARTESIAN_POINT('',(0.,16.,186.));
#2721 = DIRECTION('',(0.,0.,1.));
#2722 = DIRECTION('',(1.,0.,0.));
#2723 = ADVANCED_FACE('',(#2724),#2893,.F.);
#2724 = FACE_BOUND('',#2725,.F.);
#2725 = EDGE_LOOP('',(#2726,#2830,#2836,#2837,#2838,#2839,#2858));
#2726 = ORIENTED_EDGE('',*,*,#2727,.F.);
#2727 = EDGE_CURVE('',#2728,#2730,#2732,.T.);
#2728 = VERTEX_POINT('',#2729);
#2729 = CARTESIAN_POINT('',(-15.66159420289,20.,206.30434782608));
#2730 = VERTEX_POINT('',#2731);
#2731 = CARTESIAN_POINT('',(-23.10380590744,17.,205.));
#2732 = B_SPLINE_CURVE_WITH_KNOTS('',6,(#2733,#2734,#2735,#2736,#2737,
    #2738,#2739,#2740,#2741,#2742,#2743,#2744,#2745,#2746,#2747,#2748,
    #2749,#2750,#2751,#2752,#2753,#2754,#2755,#2756,#2757,#2758,#2759,
    #2760,#2761,#2762,#2763,#2764,#2765,#2766,#2767,#2768,#2769,#2770,
    #2771,#2772,#2773,#2774,#2775,#2776,#2777,#2778,#2779,#2780,#2781,
    #2782,#2783,#2784,#2785,#2786,#2787,#2788,#2789,#2790,#2791,#2792,
    #2793,#2794,#2795,#2796,#2797,#2798,#2799,#2800,#2801,#2802,#2803,
    #2804,#2805,#2806,#2807,#2808,#2809,#2810,#2811,#2812,#2813,#2814,
    #2815,#2816,#2817,#2818,#2819,#2820,#2821,#2822,#2823,#2824,#2825,
    #2826,#2827,#2828,#2829),.UNSPECIFIED.,.F.,.F.,(7,5,5,5,5,5,5,5,5,5,
    5,5,5,5,5,5,5,5,5,7),(0.,3.184368425335E-02,9.431026015295E-02,
    0.125459856597,0.184249069688,0.25864201725,0.315086112119,
    0.357662876201,0.464667649108,0.572252276328,0.613260629849,
    0.667340418607,0.737547024688,0.792158744086,0.821392551912,
    0.839893415364,0.879985423806,0.93211385025,0.956996809083,1.),
  .UNSPECIFIED.);
#2733 = CARTESIAN_POINT('',(-15.66159420289,20.,206.30434782608));
#2734 = CARTESIAN_POINT('',(-15.66086565192,20.100540037089,
    206.34806088569));
#2735 = CARTESIAN_POINT('',(-15.66293049423,20.201403758741,
    206.39191467771));
#2736 = CARTESIAN_POINT('',(-15.66782211901,20.302432286875,
    206.43584012472));
#2737 = CARTESIAN_POINT('',(-15.67555723358,20.40346373674,
    206.47976684206));
#2738 = CARTESIAN_POINT('',(-15.68613586343,20.504333216918,
    206.52362313779));
#2739 = CARTESIAN_POINT('',(-15.72583840289,20.802097662942,
    206.65308594041));
#2740 = CARTESIAN_POINT('',(-15.76301732503,20.99808822764,
    206.7382992294));
#2741 = CARTESIAN_POINT('',(-15.81094649373,21.191524581499,
    206.82240199195));
#2742 = CARTESIAN_POINT('',(-15.86923658182,21.38125297734,
    206.90489259884));
#2743 = CARTESIAN_POINT('',(-15.93732348294,21.566261060583,
    206.9853308959));
#2744 = CARTESIAN_POINT('',(-16.05296587722,21.83513834128,
    207.10223406142));
#2745 = CARTESIAN_POINT('',(-16.09370547935,21.923221416657,
    207.14053105072));
#2746 = CARTESIAN_POINT('',(-16.13662109837,22.009820789039,
    207.17818295175));
#2747 = CARTESIAN_POINT('',(-16.18162257336,22.094849528963,
    207.21515196911));
#2748 = CARTESIAN_POINT('',(-16.22861677228,22.178233491229,
    207.25140586575));
#2749 = CARTESIAN_POINT('',(-16.36978634608,22.414058908485,
    207.35393865586));
#2750 = CARTESIAN_POINT('',(-16.46882474753,22.562122052198,
    207.41831393573));
#2751 = CARTESIAN_POINT('',(-16.5739967741,22.703687938922,
    207.47986432127));
#2752 = CARTESIAN_POINT('',(-16.68467430566,22.838490889555,
    207.5384742998));
#2753 = CARTESIAN_POINT('',(-16.8002585018,22.966377771311,
    207.59407729187));
#2754 = CARTESIAN_POINT('',(-17.07199663116,23.240260497736,
    207.71315673814));
#2755 = CARTESIAN_POINT('',(-17.23076326231,23.382041357743,
    207.77480059032));
#2756 = CARTESIAN_POINT('',(-17.39543135888,23.512496435651,
    207.83152018941));
#2757 = CARTESIAN_POINT('',(-17.56502006814,23.631648326582,
    207.88332535938));
#2758 = CARTESIAN_POINT('',(-17.73866819263,23.739616625217,
    207.93026809792));
#2759 = CARTESIAN_POINT('',(-18.04994379185,23.910133488386,
    208.00440586451));
#2760 = CARTESIAN_POINT('',(-18.18614614257,23.977351459718,
    208.03363106944));
#2761 = CARTESIAN_POINT('',(-18.32394511331,24.038297708228,
    208.06012943836));
#2762 = CARTESIAN_POINT('',(-18.46304771375,24.093052335548,
    208.08393579806));
#2763 = CARTESIAN_POINT('',(-18.60318797551,24.141699375904,
    208.10508668517));
#2764 = CARTESIAN_POINT('',(-18.85044132968,24.216475100322,
    208.1375978697));
#2765 = CARTESIAN_POINT('',(-18.95720820078,24.245199258216,
    208.150086634));
#2766 = CARTESIAN_POINT('',(-19.06432529112,24.270531783942,
    208.16110077562));
#2767 = CARTESIAN_POINT('',(-19.17169484865,24.292507595002,
    208.17065547608));
#2768 = CARTESIAN_POINT('',(-19.27922458541,24.311160420275,
    208.17876540011));
#2769 = CARTESIAN_POINT('',(-19.65725791515,24.365131839272,
    208.20223123446));
#2770 = CARTESIAN_POINT('',(-19.92812109045,24.382952788628,
    208.20997947331));
#2771 = CARTESIAN_POINT('',(-20.19808882793,24.380513587719,
    208.20891895118));
#2772 = CARTESIAN_POINT('',(-20.46590296981,24.358231785919,
    208.19923121126));
#2773 = CARTESIAN_POINT('',(-20.73038162273,24.316482109332,
    208.18107917797));
#2774 = CARTESIAN_POINT('',(-21.25184405626,24.19420959987,
    208.12791721733));
#2775 = CARTESIAN_POINT('',(-21.50872654347,24.113490248625,
    208.09282184722));
#2776 = CARTESIAN_POINT('',(-21.75992977389,24.013617518809,
    208.04939892122));
#2777 = CARTESIAN_POINT('',(-22.00421722532,23.894762625071,
    207.99772288046));
#2778 = CARTESIAN_POINT('',(-22.24026861322,23.75708072805,
    207.9378611861));
#2779 = CARTESIAN_POINT('',(-22.55293648574,23.540986009036,
    207.84390696045));
#2780 = CARTESIAN_POINT('',(-22.6378164518,23.478623526288,
    207.81679283751));
#2781 = CARTESIAN_POINT('',(-22.72120503484,23.413540817414,
    207.78849600757));
#2782 = CARTESIAN_POINT('',(-22.80301514771,23.345743430367,
    207.75901888276));
#2783 = CARTESIAN_POINT('',(-22.88315459545,23.275237534453,
    207.72836414541));
#2784 = CARTESIAN_POINT('',(-23.06487850742,23.105487338941,
    207.65455971258));
#2785 = CARTESIAN_POINT('',(-23.1651542043,23.004248233522,
    207.61054271022));
#2786 = CARTESIAN_POINT('',(-23.26213206233,22.89832658782,
    207.56448982079));
#2787 = CARTESIAN_POINT('',(-23.35556724576,22.787746124935,
    207.51641135866));
#2788 = CARTESIAN_POINT('',(-23.44519301758,22.67254249294,
    207.46632282301));
#2789 = CARTESIAN_POINT('',(-23.64175739065,22.397270397208,
    207.34663930313));
#2790 = CARTESIAN_POINT('',(-23.74588007515,22.234079498709,
    207.27568673856));
#2791 = CARTESIAN_POINT('',(-23.84247214012,22.063293132244,
    207.20143179662));
#2792 = CARTESIAN_POINT('',(-23.93081478129,21.885101392641,
    207.12395712723));
#2793 = CARTESIAN_POINT('',(-24.01012312737,21.699813076684,
    207.04339698986));
#2794 = CARTESIAN_POINT('',(-24.13360940074,21.358589024054,
    206.89503870611));
#2795 = CARTESIAN_POINT('',(-24.1816739123,21.205285228313,
    206.82838488187));
#2796 = CARTESIAN_POINT('',(-24.22338794908,21.048202123241,
    206.76008787967));
#2797 = CARTESIAN_POINT('',(-24.258345337,20.887649979108,
    206.69028259961));
#2798 = CARTESIAN_POINT('',(-24.28615286061,20.724036307878,
    206.61914622081));
#2799 = CARTESIAN_POINT('',(-24.31733556096,20.468938634207,
    206.50823418878));
#2800 = CARTESIAN_POINT('',(-24.32605949276,20.379268391093,
    206.46924712656));
#2801 = CARTESIAN_POINT('',(-24.33258203344,20.288952423787,
    206.42997931469));
#2802 = CARTESIAN_POINT('',(-24.33685442722,20.198081114393,
    206.39047004973));
#2803 = CARTESIAN_POINT('',(-24.33883449206,20.106754276095,
    206.35076272873));
#2804 = CARTESIAN_POINT('',(-24.33827014152,19.957065895471,
    206.28568082411));
#2805 = CARTESIAN_POINT('',(-24.33711999949,19.898911471767,
    206.26039629207));
#2806 = CARTESIAN_POINT('',(-24.3350298682,19.840646219999,
    206.23506357391));
#2807 = CARTESIAN_POINT('',(-24.33199282299,19.782299156747,
    206.20969528554));
#2808 = CARTESIAN_POINT('',(-24.32800359106,19.723900501695,
    206.18430456595));
#2809 = CARTESIAN_POINT('',(-24.31234248033,19.538886073402,
    206.10386351017));
#2810 = CARTESIAN_POINT('',(-24.29713756353,19.412190186225,
    206.04877834183));
#2811 = CARTESIAN_POINT('',(-24.27740874501,19.285723392433,
    205.99379277931));
#2812 = CARTESIAN_POINT('',(-24.25316199609,19.159821555383,
    205.93905285016));
#2813 = CARTESIAN_POINT('',(-24.22444939594,19.034825865049,
    205.88470689784));
#2814 = CARTESIAN_POINT('',(-24.14836920035,18.750187024996,
    205.76095088043));
#2815 = CARTESIAN_POINT('',(-24.09798235762,18.591384510328,
    205.69190630883));
#2816 = CARTESIAN_POINT('',(-24.04044306115,18.43544824907,
    205.62410793437));
#2817 = CARTESIAN_POINT('',(-23.97609843363,18.28304894682,
    205.55784736818));
#2818 = CARTESIAN_POINT('',(-23.90538935818,18.134763013519,
    205.49337522326));
#2819 = CARTESIAN_POINT('',(-23.79228001093,17.922496895589,
    205.40108560677));
#2820 = CARTESIAN_POINT('',(-23.75439747651,17.854957357026,
    205.37172059001));
#2821 = CARTESIAN_POINT('',(-23.71523299202,17.788512770428,
    205.34283163931));
#2822 = CARTESIAN_POINT('',(-23.67484155621,17.723206383487,
    205.31443755803));
#2823 = CARTESIAN_POINT('',(-23.6332790646,17.659074983091,
    205.28655434047));
#2824 = CARTESIAN_POINT('',(-23.51684754976,17.487398863484,
    205.21191254934));
#2825 = CARTESIAN_POINT('',(-23.43976404443,17.382249056467,
    205.16619524194));
#2826 = CARTESIAN_POINT('',(-23.35964134508,17.28085566053,
    205.12211115675));
#2827 = CARTESIAN_POINT('',(-23.27676394129,17.183318461474,
    205.0797036789));
#2828 = CARTESIAN_POINT('',(-23.19140263374,17.089692545493,
    205.03899675891));
#2829 = CARTESIAN_POINT('',(-23.10380590744,17.,205.));
#2830 = ORIENTED_EDGE('',*,*,#2831,.F.);
#2831 = EDGE_CURVE('',#981,#2728,#2832,.T.);
#2832 = LINE('',#2833,#2834);
#2833 = CARTESIAN_POINT('',(-16.,20.,186.));
#2834 = VECTOR('',#2835,1.);
#2835 = DIRECTION('',(1.666435233399E-02,-4.081589149138E-18,
    0.99986114004));
#2836 = ORIENTED_EDGE('',*,*,#2053,.T.);
#2837 = ORIENTED_EDGE('',*,*,#980,.T.);
#2838 = ORIENTED_EDGE('',*,*,#2831,.T.);
#2839 = ORIENTED_EDGE('',*,*,#2840,.F.);
#2840 = EDGE_CURVE('',#2841,#2728,#2843,.T.);
#2841 = VERTEX_POINT('',#2842);
#2842 = CARTESIAN_POINT('',(-16.89619409255,17.,205.));
#2843 = B_SPLINE_CURVE_WITH_KNOTS('',7,(#2844,#2845,#2846,#2847,#2848,
    #2849,#2850,#2851,#2852,#2853,#2854,#2855,#2856,#2857),
  .UNSPECIFIED.,.F.,.F.,(8,6,8),(0.,0.506248267502,1.),.UNSPECIFIED.);
#2844 = CARTESIAN_POINT('',(-16.89619409255,17.,205.));
#2845 = CARTESIAN_POINT('',(-16.74413081335,17.155701510313,
    205.06769630883));
#2846 = CARTESIAN_POINT('',(-16.59896216903,17.322572681067,
    205.14024899176));
#2847 = CARTESIAN_POINT('',(-16.4615157027,17.500725024919,
    205.21770653257));
#2848 = CARTESIAN_POINT('',(-16.3328196417,17.690165737092,
    205.3000720596));
#2849 = CARTESIAN_POINT('',(-16.21406869951,17.890748992959,
    205.38728217085));
#2850 = CARTESIAN_POINT('',(-16.10657832931,18.102117912587,
    205.47918170112));
#2851 = CARTESIAN_POINT('',(-15.91921788508,18.539688357478,
    205.66942972064));
#2852 = CARTESIAN_POINT('',(-15.83871076248,18.765443006641,
    205.76758391593));
#2853 = CARTESIAN_POINT('',(-15.77157713941,19.000122356892,
    205.86961841604));
#2854 = CARTESIAN_POINT('',(-15.71918951281,19.242621121016,
    205.97505266131));
#2855 = CARTESIAN_POINT('',(-15.68280260829,19.491458299159,
    206.08324273876));
#2856 = CARTESIAN_POINT('',(-15.6634439805,19.744730693694,
    206.19336117117));
#2857 = CARTESIAN_POINT('',(-15.66159420289,20.,206.30434782608));
#2858 = ORIENTED_EDGE('',*,*,#2859,.F.);
#2859 = EDGE_CURVE('',#2730,#2841,#2860,.T.);
#2860 = B_SPLINE_CURVE_WITH_KNOTS('',7,(#2861,#2862,#2863,#2864,#2865,
    #2866,#2867,#2868,#2869,#2870,#2871,#2872,#2873,#2874,#2875,#2876,
    #2877,#2878,#2879,#2880,#2881,#2882,#2883,#2884,#2885,#2886,#2887,
    #2888,#2889,#2890,#2891,#2892),.UNSPECIFIED.,.F.,.F.,(8,6,6,6,6,8),(
    0.,0.302781766017,0.442699722972,0.540578990681,0.787094537434,1.),
  .UNSPECIFIED.);
#2861 = CARTESIAN_POINT('',(-23.10380590744,17.,205.));
#2862 = CARTESIAN_POINT('',(-22.876754483,16.768623177611,
    204.85276020393));
#2863 = CARTESIAN_POINT('',(-22.63035063326,16.55777647269,
    204.71858502807));
#2864 = CARTESIAN_POINT('',(-22.36784997459,16.370283817425,
    204.59927152018));
#2865 = CARTESIAN_POINT('',(-22.09269503841,16.207621511972,
    204.49575914398));
#2866 = CARTESIAN_POINT('',(-21.80819161256,16.070497935761,
    204.40849868639));
#2867 = CARTESIAN_POINT('',(-21.51746471681,15.959006519545,
    204.33754960334));
#2868 = CARTESIAN_POINT('',(-21.08749236531,15.832948576951,
    204.2573309126));
#2869 = CARTESIAN_POINT('',(-20.9508335836,15.798490418092,
    204.23540299333));
#2870 = CARTESIAN_POINT('',(-20.81366431383,15.769377976373,
    204.21687689405));
#2871 = CARTESIAN_POINT('',(-20.67622026074,15.745558714741,
    204.2017191821));
#2872 = CARTESIAN_POINT('',(-20.53872013973,15.72696908192,
    204.18988941576));
#2873 = CARTESIAN_POINT('',(-20.40136588329,15.713538526965,
    204.18134269897));
#2874 = CARTESIAN_POINT('',(-20.16848871458,15.699355780078,
    204.17231731459));
#2875 = CARTESIAN_POINT('',(-20.07279731653,15.696006759847,
    204.1701861199));
#2876 = CARTESIAN_POINT('',(-19.97733225588,15.695121177389,
    204.16962256743));
#2877 = CARTESIAN_POINT('',(-19.88215435147,15.696673018173,
    204.17061010247));
#2878 = CARTESIAN_POINT('',(-19.78732172455,15.700635839515,
    204.17313189787));
#2879 = CARTESIAN_POINT('',(-19.69288988499,15.706983081235,
    204.17717105169));
#2880 = CARTESIAN_POINT('',(-19.36222170715,15.737613249945,
    204.19666297723));
#2881 = CARTESIAN_POINT('',(-19.12843349953,15.774493490248,
    204.22013222106));
#2882 = CARTESIAN_POINT('',(-18.89836025066,15.825905697042,
    204.25284907993));
#2883 = CARTESIAN_POINT('',(-18.67278263484,15.891440431233,
    204.29455300169));
#2884 = CARTESIAN_POINT('',(-18.45245001778,15.970693457932,
    204.34498674595));
#2885 = CARTESIAN_POINT('',(-18.23808442633,16.063267645343,
    204.40389759249));
#2886 = CARTESIAN_POINT('',(-17.85100794412,16.259917020404,
    204.52903810389));
#2887 = CARTESIAN_POINT('',(-17.67661950757,16.360694492724,
    204.59316922264));
#2888 = CARTESIAN_POINT('',(-17.50768329149,16.470866913912,
    204.66327894521));
#2889 = CARTESIAN_POINT('',(-17.34467708498,16.590173483682,
    204.73920130779));
#2890 = CARTESIAN_POINT('',(-17.18809188165,16.718336794678,
    204.82075977843));
#2891 = CARTESIAN_POINT('',(-17.03842848148,16.855056003209,
    204.90776291113));
#2892 = CARTESIAN_POINT('',(-16.89619409255,17.,205.));
#2893 = CONICAL_SURFACE('',#2894,4.,1.666512371394E-02);
#2894 = AXIS2_PLACEMENT_3D('',#2895,#2896,#2897);
#2895 = CARTESIAN_POINT('',(-20.,20.,186.));
#2896 = DIRECTION('',(0.,0.,1.));
#2897 = DIRECTION('',(1.,0.,0.));
#2898 = ADVANCED_FACE('',(#2899),#3080,.F.);
#2899 = FACE_BOUND('',#2900,.F.);
#2900 = EDGE_LOOP('',(#2901,#2914,#2920,#2921,#2922,#2923,#2924,#3015));
#2901 = ORIENTED_EDGE('',*,*,#2902,.F.);
#2902 = EDGE_CURVE('',#2903,#2905,#2907,.T.);
#2903 = VERTEX_POINT('',#2904);
#2904 = CARTESIAN_POINT('',(-35.69393939393,16.,204.36363636363));
#2905 = VERTEX_POINT('',#2906);
#2906 = CARTESIAN_POINT('',(-35.80076065089,17.,205.));
#2907 = B_SPLINE_CURVE_WITH_KNOTS('',5,(#2908,#2909,#2910,#2911,#2912,
    #2913),.UNSPECIFIED.,.F.,.F.,(6,6),(0.,1.),
  .PIECEWISE_BEZIER_KNOTS.);
#2908 = CARTESIAN_POINT('',(-35.69393939393,16.,204.36363636363));
#2909 = CARTESIAN_POINT('',(-35.69185454872,16.196571127815,
    204.48872708133));
#2910 = CARTESIAN_POINT('',(-35.70095948182,16.395711560563,
    204.61545281126));
#2911 = CARTESIAN_POINT('',(-35.72182013446,16.596667945201,
    204.74333414694));
#2912 = CARTESIAN_POINT('',(-35.75496950852,16.798486159594,
    204.87176391974));
#2913 = CARTESIAN_POINT('',(-35.80076065089,17.,205.));
#2914 = ORIENTED_EDGE('',*,*,#2915,.F.);
#2915 = EDGE_CURVE('',#836,#2903,#2916,.T.);
#2916 = LINE('',#2917,#2918);
#2917 = CARTESIAN_POINT('',(-36.,16.,186.));
#2918 = VECTOR('',#2919,1.);
#2919 = DIRECTION('',(1.666435233399E-02,-4.081589149138E-18,
    0.99986114004));
#2920 = ORIENTED_EDGE('',*,*,#937,.T.);
#2921 = ORIENTED_EDGE('',*,*,#2137,.T.);
#2922 = ORIENTED_EDGE('',*,*,#835,.T.);
#2923 = ORIENTED_EDGE('',*,*,#2915,.T.);
#2924 = ORIENTED_EDGE('',*,*,#2925,.F.);
#2925 = EDGE_CURVE('',#2926,#2903,#2928,.T.);
#2926 = VERTEX_POINT('',#2927);
#2927 = CARTESIAN_POINT('',(-44.19923934911,17.,205.));
#2928 = B_SPLINE_CURVE_WITH_KNOTS('',7,(#2929,#2930,#2931,#2932,#2933,
    #2934,#2935,#2936,#2937,#2938,#2939,#2940,#2941,#2942,#2943,#2944,
    #2945,#2946,#2947,#2948,#2949,#2950,#2951,#2952,#2953,#2954,#2955,
    #2956,#2957,#2958,#2959,#2960,#2961,#2962,#2963,#2964,#2965,#2966,
    #2967,#2968,#2969,#2970,#2971,#2972,#2973,#2974,#2975,#2976,#2977,
    #2978,#2979,#2980,#2981,#2982,#2983,#2984,#2985,#2986,#2987,#2988,
    #2989,#2990,#2991,#2992,#2993,#2994,#2995,#2996,#2997,#2998,#2999,
    #3000,#3001,#3002,#3003,#3004,#3005,#3006,#3007,#3008,#3009,#3010,
    #3011,#3012,#3013,#3014),.UNSPECIFIED.,.F.,.F.,(8,6,6,6,6,6,6,6,6,6,
    6,6,6,6,8),(0.,0.149595176399,0.200465106334,0.22858528536,
    0.287551301602,0.349930475587,0.380719866476,0.437872990237,
    0.509133482196,0.562864834973,0.603287659138,0.710750439891,
    0.852886288775,0.912855519631,1.),.UNSPECIFIED.);
#2929 = CARTESIAN_POINT('',(-44.19923934911,17.,205.));
#2930 = CARTESIAN_POINT('',(-44.26413864417,16.714396594792,
    204.8182523785));
#2931 = CARTESIAN_POINT('',(-44.30720965112,16.419984956405,
    204.63089951771));
#2932 = CARTESIAN_POINT('',(-44.3271847663,16.117505535721,
    204.43841261364));
#2933 = CARTESIAN_POINT('',(-44.32234127434,15.80820756412,
    204.24158663171));
#2934 = CARTESIAN_POINT('',(-44.29078644606,15.493915527591,
    204.04158260846));
#2935 = CARTESIAN_POINT('',(-44.23061302575,15.177059663377,
    203.83994705851));
#2936 = CARTESIAN_POINT('',(-44.10929974872,14.753156612106,
    203.57019057134));
#2937 = CARTESIAN_POINT('',(-44.07501596028,14.64568542817,
    203.50179981792));
#2938 = CARTESIAN_POINT('',(-44.0371751498,14.538454408913,
    203.43356189658));
#2939 = CARTESIAN_POINT('',(-43.99572817078,14.431622935824,
    203.36557823188));
#2940 = CARTESIAN_POINT('',(-43.95063928422,14.325367116876,
    203.29796089255));
#2941 = CARTESIAN_POINT('',(-43.9018910796,14.219879043665,
    203.23083211869));
#2942 = CARTESIAN_POINT('',(-43.82052248482,14.057592740511,
    203.12755901668));
#2943 = CARTESIAN_POINT('',(-43.79043925618,14.000117501274,
    203.09098386444));
#2944 = CARTESIAN_POINT('',(-43.75924092502,13.942975622421,
    203.05462085063));
#2945 = CARTESIAN_POINT('',(-43.72693084646,13.886203563095,
    203.01849317651));
#2946 = CARTESIAN_POINT('',(-43.69351481506,13.82983883769,
    202.98262471489));
#2947 = CARTESIAN_POINT('',(-43.65900136436,13.773919903533,
    202.94703993861));
#2948 = CARTESIAN_POINT('',(-43.54875286954,13.602245195701,
    202.83779239726));
#2949 = CARTESIAN_POINT('',(-43.46932076209,13.488124742244,
    202.76517029051));
#2950 = CARTESIAN_POINT('',(-43.38522262072,13.376504650292,
    202.69413932291));
#2951 = CARTESIAN_POINT('',(-43.29662173864,13.267755682553,
    202.62493543435));
#2952 = CARTESIAN_POINT('',(-43.2037332472,13.162234554069,
    202.55778562531));
#2953 = CARTESIAN_POINT('',(-43.10682953735,13.060279083944,
    202.4929048716));
#2954 = CARTESIAN_POINT('',(-42.89983968215,12.858450646034,
    202.36446859293));
#2955 = CARTESIAN_POINT('',(-42.78929468194,12.759019471943,
    202.30119420941));
#2956 = CARTESIAN_POINT('',(-42.675007498,12.664285845098,
    202.24090917415));
#2957 = CARTESIAN_POINT('',(-42.55739994081,12.574539345842,
    202.18379776553));
#2958 = CARTESIAN_POINT('',(-42.4369092345,12.489996204763,
    202.12999758484));
#2959 = CARTESIAN_POINT('',(-42.31398169608,12.410808375159,
    202.07960532964));
#2960 = CARTESIAN_POINT('',(-42.12741503991,12.300671774678,
    202.00951840206));
#2961 = CARTESIAN_POINT('',(-42.06527270656,12.265599760304,
    201.98719984746));
#2962 = CARTESIAN_POINT('',(-42.00269408286,12.231862312115,
    201.96573056225));
#2963 = CARTESIAN_POINT('',(-41.93972889728,12.199465006461,
    201.94511409502));
#2964 = CARTESIAN_POINT('',(-41.87642506621,12.16840972936,
    201.92535164595));
#2965 = CARTESIAN_POINT('',(-41.81282856307,12.138695177253,
    201.90644238552));
#2966 = CARTESIAN_POINT('',(-41.63046983751,12.05764073824,
    201.85486228797));
#2967 = CARTESIAN_POINT('',(-41.5111006176,12.009570901605,
    201.82427239193));
#2968 = CARTESIAN_POINT('',(-41.39115278684,11.966079548241,
    201.79659607615));
#2969 = CARTESIAN_POINT('',(-41.27087627727,11.92710739329,
    201.77179561391));
#2970 = CARTESIAN_POINT('',(-41.15049357766,11.89257226471,
    201.7498187139));
#2971 = CARTESIAN_POINT('',(-41.03019951719,11.862377201328,
    201.73060367357));
#2972 = CARTESIAN_POINT('',(-40.76049293458,11.80405240746,
    201.69348789565));
#2973 = CARTESIAN_POINT('',(-40.61123046797,11.778273804845,
    201.67708333035));
#2974 = CARTESIAN_POINT('',(-40.4626863329,11.758876704099,
    201.66473972079));
#2975 = CARTESIAN_POINT('',(-40.31512812713,11.745644573242,
    201.65631927388));
#2976 = CARTESIAN_POINT('',(-40.16878047022,11.738358770201,
    201.65168285376));
#2977 = CARTESIAN_POINT('',(-40.02382711109,11.736806925749,
    201.65069531638));
#2978 = CARTESIAN_POINT('',(-39.77227692701,11.743795617233,
    201.65514266551));
#2979 = CARTESIAN_POINT('',(-39.66502014323,11.749947293464,
    201.65905736856));
#2980 = CARTESIAN_POINT('',(-39.55870688037,11.759161095823,
    201.66492069734));
#2981 = CARTESIAN_POINT('',(-39.45339517399,11.771355681176,
    201.67268088802));
#2982 = CARTESIAN_POINT('',(-39.34913710594,11.786454012381,
    201.68228891697));
#2983 = CARTESIAN_POINT('',(-39.24597901137,11.8043837481,
    201.69369874879));
#2984 = CARTESIAN_POINT('',(-39.06721267028,11.840645922099,
    201.71677467769));
#2985 = CARTESIAN_POINT('',(-38.99111007483,11.857778504026,
    201.72767722983));
#2986 = CARTESIAN_POINT('',(-38.91567167115,11.876446647412,
    201.73955695744));
#2987 = CARTESIAN_POINT('',(-38.84091448581,11.896623008612,
    201.75239646002));
#2988 = CARTESIAN_POINT('',(-38.76685480018,11.918281631316,
    201.76617921992));
#2989 = CARTESIAN_POINT('',(-38.69350815037,11.941397946546,
    201.78088960234));
#2990 = CARTESIAN_POINT('',(-38.42783451654,12.031216355975,
    201.83804677198));
#2991 = CARTESIAN_POINT('',(-38.23993926306,12.106616949911,
    201.88602896812));
#2992 = CARTESIAN_POINT('',(-38.05745925597,12.191719788544,
    201.94018531998));
#2993 = CARTESIAN_POINT('',(-37.88066717086,12.286153687619,
    202.00027961939));
#2994 = CARTESIAN_POINT('',(-37.70984284798,12.389590189202,
    202.06610284767));
#2995 = CARTESIAN_POINT('',(-37.54527147002,12.501739414044,
    202.13747053621));
#2996 = CARTESIAN_POINT('',(-37.17824200019,12.78189584333,
    202.3157519003));
#2997 = CARTESIAN_POINT('',(-36.9807446003,12.956210365125,
    202.42667932326));
#2998 = CARTESIAN_POINT('',(-36.79541981171,13.1447380059,202.5466514583
    ));
#2999 = CARTESIAN_POINT('',(-36.62310776368,13.346953802865,
    202.67533423818));
#3000 = CARTESIAN_POINT('',(-36.46477271382,13.562313474947,
    202.81238130223));
#3001 = CARTESIAN_POINT('',(-36.32148826013,13.79023092539,
    202.95741967979));
#3002 = CARTESIAN_POINT('',(-36.14086700965,14.131292650922,
    203.17445895967));
#3003 = CARTESIAN_POINT('',(-36.09017126177,14.23461075312,
    203.24020684289));
#3004 = CARTESIAN_POINT('',(-36.04246659706,14.33999456229,
    203.30726926691));
#3005 = CARTESIAN_POINT('',(-35.99785087718,14.44738682029,
    203.37560979473));
#3006 = CARTESIAN_POINT('',(-35.95642678095,14.556724014584,
    203.44518800928));
#3007 = CARTESIAN_POINT('',(-35.91830110689,14.66793585405,
    203.51595917985));
#3008 = CARTESIAN_POINT('',(-35.83313491055,14.94516397723,
    203.69237707641));
#3009 = CARTESIAN_POINT('',(-35.78988525427,15.113172782713,
    203.79929177081));
#3010 = CARTESIAN_POINT('',(-35.75417159644,15.284736168387,
    203.90846847079));
#3011 = CARTESIAN_POINT('',(-35.72635241075,15.459569349346,
    204.01972594958));
#3012 = CARTESIAN_POINT('',(-35.70679687926,15.637333323198,
    204.13284847839));
#3013 = CARTESIAN_POINT('',(-35.69587361656,15.817630444635,
    204.24758301022));
#3014 = CARTESIAN_POINT('',(-35.69393939393,16.,204.36363636363));
#3015 = ORIENTED_EDGE('',*,*,#3016,.F.);
#3016 = EDGE_CURVE('',#2905,#2926,#3017,.T.);
#3017 = B_SPLINE_CURVE_WITH_KNOTS('',6,(#3018,#3019,#3020,#3021,#3022,
    #3023,#3024,#3025,#3026,#3027,#3028,#3029,#3030,#3031,#3032,#3033,
    #3034,#3035,#3036,#3037,#3038,#3039,#3040,#3041,#3042,#3043,#3044,
    #3045,#3046,#3047,#3048,#3049,#3050,#3051,#3052,#3053,#3054,#3055,
    #3056,#3057,#3058,#3059,#3060,#3061,#3062,#3063,#3064,#3065,#3066,
    #3067,#3068,#3069,#3070,#3071,#3072,#3073,#3074,#3075,#3076,#3077,
    #3078,#3079),.UNSPECIFIED.,.F.,.F.,(7,5,5,5,5,5,5,5,5,5,5,5,7),(0.,
    2.957095462092E-02,0.111013546732,0.152739969209,0.23223520593,
    0.336037128966,0.41763524415,0.479153344133,0.639484435121,
    0.78616710359,0.840662469714,0.911023132435,1.),.UNSPECIFIED.);
#3018 = CARTESIAN_POINT('',(-35.80076065089,17.,205.));
#3019 = CARTESIAN_POINT('',(-35.81611425874,17.066555338093,
    205.02893710351));
#3020 = CARTESIAN_POINT('',(-35.83276068072,17.132936043838,
    205.05779827992));
#3021 = CARTESIAN_POINT('',(-35.85069598384,17.199086462271,
    205.08655933142));
#3022 = CARTESIAN_POINT('',(-35.86991204518,17.264951274971,
    205.1151962065));
#3023 = CARTESIAN_POINT('',(-35.89039655188,17.330475500056,
    205.14368500002));
#3024 = CARTESIAN_POINT('',(-35.97199825721,17.574978949616,
    205.24999084765));
#3025 = CARTESIAN_POINT('',(-36.04136992695,17.751386272544,
    205.32668968371));
#3026 = CARTESIAN_POINT('',(-36.11988640285,17.923622282183,
    205.40157490529));
#3027 = CARTESIAN_POINT('',(-36.20697500001,18.090693882585,
    205.47421473155));
#3028 = CARTESIAN_POINT('',(-36.30192649019,18.251779074251,
    205.54425177141));
#3029 = CARTESIAN_POINT('',(-36.45617082618,18.485340221358,
    205.64580009624));
#3030 = CARTESIAN_POINT('',(-36.51027834799,18.562728343911,
    205.67944710604));
#3031 = CARTESIAN_POINT('',(-36.56613462174,18.638298379853,
    205.71230364341));
#3032 = CARTESIAN_POINT('',(-36.62363290206,18.711985039453,
    205.7443413215));
#3033 = CARTESIAN_POINT('',(-36.68266660723,18.783737321172,
    205.77553796572));
#3034 = CARTESIAN_POINT('',(-36.85832605571,18.98645582632,
    205.86367644622));
#3035 = CARTESIAN_POINT('',(-36.97871157912,19.112228433228,
    205.91836018836));
#3036 = CARTESIAN_POINT('',(-37.10357419141,19.230579419876,
    205.96981713907));
#3037 = CARTESIAN_POINT('',(-37.23223831126,19.34140857156,
    206.01800372676));
#3038 = CARTESIAN_POINT('',(-37.36409121764,19.444726545204,
    206.06292458487));
#3039 = CARTESIAN_POINT('',(-37.67425438862,19.665814048531,
    206.15904958631));
#3040 = CARTESIAN_POINT('',(-37.85442064633,19.77832820082,
    206.20796878296));
#3041 = CARTESIAN_POINT('',(-38.03796485361,19.878359295,206.25146056304
    ));
#3042 = CARTESIAN_POINT('',(-38.2239007835,19.966233266535,
    206.28966663762));
#3043 = CARTESIAN_POINT('',(-38.41141130244,20.042340637281,
    206.32275679881));
#3044 = CARTESIAN_POINT('',(-38.7480021196,20.157972509913,
    206.37303152604));
#3045 = CARTESIAN_POINT('',(-38.89671064255,20.20183571161,
    206.3921024833));
#3046 = CARTESIAN_POINT('',(-39.04567043252,20.23886276259,
    206.40820120112));
#3047 = CARTESIAN_POINT('',(-39.19459959326,20.269241331689,
    206.42140927464));
#3048 = CARTESIAN_POINT('',(-39.34325156006,20.293150983151,
    206.43180477528));
#3049 = CARTESIAN_POINT('',(-39.60311800711,20.324035463849,
    206.44523281036));
#3050 = CARTESIAN_POINT('',(-39.71454092514,20.333729431737,
    206.44944757901));
#3051 = CARTESIAN_POINT('',(-39.82559174553,20.339913685353,
    206.45213638493));
#3052 = CARTESIAN_POINT('',(-39.93618450459,20.342655847327,
    206.45332862927));
#3053 = CARTESIAN_POINT('',(-40.04623943392,20.342019238474,
    206.45305184281));
#3054 = CARTESIAN_POINT('',(-40.44091933813,20.327751642161,
    206.44684854007));
#3055 = CARTESIAN_POINT('',(-40.72195878344,20.294892455086,
    206.43256193699));
#3056 = CARTESIAN_POINT('',(-40.99757233215,20.240536339629,
    206.40892884331));
#3057 = CARTESIAN_POINT('',(-41.2665819526,20.165494744719,
    206.37630206292));
#3058 = CARTESIAN_POINT('',(-41.5278920473,20.070460863823,
    206.33498298427));
#3059 = CARTESIAN_POINT('',(-42.0114986162,19.851058041066,
    206.23959045263));
#3060 = CARTESIAN_POINT('',(-42.23517078051,19.729898423311,
    206.18691235796));
#3061 = CARTESIAN_POINT('',(-42.4506534751,19.592763254271,
    206.12728837142));
#3062 = CARTESIAN_POINT('',(-42.6570125752,19.439910283335,
    206.06083055797));
#3063 = CARTESIAN_POINT('',(-42.85322028017,19.2715557418,
    205.98763293121));
#3064 = CARTESIAN_POINT('',(-43.10678654367,19.019507056821,
    205.87804654644));
#3065 = CARTESIAN_POINT('',(-43.1739064199,18.949106446273,
    205.84743758533));
#3066 = CARTESIAN_POINT('',(-43.23939791703,18.876586870766,
    205.81590733511));
#3067 = CARTESIAN_POINT('',(-43.30319433533,18.801954615366,
    205.78345852842));
#3068 = CARTESIAN_POINT('',(-43.36522417337,18.725215878285,
    205.75009386012));
#3069 = CARTESIAN_POINT('',(-43.50312037776,18.544585146396,
    205.6715587593));
#3070 = CARTESIAN_POINT('',(-43.57775610298,18.43929410158,
    205.62578004416));
#3071 = CARTESIAN_POINT('',(-43.64915509652,18.330514675409,
    205.57848464148));
#3072 = CARTESIAN_POINT('',(-43.71713523717,18.218264597793,
    205.52968025991));
#3073 = CARTESIAN_POINT('',(-43.78149548973,18.102568289587,
    205.47937751721));
#3074 = CARTESIAN_POINT('',(-43.91854896701,17.832830628329,
    205.36210027318));
#3075 = CARTESIAN_POINT('',(-43.98893563401,17.676754902053,
    205.29424126176));
#3076 = CARTESIAN_POINT('',(-44.05273794652,17.515282394069,
    205.2240358235));
#3077 = CARTESIAN_POINT('',(-44.10944366563,17.348527279473,
    205.15153359977));
#3078 = CARTESIAN_POINT('',(-44.15848200268,17.176676322354,
    205.07681579232));
#3079 = CARTESIAN_POINT('',(-44.19923934911,17.,205.));
#3080 = CONICAL_SURFACE('',#3081,4.,1.666512371394E-02);
#3081 = AXIS2_PLACEMENT_3D('',#3082,#3083,#3084);
#3082 = CARTESIAN_POINT('',(-40.,16.,186.));
#3083 = DIRECTION('',(0.,0.,1.));
#3084 = DIRECTION('',(1.,0.,0.));
#3085 = ADVANCED_FACE('',(#3086),#3097,.T.);
#3086 = FACE_BOUND('',#3087,.T.);
#3087 = EDGE_LOOP('',(#3088,#3089,#3090,#3096));
#3088 = ORIENTED_EDGE('',*,*,#1427,.T.);
#3089 = ORIENTED_EDGE('',*,*,#1932,.T.);
#3090 = ORIENTED_EDGE('',*,*,#3091,.F.);
#3091 = EDGE_CURVE('',#1859,#1933,#3092,.T.);
#3092 = LINE('',#3093,#3094);
#3093 = CARTESIAN_POINT('',(63.,36.,212.));
#3094 = VECTOR('',#3095,1.);
#3095 = DIRECTION('',(-0.707106781187,0.707106781187,0.));
#3096 = ORIENTED_EDGE('',*,*,#1858,.F.);
#3097 = B_SPLINE_SURFACE_WITH_KNOTS('',1,1,(
    (#3098,#3099)
    ,(#3100,#3101
    )),.UNSPECIFIED.,.F.,.F.,.F.,(2,2),(2,2),(0.,9.899494936612),(0.,1.)
  ,.PIECEWISE_BEZIER_KNOTS.);
#3098 = CARTESIAN_POINT('',(54.,15.,202.));
#3099 = CARTESIAN_POINT('',(63.,36.,212.));
#3100 = CARTESIAN_POINT('',(49.,20.,202.));
#3101 = CARTESIAN_POINT('',(56.,43.,212.));
#3102 = ADVANCED_FACE('',(#3103),#3147,.T.);
#3103 = FACE_BOUND('',#3104,.T.);
#3104 = EDGE_LOOP('',(#3105,#3106,#3113,#3120,#3126,#3127,#3135,#3142));
#3105 = ORIENTED_EDGE('',*,*,#1526,.F.);
#3106 = ORIENTED_EDGE('',*,*,#3107,.F.);
#3107 = EDGE_CURVE('',#3108,#1520,#3110,.T.);
#3108 = VERTEX_POINT('',#3109);
#3109 = CARTESIAN_POINT('',(17.561737618886,-8.6645925281,147.2493900951
    ));
#3110 = B_SPLINE_CURVE_WITH_KNOTS('',1,(#3111,#3112),.UNSPECIFIED.,.F.,
  .F.,(2,2),(0.,1.),.PIECEWISE_BEZIER_KNOTS.);
#3111 = CARTESIAN_POINT('',(17.561737618886,-8.6645925281,147.2493900951
    ));
#3112 = CARTESIAN_POINT('',(13.,-10.34932517143,152.95156211871));
#3113 = ORIENTED_EDGE('',*,*,#3114,.F.);
#3114 = EDGE_CURVE('',#3115,#3108,#3117,.T.);
#3115 = VERTEX_POINT('',#3116);
#3116 = CARTESIAN_POINT('',(14.75,-8.,145.));
#3117 = B_SPLINE_CURVE_WITH_KNOTS('',1,(#3118,#3119),.UNSPECIFIED.,.F.,
  .F.,(2,2),(0.,1.),.PIECEWISE_BEZIER_KNOTS.);
#3118 = CARTESIAN_POINT('',(14.75,-8.,145.));
#3119 = CARTESIAN_POINT('',(17.561737618886,-8.6645925281,147.2493900951
    ));
#3120 = ORIENTED_EDGE('',*,*,#3121,.T.);
#3121 = EDGE_CURVE('',#3115,#1443,#3122,.T.);
#3122 = LINE('',#3123,#3124);
#3123 = CARTESIAN_POINT('',(13.,-8.,145.));
#3124 = VECTOR('',#3125,1.);
#3125 = DIRECTION('',(1.,0.,0.));
#3126 = ORIENTED_EDGE('',*,*,#1442,.T.);
#3127 = ORIENTED_EDGE('',*,*,#3128,.T.);
#3128 = EDGE_CURVE('',#1445,#3129,#3131,.T.);
#3129 = VERTEX_POINT('',#3130);
#3130 = CARTESIAN_POINT('',(14.75,-20.40909090909,187.));
#3131 = LINE('',#3132,#3133);
#3132 = CARTESIAN_POINT('',(13.,-20.40909090909,187.));
#3133 = VECTOR('',#3134,1.);
#3134 = DIRECTION('',(-1.,0.,0.));
#3135 = ORIENTED_EDGE('',*,*,#3136,.F.);
#3136 = EDGE_CURVE('',#3137,#3129,#3139,.T.);
#3137 = VERTEX_POINT('',#3138);
#3138 = CARTESIAN_POINT('',(17.561737618886,-19.74449838099,
    184.75060990489));
#3139 = B_SPLINE_CURVE_WITH_KNOTS('',1,(#3140,#3141),.UNSPECIFIED.,.F.,
  .F.,(2,2),(0.,1.),.PIECEWISE_BEZIER_KNOTS.);
#3140 = CARTESIAN_POINT('',(17.561737618886,-19.74449838099,
    184.75060990489));
#3141 = CARTESIAN_POINT('',(14.75,-20.40909090909,187.));
#3142 = ORIENTED_EDGE('',*,*,#3143,.F.);
#3143 = EDGE_CURVE('',#1527,#3137,#3144,.T.);
#3144 = B_SPLINE_CURVE_WITH_KNOTS('',1,(#3145,#3146),.UNSPECIFIED.,.F.,
  .F.,(2,2),(0.,1.),.PIECEWISE_BEZIER_KNOTS.);
#3145 = CARTESIAN_POINT('',(13.,-18.05976573765,179.04843788128));
#3146 = CARTESIAN_POINT('',(17.561737618886,-19.74449838099,
    184.75060990489));
#3147 = PLANE('',#3148);
#3148 = AXIS2_PLACEMENT_3D('',#3149,#3150,#3151);
#3149 = CARTESIAN_POINT('',(13.,-21.,189.));
#3150 = DIRECTION('',(0.,-0.959017708059,-0.283346141017));
#3151 = DIRECTION('',(1.,0.,0.));
#3152 = ADVANCED_FACE('',(#3153),#3178,.T.);
#3153 = FACE_BOUND('',#3154,.T.);
#3154 = EDGE_LOOP('',(#3155,#3163,#3164,#3172));
#3155 = ORIENTED_EDGE('',*,*,#3156,.F.);
#3156 = EDGE_CURVE('',#1496,#3157,#3159,.T.);
#3157 = VERTEX_POINT('',#3158);
#3158 = CARTESIAN_POINT('',(13.,4.,147.));
#3159 = LINE('',#3160,#3161);
#3160 = CARTESIAN_POINT('',(13.,-8.,147.));
#3161 = VECTOR('',#3162,1.);
#3162 = DIRECTION('',(0.,1.,0.));
#3163 = ORIENTED_EDGE('',*,*,#1495,.F.);
#3164 = ORIENTED_EDGE('',*,*,#3165,.T.);
#3165 = EDGE_CURVE('',#1460,#3166,#3168,.T.);
#3166 = VERTEX_POINT('',#3167);
#3167 = CARTESIAN_POINT('',(19.,4.,147.));
#3168 = LINE('',#3169,#3170);
#3169 = CARTESIAN_POINT('',(19.,-8.,147.));
#3170 = VECTOR('',#3171,1.);
#3171 = DIRECTION('',(0.,1.,0.));
#3172 = ORIENTED_EDGE('',*,*,#3173,.F.);
#3173 = EDGE_CURVE('',#3157,#3166,#3174,.T.);
#3174 = LINE('',#3175,#3176);
#3175 = CARTESIAN_POINT('',(13.,4.,147.));
#3176 = VECTOR('',#3177,1.);
#3177 = DIRECTION('',(1.,0.,0.));
#3178 = PLANE('',#3179);
#3179 = AXIS2_PLACEMENT_3D('',#3180,#3181,#3182);
#3180 = CARTESIAN_POINT('',(13.,-8.,147.));
#3181 = DIRECTION('',(0.,0.,1.));
#3182 = DIRECTION('',(1.,0.,0.));
#3183 = ADVANCED_FACE('',(#3184),#3216,.T.);
#3184 = FACE_BOUND('',#3185,.T.);
#3185 = EDGE_LOOP('',(#3186,#3195,#3203,#3208,#3209,#3210));
#3186 = ORIENTED_EDGE('',*,*,#3187,.F.);
#3187 = EDGE_CURVE('',#3188,#3190,#3192,.T.);
#3188 = VERTEX_POINT('',#3189);
#3189 = CARTESIAN_POINT('',(2.561249694973,-14.3488372093,166.));
#3190 = VERTEX_POINT('',#3191);
#3191 = CARTESIAN_POINT('',(2.561249694973,-2.348837209302,166.));
#3192 = B_SPLINE_CURVE_WITH_KNOTS('',1,(#3193,#3194),.UNSPECIFIED.,.F.,
  .F.,(2,2),(0.,1.),.PIECEWISE_BEZIER_KNOTS.);
#3193 = CARTESIAN_POINT('',(2.561249694973,-14.3488372093,166.));
#3194 = CARTESIAN_POINT('',(2.561249694973,-2.348837209302,166.));
#3195 = ORIENTED_EDGE('',*,*,#3196,.T.);
#3196 = EDGE_CURVE('',#3188,#3197,#3199,.T.);
#3197 = VERTEX_POINT('',#3198);
#3198 = CARTESIAN_POINT('',(17.561737618886,-8.680048168289,
    147.2493900951));
#3199 = LINE('',#3200,#3201);
#3200 = CARTESIAN_POINT('',(-14.43826238111,-20.7730714241,
    187.2493900951));
#3201 = VECTOR('',#3202,1.);
#3202 = DIRECTION('',(0.607982649232,0.229760884884,-0.75997831154));
#3203 = ORIENTED_EDGE('',*,*,#3204,.T.);
#3204 = EDGE_CURVE('',#3197,#3108,#3205,.T.);
#3205 = B_SPLINE_CURVE_WITH_KNOTS('',1,(#3206,#3207),.UNSPECIFIED.,.F.,
  .F.,(2,2),(0.,1.),.PIECEWISE_BEZIER_KNOTS.);
#3206 = CARTESIAN_POINT('',(17.561737618886,-8.680048168289,
    147.2493900951));
#3207 = CARTESIAN_POINT('',(17.561737618886,3.319951831711,
    147.2493900951));
#3208 = ORIENTED_EDGE('',*,*,#3107,.T.);
#3209 = ORIENTED_EDGE('',*,*,#1517,.F.);
#3210 = ORIENTED_EDGE('',*,*,#3211,.F.);
#3211 = EDGE_CURVE('',#3190,#1518,#3212,.T.);
#3212 = LINE('',#3213,#3214);
#3213 = CARTESIAN_POINT('',(-14.43826238111,-8.773071424103,
    187.2493900951));
#3214 = VECTOR('',#3215,1.);
#3215 = DIRECTION('',(0.607982649232,0.229760884884,-0.75997831154));
#3216 = B_SPLINE_SURFACE_WITH_KNOTS('',1,1,(
    (#3217,#3218)
    ,(#3219,#3220
    )),.UNSPECIFIED.,.F.,.F.,.F.,(2,2),(2,2),(0.,52.633080961176),(0.,1.
    ),.PIECEWISE_BEZIER_KNOTS.);
#3217 = CARTESIAN_POINT('',(-14.43826238111,-20.7730714241,
    187.2493900951));
#3218 = CARTESIAN_POINT('',(-14.43826238111,-8.773071424103,
    187.2493900951));
#3219 = CARTESIAN_POINT('',(17.561737618886,-8.680048168289,
    147.2493900951));
#3220 = CARTESIAN_POINT('',(17.561737618886,3.319951831711,
    147.2493900951));
#3221 = ADVANCED_FACE('',(#3222),#3238,.T.);
#3222 = FACE_BOUND('',#3223,.T.);
#3223 = EDGE_LOOP('',(#3224,#3225,#3232));
#3224 = ORIENTED_EDGE('',*,*,#1554,.F.);
#3225 = ORIENTED_EDGE('',*,*,#3226,.F.);
#3226 = EDGE_CURVE('',#3227,#1548,#3229,.T.);
#3227 = VERTEX_POINT('',#3228);
#3228 = CARTESIAN_POINT('',(14.238750305027,-20.40909090909,187.));
#3229 = B_SPLINE_CURVE_WITH_KNOTS('',1,(#3230,#3231),.UNSPECIFIED.,.F.,
  .F.,(2,2),(0.,1.),.PIECEWISE_BEZIER_KNOTS.);
#3230 = CARTESIAN_POINT('',(14.238750305027,-20.40909090909,187.));
#3231 = CARTESIAN_POINT('',(13.,-19.95159789871,185.45156211871));
#3232 = ORIENTED_EDGE('',*,*,#3233,.T.);
#3233 = EDGE_CURVE('',#3227,#1555,#3234,.T.);
#3234 = LINE('',#3235,#3236);
#3235 = CARTESIAN_POINT('',(13.,-20.40909090909,187.));
#3236 = VECTOR('',#3237,1.);
#3237 = DIRECTION('',(-1.,0.,0.));
#3238 = PLANE('',#3239);
#3239 = AXIS2_PLACEMENT_3D('',#3240,#3241,#3242);
#3240 = CARTESIAN_POINT('',(13.,-21.,189.));
#3241 = DIRECTION('',(0.,-0.959017708059,-0.283346141017));
#3242 = DIRECTION('',(1.,0.,0.));
#3243 = ADVANCED_FACE('',(#3244),#3276,.T.);
#3244 = FACE_BOUND('',#3245,.T.);
#3245 = EDGE_LOOP('',(#3246,#3255,#3263,#3268,#3269,#3270));
#3246 = ORIENTED_EDGE('',*,*,#3247,.T.);
#3247 = EDGE_CURVE('',#3248,#3250,#3252,.T.);
#3248 = VERTEX_POINT('',#3249);
#3249 = CARTESIAN_POINT('',(8.881784197001E-16,-3.316751338217,
    169.20156211871));
#3250 = VERTEX_POINT('',#3251);
#3251 = CARTESIAN_POINT('',(8.881784197001E-16,-15.31675133821,
    169.20156211871));
#3252 = B_SPLINE_CURVE_WITH_KNOTS('',1,(#3253,#3254),.UNSPECIFIED.,.F.,
  .F.,(2,2),(0.,1.),.PIECEWISE_BEZIER_KNOTS.);
#3253 = CARTESIAN_POINT('',(1.06581410364E-14,-3.316751338217,
    169.20156211871));
#3254 = CARTESIAN_POINT('',(1.06581410364E-14,-15.31675133821,
    169.20156211871));
#3255 = ORIENTED_EDGE('',*,*,#3256,.T.);
#3256 = EDGE_CURVE('',#3250,#3257,#3259,.T.);
#3257 = VERTEX_POINT('',#3258);
#3258 = CARTESIAN_POINT('',(14.238750305027,-20.6976744186,187.));
#3259 = LINE('',#3260,#3261);
#3260 = CARTESIAN_POINT('',(-17.56173761888,-8.680048168289,
    147.2493900951));
#3261 = VECTOR('',#3262,1.);
#3262 = DIRECTION('',(0.607982649232,-0.229760884884,0.75997831154));
#3263 = ORIENTED_EDGE('',*,*,#3264,.T.);
#3264 = EDGE_CURVE('',#3257,#3227,#3265,.T.);
#3265 = B_SPLINE_CURVE_WITH_KNOTS('',1,(#3266,#3267),.UNSPECIFIED.,.F.,
  .F.,(2,2),(0.,1.),.PIECEWISE_BEZIER_KNOTS.);
#3266 = CARTESIAN_POINT('',(14.238750305027,-20.6976744186,187.));
#3267 = CARTESIAN_POINT('',(14.238750305027,-18.0284660616,187.));
#3268 = ORIENTED_EDGE('',*,*,#3226,.T.);
#3269 = ORIENTED_EDGE('',*,*,#1547,.F.);
#3270 = ORIENTED_EDGE('',*,*,#3271,.F.);
#3271 = EDGE_CURVE('',#3248,#1541,#3272,.T.);
#3272 = LINE('',#3273,#3274);
#3273 = CARTESIAN_POINT('',(-17.56173761888,3.319951831711,
    147.2493900951));
#3274 = VECTOR('',#3275,1.);
#3275 = DIRECTION('',(0.607982649232,-0.229760884884,0.75997831154));
#3276 = B_SPLINE_SURFACE_WITH_KNOTS('',1,1,(
    (#3277,#3278)
    ,(#3279,#3280
    )),.UNSPECIFIED.,.F.,.F.,.F.,(2,2),(2,2),(0.,52.633080961176),(0.,1.
    ),.PIECEWISE_BEZIER_KNOTS.);
#3277 = CARTESIAN_POINT('',(-17.56173761888,-8.680048168289,
    147.2493900951));
#3278 = CARTESIAN_POINT('',(-17.56173761888,3.319951831711,
    147.2493900951));
#3279 = CARTESIAN_POINT('',(14.438262381114,-20.7730714241,
    187.2493900951));
#3280 = CARTESIAN_POINT('',(14.438262381114,-8.773071424103,
    187.2493900951));
#3281 = ADVANCED_FACE('',(#3282),#3306,.T.);
#3282 = FACE_BOUND('',#3283,.T.);
#3283 = EDGE_LOOP('',(#3284,#3291,#3297,#3298,#3304,#3305));
#3284 = ORIENTED_EDGE('',*,*,#3285,.F.);
#3285 = EDGE_CURVE('',#3286,#3137,#3288,.T.);
#3286 = VERTEX_POINT('',#3287);
#3287 = CARTESIAN_POINT('',(17.561737618886,-20.01762625031,
    184.75060990489));
#3288 = B_SPLINE_CURVE_WITH_KNOTS('',1,(#3289,#3290),.UNSPECIFIED.,.F.,
  .F.,(2,2),(0.,1.),.PIECEWISE_BEZIER_KNOTS.);
#3289 = CARTESIAN_POINT('',(17.561737618886,-20.01762625031,
    184.75060990489));
#3290 = CARTESIAN_POINT('',(17.561737618886,-8.017626250316,
    184.75060990489));
#3291 = ORIENTED_EDGE('',*,*,#3292,.T.);
#3292 = EDGE_CURVE('',#3286,#3188,#3293,.T.);
#3293 = LINE('',#3294,#3295);
#3294 = CARTESIAN_POINT('',(17.561737618886,-20.01762625031,
    184.75060990489));
#3295 = VECTOR('',#3296,1.);
#3296 = DIRECTION('',(-0.607982649232,0.229760884884,-0.75997831154));
#3297 = ORIENTED_EDGE('',*,*,#3187,.T.);
#3298 = ORIENTED_EDGE('',*,*,#3299,.F.);
#3299 = EDGE_CURVE('',#1534,#3190,#3300,.T.);
#3300 = LINE('',#3301,#3302);
#3301 = CARTESIAN_POINT('',(17.561737618886,-8.017626250316,
    184.75060990489));
#3302 = VECTOR('',#3303,1.);
#3303 = DIRECTION('',(-0.607982649232,0.229760884884,-0.75997831154));
#3304 = ORIENTED_EDGE('',*,*,#1533,.F.);
#3305 = ORIENTED_EDGE('',*,*,#3143,.T.);
#3306 = B_SPLINE_SURFACE_WITH_KNOTS('',1,1,(
    (#3307,#3308)
    ,(#3309,#3310
    )),.UNSPECIFIED.,.F.,.F.,.F.,(2,2),(2,2),(0.,52.633080961176),(0.,1.
    ),.PIECEWISE_BEZIER_KNOTS.);
#3307 = CARTESIAN_POINT('',(17.561737618886,-20.01762625031,
    184.75060990489));
#3308 = CARTESIAN_POINT('',(17.561737618886,-8.017626250316,
    184.75060990489));
#3309 = CARTESIAN_POINT('',(-14.43826238111,-7.924602994502,
    144.75060990489));
#3310 = CARTESIAN_POINT('',(-14.43826238111,4.075397005498,
    144.75060990489));
#3311 = ADVANCED_FACE('',(#3312),#3356,.T.);
#3312 = FACE_BOUND('',#3313,.T.);
#3313 = EDGE_LOOP('',(#3314,#3315,#3323,#3330,#3335,#3336,#3343,#3350));
#3314 = ORIENTED_EDGE('',*,*,#1716,.F.);
#3315 = ORIENTED_EDGE('',*,*,#3316,.T.);
#3316 = EDGE_CURVE('',#1707,#3317,#3319,.T.);
#3317 = VERTEX_POINT('',#3318);
#3318 = CARTESIAN_POINT('',(-14.75,-8.,145.));
#3319 = LINE('',#3320,#3321);
#3320 = CARTESIAN_POINT('',(-19.,-8.,145.));
#3321 = VECTOR('',#3322,1.);
#3322 = DIRECTION('',(1.,0.,0.));
#3323 = ORIENTED_EDGE('',*,*,#3324,.T.);
#3324 = EDGE_CURVE('',#3317,#3325,#3327,.T.);
#3325 = VERTEX_POINT('',#3326);
#3326 = CARTESIAN_POINT('',(-17.56173761888,-8.6645925281,147.2493900951
    ));
#3327 = B_SPLINE_CURVE_WITH_KNOTS('',1,(#3328,#3329),.UNSPECIFIED.,.F.,
  .F.,(2,2),(0.,1.),.PIECEWISE_BEZIER_KNOTS.);
#3328 = CARTESIAN_POINT('',(-14.75,-8.,145.));
#3329 = CARTESIAN_POINT('',(-17.56173761888,-8.6645925281,147.2493900951
    ));
#3330 = ORIENTED_EDGE('',*,*,#3331,.F.);
#3331 = EDGE_CURVE('',#1598,#3325,#3332,.T.);
#3332 = B_SPLINE_CURVE_WITH_KNOTS('',1,(#3333,#3334),.UNSPECIFIED.,.F.,
  .F.,(2,2),(0.,1.),.PIECEWISE_BEZIER_KNOTS.);
#3333 = CARTESIAN_POINT('',(-13.,-10.34932517143,152.95156211871));
#3334 = CARTESIAN_POINT('',(-17.56173761888,-8.6645925281,147.2493900951
    ));
#3335 = ORIENTED_EDGE('',*,*,#1597,.T.);
#3336 = ORIENTED_EDGE('',*,*,#3337,.T.);
#3337 = EDGE_CURVE('',#1600,#3338,#3340,.T.);
#3338 = VERTEX_POINT('',#3339);
#3339 = CARTESIAN_POINT('',(-17.56173761888,-19.74449838099,
    184.75060990489));
#3340 = B_SPLINE_CURVE_WITH_KNOTS('',1,(#3341,#3342),.UNSPECIFIED.,.F.,
  .F.,(2,2),(0.,1.),.PIECEWISE_BEZIER_KNOTS.);
#3341 = CARTESIAN_POINT('',(-13.,-18.05976573765,179.04843788128));
#3342 = CARTESIAN_POINT('',(-17.56173761888,-19.74449838099,
    184.75060990489));
#3343 = ORIENTED_EDGE('',*,*,#3344,.F.);
#3344 = EDGE_CURVE('',#3345,#3338,#3347,.T.);
#3345 = VERTEX_POINT('',#3346);
#3346 = CARTESIAN_POINT('',(-14.75,-20.40909090909,187.));
#3347 = B_SPLINE_CURVE_WITH_KNOTS('',1,(#3348,#3349),.UNSPECIFIED.,.F.,
  .F.,(2,2),(0.,1.),.PIECEWISE_BEZIER_KNOTS.);
#3348 = CARTESIAN_POINT('',(-14.75,-20.40909090909,187.));
#3349 = CARTESIAN_POINT('',(-17.56173761888,-19.74449838099,
    184.75060990489));
#3350 = ORIENTED_EDGE('',*,*,#3351,.T.);
#3351 = EDGE_CURVE('',#3345,#1717,#3352,.T.);
#3352 = LINE('',#3353,#3354);
#3353 = CARTESIAN_POINT('',(-19.,-20.40909090909,187.));
#3354 = VECTOR('',#3355,1.);
#3355 = DIRECTION('',(-1.,0.,0.));
#3356 = PLANE('',#3357);
#3357 = AXIS2_PLACEMENT_3D('',#3358,#3359,#3360);
#3358 = CARTESIAN_POINT('',(-19.,-21.,189.));
#3359 = DIRECTION('',(0.,-0.959017708059,-0.283346141017));
#3360 = DIRECTION('',(1.,0.,0.));
#3361 = ADVANCED_FACE('',(#3362),#3394,.T.);
#3362 = FACE_BOUND('',#3363,.T.);
#3363 = EDGE_LOOP('',(#3364,#3373,#3381,#3386,#3387,#3388));
#3364 = ORIENTED_EDGE('',*,*,#3365,.F.);
#3365 = EDGE_CURVE('',#3366,#3368,#3370,.T.);
#3366 = VERTEX_POINT('',#3367);
#3367 = CARTESIAN_POINT('',(-2.561249694973,-14.3488372093,166.));
#3368 = VERTEX_POINT('',#3369);
#3369 = CARTESIAN_POINT('',(-2.561249694973,-2.348837209302,166.));
#3370 = B_SPLINE_CURVE_WITH_KNOTS('',1,(#3371,#3372),.UNSPECIFIED.,.F.,
  .F.,(2,2),(0.,1.),.PIECEWISE_BEZIER_KNOTS.);
#3371 = CARTESIAN_POINT('',(-2.561249694973,-14.3488372093,166.));
#3372 = CARTESIAN_POINT('',(-2.561249694973,-2.348837209302,166.));
#3373 = ORIENTED_EDGE('',*,*,#3374,.T.);
#3374 = EDGE_CURVE('',#3366,#3375,#3377,.T.);
#3375 = VERTEX_POINT('',#3376);
#3376 = CARTESIAN_POINT('',(-17.56173761888,-20.01762625031,
    184.75060990489));
#3377 = LINE('',#3378,#3379);
#3378 = CARTESIAN_POINT('',(14.438262381114,-7.924602994502,
    144.75060990489));
#3379 = VECTOR('',#3380,1.);
#3380 = DIRECTION('',(-0.607982649232,-0.229760884884,0.75997831154));
#3381 = ORIENTED_EDGE('',*,*,#3382,.T.);
#3382 = EDGE_CURVE('',#3375,#3338,#3383,.T.);
#3383 = B_SPLINE_CURVE_WITH_KNOTS('',1,(#3384,#3385),.UNSPECIFIED.,.F.,
  .F.,(2,2),(0.,1.),.PIECEWISE_BEZIER_KNOTS.);
#3384 = CARTESIAN_POINT('',(-17.56173761888,-20.01762625031,
    184.75060990489));
#3385 = CARTESIAN_POINT('',(-17.56173761888,-8.017626250316,
    184.75060990489));
#3386 = ORIENTED_EDGE('',*,*,#3337,.F.);
#3387 = ORIENTED_EDGE('',*,*,#1670,.F.);
#3388 = ORIENTED_EDGE('',*,*,#3389,.F.);
#3389 = EDGE_CURVE('',#3368,#1664,#3390,.T.);
#3390 = LINE('',#3391,#3392);
#3391 = CARTESIAN_POINT('',(14.438262381114,4.075397005498,
    144.75060990489));
#3392 = VECTOR('',#3393,1.);
#3393 = DIRECTION('',(-0.607982649232,-0.229760884884,0.75997831154));
#3394 = B_SPLINE_SURFACE_WITH_KNOTS('',1,1,(
    (#3395,#3396)
    ,(#3397,#3398
    )),.UNSPECIFIED.,.F.,.F.,.F.,(2,2),(2,2),(0.,52.633080961176),(0.,1.
    ),.PIECEWISE_BEZIER_KNOTS.);
#3395 = CARTESIAN_POINT('',(14.438262381114,-7.924602994502,
    144.75060990489));
#3396 = CARTESIAN_POINT('',(14.438262381114,4.075397005498,
    144.75060990489));
#3397 = CARTESIAN_POINT('',(-17.56173761888,-20.01762625031,
    184.75060990489));
#3398 = CARTESIAN_POINT('',(-17.56173761888,-8.017626250316,
    184.75060990489));
#3399 = ADVANCED_FACE('',(#3400),#3430,.T.);
#3400 = FACE_BOUND('',#3401,.T.);
#3401 = EDGE_LOOP('',(#3402,#3410,#3411,#3417,#3418,#3425));
#3402 = ORIENTED_EDGE('',*,*,#3403,.T.);
#3403 = EDGE_CURVE('',#3404,#3250,#3406,.T.);
#3404 = VERTEX_POINT('',#3405);
#3405 = CARTESIAN_POINT('',(-14.23875030502,-20.6976744186,187.));
#3406 = LINE('',#3407,#3408);
#3407 = CARTESIAN_POINT('',(-14.43826238111,-20.7730714241,
    187.2493900951));
#3408 = VECTOR('',#3409,1.);
#3409 = DIRECTION('',(0.607982649232,0.229760884884,-0.75997831154));
#3410 = ORIENTED_EDGE('',*,*,#3247,.F.);
#3411 = ORIENTED_EDGE('',*,*,#3412,.F.);
#3412 = EDGE_CURVE('',#1657,#3248,#3413,.T.);
#3413 = LINE('',#3414,#3415);
#3414 = CARTESIAN_POINT('',(-14.43826238111,-8.773071424103,
    187.2493900951));
#3415 = VECTOR('',#3416,1.);
#3416 = DIRECTION('',(0.607982649232,0.229760884884,-0.75997831154));
#3417 = ORIENTED_EDGE('',*,*,#1656,.F.);
#3418 = ORIENTED_EDGE('',*,*,#3419,.T.);
#3419 = EDGE_CURVE('',#1650,#3420,#3422,.T.);
#3420 = VERTEX_POINT('',#3421);
#3421 = CARTESIAN_POINT('',(-14.23875030502,-20.40909090909,187.));
#3422 = B_SPLINE_CURVE_WITH_KNOTS('',1,(#3423,#3424),.UNSPECIFIED.,.F.,
  .F.,(2,2),(0.,1.),.PIECEWISE_BEZIER_KNOTS.);
#3423 = CARTESIAN_POINT('',(-13.,-19.95159789871,185.45156211871));
#3424 = CARTESIAN_POINT('',(-14.23875030502,-20.40909090909,187.));
#3425 = ORIENTED_EDGE('',*,*,#3426,.F.);
#3426 = EDGE_CURVE('',#3404,#3420,#3427,.T.);
#3427 = B_SPLINE_CURVE_WITH_KNOTS('',1,(#3428,#3429),.UNSPECIFIED.,.F.,
  .F.,(2,2),(0.,1.),.PIECEWISE_BEZIER_KNOTS.);
#3428 = CARTESIAN_POINT('',(-14.23875030502,-20.6976744186,187.));
#3429 = CARTESIAN_POINT('',(-14.23875030502,-19.78971575657,187.));
#3430 = B_SPLINE_SURFACE_WITH_KNOTS('',1,1,(
    (#3431,#3432)
    ,(#3433,#3434
    )),.UNSPECIFIED.,.F.,.F.,.F.,(2,2),(2,2),(0.,52.633080961176),(0.,1.
    ),.PIECEWISE_BEZIER_KNOTS.);
#3431 = CARTESIAN_POINT('',(-14.43826238111,-20.7730714241,
    187.2493900951));
#3432 = CARTESIAN_POINT('',(-14.43826238111,-8.773071424103,
    187.2493900951));
#3433 = CARTESIAN_POINT('',(17.561737618886,-8.680048168289,
    147.2493900951));
#3434 = CARTESIAN_POINT('',(17.561737618886,3.319951831711,
    147.2493900951));
#3435 = ADVANCED_FACE('',(#3436),#3446,.T.);
#3436 = FACE_BOUND('',#3437,.T.);
#3437 = EDGE_LOOP('',(#3438,#3444,#3445));
#3438 = ORIENTED_EDGE('',*,*,#3439,.T.);
#3439 = EDGE_CURVE('',#1642,#3420,#3440,.T.);
#3440 = LINE('',#3441,#3442);
#3441 = CARTESIAN_POINT('',(-19.,-20.40909090909,187.));
#3442 = VECTOR('',#3443,1.);
#3443 = DIRECTION('',(-1.,0.,0.));
#3444 = ORIENTED_EDGE('',*,*,#3419,.F.);
#3445 = ORIENTED_EDGE('',*,*,#1649,.T.);
#3446 = PLANE('',#3447);
#3447 = AXIS2_PLACEMENT_3D('',#3448,#3449,#3450);
#3448 = CARTESIAN_POINT('',(-19.,-21.,189.));
#3449 = DIRECTION('',(0.,-0.959017708059,-0.283346141017));
#3450 = DIRECTION('',(1.,0.,0.));
#3451 = ADVANCED_FACE('',(#3452),#3476,.T.);
#3452 = FACE_BOUND('',#3453,.T.);
#3453 = EDGE_LOOP('',(#3454,#3461,#3467,#3468,#3474,#3475));
#3454 = ORIENTED_EDGE('',*,*,#3455,.F.);
#3455 = EDGE_CURVE('',#3456,#3325,#3458,.T.);
#3456 = VERTEX_POINT('',#3457);
#3457 = CARTESIAN_POINT('',(-17.56173761888,-8.680048168289,
    147.2493900951));
#3458 = B_SPLINE_CURVE_WITH_KNOTS('',1,(#3459,#3460),.UNSPECIFIED.,.F.,
  .F.,(2,2),(0.,1.),.PIECEWISE_BEZIER_KNOTS.);
#3459 = CARTESIAN_POINT('',(-17.56173761888,-8.680048168289,
    147.2493900951));
#3460 = CARTESIAN_POINT('',(-17.56173761888,3.319951831711,
    147.2493900951));
#3461 = ORIENTED_EDGE('',*,*,#3462,.T.);
#3462 = EDGE_CURVE('',#3456,#3366,#3463,.T.);
#3463 = LINE('',#3464,#3465);
#3464 = CARTESIAN_POINT('',(-17.56173761888,-8.680048168289,
    147.2493900951));
#3465 = VECTOR('',#3466,1.);
#3466 = DIRECTION('',(0.607982649232,-0.229760884884,0.75997831154));
#3467 = ORIENTED_EDGE('',*,*,#3365,.T.);
#3468 = ORIENTED_EDGE('',*,*,#3469,.F.);
#3469 = EDGE_CURVE('',#1607,#3368,#3470,.T.);
#3470 = LINE('',#3471,#3472);
#3471 = CARTESIAN_POINT('',(-17.56173761888,3.319951831711,
    147.2493900951));
#3472 = VECTOR('',#3473,1.);
#3473 = DIRECTION('',(0.607982649232,-0.229760884884,0.75997831154));
#3474 = ORIENTED_EDGE('',*,*,#1606,.F.);
#3475 = ORIENTED_EDGE('',*,*,#3331,.T.);
#3476 = B_SPLINE_SURFACE_WITH_KNOTS('',1,1,(
    (#3477,#3478)
    ,(#3479,#3480
    )),.UNSPECIFIED.,.F.,.F.,.F.,(2,2),(2,2),(0.,52.633080961176),(0.,1.
    ),.PIECEWISE_BEZIER_KNOTS.);
#3477 = CARTESIAN_POINT('',(-17.56173761888,-8.680048168289,
    147.2493900951));
#3478 = CARTESIAN_POINT('',(-17.56173761888,3.319951831711,
    147.2493900951));
#3479 = CARTESIAN_POINT('',(14.438262381114,-20.7730714241,
    187.2493900951));
#3480 = CARTESIAN_POINT('',(14.438262381114,-8.773071424103,
    187.2493900951));
#3481 = ADVANCED_FACE('',(#3482),#3507,.T.);
#3482 = FACE_BOUND('',#3483,.T.);
#3483 = EDGE_LOOP('',(#3484,#3492,#3493,#3501));
#3484 = ORIENTED_EDGE('',*,*,#3485,.F.);
#3485 = EDGE_CURVE('',#1685,#3486,#3488,.T.);
#3486 = VERTEX_POINT('',#3487);
#3487 = CARTESIAN_POINT('',(-19.,4.,147.));
#3488 = LINE('',#3489,#3490);
#3489 = CARTESIAN_POINT('',(-19.,-8.,147.));
#3490 = VECTOR('',#3491,1.);
#3491 = DIRECTION('',(0.,1.,0.));
#3492 = ORIENTED_EDGE('',*,*,#1684,.F.);
#3493 = ORIENTED_EDGE('',*,*,#3494,.T.);
#3494 = EDGE_CURVE('',#1621,#3495,#3497,.T.);
#3495 = VERTEX_POINT('',#3496);
#3496 = CARTESIAN_POINT('',(-13.,4.,147.));
#3497 = LINE('',#3498,#3499);
#3498 = CARTESIAN_POINT('',(-13.,-8.,147.));
#3499 = VECTOR('',#3500,1.);
#3500 = DIRECTION('',(0.,1.,0.));
#3501 = ORIENTED_EDGE('',*,*,#3502,.F.);
#3502 = EDGE_CURVE('',#3486,#3495,#3503,.T.);
#3503 = LINE('',#3504,#3505);
#3504 = CARTESIAN_POINT('',(-19.,4.,147.));
#3505 = VECTOR('',#3506,1.);
#3506 = DIRECTION('',(1.,0.,0.));
#3507 = PLANE('',#3508);
#3508 = AXIS2_PLACEMENT_3D('',#3509,#3510,#3511);
#3509 = CARTESIAN_POINT('',(-19.,-8.,147.));
#3510 = DIRECTION('',(0.,0.,1.));
#3511 = DIRECTION('',(1.,0.,0.));
#3512 = ADVANCED_FACE('',(#3513),#3524,.T.);
#3513 = FACE_BOUND('',#3514,.T.);
#3514 = EDGE_LOOP('',(#3515,#3516,#3517,#3523));
#3515 = ORIENTED_EDGE('',*,*,#1754,.T.);
#3516 = ORIENTED_EDGE('',*,*,#1844,.T.);
#3517 = ORIENTED_EDGE('',*,*,#3518,.F.);
#3518 = EDGE_CURVE('',#2151,#1837,#3519,.T.);
#3519 = LINE('',#3520,#3521);
#3520 = CARTESIAN_POINT('',(-56.,43.,212.));
#3521 = VECTOR('',#3522,1.);
#3522 = DIRECTION('',(-0.707106781187,-0.707106781187,0.));
#3523 = ORIENTED_EDGE('',*,*,#2150,.F.);
#3524 = B_SPLINE_SURFACE_WITH_KNOTS('',1,1,(
    (#3525,#3526)
    ,(#3527,#3528
    )),.UNSPECIFIED.,.F.,.F.,.F.,(2,2),(2,2),(0.,9.899494936612),(0.,1.)
  ,.PIECEWISE_BEZIER_KNOTS.);
#3525 = CARTESIAN_POINT('',(-49.,20.,202.));
#3526 = CARTESIAN_POINT('',(-56.,43.,212.));
#3527 = CARTESIAN_POINT('',(-54.,15.,202.));
#3528 = CARTESIAN_POINT('',(-63.,36.,212.));
#3529 = ADVANCED_FACE('',(#3530),#3541,.T.);
#3530 = FACE_BOUND('',#3531,.T.);
#3531 = EDGE_LOOP('',(#3532,#3533,#3539,#3540));
#3532 = ORIENTED_EDGE('',*,*,#1776,.F.);
#3533 = ORIENTED_EDGE('',*,*,#3534,.T.);
#3534 = EDGE_CURVE('',#1770,#239,#3535,.T.);
#3535 = LINE('',#3536,#3537);
#3536 = CARTESIAN_POINT('',(13.,-20.67398119122,187.89655172413));
#3537 = VECTOR('',#3538,1.);
#3538 = DIRECTION('',(1.,0.,0.));
#3539 = ORIENTED_EDGE('',*,*,#238,.T.);
#3540 = ORIENTED_EDGE('',*,*,#268,.F.);
#3541 = PLANE('',#3542);
#3542 = AXIS2_PLACEMENT_3D('',#3543,#3544,#3545);
#3543 = CARTESIAN_POINT('',(13.,-21.,189.));
#3544 = DIRECTION('',(0.,-0.959017708059,-0.283346141017));
#3545 = DIRECTION('',(1.,0.,0.));
#3546 = ADVANCED_FACE('',(#3547),#3570,.T.);
#3547 = FACE_BOUND('',#3548,.T.);
#3548 = EDGE_LOOP('',(#3549,#3556,#3564,#3569));
#3549 = ORIENTED_EDGE('',*,*,#3550,.F.);
#3550 = EDGE_CURVE('',#3551,#1770,#3553,.T.);
#3551 = VERTEX_POINT('',#3552);
#3552 = CARTESIAN_POINT('',(13.,-21.,187.));
#3553 = B_SPLINE_CURVE_WITH_KNOTS('',1,(#3554,#3555),.UNSPECIFIED.,.F.,
  .F.,(2,2),(0.,1.),.PIECEWISE_BEZIER_KNOTS.);
#3554 = CARTESIAN_POINT('',(13.,-21.,187.));
#3555 = CARTESIAN_POINT('',(13.,-17.,198.));
#3556 = ORIENTED_EDGE('',*,*,#3557,.T.);
#3557 = EDGE_CURVE('',#3551,#3558,#3560,.T.);
#3558 = VERTEX_POINT('',#3559);
#3559 = CARTESIAN_POINT('',(19.,-21.,187.));
#3560 = LINE('',#3561,#3562);
#3561 = CARTESIAN_POINT('',(13.,-21.,187.));
#3562 = VECTOR('',#3563,1.);
#3563 = DIRECTION('',(1.,0.,0.));
#3564 = ORIENTED_EDGE('',*,*,#3565,.T.);
#3565 = EDGE_CURVE('',#3558,#239,#3566,.T.);
#3566 = B_SPLINE_CURVE_WITH_KNOTS('',1,(#3567,#3568),.UNSPECIFIED.,.F.,
  .F.,(2,2),(0.,1.),.PIECEWISE_BEZIER_KNOTS.);
#3567 = CARTESIAN_POINT('',(19.,-21.,187.));
#3568 = CARTESIAN_POINT('',(19.,-17.,198.));
#3569 = ORIENTED_EDGE('',*,*,#3534,.F.);
#3570 = PLANE('',#3571);
#3571 = AXIS2_PLACEMENT_3D('',#3572,#3573,#3574);
#3572 = CARTESIAN_POINT('',(13.,-17.,198.));
#3573 = DIRECTION('',(0.,-0.939793423488,0.341743063087));
#3574 = DIRECTION('',(1.,0.,0.));
#3575 = ADVANCED_FACE('',(#3576),#3607,.T.);
#3576 = FACE_BOUND('',#3577,.T.);
#3577 = EDGE_LOOP('',(#3578,#3579,#3585,#3586,#3587,#3595,#3600,#3601));
#3578 = ORIENTED_EDGE('',*,*,#3557,.F.);
#3579 = ORIENTED_EDGE('',*,*,#3580,.F.);
#3580 = EDGE_CURVE('',#1555,#3551,#3581,.T.);
#3581 = LINE('',#3582,#3583);
#3582 = CARTESIAN_POINT('',(13.,-9.,187.));
#3583 = VECTOR('',#3584,1.);
#3584 = DIRECTION('',(0.,-1.,0.));
#3585 = ORIENTED_EDGE('',*,*,#3233,.F.);
#3586 = ORIENTED_EDGE('',*,*,#3264,.F.);
#3587 = ORIENTED_EDGE('',*,*,#3588,.T.);
#3588 = EDGE_CURVE('',#3257,#3589,#3591,.T.);
#3589 = VERTEX_POINT('',#3590);
#3590 = CARTESIAN_POINT('',(14.75,-20.6976744186,187.));
#3591 = LINE('',#3592,#3593);
#3592 = CARTESIAN_POINT('',(-2.280868809443,-20.6976744186,187.));
#3593 = VECTOR('',#3594,1.);
#3594 = DIRECTION('',(1.,1.741360819105E-16,0.));
#3595 = ORIENTED_EDGE('',*,*,#3596,.T.);
#3596 = EDGE_CURVE('',#3589,#3129,#3597,.T.);
#3597 = B_SPLINE_CURVE_WITH_KNOTS('',1,(#3598,#3599),.UNSPECIFIED.,.F.,
  .F.,(2,2),(0.,1.),.PIECEWISE_BEZIER_KNOTS.);
#3598 = CARTESIAN_POINT('',(14.75,-20.6976744186,187.));
#3599 = CARTESIAN_POINT('',(14.75,-18.28409090909,187.));
#3600 = ORIENTED_EDGE('',*,*,#3128,.F.);
#3601 = ORIENTED_EDGE('',*,*,#3602,.F.);
#3602 = EDGE_CURVE('',#3558,#1445,#3603,.T.);
#3603 = LINE('',#3604,#3605);
#3604 = CARTESIAN_POINT('',(19.,-21.,187.));
#3605 = VECTOR('',#3606,1.);
#3606 = DIRECTION('',(0.,1.,0.));
#3607 = PLANE('',#3608);
#3608 = AXIS2_PLACEMENT_3D('',#3609,#3610,#3611);
#3609 = CARTESIAN_POINT('',(13.,-21.,187.));
#3610 = DIRECTION('',(0.,0.,-1.));
#3611 = DIRECTION('',(0.4472135955,0.894427191,0.));
#3612 = ADVANCED_FACE('',(#3613),#3624,.T.);
#3613 = FACE_BOUND('',#3614,.T.);
#3614 = EDGE_LOOP('',(#3615,#3616,#3622,#3623));
#3615 = ORIENTED_EDGE('',*,*,#1797,.F.);
#3616 = ORIENTED_EDGE('',*,*,#3617,.T.);
#3617 = EDGE_CURVE('',#1791,#178,#3618,.T.);
#3618 = LINE('',#3619,#3620);
#3619 = CARTESIAN_POINT('',(-19.,-20.67398119122,187.89655172413));
#3620 = VECTOR('',#3621,1.);
#3621 = DIRECTION('',(1.,0.,0.));
#3622 = ORIENTED_EDGE('',*,*,#177,.T.);
#3623 = ORIENTED_EDGE('',*,*,#207,.F.);
#3624 = PLANE('',#3625);
#3625 = AXIS2_PLACEMENT_3D('',#3626,#3627,#3628);
#3626 = CARTESIAN_POINT('',(-19.,-21.,189.));
#3627 = DIRECTION('',(0.,-0.959017708059,-0.283346141017));
#3628 = DIRECTION('',(1.,0.,0.));
#3629 = ADVANCED_FACE('',(#3630),#3653,.T.);
#3630 = FACE_BOUND('',#3631,.T.);
#3631 = EDGE_LOOP('',(#3632,#3639,#3647,#3652));
#3632 = ORIENTED_EDGE('',*,*,#3633,.F.);
#3633 = EDGE_CURVE('',#3634,#1791,#3636,.T.);
#3634 = VERTEX_POINT('',#3635);
#3635 = CARTESIAN_POINT('',(-19.,-21.,187.));
#3636 = B_SPLINE_CURVE_WITH_KNOTS('',1,(#3637,#3638),.UNSPECIFIED.,.F.,
  .F.,(2,2),(0.,1.),.PIECEWISE_BEZIER_KNOTS.);
#3637 = CARTESIAN_POINT('',(-19.,-21.,187.));
#3638 = CARTESIAN_POINT('',(-19.,-17.,198.));
#3639 = ORIENTED_EDGE('',*,*,#3640,.T.);
#3640 = EDGE_CURVE('',#3634,#3641,#3643,.T.);
#3641 = VERTEX_POINT('',#3642);
#3642 = CARTESIAN_POINT('',(-13.,-21.,187.));
#3643 = LINE('',#3644,#3645);
#3644 = CARTESIAN_POINT('',(-19.,-21.,187.));
#3645 = VECTOR('',#3646,1.);
#3646 = DIRECTION('',(1.,0.,0.));
#3647 = ORIENTED_EDGE('',*,*,#3648,.T.);
#3648 = EDGE_CURVE('',#3641,#178,#3649,.T.);
#3649 = B_SPLINE_CURVE_WITH_KNOTS('',1,(#3650,#3651),.UNSPECIFIED.,.F.,
  .F.,(2,2),(0.,1.),.PIECEWISE_BEZIER_KNOTS.);
#3650 = CARTESIAN_POINT('',(-13.,-21.,187.));
#3651 = CARTESIAN_POINT('',(-13.,-17.,198.));
#3652 = ORIENTED_EDGE('',*,*,#3617,.F.);
#3653 = PLANE('',#3654);
#3654 = AXIS2_PLACEMENT_3D('',#3655,#3656,#3657);
#3655 = CARTESIAN_POINT('',(-19.,-17.,198.));
#3656 = DIRECTION('',(0.,-0.939793423488,0.341743063087));
#3657 = DIRECTION('',(1.,0.,0.));
#3658 = ADVANCED_FACE('',(#3659),#3690,.T.);
#3659 = FACE_BOUND('',#3660,.T.);
#3660 = EDGE_LOOP('',(#3661,#3662,#3668,#3669,#3676,#3682,#3683,#3684));
#3661 = ORIENTED_EDGE('',*,*,#3640,.F.);
#3662 = ORIENTED_EDGE('',*,*,#3663,.F.);
#3663 = EDGE_CURVE('',#1717,#3634,#3664,.T.);
#3664 = LINE('',#3665,#3666);
#3665 = CARTESIAN_POINT('',(-19.,-9.,187.));
#3666 = VECTOR('',#3667,1.);
#3667 = DIRECTION('',(0.,-1.,0.));
#3668 = ORIENTED_EDGE('',*,*,#3351,.F.);
#3669 = ORIENTED_EDGE('',*,*,#3670,.F.);
#3670 = EDGE_CURVE('',#3671,#3345,#3673,.T.);
#3671 = VERTEX_POINT('',#3672);
#3672 = CARTESIAN_POINT('',(-14.75,-20.6976744186,187.));
#3673 = B_SPLINE_CURVE_WITH_KNOTS('',1,(#3674,#3675),.UNSPECIFIED.,.F.,
  .F.,(2,2),(0.,1.),.PIECEWISE_BEZIER_KNOTS.);
#3674 = CARTESIAN_POINT('',(-14.75,-20.6976744186,187.));
#3675 = CARTESIAN_POINT('',(-14.75,-19.53409090909,187.));
#3676 = ORIENTED_EDGE('',*,*,#3677,.T.);
#3677 = EDGE_CURVE('',#3671,#3404,#3678,.T.);
#3678 = LINE('',#3679,#3680);
#3679 = CARTESIAN_POINT('',(-2.280868809443,-20.6976744186,187.));
#3680 = VECTOR('',#3681,1.);
#3681 = DIRECTION('',(1.,-1.460231116172E-16,0.));
#3682 = ORIENTED_EDGE('',*,*,#3426,.T.);
#3683 = ORIENTED_EDGE('',*,*,#3439,.F.);
#3684 = ORIENTED_EDGE('',*,*,#3685,.F.);
#3685 = EDGE_CURVE('',#3641,#1642,#3686,.T.);
#3686 = LINE('',#3687,#3688);
#3687 = CARTESIAN_POINT('',(-13.,-21.,187.));
#3688 = VECTOR('',#3689,1.);
#3689 = DIRECTION('',(0.,1.,0.));
#3690 = PLANE('',#3691);
#3691 = AXIS2_PLACEMENT_3D('',#3692,#3693,#3694);
#3692 = CARTESIAN_POINT('',(-19.,-21.,187.));
#3693 = DIRECTION('',(0.,0.,-1.));
#3694 = DIRECTION('',(0.4472135955,0.894427191,0.));
#3695 = ADVANCED_FACE('',(#3696),#3713,.T.);
#3696 = FACE_BOUND('',#3697,.T.);
#3697 = EDGE_LOOP('',(#3698,#3699,#3700,#3708));
#3698 = ORIENTED_EDGE('',*,*,#1813,.T.);
#3699 = ORIENTED_EDGE('',*,*,#1919,.T.);
#3700 = ORIENTED_EDGE('',*,*,#3701,.F.);
#3701 = EDGE_CURVE('',#3702,#1912,#3704,.T.);
#3702 = VERTEX_POINT('',#3703);
#3703 = CARTESIAN_POINT('',(-59.,-8.5,244.));
#3704 = LINE('',#3705,#3706);
#3705 = CARTESIAN_POINT('',(-59.,-8.5,244.));
#3706 = VECTOR('',#3707,1.);
#3707 = DIRECTION('',(0.707106781187,-0.707106781187,0.));
#3708 = ORIENTED_EDGE('',*,*,#3709,.F.);
#3709 = EDGE_CURVE('',#1814,#3702,#3710,.T.);
#3710 = B_SPLINE_CURVE_WITH_KNOTS('',1,(#3711,#3712),.UNSPECIFIED.,.F.,
  .F.,(2,2),(0.,1.),.PIECEWISE_BEZIER_KNOTS.);
#3711 = CARTESIAN_POINT('',(-58.,-8.,238.));
#3712 = CARTESIAN_POINT('',(-59.,-8.5,244.));
#3713 = B_SPLINE_SURFACE_WITH_KNOTS('',1,1,(
    (#3714,#3715)
    ,(#3716,#3717
    )),.UNSPECIFIED.,.F.,.F.,.F.,(2,2),(2,2),(0.,9.192388155425),(0.,1.)
  ,.PIECEWISE_BEZIER_KNOTS.);
#3714 = CARTESIAN_POINT('',(-58.,-8.,238.));
#3715 = CARTESIAN_POINT('',(-59.,-8.5,244.));
#3716 = CARTESIAN_POINT('',(-52.,-14.,238.));
#3717 = CARTESIAN_POINT('',(-52.5,-15.,244.));
#3718 = ADVANCED_FACE('',(#3719),#3736,.T.);
#3719 = FACE_BOUND('',#3720,.T.);
#3720 = EDGE_LOOP('',(#3721,#3722,#3723,#3731));
#3721 = ORIENTED_EDGE('',*,*,#1836,.T.);
#3722 = ORIENTED_EDGE('',*,*,#1821,.T.);
#3723 = ORIENTED_EDGE('',*,*,#3724,.F.);
#3724 = EDGE_CURVE('',#3725,#1814,#3727,.T.);
#3725 = VERTEX_POINT('',#3726);
#3726 = CARTESIAN_POINT('',(-58.,32.,238.));
#3727 = LINE('',#3728,#3729);
#3728 = CARTESIAN_POINT('',(-58.,32.,238.));
#3729 = VECTOR('',#3730,1.);
#3730 = DIRECTION('',(0.,-1.,0.));
#3731 = ORIENTED_EDGE('',*,*,#3732,.F.);
#3732 = EDGE_CURVE('',#1837,#3725,#3733,.T.);
#3733 = B_SPLINE_CURVE_WITH_KNOTS('',1,(#3734,#3735),.UNSPECIFIED.,.F.,
  .F.,(2,2),(0.,1.),.PIECEWISE_BEZIER_KNOTS.);
#3734 = CARTESIAN_POINT('',(-63.,36.,212.));
#3735 = CARTESIAN_POINT('',(-58.,32.,238.));
#3736 = B_SPLINE_SURFACE_WITH_KNOTS('',1,1,(
    (#3737,#3738)
    ,(#3739,#3740
    )),.UNSPECIFIED.,.F.,.F.,.F.,(2,2),(2,2),(0.,48.),(0.,1.),
  .PIECEWISE_BEZIER_KNOTS.);
#3737 = CARTESIAN_POINT('',(-63.,36.,212.));
#3738 = CARTESIAN_POINT('',(-58.,32.,238.));
#3739 = CARTESIAN_POINT('',(-63.,-12.,212.));
#3740 = CARTESIAN_POINT('',(-58.,-8.,238.));
#3741 = ADVANCED_FACE('',(#3742),#3759,.T.);
#3742 = FACE_BOUND('',#3743,.T.);
#3743 = EDGE_LOOP('',(#3744,#3745,#3752,#3758));
#3744 = ORIENTED_EDGE('',*,*,#1865,.T.);
#3745 = ORIENTED_EDGE('',*,*,#3746,.T.);
#3746 = EDGE_CURVE('',#1859,#3747,#3749,.T.);
#3747 = VERTEX_POINT('',#3748);
#3748 = CARTESIAN_POINT('',(58.,32.,238.));
#3749 = B_SPLINE_CURVE_WITH_KNOTS('',1,(#3750,#3751),.UNSPECIFIED.,.F.,
  .F.,(2,2),(0.,1.),.PIECEWISE_BEZIER_KNOTS.);
#3750 = CARTESIAN_POINT('',(63.,36.,212.));
#3751 = CARTESIAN_POINT('',(58.,32.,238.));
#3752 = ORIENTED_EDGE('',*,*,#3753,.F.);
#3753 = EDGE_CURVE('',#1882,#3747,#3754,.T.);
#3754 = LINE('',#3755,#3756);
#3755 = CARTESIAN_POINT('',(58.,-8.,238.));
#3756 = VECTOR('',#3757,1.);
#3757 = DIRECTION('',(0.,1.,0.));
#3758 = ORIENTED_EDGE('',*,*,#1881,.F.);
#3759 = B_SPLINE_SURFACE_WITH_KNOTS('',1,1,(
    (#3760,#3761)
    ,(#3762,#3763
    )),.UNSPECIFIED.,.F.,.F.,.F.,(2,2),(2,2),(0.,48.),(0.,1.),
  .PIECEWISE_BEZIER_KNOTS.);
#3760 = CARTESIAN_POINT('',(63.,-12.,212.));
#3761 = CARTESIAN_POINT('',(58.,-8.,238.));
#3762 = CARTESIAN_POINT('',(63.,36.,212.));
#3763 = CARTESIAN_POINT('',(58.,32.,238.));
#3764 = ADVANCED_FACE('',(#3765),#3782,.T.);
#3765 = FACE_BOUND('',#3766,.T.);
#3766 = EDGE_LOOP('',(#3767,#3768,#3775,#3781));
#3767 = ORIENTED_EDGE('',*,*,#1888,.T.);
#3768 = ORIENTED_EDGE('',*,*,#3769,.T.);
#3769 = EDGE_CURVE('',#1882,#3770,#3772,.T.);
#3770 = VERTEX_POINT('',#3771);
#3771 = CARTESIAN_POINT('',(59.,-8.5,244.));
#3772 = B_SPLINE_CURVE_WITH_KNOTS('',1,(#3773,#3774),.UNSPECIFIED.,.F.,
  .F.,(2,2),(0.,1.),.PIECEWISE_BEZIER_KNOTS.);
#3773 = CARTESIAN_POINT('',(58.,-8.,238.));
#3774 = CARTESIAN_POINT('',(59.,-8.5,244.));
#3775 = ORIENTED_EDGE('',*,*,#3776,.F.);
#3776 = EDGE_CURVE('',#1905,#3770,#3777,.T.);
#3777 = LINE('',#3778,#3779);
#3778 = CARTESIAN_POINT('',(52.5,-15.,244.));
#3779 = VECTOR('',#3780,1.);
#3780 = DIRECTION('',(0.707106781187,0.707106781187,0.));
#3781 = ORIENTED_EDGE('',*,*,#1904,.F.);
#3782 = B_SPLINE_SURFACE_WITH_KNOTS('',1,1,(
    (#3783,#3784)
    ,(#3785,#3786
    )),.UNSPECIFIED.,.F.,.F.,.F.,(2,2),(2,2),(0.,9.192388155425),(0.,1.)
  ,.PIECEWISE_BEZIER_KNOTS.);
#3783 = CARTESIAN_POINT('',(52.,-14.,238.));
#3784 = CARTESIAN_POINT('',(52.5,-15.,244.));
#3785 = CARTESIAN_POINT('',(58.,-8.,238.));
#3786 = CARTESIAN_POINT('',(59.,-8.5,244.));
#3787 = ADVANCED_FACE('',(#3788),#3811,.T.);
#3788 = FACE_BOUND('',#3789,.T.);
#3789 = EDGE_LOOP('',(#3790,#3791,#3798,#3806));
#3790 = ORIENTED_EDGE('',*,*,#1911,.T.);
#3791 = ORIENTED_EDGE('',*,*,#3792,.T.);
#3792 = EDGE_CURVE('',#1905,#3793,#3795,.T.);
#3793 = VERTEX_POINT('',#3794);
#3794 = CARTESIAN_POINT('',(51.,-13.,248.));
#3795 = B_SPLINE_CURVE_WITH_KNOTS('',1,(#3796,#3797),.UNSPECIFIED.,.F.,
  .F.,(2,2),(0.,1.),.PIECEWISE_BEZIER_KNOTS.);
#3796 = CARTESIAN_POINT('',(52.5,-15.,244.));
#3797 = CARTESIAN_POINT('',(51.,-13.,248.));
#3798 = ORIENTED_EDGE('',*,*,#3799,.F.);
#3799 = EDGE_CURVE('',#3800,#3793,#3802,.T.);
#3800 = VERTEX_POINT('',#3801);
#3801 = CARTESIAN_POINT('',(-51.,-13.,248.));
#3802 = LINE('',#3803,#3804);
#3803 = CARTESIAN_POINT('',(-51.,-13.,248.));
#3804 = VECTOR('',#3805,1.);
#3805 = DIRECTION('',(1.,0.,0.));
#3806 = ORIENTED_EDGE('',*,*,#3807,.F.);
#3807 = EDGE_CURVE('',#1912,#3800,#3808,.T.);
#3808 = B_SPLINE_CURVE_WITH_KNOTS('',1,(#3809,#3810),.UNSPECIFIED.,.F.,
  .F.,(2,2),(0.,1.),.PIECEWISE_BEZIER_KNOTS.);
#3809 = CARTESIAN_POINT('',(-52.5,-15.,244.));
#3810 = CARTESIAN_POINT('',(-51.,-13.,248.));
#3811 = B_SPLINE_SURFACE_WITH_KNOTS('',1,1,(
    (#3812,#3813)
    ,(#3814,#3815
    )),.UNSPECIFIED.,.F.,.F.,.F.,(2,2),(2,2),(0.,105.),(0.,1.),
  .PIECEWISE_BEZIER_KNOTS.);
#3812 = CARTESIAN_POINT('',(-52.5,-15.,244.));
#3813 = CARTESIAN_POINT('',(-51.,-13.,248.));
#3814 = CARTESIAN_POINT('',(52.5,-15.,244.));
#3815 = CARTESIAN_POINT('',(51.,-13.,248.));
#3816 = ADVANCED_FACE('',(#3817),#3840,.T.);
#3817 = FACE_BOUND('',#3818,.T.);
#3818 = EDGE_LOOP('',(#3819,#3820,#3827,#3835));
#3819 = ORIENTED_EDGE('',*,*,#2157,.T.);
#3820 = ORIENTED_EDGE('',*,*,#3821,.T.);
#3821 = EDGE_CURVE('',#2151,#3822,#3824,.T.);
#3822 = VERTEX_POINT('',#3823);
#3823 = CARTESIAN_POINT('',(-52.,38.,238.));
#3824 = B_SPLINE_CURVE_WITH_KNOTS('',1,(#3825,#3826),.UNSPECIFIED.,.F.,
  .F.,(2,2),(0.,1.),.PIECEWISE_BEZIER_KNOTS.);
#3825 = CARTESIAN_POINT('',(-56.,43.,212.));
#3826 = CARTESIAN_POINT('',(-52.,38.,238.));
#3827 = ORIENTED_EDGE('',*,*,#3828,.F.);
#3828 = EDGE_CURVE('',#3829,#3822,#3831,.T.);
#3829 = VERTEX_POINT('',#3830);
#3830 = CARTESIAN_POINT('',(52.,38.,238.));
#3831 = LINE('',#3832,#3833);
#3832 = CARTESIAN_POINT('',(52.,38.,238.));
#3833 = VECTOR('',#3834,1.);
#3834 = DIRECTION('',(-1.,0.,0.));
#3835 = ORIENTED_EDGE('',*,*,#3836,.F.);
#3836 = EDGE_CURVE('',#1933,#3829,#3837,.T.);
#3837 = B_SPLINE_CURVE_WITH_KNOTS('',1,(#3838,#3839),.UNSPECIFIED.,.F.,
  .F.,(2,2),(0.,1.),.PIECEWISE_BEZIER_KNOTS.);
#3838 = CARTESIAN_POINT('',(56.,43.,212.));
#3839 = CARTESIAN_POINT('',(52.,38.,238.));
#3840 = B_SPLINE_SURFACE_WITH_KNOTS('',1,1,(
    (#3841,#3842)
    ,(#3843,#3844
    )),.UNSPECIFIED.,.F.,.F.,.F.,(2,2),(2,2),(0.,112.),(0.,1.),
  .PIECEWISE_BEZIER_KNOTS.);
#3841 = CARTESIAN_POINT('',(56.,43.,212.));
#3842 = CARTESIAN_POINT('',(52.,38.,238.));
#3843 = CARTESIAN_POINT('',(-56.,43.,212.));
#3844 = CARTESIAN_POINT('',(-52.,38.,238.));
#3845 = ADVANCED_FACE('',(#3846),#3916,.F.);
#3846 = FACE_BOUND('',#3847,.F.);
#3847 = EDGE_LOOP('',(#3848,#3857,#3865,#3872,#3878,#3879,#3880,#3886,
    #3887,#3893,#3894,#3895,#3901,#3902,#3908,#3909,#3910));
#3848 = ORIENTED_EDGE('',*,*,#3849,.F.);
#3849 = EDGE_CURVE('',#3850,#3852,#3854,.T.);
#3850 = VERTEX_POINT('',#3851);
#3851 = CARTESIAN_POINT('',(35.,-5.,191.));
#3852 = VERTEX_POINT('',#3853);
#3853 = CARTESIAN_POINT('',(47.,17.,205.));
#3854 = B_SPLINE_CURVE_WITH_KNOTS('',1,(#3855,#3856),.UNSPECIFIED.,.F.,
  .F.,(2,2),(0.,1.),.PIECEWISE_BEZIER_KNOTS.);
#3855 = CARTESIAN_POINT('',(35.,-5.,191.));
#3856 = CARTESIAN_POINT('',(47.,17.,205.));
#3857 = ORIENTED_EDGE('',*,*,#3858,.T.);
#3858 = EDGE_CURVE('',#3850,#3859,#3861,.T.);
#3859 = VERTEX_POINT('',#3860);
#3860 = CARTESIAN_POINT('',(-35.,-5.,191.));
#3861 = LINE('',#3862,#3863);
#3862 = CARTESIAN_POINT('',(35.,-5.,191.));
#3863 = VECTOR('',#3864,1.);
#3864 = DIRECTION('',(-1.,0.,0.));
#3865 = ORIENTED_EDGE('',*,*,#3866,.T.);
#3866 = EDGE_CURVE('',#3859,#3867,#3869,.T.);
#3867 = VERTEX_POINT('',#3868);
#3868 = CARTESIAN_POINT('',(-47.,17.,205.));
#3869 = B_SPLINE_CURVE_WITH_KNOTS('',1,(#3870,#3871),.UNSPECIFIED.,.F.,
  .F.,(2,2),(0.,1.),.PIECEWISE_BEZIER_KNOTS.);
#3870 = CARTESIAN_POINT('',(-35.,-5.,191.));
#3871 = CARTESIAN_POINT('',(-47.,17.,205.));
#3872 = ORIENTED_EDGE('',*,*,#3873,.F.);
#3873 = EDGE_CURVE('',#2926,#3867,#3874,.T.);
#3874 = LINE('',#3875,#3876);
#3875 = CARTESIAN_POINT('',(47.,17.,205.));
#3876 = VECTOR('',#3877,1.);
#3877 = DIRECTION('',(-1.,0.,0.));
#3878 = ORIENTED_EDGE('',*,*,#2925,.T.);
#3879 = ORIENTED_EDGE('',*,*,#2902,.T.);
#3880 = ORIENTED_EDGE('',*,*,#3881,.F.);
#3881 = EDGE_CURVE('',#2730,#2905,#3882,.T.);
#3882 = LINE('',#3883,#3884);
#3883 = CARTESIAN_POINT('',(47.,17.,205.));
#3884 = VECTOR('',#3885,1.);
#3885 = DIRECTION('',(-1.,0.,0.));
#3886 = ORIENTED_EDGE('',*,*,#2859,.T.);
#3887 = ORIENTED_EDGE('',*,*,#3888,.F.);
#3888 = EDGE_CURVE('',#2563,#2841,#3889,.T.);
#3889 = LINE('',#3890,#3891);
#3890 = CARTESIAN_POINT('',(47.,17.,205.));
#3891 = VECTOR('',#3892,1.);
#3892 = DIRECTION('',(-1.,0.,0.));
#3893 = ORIENTED_EDGE('',*,*,#2562,.T.);
#3894 = ORIENTED_EDGE('',*,*,#2539,.T.);
#3895 = ORIENTED_EDGE('',*,*,#3896,.F.);
#3896 = EDGE_CURVE('',#2352,#2542,#3897,.T.);
#3897 = LINE('',#3898,#3899);
#3898 = CARTESIAN_POINT('',(47.,17.,205.));
#3899 = VECTOR('',#3900,1.);
#3900 = DIRECTION('',(-1.,0.,0.));
#3901 = ORIENTED_EDGE('',*,*,#2496,.T.);
#3902 = ORIENTED_EDGE('',*,*,#3903,.F.);
#3903 = EDGE_CURVE('',#2195,#2470,#3904,.T.);
#3904 = LINE('',#3905,#3906);
#3905 = CARTESIAN_POINT('',(47.,17.,205.));
#3906 = VECTOR('',#3907,1.);
#3907 = DIRECTION('',(-1.,0.,0.));
#3908 = ORIENTED_EDGE('',*,*,#2194,.T.);
#3909 = ORIENTED_EDGE('',*,*,#2171,.T.);
#3910 = ORIENTED_EDGE('',*,*,#3911,.F.);
#3911 = EDGE_CURVE('',#3852,#2174,#3912,.T.);
#3912 = LINE('',#3913,#3914);
#3913 = CARTESIAN_POINT('',(47.,17.,205.));
#3914 = VECTOR('',#3915,1.);
#3915 = DIRECTION('',(-1.,0.,0.));
#3916 = B_SPLINE_SURFACE_WITH_KNOTS('',1,1,(
    (#3917,#3918)
    ,(#3919,#3920
    )),.UNSPECIFIED.,.F.,.F.,.F.,(2,2),(2,2),(0.,94.),(0.,1.),
  .PIECEWISE_BEZIER_KNOTS.);
#3917 = CARTESIAN_POINT('',(35.,-5.,191.));
#3918 = CARTESIAN_POINT('',(47.,17.,205.));
#3919 = CARTESIAN_POINT('',(-35.,-5.,191.));
#3920 = CARTESIAN_POINT('',(-47.,17.,205.));
#3921 = ADVANCED_FACE('',(#3922),#3957,.F.);
#3922 = FACE_BOUND('',#3923,.F.);
#3923 = EDGE_LOOP('',(#3924,#3931,#3932,#3933,#3934,#3935,#3936,#3937,
    #3938,#3939,#3940,#3941,#3942,#3943,#3944,#3951));
#3924 = ORIENTED_EDGE('',*,*,#3925,.F.);
#3925 = EDGE_CURVE('',#3852,#3926,#3928,.T.);
#3926 = VERTEX_POINT('',#3927);
#3927 = CARTESIAN_POINT('',(55.,40.,215.));
#3928 = B_SPLINE_CURVE_WITH_KNOTS('',1,(#3929,#3930),.UNSPECIFIED.,.F.,
  .F.,(2,2),(0.,1.),.PIECEWISE_BEZIER_KNOTS.);
#3929 = CARTESIAN_POINT('',(47.,17.,205.));
#3930 = CARTESIAN_POINT('',(55.,40.,215.));
#3931 = ORIENTED_EDGE('',*,*,#3911,.T.);
#3932 = ORIENTED_EDGE('',*,*,#2276,.T.);
#3933 = ORIENTED_EDGE('',*,*,#3903,.T.);
#3934 = ORIENTED_EDGE('',*,*,#2469,.T.);
#3935 = ORIENTED_EDGE('',*,*,#2349,.T.);
#3936 = ORIENTED_EDGE('',*,*,#3896,.T.);
#3937 = ORIENTED_EDGE('',*,*,#2654,.T.);
#3938 = ORIENTED_EDGE('',*,*,#3888,.T.);
#3939 = ORIENTED_EDGE('',*,*,#2840,.T.);
#3940 = ORIENTED_EDGE('',*,*,#2727,.T.);
#3941 = ORIENTED_EDGE('',*,*,#3881,.T.);
#3942 = ORIENTED_EDGE('',*,*,#3016,.T.);
#3943 = ORIENTED_EDGE('',*,*,#3873,.T.);
#3944 = ORIENTED_EDGE('',*,*,#3945,.T.);
#3945 = EDGE_CURVE('',#3867,#3946,#3948,.T.);
#3946 = VERTEX_POINT('',#3947);
#3947 = CARTESIAN_POINT('',(-55.,40.,215.));
#3948 = B_SPLINE_CURVE_WITH_KNOTS('',1,(#3949,#3950),.UNSPECIFIED.,.F.,
  .F.,(2,2),(0.,1.),.PIECEWISE_BEZIER_KNOTS.);
#3949 = CARTESIAN_POINT('',(-47.,17.,205.));
#3950 = CARTESIAN_POINT('',(-55.,40.,215.));
#3951 = ORIENTED_EDGE('',*,*,#3952,.F.);
#3952 = EDGE_CURVE('',#3926,#3946,#3953,.T.);
#3953 = LINE('',#3954,#3955);
#3954 = CARTESIAN_POINT('',(55.,40.,215.));
#3955 = VECTOR('',#3956,1.);
#3956 = DIRECTION('',(-1.,0.,0.));
#3957 = B_SPLINE_SURFACE_WITH_KNOTS('',1,1,(
    (#3958,#3959)
    ,(#3960,#3961
    )),.UNSPECIFIED.,.F.,.F.,.F.,(2,2),(2,2),(0.,110.),(0.,1.),
  .PIECEWISE_BEZIER_KNOTS.);
#3958 = CARTESIAN_POINT('',(47.,17.,205.));
#3959 = CARTESIAN_POINT('',(55.,40.,215.));
#3960 = CARTESIAN_POINT('',(-47.,17.,205.));
#3961 = CARTESIAN_POINT('',(-55.,40.,215.));
#3962 = ADVANCED_FACE('',(#3963),#3974,.T.);
#3963 = FACE_BOUND('',#3964,.T.);
#3964 = EDGE_LOOP('',(#3965,#3966,#3967,#3973));
#3965 = ORIENTED_EDGE('',*,*,#3091,.T.);
#3966 = ORIENTED_EDGE('',*,*,#3836,.T.);
#3967 = ORIENTED_EDGE('',*,*,#3968,.F.);
#3968 = EDGE_CURVE('',#3747,#3829,#3969,.T.);
#3969 = LINE('',#3970,#3971);
#3970 = CARTESIAN_POINT('',(58.,32.,238.));
#3971 = VECTOR('',#3972,1.);
#3972 = DIRECTION('',(-0.707106781187,0.707106781187,0.));
#3973 = ORIENTED_EDGE('',*,*,#3746,.F.);
#3974 = B_SPLINE_SURFACE_WITH_KNOTS('',1,1,(
    (#3975,#3976)
    ,(#3977,#3978
    )),.UNSPECIFIED.,.F.,.F.,.F.,(2,2),(2,2),(0.,9.899494936612),(0.,1.)
  ,.PIECEWISE_BEZIER_KNOTS.);
#3975 = CARTESIAN_POINT('',(63.,36.,212.));
#3976 = CARTESIAN_POINT('',(58.,32.,238.));
#3977 = CARTESIAN_POINT('',(56.,43.,212.));
#3978 = CARTESIAN_POINT('',(52.,38.,238.));
#3979 = ADVANCED_FACE('',(#3980),#3991,.T.);
#3980 = FACE_BOUND('',#3981,.T.);
#3981 = EDGE_LOOP('',(#3982,#3983,#3989,#3990));
#3982 = ORIENTED_EDGE('',*,*,#3596,.F.);
#3983 = ORIENTED_EDGE('',*,*,#3984,.T.);
#3984 = EDGE_CURVE('',#3589,#3286,#3985,.T.);
#3985 = LINE('',#3986,#3987);
#3986 = CARTESIAN_POINT('',(14.438262381114,-20.7730714241,
    187.2493900951));
#3987 = VECTOR('',#3988,1.);
#3988 = DIRECTION('',(0.76730437389,0.185580592755,-0.613843499112));
#3989 = ORIENTED_EDGE('',*,*,#3285,.T.);
#3990 = ORIENTED_EDGE('',*,*,#3136,.T.);
#3991 = B_SPLINE_SURFACE_WITH_KNOTS('',1,1,(
    (#3992,#3993)
    ,(#3994,#3995
    )),.UNSPECIFIED.,.F.,.F.,.F.,(2,2),(2,2),(0.,4.0707121503),(0.,1.),
  .PIECEWISE_BEZIER_KNOTS.);
#3992 = CARTESIAN_POINT('',(14.438262381114,-20.7730714241,
    187.2493900951));
#3993 = CARTESIAN_POINT('',(14.438262381114,-8.773071424103,
    187.2493900951));
#3994 = CARTESIAN_POINT('',(17.561737618886,-20.01762625031,
    184.75060990489));
#3995 = CARTESIAN_POINT('',(17.561737618886,-8.017626250316,
    184.75060990489));
#3996 = ADVANCED_FACE('',(#3997),#4037,.F.);
#3997 = FACE_BOUND('',#3998,.F.);
#3998 = EDGE_LOOP('',(#3999,#4007,#4015,#4023,#4029,#4030,#4036));
#3999 = ORIENTED_EDGE('',*,*,#4000,.F.);
#4000 = EDGE_CURVE('',#4001,#1443,#4003,.T.);
#4001 = VERTEX_POINT('',#4002);
#4002 = CARTESIAN_POINT('',(19.,-8.,141.));
#4003 = LINE('',#4004,#4005);
#4004 = CARTESIAN_POINT('',(19.,-8.,8.));
#4005 = VECTOR('',#4006,1.);
#4006 = DIRECTION('',(0.,0.,1.));
#4007 = ORIENTED_EDGE('',*,*,#4008,.F.);
#4008 = EDGE_CURVE('',#4009,#4001,#4011,.T.);
#4009 = VERTEX_POINT('',#4010);
#4010 = CARTESIAN_POINT('',(16.,-8.,144.));
#4011 = LINE('',#4012,#4013);
#4012 = CARTESIAN_POINT('',(51.75,-8.,108.25));
#4013 = VECTOR('',#4014,1.);
#4014 = DIRECTION('',(0.707106781187,0.,-0.707106781187));
#4015 = ORIENTED_EDGE('',*,*,#4016,.F.);
#4016 = EDGE_CURVE('',#4017,#4009,#4019,.T.);
#4017 = VERTEX_POINT('',#4018);
#4018 = CARTESIAN_POINT('',(13.,-8.,144.));
#4019 = LINE('',#4020,#4021);
#4020 = CARTESIAN_POINT('',(14.5,-8.,144.));
#4021 = VECTOR('',#4022,1.);
#4022 = DIRECTION('',(1.,0.,0.));
#4023 = ORIENTED_EDGE('',*,*,#4024,.T.);
#4024 = EDGE_CURVE('',#4017,#74,#4025,.T.);
#4025 = LINE('',#4026,#4027);
#4026 = CARTESIAN_POINT('',(13.,-8.,8.));
#4027 = VECTOR('',#4028,1.);
#4028 = DIRECTION('',(0.,0.,1.));
#4029 = ORIENTED_EDGE('',*,*,#162,.T.);
#4030 = ORIENTED_EDGE('',*,*,#4031,.T.);
#4031 = EDGE_CURVE('',#22,#3115,#4032,.T.);
#4032 = LINE('',#4033,#4034);
#4033 = CARTESIAN_POINT('',(13.,-8.,145.));
#4034 = VECTOR('',#4035,1.);
#4035 = DIRECTION('',(1.,0.,0.));
#4036 = ORIENTED_EDGE('',*,*,#3121,.T.);
#4037 = PLANE('',#4038);
#4038 = AXIS2_PLACEMENT_3D('',#4039,#4040,#4041);
#4039 = CARTESIAN_POINT('',(13.,-8.,8.));
#4040 = DIRECTION('',(0.,1.,0.));
#4041 = DIRECTION('',(0.,0.,1.));
#4042 = ADVANCED_FACE('',(#4043),#4053,.T.);
#4043 = FACE_BOUND('',#4044,.T.);
#4044 = EDGE_LOOP('',(#4045,#4046,#4052));
#4045 = ORIENTED_EDGE('',*,*,#3204,.F.);
#4046 = ORIENTED_EDGE('',*,*,#4047,.T.);
#4047 = EDGE_CURVE('',#3197,#3115,#4048,.T.);
#4048 = LINE('',#4049,#4050);
#4049 = CARTESIAN_POINT('',(17.561737618886,-8.680048168289,
    147.2493900951));
#4050 = VECTOR('',#4051,1.);
#4051 = DIRECTION('',(-0.76730437389,0.185580592755,-0.613843499112));
#4052 = ORIENTED_EDGE('',*,*,#3114,.T.);
#4053 = B_SPLINE_SURFACE_WITH_KNOTS('',1,1,(
    (#4054,#4055)
    ,(#4056,#4057
    )),.UNSPECIFIED.,.F.,.F.,.F.,(2,2),(2,2),(0.,4.0707121503),(0.,1.),
  .PIECEWISE_BEZIER_KNOTS.);
#4054 = CARTESIAN_POINT('',(17.561737618886,-8.680048168289,
    147.2493900951));
#4055 = CARTESIAN_POINT('',(17.561737618886,3.319951831711,
    147.2493900951));
#4056 = CARTESIAN_POINT('',(14.438262381114,-7.924602994502,
    144.75060990489));
#4057 = CARTESIAN_POINT('',(14.438262381114,4.075397005498,
    144.75060990489));
#4058 = ADVANCED_FACE('',(#4059),#4070,.T.);
#4059 = FACE_BOUND('',#4060,.T.);
#4060 = EDGE_LOOP('',(#4061,#4062,#4068,#4069));
#4061 = ORIENTED_EDGE('',*,*,#3382,.F.);
#4062 = ORIENTED_EDGE('',*,*,#4063,.T.);
#4063 = EDGE_CURVE('',#3375,#3671,#4064,.T.);
#4064 = LINE('',#4065,#4066);
#4065 = CARTESIAN_POINT('',(-17.56173761888,-20.01762625031,
    184.75060990489));
#4066 = VECTOR('',#4067,1.);
#4067 = DIRECTION('',(0.76730437389,-0.185580592755,0.613843499112));
#4068 = ORIENTED_EDGE('',*,*,#3670,.T.);
#4069 = ORIENTED_EDGE('',*,*,#3344,.T.);
#4070 = B_SPLINE_SURFACE_WITH_KNOTS('',1,1,(
    (#4071,#4072)
    ,(#4073,#4074
    )),.UNSPECIFIED.,.F.,.F.,.F.,(2,2),(2,2),(0.,4.0707121503),(0.,1.),
  .PIECEWISE_BEZIER_KNOTS.);
#4071 = CARTESIAN_POINT('',(-17.56173761888,-20.01762625031,
    184.75060990489));
#4072 = CARTESIAN_POINT('',(-17.56173761888,-8.017626250316,
    184.75060990489));
#4073 = CARTESIAN_POINT('',(-14.43826238111,-20.7730714241,
    187.2493900951));
#4074 = CARTESIAN_POINT('',(-14.43826238111,-8.773071424103,
    187.2493900951));
#4075 = ADVANCED_FACE('',(#4076),#4086,.T.);
#4076 = FACE_BOUND('',#4077,.T.);
#4077 = EDGE_LOOP('',(#4078,#4079,#4085));
#4078 = ORIENTED_EDGE('',*,*,#3324,.F.);
#4079 = ORIENTED_EDGE('',*,*,#4080,.T.);
#4080 = EDGE_CURVE('',#3317,#3456,#4081,.T.);
#4081 = LINE('',#4082,#4083);
#4082 = CARTESIAN_POINT('',(-14.43826238111,-7.924602994502,
    144.75060990489));
#4083 = VECTOR('',#4084,1.);
#4084 = DIRECTION('',(-0.76730437389,-0.185580592755,0.613843499112));
#4085 = ORIENTED_EDGE('',*,*,#3455,.T.);
#4086 = B_SPLINE_SURFACE_WITH_KNOTS('',1,1,(
    (#4087,#4088)
    ,(#4089,#4090
    )),.UNSPECIFIED.,.F.,.F.,.F.,(2,2),(2,2),(0.,4.0707121503),(0.,1.),
  .PIECEWISE_BEZIER_KNOTS.);
#4087 = CARTESIAN_POINT('',(-14.43826238111,-7.924602994502,
    144.75060990489));
#4088 = CARTESIAN_POINT('',(-14.43826238111,4.075397005498,
    144.75060990489));
#4089 = CARTESIAN_POINT('',(-17.56173761888,-8.680048168289,
    147.2493900951));
#4090 = CARTESIAN_POINT('',(-17.56173761888,3.319951831711,
    147.2493900951));
#4091 = ADVANCED_FACE('',(#4092),#4137,.F.);
#4092 = FACE_BOUND('',#4093,.F.);
#4093 = EDGE_LOOP('',(#4094,#4104,#4110,#4111,#4117,#4123,#4131));
#4094 = ORIENTED_EDGE('',*,*,#4095,.F.);
#4095 = EDGE_CURVE('',#4096,#4098,#4100,.T.);
#4096 = VERTEX_POINT('',#4097);
#4097 = CARTESIAN_POINT('',(-19.,-8.,141.));
#4098 = VERTEX_POINT('',#4099);
#4099 = CARTESIAN_POINT('',(-16.,-8.,144.));
#4100 = LINE('',#4101,#4102);
#4101 = CARTESIAN_POINT('',(-50.75,-8.,109.25));
#4102 = VECTOR('',#4103,1.);
#4103 = DIRECTION('',(0.707106781187,0.,0.707106781187));
#4104 = ORIENTED_EDGE('',*,*,#4105,.T.);
#4105 = EDGE_CURVE('',#4096,#1707,#4106,.T.);
#4106 = LINE('',#4107,#4108);
#4107 = CARTESIAN_POINT('',(-19.,-8.,8.));
#4108 = VECTOR('',#4109,1.);
#4109 = DIRECTION('',(0.,0.,1.));
#4110 = ORIENTED_EDGE('',*,*,#3316,.T.);
#4111 = ORIENTED_EDGE('',*,*,#4112,.T.);
#4112 = EDGE_CURVE('',#3317,#97,#4113,.T.);
#4113 = LINE('',#4114,#4115);
#4114 = CARTESIAN_POINT('',(-19.,-8.,145.));
#4115 = VECTOR('',#4116,1.);
#4116 = DIRECTION('',(1.,0.,0.));
#4117 = ORIENTED_EDGE('',*,*,#4118,.T.);
#4118 = EDGE_CURVE('',#97,#140,#4119,.T.);
#4119 = LINE('',#4120,#4121);
#4120 = CARTESIAN_POINT('',(-19.,-8.,145.));
#4121 = VECTOR('',#4122,1.);
#4122 = DIRECTION('',(1.,0.,0.));
#4123 = ORIENTED_EDGE('',*,*,#4124,.F.);
#4124 = EDGE_CURVE('',#4125,#140,#4127,.T.);
#4125 = VERTEX_POINT('',#4126);
#4126 = CARTESIAN_POINT('',(-13.,-8.,144.));
#4127 = LINE('',#4128,#4129);
#4128 = CARTESIAN_POINT('',(-13.,-8.,8.));
#4129 = VECTOR('',#4130,1.);
#4130 = DIRECTION('',(0.,0.,1.));
#4131 = ORIENTED_EDGE('',*,*,#4132,.F.);
#4132 = EDGE_CURVE('',#4098,#4125,#4133,.T.);
#4133 = LINE('',#4134,#4135);
#4134 = CARTESIAN_POINT('',(-1.5,-8.,144.));
#4135 = VECTOR('',#4136,1.);
#4136 = DIRECTION('',(1.,0.,0.));
#4137 = PLANE('',#4138);
#4138 = AXIS2_PLACEMENT_3D('',#4139,#4140,#4141);
#4139 = CARTESIAN_POINT('',(-19.,-8.,8.));
#4140 = DIRECTION('',(0.,1.,0.));
#4141 = DIRECTION('',(0.,0.,1.));
#4142 = ADVANCED_FACE('',(#4143),#4154,.T.);
#4143 = FACE_BOUND('',#4144,.T.);
#4144 = EDGE_LOOP('',(#4145,#4146,#4147,#4153));
#4145 = ORIENTED_EDGE('',*,*,#3518,.T.);
#4146 = ORIENTED_EDGE('',*,*,#3732,.T.);
#4147 = ORIENTED_EDGE('',*,*,#4148,.F.);
#4148 = EDGE_CURVE('',#3822,#3725,#4149,.T.);
#4149 = LINE('',#4150,#4151);
#4150 = CARTESIAN_POINT('',(-52.,38.,238.));
#4151 = VECTOR('',#4152,1.);
#4152 = DIRECTION('',(-0.707106781187,-0.707106781187,0.));
#4153 = ORIENTED_EDGE('',*,*,#3821,.F.);
#4154 = B_SPLINE_SURFACE_WITH_KNOTS('',1,1,(
    (#4155,#4156)
    ,(#4157,#4158
    )),.UNSPECIFIED.,.F.,.F.,.F.,(2,2),(2,2),(0.,9.899494936612),(0.,1.)
  ,.PIECEWISE_BEZIER_KNOTS.);
#4155 = CARTESIAN_POINT('',(-56.,43.,212.));
#4156 = CARTESIAN_POINT('',(-52.,38.,238.));
#4157 = CARTESIAN_POINT('',(-63.,36.,212.));
#4158 = CARTESIAN_POINT('',(-58.,32.,238.));
#4159 = ADVANCED_FACE('',(#4160),#4177,.T.);
#4160 = FACE_BOUND('',#4161,.T.);
#4161 = EDGE_LOOP('',(#4162,#4163,#4164,#4172));
#4162 = ORIENTED_EDGE('',*,*,#3701,.T.);
#4163 = ORIENTED_EDGE('',*,*,#3807,.T.);
#4164 = ORIENTED_EDGE('',*,*,#4165,.F.);
#4165 = EDGE_CURVE('',#4166,#3800,#4168,.T.);
#4166 = VERTEX_POINT('',#4167);
#4167 = CARTESIAN_POINT('',(-57.,-7.,248.));
#4168 = LINE('',#4169,#4170);
#4169 = CARTESIAN_POINT('',(-57.,-7.,248.));
#4170 = VECTOR('',#4171,1.);
#4171 = DIRECTION('',(0.707106781187,-0.707106781187,0.));
#4172 = ORIENTED_EDGE('',*,*,#4173,.F.);
#4173 = EDGE_CURVE('',#3702,#4166,#4174,.T.);
#4174 = B_SPLINE_CURVE_WITH_KNOTS('',1,(#4175,#4176),.UNSPECIFIED.,.F.,
  .F.,(2,2),(0.,1.),.PIECEWISE_BEZIER_KNOTS.);
#4175 = CARTESIAN_POINT('',(-59.,-8.5,244.));
#4176 = CARTESIAN_POINT('',(-57.,-7.,248.));
#4177 = B_SPLINE_SURFACE_WITH_KNOTS('',1,1,(
    (#4178,#4179)
    ,(#4180,#4181
    )),.UNSPECIFIED.,.F.,.F.,.F.,(2,2),(2,2),(0.,9.192388155425),(0.,1.)
  ,.PIECEWISE_BEZIER_KNOTS.);
#4178 = CARTESIAN_POINT('',(-59.,-8.5,244.));
#4179 = CARTESIAN_POINT('',(-57.,-7.,248.));
#4180 = CARTESIAN_POINT('',(-52.5,-15.,244.));
#4181 = CARTESIAN_POINT('',(-51.,-13.,248.));
#4182 = ADVANCED_FACE('',(#4183),#4200,.T.);
#4183 = FACE_BOUND('',#4184,.T.);
#4184 = EDGE_LOOP('',(#4185,#4186,#4187,#4195));
#4185 = ORIENTED_EDGE('',*,*,#3724,.T.);
#4186 = ORIENTED_EDGE('',*,*,#3709,.T.);
#4187 = ORIENTED_EDGE('',*,*,#4188,.F.);
#4188 = EDGE_CURVE('',#4189,#3702,#4191,.T.);
#4189 = VERTEX_POINT('',#4190);
#4190 = CARTESIAN_POINT('',(-59.,32.5,244.));
#4191 = LINE('',#4192,#4193);
#4192 = CARTESIAN_POINT('',(-59.,32.5,244.));
#4193 = VECTOR('',#4194,1.);
#4194 = DIRECTION('',(0.,-1.,0.));
#4195 = ORIENTED_EDGE('',*,*,#4196,.F.);
#4196 = EDGE_CURVE('',#3725,#4189,#4197,.T.);
#4197 = B_SPLINE_CURVE_WITH_KNOTS('',1,(#4198,#4199),.UNSPECIFIED.,.F.,
  .F.,(2,2),(0.,1.),.PIECEWISE_BEZIER_KNOTS.);
#4198 = CARTESIAN_POINT('',(-58.,32.,238.));
#4199 = CARTESIAN_POINT('',(-59.,32.5,244.));
#4200 = B_SPLINE_SURFACE_WITH_KNOTS('',1,1,(
    (#4201,#4202)
    ,(#4203,#4204
    )),.UNSPECIFIED.,.F.,.F.,.F.,(2,2),(2,2),(0.,41.),(0.,1.),
  .PIECEWISE_BEZIER_KNOTS.);
#4201 = CARTESIAN_POINT('',(-58.,32.,238.));
#4202 = CARTESIAN_POINT('',(-59.,32.5,244.));
#4203 = CARTESIAN_POINT('',(-58.,-8.,238.));
#4204 = CARTESIAN_POINT('',(-59.,-8.5,244.));
#4205 = ADVANCED_FACE('',(#4206),#4223,.T.);
#4206 = FACE_BOUND('',#4207,.T.);
#4207 = EDGE_LOOP('',(#4208,#4209,#4216,#4222));
#4208 = ORIENTED_EDGE('',*,*,#3753,.T.);
#4209 = ORIENTED_EDGE('',*,*,#4210,.T.);
#4210 = EDGE_CURVE('',#3747,#4211,#4213,.T.);
#4211 = VERTEX_POINT('',#4212);
#4212 = CARTESIAN_POINT('',(59.,32.5,244.));
#4213 = B_SPLINE_CURVE_WITH_KNOTS('',1,(#4214,#4215),.UNSPECIFIED.,.F.,
  .F.,(2,2),(0.,1.),.PIECEWISE_BEZIER_KNOTS.);
#4214 = CARTESIAN_POINT('',(58.,32.,238.));
#4215 = CARTESIAN_POINT('',(59.,32.5,244.));
#4216 = ORIENTED_EDGE('',*,*,#4217,.F.);
#4217 = EDGE_CURVE('',#3770,#4211,#4218,.T.);
#4218 = LINE('',#4219,#4220);
#4219 = CARTESIAN_POINT('',(59.,-8.5,244.));
#4220 = VECTOR('',#4221,1.);
#4221 = DIRECTION('',(0.,1.,0.));
#4222 = ORIENTED_EDGE('',*,*,#3769,.F.);
#4223 = B_SPLINE_SURFACE_WITH_KNOTS('',1,1,(
    (#4224,#4225)
    ,(#4226,#4227
    )),.UNSPECIFIED.,.F.,.F.,.F.,(2,2),(2,2),(0.,41.),(0.,1.),
  .PIECEWISE_BEZIER_KNOTS.);
#4224 = CARTESIAN_POINT('',(58.,-8.,238.));
#4225 = CARTESIAN_POINT('',(59.,-8.5,244.));
#4226 = CARTESIAN_POINT('',(58.,32.,238.));
#4227 = CARTESIAN_POINT('',(59.,32.5,244.));
#4228 = ADVANCED_FACE('',(#4229),#4246,.T.);
#4229 = FACE_BOUND('',#4230,.T.);
#4230 = EDGE_LOOP('',(#4231,#4232,#4239,#4245));
#4231 = ORIENTED_EDGE('',*,*,#3776,.T.);
#4232 = ORIENTED_EDGE('',*,*,#4233,.T.);
#4233 = EDGE_CURVE('',#3770,#4234,#4236,.T.);
#4234 = VERTEX_POINT('',#4235);
#4235 = CARTESIAN_POINT('',(57.,-7.,248.));
#4236 = B_SPLINE_CURVE_WITH_KNOTS('',1,(#4237,#4238),.UNSPECIFIED.,.F.,
  .F.,(2,2),(0.,1.),.PIECEWISE_BEZIER_KNOTS.);
#4237 = CARTESIAN_POINT('',(59.,-8.5,244.));
#4238 = CARTESIAN_POINT('',(57.,-7.,248.));
#4239 = ORIENTED_EDGE('',*,*,#4240,.F.);
#4240 = EDGE_CURVE('',#3793,#4234,#4241,.T.);
#4241 = LINE('',#4242,#4243);
#4242 = CARTESIAN_POINT('',(51.,-13.,248.));
#4243 = VECTOR('',#4244,1.);
#4244 = DIRECTION('',(0.707106781187,0.707106781187,0.));
#4245 = ORIENTED_EDGE('',*,*,#3792,.F.);
#4246 = B_SPLINE_SURFACE_WITH_KNOTS('',1,1,(
    (#4247,#4248)
    ,(#4249,#4250
    )),.UNSPECIFIED.,.F.,.F.,.F.,(2,2),(2,2),(0.,9.192388155425),(0.,1.)
  ,.PIECEWISE_BEZIER_KNOTS.);
#4247 = CARTESIAN_POINT('',(52.5,-15.,244.));
#4248 = CARTESIAN_POINT('',(51.,-13.,248.));
#4249 = CARTESIAN_POINT('',(59.,-8.5,244.));
#4250 = CARTESIAN_POINT('',(57.,-7.,248.));
#4251 = ADVANCED_FACE('',(#4252,#4295),#4357,.T.);
#4252 = FACE_BOUND('',#4253,.T.);
#4253 = EDGE_LOOP('',(#4254,#4255,#4256,#4264,#4272,#4280,#4288,#4294));
#4254 = ORIENTED_EDGE('',*,*,#3799,.T.);
#4255 = ORIENTED_EDGE('',*,*,#4240,.T.);
#4256 = ORIENTED_EDGE('',*,*,#4257,.T.);
#4257 = EDGE_CURVE('',#4234,#4258,#4260,.T.);
#4258 = VERTEX_POINT('',#4259);
#4259 = CARTESIAN_POINT('',(57.,31.,248.));
#4260 = LINE('',#4261,#4262);
#4261 = CARTESIAN_POINT('',(57.,-7.,248.));
#4262 = VECTOR('',#4263,1.);
#4263 = DIRECTION('',(0.,1.,0.));
#4264 = ORIENTED_EDGE('',*,*,#4265,.T.);
#4265 = EDGE_CURVE('',#4258,#4266,#4268,.T.);
#4266 = VERTEX_POINT('',#4267);
#4267 = CARTESIAN_POINT('',(51.,37.,248.));
#4268 = LINE('',#4269,#4270);
#4269 = CARTESIAN_POINT('',(57.,31.,248.));
#4270 = VECTOR('',#4271,1.);
#4271 = DIRECTION('',(-0.707106781187,0.707106781187,0.));
#4272 = ORIENTED_EDGE('',*,*,#4273,.T.);
#4273 = EDGE_CURVE('',#4266,#4274,#4276,.T.);
#4274 = VERTEX_POINT('',#4275);
#4275 = CARTESIAN_POINT('',(-51.,37.,248.));
#4276 = LINE('',#4277,#4278);
#4277 = CARTESIAN_POINT('',(51.,37.,248.));
#4278 = VECTOR('',#4279,1.);
#4279 = DIRECTION('',(-1.,0.,0.));
#4280 = ORIENTED_EDGE('',*,*,#4281,.T.);
#4281 = EDGE_CURVE('',#4274,#4282,#4284,.T.);
#4282 = VERTEX_POINT('',#4283);
#4283 = CARTESIAN_POINT('',(-57.,31.,248.));
#4284 = LINE('',#4285,#4286);
#4285 = CARTESIAN_POINT('',(-51.,37.,248.));
#4286 = VECTOR('',#4287,1.);
#4287 = DIRECTION('',(-0.707106781187,-0.707106781187,0.));
#4288 = ORIENTED_EDGE('',*,*,#4289,.T.);
#4289 = EDGE_CURVE('',#4282,#4166,#4290,.T.);
#4290 = LINE('',#4291,#4292);
#4291 = CARTESIAN_POINT('',(-57.,31.,248.));
#4292 = VECTOR('',#4293,1.);
#4293 = DIRECTION('',(0.,-1.,0.));
#4294 = ORIENTED_EDGE('',*,*,#4165,.T.);
#4295 = FACE_BOUND('',#4296,.T.);
#4296 = EDGE_LOOP('',(#4297,#4307,#4314,#4322,#4329,#4337,#4344,#4352));
#4297 = ORIENTED_EDGE('',*,*,#4298,.F.);
#4298 = EDGE_CURVE('',#4299,#4301,#4303,.T.);
#4299 = VERTEX_POINT('',#4300);
#4300 = CARTESIAN_POINT('',(50.1,-10.1,248.));
#4301 = VERTEX_POINT('',#4302);
#4302 = CARTESIAN_POINT('',(54.1,-6.1,248.));
#4303 = LINE('',#4304,#4305);
#4304 = CARTESIAN_POINT('',(24.1,-36.1,248.));
#4305 = VECTOR('',#4306,1.);
#4306 = DIRECTION('',(0.707106781187,0.707106781187,0.));
#4307 = ORIENTED_EDGE('',*,*,#4308,.T.);
#4308 = EDGE_CURVE('',#4299,#4309,#4311,.T.);
#4309 = VERTEX_POINT('',#4310);
#4310 = CARTESIAN_POINT('',(-50.1,-10.1,248.));
#4311 = B_SPLINE_CURVE_WITH_KNOTS('',1,(#4312,#4313),.UNSPECIFIED.,.F.,
  .F.,(2,2),(0.,1.),.PIECEWISE_BEZIER_KNOTS.);
#4312 = CARTESIAN_POINT('',(50.1,-10.1,248.));
#4313 = CARTESIAN_POINT('',(-50.1,-10.1,248.));
#4314 = ORIENTED_EDGE('',*,*,#4315,.F.);
#4315 = EDGE_CURVE('',#4316,#4309,#4318,.T.);
#4316 = VERTEX_POINT('',#4317);
#4317 = CARTESIAN_POINT('',(-54.1,-6.1,248.));
#4318 = LINE('',#4319,#4320);
#4319 = CARTESIAN_POINT('',(-51.6,-8.6,248.));
#4320 = VECTOR('',#4321,1.);
#4321 = DIRECTION('',(0.707106781187,-0.707106781187,0.));
#4322 = ORIENTED_EDGE('',*,*,#4323,.T.);
#4323 = EDGE_CURVE('',#4316,#4324,#4326,.T.);
#4324 = VERTEX_POINT('',#4325);
#4325 = CARTESIAN_POINT('',(-54.1,30.1,248.));
#4326 = B_SPLINE_CURVE_WITH_KNOTS('',1,(#4327,#4328),.UNSPECIFIED.,.F.,
  .F.,(2,2),(0.,1.),.PIECEWISE_BEZIER_KNOTS.);
#4327 = CARTESIAN_POINT('',(-54.1,-6.1,248.));
#4328 = CARTESIAN_POINT('',(-54.1,30.1,248.));
#4329 = ORIENTED_EDGE('',*,*,#4330,.F.);
#4330 = EDGE_CURVE('',#4331,#4324,#4333,.T.);
#4331 = VERTEX_POINT('',#4332);
#4332 = CARTESIAN_POINT('',(-50.1,34.1,248.));
#4333 = LINE('',#4334,#4335);
#4334 = CARTESIAN_POINT('',(-62.1,22.1,248.));
#4335 = VECTOR('',#4336,1.);
#4336 = DIRECTION('',(-0.707106781187,-0.707106781187,0.));
#4337 = ORIENTED_EDGE('',*,*,#4338,.T.);
#4338 = EDGE_CURVE('',#4331,#4339,#4341,.T.);
#4339 = VERTEX_POINT('',#4340);
#4340 = CARTESIAN_POINT('',(50.1,34.1,248.));
#4341 = B_SPLINE_CURVE_WITH_KNOTS('',1,(#4342,#4343),.UNSPECIFIED.,.F.,
  .F.,(2,2),(0.,1.),.PIECEWISE_BEZIER_KNOTS.);
#4342 = CARTESIAN_POINT('',(-50.1,34.1,248.));
#4343 = CARTESIAN_POINT('',(50.1,34.1,248.));
#4344 = ORIENTED_EDGE('',*,*,#4345,.F.);
#4345 = EDGE_CURVE('',#4346,#4339,#4348,.T.);
#4346 = VERTEX_POINT('',#4347);
#4347 = CARTESIAN_POINT('',(54.1,30.1,248.));
#4348 = LINE('',#4349,#4350);
#4349 = CARTESIAN_POINT('',(38.6,45.6,248.));
#4350 = VECTOR('',#4351,1.);
#4351 = DIRECTION('',(-0.707106781187,0.707106781187,0.));
#4352 = ORIENTED_EDGE('',*,*,#4353,.T.);
#4353 = EDGE_CURVE('',#4346,#4301,#4354,.T.);
#4354 = B_SPLINE_CURVE_WITH_KNOTS('',1,(#4355,#4356),.UNSPECIFIED.,.F.,
  .F.,(2,2),(0.,1.),.PIECEWISE_BEZIER_KNOTS.);
#4355 = CARTESIAN_POINT('',(54.1,30.1,248.));
#4356 = CARTESIAN_POINT('',(54.1,-6.1,248.));
#4357 = PLANE('',#4358);
#4358 = AXIS2_PLACEMENT_3D('',#4359,#4360,#4361);
#4359 = CARTESIAN_POINT('',(-51.,-13.,248.));
#4360 = DIRECTION('',(0.,0.,1.));
#4361 = DIRECTION('',(0.92609235977,0.377296887314,0.));
#4362 = ADVANCED_FACE('',(#4363),#4386,.T.);
#4363 = FACE_BOUND('',#4364,.T.);
#4364 = EDGE_LOOP('',(#4365,#4366,#4373,#4381));
#4365 = ORIENTED_EDGE('',*,*,#3828,.T.);
#4366 = ORIENTED_EDGE('',*,*,#4367,.T.);
#4367 = EDGE_CURVE('',#3822,#4368,#4370,.T.);
#4368 = VERTEX_POINT('',#4369);
#4369 = CARTESIAN_POINT('',(-52.5,39.,244.));
#4370 = B_SPLINE_CURVE_WITH_KNOTS('',1,(#4371,#4372),.UNSPECIFIED.,.F.,
  .F.,(2,2),(0.,1.),.PIECEWISE_BEZIER_KNOTS.);
#4371 = CARTESIAN_POINT('',(-52.,38.,238.));
#4372 = CARTESIAN_POINT('',(-52.5,39.,244.));
#4373 = ORIENTED_EDGE('',*,*,#4374,.F.);
#4374 = EDGE_CURVE('',#4375,#4368,#4377,.T.);
#4375 = VERTEX_POINT('',#4376);
#4376 = CARTESIAN_POINT('',(52.5,39.,244.));
#4377 = LINE('',#4378,#4379);
#4378 = CARTESIAN_POINT('',(52.5,39.,244.));
#4379 = VECTOR('',#4380,1.);
#4380 = DIRECTION('',(-1.,0.,0.));
#4381 = ORIENTED_EDGE('',*,*,#4382,.F.);
#4382 = EDGE_CURVE('',#3829,#4375,#4383,.T.);
#4383 = B_SPLINE_CURVE_WITH_KNOTS('',1,(#4384,#4385),.UNSPECIFIED.,.F.,
  .F.,(2,2),(0.,1.),.PIECEWISE_BEZIER_KNOTS.);
#4384 = CARTESIAN_POINT('',(52.,38.,238.));
#4385 = CARTESIAN_POINT('',(52.5,39.,244.));
#4386 = B_SPLINE_SURFACE_WITH_KNOTS('',1,1,(
    (#4387,#4388)
    ,(#4389,#4390
    )),.UNSPECIFIED.,.F.,.F.,.F.,(2,2),(2,2),(0.,105.),(0.,1.),
  .PIECEWISE_BEZIER_KNOTS.);
#4387 = CARTESIAN_POINT('',(52.,38.,238.));
#4388 = CARTESIAN_POINT('',(52.5,39.,244.));
#4389 = CARTESIAN_POINT('',(-52.,38.,238.));
#4390 = CARTESIAN_POINT('',(-52.5,39.,244.));
#4391 = ADVANCED_FACE('',(#4392),#4416,.F.);
#4392 = FACE_BOUND('',#4393,.F.);
#4393 = EDGE_LOOP('',(#4394,#4402,#4403,#4411));
#4394 = ORIENTED_EDGE('',*,*,#4395,.T.);
#4395 = EDGE_CURVE('',#4396,#3850,#4398,.T.);
#4396 = VERTEX_POINT('',#4397);
#4397 = CARTESIAN_POINT('',(37.,-7.,191.));
#4398 = LINE('',#4399,#4400);
#4399 = CARTESIAN_POINT('',(37.,-7.,191.));
#4400 = VECTOR('',#4401,1.);
#4401 = DIRECTION('',(-0.707106781187,0.707106781187,0.));
#4402 = ORIENTED_EDGE('',*,*,#3849,.T.);
#4403 = ORIENTED_EDGE('',*,*,#4404,.F.);
#4404 = EDGE_CURVE('',#4405,#3852,#4407,.T.);
#4405 = VERTEX_POINT('',#4406);
#4406 = CARTESIAN_POINT('',(51.,13.,205.));
#4407 = LINE('',#4408,#4409);
#4408 = CARTESIAN_POINT('',(51.,13.,205.));
#4409 = VECTOR('',#4410,1.);
#4410 = DIRECTION('',(-0.707106781187,0.707106781187,0.));
#4411 = ORIENTED_EDGE('',*,*,#4412,.F.);
#4412 = EDGE_CURVE('',#4396,#4405,#4413,.T.);
#4413 = B_SPLINE_CURVE_WITH_KNOTS('',1,(#4414,#4415),.UNSPECIFIED.,.F.,
  .F.,(2,2),(0.,1.),.PIECEWISE_BEZIER_KNOTS.);
#4414 = CARTESIAN_POINT('',(37.,-7.,191.));
#4415 = CARTESIAN_POINT('',(51.,13.,205.));
#4416 = B_SPLINE_SURFACE_WITH_KNOTS('',1,1,(
    (#4417,#4418)
    ,(#4419,#4420
    )),.UNSPECIFIED.,.F.,.F.,.F.,(2,2),(2,2),(0.,5.656854249492),(0.,1.)
  ,.PIECEWISE_BEZIER_KNOTS.);
#4417 = CARTESIAN_POINT('',(37.,-7.,191.));
#4418 = CARTESIAN_POINT('',(51.,13.,205.));
#4419 = CARTESIAN_POINT('',(35.,-5.,191.));
#4420 = CARTESIAN_POINT('',(47.,17.,205.));
#4421 = ADVANCED_FACE('',(#4422),#4446,.F.);
#4422 = FACE_BOUND('',#4423,.F.);
#4423 = EDGE_LOOP('',(#4424,#4432,#4439,#4445));
#4424 = ORIENTED_EDGE('',*,*,#4425,.T.);
#4425 = EDGE_CURVE('',#3859,#4426,#4428,.T.);
#4426 = VERTEX_POINT('',#4427);
#4427 = CARTESIAN_POINT('',(-37.,-7.,191.));
#4428 = LINE('',#4429,#4430);
#4429 = CARTESIAN_POINT('',(-35.,-5.,191.));
#4430 = VECTOR('',#4431,1.);
#4431 = DIRECTION('',(-0.707106781187,-0.707106781187,0.));
#4432 = ORIENTED_EDGE('',*,*,#4433,.T.);
#4433 = EDGE_CURVE('',#4426,#4434,#4436,.T.);
#4434 = VERTEX_POINT('',#4435);
#4435 = CARTESIAN_POINT('',(-51.,13.,205.));
#4436 = B_SPLINE_CURVE_WITH_KNOTS('',1,(#4437,#4438),.UNSPECIFIED.,.F.,
  .F.,(2,2),(0.,1.),.PIECEWISE_BEZIER_KNOTS.);
#4437 = CARTESIAN_POINT('',(-37.,-7.,191.));
#4438 = CARTESIAN_POINT('',(-51.,13.,205.));
#4439 = ORIENTED_EDGE('',*,*,#4440,.F.);
#4440 = EDGE_CURVE('',#3867,#4434,#4441,.T.);
#4441 = LINE('',#4442,#4443);
#4442 = CARTESIAN_POINT('',(-47.,17.,205.));
#4443 = VECTOR('',#4444,1.);
#4444 = DIRECTION('',(-0.707106781187,-0.707106781187,0.));
#4445 = ORIENTED_EDGE('',*,*,#3866,.F.);
#4446 = B_SPLINE_SURFACE_WITH_KNOTS('',1,1,(
    (#4447,#4448)
    ,(#4449,#4450
    )),.UNSPECIFIED.,.F.,.F.,.F.,(2,2),(2,2),(0.,5.656854249492),(0.,1.)
  ,.PIECEWISE_BEZIER_KNOTS.);
#4447 = CARTESIAN_POINT('',(-35.,-5.,191.));
#4448 = CARTESIAN_POINT('',(-47.,17.,205.));
#4449 = CARTESIAN_POINT('',(-37.,-7.,191.));
#4450 = CARTESIAN_POINT('',(-51.,13.,205.));
#4451 = ADVANCED_FACE('',(#4452),#4555,.T.);
#4452 = FACE_BOUND('',#4453,.T.);
#4453 = EDGE_LOOP('',(#4454,#4462,#4470,#4478,#4485,#4493,#4500,#4508,
    #4515,#4523,#4530,#4538,#4546,#4552,#4553,#4554));
#4454 = ORIENTED_EDGE('',*,*,#4455,.T.);
#4455 = EDGE_CURVE('',#4426,#4456,#4458,.T.);
#4456 = VERTEX_POINT('',#4457);
#4457 = CARTESIAN_POINT('',(-37.,-11.,191.));
#4458 = LINE('',#4459,#4460);
#4459 = CARTESIAN_POINT('',(-37.,-7.,191.));
#4460 = VECTOR('',#4461,1.);
#4461 = DIRECTION('',(0.,-1.,0.));
#4462 = ORIENTED_EDGE('',*,*,#4463,.T.);
#4463 = EDGE_CURVE('',#4456,#4464,#4466,.T.);
#4464 = VERTEX_POINT('',#4465);
#4465 = CARTESIAN_POINT('',(-35.,-13.,191.));
#4466 = LINE('',#4467,#4468);
#4467 = CARTESIAN_POINT('',(-37.,-11.,191.));
#4468 = VECTOR('',#4469,1.);
#4469 = DIRECTION('',(0.707106781187,-0.707106781187,0.));
#4470 = ORIENTED_EDGE('',*,*,#4471,.T.);
#4471 = EDGE_CURVE('',#4464,#4472,#4474,.T.);
#4472 = VERTEX_POINT('',#4473);
#4473 = CARTESIAN_POINT('',(-19.,-13.,191.));
#4474 = LINE('',#4475,#4476);
#4475 = CARTESIAN_POINT('',(-35.,-13.,191.));
#4476 = VECTOR('',#4477,1.);
#4477 = DIRECTION('',(1.,0.,0.));
#4478 = ORIENTED_EDGE('',*,*,#4479,.T.);
#4479 = EDGE_CURVE('',#4472,#4480,#4482,.T.);
#4480 = VERTEX_POINT('',#4481);
#4481 = CARTESIAN_POINT('',(-19.,-8.272727272727,191.));
#4482 = B_SPLINE_CURVE_WITH_KNOTS('',1,(#4483,#4484),.UNSPECIFIED.,.F.,
  .F.,(2,2),(0.,1.),.PIECEWISE_BEZIER_KNOTS.);
#4483 = CARTESIAN_POINT('',(-19.,-17.5,191.));
#4484 = CARTESIAN_POINT('',(-19.,-8.272727272727,191.));
#4485 = ORIENTED_EDGE('',*,*,#4486,.F.);
#4486 = EDGE_CURVE('',#4487,#4480,#4489,.T.);
#4487 = VERTEX_POINT('',#4488);
#4488 = CARTESIAN_POINT('',(-13.,-8.272727272727,191.));
#4489 = LINE('',#4490,#4491);
#4490 = CARTESIAN_POINT('',(-24.,-8.272727272727,191.));
#4491 = VECTOR('',#4492,1.);
#4492 = DIRECTION('',(-1.,0.,0.));
#4493 = ORIENTED_EDGE('',*,*,#4494,.T.);
#4494 = EDGE_CURVE('',#4487,#4495,#4497,.T.);
#4495 = VERTEX_POINT('',#4496);
#4496 = CARTESIAN_POINT('',(-13.,-13.,191.));
#4497 = B_SPLINE_CURVE_WITH_KNOTS('',1,(#4498,#4499),.UNSPECIFIED.,.F.,
  .F.,(2,2),(0.,1.),.PIECEWISE_BEZIER_KNOTS.);
#4498 = CARTESIAN_POINT('',(-13.,-8.272727272727,191.));
#4499 = CARTESIAN_POINT('',(-13.,-17.,191.));
#4500 = ORIENTED_EDGE('',*,*,#4501,.T.);
#4501 = EDGE_CURVE('',#4495,#4502,#4504,.T.);
#4502 = VERTEX_POINT('',#4503);
#4503 = CARTESIAN_POINT('',(13.,-13.,191.));
#4504 = LINE('',#4505,#4506);
#4505 = CARTESIAN_POINT('',(-35.,-13.,191.));
#4506 = VECTOR('',#4507,1.);
#4507 = DIRECTION('',(1.,0.,0.));
#4508 = ORIENTED_EDGE('',*,*,#4509,.T.);
#4509 = EDGE_CURVE('',#4502,#4510,#4512,.T.);
#4510 = VERTEX_POINT('',#4511);
#4511 = CARTESIAN_POINT('',(13.,-8.272727272727,191.));
#4512 = B_SPLINE_CURVE_WITH_KNOTS('',1,(#4513,#4514),.UNSPECIFIED.,.F.,
  .F.,(2,2),(0.,1.),.PIECEWISE_BEZIER_KNOTS.);
#4513 = CARTESIAN_POINT('',(13.,-14.83333333333,191.));
#4514 = CARTESIAN_POINT('',(13.,-8.272727272727,191.));
#4515 = ORIENTED_EDGE('',*,*,#4516,.F.);
#4516 = EDGE_CURVE('',#4517,#4510,#4519,.T.);
#4517 = VERTEX_POINT('',#4518);
#4518 = CARTESIAN_POINT('',(19.,-8.272727272727,191.));
#4519 = LINE('',#4520,#4521);
#4520 = CARTESIAN_POINT('',(-8.,-8.272727272727,191.));
#4521 = VECTOR('',#4522,1.);
#4522 = DIRECTION('',(-1.,0.,0.));
#4523 = ORIENTED_EDGE('',*,*,#4524,.T.);
#4524 = EDGE_CURVE('',#4517,#4525,#4527,.T.);
#4525 = VERTEX_POINT('',#4526);
#4526 = CARTESIAN_POINT('',(19.,-13.,191.));
#4527 = B_SPLINE_CURVE_WITH_KNOTS('',1,(#4528,#4529),.UNSPECIFIED.,.F.,
  .F.,(2,2),(0.,1.),.PIECEWISE_BEZIER_KNOTS.);
#4528 = CARTESIAN_POINT('',(19.,-8.272727272727,191.));
#4529 = CARTESIAN_POINT('',(19.,-14.33333333333,191.));
#4530 = ORIENTED_EDGE('',*,*,#4531,.T.);
#4531 = EDGE_CURVE('',#4525,#4532,#4534,.T.);
#4532 = VERTEX_POINT('',#4533);
#4533 = CARTESIAN_POINT('',(35.,-13.,191.));
#4534 = LINE('',#4535,#4536);
#4535 = CARTESIAN_POINT('',(-35.,-13.,191.));
#4536 = VECTOR('',#4537,1.);
#4537 = DIRECTION('',(1.,0.,0.));
#4538 = ORIENTED_EDGE('',*,*,#4539,.T.);
#4539 = EDGE_CURVE('',#4532,#4540,#4542,.T.);
#4540 = VERTEX_POINT('',#4541);
#4541 = CARTESIAN_POINT('',(37.,-11.,191.));
#4542 = LINE('',#4543,#4544);
#4543 = CARTESIAN_POINT('',(35.,-13.,191.));
#4544 = VECTOR('',#4545,1.);
#4545 = DIRECTION('',(0.707106781187,0.707106781187,0.));
#4546 = ORIENTED_EDGE('',*,*,#4547,.T.);
#4547 = EDGE_CURVE('',#4540,#4396,#4548,.T.);
#4548 = LINE('',#4549,#4550);
#4549 = CARTESIAN_POINT('',(37.,-11.,191.));
#4550 = VECTOR('',#4551,1.);
#4551 = DIRECTION('',(0.,1.,0.));
#4552 = ORIENTED_EDGE('',*,*,#4395,.T.);
#4553 = ORIENTED_EDGE('',*,*,#3858,.T.);
#4554 = ORIENTED_EDGE('',*,*,#4425,.T.);
#4555 = PLANE('',#4556);
#4556 = AXIS2_PLACEMENT_3D('',#4557,#4558,#4559);
#4557 = CARTESIAN_POINT('',(-35.,-13.,191.));
#4558 = DIRECTION('',(0.,0.,1.));
#4559 = DIRECTION('',(0.996545758245,8.304547985374E-02,0.));
#4560 = ADVANCED_FACE('',(#4561),#4578,.F.);
#4561 = FACE_BOUND('',#4562,.F.);
#4562 = EDGE_LOOP('',(#4563,#4564,#4565,#4573));
#4563 = ORIENTED_EDGE('',*,*,#4404,.T.);
#4564 = ORIENTED_EDGE('',*,*,#3925,.T.);
#4565 = ORIENTED_EDGE('',*,*,#4566,.F.);
#4566 = EDGE_CURVE('',#4567,#3926,#4569,.T.);
#4567 = VERTEX_POINT('',#4568);
#4568 = CARTESIAN_POINT('',(60.,35.,215.));
#4569 = LINE('',#4570,#4571);
#4570 = CARTESIAN_POINT('',(60.,35.,215.));
#4571 = VECTOR('',#4572,1.);
#4572 = DIRECTION('',(-0.707106781187,0.707106781187,0.));
#4573 = ORIENTED_EDGE('',*,*,#4574,.F.);
#4574 = EDGE_CURVE('',#4405,#4567,#4575,.T.);
#4575 = B_SPLINE_CURVE_WITH_KNOTS('',1,(#4576,#4577),.UNSPECIFIED.,.F.,
  .F.,(2,2),(0.,1.),.PIECEWISE_BEZIER_KNOTS.);
#4576 = CARTESIAN_POINT('',(51.,13.,205.));
#4577 = CARTESIAN_POINT('',(60.,35.,215.));
#4578 = B_SPLINE_SURFACE_WITH_KNOTS('',1,1,(
    (#4579,#4580)
    ,(#4581,#4582
    )),.UNSPECIFIED.,.F.,.F.,.F.,(2,2),(2,2),(0.,7.071067811865),(0.,1.)
  ,.PIECEWISE_BEZIER_KNOTS.);
#4579 = CARTESIAN_POINT('',(51.,13.,205.));
#4580 = CARTESIAN_POINT('',(60.,35.,215.));
#4581 = CARTESIAN_POINT('',(47.,17.,205.));
#4582 = CARTESIAN_POINT('',(55.,40.,215.));
#4583 = ADVANCED_FACE('',(#4584),#4607,.F.);
#4584 = FACE_BOUND('',#4585,.F.);
#4585 = EDGE_LOOP('',(#4586,#4587,#4594,#4602));
#4586 = ORIENTED_EDGE('',*,*,#3952,.T.);
#4587 = ORIENTED_EDGE('',*,*,#4588,.T.);
#4588 = EDGE_CURVE('',#3946,#4589,#4591,.T.);
#4589 = VERTEX_POINT('',#4590);
#4590 = CARTESIAN_POINT('',(-50.,34.,238.));
#4591 = B_SPLINE_CURVE_WITH_KNOTS('',1,(#4592,#4593),.UNSPECIFIED.,.F.,
  .F.,(2,2),(0.,1.),.PIECEWISE_BEZIER_KNOTS.);
#4592 = CARTESIAN_POINT('',(-55.,40.,215.));
#4593 = CARTESIAN_POINT('',(-50.,34.,238.));
#4594 = ORIENTED_EDGE('',*,*,#4595,.F.);
#4595 = EDGE_CURVE('',#4596,#4589,#4598,.T.);
#4596 = VERTEX_POINT('',#4597);
#4597 = CARTESIAN_POINT('',(50.,34.,238.));
#4598 = LINE('',#4599,#4600);
#4599 = CARTESIAN_POINT('',(50.,34.,238.));
#4600 = VECTOR('',#4601,1.);
#4601 = DIRECTION('',(-1.,0.,0.));
#4602 = ORIENTED_EDGE('',*,*,#4603,.F.);
#4603 = EDGE_CURVE('',#3926,#4596,#4604,.T.);
#4604 = B_SPLINE_CURVE_WITH_KNOTS('',1,(#4605,#4606),.UNSPECIFIED.,.F.,
  .F.,(2,2),(0.,1.),.PIECEWISE_BEZIER_KNOTS.);
#4605 = CARTESIAN_POINT('',(55.,40.,215.));
#4606 = CARTESIAN_POINT('',(50.,34.,238.));
#4607 = B_SPLINE_SURFACE_WITH_KNOTS('',1,1,(
    (#4608,#4609)
    ,(#4610,#4611
    )),.UNSPECIFIED.,.F.,.F.,.F.,(2,2),(2,2),(0.,110.),(0.,1.),
  .PIECEWISE_BEZIER_KNOTS.);
#4608 = CARTESIAN_POINT('',(55.,40.,215.));
#4609 = CARTESIAN_POINT('',(50.,34.,238.));
#4610 = CARTESIAN_POINT('',(-55.,40.,215.));
#4611 = CARTESIAN_POINT('',(-50.,34.,238.));
#4612 = ADVANCED_FACE('',(#4613),#4630,.F.);
#4613 = FACE_BOUND('',#4614,.F.);
#4614 = EDGE_LOOP('',(#4615,#4616,#4623,#4629));
#4615 = ORIENTED_EDGE('',*,*,#4440,.T.);
#4616 = ORIENTED_EDGE('',*,*,#4617,.T.);
#4617 = EDGE_CURVE('',#4434,#4618,#4620,.T.);
#4618 = VERTEX_POINT('',#4619);
#4619 = CARTESIAN_POINT('',(-60.,35.,215.));
#4620 = B_SPLINE_CURVE_WITH_KNOTS('',1,(#4621,#4622),.UNSPECIFIED.,.F.,
  .F.,(2,2),(0.,1.),.PIECEWISE_BEZIER_KNOTS.);
#4621 = CARTESIAN_POINT('',(-51.,13.,205.));
#4622 = CARTESIAN_POINT('',(-60.,35.,215.));
#4623 = ORIENTED_EDGE('',*,*,#4624,.F.);
#4624 = EDGE_CURVE('',#3946,#4618,#4625,.T.);
#4625 = LINE('',#4626,#4627);
#4626 = CARTESIAN_POINT('',(-55.,40.,215.));
#4627 = VECTOR('',#4628,1.);
#4628 = DIRECTION('',(-0.707106781187,-0.707106781187,0.));
#4629 = ORIENTED_EDGE('',*,*,#3945,.F.);
#4630 = B_SPLINE_SURFACE_WITH_KNOTS('',1,1,(
    (#4631,#4632)
    ,(#4633,#4634
    )),.UNSPECIFIED.,.F.,.F.,.F.,(2,2),(2,2),(0.,7.071067811865),(0.,1.)
  ,.PIECEWISE_BEZIER_KNOTS.);
#4631 = CARTESIAN_POINT('',(-47.,17.,205.));
#4632 = CARTESIAN_POINT('',(-55.,40.,215.));
#4633 = CARTESIAN_POINT('',(-51.,13.,205.));
#4634 = CARTESIAN_POINT('',(-60.,35.,215.));
#4635 = ADVANCED_FACE('',(#4636),#4647,.T.);
#4636 = FACE_BOUND('',#4637,.T.);
#4637 = EDGE_LOOP('',(#4638,#4639,#4640,#4646));
#4638 = ORIENTED_EDGE('',*,*,#3968,.T.);
#4639 = ORIENTED_EDGE('',*,*,#4382,.T.);
#4640 = ORIENTED_EDGE('',*,*,#4641,.F.);
#4641 = EDGE_CURVE('',#4211,#4375,#4642,.T.);
#4642 = LINE('',#4643,#4644);
#4643 = CARTESIAN_POINT('',(59.,32.5,244.));
#4644 = VECTOR('',#4645,1.);
#4645 = DIRECTION('',(-0.707106781187,0.707106781187,0.));
#4646 = ORIENTED_EDGE('',*,*,#4210,.F.);
#4647 = B_SPLINE_SURFACE_WITH_KNOTS('',1,1,(
    (#4648,#4649)
    ,(#4650,#4651
    )),.UNSPECIFIED.,.F.,.F.,.F.,(2,2),(2,2),(0.,9.192388155425),(0.,1.)
  ,.PIECEWISE_BEZIER_KNOTS.);
#4648 = CARTESIAN_POINT('',(58.,32.,238.));
#4649 = CARTESIAN_POINT('',(59.,32.5,244.));
#4650 = CARTESIAN_POINT('',(52.,38.,238.));
#4651 = CARTESIAN_POINT('',(52.5,39.,244.));
#4652 = ADVANCED_FACE('',(#4653),#4694,.T.);
#4653 = FACE_BOUND('',#4654,.T.);
#4654 = EDGE_LOOP('',(#4655,#4665,#4671,#4672,#4680,#4688));
#4655 = ORIENTED_EDGE('',*,*,#4656,.F.);
#4656 = EDGE_CURVE('',#4657,#4659,#4661,.T.);
#4657 = VERTEX_POINT('',#4658);
#4658 = CARTESIAN_POINT('',(16.,-13.2,144.));
#4659 = VERTEX_POINT('',#4660);
#4660 = CARTESIAN_POINT('',(8.2,-13.2,144.));
#4661 = LINE('',#4662,#4663);
#4662 = CARTESIAN_POINT('',(16.,-13.2,144.));
#4663 = VECTOR('',#4664,1.);
#4664 = DIRECTION('',(-1.,0.,0.));
#4665 = ORIENTED_EDGE('',*,*,#4666,.T.);
#4666 = EDGE_CURVE('',#4657,#4009,#4667,.T.);
#4667 = LINE('',#4668,#4669);
#4668 = CARTESIAN_POINT('',(16.,-13.2,144.));
#4669 = VECTOR('',#4670,1.);
#4670 = DIRECTION('',(0.,1.,0.));
#4671 = ORIENTED_EDGE('',*,*,#4016,.F.);
#4672 = ORIENTED_EDGE('',*,*,#4673,.F.);
#4673 = EDGE_CURVE('',#4674,#4017,#4676,.T.);
#4674 = VERTEX_POINT('',#4675);
#4675 = CARTESIAN_POINT('',(13.,-6.7,144.));
#4676 = LINE('',#4677,#4678);
#4677 = CARTESIAN_POINT('',(13.,-10.6,144.));
#4678 = VECTOR('',#4679,1.);
#4679 = DIRECTION('',(0.,-1.,0.));
#4680 = ORIENTED_EDGE('',*,*,#4681,.T.);
#4681 = EDGE_CURVE('',#4674,#4682,#4684,.T.);
#4682 = VERTEX_POINT('',#4683);
#4683 = CARTESIAN_POINT('',(8.2,-6.7,144.));
#4684 = LINE('',#4685,#4686);
#4685 = CARTESIAN_POINT('',(16.,-6.7,144.));
#4686 = VECTOR('',#4687,1.);
#4687 = DIRECTION('',(-1.,0.,0.));
#4688 = ORIENTED_EDGE('',*,*,#4689,.F.);
#4689 = EDGE_CURVE('',#4659,#4682,#4690,.T.);
#4690 = LINE('',#4691,#4692);
#4691 = CARTESIAN_POINT('',(8.2,-13.4,144.));
#4692 = VECTOR('',#4693,1.);
#4693 = DIRECTION('',(0.,1.,0.));
#4694 = PLANE('',#4695);
#4695 = AXIS2_PLACEMENT_3D('',#4696,#4697,#4698);
#4696 = CARTESIAN_POINT('',(16.,-13.2,144.));
#4697 = DIRECTION('',(0.,0.,1.));
#4698 = DIRECTION('',(-1.,0.,0.));
#4699 = ADVANCED_FACE('',(#4700),#4734,.T.);
#4700 = FACE_BOUND('',#4701,.T.);
#4701 = EDGE_LOOP('',(#4702,#4710,#4718,#4726,#4732,#4733));
#4702 = ORIENTED_EDGE('',*,*,#4703,.F.);
#4703 = EDGE_CURVE('',#4704,#4657,#4706,.T.);
#4704 = VERTEX_POINT('',#4705);
#4705 = CARTESIAN_POINT('',(21.,-13.2,139.));
#4706 = LINE('',#4707,#4708);
#4707 = CARTESIAN_POINT('',(21.,-13.2,139.));
#4708 = VECTOR('',#4709,1.);
#4709 = DIRECTION('',(-0.707106781187,0.,0.707106781187));
#4710 = ORIENTED_EDGE('',*,*,#4711,.T.);
#4711 = EDGE_CURVE('',#4704,#4712,#4714,.T.);
#4712 = VERTEX_POINT('',#4713);
#4713 = CARTESIAN_POINT('',(21.,-6.7,139.));
#4714 = LINE('',#4715,#4716);
#4715 = CARTESIAN_POINT('',(21.,-13.2,139.));
#4716 = VECTOR('',#4717,1.);
#4717 = DIRECTION('',(0.,1.,0.));
#4718 = ORIENTED_EDGE('',*,*,#4719,.T.);
#4719 = EDGE_CURVE('',#4712,#4720,#4722,.T.);
#4720 = VERTEX_POINT('',#4721);
#4721 = CARTESIAN_POINT('',(19.,-6.7,141.));
#4722 = LINE('',#4723,#4724);
#4723 = CARTESIAN_POINT('',(21.,-6.7,139.));
#4724 = VECTOR('',#4725,1.);
#4725 = DIRECTION('',(-0.707106781187,0.,0.707106781187));
#4726 = ORIENTED_EDGE('',*,*,#4727,.T.);
#4727 = EDGE_CURVE('',#4720,#4001,#4728,.T.);
#4728 = LINE('',#4729,#4730);
#4729 = CARTESIAN_POINT('',(19.,-10.6,141.));
#4730 = VECTOR('',#4731,1.);
#4731 = DIRECTION('',(0.,-1.,0.));
#4732 = ORIENTED_EDGE('',*,*,#4008,.F.);
#4733 = ORIENTED_EDGE('',*,*,#4666,.F.);
#4734 = PLANE('',#4735);
#4735 = AXIS2_PLACEMENT_3D('',#4736,#4737,#4738);
#4736 = CARTESIAN_POINT('',(21.,-13.2,139.));
#4737 = DIRECTION('',(0.707106781187,0.,0.707106781187));
#4738 = DIRECTION('',(-0.707106781187,0.,0.707106781187));
#4739 = ADVANCED_FACE('',(#4740),#4765,.F.);
#4740 = FACE_BOUND('',#4741,.F.);
#4741 = EDGE_LOOP('',(#4742,#4750,#4758,#4764));
#4742 = ORIENTED_EDGE('',*,*,#4743,.T.);
#4743 = EDGE_CURVE('',#4720,#4744,#4746,.T.);
#4744 = VERTEX_POINT('',#4745);
#4745 = CARTESIAN_POINT('',(19.,-6.7,71.));
#4746 = LINE('',#4747,#4748);
#4747 = CARTESIAN_POINT('',(19.,-6.7,57.));
#4748 = VECTOR('',#4749,1.);
#4749 = DIRECTION('',(0.,0.,-1.));
#4750 = ORIENTED_EDGE('',*,*,#4751,.T.);
#4751 = EDGE_CURVE('',#4744,#4752,#4754,.T.);
#4752 = VERTEX_POINT('',#4753);
#4753 = CARTESIAN_POINT('',(21.,-6.7,73.));
#4754 = LINE('',#4755,#4756);
#4755 = CARTESIAN_POINT('',(16.,-6.7,68.));
#4756 = VECTOR('',#4757,1.);
#4757 = DIRECTION('',(0.707106781187,0.,0.707106781187));
#4758 = ORIENTED_EDGE('',*,*,#4759,.T.);
#4759 = EDGE_CURVE('',#4752,#4712,#4760,.T.);
#4760 = LINE('',#4761,#4762);
#4761 = CARTESIAN_POINT('',(21.,-6.7,73.));
#4762 = VECTOR('',#4763,1.);
#4763 = DIRECTION('',(0.,0.,1.));
#4764 = ORIENTED_EDGE('',*,*,#4719,.T.);
#4765 = PLANE('',#4766);
#4766 = AXIS2_PLACEMENT_3D('',#4767,#4768,#4769);
#4767 = CARTESIAN_POINT('',(1.267218127795E-16,-6.7,106.));
#4768 = DIRECTION('',(-0.,-1.,-0.));
#4769 = DIRECTION('',(0.,0.,-1.));
#4770 = ADVANCED_FACE('',(#4771),#4812,.T.);
#4771 = FACE_BOUND('',#4772,.T.);
#4772 = EDGE_LOOP('',(#4773,#4783,#4791,#4799,#4805,#4806));
#4773 = ORIENTED_EDGE('',*,*,#4774,.F.);
#4774 = EDGE_CURVE('',#4775,#4777,#4779,.T.);
#4775 = VERTEX_POINT('',#4776);
#4776 = CARTESIAN_POINT('',(16.,-13.2,68.));
#4777 = VERTEX_POINT('',#4778);
#4778 = CARTESIAN_POINT('',(21.,-13.2,73.));
#4779 = LINE('',#4780,#4781);
#4780 = CARTESIAN_POINT('',(16.,-13.2,68.));
#4781 = VECTOR('',#4782,1.);
#4782 = DIRECTION('',(0.707106781187,0.,0.707106781187));
#4783 = ORIENTED_EDGE('',*,*,#4784,.T.);
#4784 = EDGE_CURVE('',#4775,#4785,#4787,.T.);
#4785 = VERTEX_POINT('',#4786);
#4786 = CARTESIAN_POINT('',(16.,-8.,68.));
#4787 = LINE('',#4788,#4789);
#4788 = CARTESIAN_POINT('',(16.,-13.2,68.));
#4789 = VECTOR('',#4790,1.);
#4790 = DIRECTION('',(0.,1.,0.));
#4791 = ORIENTED_EDGE('',*,*,#4792,.F.);
#4792 = EDGE_CURVE('',#4793,#4785,#4795,.T.);
#4793 = VERTEX_POINT('',#4794);
#4794 = CARTESIAN_POINT('',(19.,-8.,71.));
#4795 = LINE('',#4796,#4797);
#4796 = CARTESIAN_POINT('',(0.25,-8.,52.25));
#4797 = VECTOR('',#4798,1.);
#4798 = DIRECTION('',(-0.707106781187,0.,-0.707106781187));
#4799 = ORIENTED_EDGE('',*,*,#4800,.T.);
#4800 = EDGE_CURVE('',#4793,#4744,#4801,.T.);
#4801 = LINE('',#4802,#4803);
#4802 = CARTESIAN_POINT('',(19.,-10.6,71.));
#4803 = VECTOR('',#4804,1.);
#4804 = DIRECTION('',(0.,1.,0.));
#4805 = ORIENTED_EDGE('',*,*,#4751,.T.);
#4806 = ORIENTED_EDGE('',*,*,#4807,.F.);
#4807 = EDGE_CURVE('',#4777,#4752,#4808,.T.);
#4808 = LINE('',#4809,#4810);
#4809 = CARTESIAN_POINT('',(21.,-13.2,73.));
#4810 = VECTOR('',#4811,1.);
#4811 = DIRECTION('',(0.,1.,0.));
#4812 = PLANE('',#4813);
#4813 = AXIS2_PLACEMENT_3D('',#4814,#4815,#4816);
#4814 = CARTESIAN_POINT('',(16.,-13.2,68.));
#4815 = DIRECTION('',(0.707106781187,0.,-0.707106781187));
#4816 = DIRECTION('',(0.707106781187,0.,0.707106781187));
#4817 = ADVANCED_FACE('',(#4818),#4875,.F.);
#4818 = FACE_BOUND('',#4819,.F.);
#4819 = EDGE_LOOP('',(#4820,#4828,#4836,#4844,#4852,#4860,#4868,#4874));
#4820 = ORIENTED_EDGE('',*,*,#4821,.F.);
#4821 = EDGE_CURVE('',#4822,#4682,#4824,.T.);
#4822 = VERTEX_POINT('',#4823);
#4823 = CARTESIAN_POINT('',(8.2,-6.7,68.));
#4824 = LINE('',#4825,#4826);
#4825 = CARTESIAN_POINT('',(8.2,-6.7,87.));
#4826 = VECTOR('',#4827,1.);
#4827 = DIRECTION('',(0.,0.,1.));
#4828 = ORIENTED_EDGE('',*,*,#4829,.T.);
#4829 = EDGE_CURVE('',#4822,#4830,#4832,.T.);
#4830 = VERTEX_POINT('',#4831);
#4831 = CARTESIAN_POINT('',(13.,-6.7,68.));
#4832 = LINE('',#4833,#4834);
#4833 = CARTESIAN_POINT('',(-16.,-6.7,68.));
#4834 = VECTOR('',#4835,1.);
#4835 = DIRECTION('',(1.,0.,0.));
#4836 = ORIENTED_EDGE('',*,*,#4837,.F.);
#4837 = EDGE_CURVE('',#4838,#4830,#4840,.T.);
#4838 = VERTEX_POINT('',#4839);
#4839 = CARTESIAN_POINT('',(13.,-6.7,84.2));
#4840 = LINE('',#4841,#4842);
#4841 = CARTESIAN_POINT('',(13.,-6.7,57.));
#4842 = VECTOR('',#4843,1.);
#4843 = DIRECTION('',(0.,0.,-1.));
#4844 = ORIENTED_EDGE('',*,*,#4845,.F.);
#4845 = EDGE_CURVE('',#4846,#4838,#4848,.T.);
#4846 = VERTEX_POINT('',#4847);
#4847 = CARTESIAN_POINT('',(8.45,-6.7,88.75));
#4848 = LINE('',#4849,#4850);
#4849 = CARTESIAN_POINT('',(2.025,-6.7,95.175));
#4850 = VECTOR('',#4851,1.);
#4851 = DIRECTION('',(0.707106781187,0.,-0.707106781187));
#4852 = ORIENTED_EDGE('',*,*,#4853,.F.);
#4853 = EDGE_CURVE('',#4854,#4846,#4856,.T.);
#4854 = VERTEX_POINT('',#4855);
#4855 = CARTESIAN_POINT('',(8.45,-6.7,123.25));
#4856 = LINE('',#4857,#4858);
#4857 = CARTESIAN_POINT('',(8.45,-6.7,114.625));
#4858 = VECTOR('',#4859,1.);
#4859 = DIRECTION('',(0.,0.,-1.));
#4860 = ORIENTED_EDGE('',*,*,#4861,.F.);
#4861 = EDGE_CURVE('',#4862,#4854,#4864,.T.);
#4862 = VERTEX_POINT('',#4863);
#4863 = CARTESIAN_POINT('',(13.,-6.7,127.8));
#4864 = LINE('',#4865,#4866);
#4865 = CARTESIAN_POINT('',(4.4,-6.7,119.2));
#4866 = VECTOR('',#4867,1.);
#4867 = DIRECTION('',(-0.707106781187,0.,-0.707106781187));
#4868 = ORIENTED_EDGE('',*,*,#4869,.F.);
#4869 = EDGE_CURVE('',#4674,#4862,#4870,.T.);
#4870 = LINE('',#4871,#4872);
#4871 = CARTESIAN_POINT('',(13.,-6.7,57.));
#4872 = VECTOR('',#4873,1.);
#4873 = DIRECTION('',(0.,0.,-1.));
#4874 = ORIENTED_EDGE('',*,*,#4681,.T.);
#4875 = PLANE('',#4876);
#4876 = AXIS2_PLACEMENT_3D('',#4877,#4878,#4879);
#4877 = CARTESIAN_POINT('',(1.267218127795E-16,-6.7,106.));
#4878 = DIRECTION('',(-0.,-1.,-0.));
#4879 = DIRECTION('',(0.,0.,-1.));
#4880 = ADVANCED_FACE('',(#4881),#4938,.F.);
#4881 = FACE_BOUND('',#4882,.F.);
#4882 = EDGE_LOOP('',(#4883,#4893,#4901,#4909,#4915,#4916,#4924,#4932));
#4883 = ORIENTED_EDGE('',*,*,#4884,.F.);
#4884 = EDGE_CURVE('',#4885,#4887,#4889,.T.);
#4885 = VERTEX_POINT('',#4886);
#4886 = CARTESIAN_POINT('',(10.,-13.2,87.2));
#4887 = VERTEX_POINT('',#4888);
#4888 = CARTESIAN_POINT('',(13.2,-13.2,84.));
#4889 = LINE('',#4890,#4891);
#4890 = CARTESIAN_POINT('',(2.025,-13.2,95.175));
#4891 = VECTOR('',#4892,1.);
#4892 = DIRECTION('',(0.707106781187,0.,-0.707106781187));
#4893 = ORIENTED_EDGE('',*,*,#4894,.F.);
#4894 = EDGE_CURVE('',#4895,#4885,#4897,.T.);
#4895 = VERTEX_POINT('',#4896);
#4896 = CARTESIAN_POINT('',(10.,-12.8,87.2));
#4897 = LINE('',#4898,#4899);
#4898 = CARTESIAN_POINT('',(10.,-13.65,87.2));
#4899 = VECTOR('',#4900,1.);
#4900 = DIRECTION('',(0.,-1.,0.));
#4901 = ORIENTED_EDGE('',*,*,#4902,.F.);
#4902 = EDGE_CURVE('',#4903,#4895,#4905,.T.);
#4903 = VERTEX_POINT('',#4904);
#4904 = CARTESIAN_POINT('',(8.45,-12.8,88.75));
#4905 = LINE('',#4906,#4907);
#4906 = CARTESIAN_POINT('',(9.025,-12.8,88.175));
#4907 = VECTOR('',#4908,1.);
#4908 = DIRECTION('',(0.707106781187,0.,-0.707106781187));
#4909 = ORIENTED_EDGE('',*,*,#4910,.T.);
#4910 = EDGE_CURVE('',#4903,#4846,#4911,.T.);
#4911 = LINE('',#4912,#4913);
#4912 = CARTESIAN_POINT('',(8.45,-13.5,88.75));
#4913 = VECTOR('',#4914,1.);
#4914 = DIRECTION('',(0.,1.,0.));
#4915 = ORIENTED_EDGE('',*,*,#4845,.T.);
#4916 = ORIENTED_EDGE('',*,*,#4917,.F.);
#4917 = EDGE_CURVE('',#4918,#4838,#4920,.T.);
#4918 = VERTEX_POINT('',#4919);
#4919 = CARTESIAN_POINT('',(13.,-8.,84.2));
#4920 = LINE('',#4921,#4922);
#4921 = CARTESIAN_POINT('',(13.,-10.75,84.2));
#4922 = VECTOR('',#4923,1.);
#4923 = DIRECTION('',(0.,1.,0.));
#4924 = ORIENTED_EDGE('',*,*,#4925,.F.);
#4925 = EDGE_CURVE('',#4926,#4918,#4928,.T.);
#4926 = VERTEX_POINT('',#4927);
#4927 = CARTESIAN_POINT('',(13.2,-8.,84.));
#4928 = LINE('',#4929,#4930);
#4929 = CARTESIAN_POINT('',(29.775,-8.,67.425));
#4930 = VECTOR('',#4931,1.);
#4931 = DIRECTION('',(-0.707106781187,0.,0.707106781187));
#4932 = ORIENTED_EDGE('',*,*,#4933,.F.);
#4933 = EDGE_CURVE('',#4887,#4926,#4934,.T.);
#4934 = LINE('',#4935,#4936);
#4935 = CARTESIAN_POINT('',(13.2,-13.5,84.));
#4936 = VECTOR('',#4937,1.);
#4937 = DIRECTION('',(0.,1.,0.));
#4938 = PLANE('',#4939);
#4939 = AXIS2_PLACEMENT_3D('',#4940,#4941,#4942);
#4940 = CARTESIAN_POINT('',(8.45,-13.5,88.75));
#4941 = DIRECTION('',(-0.707106781187,0.,-0.707106781187));
#4942 = DIRECTION('',(0.707106781187,0.,-0.707106781187));
#4943 = ADVANCED_FACE('',(#4944),#4985,.F.);
#4944 = FACE_BOUND('',#4945,.F.);
#4945 = EDGE_LOOP('',(#4946,#4947,#4955,#4963,#4971,#4979));
#4946 = ORIENTED_EDGE('',*,*,#4925,.T.);
#4947 = ORIENTED_EDGE('',*,*,#4948,.T.);
#4948 = EDGE_CURVE('',#4918,#4949,#4951,.T.);
#4949 = VERTEX_POINT('',#4950);
#4950 = CARTESIAN_POINT('',(13.,-8.,127.8));
#4951 = LINE('',#4952,#4953);
#4952 = CARTESIAN_POINT('',(13.,-8.,8.));
#4953 = VECTOR('',#4954,1.);
#4954 = DIRECTION('',(0.,0.,1.));
#4955 = ORIENTED_EDGE('',*,*,#4956,.T.);
#4956 = EDGE_CURVE('',#4949,#4957,#4959,.T.);
#4957 = VERTEX_POINT('',#4958);
#4958 = CARTESIAN_POINT('',(13.2,-8.,128.));
#4959 = LINE('',#4960,#4961);
#4960 = CARTESIAN_POINT('',(-16.85,-8.,97.95));
#4961 = VECTOR('',#4962,1.);
#4962 = DIRECTION('',(0.707106781187,0.,0.707106781187));
#4963 = ORIENTED_EDGE('',*,*,#4964,.T.);
#4964 = EDGE_CURVE('',#4957,#4965,#4967,.T.);
#4965 = VERTEX_POINT('',#4966);
#4966 = CARTESIAN_POINT('',(17.95,-8.,123.25));
#4967 = LINE('',#4968,#4969);
#4968 = CARTESIAN_POINT('',(45.525,-8.,95.675));
#4969 = VECTOR('',#4970,1.);
#4970 = DIRECTION('',(0.707106781187,0.,-0.707106781187));
#4971 = ORIENTED_EDGE('',*,*,#4972,.T.);
#4972 = EDGE_CURVE('',#4965,#4973,#4975,.T.);
#4973 = VERTEX_POINT('',#4974);
#4974 = CARTESIAN_POINT('',(17.95,-8.,88.75));
#4975 = LINE('',#4976,#4977);
#4976 = CARTESIAN_POINT('',(17.95,-8.,48.375));
#4977 = VECTOR('',#4978,1.);
#4978 = DIRECTION('',(0.,0.,-1.));
#4979 = ORIENTED_EDGE('',*,*,#4980,.T.);
#4980 = EDGE_CURVE('',#4973,#4926,#4981,.T.);
#4981 = LINE('',#4982,#4983);
#4982 = CARTESIAN_POINT('',(-5.85,-8.,64.95));
#4983 = VECTOR('',#4984,1.);
#4984 = DIRECTION('',(-0.707106781187,0.,-0.707106781187));
#4985 = PLANE('',#4986);
#4986 = AXIS2_PLACEMENT_3D('',#4987,#4988,#4989);
#4987 = CARTESIAN_POINT('',(13.,-8.,8.));
#4988 = DIRECTION('',(0.,1.,0.));
#4989 = DIRECTION('',(0.,0.,1.));
#4990 = ADVANCED_FACE('',(#4991),#5039,.F.);
#4991 = FACE_BOUND('',#4992,.F.);
#4992 = EDGE_LOOP('',(#4993,#5003,#5009,#5010,#5016,#5017,#5025,#5033));
#4993 = ORIENTED_EDGE('',*,*,#4994,.F.);
#4994 = EDGE_CURVE('',#4995,#4997,#4999,.T.);
#4995 = VERTEX_POINT('',#4996);
#4996 = CARTESIAN_POINT('',(13.2,-13.2,128.));
#4997 = VERTEX_POINT('',#4998);
#4998 = CARTESIAN_POINT('',(10.,-13.2,124.8));
#4999 = LINE('',#5000,#5001);
#5000 = CARTESIAN_POINT('',(4.4,-13.2,119.2));
#5001 = VECTOR('',#5002,1.);
#5002 = DIRECTION('',(-0.707106781187,0.,-0.707106781187));
#5003 = ORIENTED_EDGE('',*,*,#5004,.T.);
#5004 = EDGE_CURVE('',#4995,#4957,#5005,.T.);
#5005 = LINE('',#5006,#5007);
#5006 = CARTESIAN_POINT('',(13.2,-13.5,128.));
#5007 = VECTOR('',#5008,1.);
#5008 = DIRECTION('',(0.,1.,0.));
#5009 = ORIENTED_EDGE('',*,*,#4956,.F.);
#5010 = ORIENTED_EDGE('',*,*,#5011,.F.);
#5011 = EDGE_CURVE('',#4862,#4949,#5012,.T.);
#5012 = LINE('',#5013,#5014);
#5013 = CARTESIAN_POINT('',(13.,-10.75,127.8));
#5014 = VECTOR('',#5015,1.);
#5015 = DIRECTION('',(0.,-1.,0.));
#5016 = ORIENTED_EDGE('',*,*,#4861,.T.);
#5017 = ORIENTED_EDGE('',*,*,#5018,.F.);
#5018 = EDGE_CURVE('',#5019,#4854,#5021,.T.);
#5019 = VERTEX_POINT('',#5020);
#5020 = CARTESIAN_POINT('',(8.45,-12.8,123.25));
#5021 = LINE('',#5022,#5023);
#5022 = CARTESIAN_POINT('',(8.45,-13.5,123.25));
#5023 = VECTOR('',#5024,1.);
#5024 = DIRECTION('',(0.,1.,0.));
#5025 = ORIENTED_EDGE('',*,*,#5026,.F.);
#5026 = EDGE_CURVE('',#5027,#5019,#5029,.T.);
#5027 = VERTEX_POINT('',#5028);
#5028 = CARTESIAN_POINT('',(10.,-12.8,124.8));
#5029 = LINE('',#5030,#5031);
#5030 = CARTESIAN_POINT('',(-7.6,-12.8,107.2));
#5031 = VECTOR('',#5032,1.);
#5032 = DIRECTION('',(-0.707106781187,0.,-0.707106781187));
#5033 = ORIENTED_EDGE('',*,*,#5034,.F.);
#5034 = EDGE_CURVE('',#4997,#5027,#5035,.T.);
#5035 = LINE('',#5036,#5037);
#5036 = CARTESIAN_POINT('',(10.,-13.65,124.8));
#5037 = VECTOR('',#5038,1.);
#5038 = DIRECTION('',(0.,1.,0.));
#5039 = PLANE('',#5040);
#5040 = AXIS2_PLACEMENT_3D('',#5041,#5042,#5043);
#5041 = CARTESIAN_POINT('',(13.2,-13.5,128.));
#5042 = DIRECTION('',(-0.707106781187,0.,0.707106781187));
#5043 = DIRECTION('',(-0.707106781187,0.,-0.707106781187));
#5044 = ADVANCED_FACE('',(#5045),#5086,.T.);
#5045 = FACE_BOUND('',#5046,.T.);
#5046 = EDGE_LOOP('',(#5047,#5057,#5063,#5064,#5072,#5080));
#5047 = ORIENTED_EDGE('',*,*,#5048,.F.);
#5048 = EDGE_CURVE('',#5049,#5051,#5053,.T.);
#5049 = VERTEX_POINT('',#5050);
#5050 = CARTESIAN_POINT('',(-16.,-13.2,144.));
#5051 = VERTEX_POINT('',#5052);
#5052 = CARTESIAN_POINT('',(-21.,-13.2,139.));
#5053 = LINE('',#5054,#5055);
#5054 = CARTESIAN_POINT('',(-16.,-13.2,144.));
#5055 = VECTOR('',#5056,1.);
#5056 = DIRECTION('',(-0.707106781187,0.,-0.707106781187));
#5057 = ORIENTED_EDGE('',*,*,#5058,.T.);
#5058 = EDGE_CURVE('',#5049,#4098,#5059,.T.);
#5059 = LINE('',#5060,#5061);
#5060 = CARTESIAN_POINT('',(-16.,-13.2,144.));
#5061 = VECTOR('',#5062,1.);
#5062 = DIRECTION('',(0.,1.,0.));
#5063 = ORIENTED_EDGE('',*,*,#4095,.F.);
#5064 = ORIENTED_EDGE('',*,*,#5065,.F.);
#5065 = EDGE_CURVE('',#5066,#4096,#5068,.T.);
#5066 = VERTEX_POINT('',#5067);
#5067 = CARTESIAN_POINT('',(-19.,-6.7,141.));
#5068 = LINE('',#5069,#5070);
#5069 = CARTESIAN_POINT('',(-19.,-10.6,141.));
#5070 = VECTOR('',#5071,1.);
#5071 = DIRECTION('',(0.,-1.,0.));
#5072 = ORIENTED_EDGE('',*,*,#5073,.T.);
#5073 = EDGE_CURVE('',#5066,#5074,#5076,.T.);
#5074 = VERTEX_POINT('',#5075);
#5075 = CARTESIAN_POINT('',(-21.,-6.7,139.));
#5076 = LINE('',#5077,#5078);
#5077 = CARTESIAN_POINT('',(-16.,-6.7,144.));
#5078 = VECTOR('',#5079,1.);
#5079 = DIRECTION('',(-0.707106781187,0.,-0.707106781187));
#5080 = ORIENTED_EDGE('',*,*,#5081,.F.);
#5081 = EDGE_CURVE('',#5051,#5074,#5082,.T.);
#5082 = LINE('',#5083,#5084);
#5083 = CARTESIAN_POINT('',(-21.,-13.2,139.));
#5084 = VECTOR('',#5085,1.);
#5085 = DIRECTION('',(0.,1.,0.));
#5086 = PLANE('',#5087);
#5087 = AXIS2_PLACEMENT_3D('',#5088,#5089,#5090);
#5088 = CARTESIAN_POINT('',(-16.,-13.2,144.));
#5089 = DIRECTION('',(-0.707106781187,0.,0.707106781187));
#5090 = DIRECTION('',(-0.707106781187,0.,-0.707106781187));
#5091 = ADVANCED_FACE('',(#5092),#5126,.T.);
#5092 = FACE_BOUND('',#5093,.T.);
#5093 = EDGE_LOOP('',(#5094,#5102,#5110,#5118,#5124,#5125));
#5094 = ORIENTED_EDGE('',*,*,#5095,.F.);
#5095 = EDGE_CURVE('',#5096,#5049,#5098,.T.);
#5096 = VERTEX_POINT('',#5097);
#5097 = CARTESIAN_POINT('',(-8.2,-13.2,144.));
#5098 = LINE('',#5099,#5100);
#5099 = CARTESIAN_POINT('',(16.,-13.2,144.));
#5100 = VECTOR('',#5101,1.);
#5101 = DIRECTION('',(-1.,0.,0.));
#5102 = ORIENTED_EDGE('',*,*,#5103,.T.);
#5103 = EDGE_CURVE('',#5096,#5104,#5106,.T.);
#5104 = VERTEX_POINT('',#5105);
#5105 = CARTESIAN_POINT('',(-8.2,-6.7,144.));
#5106 = LINE('',#5107,#5108);
#5107 = CARTESIAN_POINT('',(-8.2,-13.4,144.));
#5108 = VECTOR('',#5109,1.);
#5109 = DIRECTION('',(0.,1.,0.));
#5110 = ORIENTED_EDGE('',*,*,#5111,.T.);
#5111 = EDGE_CURVE('',#5104,#5112,#5114,.T.);
#5112 = VERTEX_POINT('',#5113);
#5113 = CARTESIAN_POINT('',(-13.,-6.7,144.));
#5114 = LINE('',#5115,#5116);
#5115 = CARTESIAN_POINT('',(16.,-6.7,144.));
#5116 = VECTOR('',#5117,1.);
#5117 = DIRECTION('',(-1.,0.,0.));
#5118 = ORIENTED_EDGE('',*,*,#5119,.T.);
#5119 = EDGE_CURVE('',#5112,#4125,#5120,.T.);
#5120 = LINE('',#5121,#5122);
#5121 = CARTESIAN_POINT('',(-13.,-10.6,144.));
#5122 = VECTOR('',#5123,1.);
#5123 = DIRECTION('',(0.,-1.,0.));
#5124 = ORIENTED_EDGE('',*,*,#4132,.F.);
#5125 = ORIENTED_EDGE('',*,*,#5058,.F.);
#5126 = PLANE('',#5127);
#5127 = AXIS2_PLACEMENT_3D('',#5128,#5129,#5130);
#5128 = CARTESIAN_POINT('',(16.,-13.2,144.));
#5129 = DIRECTION('',(0.,0.,1.));
#5130 = DIRECTION('',(-1.,0.,0.));
#5131 = ADVANCED_FACE('',(#5132),#5137,.T.);
#5132 = FACE_BOUND('',#5133,.T.);
#5133 = EDGE_LOOP('',(#5134,#5135,#5136));
#5134 = ORIENTED_EDGE('',*,*,#104,.F.);
#5135 = ORIENTED_EDGE('',*,*,#4118,.T.);
#5136 = ORIENTED_EDGE('',*,*,#139,.T.);
#5137 = PLANE('',#5138);
#5138 = AXIS2_PLACEMENT_3D('',#5139,#5140,#5141);
#5139 = CARTESIAN_POINT('',(-19.,-21.,189.));
#5140 = DIRECTION('',(0.,-0.959017708059,-0.283346141017));
#5141 = DIRECTION('',(1.,0.,0.));
#5142 = ADVANCED_FACE('',(#5143),#5200,.F.);
#5143 = FACE_BOUND('',#5144,.F.);
#5144 = EDGE_LOOP('',(#5145,#5155,#5163,#5169,#5170,#5178,#5186,#5194));
#5145 = ORIENTED_EDGE('',*,*,#5146,.T.);
#5146 = EDGE_CURVE('',#5147,#5149,#5151,.T.);
#5147 = VERTEX_POINT('',#5148);
#5148 = CARTESIAN_POINT('',(-13.,-6.7,84.2));
#5149 = VERTEX_POINT('',#5150);
#5150 = CARTESIAN_POINT('',(-13.,-6.7,68.));
#5151 = LINE('',#5152,#5153);
#5152 = CARTESIAN_POINT('',(-13.,-6.7,57.));
#5153 = VECTOR('',#5154,1.);
#5154 = DIRECTION('',(0.,0.,-1.));
#5155 = ORIENTED_EDGE('',*,*,#5156,.T.);
#5156 = EDGE_CURVE('',#5149,#5157,#5159,.T.);
#5157 = VERTEX_POINT('',#5158);
#5158 = CARTESIAN_POINT('',(-8.2,-6.7,68.));
#5159 = LINE('',#5160,#5161);
#5160 = CARTESIAN_POINT('',(-16.,-6.7,68.));
#5161 = VECTOR('',#5162,1.);
#5162 = DIRECTION('',(1.,0.,0.));
#5163 = ORIENTED_EDGE('',*,*,#5164,.T.);
#5164 = EDGE_CURVE('',#5157,#5104,#5165,.T.);
#5165 = LINE('',#5166,#5167);
#5166 = CARTESIAN_POINT('',(-8.2,-6.7,87.));
#5167 = VECTOR('',#5168,1.);
#5168 = DIRECTION('',(0.,0.,1.));
#5169 = ORIENTED_EDGE('',*,*,#5111,.T.);
#5170 = ORIENTED_EDGE('',*,*,#5171,.T.);
#5171 = EDGE_CURVE('',#5112,#5172,#5174,.T.);
#5172 = VERTEX_POINT('',#5173);
#5173 = CARTESIAN_POINT('',(-13.,-6.7,127.8));
#5174 = LINE('',#5175,#5176);
#5175 = CARTESIAN_POINT('',(-13.,-6.7,57.));
#5176 = VECTOR('',#5177,1.);
#5177 = DIRECTION('',(0.,0.,-1.));
#5178 = ORIENTED_EDGE('',*,*,#5179,.F.);
#5179 = EDGE_CURVE('',#5180,#5172,#5182,.T.);
#5180 = VERTEX_POINT('',#5181);
#5181 = CARTESIAN_POINT('',(-8.45,-6.7,123.25));
#5182 = LINE('',#5183,#5184);
#5183 = CARTESIAN_POINT('',(-2.025,-6.7,116.825));
#5184 = VECTOR('',#5185,1.);
#5185 = DIRECTION('',(-0.707106781187,0.,0.707106781187));
#5186 = ORIENTED_EDGE('',*,*,#5187,.F.);
#5187 = EDGE_CURVE('',#5188,#5180,#5190,.T.);
#5188 = VERTEX_POINT('',#5189);
#5189 = CARTESIAN_POINT('',(-8.45,-6.7,88.75));
#5190 = LINE('',#5191,#5192);
#5191 = CARTESIAN_POINT('',(-8.45,-6.7,97.375));
#5192 = VECTOR('',#5193,1.);
#5193 = DIRECTION('',(0.,0.,1.));
#5194 = ORIENTED_EDGE('',*,*,#5195,.F.);
#5195 = EDGE_CURVE('',#5147,#5188,#5196,.T.);
#5196 = LINE('',#5197,#5198);
#5197 = CARTESIAN_POINT('',(-4.4,-6.7,92.8));
#5198 = VECTOR('',#5199,1.);
#5199 = DIRECTION('',(0.707106781187,0.,0.707106781187));
#5200 = PLANE('',#5201);
#5201 = AXIS2_PLACEMENT_3D('',#5202,#5203,#5204);
#5202 = CARTESIAN_POINT('',(1.267218127795E-16,-6.7,106.));
#5203 = DIRECTION('',(-0.,-1.,-0.));
#5204 = DIRECTION('',(0.,0.,-1.));
#5205 = ADVANCED_FACE('',(#5206),#5263,.F.);
#5206 = FACE_BOUND('',#5207,.F.);
#5207 = EDGE_LOOP('',(#5208,#5218,#5226,#5234,#5240,#5241,#5249,#5257));
#5208 = ORIENTED_EDGE('',*,*,#5209,.F.);
#5209 = EDGE_CURVE('',#5210,#5212,#5214,.T.);
#5210 = VERTEX_POINT('',#5211);
#5211 = CARTESIAN_POINT('',(-13.2,-13.2,84.));
#5212 = VERTEX_POINT('',#5213);
#5213 = CARTESIAN_POINT('',(-10.,-13.2,87.2));
#5214 = LINE('',#5215,#5216);
#5215 = CARTESIAN_POINT('',(-4.4,-13.2,92.8));
#5216 = VECTOR('',#5217,1.);
#5217 = DIRECTION('',(0.707106781187,0.,0.707106781187));
#5218 = ORIENTED_EDGE('',*,*,#5219,.T.);
#5219 = EDGE_CURVE('',#5210,#5220,#5222,.T.);
#5220 = VERTEX_POINT('',#5221);
#5221 = CARTESIAN_POINT('',(-13.2,-8.,84.));
#5222 = LINE('',#5223,#5224);
#5223 = CARTESIAN_POINT('',(-13.2,-13.5,84.));
#5224 = VECTOR('',#5225,1.);
#5225 = DIRECTION('',(0.,1.,0.));
#5226 = ORIENTED_EDGE('',*,*,#5227,.F.);
#5227 = EDGE_CURVE('',#5228,#5220,#5230,.T.);
#5228 = VERTEX_POINT('',#5229);
#5229 = CARTESIAN_POINT('',(-13.,-8.,84.2));
#5230 = LINE('',#5231,#5232);
#5231 = CARTESIAN_POINT('',(-33.65,-8.,63.55));
#5232 = VECTOR('',#5233,1.);
#5233 = DIRECTION('',(-0.707106781187,0.,-0.707106781187));
#5234 = ORIENTED_EDGE('',*,*,#5235,.T.);
#5235 = EDGE_CURVE('',#5228,#5147,#5236,.T.);
#5236 = LINE('',#5237,#5238);
#5237 = CARTESIAN_POINT('',(-13.,-10.75,84.2));
#5238 = VECTOR('',#5239,1.);
#5239 = DIRECTION('',(0.,1.,0.));
#5240 = ORIENTED_EDGE('',*,*,#5195,.T.);
#5241 = ORIENTED_EDGE('',*,*,#5242,.F.);
#5242 = EDGE_CURVE('',#5243,#5188,#5245,.T.);
#5243 = VERTEX_POINT('',#5244);
#5244 = CARTESIAN_POINT('',(-8.45,-12.8,88.75));
#5245 = LINE('',#5246,#5247);
#5246 = CARTESIAN_POINT('',(-8.45,-13.5,88.75));
#5247 = VECTOR('',#5248,1.);
#5248 = DIRECTION('',(0.,1.,0.));
#5249 = ORIENTED_EDGE('',*,*,#5250,.F.);
#5250 = EDGE_CURVE('',#5251,#5243,#5253,.T.);
#5251 = VERTEX_POINT('',#5252);
#5252 = CARTESIAN_POINT('',(-10.,-12.8,87.2));
#5253 = LINE('',#5254,#5255);
#5254 = CARTESIAN_POINT('',(-16.4,-12.8,80.8));
#5255 = VECTOR('',#5256,1.);
#5256 = DIRECTION('',(0.707106781187,0.,0.707106781187));
#5257 = ORIENTED_EDGE('',*,*,#5258,.T.);
#5258 = EDGE_CURVE('',#5251,#5212,#5259,.T.);
#5259 = LINE('',#5260,#5261);
#5260 = CARTESIAN_POINT('',(-10.,-13.65,87.2));
#5261 = VECTOR('',#5262,1.);
#5262 = DIRECTION('',(0.,-1.,0.));
#5263 = PLANE('',#5264);
#5264 = AXIS2_PLACEMENT_3D('',#5265,#5266,#5267);
#5265 = CARTESIAN_POINT('',(-13.2,-13.5,84.));
#5266 = DIRECTION('',(0.707106781187,0.,-0.707106781187));
#5267 = DIRECTION('',(0.707106781187,0.,0.707106781187));
#5268 = ADVANCED_FACE('',(#5269),#5310,.F.);
#5269 = FACE_BOUND('',#5270,.F.);
#5270 = EDGE_LOOP('',(#5271,#5279,#5280,#5288,#5296,#5304));
#5271 = ORIENTED_EDGE('',*,*,#5272,.F.);
#5272 = EDGE_CURVE('',#5228,#5273,#5275,.T.);
#5273 = VERTEX_POINT('',#5274);
#5274 = CARTESIAN_POINT('',(-13.,-8.,127.8));
#5275 = LINE('',#5276,#5277);
#5276 = CARTESIAN_POINT('',(-13.,-8.,8.));
#5277 = VECTOR('',#5278,1.);
#5278 = DIRECTION('',(0.,0.,1.));
#5279 = ORIENTED_EDGE('',*,*,#5227,.T.);
#5280 = ORIENTED_EDGE('',*,*,#5281,.T.);
#5281 = EDGE_CURVE('',#5220,#5282,#5284,.T.);
#5282 = VERTEX_POINT('',#5283);
#5283 = CARTESIAN_POINT('',(-17.95,-8.,88.75));
#5284 = LINE('',#5285,#5286);
#5285 = CARTESIAN_POINT('',(1.975,-8.,68.825));
#5286 = VECTOR('',#5287,1.);
#5287 = DIRECTION('',(-0.707106781187,0.,0.707106781187));
#5288 = ORIENTED_EDGE('',*,*,#5289,.T.);
#5289 = EDGE_CURVE('',#5282,#5290,#5292,.T.);
#5290 = VERTEX_POINT('',#5291);
#5291 = CARTESIAN_POINT('',(-17.95,-8.,123.25));
#5292 = LINE('',#5293,#5294);
#5293 = CARTESIAN_POINT('',(-17.95,-8.,65.625));
#5294 = VECTOR('',#5295,1.);
#5295 = DIRECTION('',(0.,0.,1.));
#5296 = ORIENTED_EDGE('',*,*,#5297,.T.);
#5297 = EDGE_CURVE('',#5290,#5298,#5300,.T.);
#5298 = VERTEX_POINT('',#5299);
#5299 = CARTESIAN_POINT('',(-13.2,-8.,128.));
#5300 = LINE('',#5301,#5302);
#5301 = CARTESIAN_POINT('',(-44.65,-8.,96.55));
#5302 = VECTOR('',#5303,1.);
#5303 = DIRECTION('',(0.707106781187,0.,0.707106781187));
#5304 = ORIENTED_EDGE('',*,*,#5305,.T.);
#5305 = EDGE_CURVE('',#5298,#5273,#5306,.T.);
#5306 = LINE('',#5307,#5308);
#5307 = CARTESIAN_POINT('',(17.725,-8.,97.075));
#5308 = VECTOR('',#5309,1.);
#5309 = DIRECTION('',(0.707106781187,0.,-0.707106781187));
#5310 = PLANE('',#5311);
#5311 = AXIS2_PLACEMENT_3D('',#5312,#5313,#5314);
#5312 = CARTESIAN_POINT('',(-19.,-8.,8.));
#5313 = DIRECTION('',(0.,1.,0.));
#5314 = DIRECTION('',(0.,0.,1.));
#5315 = ADVANCED_FACE('',(#5316),#5364,.F.);
#5316 = FACE_BOUND('',#5317,.F.);
#5317 = EDGE_LOOP('',(#5318,#5328,#5336,#5344,#5350,#5351,#5357,#5358));
#5318 = ORIENTED_EDGE('',*,*,#5319,.F.);
#5319 = EDGE_CURVE('',#5320,#5322,#5324,.T.);
#5320 = VERTEX_POINT('',#5321);
#5321 = CARTESIAN_POINT('',(-10.,-13.2,124.8));
#5322 = VERTEX_POINT('',#5323);
#5323 = CARTESIAN_POINT('',(-13.2,-13.2,128.));
#5324 = LINE('',#5325,#5326);
#5325 = CARTESIAN_POINT('',(-2.025,-13.2,116.825));
#5326 = VECTOR('',#5327,1.);
#5327 = DIRECTION('',(-0.707106781187,0.,0.707106781187));
#5328 = ORIENTED_EDGE('',*,*,#5329,.T.);
#5329 = EDGE_CURVE('',#5320,#5330,#5332,.T.);
#5330 = VERTEX_POINT('',#5331);
#5331 = CARTESIAN_POINT('',(-10.,-12.8,124.8));
#5332 = LINE('',#5333,#5334);
#5333 = CARTESIAN_POINT('',(-10.,-13.65,124.8));
#5334 = VECTOR('',#5335,1.);
#5335 = DIRECTION('',(0.,1.,0.));
#5336 = ORIENTED_EDGE('',*,*,#5337,.F.);
#5337 = EDGE_CURVE('',#5338,#5330,#5340,.T.);
#5338 = VERTEX_POINT('',#5339);
#5339 = CARTESIAN_POINT('',(-8.45,-12.8,123.25));
#5340 = LINE('',#5341,#5342);
#5341 = CARTESIAN_POINT('',(4.975,-12.8,109.825));
#5342 = VECTOR('',#5343,1.);
#5343 = DIRECTION('',(-0.707106781187,0.,0.707106781187));
#5344 = ORIENTED_EDGE('',*,*,#5345,.T.);
#5345 = EDGE_CURVE('',#5338,#5180,#5346,.T.);
#5346 = LINE('',#5347,#5348);
#5347 = CARTESIAN_POINT('',(-8.45,-13.5,123.25));
#5348 = VECTOR('',#5349,1.);
#5349 = DIRECTION('',(0.,1.,0.));
#5350 = ORIENTED_EDGE('',*,*,#5179,.T.);
#5351 = ORIENTED_EDGE('',*,*,#5352,.T.);
#5352 = EDGE_CURVE('',#5172,#5273,#5353,.T.);
#5353 = LINE('',#5354,#5355);
#5354 = CARTESIAN_POINT('',(-13.,-10.75,127.8));
#5355 = VECTOR('',#5356,1.);
#5356 = DIRECTION('',(0.,-1.,0.));
#5357 = ORIENTED_EDGE('',*,*,#5305,.F.);
#5358 = ORIENTED_EDGE('',*,*,#5359,.F.);
#5359 = EDGE_CURVE('',#5322,#5298,#5360,.T.);
#5360 = LINE('',#5361,#5362);
#5361 = CARTESIAN_POINT('',(-13.2,-13.5,128.));
#5362 = VECTOR('',#5363,1.);
#5363 = DIRECTION('',(0.,1.,0.));
#5364 = PLANE('',#5365);
#5365 = AXIS2_PLACEMENT_3D('',#5366,#5367,#5368);
#5366 = CARTESIAN_POINT('',(-8.45,-13.5,123.25));
#5367 = DIRECTION('',(0.707106781187,0.,0.707106781187));
#5368 = DIRECTION('',(-0.707106781187,0.,0.707106781187));
#5369 = ADVANCED_FACE('',(#5370),#5395,.F.);
#5370 = FACE_BOUND('',#5371,.F.);
#5371 = EDGE_LOOP('',(#5372,#5380,#5388,#5394));
#5372 = ORIENTED_EDGE('',*,*,#5373,.T.);
#5373 = EDGE_CURVE('',#5074,#5374,#5376,.T.);
#5374 = VERTEX_POINT('',#5375);
#5375 = CARTESIAN_POINT('',(-21.,-6.7,73.));
#5376 = LINE('',#5377,#5378);
#5377 = CARTESIAN_POINT('',(-21.,-6.7,139.));
#5378 = VECTOR('',#5379,1.);
#5379 = DIRECTION('',(0.,0.,-1.));
#5380 = ORIENTED_EDGE('',*,*,#5381,.T.);
#5381 = EDGE_CURVE('',#5374,#5382,#5384,.T.);
#5382 = VERTEX_POINT('',#5383);
#5383 = CARTESIAN_POINT('',(-19.,-6.7,71.));
#5384 = LINE('',#5385,#5386);
#5385 = CARTESIAN_POINT('',(-21.,-6.7,73.));
#5386 = VECTOR('',#5387,1.);
#5387 = DIRECTION('',(0.707106781187,0.,-0.707106781187));
#5388 = ORIENTED_EDGE('',*,*,#5389,.F.);
#5389 = EDGE_CURVE('',#5066,#5382,#5390,.T.);
#5390 = LINE('',#5391,#5392);
#5391 = CARTESIAN_POINT('',(-19.,-6.7,57.));
#5392 = VECTOR('',#5393,1.);
#5393 = DIRECTION('',(0.,0.,-1.));
#5394 = ORIENTED_EDGE('',*,*,#5073,.T.);
#5395 = PLANE('',#5396);
#5396 = AXIS2_PLACEMENT_3D('',#5397,#5398,#5399);
#5397 = CARTESIAN_POINT('',(1.267218127795E-16,-6.7,106.));
#5398 = DIRECTION('',(-0.,-1.,-0.));
#5399 = DIRECTION('',(0.,0.,-1.));
#5400 = ADVANCED_FACE('',(#5401),#5442,.T.);
#5401 = FACE_BOUND('',#5402,.T.);
#5402 = EDGE_LOOP('',(#5403,#5413,#5419,#5420,#5428,#5436));
#5403 = ORIENTED_EDGE('',*,*,#5404,.F.);
#5404 = EDGE_CURVE('',#5405,#5407,#5409,.T.);
#5405 = VERTEX_POINT('',#5406);
#5406 = CARTESIAN_POINT('',(-21.,-13.2,73.));
#5407 = VERTEX_POINT('',#5408);
#5408 = CARTESIAN_POINT('',(-16.,-13.2,68.));
#5409 = LINE('',#5410,#5411);
#5410 = CARTESIAN_POINT('',(-21.,-13.2,73.));
#5411 = VECTOR('',#5412,1.);
#5412 = DIRECTION('',(0.707106781187,0.,-0.707106781187));
#5413 = ORIENTED_EDGE('',*,*,#5414,.T.);
#5414 = EDGE_CURVE('',#5405,#5374,#5415,.T.);
#5415 = LINE('',#5416,#5417);
#5416 = CARTESIAN_POINT('',(-21.,-13.2,73.));
#5417 = VECTOR('',#5418,1.);
#5418 = DIRECTION('',(0.,1.,0.));
#5419 = ORIENTED_EDGE('',*,*,#5381,.T.);
#5420 = ORIENTED_EDGE('',*,*,#5421,.F.);
#5421 = EDGE_CURVE('',#5422,#5382,#5424,.T.);
#5422 = VERTEX_POINT('',#5423);
#5423 = CARTESIAN_POINT('',(-19.,-8.,71.));
#5424 = LINE('',#5425,#5426);
#5425 = CARTESIAN_POINT('',(-19.,-10.6,71.));
#5426 = VECTOR('',#5427,1.);
#5427 = DIRECTION('',(0.,1.,0.));
#5428 = ORIENTED_EDGE('',*,*,#5429,.F.);
#5429 = EDGE_CURVE('',#5430,#5422,#5432,.T.);
#5430 = VERTEX_POINT('',#5431);
#5431 = CARTESIAN_POINT('',(-16.,-8.,68.));
#5432 = LINE('',#5433,#5434);
#5433 = CARTESIAN_POINT('',(-4.25,-8.,56.25));
#5434 = VECTOR('',#5435,1.);
#5435 = DIRECTION('',(-0.707106781187,0.,0.707106781187));
#5436 = ORIENTED_EDGE('',*,*,#5437,.F.);
#5437 = EDGE_CURVE('',#5407,#5430,#5438,.T.);
#5438 = LINE('',#5439,#5440);
#5439 = CARTESIAN_POINT('',(-16.,-13.2,68.));
#5440 = VECTOR('',#5441,1.);
#5441 = DIRECTION('',(0.,1.,0.));
#5442 = PLANE('',#5443);
#5443 = AXIS2_PLACEMENT_3D('',#5444,#5445,#5446);
#5444 = CARTESIAN_POINT('',(-21.,-13.2,73.));
#5445 = DIRECTION('',(-0.707106781187,0.,-0.707106781187));
#5446 = DIRECTION('',(0.707106781187,0.,-0.707106781187));
#5447 = ADVANCED_FACE('',(#5448),#5459,.T.);
#5448 = FACE_BOUND('',#5449,.T.);
#5449 = EDGE_LOOP('',(#5450,#5451,#5452,#5458));
#5450 = ORIENTED_EDGE('',*,*,#4148,.T.);
#5451 = ORIENTED_EDGE('',*,*,#4196,.T.);
#5452 = ORIENTED_EDGE('',*,*,#5453,.F.);
#5453 = EDGE_CURVE('',#4368,#4189,#5454,.T.);
#5454 = LINE('',#5455,#5456);
#5455 = CARTESIAN_POINT('',(-52.5,39.,244.));
#5456 = VECTOR('',#5457,1.);
#5457 = DIRECTION('',(-0.707106781187,-0.707106781187,0.));
#5458 = ORIENTED_EDGE('',*,*,#4367,.F.);
#5459 = B_SPLINE_SURFACE_WITH_KNOTS('',1,1,(
    (#5460,#5461)
    ,(#5462,#5463
    )),.UNSPECIFIED.,.F.,.F.,.F.,(2,2),(2,2),(0.,9.192388155425),(0.,1.)
  ,.PIECEWISE_BEZIER_KNOTS.);
#5460 = CARTESIAN_POINT('',(-52.,38.,238.));
#5461 = CARTESIAN_POINT('',(-52.5,39.,244.));
#5462 = CARTESIAN_POINT('',(-58.,32.,238.));
#5463 = CARTESIAN_POINT('',(-59.,32.5,244.));
#5464 = ADVANCED_FACE('',(#5465),#5475,.T.);
#5465 = FACE_BOUND('',#5466,.T.);
#5466 = EDGE_LOOP('',(#5467,#5468,#5469,#5470));
#5467 = ORIENTED_EDGE('',*,*,#4188,.T.);
#5468 = ORIENTED_EDGE('',*,*,#4173,.T.);
#5469 = ORIENTED_EDGE('',*,*,#4289,.F.);
#5470 = ORIENTED_EDGE('',*,*,#5471,.F.);
#5471 = EDGE_CURVE('',#4189,#4282,#5472,.T.);
#5472 = B_SPLINE_CURVE_WITH_KNOTS('',1,(#5473,#5474),.UNSPECIFIED.,.F.,
  .F.,(2,2),(0.,1.),.PIECEWISE_BEZIER_KNOTS.);
#5473 = CARTESIAN_POINT('',(-59.,32.5,244.));
#5474 = CARTESIAN_POINT('',(-57.,31.,248.));
#5475 = B_SPLINE_SURFACE_WITH_KNOTS('',1,1,(
    (#5476,#5477)
    ,(#5478,#5479
    )),.UNSPECIFIED.,.F.,.F.,.F.,(2,2),(2,2),(0.,41.),(0.,1.),
  .PIECEWISE_BEZIER_KNOTS.);
#5476 = CARTESIAN_POINT('',(-59.,32.5,244.));
#5477 = CARTESIAN_POINT('',(-57.,31.,248.));
#5478 = CARTESIAN_POINT('',(-59.,-8.5,244.));
#5479 = CARTESIAN_POINT('',(-57.,-7.,248.));
#5480 = ADVANCED_FACE('',(#5481),#5491,.T.);
#5481 = FACE_BOUND('',#5482,.T.);
#5482 = EDGE_LOOP('',(#5483,#5484,#5489,#5490));
#5483 = ORIENTED_EDGE('',*,*,#4217,.T.);
#5484 = ORIENTED_EDGE('',*,*,#5485,.T.);
#5485 = EDGE_CURVE('',#4211,#4258,#5486,.T.);
#5486 = B_SPLINE_CURVE_WITH_KNOTS('',1,(#5487,#5488),.UNSPECIFIED.,.F.,
  .F.,(2,2),(0.,1.),.PIECEWISE_BEZIER_KNOTS.);
#5487 = CARTESIAN_POINT('',(59.,32.5,244.));
#5488 = CARTESIAN_POINT('',(57.,31.,248.));
#5489 = ORIENTED_EDGE('',*,*,#4257,.F.);
#5490 = ORIENTED_EDGE('',*,*,#4233,.F.);
#5491 = B_SPLINE_SURFACE_WITH_KNOTS('',1,1,(
    (#5492,#5493)
    ,(#5494,#5495
    )),.UNSPECIFIED.,.F.,.F.,.F.,(2,2),(2,2),(0.,41.),(0.,1.),
  .PIECEWISE_BEZIER_KNOTS.);
#5492 = CARTESIAN_POINT('',(59.,-8.5,244.));
#5493 = CARTESIAN_POINT('',(57.,-7.,248.));
#5494 = CARTESIAN_POINT('',(59.,32.5,244.));
#5495 = CARTESIAN_POINT('',(57.,31.,248.));
#5496 = ADVANCED_FACE('',(#5497),#5507,.T.);
#5497 = FACE_BOUND('',#5498,.T.);
#5498 = EDGE_LOOP('',(#5499,#5500,#5501,#5502));
#5499 = ORIENTED_EDGE('',*,*,#5453,.T.);
#5500 = ORIENTED_EDGE('',*,*,#5471,.T.);
#5501 = ORIENTED_EDGE('',*,*,#4281,.F.);
#5502 = ORIENTED_EDGE('',*,*,#5503,.F.);
#5503 = EDGE_CURVE('',#4368,#4274,#5504,.T.);
#5504 = B_SPLINE_CURVE_WITH_KNOTS('',1,(#5505,#5506),.UNSPECIFIED.,.F.,
  .F.,(2,2),(0.,1.),.PIECEWISE_BEZIER_KNOTS.);
#5505 = CARTESIAN_POINT('',(-52.5,39.,244.));
#5506 = CARTESIAN_POINT('',(-51.,37.,248.));
#5507 = B_SPLINE_SURFACE_WITH_KNOTS('',1,1,(
    (#5508,#5509)
    ,(#5510,#5511
    )),.UNSPECIFIED.,.F.,.F.,.F.,(2,2),(2,2),(0.,9.192388155425),(0.,1.)
  ,.PIECEWISE_BEZIER_KNOTS.);
#5508 = CARTESIAN_POINT('',(-52.5,39.,244.));
#5509 = CARTESIAN_POINT('',(-51.,37.,248.));
#5510 = CARTESIAN_POINT('',(-59.,32.5,244.));
#5511 = CARTESIAN_POINT('',(-57.,31.,248.));
#5512 = ADVANCED_FACE('',(#5513),#5523,.T.);
#5513 = FACE_BOUND('',#5514,.T.);
#5514 = EDGE_LOOP('',(#5515,#5516,#5521,#5522));
#5515 = ORIENTED_EDGE('',*,*,#4641,.T.);
#5516 = ORIENTED_EDGE('',*,*,#5517,.T.);
#5517 = EDGE_CURVE('',#4375,#4266,#5518,.T.);
#5518 = B_SPLINE_CURVE_WITH_KNOTS('',1,(#5519,#5520),.UNSPECIFIED.,.F.,
  .F.,(2,2),(0.,1.),.PIECEWISE_BEZIER_KNOTS.);
#5519 = CARTESIAN_POINT('',(52.5,39.,244.));
#5520 = CARTESIAN_POINT('',(51.,37.,248.));
#5521 = ORIENTED_EDGE('',*,*,#4265,.F.);
#5522 = ORIENTED_EDGE('',*,*,#5485,.F.);
#5523 = B_SPLINE_SURFACE_WITH_KNOTS('',1,1,(
    (#5524,#5525)
    ,(#5526,#5527
    )),.UNSPECIFIED.,.F.,.F.,.F.,(2,2),(2,2),(0.,9.192388155425),(0.,1.)
  ,.PIECEWISE_BEZIER_KNOTS.);
#5524 = CARTESIAN_POINT('',(59.,32.5,244.));
#5525 = CARTESIAN_POINT('',(57.,31.,248.));
#5526 = CARTESIAN_POINT('',(52.5,39.,244.));
#5527 = CARTESIAN_POINT('',(51.,37.,248.));
#5528 = ADVANCED_FACE('',(#5529),#5535,.T.);
#5529 = FACE_BOUND('',#5530,.T.);
#5530 = EDGE_LOOP('',(#5531,#5532,#5533,#5534));
#5531 = ORIENTED_EDGE('',*,*,#4374,.T.);
#5532 = ORIENTED_EDGE('',*,*,#5503,.T.);
#5533 = ORIENTED_EDGE('',*,*,#4273,.F.);
#5534 = ORIENTED_EDGE('',*,*,#5517,.F.);
#5535 = B_SPLINE_SURFACE_WITH_KNOTS('',1,1,(
    (#5536,#5537)
    ,(#5538,#5539
    )),.UNSPECIFIED.,.F.,.F.,.F.,(2,2),(2,2),(0.,105.),(0.,1.),
  .PIECEWISE_BEZIER_KNOTS.);
#5536 = CARTESIAN_POINT('',(52.5,39.,244.));
#5537 = CARTESIAN_POINT('',(51.,37.,248.));
#5538 = CARTESIAN_POINT('',(-52.5,39.,244.));
#5539 = CARTESIAN_POINT('',(-51.,37.,248.));
#5540 = ADVANCED_FACE('',(#5541),#5564,.F.);
#5541 = FACE_BOUND('',#5542,.F.);
#5542 = EDGE_LOOP('',(#5543,#5550,#5558,#5563));
#5543 = ORIENTED_EDGE('',*,*,#5544,.F.);
#5544 = EDGE_CURVE('',#5545,#4299,#5547,.T.);
#5545 = VERTEX_POINT('',#5546);
#5546 = CARTESIAN_POINT('',(50.5,-10.5,244.));
#5547 = B_SPLINE_CURVE_WITH_KNOTS('',1,(#5548,#5549),.UNSPECIFIED.,.F.,
  .F.,(2,2),(0.,1.),.PIECEWISE_BEZIER_KNOTS.);
#5548 = CARTESIAN_POINT('',(50.5,-10.5,244.));
#5549 = CARTESIAN_POINT('',(50.,-10.,249.));
#5550 = ORIENTED_EDGE('',*,*,#5551,.T.);
#5551 = EDGE_CURVE('',#5545,#5552,#5554,.T.);
#5552 = VERTEX_POINT('',#5553);
#5553 = CARTESIAN_POINT('',(54.5,-6.5,244.));
#5554 = LINE('',#5555,#5556);
#5555 = CARTESIAN_POINT('',(50.5,-10.5,244.));
#5556 = VECTOR('',#5557,1.);
#5557 = DIRECTION('',(0.707106781187,0.707106781187,0.));
#5558 = ORIENTED_EDGE('',*,*,#5559,.T.);
#5559 = EDGE_CURVE('',#5552,#4301,#5560,.T.);
#5560 = B_SPLINE_CURVE_WITH_KNOTS('',1,(#5561,#5562),.UNSPECIFIED.,.F.,
  .F.,(2,2),(0.,1.),.PIECEWISE_BEZIER_KNOTS.);
#5561 = CARTESIAN_POINT('',(54.5,-6.5,244.));
#5562 = CARTESIAN_POINT('',(54.,-6.,249.));
#5563 = ORIENTED_EDGE('',*,*,#4298,.F.);
#5564 = PLANE('',#5565);
#5565 = AXIS2_PLACEMENT_3D('',#5566,#5567,#5568);
#5566 = CARTESIAN_POINT('',(50.,-10.,249.));
#5567 = DIRECTION('',(0.700140042014,-0.700140042014,0.140028008403));
#5568 = DIRECTION('',(0.707106781187,0.707106781187,0.));
#5569 = ADVANCED_FACE('',(#5570),#5587,.F.);
#5570 = FACE_BOUND('',#5571,.F.);
#5571 = EDGE_LOOP('',(#5572,#5573,#5581,#5586));
#5572 = ORIENTED_EDGE('',*,*,#5559,.F.);
#5573 = ORIENTED_EDGE('',*,*,#5574,.T.);
#5574 = EDGE_CURVE('',#5552,#5575,#5577,.T.);
#5575 = VERTEX_POINT('',#5576);
#5576 = CARTESIAN_POINT('',(54.5,30.5,244.));
#5577 = LINE('',#5578,#5579);
#5578 = CARTESIAN_POINT('',(54.5,-6.5,244.));
#5579 = VECTOR('',#5580,1.);
#5580 = DIRECTION('',(0.,1.,0.));
#5581 = ORIENTED_EDGE('',*,*,#5582,.T.);
#5582 = EDGE_CURVE('',#5575,#4346,#5583,.T.);
#5583 = B_SPLINE_CURVE_WITH_KNOTS('',1,(#5584,#5585),.UNSPECIFIED.,.F.,
  .F.,(2,2),(0.,1.),.PIECEWISE_BEZIER_KNOTS.);
#5584 = CARTESIAN_POINT('',(54.5,30.5,244.));
#5585 = CARTESIAN_POINT('',(54.,30.,249.));
#5586 = ORIENTED_EDGE('',*,*,#4353,.T.);
#5587 = B_SPLINE_SURFACE_WITH_KNOTS('',1,1,(
    (#5588,#5589)
    ,(#5590,#5591
    )),.UNSPECIFIED.,.F.,.F.,.F.,(2,2),(2,2),(0.,37.),(0.,1.),
  .PIECEWISE_BEZIER_KNOTS.);
#5588 = CARTESIAN_POINT('',(54.5,-6.5,244.));
#5589 = CARTESIAN_POINT('',(54.,-6.,249.));
#5590 = CARTESIAN_POINT('',(54.5,30.5,244.));
#5591 = CARTESIAN_POINT('',(54.,30.,249.));
#5592 = ADVANCED_FACE('',(#5593),#5610,.F.);
#5593 = FACE_BOUND('',#5594,.F.);
#5594 = EDGE_LOOP('',(#5595,#5596,#5604,#5609));
#5595 = ORIENTED_EDGE('',*,*,#5582,.F.);
#5596 = ORIENTED_EDGE('',*,*,#5597,.T.);
#5597 = EDGE_CURVE('',#5575,#5598,#5600,.T.);
#5598 = VERTEX_POINT('',#5599);
#5599 = CARTESIAN_POINT('',(50.5,34.5,244.));
#5600 = LINE('',#5601,#5602);
#5601 = CARTESIAN_POINT('',(54.5,30.5,244.));
#5602 = VECTOR('',#5603,1.);
#5603 = DIRECTION('',(-0.707106781187,0.707106781187,0.));
#5604 = ORIENTED_EDGE('',*,*,#5605,.T.);
#5605 = EDGE_CURVE('',#5598,#4339,#5606,.T.);
#5606 = B_SPLINE_CURVE_WITH_KNOTS('',1,(#5607,#5608),.UNSPECIFIED.,.F.,
  .F.,(2,2),(0.,1.),.PIECEWISE_BEZIER_KNOTS.);
#5607 = CARTESIAN_POINT('',(50.5,34.5,244.));
#5608 = CARTESIAN_POINT('',(50.,34.,249.));
#5609 = ORIENTED_EDGE('',*,*,#4345,.F.);
#5610 = PLANE('',#5611);
#5611 = AXIS2_PLACEMENT_3D('',#5612,#5613,#5614);
#5612 = CARTESIAN_POINT('',(54.,30.,249.));
#5613 = DIRECTION('',(0.700140042014,0.700140042014,0.140028008403));
#5614 = DIRECTION('',(-0.707106781187,0.707106781187,0.));
#5615 = ADVANCED_FACE('',(#5616),#5633,.F.);
#5616 = FACE_BOUND('',#5617,.F.);
#5617 = EDGE_LOOP('',(#5618,#5619,#5627,#5632));
#5618 = ORIENTED_EDGE('',*,*,#5605,.F.);
#5619 = ORIENTED_EDGE('',*,*,#5620,.T.);
#5620 = EDGE_CURVE('',#5598,#5621,#5623,.T.);
#5621 = VERTEX_POINT('',#5622);
#5622 = CARTESIAN_POINT('',(-50.5,34.5,244.));
#5623 = LINE('',#5624,#5625);
#5624 = CARTESIAN_POINT('',(50.5,34.5,244.));
#5625 = VECTOR('',#5626,1.);
#5626 = DIRECTION('',(-1.,0.,0.));
#5627 = ORIENTED_EDGE('',*,*,#5628,.T.);
#5628 = EDGE_CURVE('',#5621,#4331,#5629,.T.);
#5629 = B_SPLINE_CURVE_WITH_KNOTS('',1,(#5630,#5631),.UNSPECIFIED.,.F.,
  .F.,(2,2),(0.,1.),.PIECEWISE_BEZIER_KNOTS.);
#5630 = CARTESIAN_POINT('',(-50.5,34.5,244.));
#5631 = CARTESIAN_POINT('',(-50.,34.,249.));
#5632 = ORIENTED_EDGE('',*,*,#4338,.T.);
#5633 = B_SPLINE_SURFACE_WITH_KNOTS('',1,1,(
    (#5634,#5635)
    ,(#5636,#5637
    )),.UNSPECIFIED.,.F.,.F.,.F.,(2,2),(2,2),(0.,101.),(0.,1.),
  .PIECEWISE_BEZIER_KNOTS.);
#5634 = CARTESIAN_POINT('',(50.5,34.5,244.));
#5635 = CARTESIAN_POINT('',(50.,34.,249.));
#5636 = CARTESIAN_POINT('',(-50.5,34.5,244.));
#5637 = CARTESIAN_POINT('',(-50.,34.,249.));
#5638 = ADVANCED_FACE('',(#5639),#5656,.F.);
#5639 = FACE_BOUND('',#5640,.F.);
#5640 = EDGE_LOOP('',(#5641,#5642,#5650,#5655));
#5641 = ORIENTED_EDGE('',*,*,#5628,.F.);
#5642 = ORIENTED_EDGE('',*,*,#5643,.T.);
#5643 = EDGE_CURVE('',#5621,#5644,#5646,.T.);
#5644 = VERTEX_POINT('',#5645);
#5645 = CARTESIAN_POINT('',(-54.5,30.5,244.));
#5646 = LINE('',#5647,#5648);
#5647 = CARTESIAN_POINT('',(-50.5,34.5,244.));
#5648 = VECTOR('',#5649,1.);
#5649 = DIRECTION('',(-0.707106781187,-0.707106781187,0.));
#5650 = ORIENTED_EDGE('',*,*,#5651,.T.);
#5651 = EDGE_CURVE('',#5644,#4324,#5652,.T.);
#5652 = B_SPLINE_CURVE_WITH_KNOTS('',1,(#5653,#5654),.UNSPECIFIED.,.F.,
  .F.,(2,2),(0.,1.),.PIECEWISE_BEZIER_KNOTS.);
#5653 = CARTESIAN_POINT('',(-54.5,30.5,244.));
#5654 = CARTESIAN_POINT('',(-54.,30.,249.));
#5655 = ORIENTED_EDGE('',*,*,#4330,.F.);
#5656 = PLANE('',#5657);
#5657 = AXIS2_PLACEMENT_3D('',#5658,#5659,#5660);
#5658 = CARTESIAN_POINT('',(-50.,34.,249.));
#5659 = DIRECTION('',(-0.700140042014,0.700140042014,0.140028008403));
#5660 = DIRECTION('',(-0.707106781187,-0.707106781187,0.));
#5661 = ADVANCED_FACE('',(#5662),#5679,.F.);
#5662 = FACE_BOUND('',#5663,.F.);
#5663 = EDGE_LOOP('',(#5664,#5665,#5673,#5678));
#5664 = ORIENTED_EDGE('',*,*,#5651,.F.);
#5665 = ORIENTED_EDGE('',*,*,#5666,.T.);
#5666 = EDGE_CURVE('',#5644,#5667,#5669,.T.);
#5667 = VERTEX_POINT('',#5668);
#5668 = CARTESIAN_POINT('',(-54.5,-6.5,244.));
#5669 = LINE('',#5670,#5671);
#5670 = CARTESIAN_POINT('',(-54.5,30.5,244.));
#5671 = VECTOR('',#5672,1.);
#5672 = DIRECTION('',(0.,-1.,0.));
#5673 = ORIENTED_EDGE('',*,*,#5674,.T.);
#5674 = EDGE_CURVE('',#5667,#4316,#5675,.T.);
#5675 = B_SPLINE_CURVE_WITH_KNOTS('',1,(#5676,#5677),.UNSPECIFIED.,.F.,
  .F.,(2,2),(0.,1.),.PIECEWISE_BEZIER_KNOTS.);
#5676 = CARTESIAN_POINT('',(-54.5,-6.5,244.));
#5677 = CARTESIAN_POINT('',(-54.,-6.,249.));
#5678 = ORIENTED_EDGE('',*,*,#4323,.T.);
#5679 = B_SPLINE_SURFACE_WITH_KNOTS('',1,1,(
    (#5680,#5681)
    ,(#5682,#5683
    )),.UNSPECIFIED.,.F.,.F.,.F.,(2,2),(2,2),(0.,37.),(0.,1.),
  .PIECEWISE_BEZIER_KNOTS.);
#5680 = CARTESIAN_POINT('',(-54.5,30.5,244.));
#5681 = CARTESIAN_POINT('',(-54.,30.,249.));
#5682 = CARTESIAN_POINT('',(-54.5,-6.5,244.));
#5683 = CARTESIAN_POINT('',(-54.,-6.,249.));
#5684 = ADVANCED_FACE('',(#5685),#5702,.F.);
#5685 = FACE_BOUND('',#5686,.F.);
#5686 = EDGE_LOOP('',(#5687,#5688,#5696,#5701));
#5687 = ORIENTED_EDGE('',*,*,#5674,.F.);
#5688 = ORIENTED_EDGE('',*,*,#5689,.T.);
#5689 = EDGE_CURVE('',#5667,#5690,#5692,.T.);
#5690 = VERTEX_POINT('',#5691);
#5691 = CARTESIAN_POINT('',(-50.5,-10.5,244.));
#5692 = LINE('',#5693,#5694);
#5693 = CARTESIAN_POINT('',(-54.5,-6.5,244.));
#5694 = VECTOR('',#5695,1.);
#5695 = DIRECTION('',(0.707106781187,-0.707106781187,0.));
#5696 = ORIENTED_EDGE('',*,*,#5697,.T.);
#5697 = EDGE_CURVE('',#5690,#4309,#5698,.T.);
#5698 = B_SPLINE_CURVE_WITH_KNOTS('',1,(#5699,#5700),.UNSPECIFIED.,.F.,
  .F.,(2,2),(0.,1.),.PIECEWISE_BEZIER_KNOTS.);
#5699 = CARTESIAN_POINT('',(-50.5,-10.5,244.));
#5700 = CARTESIAN_POINT('',(-50.,-10.,249.));
#5701 = ORIENTED_EDGE('',*,*,#4315,.F.);
#5702 = PLANE('',#5703);
#5703 = AXIS2_PLACEMENT_3D('',#5704,#5705,#5706);
#5704 = CARTESIAN_POINT('',(-54.,-6.,249.));
#5705 = DIRECTION('',(-0.700140042014,-0.700140042014,0.140028008403));
#5706 = DIRECTION('',(0.707106781187,-0.707106781187,0.));
#5707 = ADVANCED_FACE('',(#5708),#5719,.F.);
#5708 = FACE_BOUND('',#5709,.F.);
#5709 = EDGE_LOOP('',(#5710,#5711,#5717,#5718));
#5710 = ORIENTED_EDGE('',*,*,#5697,.F.);
#5711 = ORIENTED_EDGE('',*,*,#5712,.T.);
#5712 = EDGE_CURVE('',#5690,#5545,#5713,.T.);
#5713 = LINE('',#5714,#5715);
#5714 = CARTESIAN_POINT('',(-50.5,-10.5,244.));
#5715 = VECTOR('',#5716,1.);
#5716 = DIRECTION('',(1.,0.,0.));
#5717 = ORIENTED_EDGE('',*,*,#5544,.T.);
#5718 = ORIENTED_EDGE('',*,*,#4308,.T.);
#5719 = B_SPLINE_SURFACE_WITH_KNOTS('',1,1,(
    (#5720,#5721)
    ,(#5722,#5723
    )),.UNSPECIFIED.,.F.,.F.,.F.,(2,2),(2,2),(0.,101.),(0.,1.),
  .PIECEWISE_BEZIER_KNOTS.);
#5720 = CARTESIAN_POINT('',(-50.5,-10.5,244.));
#5721 = CARTESIAN_POINT('',(-50.,-10.,249.));
#5722 = CARTESIAN_POINT('',(50.5,-10.5,244.));
#5723 = CARTESIAN_POINT('',(50.,-10.,249.));
#5724 = ADVANCED_FACE('',(#5725),#5742,.F.);
#5725 = FACE_BOUND('',#5726,.F.);
#5726 = EDGE_LOOP('',(#5727,#5728,#5729,#5737));
#5727 = ORIENTED_EDGE('',*,*,#4547,.T.);
#5728 = ORIENTED_EDGE('',*,*,#4412,.T.);
#5729 = ORIENTED_EDGE('',*,*,#5730,.F.);
#5730 = EDGE_CURVE('',#5731,#4405,#5733,.T.);
#5731 = VERTEX_POINT('',#5732);
#5732 = CARTESIAN_POINT('',(51.,-13.,205.));
#5733 = LINE('',#5734,#5735);
#5734 = CARTESIAN_POINT('',(51.,-13.,205.));
#5735 = VECTOR('',#5736,1.);
#5736 = DIRECTION('',(0.,1.,0.));
#5737 = ORIENTED_EDGE('',*,*,#5738,.F.);
#5738 = EDGE_CURVE('',#4540,#5731,#5739,.T.);
#5739 = B_SPLINE_CURVE_WITH_KNOTS('',1,(#5740,#5741),.UNSPECIFIED.,.F.,
  .F.,(2,2),(0.,1.),.PIECEWISE_BEZIER_KNOTS.);
#5740 = CARTESIAN_POINT('',(37.,-11.,191.));
#5741 = CARTESIAN_POINT('',(51.,-13.,205.));
#5742 = B_SPLINE_SURFACE_WITH_KNOTS('',1,1,(
    (#5743,#5744)
    ,(#5745,#5746
    )),.UNSPECIFIED.,.F.,.F.,.F.,(2,2),(2,2),(0.,26.),(0.,1.),
  .PIECEWISE_BEZIER_KNOTS.);
#5743 = CARTESIAN_POINT('',(37.,-11.,191.));
#5744 = CARTESIAN_POINT('',(51.,-13.,205.));
#5745 = CARTESIAN_POINT('',(37.,-7.,191.));
#5746 = CARTESIAN_POINT('',(51.,13.,205.));
#5747 = ADVANCED_FACE('',(#5748),#5765,.F.);
#5748 = FACE_BOUND('',#5749,.F.);
#5749 = EDGE_LOOP('',(#5750,#5751,#5758,#5764));
#5750 = ORIENTED_EDGE('',*,*,#4455,.T.);
#5751 = ORIENTED_EDGE('',*,*,#5752,.T.);
#5752 = EDGE_CURVE('',#4456,#5753,#5755,.T.);
#5753 = VERTEX_POINT('',#5754);
#5754 = CARTESIAN_POINT('',(-51.,-13.,205.));
#5755 = B_SPLINE_CURVE_WITH_KNOTS('',1,(#5756,#5757),.UNSPECIFIED.,.F.,
  .F.,(2,2),(0.,1.),.PIECEWISE_BEZIER_KNOTS.);
#5756 = CARTESIAN_POINT('',(-37.,-11.,191.));
#5757 = CARTESIAN_POINT('',(-51.,-13.,205.));
#5758 = ORIENTED_EDGE('',*,*,#5759,.F.);
#5759 = EDGE_CURVE('',#4434,#5753,#5760,.T.);
#5760 = LINE('',#5761,#5762);
#5761 = CARTESIAN_POINT('',(-51.,13.,205.));
#5762 = VECTOR('',#5763,1.);
#5763 = DIRECTION('',(0.,-1.,0.));
#5764 = ORIENTED_EDGE('',*,*,#4433,.F.);
#5765 = B_SPLINE_SURFACE_WITH_KNOTS('',1,1,(
    (#5766,#5767)
    ,(#5768,#5769
    )),.UNSPECIFIED.,.F.,.F.,.F.,(2,2),(2,2),(0.,26.),(0.,1.),
  .PIECEWISE_BEZIER_KNOTS.);
#5766 = CARTESIAN_POINT('',(-37.,-7.,191.));
#5767 = CARTESIAN_POINT('',(-51.,13.,205.));
#5768 = CARTESIAN_POINT('',(-37.,-11.,191.));
#5769 = CARTESIAN_POINT('',(-51.,-13.,205.));
#5770 = ADVANCED_FACE('',(#5771),#5788,.F.);
#5771 = FACE_BOUND('',#5772,.F.);
#5772 = EDGE_LOOP('',(#5773,#5774,#5775,#5783));
#5773 = ORIENTED_EDGE('',*,*,#4539,.T.);
#5774 = ORIENTED_EDGE('',*,*,#5738,.T.);
#5775 = ORIENTED_EDGE('',*,*,#5776,.F.);
#5776 = EDGE_CURVE('',#5777,#5731,#5779,.T.);
#5777 = VERTEX_POINT('',#5778);
#5778 = CARTESIAN_POINT('',(47.,-17.,205.));
#5779 = LINE('',#5780,#5781);
#5780 = CARTESIAN_POINT('',(47.,-17.,205.));
#5781 = VECTOR('',#5782,1.);
#5782 = DIRECTION('',(0.707106781187,0.707106781187,0.));
#5783 = ORIENTED_EDGE('',*,*,#5784,.F.);
#5784 = EDGE_CURVE('',#4532,#5777,#5785,.T.);
#5785 = B_SPLINE_CURVE_WITH_KNOTS('',1,(#5786,#5787),.UNSPECIFIED.,.F.,
  .F.,(2,2),(0.,1.),.PIECEWISE_BEZIER_KNOTS.);
#5786 = CARTESIAN_POINT('',(35.,-13.,191.));
#5787 = CARTESIAN_POINT('',(47.,-17.,205.));
#5788 = B_SPLINE_SURFACE_WITH_KNOTS('',1,1,(
    (#5789,#5790)
    ,(#5791,#5792
    )),.UNSPECIFIED.,.F.,.F.,.F.,(2,2),(2,2),(0.,5.656854249492),(0.,1.)
  ,.PIECEWISE_BEZIER_KNOTS.);
#5789 = CARTESIAN_POINT('',(35.,-13.,191.));
#5790 = CARTESIAN_POINT('',(47.,-17.,205.));
#5791 = CARTESIAN_POINT('',(37.,-11.,191.));
#5792 = CARTESIAN_POINT('',(51.,-13.,205.));
#5793 = ADVANCED_FACE('',(#5794),#5951,.F.);
#5794 = FACE_BOUND('',#5795,.F.);
#5795 = EDGE_LOOP('',(#5796,#5803,#5804,#5823,#5836,#5843,#5856,#5873,
    #5874,#5893,#5906,#5913,#5926,#5943,#5944,#5945));
#5796 = ORIENTED_EDGE('',*,*,#5797,.F.);
#5797 = EDGE_CURVE('',#4464,#5798,#5800,.T.);
#5798 = VERTEX_POINT('',#5799);
#5799 = CARTESIAN_POINT('',(-47.,-17.,205.));
#5800 = B_SPLINE_CURVE_WITH_KNOTS('',1,(#5801,#5802),.UNSPECIFIED.,.F.,
  .F.,(2,2),(0.,1.),.PIECEWISE_BEZIER_KNOTS.);
#5801 = CARTESIAN_POINT('',(-35.,-13.,191.));
#5802 = CARTESIAN_POINT('',(-47.,-17.,205.));
#5803 = ORIENTED_EDGE('',*,*,#4471,.T.);
#5804 = ORIENTED_EDGE('',*,*,#5805,.T.);
#5805 = EDGE_CURVE('',#4472,#5806,#5808,.T.);
#5806 = VERTEX_POINT('',#5807);
#5807 = CARTESIAN_POINT('',(-19.,-15.,198.));
#5808 = B_SPLINE_CURVE_WITH_KNOTS('',4,(#5809,#5810,#5811,#5812,#5813,
    #5814,#5815,#5816,#5817,#5818,#5819,#5820,#5821,#5822),
  .UNSPECIFIED.,.F.,.F.,(5,3,3,3,5),(0.,0.250627179263,0.499586592804,
    0.74901629038,1.),.UNSPECIFIED.);
#5809 = CARTESIAN_POINT('',(-19.,-13.,191.));
#5810 = CARTESIAN_POINT('',(-19.,-13.12494168776,191.43729590717));
#5811 = CARTESIAN_POINT('',(-19.,-13.25021608987,191.87575631457));
#5812 = CARTESIAN_POINT('',(-19.,-13.37571592004,192.31500572014));
#5813 = CARTESIAN_POINT('',(-19.,-13.62612637345,193.19144230708));
#5814 = CARTESIAN_POINT('',(-19.,-13.75103540581,193.62862392035));
#5815 = CARTESIAN_POINT('',(-19.,-13.87596622836,194.06588179928));
#5816 = CARTESIAN_POINT('',(-19.,-14.12591929456,194.94071753097));
#5817 = CARTESIAN_POINT('',(-19.,-14.25094128733,195.37829450568));
#5818 = CARTESIAN_POINT('',(-19.,-14.37579629526,195.81528703341));
#5819 = CARTESIAN_POINT('',(-19.,-14.62577251733,196.69020381066));
#5820 = CARTESIAN_POINT('',(-19.,-14.75089055486,197.12811694204));
#5821 = CARTESIAN_POINT('',(-19.,-14.87566067044,197.56481234654));
#5822 = CARTESIAN_POINT('',(-19.,-15.,198.));
#5823 = ORIENTED_EDGE('',*,*,#5824,.T.);
#5824 = EDGE_CURVE('',#5806,#5825,#5827,.T.);
#5825 = VERTEX_POINT('',#5826);
#5826 = CARTESIAN_POINT('',(-19.,-16.33333333333,202.66666666666));
#5827 = B_SPLINE_CURVE_WITH_KNOTS('',4,(#5828,#5829,#5830,#5831,#5832,
    #5833,#5834,#5835),.UNSPECIFIED.,.F.,.F.,(5,3,5),(0.,0.497948701687,
    1.),.UNSPECIFIED.);
#5828 = CARTESIAN_POINT('',(-19.,-15.,198.));
#5829 = CARTESIAN_POINT('',(-19.,-15.16469738501,198.57644084755));
#5830 = CARTESIAN_POINT('',(-19.,-15.32993120821,199.15475922875));
#5831 = CARTESIAN_POINT('',(-19.,-15.49561325821,199.73464640373));
#5832 = CARTESIAN_POINT('',(-19.,-15.82909080314,200.90181781099));
#5833 = CARTESIAN_POINT('',(-19.,-15.99689237749,201.48912332124));
#5834 = CARTESIAN_POINT('',(-19.,-16.1649952638,202.07748342331));
#5835 = CARTESIAN_POINT('',(-19.,-16.33333333333,202.66666666666));
#5836 = ORIENTED_EDGE('',*,*,#5837,.F.);
#5837 = EDGE_CURVE('',#5838,#5825,#5840,.T.);
#5838 = VERTEX_POINT('',#5839);
#5839 = CARTESIAN_POINT('',(-13.,-16.33333333333,202.66666666666));
#5840 = B_SPLINE_CURVE_WITH_KNOTS('',1,(#5841,#5842),.UNSPECIFIED.,.F.,
  .F.,(2,2),(0.,1.),.PIECEWISE_BEZIER_KNOTS.);
#5841 = CARTESIAN_POINT('',(-13.,-16.33333333333,202.66666666666));
#5842 = CARTESIAN_POINT('',(-19.,-16.33333333333,202.66666666666));
#5843 = ORIENTED_EDGE('',*,*,#5844,.T.);
#5844 = EDGE_CURVE('',#5838,#5845,#5847,.T.);
#5845 = VERTEX_POINT('',#5846);
#5846 = CARTESIAN_POINT('',(-13.,-15.,198.));
#5847 = B_SPLINE_CURVE_WITH_KNOTS('',4,(#5848,#5849,#5850,#5851,#5852,
    #5853,#5854,#5855),.UNSPECIFIED.,.F.,.F.,(5,3,5),(0.,0.502963243168,
    1.),.UNSPECIFIED.);
#5848 = CARTESIAN_POINT('',(-13.,-16.33333333333,202.66666666666));
#5849 = CARTESIAN_POINT('',(-13.,-16.16561038774,202.07963635709));
#5850 = CARTESIAN_POINT('',(-13.,-15.99785283804,201.49248493317));
#5851 = CARTESIAN_POINT('',(-13.,-15.83010034146,200.90535119513));
#5852 = CARTESIAN_POINT('',(-13.,-15.49667569514,199.738364933));
#5853 = CARTESIAN_POINT('',(-13.,-15.331002433,199.1585085155));
#5854 = CARTESIAN_POINT('',(-13.,-15.16542563784,198.57898973246));
#5855 = CARTESIAN_POINT('',(-13.,-15.,198.));
#5856 = ORIENTED_EDGE('',*,*,#5857,.T.);
#5857 = EDGE_CURVE('',#5845,#4495,#5858,.T.);
#5858 = B_SPLINE_CURVE_WITH_KNOTS('',4,(#5859,#5860,#5861,#5862,#5863,
    #5864,#5865,#5866,#5867,#5868,#5869,#5870,#5871,#5872),
  .UNSPECIFIED.,.F.,.F.,(5,3,3,3,5),(0.,0.253748270851,0.504227834157,
    0.752412739988,1.),.UNSPECIFIED.);
#5859 = CARTESIAN_POINT('',(-13.,-15.,198.));
#5860 = CARTESIAN_POINT('',(-13.,-14.87594576946,197.56581019313));
#5861 = CARTESIAN_POINT('',(-13.,-14.75124439966,197.12935539882));
#5862 = CARTESIAN_POINT('',(-13.,-14.62595522619,196.69084329167));
#5863 = CARTESIAN_POINT('',(-13.,-14.37595116451,195.81582907581));
#5864 = CARTESIAN_POINT('',(-13.,-14.25124969472,195.37937393154));
#5865 = CARTESIAN_POINT('',(-13.,-14.12610056888,194.94135199108));
#5866 = CARTESIAN_POINT('',(-13.,-13.87619226782,194.0666729374));
#5867 = CARTESIAN_POINT('',(-13.,-13.75144006133,193.63004021467));
#5868 = CARTESIAN_POINT('',(-13.,-13.62638059066,193.19233206734));
#5869 = CARTESIAN_POINT('',(-13.,-13.37609255632,192.31632394715));
#5870 = CARTESIAN_POINT('',(-13.,-13.25086517172,191.87802810102));
#5871 = CARTESIAN_POINT('',(-13.,-13.12547489063,191.4391621172));
#5872 = CARTESIAN_POINT('',(-13.,-13.,191.));
#5873 = ORIENTED_EDGE('',*,*,#4501,.T.);
#5874 = ORIENTED_EDGE('',*,*,#5875,.T.);
#5875 = EDGE_CURVE('',#4502,#5876,#5878,.T.);
#5876 = VERTEX_POINT('',#5877);
#5877 = CARTESIAN_POINT('',(13.,-15.,198.));
#5878 = B_SPLINE_CURVE_WITH_KNOTS('',4,(#5879,#5880,#5881,#5882,#5883,
    #5884,#5885,#5886,#5887,#5888,#5889,#5890,#5891,#5892),
  .UNSPECIFIED.,.F.,.F.,(5,3,3,3,5),(0.,0.247712746291,0.495898576096,
    0.746379500845,1.),.UNSPECIFIED.);
#5879 = CARTESIAN_POINT('',(13.,-13.,191.));
#5880 = CARTESIAN_POINT('',(13.,-13.12553848589,191.43938470062));
#5881 = CARTESIAN_POINT('',(13.,-13.25099227642,191.87847296748));
#5882 = CARTESIAN_POINT('',(13.,-13.37628296565,192.3169903798));
#5883 = CARTESIAN_POINT('',(13.,-13.62663410405,193.19321936418));
#5884 = CARTESIAN_POINT('',(13.,-13.75169360957,193.6309276335));
#5885 = CARTESIAN_POINT('',(13.,-13.87644577889,194.06756022614));
#5886 = CARTESIAN_POINT('',(13.,-14.12635407981,194.94223927935));
#5887 = CARTESIAN_POINT('',(13.,-14.2515032401,195.38026134037));
#5888 = CARTESIAN_POINT('',(13.,-14.3762046737,195.81671635798));
#5889 = CARTESIAN_POINT('',(13.,-14.62614448902,196.69150571157));
#5890 = CARTESIAN_POINT('',(13.,-14.75136998304,197.12979494064));
#5891 = CARTESIAN_POINT('',(13.,-14.87600823538,197.56602882385));
#5892 = CARTESIAN_POINT('',(13.,-15.,198.));
#5893 = ORIENTED_EDGE('',*,*,#5894,.T.);
#5894 = EDGE_CURVE('',#5876,#5895,#5897,.T.);
#5895 = VERTEX_POINT('',#5896);
#5896 = CARTESIAN_POINT('',(13.,-16.33333333333,202.66666666666));
#5897 = B_SPLINE_CURVE_WITH_KNOTS('',4,(#5898,#5899,#5900,#5901,#5902,
    #5903,#5904,#5905),.UNSPECIFIED.,.F.,.F.,(5,3,5),(0.,0.497687554916,
    1.),.UNSPECIFIED.);
#5898 = CARTESIAN_POINT('',(13.,-15.,198.));
#5899 = CARTESIAN_POINT('',(13.,-15.1656422389,198.57974783617));
#5900 = CARTESIAN_POINT('',(13.,-15.33143603098,199.16002610844));
#5901 = CARTESIAN_POINT('',(13.,-15.49732647147,199.74064265017));
#5902 = CARTESIAN_POINT('',(13.,-15.83075152025,200.90763032087));
#5903 = CARTESIAN_POINT('',(13.,-15.99828697007,201.49400439525));
#5904 = CARTESIAN_POINT('',(13.,-16.16582740907,202.08039593176));
#5905 = CARTESIAN_POINT('',(13.,-16.33333333333,202.66666666666));
#5906 = ORIENTED_EDGE('',*,*,#5907,.F.);
#5907 = EDGE_CURVE('',#5908,#5895,#5910,.T.);
#5908 = VERTEX_POINT('',#5909);
#5909 = CARTESIAN_POINT('',(19.,-16.33333333333,202.66666666666));
#5910 = B_SPLINE_CURVE_WITH_KNOTS('',1,(#5911,#5912),.UNSPECIFIED.,.F.,
  .F.,(2,2),(0.,1.),.PIECEWISE_BEZIER_KNOTS.);
#5911 = CARTESIAN_POINT('',(19.,-16.33333333333,202.66666666666));
#5912 = CARTESIAN_POINT('',(13.,-16.33333333333,202.66666666666));
#5913 = ORIENTED_EDGE('',*,*,#5914,.T.);
#5914 = EDGE_CURVE('',#5908,#5915,#5917,.T.);
#5915 = VERTEX_POINT('',#5916);
#5916 = CARTESIAN_POINT('',(19.,-15.,198.));
#5917 = B_SPLINE_CURVE_WITH_KNOTS('',4,(#5918,#5919,#5920,#5921,#5922,
    #5923,#5924,#5925),.UNSPECIFIED.,.F.,.F.,(5,3,5),(0.,0.502672008968,
    1.),.UNSPECIFIED.);
#5918 = CARTESIAN_POINT('',(19.,-16.33333333333,202.66666666666));
#5919 = CARTESIAN_POINT('',(19.,-16.16478713893,202.07675498625));
#5920 = CARTESIAN_POINT('',(19.,-15.99647671035,201.48766848624));
#5921 = CARTESIAN_POINT('',(19.,-15.82846842039,200.89963947137));
#5922 = CARTESIAN_POINT('',(19.,-15.49499367462,199.7324778612));
#5923 = CARTESIAN_POINT('',(19.,-15.32951926953,199.15331744337));
#5924 = CARTESIAN_POINT('',(19.,-15.16449208387,198.57572229354));
#5925 = CARTESIAN_POINT('',(19.,-15.,198.));
#5926 = ORIENTED_EDGE('',*,*,#5927,.T.);
#5927 = EDGE_CURVE('',#5915,#4525,#5928,.T.);
#5928 = B_SPLINE_CURVE_WITH_KNOTS('',4,(#5929,#5930,#5931,#5932,#5933,
    #5934,#5935,#5936,#5937,#5938,#5939,#5940,#5941,#5942),
  .UNSPECIFIED.,.F.,.F.,(5,3,3,3,5),(0.,0.251110528258,0.500539724672,
    0.749499210593,1.),.UNSPECIFIED.);
#5929 = CARTESIAN_POINT('',(19.,-15.,198.));
#5930 = CARTESIAN_POINT('',(19.,-14.87559784348,197.56459245218));
#5931 = CARTESIAN_POINT('',(19.,-14.75076446549,197.12767562922));
#5932 = CARTESIAN_POINT('',(19.,-14.62558285577,196.68953999521));
#5933 = CARTESIAN_POINT('',(19.,-14.37554275266,195.81439963431));
#5934 = CARTESIAN_POINT('',(19.,-14.25068769669,195.37740693842));
#5935 = CARTESIAN_POINT('',(19.,-14.12566574923,194.93983012233));
#5936 = CARTESIAN_POINT('',(19.,-13.87571267822,194.06499437377));
#5937 = CARTESIAN_POINT('',(19.,-13.75078180483,193.6277363169));
#5938 = CARTESIAN_POINT('',(19.,-13.62587282019,193.19055487066));
#5939 = CARTESIAN_POINT('',(19.,-13.37552605376,192.31434118816));
#5940 = CARTESIAN_POINT('',(19.,-13.25008973959,191.87531408859));
#5941 = CARTESIAN_POINT('',(19.,-13.12487868049,191.43707538171));
#5942 = CARTESIAN_POINT('',(19.,-13.,191.));
#5943 = ORIENTED_EDGE('',*,*,#4531,.T.);
#5944 = ORIENTED_EDGE('',*,*,#5784,.T.);
#5945 = ORIENTED_EDGE('',*,*,#5946,.F.);
#5946 = EDGE_CURVE('',#5798,#5777,#5947,.T.);
#5947 = LINE('',#5948,#5949);
#5948 = CARTESIAN_POINT('',(-47.,-17.,205.));
#5949 = VECTOR('',#5950,1.);
#5950 = DIRECTION('',(1.,0.,0.));
#5951 = B_SPLINE_SURFACE_WITH_KNOTS('',1,1,(
    (#5952,#5953)
    ,(#5954,#5955
    )),.UNSPECIFIED.,.F.,.F.,.F.,(2,2),(2,2),(0.,94.),(0.,1.),
  .PIECEWISE_BEZIER_KNOTS.);
#5952 = CARTESIAN_POINT('',(-35.,-13.,191.));
#5953 = CARTESIAN_POINT('',(-47.,-17.,205.));
#5954 = CARTESIAN_POINT('',(35.,-13.,191.));
#5955 = CARTESIAN_POINT('',(47.,-17.,205.));
#5956 = ADVANCED_FACE('',(#5957),#5974,.T.);
#5957 = FACE_BOUND('',#5958,.T.);
#5958 = EDGE_LOOP('',(#5959,#5960,#5967,#5973));
#5959 = ORIENTED_EDGE('',*,*,#4524,.F.);
#5960 = ORIENTED_EDGE('',*,*,#5961,.T.);
#5961 = EDGE_CURVE('',#4517,#5962,#5964,.T.);
#5962 = VERTEX_POINT('',#5963);
#5963 = CARTESIAN_POINT('',(19.,-7.,198.));
#5964 = B_SPLINE_CURVE_WITH_KNOTS('',1,(#5965,#5966),.UNSPECIFIED.,.F.,
  .F.,(2,2),(0.,1.),.PIECEWISE_BEZIER_KNOTS.);
#5965 = CARTESIAN_POINT('',(19.,-9.,187.));
#5966 = CARTESIAN_POINT('',(19.,-7.,198.));
#5967 = ORIENTED_EDGE('',*,*,#5968,.F.);
#5968 = EDGE_CURVE('',#5915,#5962,#5969,.T.);
#5969 = LINE('',#5970,#5971);
#5970 = CARTESIAN_POINT('',(19.,-17.,198.));
#5971 = VECTOR('',#5972,1.);
#5972 = DIRECTION('',(0.,1.,0.));
#5973 = ORIENTED_EDGE('',*,*,#5927,.T.);
#5974 = B_SPLINE_SURFACE_WITH_KNOTS('',1,1,(
    (#5975,#5976)
    ,(#5977,#5978
    )),.UNSPECIFIED.,.F.,.F.,.F.,(2,2),(2,2),(0.,12.),(0.,1.),
  .PIECEWISE_BEZIER_KNOTS.);
#5975 = CARTESIAN_POINT('',(19.,-21.,187.));
#5976 = CARTESIAN_POINT('',(19.,-17.,198.));
#5977 = CARTESIAN_POINT('',(19.,-9.,187.));
#5978 = CARTESIAN_POINT('',(19.,-7.,198.));
#5979 = ADVANCED_FACE('',(#5980),#5997,.T.);
#5980 = FACE_BOUND('',#5981,.T.);
#5981 = EDGE_LOOP('',(#5982,#5983,#5984,#5991));
#5982 = ORIENTED_EDGE('',*,*,#5961,.F.);
#5983 = ORIENTED_EDGE('',*,*,#4516,.T.);
#5984 = ORIENTED_EDGE('',*,*,#5985,.T.);
#5985 = EDGE_CURVE('',#4510,#5986,#5988,.T.);
#5986 = VERTEX_POINT('',#5987);
#5987 = CARTESIAN_POINT('',(13.,-7.,198.));
#5988 = B_SPLINE_CURVE_WITH_KNOTS('',1,(#5989,#5990),.UNSPECIFIED.,.F.,
  .F.,(2,2),(0.,1.),.PIECEWISE_BEZIER_KNOTS.);
#5989 = CARTESIAN_POINT('',(13.,-9.,187.));
#5990 = CARTESIAN_POINT('',(13.,-7.,198.));
#5991 = ORIENTED_EDGE('',*,*,#5992,.F.);
#5992 = EDGE_CURVE('',#5962,#5986,#5993,.T.);
#5993 = LINE('',#5994,#5995);
#5994 = CARTESIAN_POINT('',(19.,-7.,198.));
#5995 = VECTOR('',#5996,1.);
#5996 = DIRECTION('',(-1.,0.,0.));
#5997 = PLANE('',#5998);
#5998 = AXIS2_PLACEMENT_3D('',#5999,#6000,#6001);
#5999 = CARTESIAN_POINT('',(19.,-7.,198.));
#6000 = DIRECTION('',(0.,0.9838699101,-0.1788854382));
#6001 = DIRECTION('',(-1.,0.,0.));
#6002 = ADVANCED_FACE('',(#6003),#6014,.T.);
#6003 = FACE_BOUND('',#6004,.T.);
#6004 = EDGE_LOOP('',(#6005,#6006,#6007,#6008));
#6005 = ORIENTED_EDGE('',*,*,#5985,.F.);
#6006 = ORIENTED_EDGE('',*,*,#4509,.F.);
#6007 = ORIENTED_EDGE('',*,*,#5875,.T.);
#6008 = ORIENTED_EDGE('',*,*,#6009,.F.);
#6009 = EDGE_CURVE('',#5986,#5876,#6010,.T.);
#6010 = LINE('',#6011,#6012);
#6011 = CARTESIAN_POINT('',(13.,-7.,198.));
#6012 = VECTOR('',#6013,1.);
#6013 = DIRECTION('',(0.,-1.,0.));
#6014 = B_SPLINE_SURFACE_WITH_KNOTS('',1,1,(
    (#6015,#6016)
    ,(#6017,#6018
    )),.UNSPECIFIED.,.F.,.F.,.F.,(2,2),(2,2),(0.,12.),(0.,1.),
  .PIECEWISE_BEZIER_KNOTS.);
#6015 = CARTESIAN_POINT('',(13.,-9.,187.));
#6016 = CARTESIAN_POINT('',(13.,-7.,198.));
#6017 = CARTESIAN_POINT('',(13.,-21.,187.));
#6018 = CARTESIAN_POINT('',(13.,-17.,198.));
#6019 = ADVANCED_FACE('',(#6020),#6037,.T.);
#6020 = FACE_BOUND('',#6021,.T.);
#6021 = EDGE_LOOP('',(#6022,#6023,#6030,#6036));
#6022 = ORIENTED_EDGE('',*,*,#4494,.F.);
#6023 = ORIENTED_EDGE('',*,*,#6024,.T.);
#6024 = EDGE_CURVE('',#4487,#6025,#6027,.T.);
#6025 = VERTEX_POINT('',#6026);
#6026 = CARTESIAN_POINT('',(-13.,-7.,198.));
#6027 = B_SPLINE_CURVE_WITH_KNOTS('',1,(#6028,#6029),.UNSPECIFIED.,.F.,
  .F.,(2,2),(0.,1.),.PIECEWISE_BEZIER_KNOTS.);
#6028 = CARTESIAN_POINT('',(-13.,-9.,187.));
#6029 = CARTESIAN_POINT('',(-13.,-7.,198.));
#6030 = ORIENTED_EDGE('',*,*,#6031,.F.);
#6031 = EDGE_CURVE('',#5845,#6025,#6032,.T.);
#6032 = LINE('',#6033,#6034);
#6033 = CARTESIAN_POINT('',(-13.,-17.,198.));
#6034 = VECTOR('',#6035,1.);
#6035 = DIRECTION('',(0.,1.,0.));
#6036 = ORIENTED_EDGE('',*,*,#5857,.T.);
#6037 = B_SPLINE_SURFACE_WITH_KNOTS('',1,1,(
    (#6038,#6039)
    ,(#6040,#6041
    )),.UNSPECIFIED.,.F.,.F.,.F.,(2,2),(2,2),(0.,12.),(0.,1.),
  .PIECEWISE_BEZIER_KNOTS.);
#6038 = CARTESIAN_POINT('',(-13.,-21.,187.));
#6039 = CARTESIAN_POINT('',(-13.,-17.,198.));
#6040 = CARTESIAN_POINT('',(-13.,-9.,187.));
#6041 = CARTESIAN_POINT('',(-13.,-7.,198.));
#6042 = ADVANCED_FACE('',(#6043),#6060,.T.);
#6043 = FACE_BOUND('',#6044,.T.);
#6044 = EDGE_LOOP('',(#6045,#6046,#6047,#6054));
#6045 = ORIENTED_EDGE('',*,*,#6024,.F.);
#6046 = ORIENTED_EDGE('',*,*,#4486,.T.);
#6047 = ORIENTED_EDGE('',*,*,#6048,.T.);
#6048 = EDGE_CURVE('',#4480,#6049,#6051,.T.);
#6049 = VERTEX_POINT('',#6050);
#6050 = CARTESIAN_POINT('',(-19.,-7.,198.));
#6051 = B_SPLINE_CURVE_WITH_KNOTS('',1,(#6052,#6053),.UNSPECIFIED.,.F.,
  .F.,(2,2),(0.,1.),.PIECEWISE_BEZIER_KNOTS.);
#6052 = CARTESIAN_POINT('',(-19.,-9.,187.));
#6053 = CARTESIAN_POINT('',(-19.,-7.,198.));
#6054 = ORIENTED_EDGE('',*,*,#6055,.F.);
#6055 = EDGE_CURVE('',#6025,#6049,#6056,.T.);
#6056 = LINE('',#6057,#6058);
#6057 = CARTESIAN_POINT('',(-13.,-7.,198.));
#6058 = VECTOR('',#6059,1.);
#6059 = DIRECTION('',(-1.,0.,0.));
#6060 = PLANE('',#6061);
#6061 = AXIS2_PLACEMENT_3D('',#6062,#6063,#6064);
#6062 = CARTESIAN_POINT('',(-13.,-7.,198.));
#6063 = DIRECTION('',(0.,0.9838699101,-0.1788854382));
#6064 = DIRECTION('',(-1.,0.,0.));
#6065 = ADVANCED_FACE('',(#6066),#6077,.T.);
#6066 = FACE_BOUND('',#6067,.T.);
#6067 = EDGE_LOOP('',(#6068,#6069,#6070,#6071));
#6068 = ORIENTED_EDGE('',*,*,#6048,.F.);
#6069 = ORIENTED_EDGE('',*,*,#4479,.F.);
#6070 = ORIENTED_EDGE('',*,*,#5805,.T.);
#6071 = ORIENTED_EDGE('',*,*,#6072,.F.);
#6072 = EDGE_CURVE('',#6049,#5806,#6073,.T.);
#6073 = LINE('',#6074,#6075);
#6074 = CARTESIAN_POINT('',(-19.,-7.,198.));
#6075 = VECTOR('',#6076,1.);
#6076 = DIRECTION('',(0.,-1.,0.));
#6077 = B_SPLINE_SURFACE_WITH_KNOTS('',1,1,(
    (#6078,#6079)
    ,(#6080,#6081
    )),.UNSPECIFIED.,.F.,.F.,.F.,(2,2),(2,2),(0.,12.),(0.,1.),
  .PIECEWISE_BEZIER_KNOTS.);
#6078 = CARTESIAN_POINT('',(-19.,-9.,187.));
#6079 = CARTESIAN_POINT('',(-19.,-7.,198.));
#6080 = CARTESIAN_POINT('',(-19.,-21.,187.));
#6081 = CARTESIAN_POINT('',(-19.,-17.,198.));
#6082 = ADVANCED_FACE('',(#6083),#6094,.F.);
#6083 = FACE_BOUND('',#6084,.F.);
#6084 = EDGE_LOOP('',(#6085,#6086,#6087,#6093));
#6085 = ORIENTED_EDGE('',*,*,#4463,.T.);
#6086 = ORIENTED_EDGE('',*,*,#5797,.T.);
#6087 = ORIENTED_EDGE('',*,*,#6088,.F.);
#6088 = EDGE_CURVE('',#5753,#5798,#6089,.T.);
#6089 = LINE('',#6090,#6091);
#6090 = CARTESIAN_POINT('',(-51.,-13.,205.));
#6091 = VECTOR('',#6092,1.);
#6092 = DIRECTION('',(0.707106781187,-0.707106781187,0.));
#6093 = ORIENTED_EDGE('',*,*,#5752,.F.);
#6094 = B_SPLINE_SURFACE_WITH_KNOTS('',1,1,(
    (#6095,#6096)
    ,(#6097,#6098
    )),.UNSPECIFIED.,.F.,.F.,.F.,(2,2),(2,2),(0.,5.656854249492),(0.,1.)
  ,.PIECEWISE_BEZIER_KNOTS.);
#6095 = CARTESIAN_POINT('',(-37.,-11.,191.));
#6096 = CARTESIAN_POINT('',(-51.,-13.,205.));
#6097 = CARTESIAN_POINT('',(-35.,-13.,191.));
#6098 = CARTESIAN_POINT('',(-47.,-17.,205.));
#6099 = ADVANCED_FACE('',(#6100),#6117,.F.);
#6100 = FACE_BOUND('',#6101,.F.);
#6101 = EDGE_LOOP('',(#6102,#6103,#6104,#6112));
#6102 = ORIENTED_EDGE('',*,*,#4566,.T.);
#6103 = ORIENTED_EDGE('',*,*,#4603,.T.);
#6104 = ORIENTED_EDGE('',*,*,#6105,.F.);
#6105 = EDGE_CURVE('',#6106,#4596,#6108,.T.);
#6106 = VERTEX_POINT('',#6107);
#6107 = CARTESIAN_POINT('',(54.,30.,238.));
#6108 = LINE('',#6109,#6110);
#6109 = CARTESIAN_POINT('',(54.,30.,238.));
#6110 = VECTOR('',#6111,1.);
#6111 = DIRECTION('',(-0.707106781187,0.707106781187,0.));
#6112 = ORIENTED_EDGE('',*,*,#6113,.F.);
#6113 = EDGE_CURVE('',#4567,#6106,#6114,.T.);
#6114 = B_SPLINE_CURVE_WITH_KNOTS('',1,(#6115,#6116),.UNSPECIFIED.,.F.,
  .F.,(2,2),(0.,1.),.PIECEWISE_BEZIER_KNOTS.);
#6115 = CARTESIAN_POINT('',(60.,35.,215.));
#6116 = CARTESIAN_POINT('',(54.,30.,238.));
#6117 = B_SPLINE_SURFACE_WITH_KNOTS('',1,1,(
    (#6118,#6119)
    ,(#6120,#6121
    )),.UNSPECIFIED.,.F.,.F.,.F.,(2,2),(2,2),(0.,7.071067811865),(0.,1.)
  ,.PIECEWISE_BEZIER_KNOTS.);
#6118 = CARTESIAN_POINT('',(60.,35.,215.));
#6119 = CARTESIAN_POINT('',(54.,30.,238.));
#6120 = CARTESIAN_POINT('',(55.,40.,215.));
#6121 = CARTESIAN_POINT('',(50.,34.,238.));
#6122 = ADVANCED_FACE('',(#6123),#6140,.F.);
#6123 = FACE_BOUND('',#6124,.F.);
#6124 = EDGE_LOOP('',(#6125,#6126,#6127,#6135));
#6125 = ORIENTED_EDGE('',*,*,#5730,.T.);
#6126 = ORIENTED_EDGE('',*,*,#4574,.T.);
#6127 = ORIENTED_EDGE('',*,*,#6128,.F.);
#6128 = EDGE_CURVE('',#6129,#4567,#6131,.T.);
#6129 = VERTEX_POINT('',#6130);
#6130 = CARTESIAN_POINT('',(60.,-11.,215.));
#6131 = LINE('',#6132,#6133);
#6132 = CARTESIAN_POINT('',(60.,-11.,215.));
#6133 = VECTOR('',#6134,1.);
#6134 = DIRECTION('',(0.,1.,0.));
#6135 = ORIENTED_EDGE('',*,*,#6136,.F.);
#6136 = EDGE_CURVE('',#5731,#6129,#6137,.T.);
#6137 = B_SPLINE_CURVE_WITH_KNOTS('',1,(#6138,#6139),.UNSPECIFIED.,.F.,
  .F.,(2,2),(0.,1.),.PIECEWISE_BEZIER_KNOTS.);
#6138 = CARTESIAN_POINT('',(51.,-13.,205.));
#6139 = CARTESIAN_POINT('',(60.,-11.,215.));
#6140 = B_SPLINE_SURFACE_WITH_KNOTS('',1,1,(
    (#6141,#6142)
    ,(#6143,#6144
    )),.UNSPECIFIED.,.F.,.F.,.F.,(2,2),(2,2),(0.,46.),(0.,1.),
  .PIECEWISE_BEZIER_KNOTS.);
#6141 = CARTESIAN_POINT('',(51.,-13.,205.));
#6142 = CARTESIAN_POINT('',(60.,-11.,215.));
#6143 = CARTESIAN_POINT('',(51.,13.,205.));
#6144 = CARTESIAN_POINT('',(60.,35.,215.));
#6145 = ADVANCED_FACE('',(#6146),#6163,.F.);
#6146 = FACE_BOUND('',#6147,.F.);
#6147 = EDGE_LOOP('',(#6148,#6149,#6156,#6162));
#6148 = ORIENTED_EDGE('',*,*,#4624,.T.);
#6149 = ORIENTED_EDGE('',*,*,#6150,.T.);
#6150 = EDGE_CURVE('',#4618,#6151,#6153,.T.);
#6151 = VERTEX_POINT('',#6152);
#6152 = CARTESIAN_POINT('',(-54.,30.,238.));
#6153 = B_SPLINE_CURVE_WITH_KNOTS('',1,(#6154,#6155),.UNSPECIFIED.,.F.,
  .F.,(2,2),(0.,1.),.PIECEWISE_BEZIER_KNOTS.);
#6154 = CARTESIAN_POINT('',(-60.,35.,215.));
#6155 = CARTESIAN_POINT('',(-54.,30.,238.));
#6156 = ORIENTED_EDGE('',*,*,#6157,.F.);
#6157 = EDGE_CURVE('',#4589,#6151,#6158,.T.);
#6158 = LINE('',#6159,#6160);
#6159 = CARTESIAN_POINT('',(-50.,34.,238.));
#6160 = VECTOR('',#6161,1.);
#6161 = DIRECTION('',(-0.707106781187,-0.707106781187,0.));
#6162 = ORIENTED_EDGE('',*,*,#4588,.F.);
#6163 = B_SPLINE_SURFACE_WITH_KNOTS('',1,1,(
    (#6164,#6165)
    ,(#6166,#6167
    )),.UNSPECIFIED.,.F.,.F.,.F.,(2,2),(2,2),(0.,7.071067811865),(0.,1.)
  ,.PIECEWISE_BEZIER_KNOTS.);
#6164 = CARTESIAN_POINT('',(-55.,40.,215.));
#6165 = CARTESIAN_POINT('',(-50.,34.,238.));
#6166 = CARTESIAN_POINT('',(-60.,35.,215.));
#6167 = CARTESIAN_POINT('',(-54.,30.,238.));
#6168 = ADVANCED_FACE('',(#6169),#6183,.F.);
#6169 = FACE_BOUND('',#6170,.F.);
#6170 = EDGE_LOOP('',(#6171,#6172,#6177,#6178));
#6171 = ORIENTED_EDGE('',*,*,#4595,.T.);
#6172 = ORIENTED_EDGE('',*,*,#6173,.T.);
#6173 = EDGE_CURVE('',#4589,#5621,#6174,.T.);
#6174 = B_SPLINE_CURVE_WITH_KNOTS('',1,(#6175,#6176),.UNSPECIFIED.,.F.,
  .F.,(2,2),(0.,1.),.PIECEWISE_BEZIER_KNOTS.);
#6175 = CARTESIAN_POINT('',(-50.,34.,238.));
#6176 = CARTESIAN_POINT('',(-50.5,34.5,244.));
#6177 = ORIENTED_EDGE('',*,*,#5620,.F.);
#6178 = ORIENTED_EDGE('',*,*,#6179,.F.);
#6179 = EDGE_CURVE('',#4596,#5598,#6180,.T.);
#6180 = B_SPLINE_CURVE_WITH_KNOTS('',1,(#6181,#6182),.UNSPECIFIED.,.F.,
  .F.,(2,2),(0.,1.),.PIECEWISE_BEZIER_KNOTS.);
#6181 = CARTESIAN_POINT('',(50.,34.,238.));
#6182 = CARTESIAN_POINT('',(50.5,34.5,244.));
#6183 = B_SPLINE_SURFACE_WITH_KNOTS('',1,1,(
    (#6184,#6185)
    ,(#6186,#6187
    )),.UNSPECIFIED.,.F.,.F.,.F.,(2,2),(2,2),(0.,101.),(0.,1.),
  .PIECEWISE_BEZIER_KNOTS.);
#6184 = CARTESIAN_POINT('',(50.,34.,238.));
#6185 = CARTESIAN_POINT('',(50.5,34.5,244.));
#6186 = CARTESIAN_POINT('',(-50.,34.,238.));
#6187 = CARTESIAN_POINT('',(-50.5,34.5,244.));
#6188 = ADVANCED_FACE('',(#6189),#6206,.F.);
#6189 = FACE_BOUND('',#6190,.F.);
#6190 = EDGE_LOOP('',(#6191,#6192,#6199,#6205));
#6191 = ORIENTED_EDGE('',*,*,#5759,.T.);
#6192 = ORIENTED_EDGE('',*,*,#6193,.T.);
#6193 = EDGE_CURVE('',#5753,#6194,#6196,.T.);
#6194 = VERTEX_POINT('',#6195);
#6195 = CARTESIAN_POINT('',(-60.,-11.,215.));
#6196 = B_SPLINE_CURVE_WITH_KNOTS('',1,(#6197,#6198),.UNSPECIFIED.,.F.,
  .F.,(2,2),(0.,1.),.PIECEWISE_BEZIER_KNOTS.);
#6197 = CARTESIAN_POINT('',(-51.,-13.,205.));
#6198 = CARTESIAN_POINT('',(-60.,-11.,215.));
#6199 = ORIENTED_EDGE('',*,*,#6200,.F.);
#6200 = EDGE_CURVE('',#4618,#6194,#6201,.T.);
#6201 = LINE('',#6202,#6203);
#6202 = CARTESIAN_POINT('',(-60.,35.,215.));
#6203 = VECTOR('',#6204,1.);
#6204 = DIRECTION('',(0.,-1.,0.));
#6205 = ORIENTED_EDGE('',*,*,#4617,.F.);
#6206 = B_SPLINE_SURFACE_WITH_KNOTS('',1,1,(
    (#6207,#6208)
    ,(#6209,#6210
    )),.UNSPECIFIED.,.F.,.F.,.F.,(2,2),(2,2),(0.,46.),(0.,1.),
  .PIECEWISE_BEZIER_KNOTS.);
#6207 = CARTESIAN_POINT('',(-51.,13.,205.));
#6208 = CARTESIAN_POINT('',(-60.,35.,215.));
#6209 = CARTESIAN_POINT('',(-51.,-13.,205.));
#6210 = CARTESIAN_POINT('',(-60.,-11.,215.));
#6211 = ADVANCED_FACE('',(#6212),#6326,.T.);
#6212 = FACE_BOUND('',#6213,.T.);
#6213 = EDGE_LOOP('',(#6214,#6222,#6230,#6236,#6237,#6245,#6253,#6259,
    #6260,#6268,#6311,#6317,#6318,#6324,#6325));
#6214 = ORIENTED_EDGE('',*,*,#6215,.F.);
#6215 = EDGE_CURVE('',#6216,#4659,#6218,.T.);
#6216 = VERTEX_POINT('',#6217);
#6217 = CARTESIAN_POINT('',(8.2,-13.2,140.));
#6218 = LINE('',#6219,#6220);
#6219 = CARTESIAN_POINT('',(8.2,-13.2,87.));
#6220 = VECTOR('',#6221,1.);
#6221 = DIRECTION('',(0.,0.,1.));
#6222 = ORIENTED_EDGE('',*,*,#6223,.F.);
#6223 = EDGE_CURVE('',#6224,#6216,#6226,.T.);
#6224 = VERTEX_POINT('',#6225);
#6225 = CARTESIAN_POINT('',(10.,-13.2,140.));
#6226 = LINE('',#6227,#6228);
#6227 = CARTESIAN_POINT('',(6.336090638974E-17,-13.2,140.));
#6228 = VECTOR('',#6229,1.);
#6229 = DIRECTION('',(-1.,0.,0.));
#6230 = ORIENTED_EDGE('',*,*,#6231,.F.);
#6231 = EDGE_CURVE('',#4997,#6224,#6232,.T.);
#6232 = LINE('',#6233,#6234);
#6233 = CARTESIAN_POINT('',(10.,-13.2,87.));
#6234 = VECTOR('',#6235,1.);
#6235 = DIRECTION('',(0.,0.,1.));
#6236 = ORIENTED_EDGE('',*,*,#4994,.F.);
#6237 = ORIENTED_EDGE('',*,*,#6238,.F.);
#6238 = EDGE_CURVE('',#6239,#4995,#6241,.T.);
#6239 = VERTEX_POINT('',#6240);
#6240 = CARTESIAN_POINT('',(17.95,-13.2,123.25));
#6241 = LINE('',#6242,#6243);
#6242 = CARTESIAN_POINT('',(17.775,-13.2,123.425));
#6243 = VECTOR('',#6244,1.);
#6244 = DIRECTION('',(-0.707106781187,0.,0.707106781187));
#6245 = ORIENTED_EDGE('',*,*,#6246,.F.);
#6246 = EDGE_CURVE('',#6247,#6239,#6249,.T.);
#6247 = VERTEX_POINT('',#6248);
#6248 = CARTESIAN_POINT('',(17.95,-13.2,88.75));
#6249 = LINE('',#6250,#6251);
#6250 = CARTESIAN_POINT('',(17.95,-13.2,97.375));
#6251 = VECTOR('',#6252,1.);
#6252 = DIRECTION('',(0.,0.,1.));
#6253 = ORIENTED_EDGE('',*,*,#6254,.F.);
#6254 = EDGE_CURVE('',#4887,#6247,#6255,.T.);
#6255 = LINE('',#6256,#6257);
#6256 = CARTESIAN_POINT('',(15.4,-13.2,86.2));
#6257 = VECTOR('',#6258,1.);
#6258 = DIRECTION('',(0.707106781187,0.,0.707106781187));
#6259 = ORIENTED_EDGE('',*,*,#4884,.F.);
#6260 = ORIENTED_EDGE('',*,*,#6261,.F.);
#6261 = EDGE_CURVE('',#6262,#4885,#6264,.T.);
#6262 = VERTEX_POINT('',#6263);
#6263 = CARTESIAN_POINT('',(10.,-13.2,72.));
#6264 = LINE('',#6265,#6266);
#6265 = CARTESIAN_POINT('',(10.,-13.2,87.));
#6266 = VECTOR('',#6267,1.);
#6267 = DIRECTION('',(0.,0.,1.));
#6268 = ORIENTED_EDGE('',*,*,#6269,.F.);
#6269 = EDGE_CURVE('',#6270,#6262,#6272,.T.);
#6270 = VERTEX_POINT('',#6271);
#6271 = CARTESIAN_POINT('',(10.,-13.2,68.));
#6272 = B_SPLINE_CURVE_WITH_KNOTS('',7,(#6273,#6274,#6275,#6276,#6277,
    #6278,#6279,#6280,#6281,#6282,#6283,#6284,#6285,#6286,#6287,#6288,
    #6289,#6290,#6291,#6292,#6293,#6294,#6295,#6296,#6297,#6298,#6299,
    #6300,#6301,#6302,#6303,#6304,#6305,#6306,#6307,#6308,#6309,#6310),
  .UNSPECIFIED.,.F.,.F.,(8,6,6,6,6,6,8),(0.,0.194931486321,
    0.429019660073,0.592666818756,0.685792518861,0.928091386316,1.),
  .UNSPECIFIED.);
#6273 = CARTESIAN_POINT('',(10.,-13.2,68.));
#6274 = CARTESIAN_POINT('',(10.00447055711,-13.2,68.044705571103));
#6275 = CARTESIAN_POINT('',(10.008796514942,-13.2,68.092511737402));
#6276 = CARTESIAN_POINT('',(10.012959878217,-13.2,68.143755983949));
#6277 = CARTESIAN_POINT('',(10.016938490774,-13.2,68.198808279229));
#6278 = CARTESIAN_POINT('',(10.020705803555,-13.2,68.25807565344));
#6279 = CARTESIAN_POINT('',(10.024231669103,-13.2,68.321986519827));
#6280 = CARTESIAN_POINT('',(10.031389997783,-13.2,68.473776887494));
#6281 = CARTESIAN_POINT('',(10.034903088722,-13.2,68.563922993428));
#6282 = CARTESIAN_POINT('',(10.037964220872,-13.2,68.662047060197));
#6283 = CARTESIAN_POINT('',(10.040512344794,-13.2,68.768714019562));
#6284 = CARTESIAN_POINT('',(10.042491185488,-13.2,68.884294196653));
#6285 = CARTESIAN_POINT('',(10.043866114986,-13.2,69.008695365509));
#6286 = CARTESIAN_POINT('',(10.045169725963,-13.2,69.233847302884));
#6287 = CARTESIAN_POINT('',(10.04540929496,-13.2,69.330477076991));
#6288 = CARTESIAN_POINT('',(10.045350354753,-13.2,69.430872528029));
#6289 = CARTESIAN_POINT('',(10.044999168329,-13.2,69.534740406502));
#6290 = CARTESIAN_POINT('',(10.044368066375,-13.2,69.641741819081));
#6291 = CARTESIAN_POINT('',(10.043473541105,-13.2,69.751513910817));
#6292 = CARTESIAN_POINT('',(10.041686061854,-13.2,69.927527797376));
#6293 = CARTESIAN_POINT('',(10.040958480757,-13.2,69.992149122726));
#6294 = CARTESIAN_POINT('',(10.040154970584,-13.2,70.05749381277));
#6295 = CARTESIAN_POINT('',(10.03927905738,-13.2,70.12350263135));
#6296 = CARTESIAN_POINT('',(10.038334321844,-13.2,70.190119711422));
#6297 = CARTESIAN_POINT('',(10.037324301722,-13.2,70.257293449713));
#6298 = CARTESIAN_POINT('',(10.033463454324,-13.2,70.501080719901));
#6299 = CARTESIAN_POINT('',(10.030256278863,-13.2,70.680592008152));
#6300 = CARTESIAN_POINT('',(10.026690252151,-13.2,70.86275984026));
#6301 = CARTESIAN_POINT('',(10.022819360757,-13.2,71.04695797046));
#6302 = CARTESIAN_POINT('',(10.018689009393,-13.2,71.232708199702));
#6303 = CARTESIAN_POINT('',(10.014335157604,-13.2,71.419686742337));
#6304 = CARTESIAN_POINT('',(10.008435627974,-13.2,71.663516194867));
#6305 = CARTESIAN_POINT('',(10.007068335666,-13.2,71.719407408743));
#6306 = CARTESIAN_POINT('',(10.005684666598,-13.2,71.775381509095));
#6307 = CARTESIAN_POINT('',(10.004285342818,-13.2,71.831432777165));
#6308 = CARTESIAN_POINT('',(10.002871042127,-13.2,71.887556000856));
#6309 = CARTESIAN_POINT('',(10.001442398084,-13.2,71.943746474727));
#6310 = CARTESIAN_POINT('',(10.,-13.2,72.));
#6311 = ORIENTED_EDGE('',*,*,#6312,.T.);
#6312 = EDGE_CURVE('',#6270,#4775,#6313,.T.);
#6313 = LINE('',#6314,#6315);
#6314 = CARTESIAN_POINT('',(-16.,-13.2,68.));
#6315 = VECTOR('',#6316,1.);
#6316 = DIRECTION('',(1.,0.,0.));
#6317 = ORIENTED_EDGE('',*,*,#4774,.T.);
#6318 = ORIENTED_EDGE('',*,*,#6319,.T.);
#6319 = EDGE_CURVE('',#4777,#4704,#6320,.T.);
#6320 = LINE('',#6321,#6322);
#6321 = CARTESIAN_POINT('',(21.,-13.2,73.));
#6322 = VECTOR('',#6323,1.);
#6323 = DIRECTION('',(0.,0.,1.));
#6324 = ORIENTED_EDGE('',*,*,#4703,.T.);
#6325 = ORIENTED_EDGE('',*,*,#4656,.T.);
#6326 = PLANE('',#6327);
#6327 = AXIS2_PLACEMENT_3D('',#6328,#6329,#6330);
#6328 = CARTESIAN_POINT('',(1.267218127795E-16,-13.2,106.));
#6329 = DIRECTION('',(-0.,-1.,-0.));
#6330 = DIRECTION('',(0.,0.,-1.));
#6331 = ADVANCED_FACE('',(#6332),#6359,.F.);
#6332 = FACE_BOUND('',#6333,.F.);
#6333 = EDGE_LOOP('',(#6334,#6335,#6336,#6344,#6352,#6358));
#6334 = ORIENTED_EDGE('',*,*,#4689,.F.);
#6335 = ORIENTED_EDGE('',*,*,#6215,.F.);
#6336 = ORIENTED_EDGE('',*,*,#6337,.F.);
#6337 = EDGE_CURVE('',#6338,#6216,#6340,.T.);
#6338 = VERTEX_POINT('',#6339);
#6339 = CARTESIAN_POINT('',(8.2,-12.8,140.));
#6340 = LINE('',#6341,#6342);
#6341 = CARTESIAN_POINT('',(8.2,-16.06626499314,140.));
#6342 = VECTOR('',#6343,1.);
#6343 = DIRECTION('',(0.,-1.,0.));
#6344 = ORIENTED_EDGE('',*,*,#6345,.F.);
#6345 = EDGE_CURVE('',#6346,#6338,#6348,.T.);
#6346 = VERTEX_POINT('',#6347);
#6347 = CARTESIAN_POINT('',(8.2,-12.8,68.));
#6348 = LINE('',#6349,#6350);
#6349 = CARTESIAN_POINT('',(8.2,-12.8,68.));
#6350 = VECTOR('',#6351,1.);
#6351 = DIRECTION('',(0.,0.,1.));
#6352 = ORIENTED_EDGE('',*,*,#6353,.T.);
#6353 = EDGE_CURVE('',#6346,#4822,#6354,.T.);
#6354 = LINE('',#6355,#6356);
#6355 = CARTESIAN_POINT('',(8.2,-13.4,68.));
#6356 = VECTOR('',#6357,1.);
#6357 = DIRECTION('',(0.,1.,0.));
#6358 = ORIENTED_EDGE('',*,*,#4821,.T.);
#6359 = PLANE('',#6360);
#6360 = AXIS2_PLACEMENT_3D('',#6361,#6362,#6363);
#6361 = CARTESIAN_POINT('',(8.2,-13.4,68.));
#6362 = DIRECTION('',(1.,0.,0.));
#6363 = DIRECTION('',(0.,0.,1.));
#6364 = ADVANCED_FACE('',(#6365),#6371,.T.);
#6365 = FACE_BOUND('',#6366,.T.);
#6366 = EDGE_LOOP('',(#6367,#6368,#6369,#6370));
#6367 = ORIENTED_EDGE('',*,*,#4807,.T.);
#6368 = ORIENTED_EDGE('',*,*,#4759,.T.);
#6369 = ORIENTED_EDGE('',*,*,#4711,.F.);
#6370 = ORIENTED_EDGE('',*,*,#6319,.F.);
#6371 = PLANE('',#6372);
#6372 = AXIS2_PLACEMENT_3D('',#6373,#6374,#6375);
#6373 = CARTESIAN_POINT('',(21.,-13.2,73.));
#6374 = DIRECTION('',(1.,0.,0.));
#6375 = DIRECTION('',(0.,0.,1.));
#6376 = ADVANCED_FACE('',(#6377),#6388,.F.);
#6377 = FACE_BOUND('',#6378,.F.);
#6378 = EDGE_LOOP('',(#6379,#6385,#6386,#6387));
#6379 = ORIENTED_EDGE('',*,*,#6380,.F.);
#6380 = EDGE_CURVE('',#5019,#4903,#6381,.T.);
#6381 = LINE('',#6382,#6383);
#6382 = CARTESIAN_POINT('',(8.45,-12.8,95.625));
#6383 = VECTOR('',#6384,1.);
#6384 = DIRECTION('',(0.,0.,-1.));
#6385 = ORIENTED_EDGE('',*,*,#5018,.T.);
#6386 = ORIENTED_EDGE('',*,*,#4853,.T.);
#6387 = ORIENTED_EDGE('',*,*,#4910,.F.);
#6388 = PLANE('',#6389);
#6389 = AXIS2_PLACEMENT_3D('',#6390,#6391,#6392);
#6390 = CARTESIAN_POINT('',(8.45,-13.5,123.25));
#6391 = DIRECTION('',(-1.,0.,0.));
#6392 = DIRECTION('',(0.,0.,-1.));
#6393 = ADVANCED_FACE('',(#6394),#6405,.F.);
#6394 = FACE_BOUND('',#6395,.F.);
#6395 = EDGE_LOOP('',(#6396,#6397,#6398,#6399));
#6396 = ORIENTED_EDGE('',*,*,#6254,.F.);
#6397 = ORIENTED_EDGE('',*,*,#4933,.T.);
#6398 = ORIENTED_EDGE('',*,*,#4980,.F.);
#6399 = ORIENTED_EDGE('',*,*,#6400,.F.);
#6400 = EDGE_CURVE('',#6247,#4973,#6401,.T.);
#6401 = LINE('',#6402,#6403);
#6402 = CARTESIAN_POINT('',(17.95,-13.5,88.75));
#6403 = VECTOR('',#6404,1.);
#6404 = DIRECTION('',(0.,1.,0.));
#6405 = PLANE('',#6406);
#6406 = AXIS2_PLACEMENT_3D('',#6407,#6408,#6409);
#6407 = CARTESIAN_POINT('',(13.2,-13.5,84.));
#6408 = DIRECTION('',(0.707106781187,0.,-0.707106781187));
#6409 = DIRECTION('',(0.707106781187,0.,0.707106781187));
#6410 = ADVANCED_FACE('',(#6411),#6422,.T.);
#6411 = FACE_BOUND('',#6412,.T.);
#6412 = EDGE_LOOP('',(#6413,#6419,#6420,#6421));
#6413 = ORIENTED_EDGE('',*,*,#6414,.F.);
#6414 = EDGE_CURVE('',#4895,#5027,#6415,.T.);
#6415 = LINE('',#6416,#6417);
#6416 = CARTESIAN_POINT('',(10.,-12.8,68.));
#6417 = VECTOR('',#6418,1.);
#6418 = DIRECTION('',(0.,0.,1.));
#6419 = ORIENTED_EDGE('',*,*,#4902,.F.);
#6420 = ORIENTED_EDGE('',*,*,#6380,.F.);
#6421 = ORIENTED_EDGE('',*,*,#5026,.F.);
#6422 = PLANE('',#6423);
#6423 = AXIS2_PLACEMENT_3D('',#6424,#6425,#6426);
#6424 = CARTESIAN_POINT('',(-10.,-12.8,68.));
#6425 = DIRECTION('',(0.,1.,0.));
#6426 = DIRECTION('',(0.,0.,1.));
#6427 = ADVANCED_FACE('',(#6428),#6456,.T.);
#6428 = FACE_BOUND('',#6429,.T.);
#6429 = EDGE_LOOP('',(#6430,#6440,#6445,#6446,#6447,#6448,#6449,#6450));
#6430 = ORIENTED_EDGE('',*,*,#6431,.F.);
#6431 = EDGE_CURVE('',#6432,#6434,#6436,.T.);
#6432 = VERTEX_POINT('',#6433);
#6433 = CARTESIAN_POINT('',(10.,-13.8,78.));
#6434 = VERTEX_POINT('',#6435);
#6435 = CARTESIAN_POINT('',(10.,-13.8,140.));
#6436 = LINE('',#6437,#6438);
#6437 = CARTESIAN_POINT('',(10.,-13.8,78.));
#6438 = VECTOR('',#6439,1.);
#6439 = DIRECTION('',(0.,0.,1.));
#6440 = ORIENTED_EDGE('',*,*,#6441,.F.);
#6441 = EDGE_CURVE('',#6262,#6432,#6442,.T.);
#6442 = B_SPLINE_CURVE_WITH_KNOTS('',1,(#6443,#6444),.UNSPECIFIED.,.F.,
  .F.,(2,2),(0.,1.),.PIECEWISE_BEZIER_KNOTS.);
#6443 = CARTESIAN_POINT('',(10.,-12.8,68.));
#6444 = CARTESIAN_POINT('',(10.,-13.8,78.));
#6445 = ORIENTED_EDGE('',*,*,#6261,.T.);
#6446 = ORIENTED_EDGE('',*,*,#4894,.F.);
#6447 = ORIENTED_EDGE('',*,*,#6414,.T.);
#6448 = ORIENTED_EDGE('',*,*,#5034,.F.);
#6449 = ORIENTED_EDGE('',*,*,#6231,.T.);
#6450 = ORIENTED_EDGE('',*,*,#6451,.F.);
#6451 = EDGE_CURVE('',#6434,#6224,#6452,.T.);
#6452 = LINE('',#6453,#6454);
#6453 = CARTESIAN_POINT('',(10.,-13.8,140.));
#6454 = VECTOR('',#6455,1.);
#6455 = DIRECTION('',(0.,1.,0.));
#6456 = PLANE('',#6457);
#6457 = AXIS2_PLACEMENT_3D('',#6458,#6459,#6460);
#6458 = CARTESIAN_POINT('',(10.,-13.8,68.));
#6459 = DIRECTION('',(1.,0.,0.));
#6460 = DIRECTION('',(0.,0.,1.));
#6461 = ADVANCED_FACE('',(#6462),#6473,.F.);
#6462 = FACE_BOUND('',#6463,.F.);
#6463 = EDGE_LOOP('',(#6464,#6465,#6466,#6467));
#6464 = ORIENTED_EDGE('',*,*,#6246,.F.);
#6465 = ORIENTED_EDGE('',*,*,#6400,.T.);
#6466 = ORIENTED_EDGE('',*,*,#4972,.F.);
#6467 = ORIENTED_EDGE('',*,*,#6468,.F.);
#6468 = EDGE_CURVE('',#6239,#4965,#6469,.T.);
#6469 = LINE('',#6470,#6471);
#6470 = CARTESIAN_POINT('',(17.95,-13.5,123.25));
#6471 = VECTOR('',#6472,1.);
#6472 = DIRECTION('',(0.,1.,0.));
#6473 = PLANE('',#6474);
#6474 = AXIS2_PLACEMENT_3D('',#6475,#6476,#6477);
#6475 = CARTESIAN_POINT('',(17.95,-13.5,88.75));
#6476 = DIRECTION('',(1.,0.,0.));
#6477 = DIRECTION('',(0.,0.,1.));
#6478 = ADVANCED_FACE('',(#6479),#6485,.F.);
#6479 = FACE_BOUND('',#6480,.F.);
#6480 = EDGE_LOOP('',(#6481,#6482,#6483,#6484));
#6481 = ORIENTED_EDGE('',*,*,#6238,.F.);
#6482 = ORIENTED_EDGE('',*,*,#6468,.T.);
#6483 = ORIENTED_EDGE('',*,*,#4964,.F.);
#6484 = ORIENTED_EDGE('',*,*,#5004,.F.);
#6485 = PLANE('',#6486);
#6486 = AXIS2_PLACEMENT_3D('',#6487,#6488,#6489);
#6487 = CARTESIAN_POINT('',(17.95,-13.5,123.25));
#6488 = DIRECTION('',(0.707106781187,0.,0.707106781187));
#6489 = DIRECTION('',(-0.707106781187,0.,0.707106781187));
#6490 = ADVANCED_FACE('',(#6491),#6605,.T.);
#6491 = FACE_BOUND('',#6492,.T.);
#6492 = EDGE_LOOP('',(#6493,#6499,#6500,#6508,#6551,#6557,#6558,#6566,
    #6574,#6580,#6581,#6589,#6597,#6603,#6604));
#6493 = ORIENTED_EDGE('',*,*,#6494,.T.);
#6494 = EDGE_CURVE('',#5051,#5405,#6495,.T.);
#6495 = LINE('',#6496,#6497);
#6496 = CARTESIAN_POINT('',(-21.,-13.2,139.));
#6497 = VECTOR('',#6498,1.);
#6498 = DIRECTION('',(0.,0.,-1.));
#6499 = ORIENTED_EDGE('',*,*,#5404,.T.);
#6500 = ORIENTED_EDGE('',*,*,#6501,.T.);
#6501 = EDGE_CURVE('',#5407,#6502,#6504,.T.);
#6502 = VERTEX_POINT('',#6503);
#6503 = CARTESIAN_POINT('',(-10.,-13.2,68.));
#6504 = LINE('',#6505,#6506);
#6505 = CARTESIAN_POINT('',(-16.,-13.2,68.));
#6506 = VECTOR('',#6507,1.);
#6507 = DIRECTION('',(1.,0.,0.));
#6508 = ORIENTED_EDGE('',*,*,#6509,.T.);
#6509 = EDGE_CURVE('',#6502,#6510,#6512,.T.);
#6510 = VERTEX_POINT('',#6511);
#6511 = CARTESIAN_POINT('',(-10.,-13.2,72.));
#6512 = B_SPLINE_CURVE_WITH_KNOTS('',7,(#6513,#6514,#6515,#6516,#6517,
    #6518,#6519,#6520,#6521,#6522,#6523,#6524,#6525,#6526,#6527,#6528,
    #6529,#6530,#6531,#6532,#6533,#6534,#6535,#6536,#6537,#6538,#6539,
    #6540,#6541,#6542,#6543,#6544,#6545,#6546,#6547,#6548,#6549,#6550),
  .UNSPECIFIED.,.F.,.F.,(8,6,6,6,6,6,8),(0.,0.194931486321,
    0.429019660073,0.592666818756,0.685792518861,0.928091386316,1.),
  .UNSPECIFIED.);
#6513 = CARTESIAN_POINT('',(-10.,-13.2,68.));
#6514 = CARTESIAN_POINT('',(-10.00447055711,-13.2,68.044705571103));
#6515 = CARTESIAN_POINT('',(-10.00879651494,-13.2,68.092511737402));
#6516 = CARTESIAN_POINT('',(-10.01295987821,-13.2,68.143755983949));
#6517 = CARTESIAN_POINT('',(-10.01693849077,-13.2,68.198808279229));
#6518 = CARTESIAN_POINT('',(-10.02070580355,-13.2,68.25807565344));
#6519 = CARTESIAN_POINT('',(-10.0242316691,-13.2,68.321986519827));
#6520 = CARTESIAN_POINT('',(-10.03138999778,-13.2,68.473776887494));
#6521 = CARTESIAN_POINT('',(-10.03490308872,-13.2,68.563922993428));
#6522 = CARTESIAN_POINT('',(-10.03796422087,-13.2,68.662047060197));
#6523 = CARTESIAN_POINT('',(-10.04051234479,-13.2,68.768714019561));
#6524 = CARTESIAN_POINT('',(-10.04249118548,-13.2,68.884294196653));
#6525 = CARTESIAN_POINT('',(-10.04386611498,-13.2,69.008695365508));
#6526 = CARTESIAN_POINT('',(-10.04516972596,-13.2,69.233847302884));
#6527 = CARTESIAN_POINT('',(-10.04540929496,-13.2,69.330477076991));
#6528 = CARTESIAN_POINT('',(-10.04535035475,-13.2,69.430872528029));
#6529 = CARTESIAN_POINT('',(-10.04499916832,-13.2,69.534740406502));
#6530 = CARTESIAN_POINT('',(-10.04436806637,-13.2,69.641741819081));
#6531 = CARTESIAN_POINT('',(-10.0434735411,-13.2,69.751513910817));
#6532 = CARTESIAN_POINT('',(-10.04168606185,-13.2,69.927527797376));
#6533 = CARTESIAN_POINT('',(-10.04095848075,-13.2,69.992149122726));
#6534 = CARTESIAN_POINT('',(-10.04015497058,-13.2,70.05749381277));
#6535 = CARTESIAN_POINT('',(-10.03927905738,-13.2,70.123502631349));
#6536 = CARTESIAN_POINT('',(-10.03833432184,-13.2,70.190119711422));
#6537 = CARTESIAN_POINT('',(-10.03732430172,-13.2,70.257293449713));
#6538 = CARTESIAN_POINT('',(-10.03346345432,-13.2,70.501080719901));
#6539 = CARTESIAN_POINT('',(-10.03025627886,-13.2,70.680592008152));
#6540 = CARTESIAN_POINT('',(-10.02669025215,-13.2,70.86275984026));
#6541 = CARTESIAN_POINT('',(-10.02281936075,-13.2,71.046957970461));
#6542 = CARTESIAN_POINT('',(-10.01868900939,-13.2,71.232708199702));
#6543 = CARTESIAN_POINT('',(-10.0143351576,-13.2,71.419686742337));
#6544 = CARTESIAN_POINT('',(-10.00843562797,-13.2,71.663516194867));
#6545 = CARTESIAN_POINT('',(-10.00706833566,-13.2,71.719407408743));
#6546 = CARTESIAN_POINT('',(-10.00568466659,-13.2,71.775381509095));
#6547 = CARTESIAN_POINT('',(-10.00428534281,-13.2,71.831432777165));
#6548 = CARTESIAN_POINT('',(-10.00287104212,-13.2,71.887556000856));
#6549 = CARTESIAN_POINT('',(-10.00144239808,-13.2,71.943746474727));
#6550 = CARTESIAN_POINT('',(-10.,-13.2,72.));
#6551 = ORIENTED_EDGE('',*,*,#6552,.T.);
#6552 = EDGE_CURVE('',#6510,#5212,#6553,.T.);
#6553 = LINE('',#6554,#6555);
#6554 = CARTESIAN_POINT('',(-10.,-13.2,87.));
#6555 = VECTOR('',#6556,1.);
#6556 = DIRECTION('',(0.,0.,1.));
#6557 = ORIENTED_EDGE('',*,*,#5209,.F.);
#6558 = ORIENTED_EDGE('',*,*,#6559,.F.);
#6559 = EDGE_CURVE('',#6560,#5210,#6562,.T.);
#6560 = VERTEX_POINT('',#6561);
#6561 = CARTESIAN_POINT('',(-17.95,-13.2,88.75));
#6562 = LINE('',#6563,#6564);
#6563 = CARTESIAN_POINT('',(-17.775,-13.2,88.575));
#6564 = VECTOR('',#6565,1.);
#6565 = DIRECTION('',(0.707106781187,0.,-0.707106781187));
#6566 = ORIENTED_EDGE('',*,*,#6567,.F.);
#6567 = EDGE_CURVE('',#6568,#6560,#6570,.T.);
#6568 = VERTEX_POINT('',#6569);
#6569 = CARTESIAN_POINT('',(-17.95,-13.2,123.25));
#6570 = LINE('',#6571,#6572);
#6571 = CARTESIAN_POINT('',(-17.95,-13.2,114.625));
#6572 = VECTOR('',#6573,1.);
#6573 = DIRECTION('',(0.,0.,-1.));
#6574 = ORIENTED_EDGE('',*,*,#6575,.F.);
#6575 = EDGE_CURVE('',#5322,#6568,#6576,.T.);
#6576 = LINE('',#6577,#6578);
#6577 = CARTESIAN_POINT('',(-15.4,-13.2,125.8));
#6578 = VECTOR('',#6579,1.);
#6579 = DIRECTION('',(-0.707106781187,0.,-0.707106781187));
#6580 = ORIENTED_EDGE('',*,*,#5319,.F.);
#6581 = ORIENTED_EDGE('',*,*,#6582,.T.);
#6582 = EDGE_CURVE('',#5320,#6583,#6585,.T.);
#6583 = VERTEX_POINT('',#6584);
#6584 = CARTESIAN_POINT('',(-10.,-13.2,140.));
#6585 = LINE('',#6586,#6587);
#6586 = CARTESIAN_POINT('',(-10.,-13.2,87.));
#6587 = VECTOR('',#6588,1.);
#6588 = DIRECTION('',(0.,0.,1.));
#6589 = ORIENTED_EDGE('',*,*,#6590,.F.);
#6590 = EDGE_CURVE('',#6591,#6583,#6593,.T.);
#6591 = VERTEX_POINT('',#6592);
#6592 = CARTESIAN_POINT('',(-8.2,-13.2,140.));
#6593 = LINE('',#6594,#6595);
#6594 = CARTESIAN_POINT('',(6.336090638974E-17,-13.2,140.));
#6595 = VECTOR('',#6596,1.);
#6596 = DIRECTION('',(-1.,0.,0.));
#6597 = ORIENTED_EDGE('',*,*,#6598,.T.);
#6598 = EDGE_CURVE('',#6591,#5096,#6599,.T.);
#6599 = LINE('',#6600,#6601);
#6600 = CARTESIAN_POINT('',(-8.2,-13.2,87.));
#6601 = VECTOR('',#6602,1.);
#6602 = DIRECTION('',(0.,0.,1.));
#6603 = ORIENTED_EDGE('',*,*,#5095,.T.);
#6604 = ORIENTED_EDGE('',*,*,#5048,.T.);
#6605 = PLANE('',#6606);
#6606 = AXIS2_PLACEMENT_3D('',#6607,#6608,#6609);
#6607 = CARTESIAN_POINT('',(1.267218127795E-16,-13.2,106.));
#6608 = DIRECTION('',(-0.,-1.,-0.));
#6609 = DIRECTION('',(0.,0.,-1.));
#6610 = ADVANCED_FACE('',(#6611),#6617,.T.);
#6611 = FACE_BOUND('',#6612,.T.);
#6612 = EDGE_LOOP('',(#6613,#6614,#6615,#6616));
#6613 = ORIENTED_EDGE('',*,*,#5081,.T.);
#6614 = ORIENTED_EDGE('',*,*,#5373,.T.);
#6615 = ORIENTED_EDGE('',*,*,#5414,.F.);
#6616 = ORIENTED_EDGE('',*,*,#6494,.F.);
#6617 = PLANE('',#6618);
#6618 = AXIS2_PLACEMENT_3D('',#6619,#6620,#6621);
#6619 = CARTESIAN_POINT('',(-21.,-13.2,139.));
#6620 = DIRECTION('',(-1.,0.,0.));
#6621 = DIRECTION('',(0.,0.,-1.));
#6622 = ADVANCED_FACE('',(#6623),#6650,.T.);
#6623 = FACE_BOUND('',#6624,.T.);
#6624 = EDGE_LOOP('',(#6625,#6626,#6627,#6635,#6643,#6649));
#6625 = ORIENTED_EDGE('',*,*,#5103,.F.);
#6626 = ORIENTED_EDGE('',*,*,#6598,.F.);
#6627 = ORIENTED_EDGE('',*,*,#6628,.F.);
#6628 = EDGE_CURVE('',#6629,#6591,#6631,.T.);
#6629 = VERTEX_POINT('',#6630);
#6630 = CARTESIAN_POINT('',(-8.2,-12.8,140.));
#6631 = LINE('',#6632,#6633);
#6632 = CARTESIAN_POINT('',(-8.2,-16.06626499314,140.));
#6633 = VECTOR('',#6634,1.);
#6634 = DIRECTION('',(0.,-1.,0.));
#6635 = ORIENTED_EDGE('',*,*,#6636,.F.);
#6636 = EDGE_CURVE('',#6637,#6629,#6639,.T.);
#6637 = VERTEX_POINT('',#6638);
#6638 = CARTESIAN_POINT('',(-8.2,-12.8,68.));
#6639 = LINE('',#6640,#6641);
#6640 = CARTESIAN_POINT('',(-8.2,-12.8,68.));
#6641 = VECTOR('',#6642,1.);
#6642 = DIRECTION('',(0.,0.,1.));
#6643 = ORIENTED_EDGE('',*,*,#6644,.T.);
#6644 = EDGE_CURVE('',#6637,#5157,#6645,.T.);
#6645 = LINE('',#6646,#6647);
#6646 = CARTESIAN_POINT('',(-8.2,-13.4,68.));
#6647 = VECTOR('',#6648,1.);
#6648 = DIRECTION('',(0.,1.,0.));
#6649 = ORIENTED_EDGE('',*,*,#5164,.T.);
#6650 = PLANE('',#6651);
#6651 = AXIS2_PLACEMENT_3D('',#6652,#6653,#6654);
#6652 = CARTESIAN_POINT('',(-8.2,-13.4,68.));
#6653 = DIRECTION('',(1.,0.,0.));
#6654 = DIRECTION('',(0.,0.,1.));
#6655 = ADVANCED_FACE('',(#6656),#6667,.F.);
#6656 = FACE_BOUND('',#6657,.F.);
#6657 = EDGE_LOOP('',(#6658,#6664,#6665,#6666));
#6658 = ORIENTED_EDGE('',*,*,#6659,.F.);
#6659 = EDGE_CURVE('',#5243,#5338,#6660,.T.);
#6660 = LINE('',#6661,#6662);
#6661 = CARTESIAN_POINT('',(-8.45,-12.8,78.375));
#6662 = VECTOR('',#6663,1.);
#6663 = DIRECTION('',(0.,0.,1.));
#6664 = ORIENTED_EDGE('',*,*,#5242,.T.);
#6665 = ORIENTED_EDGE('',*,*,#5187,.T.);
#6666 = ORIENTED_EDGE('',*,*,#5345,.F.);
#6667 = PLANE('',#6668);
#6668 = AXIS2_PLACEMENT_3D('',#6669,#6670,#6671);
#6669 = CARTESIAN_POINT('',(-8.45,-13.5,88.75));
#6670 = DIRECTION('',(1.,0.,0.));
#6671 = DIRECTION('',(0.,0.,1.));
#6672 = ADVANCED_FACE('',(#6673),#6706,.F.);
#6673 = FACE_BOUND('',#6674,.F.);
#6674 = EDGE_LOOP('',(#6675,#6685,#6690,#6691,#6692,#6698,#6699,#6700));
#6675 = ORIENTED_EDGE('',*,*,#6676,.F.);
#6676 = EDGE_CURVE('',#6677,#6679,#6681,.T.);
#6677 = VERTEX_POINT('',#6678);
#6678 = CARTESIAN_POINT('',(-10.,-13.8,78.));
#6679 = VERTEX_POINT('',#6680);
#6680 = CARTESIAN_POINT('',(-10.,-13.8,140.));
#6681 = LINE('',#6682,#6683);
#6682 = CARTESIAN_POINT('',(-10.,-13.8,78.));
#6683 = VECTOR('',#6684,1.);
#6684 = DIRECTION('',(0.,0.,1.));
#6685 = ORIENTED_EDGE('',*,*,#6686,.F.);
#6686 = EDGE_CURVE('',#6510,#6677,#6687,.T.);
#6687 = B_SPLINE_CURVE_WITH_KNOTS('',1,(#6688,#6689),.UNSPECIFIED.,.F.,
  .F.,(2,2),(0.,1.),.PIECEWISE_BEZIER_KNOTS.);
#6688 = CARTESIAN_POINT('',(-10.,-12.8,68.));
#6689 = CARTESIAN_POINT('',(-10.,-13.8,78.));
#6690 = ORIENTED_EDGE('',*,*,#6552,.T.);
#6691 = ORIENTED_EDGE('',*,*,#5258,.F.);
#6692 = ORIENTED_EDGE('',*,*,#6693,.T.);
#6693 = EDGE_CURVE('',#5251,#5330,#6694,.T.);
#6694 = LINE('',#6695,#6696);
#6695 = CARTESIAN_POINT('',(-10.,-12.8,68.));
#6696 = VECTOR('',#6697,1.);
#6697 = DIRECTION('',(0.,0.,1.));
#6698 = ORIENTED_EDGE('',*,*,#5329,.F.);
#6699 = ORIENTED_EDGE('',*,*,#6582,.T.);
#6700 = ORIENTED_EDGE('',*,*,#6701,.F.);
#6701 = EDGE_CURVE('',#6679,#6583,#6702,.T.);
#6702 = LINE('',#6703,#6704);
#6703 = CARTESIAN_POINT('',(-10.,-13.8,140.));
#6704 = VECTOR('',#6705,1.);
#6705 = DIRECTION('',(0.,1.,0.));
#6706 = PLANE('',#6707);
#6707 = AXIS2_PLACEMENT_3D('',#6708,#6709,#6710);
#6708 = CARTESIAN_POINT('',(-10.,-13.8,68.));
#6709 = DIRECTION('',(1.,0.,0.));
#6710 = DIRECTION('',(0.,0.,1.));
#6711 = ADVANCED_FACE('',(#6712),#6718,.T.);
#6712 = FACE_BOUND('',#6713,.T.);
#6713 = EDGE_LOOP('',(#6714,#6715,#6716,#6717));
#6714 = ORIENTED_EDGE('',*,*,#5250,.F.);
#6715 = ORIENTED_EDGE('',*,*,#6693,.T.);
#6716 = ORIENTED_EDGE('',*,*,#5337,.F.);
#6717 = ORIENTED_EDGE('',*,*,#6659,.F.);
#6718 = PLANE('',#6719);
#6719 = AXIS2_PLACEMENT_3D('',#6720,#6721,#6722);
#6720 = CARTESIAN_POINT('',(-10.,-12.8,68.));
#6721 = DIRECTION('',(0.,1.,0.));
#6722 = DIRECTION('',(0.,0.,1.));
#6723 = ADVANCED_FACE('',(#6724),#6735,.F.);
#6724 = FACE_BOUND('',#6725,.F.);
#6725 = EDGE_LOOP('',(#6726,#6727,#6733,#6734));
#6726 = ORIENTED_EDGE('',*,*,#6559,.F.);
#6727 = ORIENTED_EDGE('',*,*,#6728,.T.);
#6728 = EDGE_CURVE('',#6560,#5282,#6729,.T.);
#6729 = LINE('',#6730,#6731);
#6730 = CARTESIAN_POINT('',(-17.95,-13.5,88.75));
#6731 = VECTOR('',#6732,1.);
#6732 = DIRECTION('',(0.,1.,0.));
#6733 = ORIENTED_EDGE('',*,*,#5281,.F.);
#6734 = ORIENTED_EDGE('',*,*,#5219,.F.);
#6735 = PLANE('',#6736);
#6736 = AXIS2_PLACEMENT_3D('',#6737,#6738,#6739);
#6737 = CARTESIAN_POINT('',(-17.95,-13.5,88.75));
#6738 = DIRECTION('',(-0.707106781187,0.,-0.707106781187));
#6739 = DIRECTION('',(0.707106781187,0.,-0.707106781187));
#6740 = ADVANCED_FACE('',(#6741),#6752,.F.);
#6741 = FACE_BOUND('',#6742,.F.);
#6742 = EDGE_LOOP('',(#6743,#6744,#6745,#6746));
#6743 = ORIENTED_EDGE('',*,*,#6575,.F.);
#6744 = ORIENTED_EDGE('',*,*,#5359,.T.);
#6745 = ORIENTED_EDGE('',*,*,#5297,.F.);
#6746 = ORIENTED_EDGE('',*,*,#6747,.F.);
#6747 = EDGE_CURVE('',#6568,#5290,#6748,.T.);
#6748 = LINE('',#6749,#6750);
#6749 = CARTESIAN_POINT('',(-17.95,-13.5,123.25));
#6750 = VECTOR('',#6751,1.);
#6751 = DIRECTION('',(0.,1.,0.));
#6752 = PLANE('',#6753);
#6753 = AXIS2_PLACEMENT_3D('',#6754,#6755,#6756);
#6754 = CARTESIAN_POINT('',(-13.2,-13.5,128.));
#6755 = DIRECTION('',(-0.707106781187,0.,0.707106781187));
#6756 = DIRECTION('',(-0.707106781187,0.,-0.707106781187));
#6757 = ADVANCED_FACE('',(#6758),#6764,.F.);
#6758 = FACE_BOUND('',#6759,.F.);
#6759 = EDGE_LOOP('',(#6760,#6761,#6762,#6763));
#6760 = ORIENTED_EDGE('',*,*,#6567,.F.);
#6761 = ORIENTED_EDGE('',*,*,#6747,.T.);
#6762 = ORIENTED_EDGE('',*,*,#5289,.F.);
#6763 = ORIENTED_EDGE('',*,*,#6728,.F.);
#6764 = PLANE('',#6765);
#6765 = AXIS2_PLACEMENT_3D('',#6766,#6767,#6768);
#6766 = CARTESIAN_POINT('',(-17.95,-13.5,123.25));
#6767 = DIRECTION('',(-1.,0.,0.));
#6768 = DIRECTION('',(0.,0.,-1.));
#6769 = ADVANCED_FACE('',(#6770),#6793,.F.);
#6770 = FACE_BOUND('',#6771,.F.);
#6771 = EDGE_LOOP('',(#6772,#6782,#6787,#6788));
#6772 = ORIENTED_EDGE('',*,*,#6773,.T.);
#6773 = EDGE_CURVE('',#6774,#6776,#6778,.T.);
#6774 = VERTEX_POINT('',#6775);
#6775 = CARTESIAN_POINT('',(50.,-10.,238.));
#6776 = VERTEX_POINT('',#6777);
#6777 = CARTESIAN_POINT('',(54.,-6.,238.));
#6778 = LINE('',#6779,#6780);
#6779 = CARTESIAN_POINT('',(50.,-10.,238.));
#6780 = VECTOR('',#6781,1.);
#6781 = DIRECTION('',(0.707106781187,0.707106781187,0.));
#6782 = ORIENTED_EDGE('',*,*,#6783,.T.);
#6783 = EDGE_CURVE('',#6776,#5552,#6784,.T.);
#6784 = B_SPLINE_CURVE_WITH_KNOTS('',1,(#6785,#6786),.UNSPECIFIED.,.F.,
  .F.,(2,2),(0.,1.),.PIECEWISE_BEZIER_KNOTS.);
#6785 = CARTESIAN_POINT('',(54.,-6.,238.));
#6786 = CARTESIAN_POINT('',(54.5,-6.5,244.));
#6787 = ORIENTED_EDGE('',*,*,#5551,.F.);
#6788 = ORIENTED_EDGE('',*,*,#6789,.F.);
#6789 = EDGE_CURVE('',#6774,#5545,#6790,.T.);
#6790 = B_SPLINE_CURVE_WITH_KNOTS('',1,(#6791,#6792),.UNSPECIFIED.,.F.,
  .F.,(2,2),(0.,1.),.PIECEWISE_BEZIER_KNOTS.);
#6791 = CARTESIAN_POINT('',(50.,-10.,238.));
#6792 = CARTESIAN_POINT('',(50.5,-10.5,244.));
#6793 = PLANE('',#6794);
#6794 = AXIS2_PLACEMENT_3D('',#6795,#6796,#6797);
#6795 = CARTESIAN_POINT('',(50.5,-10.5,244.));
#6796 = DIRECTION('',(0.702246883177,-0.702246883177,-0.117041147196));
#6797 = DIRECTION('',(0.707106781187,0.707106781187,0.));
#6798 = ADVANCED_FACE('',(#6799),#6814,.F.);
#6799 = FACE_BOUND('',#6800,.F.);
#6800 = EDGE_LOOP('',(#6801,#6807,#6812,#6813));
#6801 = ORIENTED_EDGE('',*,*,#6802,.T.);
#6802 = EDGE_CURVE('',#6776,#6106,#6803,.T.);
#6803 = LINE('',#6804,#6805);
#6804 = CARTESIAN_POINT('',(54.,-6.,238.));
#6805 = VECTOR('',#6806,1.);
#6806 = DIRECTION('',(0.,1.,0.));
#6807 = ORIENTED_EDGE('',*,*,#6808,.T.);
#6808 = EDGE_CURVE('',#6106,#5575,#6809,.T.);
#6809 = B_SPLINE_CURVE_WITH_KNOTS('',1,(#6810,#6811),.UNSPECIFIED.,.F.,
  .F.,(2,2),(0.,1.),.PIECEWISE_BEZIER_KNOTS.);
#6810 = CARTESIAN_POINT('',(54.,30.,238.));
#6811 = CARTESIAN_POINT('',(54.5,30.5,244.));
#6812 = ORIENTED_EDGE('',*,*,#5574,.F.);
#6813 = ORIENTED_EDGE('',*,*,#6783,.F.);
#6814 = B_SPLINE_SURFACE_WITH_KNOTS('',1,1,(
    (#6815,#6816)
    ,(#6817,#6818
    )),.UNSPECIFIED.,.F.,.F.,.F.,(2,2),(2,2),(0.,37.),(0.,1.),
  .PIECEWISE_BEZIER_KNOTS.);
#6815 = CARTESIAN_POINT('',(54.,-6.,238.));
#6816 = CARTESIAN_POINT('',(54.5,-6.5,244.));
#6817 = CARTESIAN_POINT('',(54.,30.,238.));
#6818 = CARTESIAN_POINT('',(54.5,30.5,244.));
#6819 = ADVANCED_FACE('',(#6820),#6826,.F.);
#6820 = FACE_BOUND('',#6821,.F.);
#6821 = EDGE_LOOP('',(#6822,#6823,#6824,#6825));
#6822 = ORIENTED_EDGE('',*,*,#6105,.T.);
#6823 = ORIENTED_EDGE('',*,*,#6179,.T.);
#6824 = ORIENTED_EDGE('',*,*,#5597,.F.);
#6825 = ORIENTED_EDGE('',*,*,#6808,.F.);
#6826 = PLANE('',#6827);
#6827 = AXIS2_PLACEMENT_3D('',#6828,#6829,#6830);
#6828 = CARTESIAN_POINT('',(54.5,30.5,244.));
#6829 = DIRECTION('',(0.702246883177,0.702246883177,-0.117041147196));
#6830 = DIRECTION('',(-0.707106781187,0.707106781187,0.));
#6831 = ADVANCED_FACE('',(#6832),#6842,.F.);
#6832 = FACE_BOUND('',#6833,.F.);
#6833 = EDGE_LOOP('',(#6834,#6835,#6840,#6841));
#6834 = ORIENTED_EDGE('',*,*,#6157,.T.);
#6835 = ORIENTED_EDGE('',*,*,#6836,.T.);
#6836 = EDGE_CURVE('',#6151,#5644,#6837,.T.);
#6837 = B_SPLINE_CURVE_WITH_KNOTS('',1,(#6838,#6839),.UNSPECIFIED.,.F.,
  .F.,(2,2),(0.,1.),.PIECEWISE_BEZIER_KNOTS.);
#6838 = CARTESIAN_POINT('',(-54.,30.,238.));
#6839 = CARTESIAN_POINT('',(-54.5,30.5,244.));
#6840 = ORIENTED_EDGE('',*,*,#5643,.F.);
#6841 = ORIENTED_EDGE('',*,*,#6173,.F.);
#6842 = PLANE('',#6843);
#6843 = AXIS2_PLACEMENT_3D('',#6844,#6845,#6846);
#6844 = CARTESIAN_POINT('',(-50.5,34.5,244.));
#6845 = DIRECTION('',(-0.702246883177,0.702246883177,-0.117041147196));
#6846 = DIRECTION('',(-0.707106781187,-0.707106781187,0.));
#6847 = ADVANCED_FACE('',(#6848),#6865,.F.);
#6848 = FACE_BOUND('',#6849,.F.);
#6849 = EDGE_LOOP('',(#6850,#6858,#6863,#6864));
#6850 = ORIENTED_EDGE('',*,*,#6851,.T.);
#6851 = EDGE_CURVE('',#6151,#6852,#6854,.T.);
#6852 = VERTEX_POINT('',#6853);
#6853 = CARTESIAN_POINT('',(-54.,-6.,238.));
#6854 = LINE('',#6855,#6856);
#6855 = CARTESIAN_POINT('',(-54.,30.,238.));
#6856 = VECTOR('',#6857,1.);
#6857 = DIRECTION('',(0.,-1.,0.));
#6858 = ORIENTED_EDGE('',*,*,#6859,.T.);
#6859 = EDGE_CURVE('',#6852,#5667,#6860,.T.);
#6860 = B_SPLINE_CURVE_WITH_KNOTS('',1,(#6861,#6862),.UNSPECIFIED.,.F.,
  .F.,(2,2),(0.,1.),.PIECEWISE_BEZIER_KNOTS.);
#6861 = CARTESIAN_POINT('',(-54.,-6.,238.));
#6862 = CARTESIAN_POINT('',(-54.5,-6.5,244.));
#6863 = ORIENTED_EDGE('',*,*,#5666,.F.);
#6864 = ORIENTED_EDGE('',*,*,#6836,.F.);
#6865 = B_SPLINE_SURFACE_WITH_KNOTS('',1,1,(
    (#6866,#6867)
    ,(#6868,#6869
    )),.UNSPECIFIED.,.F.,.F.,.F.,(2,2),(2,2),(0.,37.),(0.,1.),
  .PIECEWISE_BEZIER_KNOTS.);
#6866 = CARTESIAN_POINT('',(-54.,30.,238.));
#6867 = CARTESIAN_POINT('',(-54.5,30.5,244.));
#6868 = CARTESIAN_POINT('',(-54.,-6.,238.));
#6869 = CARTESIAN_POINT('',(-54.5,-6.5,244.));
#6870 = ADVANCED_FACE('',(#6871),#6888,.F.);
#6871 = FACE_BOUND('',#6872,.F.);
#6872 = EDGE_LOOP('',(#6873,#6881,#6886,#6887));
#6873 = ORIENTED_EDGE('',*,*,#6874,.T.);
#6874 = EDGE_CURVE('',#6852,#6875,#6877,.T.);
#6875 = VERTEX_POINT('',#6876);
#6876 = CARTESIAN_POINT('',(-50.,-10.,238.));
#6877 = LINE('',#6878,#6879);
#6878 = CARTESIAN_POINT('',(-54.,-6.,238.));
#6879 = VECTOR('',#6880,1.);
#6880 = DIRECTION('',(0.707106781187,-0.707106781187,0.));
#6881 = ORIENTED_EDGE('',*,*,#6882,.T.);
#6882 = EDGE_CURVE('',#6875,#5690,#6883,.T.);
#6883 = B_SPLINE_CURVE_WITH_KNOTS('',1,(#6884,#6885),.UNSPECIFIED.,.F.,
  .F.,(2,2),(0.,1.),.PIECEWISE_BEZIER_KNOTS.);
#6884 = CARTESIAN_POINT('',(-50.,-10.,238.));
#6885 = CARTESIAN_POINT('',(-50.5,-10.5,244.));
#6886 = ORIENTED_EDGE('',*,*,#5689,.F.);
#6887 = ORIENTED_EDGE('',*,*,#6859,.F.);
#6888 = PLANE('',#6889);
#6889 = AXIS2_PLACEMENT_3D('',#6890,#6891,#6892);
#6890 = CARTESIAN_POINT('',(-54.5,-6.5,244.));
#6891 = DIRECTION('',(-0.702246883177,-0.702246883177,-0.117041147196));
#6892 = DIRECTION('',(0.707106781187,-0.707106781187,0.));
#6893 = ADVANCED_FACE('',(#6894),#6905,.F.);
#6894 = FACE_BOUND('',#6895,.F.);
#6895 = EDGE_LOOP('',(#6896,#6902,#6903,#6904));
#6896 = ORIENTED_EDGE('',*,*,#6897,.T.);
#6897 = EDGE_CURVE('',#6875,#6774,#6898,.T.);
#6898 = LINE('',#6899,#6900);
#6899 = CARTESIAN_POINT('',(-50.,-10.,238.));
#6900 = VECTOR('',#6901,1.);
#6901 = DIRECTION('',(1.,0.,0.));
#6902 = ORIENTED_EDGE('',*,*,#6789,.T.);
#6903 = ORIENTED_EDGE('',*,*,#5712,.F.);
#6904 = ORIENTED_EDGE('',*,*,#6882,.F.);
#6905 = B_SPLINE_SURFACE_WITH_KNOTS('',1,1,(
    (#6906,#6907)
    ,(#6908,#6909
    )),.UNSPECIFIED.,.F.,.F.,.F.,(2,2),(2,2),(0.,101.),(0.,1.),
  .PIECEWISE_BEZIER_KNOTS.);
#6906 = CARTESIAN_POINT('',(-50.,-10.,238.));
#6907 = CARTESIAN_POINT('',(-50.5,-10.5,244.));
#6908 = CARTESIAN_POINT('',(50.,-10.,238.));
#6909 = CARTESIAN_POINT('',(50.5,-10.5,244.));
#6910 = ADVANCED_FACE('',(#6911),#6928,.F.);
#6911 = FACE_BOUND('',#6912,.F.);
#6912 = EDGE_LOOP('',(#6913,#6914,#6915,#6923));
#6913 = ORIENTED_EDGE('',*,*,#5776,.T.);
#6914 = ORIENTED_EDGE('',*,*,#6136,.T.);
#6915 = ORIENTED_EDGE('',*,*,#6916,.F.);
#6916 = EDGE_CURVE('',#6917,#6129,#6919,.T.);
#6917 = VERTEX_POINT('',#6918);
#6918 = CARTESIAN_POINT('',(55.,-16.,215.));
#6919 = LINE('',#6920,#6921);
#6920 = CARTESIAN_POINT('',(55.,-16.,215.));
#6921 = VECTOR('',#6922,1.);
#6922 = DIRECTION('',(0.707106781187,0.707106781187,0.));
#6923 = ORIENTED_EDGE('',*,*,#6924,.F.);
#6924 = EDGE_CURVE('',#5777,#6917,#6925,.T.);
#6925 = B_SPLINE_CURVE_WITH_KNOTS('',1,(#6926,#6927),.UNSPECIFIED.,.F.,
  .F.,(2,2),(0.,1.),.PIECEWISE_BEZIER_KNOTS.);
#6926 = CARTESIAN_POINT('',(47.,-17.,205.));
#6927 = CARTESIAN_POINT('',(55.,-16.,215.));
#6928 = B_SPLINE_SURFACE_WITH_KNOTS('',1,1,(
    (#6929,#6930)
    ,(#6931,#6932
    )),.UNSPECIFIED.,.F.,.F.,.F.,(2,2),(2,2),(0.,7.071067811865),(0.,1.)
  ,.PIECEWISE_BEZIER_KNOTS.);
#6929 = CARTESIAN_POINT('',(47.,-17.,205.));
#6930 = CARTESIAN_POINT('',(55.,-16.,215.));
#6931 = CARTESIAN_POINT('',(51.,-13.,205.));
#6932 = CARTESIAN_POINT('',(60.,-11.,215.));
#6933 = ADVANCED_FACE('',(#6934),#6951,.F.);
#6934 = FACE_BOUND('',#6935,.F.);
#6935 = EDGE_LOOP('',(#6936,#6937,#6938,#6946));
#6936 = ORIENTED_EDGE('',*,*,#5946,.T.);
#6937 = ORIENTED_EDGE('',*,*,#6924,.T.);
#6938 = ORIENTED_EDGE('',*,*,#6939,.F.);
#6939 = EDGE_CURVE('',#6940,#6917,#6942,.T.);
#6940 = VERTEX_POINT('',#6941);
#6941 = CARTESIAN_POINT('',(-55.,-16.,215.));
#6942 = LINE('',#6943,#6944);
#6943 = CARTESIAN_POINT('',(-55.,-16.,215.));
#6944 = VECTOR('',#6945,1.);
#6945 = DIRECTION('',(1.,0.,0.));
#6946 = ORIENTED_EDGE('',*,*,#6947,.F.);
#6947 = EDGE_CURVE('',#5798,#6940,#6948,.T.);
#6948 = B_SPLINE_CURVE_WITH_KNOTS('',1,(#6949,#6950),.UNSPECIFIED.,.F.,
  .F.,(2,2),(0.,1.),.PIECEWISE_BEZIER_KNOTS.);
#6949 = CARTESIAN_POINT('',(-47.,-17.,205.));
#6950 = CARTESIAN_POINT('',(-55.,-16.,215.));
#6951 = B_SPLINE_SURFACE_WITH_KNOTS('',1,1,(
    (#6952,#6953)
    ,(#6954,#6955
    )),.UNSPECIFIED.,.F.,.F.,.F.,(2,2),(2,2),(0.,110.),(0.,1.),
  .PIECEWISE_BEZIER_KNOTS.);
#6952 = CARTESIAN_POINT('',(-47.,-17.,205.));
#6953 = CARTESIAN_POINT('',(-55.,-16.,215.));
#6954 = CARTESIAN_POINT('',(47.,-17.,205.));
#6955 = CARTESIAN_POINT('',(55.,-16.,215.));
#6956 = ADVANCED_FACE('',(#6957),#6981,.T.);
#6957 = FACE_BOUND('',#6958,.T.);
#6958 = EDGE_LOOP('',(#6959,#6960,#6961,#6968,#6976));
#6959 = ORIENTED_EDGE('',*,*,#5914,.T.);
#6960 = ORIENTED_EDGE('',*,*,#5968,.T.);
#6961 = ORIENTED_EDGE('',*,*,#6962,.T.);
#6962 = EDGE_CURVE('',#5962,#6963,#6965,.T.);
#6963 = VERTEX_POINT('',#6964);
#6964 = CARTESIAN_POINT('',(19.,-5.,226.));
#6965 = B_SPLINE_CURVE_WITH_KNOTS('',1,(#6966,#6967),.UNSPECIFIED.,.F.,
  .F.,(2,2),(0.,1.),.PIECEWISE_BEZIER_KNOTS.);
#6966 = CARTESIAN_POINT('',(19.,-7.,198.));
#6967 = CARTESIAN_POINT('',(19.,-5.,226.));
#6968 = ORIENTED_EDGE('',*,*,#6969,.F.);
#6969 = EDGE_CURVE('',#6970,#6963,#6972,.T.);
#6970 = VERTEX_POINT('',#6971);
#6971 = CARTESIAN_POINT('',(19.,-13.,226.));
#6972 = LINE('',#6973,#6974);
#6973 = CARTESIAN_POINT('',(19.,-13.,226.));
#6974 = VECTOR('',#6975,1.);
#6975 = DIRECTION('',(0.,1.,0.));
#6976 = ORIENTED_EDGE('',*,*,#6977,.F.);
#6977 = EDGE_CURVE('',#5908,#6970,#6978,.T.);
#6978 = B_SPLINE_CURVE_WITH_KNOTS('',1,(#6979,#6980),.UNSPECIFIED.,.F.,
  .F.,(2,2),(0.,1.),.PIECEWISE_BEZIER_KNOTS.);
#6979 = CARTESIAN_POINT('',(19.,-17.,198.));
#6980 = CARTESIAN_POINT('',(19.,-13.,226.));
#6981 = B_SPLINE_SURFACE_WITH_KNOTS('',1,1,(
    (#6982,#6983)
    ,(#6984,#6985
    )),.UNSPECIFIED.,.F.,.F.,.F.,(2,2),(2,2),(0.,10.),(0.,1.),
  .PIECEWISE_BEZIER_KNOTS.);
#6982 = CARTESIAN_POINT('',(19.,-17.,198.));
#6983 = CARTESIAN_POINT('',(19.,-13.,226.));
#6984 = CARTESIAN_POINT('',(19.,-7.,198.));
#6985 = CARTESIAN_POINT('',(19.,-5.,226.));
#6986 = ADVANCED_FACE('',(#6987),#7004,.T.);
#6987 = FACE_BOUND('',#6988,.T.);
#6988 = EDGE_LOOP('',(#6989,#6996,#6997,#6998));
#6989 = ORIENTED_EDGE('',*,*,#6990,.F.);
#6990 = EDGE_CURVE('',#5895,#6991,#6993,.T.);
#6991 = VERTEX_POINT('',#6992);
#6992 = CARTESIAN_POINT('',(13.,-13.,226.));
#6993 = B_SPLINE_CURVE_WITH_KNOTS('',1,(#6994,#6995),.UNSPECIFIED.,.F.,
  .F.,(2,2),(0.,1.),.PIECEWISE_BEZIER_KNOTS.);
#6994 = CARTESIAN_POINT('',(13.,-17.,198.));
#6995 = CARTESIAN_POINT('',(13.,-13.,226.));
#6996 = ORIENTED_EDGE('',*,*,#5907,.F.);
#6997 = ORIENTED_EDGE('',*,*,#6977,.T.);
#6998 = ORIENTED_EDGE('',*,*,#6999,.F.);
#6999 = EDGE_CURVE('',#6991,#6970,#7000,.T.);
#7000 = LINE('',#7001,#7002);
#7001 = CARTESIAN_POINT('',(13.,-13.,226.));
#7002 = VECTOR('',#7003,1.);
#7003 = DIRECTION('',(1.,0.,0.));
#7004 = PLANE('',#7005);
#7005 = AXIS2_PLACEMENT_3D('',#7006,#7007,#7008);
#7006 = CARTESIAN_POINT('',(13.,-13.,226.));
#7007 = DIRECTION('',(0.,-0.989949493661,0.141421356237));
#7008 = DIRECTION('',(1.,0.,0.));
#7009 = ADVANCED_FACE('',(#7010),#7028,.T.);
#7010 = FACE_BOUND('',#7011,.T.);
#7011 = EDGE_LOOP('',(#7012,#7019,#7020,#7021,#7022));
#7012 = ORIENTED_EDGE('',*,*,#7013,.F.);
#7013 = EDGE_CURVE('',#5986,#7014,#7016,.T.);
#7014 = VERTEX_POINT('',#7015);
#7015 = CARTESIAN_POINT('',(13.,-5.,226.));
#7016 = B_SPLINE_CURVE_WITH_KNOTS('',1,(#7017,#7018),.UNSPECIFIED.,.F.,
  .F.,(2,2),(0.,1.),.PIECEWISE_BEZIER_KNOTS.);
#7017 = CARTESIAN_POINT('',(13.,-7.,198.));
#7018 = CARTESIAN_POINT('',(13.,-5.,226.));
#7019 = ORIENTED_EDGE('',*,*,#6009,.T.);
#7020 = ORIENTED_EDGE('',*,*,#5894,.T.);
#7021 = ORIENTED_EDGE('',*,*,#6990,.T.);
#7022 = ORIENTED_EDGE('',*,*,#7023,.F.);
#7023 = EDGE_CURVE('',#7014,#6991,#7024,.T.);
#7024 = LINE('',#7025,#7026);
#7025 = CARTESIAN_POINT('',(13.,-5.,226.));
#7026 = VECTOR('',#7027,1.);
#7027 = DIRECTION('',(0.,-1.,0.));
#7028 = B_SPLINE_SURFACE_WITH_KNOTS('',1,1,(
    (#7029,#7030)
    ,(#7031,#7032
    )),.UNSPECIFIED.,.F.,.F.,.F.,(2,2),(2,2),(0.,10.),(0.,1.),
  .PIECEWISE_BEZIER_KNOTS.);
#7029 = CARTESIAN_POINT('',(13.,-7.,198.));
#7030 = CARTESIAN_POINT('',(13.,-5.,226.));
#7031 = CARTESIAN_POINT('',(13.,-17.,198.));
#7032 = CARTESIAN_POINT('',(13.,-13.,226.));
#7033 = ADVANCED_FACE('',(#7034),#7058,.T.);
#7034 = FACE_BOUND('',#7035,.T.);
#7035 = EDGE_LOOP('',(#7036,#7037,#7038,#7045,#7053));
#7036 = ORIENTED_EDGE('',*,*,#5844,.T.);
#7037 = ORIENTED_EDGE('',*,*,#6031,.T.);
#7038 = ORIENTED_EDGE('',*,*,#7039,.T.);
#7039 = EDGE_CURVE('',#6025,#7040,#7042,.T.);
#7040 = VERTEX_POINT('',#7041);
#7041 = CARTESIAN_POINT('',(-13.,-5.,226.));
#7042 = B_SPLINE_CURVE_WITH_KNOTS('',1,(#7043,#7044),.UNSPECIFIED.,.F.,
  .F.,(2,2),(0.,1.),.PIECEWISE_BEZIER_KNOTS.);
#7043 = CARTESIAN_POINT('',(-13.,-7.,198.));
#7044 = CARTESIAN_POINT('',(-13.,-5.,226.));
#7045 = ORIENTED_EDGE('',*,*,#7046,.F.);
#7046 = EDGE_CURVE('',#7047,#7040,#7049,.T.);
#7047 = VERTEX_POINT('',#7048);
#7048 = CARTESIAN_POINT('',(-13.,-13.,226.));
#7049 = LINE('',#7050,#7051);
#7050 = CARTESIAN_POINT('',(-13.,-13.,226.));
#7051 = VECTOR('',#7052,1.);
#7052 = DIRECTION('',(0.,1.,0.));
#7053 = ORIENTED_EDGE('',*,*,#7054,.F.);
#7054 = EDGE_CURVE('',#5838,#7047,#7055,.T.);
#7055 = B_SPLINE_CURVE_WITH_KNOTS('',1,(#7056,#7057),.UNSPECIFIED.,.F.,
  .F.,(2,2),(0.,1.),.PIECEWISE_BEZIER_KNOTS.);
#7056 = CARTESIAN_POINT('',(-13.,-17.,198.));
#7057 = CARTESIAN_POINT('',(-13.,-13.,226.));
#7058 = B_SPLINE_SURFACE_WITH_KNOTS('',1,1,(
    (#7059,#7060)
    ,(#7061,#7062
    )),.UNSPECIFIED.,.F.,.F.,.F.,(2,2),(2,2),(0.,10.),(0.,1.),
  .PIECEWISE_BEZIER_KNOTS.);
#7059 = CARTESIAN_POINT('',(-13.,-17.,198.));
#7060 = CARTESIAN_POINT('',(-13.,-13.,226.));
#7061 = CARTESIAN_POINT('',(-13.,-7.,198.));
#7062 = CARTESIAN_POINT('',(-13.,-5.,226.));
#7063 = ADVANCED_FACE('',(#7064),#7081,.T.);
#7064 = FACE_BOUND('',#7065,.T.);
#7065 = EDGE_LOOP('',(#7066,#7073,#7074,#7075));
#7066 = ORIENTED_EDGE('',*,*,#7067,.F.);
#7067 = EDGE_CURVE('',#5825,#7068,#7070,.T.);
#7068 = VERTEX_POINT('',#7069);
#7069 = CARTESIAN_POINT('',(-19.,-13.,226.));
#7070 = B_SPLINE_CURVE_WITH_KNOTS('',1,(#7071,#7072),.UNSPECIFIED.,.F.,
  .F.,(2,2),(0.,1.),.PIECEWISE_BEZIER_KNOTS.);
#7071 = CARTESIAN_POINT('',(-19.,-17.,198.));
#7072 = CARTESIAN_POINT('',(-19.,-13.,226.));
#7073 = ORIENTED_EDGE('',*,*,#5837,.F.);
#7074 = ORIENTED_EDGE('',*,*,#7054,.T.);
#7075 = ORIENTED_EDGE('',*,*,#7076,.F.);
#7076 = EDGE_CURVE('',#7068,#7047,#7077,.T.);
#7077 = LINE('',#7078,#7079);
#7078 = CARTESIAN_POINT('',(-19.,-13.,226.));
#7079 = VECTOR('',#7080,1.);
#7080 = DIRECTION('',(1.,0.,0.));
#7081 = PLANE('',#7082);
#7082 = AXIS2_PLACEMENT_3D('',#7083,#7084,#7085);
#7083 = CARTESIAN_POINT('',(-19.,-13.,226.));
#7084 = DIRECTION('',(0.,-0.989949493661,0.141421356237));
#7085 = DIRECTION('',(1.,0.,0.));
#7086 = ADVANCED_FACE('',(#7087),#7105,.T.);
#7087 = FACE_BOUND('',#7088,.T.);
#7088 = EDGE_LOOP('',(#7089,#7096,#7097,#7098,#7099));
#7089 = ORIENTED_EDGE('',*,*,#7090,.F.);
#7090 = EDGE_CURVE('',#6049,#7091,#7093,.T.);
#7091 = VERTEX_POINT('',#7092);
#7092 = CARTESIAN_POINT('',(-19.,-5.,226.));
#7093 = B_SPLINE_CURVE_WITH_KNOTS('',1,(#7094,#7095),.UNSPECIFIED.,.F.,
  .F.,(2,2),(0.,1.),.PIECEWISE_BEZIER_KNOTS.);
#7094 = CARTESIAN_POINT('',(-19.,-7.,198.));
#7095 = CARTESIAN_POINT('',(-19.,-5.,226.));
#7096 = ORIENTED_EDGE('',*,*,#6072,.T.);
#7097 = ORIENTED_EDGE('',*,*,#5824,.T.);
#7098 = ORIENTED_EDGE('',*,*,#7067,.T.);
#7099 = ORIENTED_EDGE('',*,*,#7100,.F.);
#7100 = EDGE_CURVE('',#7091,#7068,#7101,.T.);
#7101 = LINE('',#7102,#7103);
#7102 = CARTESIAN_POINT('',(-19.,-5.,226.));
#7103 = VECTOR('',#7104,1.);
#7104 = DIRECTION('',(0.,-1.,0.));
#7105 = B_SPLINE_SURFACE_WITH_KNOTS('',1,1,(
    (#7106,#7107)
    ,(#7108,#7109
    )),.UNSPECIFIED.,.F.,.F.,.F.,(2,2),(2,2),(0.,10.),(0.,1.),
  .PIECEWISE_BEZIER_KNOTS.);
#7106 = CARTESIAN_POINT('',(-19.,-7.,198.));
#7107 = CARTESIAN_POINT('',(-19.,-5.,226.));
#7108 = CARTESIAN_POINT('',(-19.,-17.,198.));
#7109 = CARTESIAN_POINT('',(-19.,-13.,226.));
#7110 = ADVANCED_FACE('',(#7111),#7122,.T.);
#7111 = FACE_BOUND('',#7112,.T.);
#7112 = EDGE_LOOP('',(#7113,#7114,#7115,#7121));
#7113 = ORIENTED_EDGE('',*,*,#5992,.T.);
#7114 = ORIENTED_EDGE('',*,*,#7013,.T.);
#7115 = ORIENTED_EDGE('',*,*,#7116,.F.);
#7116 = EDGE_CURVE('',#6963,#7014,#7117,.T.);
#7117 = LINE('',#7118,#7119);
#7118 = CARTESIAN_POINT('',(19.,-5.,226.));
#7119 = VECTOR('',#7120,1.);
#7120 = DIRECTION('',(-1.,0.,0.));
#7121 = ORIENTED_EDGE('',*,*,#6962,.F.);
#7122 = PLANE('',#7123);
#7123 = AXIS2_PLACEMENT_3D('',#7124,#7125,#7126);
#7124 = CARTESIAN_POINT('',(19.,-5.,226.));
#7125 = DIRECTION('',(0.,0.997458699831,-7.124704998791E-02));
#7126 = DIRECTION('',(-1.,0.,0.));
#7127 = ADVANCED_FACE('',(#7128),#7139,.T.);
#7128 = FACE_BOUND('',#7129,.T.);
#7129 = EDGE_LOOP('',(#7130,#7131,#7132,#7138));
#7130 = ORIENTED_EDGE('',*,*,#6055,.T.);
#7131 = ORIENTED_EDGE('',*,*,#7090,.T.);
#7132 = ORIENTED_EDGE('',*,*,#7133,.F.);
#7133 = EDGE_CURVE('',#7040,#7091,#7134,.T.);
#7134 = LINE('',#7135,#7136);
#7135 = CARTESIAN_POINT('',(-13.,-5.,226.));
#7136 = VECTOR('',#7137,1.);
#7137 = DIRECTION('',(-1.,0.,0.));
#7138 = ORIENTED_EDGE('',*,*,#7039,.F.);
#7139 = PLANE('',#7140);
#7140 = AXIS2_PLACEMENT_3D('',#7141,#7142,#7143);
#7141 = CARTESIAN_POINT('',(-13.,-5.,226.));
#7142 = DIRECTION('',(0.,0.997458699831,-7.124704998791E-02));
#7143 = DIRECTION('',(-1.,0.,0.));
#7144 = ADVANCED_FACE('',(#7145),#7156,.F.);
#7145 = FACE_BOUND('',#7146,.F.);
#7146 = EDGE_LOOP('',(#7147,#7148,#7149,#7155));
#7147 = ORIENTED_EDGE('',*,*,#6088,.T.);
#7148 = ORIENTED_EDGE('',*,*,#6947,.T.);
#7149 = ORIENTED_EDGE('',*,*,#7150,.F.);
#7150 = EDGE_CURVE('',#6194,#6940,#7151,.T.);
#7151 = LINE('',#7152,#7153);
#7152 = CARTESIAN_POINT('',(-60.,-11.,215.));
#7153 = VECTOR('',#7154,1.);
#7154 = DIRECTION('',(0.707106781187,-0.707106781187,0.));
#7155 = ORIENTED_EDGE('',*,*,#6193,.F.);
#7156 = B_SPLINE_SURFACE_WITH_KNOTS('',1,1,(
    (#7157,#7158)
    ,(#7159,#7160
    )),.UNSPECIFIED.,.F.,.F.,.F.,(2,2),(2,2),(0.,7.071067811865),(0.,1.)
  ,.PIECEWISE_BEZIER_KNOTS.);
#7157 = CARTESIAN_POINT('',(-51.,-13.,205.));
#7158 = CARTESIAN_POINT('',(-60.,-11.,215.));
#7159 = CARTESIAN_POINT('',(-47.,-17.,205.));
#7160 = CARTESIAN_POINT('',(-55.,-16.,215.));
#7161 = ADVANCED_FACE('',(#7162),#7172,.F.);
#7162 = FACE_BOUND('',#7163,.F.);
#7163 = EDGE_LOOP('',(#7164,#7165,#7166,#7167));
#7164 = ORIENTED_EDGE('',*,*,#6128,.T.);
#7165 = ORIENTED_EDGE('',*,*,#6113,.T.);
#7166 = ORIENTED_EDGE('',*,*,#6802,.F.);
#7167 = ORIENTED_EDGE('',*,*,#7168,.F.);
#7168 = EDGE_CURVE('',#6129,#6776,#7169,.T.);
#7169 = B_SPLINE_CURVE_WITH_KNOTS('',1,(#7170,#7171),.UNSPECIFIED.,.F.,
  .F.,(2,2),(0.,1.),.PIECEWISE_BEZIER_KNOTS.);
#7170 = CARTESIAN_POINT('',(60.,-11.,215.));
#7171 = CARTESIAN_POINT('',(54.,-6.,238.));
#7172 = B_SPLINE_SURFACE_WITH_KNOTS('',1,1,(
    (#7173,#7174)
    ,(#7175,#7176
    )),.UNSPECIFIED.,.F.,.F.,.F.,(2,2),(2,2),(0.,46.),(0.,1.),
  .PIECEWISE_BEZIER_KNOTS.);
#7173 = CARTESIAN_POINT('',(60.,-11.,215.));
#7174 = CARTESIAN_POINT('',(54.,-6.,238.));
#7175 = CARTESIAN_POINT('',(60.,35.,215.));
#7176 = CARTESIAN_POINT('',(54.,30.,238.));
#7177 = ADVANCED_FACE('',(#7178),#7188,.F.);
#7178 = FACE_BOUND('',#7179,.F.);
#7179 = EDGE_LOOP('',(#7180,#7181,#7186,#7187));
#7180 = ORIENTED_EDGE('',*,*,#6200,.T.);
#7181 = ORIENTED_EDGE('',*,*,#7182,.T.);
#7182 = EDGE_CURVE('',#6194,#6852,#7183,.T.);
#7183 = B_SPLINE_CURVE_WITH_KNOTS('',1,(#7184,#7185),.UNSPECIFIED.,.F.,
  .F.,(2,2),(0.,1.),.PIECEWISE_BEZIER_KNOTS.);
#7184 = CARTESIAN_POINT('',(-60.,-11.,215.));
#7185 = CARTESIAN_POINT('',(-54.,-6.,238.));
#7186 = ORIENTED_EDGE('',*,*,#6851,.F.);
#7187 = ORIENTED_EDGE('',*,*,#6150,.F.);
#7188 = B_SPLINE_SURFACE_WITH_KNOTS('',1,1,(
    (#7189,#7190)
    ,(#7191,#7192
    )),.UNSPECIFIED.,.F.,.F.,.F.,(2,2),(2,2),(0.,46.),(0.,1.),
  .PIECEWISE_BEZIER_KNOTS.);
#7189 = CARTESIAN_POINT('',(-60.,35.,215.));
#7190 = CARTESIAN_POINT('',(-54.,30.,238.));
#7191 = CARTESIAN_POINT('',(-60.,-11.,215.));
#7192 = CARTESIAN_POINT('',(-54.,-6.,238.));
#7193 = ADVANCED_FACE('',(#7194),#7219,.T.);
#7194 = FACE_BOUND('',#7195,.T.);
#7195 = EDGE_LOOP('',(#7196,#7205,#7211,#7212,#7213));
#7196 = ORIENTED_EDGE('',*,*,#7197,.F.);
#7197 = EDGE_CURVE('',#7198,#7200,#7202,.T.);
#7198 = VERTEX_POINT('',#7199);
#7199 = CARTESIAN_POINT('',(10.,-14.,68.));
#7200 = VERTEX_POINT('',#7201);
#7201 = CARTESIAN_POINT('',(13.,-23.7,78.));
#7202 = B_SPLINE_CURVE_WITH_KNOTS('',1,(#7203,#7204),.UNSPECIFIED.,.F.,
  .F.,(2,2),(0.,1.),.PIECEWISE_BEZIER_KNOTS.);
#7203 = CARTESIAN_POINT('',(10.,-14.,68.));
#7204 = CARTESIAN_POINT('',(13.,-23.7,78.));
#7205 = ORIENTED_EDGE('',*,*,#7206,.T.);
#7206 = EDGE_CURVE('',#7198,#6270,#7207,.T.);
#7207 = LINE('',#7208,#7209);
#7208 = CARTESIAN_POINT('',(10.,-14.,68.));
#7209 = VECTOR('',#7210,1.);
#7210 = DIRECTION('',(0.,1.,0.));
#7211 = ORIENTED_EDGE('',*,*,#6269,.T.);
#7212 = ORIENTED_EDGE('',*,*,#6441,.T.);
#7213 = ORIENTED_EDGE('',*,*,#7214,.F.);
#7214 = EDGE_CURVE('',#7200,#6432,#7215,.T.);
#7215 = LINE('',#7216,#7217);
#7216 = CARTESIAN_POINT('',(13.,-23.7,78.));
#7217 = VECTOR('',#7218,1.);
#7218 = DIRECTION('',(-0.290007395283,0.957024404433,0.));
#7219 = B_SPLINE_SURFACE_WITH_KNOTS('',1,1,(
    (#7220,#7221)
    ,(#7222,#7223
    )),.UNSPECIFIED.,.F.,.F.,.F.,(2,2),(2,2),(0.,10.34456378974),(0.,1.)
  ,.PIECEWISE_BEZIER_KNOTS.);
#7220 = CARTESIAN_POINT('',(10.,-14.,68.));
#7221 = CARTESIAN_POINT('',(13.,-23.7,78.));
#7222 = CARTESIAN_POINT('',(10.,-12.8,68.));
#7223 = CARTESIAN_POINT('',(10.,-13.8,78.));
#7224 = ADVANCED_FACE('',(#7225),#7261,.T.);
#7225 = FACE_BOUND('',#7226,.T.);
#7226 = EDGE_LOOP('',(#7227,#7235,#7243,#7249,#7250,#7251,#7252,#7258,
    #7259,#7260));
#7227 = ORIENTED_EDGE('',*,*,#7228,.T.);
#7228 = EDGE_CURVE('',#6679,#7229,#7231,.T.);
#7229 = VERTEX_POINT('',#7230);
#7230 = CARTESIAN_POINT('',(-13.,-23.7,140.));
#7231 = LINE('',#7232,#7233);
#7232 = CARTESIAN_POINT('',(-10.,-13.8,140.));
#7233 = VECTOR('',#7234,1.);
#7234 = DIRECTION('',(-0.290007395283,-0.957024404433,0.));
#7235 = ORIENTED_EDGE('',*,*,#7236,.T.);
#7236 = EDGE_CURVE('',#7229,#7237,#7239,.T.);
#7237 = VERTEX_POINT('',#7238);
#7238 = CARTESIAN_POINT('',(13.,-23.7,140.));
#7239 = LINE('',#7240,#7241);
#7240 = CARTESIAN_POINT('',(-13.,-23.7,140.));
#7241 = VECTOR('',#7242,1.);
#7242 = DIRECTION('',(1.,0.,0.));
#7243 = ORIENTED_EDGE('',*,*,#7244,.T.);
#7244 = EDGE_CURVE('',#7237,#6434,#7245,.T.);
#7245 = LINE('',#7246,#7247);
#7246 = CARTESIAN_POINT('',(13.,-23.7,140.));
#7247 = VECTOR('',#7248,1.);
#7248 = DIRECTION('',(-0.290007395283,0.957024404433,0.));
#7249 = ORIENTED_EDGE('',*,*,#6451,.T.);
#7250 = ORIENTED_EDGE('',*,*,#6223,.T.);
#7251 = ORIENTED_EDGE('',*,*,#6337,.F.);
#7252 = ORIENTED_EDGE('',*,*,#7253,.F.);
#7253 = EDGE_CURVE('',#6629,#6338,#7254,.T.);
#7254 = LINE('',#7255,#7256);
#7255 = CARTESIAN_POINT('',(-10.,-12.8,140.));
#7256 = VECTOR('',#7257,1.);
#7257 = DIRECTION('',(1.,0.,0.));
#7258 = ORIENTED_EDGE('',*,*,#6628,.T.);
#7259 = ORIENTED_EDGE('',*,*,#6590,.T.);
#7260 = ORIENTED_EDGE('',*,*,#6701,.F.);
#7261 = PLANE('',#7262);
#7262 = AXIS2_PLACEMENT_3D('',#7263,#7264,#7265);
#7263 = CARTESIAN_POINT('',(0.,-18.73252998629,140.));
#7264 = DIRECTION('',(0.,0.,1.));
#7265 = DIRECTION('',(1.,0.,0.));
#7266 = ADVANCED_FACE('',(#7267,#7278),#7312,.T.);
#7267 = FACE_BOUND('',#7268,.T.);
#7268 = EDGE_LOOP('',(#7269,#7270,#7276,#7277));
#7269 = ORIENTED_EDGE('',*,*,#6345,.F.);
#7270 = ORIENTED_EDGE('',*,*,#7271,.T.);
#7271 = EDGE_CURVE('',#6346,#6637,#7272,.T.);
#7272 = LINE('',#7273,#7274);
#7273 = CARTESIAN_POINT('',(10.,-12.8,68.));
#7274 = VECTOR('',#7275,1.);
#7275 = DIRECTION('',(-1.,0.,0.));
#7276 = ORIENTED_EDGE('',*,*,#6636,.T.);
#7277 = ORIENTED_EDGE('',*,*,#7253,.T.);
#7278 = FACE_BOUND('',#7279,.T.);
#7279 = EDGE_LOOP('',(#7280,#7290,#7298,#7306));
#7280 = ORIENTED_EDGE('',*,*,#7281,.F.);
#7281 = EDGE_CURVE('',#7282,#7284,#7286,.T.);
#7282 = VERTEX_POINT('',#7283);
#7283 = CARTESIAN_POINT('',(-6.,-12.8,138.));
#7284 = VERTEX_POINT('',#7285);
#7285 = CARTESIAN_POINT('',(6.,-12.8,138.));
#7286 = LINE('',#7287,#7288);
#7287 = CARTESIAN_POINT('',(-8.,-12.8,138.));
#7288 = VECTOR('',#7289,1.);
#7289 = DIRECTION('',(1.,0.,0.));
#7290 = ORIENTED_EDGE('',*,*,#7291,.T.);
#7291 = EDGE_CURVE('',#7282,#7292,#7294,.T.);
#7292 = VERTEX_POINT('',#7293);
#7293 = CARTESIAN_POINT('',(-6.,-12.8,131.));
#7294 = LINE('',#7295,#7296);
#7295 = CARTESIAN_POINT('',(-6.,-12.8,99.5));
#7296 = VECTOR('',#7297,1.);
#7297 = DIRECTION('',(0.,0.,-1.));
#7298 = ORIENTED_EDGE('',*,*,#7299,.T.);
#7299 = EDGE_CURVE('',#7292,#7300,#7302,.T.);
#7300 = VERTEX_POINT('',#7301);
#7301 = CARTESIAN_POINT('',(6.,-12.8,131.));
#7302 = LINE('',#7303,#7304);
#7303 = CARTESIAN_POINT('',(-8.,-12.8,131.));
#7304 = VECTOR('',#7305,1.);
#7305 = DIRECTION('',(1.,0.,0.));
#7306 = ORIENTED_EDGE('',*,*,#7307,.F.);
#7307 = EDGE_CURVE('',#7284,#7300,#7308,.T.);
#7308 = LINE('',#7309,#7310);
#7309 = CARTESIAN_POINT('',(6.,-12.8,99.5));
#7310 = VECTOR('',#7311,1.);
#7311 = DIRECTION('',(0.,0.,-1.));
#7312 = PLANE('',#7313);
#7313 = AXIS2_PLACEMENT_3D('',#7314,#7315,#7316);
#7314 = CARTESIAN_POINT('',(-10.,-12.8,68.));
#7315 = DIRECTION('',(0.,1.,0.));
#7316 = DIRECTION('',(0.,0.,1.));
#7317 = ADVANCED_FACE('',(#7318),#7329,.F.);
#7318 = FACE_BOUND('',#7319,.F.);
#7319 = EDGE_LOOP('',(#7320,#7326,#7327,#7328));
#7320 = ORIENTED_EDGE('',*,*,#7321,.T.);
#7321 = EDGE_CURVE('',#7200,#7237,#7322,.T.);
#7322 = LINE('',#7323,#7324);
#7323 = CARTESIAN_POINT('',(13.,-23.7,78.));
#7324 = VECTOR('',#7325,1.);
#7325 = DIRECTION('',(0.,0.,1.));
#7326 = ORIENTED_EDGE('',*,*,#7244,.T.);
#7327 = ORIENTED_EDGE('',*,*,#6431,.F.);
#7328 = ORIENTED_EDGE('',*,*,#7214,.F.);
#7329 = PLANE('',#7330);
#7330 = AXIS2_PLACEMENT_3D('',#7331,#7332,#7333);
#7331 = CARTESIAN_POINT('',(13.,-23.7,78.));
#7332 = DIRECTION('',(-0.957024404433,-0.290007395283,0.));
#7333 = DIRECTION('',(-0.290007395283,0.957024404433,0.));
#7334 = ADVANCED_FACE('',(#7335),#7360,.T.);
#7335 = FACE_BOUND('',#7336,.T.);
#7336 = EDGE_LOOP('',(#7337,#7338,#7346,#7353,#7359));
#7337 = ORIENTED_EDGE('',*,*,#6509,.F.);
#7338 = ORIENTED_EDGE('',*,*,#7339,.T.);
#7339 = EDGE_CURVE('',#6502,#7340,#7342,.T.);
#7340 = VERTEX_POINT('',#7341);
#7341 = CARTESIAN_POINT('',(-10.,-14.,68.));
#7342 = LINE('',#7343,#7344);
#7343 = CARTESIAN_POINT('',(-10.,-12.8,68.));
#7344 = VECTOR('',#7345,1.);
#7345 = DIRECTION('',(0.,-1.,0.));
#7346 = ORIENTED_EDGE('',*,*,#7347,.T.);
#7347 = EDGE_CURVE('',#7340,#7348,#7350,.T.);
#7348 = VERTEX_POINT('',#7349);
#7349 = CARTESIAN_POINT('',(-13.,-23.7,78.));
#7350 = B_SPLINE_CURVE_WITH_KNOTS('',1,(#7351,#7352),.UNSPECIFIED.,.F.,
  .F.,(2,2),(0.,1.),.PIECEWISE_BEZIER_KNOTS.);
#7351 = CARTESIAN_POINT('',(-10.,-14.,68.));
#7352 = CARTESIAN_POINT('',(-13.,-23.7,78.));
#7353 = ORIENTED_EDGE('',*,*,#7354,.F.);
#7354 = EDGE_CURVE('',#6677,#7348,#7355,.T.);
#7355 = LINE('',#7356,#7357);
#7356 = CARTESIAN_POINT('',(-10.,-13.8,78.));
#7357 = VECTOR('',#7358,1.);
#7358 = DIRECTION('',(-0.290007395283,-0.957024404433,0.));
#7359 = ORIENTED_EDGE('',*,*,#6686,.F.);
#7360 = B_SPLINE_SURFACE_WITH_KNOTS('',1,1,(
    (#7361,#7362)
    ,(#7363,#7364
    )),.UNSPECIFIED.,.F.,.F.,.F.,(2,2),(2,2),(0.,10.34456378974),(0.,1.)
  ,.PIECEWISE_BEZIER_KNOTS.);
#7361 = CARTESIAN_POINT('',(-10.,-12.8,68.));
#7362 = CARTESIAN_POINT('',(-10.,-13.8,78.));
#7363 = CARTESIAN_POINT('',(-10.,-14.,68.));
#7364 = CARTESIAN_POINT('',(-13.,-23.7,78.));
#7365 = ADVANCED_FACE('',(#7366),#7377,.F.);
#7366 = FACE_BOUND('',#7367,.F.);
#7367 = EDGE_LOOP('',(#7368,#7369,#7370,#7376));
#7368 = ORIENTED_EDGE('',*,*,#6676,.T.);
#7369 = ORIENTED_EDGE('',*,*,#7228,.T.);
#7370 = ORIENTED_EDGE('',*,*,#7371,.F.);
#7371 = EDGE_CURVE('',#7348,#7229,#7372,.T.);
#7372 = LINE('',#7373,#7374);
#7373 = CARTESIAN_POINT('',(-13.,-23.7,78.));
#7374 = VECTOR('',#7375,1.);
#7375 = DIRECTION('',(0.,0.,1.));
#7376 = ORIENTED_EDGE('',*,*,#7354,.F.);
#7377 = PLANE('',#7378);
#7378 = AXIS2_PLACEMENT_3D('',#7379,#7380,#7381);
#7379 = CARTESIAN_POINT('',(-10.,-13.8,78.));
#7380 = DIRECTION('',(0.957024404433,-0.290007395283,0.));
#7381 = DIRECTION('',(-0.290007395283,-0.957024404433,0.));
#7382 = ADVANCED_FACE('',(#7383),#7393,.F.);
#7383 = FACE_BOUND('',#7384,.F.);
#7384 = EDGE_LOOP('',(#7385,#7386,#7387,#7388));
#7385 = ORIENTED_EDGE('',*,*,#6916,.T.);
#7386 = ORIENTED_EDGE('',*,*,#7168,.T.);
#7387 = ORIENTED_EDGE('',*,*,#6773,.F.);
#7388 = ORIENTED_EDGE('',*,*,#7389,.F.);
#7389 = EDGE_CURVE('',#6917,#6774,#7390,.T.);
#7390 = B_SPLINE_CURVE_WITH_KNOTS('',1,(#7391,#7392),.UNSPECIFIED.,.F.,
  .F.,(2,2),(0.,1.),.PIECEWISE_BEZIER_KNOTS.);
#7391 = CARTESIAN_POINT('',(55.,-16.,215.));
#7392 = CARTESIAN_POINT('',(50.,-10.,238.));
#7393 = B_SPLINE_SURFACE_WITH_KNOTS('',1,1,(
    (#7394,#7395)
    ,(#7396,#7397
    )),.UNSPECIFIED.,.F.,.F.,.F.,(2,2),(2,2),(0.,7.071067811865),(0.,1.)
  ,.PIECEWISE_BEZIER_KNOTS.);
#7394 = CARTESIAN_POINT('',(55.,-16.,215.));
#7395 = CARTESIAN_POINT('',(50.,-10.,238.));
#7396 = CARTESIAN_POINT('',(60.,-11.,215.));
#7397 = CARTESIAN_POINT('',(54.,-6.,238.));
#7398 = ADVANCED_FACE('',(#7399),#7409,.F.);
#7399 = FACE_BOUND('',#7400,.F.);
#7400 = EDGE_LOOP('',(#7401,#7402,#7407,#7408));
#7401 = ORIENTED_EDGE('',*,*,#7150,.T.);
#7402 = ORIENTED_EDGE('',*,*,#7403,.T.);
#7403 = EDGE_CURVE('',#6940,#6875,#7404,.T.);
#7404 = B_SPLINE_CURVE_WITH_KNOTS('',1,(#7405,#7406),.UNSPECIFIED.,.F.,
  .F.,(2,2),(0.,1.),.PIECEWISE_BEZIER_KNOTS.);
#7405 = CARTESIAN_POINT('',(-55.,-16.,215.));
#7406 = CARTESIAN_POINT('',(-50.,-10.,238.));
#7407 = ORIENTED_EDGE('',*,*,#6874,.F.);
#7408 = ORIENTED_EDGE('',*,*,#7182,.F.);
#7409 = B_SPLINE_SURFACE_WITH_KNOTS('',1,1,(
    (#7410,#7411)
    ,(#7412,#7413
    )),.UNSPECIFIED.,.F.,.F.,.F.,(2,2),(2,2),(0.,7.071067811865),(0.,1.)
  ,.PIECEWISE_BEZIER_KNOTS.);
#7410 = CARTESIAN_POINT('',(-60.,-11.,215.));
#7411 = CARTESIAN_POINT('',(-54.,-6.,238.));
#7412 = CARTESIAN_POINT('',(-55.,-16.,215.));
#7413 = CARTESIAN_POINT('',(-50.,-10.,238.));
#7414 = ADVANCED_FACE('',(#7415),#7421,.F.);
#7415 = FACE_BOUND('',#7416,.F.);
#7416 = EDGE_LOOP('',(#7417,#7418,#7419,#7420));
#7417 = ORIENTED_EDGE('',*,*,#6939,.T.);
#7418 = ORIENTED_EDGE('',*,*,#7389,.T.);
#7419 = ORIENTED_EDGE('',*,*,#6897,.F.);
#7420 = ORIENTED_EDGE('',*,*,#7403,.F.);
#7421 = B_SPLINE_SURFACE_WITH_KNOTS('',1,1,(
    (#7422,#7423)
    ,(#7424,#7425
    )),.UNSPECIFIED.,.F.,.F.,.F.,(2,2),(2,2),(0.,110.),(0.,1.),
  .PIECEWISE_BEZIER_KNOTS.);
#7422 = CARTESIAN_POINT('',(-55.,-16.,215.));
#7423 = CARTESIAN_POINT('',(-50.,-10.,238.));
#7424 = CARTESIAN_POINT('',(55.,-16.,215.));
#7425 = CARTESIAN_POINT('',(50.,-10.,238.));
#7426 = ADVANCED_FACE('',(#7427),#7433,.F.);
#7427 = FACE_BOUND('',#7428,.T.);
#7428 = EDGE_LOOP('',(#7429,#7430,#7431,#7432));
#7429 = ORIENTED_EDGE('',*,*,#6999,.T.);
#7430 = ORIENTED_EDGE('',*,*,#6969,.T.);
#7431 = ORIENTED_EDGE('',*,*,#7116,.T.);
#7432 = ORIENTED_EDGE('',*,*,#7023,.T.);
#7433 = PLANE('',#7434);
#7434 = AXIS2_PLACEMENT_3D('',#7435,#7436,#7437);
#7435 = CARTESIAN_POINT('',(13.,-13.,226.));
#7436 = DIRECTION('',(0.,0.,-1.));
#7437 = DIRECTION('',(0.6,0.8,0.));
#7438 = ADVANCED_FACE('',(#7439),#7445,.F.);
#7439 = FACE_BOUND('',#7440,.T.);
#7440 = EDGE_LOOP('',(#7441,#7442,#7443,#7444));
#7441 = ORIENTED_EDGE('',*,*,#7076,.T.);
#7442 = ORIENTED_EDGE('',*,*,#7046,.T.);
#7443 = ORIENTED_EDGE('',*,*,#7133,.T.);
#7444 = ORIENTED_EDGE('',*,*,#7100,.T.);
#7445 = PLANE('',#7446);
#7446 = AXIS2_PLACEMENT_3D('',#7447,#7448,#7449);
#7447 = CARTESIAN_POINT('',(-19.,-13.,226.));
#7448 = DIRECTION('',(0.,0.,-1.));
#7449 = DIRECTION('',(0.6,0.8,0.));
#7450 = ADVANCED_FACE('',(#7451),#7467,.T.);
#7451 = FACE_BOUND('',#7452,.T.);
#7452 = EDGE_LOOP('',(#7453,#7459,#7460,#7466));
#7453 = ORIENTED_EDGE('',*,*,#7454,.T.);
#7454 = EDGE_CURVE('',#7340,#7198,#7455,.T.);
#7455 = LINE('',#7456,#7457);
#7456 = CARTESIAN_POINT('',(-10.,-14.,68.));
#7457 = VECTOR('',#7458,1.);
#7458 = DIRECTION('',(1.,0.,0.));
#7459 = ORIENTED_EDGE('',*,*,#7197,.T.);
#7460 = ORIENTED_EDGE('',*,*,#7461,.F.);
#7461 = EDGE_CURVE('',#7348,#7200,#7462,.T.);
#7462 = LINE('',#7463,#7464);
#7463 = CARTESIAN_POINT('',(-13.,-23.7,78.));
#7464 = VECTOR('',#7465,1.);
#7465 = DIRECTION('',(1.,0.,0.));
#7466 = ORIENTED_EDGE('',*,*,#7347,.F.);
#7467 = B_SPLINE_SURFACE_WITH_KNOTS('',1,1,(
    (#7468,#7469)
    ,(#7470,#7471
    )),.UNSPECIFIED.,.F.,.F.,.F.,(2,2),(2,2),(0.,26.),(0.,1.),
  .PIECEWISE_BEZIER_KNOTS.);
#7468 = CARTESIAN_POINT('',(-10.,-14.,68.));
#7469 = CARTESIAN_POINT('',(-13.,-23.7,78.));
#7470 = CARTESIAN_POINT('',(10.,-14.,68.));
#7471 = CARTESIAN_POINT('',(13.,-23.7,78.));
#7472 = ADVANCED_FACE('',(#7473),#7479,.F.);
#7473 = FACE_BOUND('',#7474,.F.);
#7474 = EDGE_LOOP('',(#7475,#7476,#7477,#7478));
#7475 = ORIENTED_EDGE('',*,*,#7371,.T.);
#7476 = ORIENTED_EDGE('',*,*,#7236,.T.);
#7477 = ORIENTED_EDGE('',*,*,#7321,.F.);
#7478 = ORIENTED_EDGE('',*,*,#7461,.F.);
#7479 = PLANE('',#7480);
#7480 = AXIS2_PLACEMENT_3D('',#7481,#7482,#7483);
#7481 = CARTESIAN_POINT('',(-13.,-23.7,78.));
#7482 = DIRECTION('',(0.,1.,0.));
#7483 = DIRECTION('',(1.,0.,0.));
#7484 = ADVANCED_FACE('',(#7485),#7510,.F.);
#7485 = FACE_BOUND('',#7486,.F.);
#7486 = EDGE_LOOP('',(#7487,#7495,#7503,#7509));
#7487 = ORIENTED_EDGE('',*,*,#7488,.F.);
#7488 = EDGE_CURVE('',#7489,#7282,#7491,.T.);
#7489 = VERTEX_POINT('',#7490);
#7490 = CARTESIAN_POINT('',(-6.,-16.,138.));
#7491 = LINE('',#7492,#7493);
#7492 = CARTESIAN_POINT('',(-6.,-16.,138.));
#7493 = VECTOR('',#7494,1.);
#7494 = DIRECTION('',(0.,1.,0.));
#7495 = ORIENTED_EDGE('',*,*,#7496,.T.);
#7496 = EDGE_CURVE('',#7489,#7497,#7499,.T.);
#7497 = VERTEX_POINT('',#7498);
#7498 = CARTESIAN_POINT('',(6.,-16.,138.));
#7499 = LINE('',#7500,#7501);
#7500 = CARTESIAN_POINT('',(-6.,-16.,138.));
#7501 = VECTOR('',#7502,1.);
#7502 = DIRECTION('',(1.,0.,0.));
#7503 = ORIENTED_EDGE('',*,*,#7504,.T.);
#7504 = EDGE_CURVE('',#7497,#7284,#7505,.T.);
#7505 = LINE('',#7506,#7507);
#7506 = CARTESIAN_POINT('',(6.,-16.,138.));
#7507 = VECTOR('',#7508,1.);
#7508 = DIRECTION('',(0.,1.,0.));
#7509 = ORIENTED_EDGE('',*,*,#7281,.F.);
#7510 = PLANE('',#7511);
#7511 = AXIS2_PLACEMENT_3D('',#7512,#7513,#7514);
#7512 = CARTESIAN_POINT('',(-6.,-16.,138.));
#7513 = DIRECTION('',(0.,0.,1.));
#7514 = DIRECTION('',(1.,0.,0.));
#7515 = ADVANCED_FACE('',(#7516),#7534,.T.);
#7516 = FACE_BOUND('',#7517,.T.);
#7517 = EDGE_LOOP('',(#7518,#7519,#7527,#7533));
#7518 = ORIENTED_EDGE('',*,*,#7488,.F.);
#7519 = ORIENTED_EDGE('',*,*,#7520,.F.);
#7520 = EDGE_CURVE('',#7521,#7489,#7523,.T.);
#7521 = VERTEX_POINT('',#7522);
#7522 = CARTESIAN_POINT('',(-6.,-16.,131.));
#7523 = LINE('',#7524,#7525);
#7524 = CARTESIAN_POINT('',(-6.,-16.,131.));
#7525 = VECTOR('',#7526,1.);
#7526 = DIRECTION('',(0.,0.,1.));
#7527 = ORIENTED_EDGE('',*,*,#7528,.T.);
#7528 = EDGE_CURVE('',#7521,#7292,#7529,.T.);
#7529 = LINE('',#7530,#7531);
#7530 = CARTESIAN_POINT('',(-6.,-16.,131.));
#7531 = VECTOR('',#7532,1.);
#7532 = DIRECTION('',(0.,1.,0.));
#7533 = ORIENTED_EDGE('',*,*,#7291,.F.);
#7534 = PLANE('',#7535);
#7535 = AXIS2_PLACEMENT_3D('',#7536,#7537,#7538);
#7536 = CARTESIAN_POINT('',(-6.,-16.,131.));
#7537 = DIRECTION('',(1.,0.,0.));
#7538 = DIRECTION('',(0.,0.,1.));
#7539 = ADVANCED_FACE('',(#7540),#7558,.F.);
#7540 = FACE_BOUND('',#7541,.F.);
#7541 = EDGE_LOOP('',(#7542,#7543,#7551,#7557));
#7542 = ORIENTED_EDGE('',*,*,#7504,.F.);
#7543 = ORIENTED_EDGE('',*,*,#7544,.F.);
#7544 = EDGE_CURVE('',#7545,#7497,#7547,.T.);
#7545 = VERTEX_POINT('',#7546);
#7546 = CARTESIAN_POINT('',(6.,-16.,131.));
#7547 = LINE('',#7548,#7549);
#7548 = CARTESIAN_POINT('',(6.,-16.,131.));
#7549 = VECTOR('',#7550,1.);
#7550 = DIRECTION('',(0.,0.,1.));
#7551 = ORIENTED_EDGE('',*,*,#7552,.T.);
#7552 = EDGE_CURVE('',#7545,#7300,#7553,.T.);
#7553 = LINE('',#7554,#7555);
#7554 = CARTESIAN_POINT('',(6.,-16.,131.));
#7555 = VECTOR('',#7556,1.);
#7556 = DIRECTION('',(0.,1.,0.));
#7557 = ORIENTED_EDGE('',*,*,#7307,.F.);
#7558 = PLANE('',#7559);
#7559 = AXIS2_PLACEMENT_3D('',#7560,#7561,#7562);
#7560 = CARTESIAN_POINT('',(6.,-16.,131.));
#7561 = DIRECTION('',(1.,0.,0.));
#7562 = DIRECTION('',(0.,0.,1.));
#7563 = ADVANCED_FACE('',(#7564),#7575,.T.);
#7564 = FACE_BOUND('',#7565,.T.);
#7565 = EDGE_LOOP('',(#7566,#7567,#7573,#7574));
#7566 = ORIENTED_EDGE('',*,*,#7528,.F.);
#7567 = ORIENTED_EDGE('',*,*,#7568,.T.);
#7568 = EDGE_CURVE('',#7521,#7545,#7569,.T.);
#7569 = LINE('',#7570,#7571);
#7570 = CARTESIAN_POINT('',(-6.,-16.,131.));
#7571 = VECTOR('',#7572,1.);
#7572 = DIRECTION('',(1.,0.,0.));
#7573 = ORIENTED_EDGE('',*,*,#7552,.T.);
#7574 = ORIENTED_EDGE('',*,*,#7299,.F.);
#7575 = PLANE('',#7576);
#7576 = AXIS2_PLACEMENT_3D('',#7577,#7578,#7579);
#7577 = CARTESIAN_POINT('',(-6.,-16.,131.));
#7578 = DIRECTION('',(0.,0.,1.));
#7579 = DIRECTION('',(1.,0.,0.));
#7580 = ADVANCED_FACE('',(#7581),#7587,.T.);
#7581 = FACE_BOUND('',#7582,.T.);
#7582 = EDGE_LOOP('',(#7583,#7584,#7585,#7586));
#7583 = ORIENTED_EDGE('',*,*,#7568,.F.);
#7584 = ORIENTED_EDGE('',*,*,#7520,.T.);
#7585 = ORIENTED_EDGE('',*,*,#7496,.T.);
#7586 = ORIENTED_EDGE('',*,*,#7544,.F.);
#7587 = PLANE('',#7588);
#7588 = AXIS2_PLACEMENT_3D('',#7589,#7590,#7591);
#7589 = CARTESIAN_POINT('',(-6.,-16.,131.));
#7590 = DIRECTION('',(0.,1.,0.));
#7591 = DIRECTION('',(0.,0.,1.));
#7592 = ADVANCED_FACE('',(#7593),#7632,.T.);
#7593 = FACE_BOUND('',#7594,.T.);
#7594 = EDGE_LOOP('',(#7595,#7596,#7597,#7598,#7599,#7600,#7608,#7616,
    #7624,#7630,#7631));
#7595 = ORIENTED_EDGE('',*,*,#1451,.F.);
#7596 = ORIENTED_EDGE('',*,*,#4000,.F.);
#7597 = ORIENTED_EDGE('',*,*,#4727,.F.);
#7598 = ORIENTED_EDGE('',*,*,#4743,.T.);
#7599 = ORIENTED_EDGE('',*,*,#4800,.F.);
#7600 = ORIENTED_EDGE('',*,*,#7601,.F.);
#7601 = EDGE_CURVE('',#7602,#4793,#7604,.T.);
#7602 = VERTEX_POINT('',#7603);
#7603 = CARTESIAN_POINT('',(19.,-8.,8.));
#7604 = LINE('',#7605,#7606);
#7605 = CARTESIAN_POINT('',(19.,-8.,8.));
#7606 = VECTOR('',#7607,1.);
#7607 = DIRECTION('',(0.,0.,1.));
#7608 = ORIENTED_EDGE('',*,*,#7609,.T.);
#7609 = EDGE_CURVE('',#7602,#7610,#7612,.T.);
#7610 = VERTEX_POINT('',#7611);
#7611 = CARTESIAN_POINT('',(19.,-2.,8.));
#7612 = LINE('',#7613,#7614);
#7613 = CARTESIAN_POINT('',(19.,-8.,8.));
#7614 = VECTOR('',#7615,1.);
#7615 = DIRECTION('',(0.,1.,0.));
#7616 = ORIENTED_EDGE('',*,*,#7617,.T.);
#7617 = EDGE_CURVE('',#7610,#7618,#7620,.T.);
#7618 = VERTEX_POINT('',#7619);
#7619 = CARTESIAN_POINT('',(19.,4.,8.));
#7620 = LINE('',#7621,#7622);
#7621 = CARTESIAN_POINT('',(19.,-8.,8.));
#7622 = VECTOR('',#7623,1.);
#7623 = DIRECTION('',(0.,1.,0.));
#7624 = ORIENTED_EDGE('',*,*,#7625,.T.);
#7625 = EDGE_CURVE('',#7618,#3166,#7626,.T.);
#7626 = LINE('',#7627,#7628);
#7627 = CARTESIAN_POINT('',(19.,4.,8.));
#7628 = VECTOR('',#7629,1.);
#7629 = DIRECTION('',(0.,0.,1.));
#7630 = ORIENTED_EDGE('',*,*,#3165,.F.);
#7631 = ORIENTED_EDGE('',*,*,#1459,.F.);
#7632 = PLANE('',#7633);
#7633 = AXIS2_PLACEMENT_3D('',#7634,#7635,#7636);
#7634 = CARTESIAN_POINT('',(19.,-8.,8.));
#7635 = DIRECTION('',(1.,0.,0.));
#7636 = DIRECTION('',(0.,0.,1.));
#7637 = ADVANCED_FACE('',(#7638),#7663,.F.);
#7638 = FACE_BOUND('',#7639,.F.);
#7639 = EDGE_LOOP('',(#7640,#7650,#7656,#7657));
#7640 = ORIENTED_EDGE('',*,*,#7641,.F.);
#7641 = EDGE_CURVE('',#7642,#7644,#7646,.T.);
#7642 = VERTEX_POINT('',#7643);
#7643 = CARTESIAN_POINT('',(13.,-8.,8.));
#7644 = VERTEX_POINT('',#7645);
#7645 = CARTESIAN_POINT('',(13.,-2.,8.));
#7646 = LINE('',#7647,#7648);
#7647 = CARTESIAN_POINT('',(13.,-8.,8.));
#7648 = VECTOR('',#7649,1.);
#7649 = DIRECTION('',(0.,1.,0.));
#7650 = ORIENTED_EDGE('',*,*,#7651,.T.);
#7651 = EDGE_CURVE('',#7642,#7602,#7652,.T.);
#7652 = LINE('',#7653,#7654);
#7653 = CARTESIAN_POINT('',(13.,-8.,8.));
#7654 = VECTOR('',#7655,1.);
#7655 = DIRECTION('',(1.,0.,0.));
#7656 = ORIENTED_EDGE('',*,*,#7609,.T.);
#7657 = ORIENTED_EDGE('',*,*,#7658,.T.);
#7658 = EDGE_CURVE('',#7610,#7644,#7659,.T.);
#7659 = LINE('',#7660,#7661);
#7660 = CARTESIAN_POINT('',(20.,-2.,8.));
#7661 = VECTOR('',#7662,1.);
#7662 = DIRECTION('',(-1.,0.,0.));
#7663 = PLANE('',#7664);
#7664 = AXIS2_PLACEMENT_3D('',#7665,#7666,#7667);
#7665 = CARTESIAN_POINT('',(13.,-8.,8.));
#7666 = DIRECTION('',(0.,0.,1.));
#7667 = DIRECTION('',(1.,0.,0.));
#7668 = ADVANCED_FACE('',(#7669),#7702,.F.);
#7669 = FACE_BOUND('',#7670,.F.);
#7670 = EDGE_LOOP('',(#7671,#7679,#7680,#7688,#7696));
#7671 = ORIENTED_EDGE('',*,*,#7672,.F.);
#7672 = EDGE_CURVE('',#7642,#7673,#7675,.T.);
#7673 = VERTEX_POINT('',#7674);
#7674 = CARTESIAN_POINT('',(13.,-8.,13.139411293381));
#7675 = LINE('',#7676,#7677);
#7676 = CARTESIAN_POINT('',(13.,-8.,8.));
#7677 = VECTOR('',#7678,1.);
#7678 = DIRECTION('',(0.,0.,1.));
#7679 = ORIENTED_EDGE('',*,*,#7641,.T.);
#7680 = ORIENTED_EDGE('',*,*,#7681,.T.);
#7681 = EDGE_CURVE('',#7644,#7682,#7684,.T.);
#7682 = VERTEX_POINT('',#7683);
#7683 = CARTESIAN_POINT('',(13.,4.,8.));
#7684 = LINE('',#7685,#7686);
#7685 = CARTESIAN_POINT('',(13.,-8.,8.));
#7686 = VECTOR('',#7687,1.);
#7687 = DIRECTION('',(0.,1.,0.));
#7688 = ORIENTED_EDGE('',*,*,#7689,.T.);
#7689 = EDGE_CURVE('',#7682,#7690,#7692,.T.);
#7690 = VERTEX_POINT('',#7691);
#7691 = CARTESIAN_POINT('',(13.,4.,13.139411293381));
#7692 = LINE('',#7693,#7694);
#7693 = CARTESIAN_POINT('',(13.,4.,8.));
#7694 = VECTOR('',#7695,1.);
#7695 = DIRECTION('',(0.,0.,1.));
#7696 = ORIENTED_EDGE('',*,*,#7697,.T.);
#7697 = EDGE_CURVE('',#7690,#7673,#7698,.T.);
#7698 = LINE('',#7699,#7700);
#7699 = CARTESIAN_POINT('',(13.,-8.,13.139411293381));
#7700 = VECTOR('',#7701,1.);
#7701 = DIRECTION('',(0.,-1.,0.));
#7702 = PLANE('',#7703);
#7703 = AXIS2_PLACEMENT_3D('',#7704,#7705,#7706);
#7704 = CARTESIAN_POINT('',(13.,-8.,8.));
#7705 = DIRECTION('',(1.,0.,0.));
#7706 = DIRECTION('',(0.,0.,1.));
#7707 = ADVANCED_FACE('',(#7708),#7749,.T.);
#7708 = FACE_BOUND('',#7709,.T.);
#7709 = EDGE_LOOP('',(#7710,#7720,#7726,#7727,#7735,#7743));
#7710 = ORIENTED_EDGE('',*,*,#7711,.T.);
#7711 = EDGE_CURVE('',#7712,#7714,#7716,.T.);
#7712 = VERTEX_POINT('',#7713);
#7713 = CARTESIAN_POINT('',(20.,-2.,0.));
#7714 = VERTEX_POINT('',#7715);
#7715 = CARTESIAN_POINT('',(20.,-2.,8.));
#7716 = LINE('',#7717,#7718);
#7717 = CARTESIAN_POINT('',(20.,-2.,0.));
#7718 = VECTOR('',#7719,1.);
#7719 = DIRECTION('',(0.,0.,1.));
#7720 = ORIENTED_EDGE('',*,*,#7721,.T.);
#7721 = EDGE_CURVE('',#7714,#7610,#7722,.T.);
#7722 = LINE('',#7723,#7724);
#7723 = CARTESIAN_POINT('',(20.,-2.,8.));
#7724 = VECTOR('',#7725,1.);
#7725 = DIRECTION('',(-1.,0.,0.));
#7726 = ORIENTED_EDGE('',*,*,#7658,.T.);
#7727 = ORIENTED_EDGE('',*,*,#7728,.T.);
#7728 = EDGE_CURVE('',#7644,#7729,#7731,.T.);
#7729 = VERTEX_POINT('',#7730);
#7730 = CARTESIAN_POINT('',(12.,-2.,8.));
#7731 = LINE('',#7732,#7733);
#7732 = CARTESIAN_POINT('',(20.,-2.,8.));
#7733 = VECTOR('',#7734,1.);
#7734 = DIRECTION('',(-1.,0.,0.));
#7735 = ORIENTED_EDGE('',*,*,#7736,.F.);
#7736 = EDGE_CURVE('',#7737,#7729,#7739,.T.);
#7737 = VERTEX_POINT('',#7738);
#7738 = CARTESIAN_POINT('',(12.,-2.,0.));
#7739 = LINE('',#7740,#7741);
#7740 = CARTESIAN_POINT('',(12.,-2.,0.));
#7741 = VECTOR('',#7742,1.);
#7742 = DIRECTION('',(0.,0.,1.));
#7743 = ORIENTED_EDGE('',*,*,#7744,.F.);
#7744 = EDGE_CURVE('',#7712,#7737,#7745,.T.);
#7745 = LINE('',#7746,#7747);
#7746 = CARTESIAN_POINT('',(20.,-2.,0.));
#7747 = VECTOR('',#7748,1.);
#7748 = DIRECTION('',(-1.,0.,0.));
#7749 = PLANE('',#7750);
#7750 = AXIS2_PLACEMENT_3D('',#7751,#7752,#7753);
#7751 = CARTESIAN_POINT('',(20.,-2.,0.));
#7752 = DIRECTION('',(0.,-1.,0.));
#7753 = DIRECTION('',(-1.,0.,0.));
#7754 = ADVANCED_FACE('',(#7755),#7780,.T.);
#7755 = FACE_BOUND('',#7756,.T.);
#7756 = EDGE_LOOP('',(#7757,#7765,#7773,#7779));
#7757 = ORIENTED_EDGE('',*,*,#7758,.F.);
#7758 = EDGE_CURVE('',#7759,#7712,#7761,.T.);
#7759 = VERTEX_POINT('',#7760);
#7760 = CARTESIAN_POINT('',(20.,10.,0.));
#7761 = LINE('',#7762,#7763);
#7762 = CARTESIAN_POINT('',(20.,14.,0.));
#7763 = VECTOR('',#7764,1.);
#7764 = DIRECTION('',(0.,-1.,0.));
#7765 = ORIENTED_EDGE('',*,*,#7766,.F.);
#7766 = EDGE_CURVE('',#7767,#7759,#7769,.T.);
#7767 = VERTEX_POINT('',#7768);
#7768 = CARTESIAN_POINT('',(20.,10.,8.));
#7769 = LINE('',#7770,#7771);
#7770 = CARTESIAN_POINT('',(20.,10.,0.));
#7771 = VECTOR('',#7772,1.);
#7772 = DIRECTION('',(0.,0.,-1.));
#7773 = ORIENTED_EDGE('',*,*,#7774,.T.);
#7774 = EDGE_CURVE('',#7767,#7714,#7775,.T.);
#7775 = LINE('',#7776,#7777);
#7776 = CARTESIAN_POINT('',(20.,14.,8.));
#7777 = VECTOR('',#7778,1.);
#7778 = DIRECTION('',(0.,-1.,0.));
#7779 = ORIENTED_EDGE('',*,*,#7711,.F.);
#7780 = PLANE('',#7781);
#7781 = AXIS2_PLACEMENT_3D('',#7782,#7783,#7784);
#7782 = CARTESIAN_POINT('',(20.,14.,0.));
#7783 = DIRECTION('',(1.,0.,0.));
#7784 = DIRECTION('',(0.,-1.,0.));
#7785 = ADVANCED_FACE('',(#7786),#7811,.T.);
#7786 = FACE_BOUND('',#7787,.T.);
#7787 = EDGE_LOOP('',(#7788,#7796,#7797,#7805));
#7788 = ORIENTED_EDGE('',*,*,#7789,.F.);
#7789 = EDGE_CURVE('',#7737,#7790,#7792,.T.);
#7790 = VERTEX_POINT('',#7791);
#7791 = CARTESIAN_POINT('',(12.,10.,0.));
#7792 = LINE('',#7793,#7794);
#7793 = CARTESIAN_POINT('',(12.,-2.,0.));
#7794 = VECTOR('',#7795,1.);
#7795 = DIRECTION('',(0.,1.,0.));
#7796 = ORIENTED_EDGE('',*,*,#7736,.T.);
#7797 = ORIENTED_EDGE('',*,*,#7798,.T.);
#7798 = EDGE_CURVE('',#7729,#7799,#7801,.T.);
#7799 = VERTEX_POINT('',#7800);
#7800 = CARTESIAN_POINT('',(12.,10.,8.));
#7801 = LINE('',#7802,#7803);
#7802 = CARTESIAN_POINT('',(12.,-2.,8.));
#7803 = VECTOR('',#7804,1.);
#7804 = DIRECTION('',(0.,1.,0.));
#7805 = ORIENTED_EDGE('',*,*,#7806,.F.);
#7806 = EDGE_CURVE('',#7790,#7799,#7807,.T.);
#7807 = LINE('',#7808,#7809);
#7808 = CARTESIAN_POINT('',(12.,10.,0.));
#7809 = VECTOR('',#7810,1.);
#7810 = DIRECTION('',(0.,0.,1.));
#7811 = PLANE('',#7812);
#7812 = AXIS2_PLACEMENT_3D('',#7813,#7814,#7815);
#7813 = CARTESIAN_POINT('',(12.,-2.,0.));
#7814 = DIRECTION('',(-1.,0.,0.));
#7815 = DIRECTION('',(0.,1.,0.));
#7816 = ADVANCED_FACE('',(#7817),#7842,.F.);
#7817 = FACE_BOUND('',#7818,.F.);
#7818 = EDGE_LOOP('',(#7819,#7827,#7828,#7836));
#7819 = ORIENTED_EDGE('',*,*,#7820,.F.);
#7820 = EDGE_CURVE('',#7673,#7821,#7823,.T.);
#7821 = VERTEX_POINT('',#7822);
#7822 = CARTESIAN_POINT('',(0.,-8.,35.076911293381));
#7823 = LINE('',#7824,#7825);
#7824 = CARTESIAN_POINT('',(14.279416932732,-8.,10.980395219397));
#7825 = VECTOR('',#7826,1.);
#7826 = DIRECTION('',(-0.509802390302,0.,0.860291533634));
#7827 = ORIENTED_EDGE('',*,*,#7697,.F.);
#7828 = ORIENTED_EDGE('',*,*,#7829,.T.);
#7829 = EDGE_CURVE('',#7690,#7830,#7832,.T.);
#7830 = VERTEX_POINT('',#7831);
#7831 = CARTESIAN_POINT('',(0.,4.,35.076911293381));
#7832 = LINE('',#7833,#7834);
#7833 = CARTESIAN_POINT('',(14.279416932732,4.,10.980395219397));
#7834 = VECTOR('',#7835,1.);
#7835 = DIRECTION('',(-0.509802390302,0.,0.860291533634));
#7836 = ORIENTED_EDGE('',*,*,#7837,.F.);
#7837 = EDGE_CURVE('',#7821,#7830,#7838,.T.);
#7838 = LINE('',#7839,#7840);
#7839 = CARTESIAN_POINT('',(-7.993605777301E-15,-8.,35.076911293381));
#7840 = VECTOR('',#7841,1.);
#7841 = DIRECTION('',(0.,1.,0.));
#7842 = PLANE('',#7843);
#7843 = AXIS2_PLACEMENT_3D('',#7844,#7845,#7846);
#7844 = CARTESIAN_POINT('',(14.279416932732,-8.,10.980395219397));
#7845 = DIRECTION('',(0.860291533634,0.,0.509802390302));
#7846 = DIRECTION('',(-0.509802390302,0.,0.860291533634));
#7847 = ADVANCED_FACE('',(#7848),#7873,.F.);
#7848 = FACE_BOUND('',#7849,.F.);
#7849 = EDGE_LOOP('',(#7850,#7858,#7859,#7867));
#7850 = ORIENTED_EDGE('',*,*,#7851,.F.);
#7851 = EDGE_CURVE('',#7759,#7852,#7854,.T.);
#7852 = VERTEX_POINT('',#7853);
#7853 = CARTESIAN_POINT('',(55.,10.,0.));
#7854 = LINE('',#7855,#7856);
#7855 = CARTESIAN_POINT('',(-55.,10.,0.));
#7856 = VECTOR('',#7857,1.);
#7857 = DIRECTION('',(1.,0.,0.));
#7858 = ORIENTED_EDGE('',*,*,#7766,.F.);
#7859 = ORIENTED_EDGE('',*,*,#7860,.T.);
#7860 = EDGE_CURVE('',#7767,#7861,#7863,.T.);
#7861 = VERTEX_POINT('',#7862);
#7862 = CARTESIAN_POINT('',(55.,10.,8.));
#7863 = LINE('',#7864,#7865);
#7864 = CARTESIAN_POINT('',(-55.,10.,8.));
#7865 = VECTOR('',#7866,1.);
#7866 = DIRECTION('',(1.,0.,0.));
#7867 = ORIENTED_EDGE('',*,*,#7868,.F.);
#7868 = EDGE_CURVE('',#7852,#7861,#7869,.T.);
#7869 = LINE('',#7870,#7871);
#7870 = CARTESIAN_POINT('',(55.,10.,0.));
#7871 = VECTOR('',#7872,1.);
#7872 = DIRECTION('',(0.,0.,1.));
#7873 = PLANE('',#7874);
#7874 = AXIS2_PLACEMENT_3D('',#7875,#7876,#7877);
#7875 = CARTESIAN_POINT('',(-55.,10.,0.));
#7876 = DIRECTION('',(0.,1.,0.));
#7877 = DIRECTION('',(1.,0.,0.));
#7878 = ADVANCED_FACE('',(#7879),#7904,.F.);
#7879 = FACE_BOUND('',#7880,.F.);
#7880 = EDGE_LOOP('',(#7881,#7889,#7897,#7903));
#7881 = ORIENTED_EDGE('',*,*,#7882,.F.);
#7882 = EDGE_CURVE('',#7883,#7790,#7885,.T.);
#7883 = VERTEX_POINT('',#7884);
#7884 = CARTESIAN_POINT('',(-12.,10.,0.));
#7885 = LINE('',#7886,#7887);
#7886 = CARTESIAN_POINT('',(-55.,10.,0.));
#7887 = VECTOR('',#7888,1.);
#7888 = DIRECTION('',(1.,0.,0.));
#7889 = ORIENTED_EDGE('',*,*,#7890,.F.);
#7890 = EDGE_CURVE('',#7891,#7883,#7893,.T.);
#7891 = VERTEX_POINT('',#7892);
#7892 = CARTESIAN_POINT('',(-12.,10.,8.));
#7893 = LINE('',#7894,#7895);
#7894 = CARTESIAN_POINT('',(-12.,10.,0.));
#7895 = VECTOR('',#7896,1.);
#7896 = DIRECTION('',(0.,0.,-1.));
#7897 = ORIENTED_EDGE('',*,*,#7898,.T.);
#7898 = EDGE_CURVE('',#7891,#7799,#7899,.T.);
#7899 = LINE('',#7900,#7901);
#7900 = CARTESIAN_POINT('',(-55.,10.,8.));
#7901 = VECTOR('',#7902,1.);
#7902 = DIRECTION('',(1.,0.,0.));
#7903 = ORIENTED_EDGE('',*,*,#7806,.F.);
#7904 = PLANE('',#7905);
#7905 = AXIS2_PLACEMENT_3D('',#7906,#7907,#7908);
#7906 = CARTESIAN_POINT('',(-55.,10.,0.));
#7907 = DIRECTION('',(0.,1.,0.));
#7908 = DIRECTION('',(1.,0.,0.));
#7909 = ADVANCED_FACE('',(#7910),#7944,.F.);
#7910 = FACE_BOUND('',#7911,.F.);
#7911 = EDGE_LOOP('',(#7912,#7922,#7930,#7938));
#7912 = ORIENTED_EDGE('',*,*,#7913,.F.);
#7913 = EDGE_CURVE('',#7914,#7916,#7918,.T.);
#7914 = VERTEX_POINT('',#7915);
#7915 = CARTESIAN_POINT('',(-19.,-8.,8.));
#7916 = VERTEX_POINT('',#7917);
#7917 = CARTESIAN_POINT('',(-19.,-2.,8.));
#7918 = LINE('',#7919,#7920);
#7919 = CARTESIAN_POINT('',(-19.,-8.,8.));
#7920 = VECTOR('',#7921,1.);
#7921 = DIRECTION('',(0.,1.,0.));
#7922 = ORIENTED_EDGE('',*,*,#7923,.T.);
#7923 = EDGE_CURVE('',#7914,#7924,#7926,.T.);
#7924 = VERTEX_POINT('',#7925);
#7925 = CARTESIAN_POINT('',(-13.,-8.,8.));
#7926 = LINE('',#7927,#7928);
#7927 = CARTESIAN_POINT('',(-19.,-8.,8.));
#7928 = VECTOR('',#7929,1.);
#7929 = DIRECTION('',(1.,0.,0.));
#7930 = ORIENTED_EDGE('',*,*,#7931,.T.);
#7931 = EDGE_CURVE('',#7924,#7932,#7934,.T.);
#7932 = VERTEX_POINT('',#7933);
#7933 = CARTESIAN_POINT('',(-13.,-2.,8.));
#7934 = LINE('',#7935,#7936);
#7935 = CARTESIAN_POINT('',(-13.,-8.,8.));
#7936 = VECTOR('',#7937,1.);
#7937 = DIRECTION('',(0.,1.,0.));
#7938 = ORIENTED_EDGE('',*,*,#7939,.T.);
#7939 = EDGE_CURVE('',#7932,#7916,#7940,.T.);
#7940 = LINE('',#7941,#7942);
#7941 = CARTESIAN_POINT('',(-12.,-2.,8.));
#7942 = VECTOR('',#7943,1.);
#7943 = DIRECTION('',(-1.,0.,0.));
#7944 = PLANE('',#7945);
#7945 = AXIS2_PLACEMENT_3D('',#7946,#7947,#7948);
#7946 = CARTESIAN_POINT('',(-19.,-8.,8.));
#7947 = DIRECTION('',(0.,0.,1.));
#7948 = DIRECTION('',(1.,0.,0.));
#7949 = ADVANCED_FACE('',(#7950),#7983,.T.);
#7950 = FACE_BOUND('',#7951,.T.);
#7951 = EDGE_LOOP('',(#7952,#7960,#7961,#7969,#7977));
#7952 = ORIENTED_EDGE('',*,*,#7953,.F.);
#7953 = EDGE_CURVE('',#7924,#7954,#7956,.T.);
#7954 = VERTEX_POINT('',#7955);
#7955 = CARTESIAN_POINT('',(-13.,-8.,13.139411293381));
#7956 = LINE('',#7957,#7958);
#7957 = CARTESIAN_POINT('',(-13.,-8.,8.));
#7958 = VECTOR('',#7959,1.);
#7959 = DIRECTION('',(0.,0.,1.));
#7960 = ORIENTED_EDGE('',*,*,#7931,.T.);
#7961 = ORIENTED_EDGE('',*,*,#7962,.T.);
#7962 = EDGE_CURVE('',#7932,#7963,#7965,.T.);
#7963 = VERTEX_POINT('',#7964);
#7964 = CARTESIAN_POINT('',(-13.,4.,8.));
#7965 = LINE('',#7966,#7967);
#7966 = CARTESIAN_POINT('',(-13.,-8.,8.));
#7967 = VECTOR('',#7968,1.);
#7968 = DIRECTION('',(0.,1.,0.));
#7969 = ORIENTED_EDGE('',*,*,#7970,.T.);
#7970 = EDGE_CURVE('',#7963,#7971,#7973,.T.);
#7971 = VERTEX_POINT('',#7972);
#7972 = CARTESIAN_POINT('',(-13.,4.,13.139411293381));
#7973 = LINE('',#7974,#7975);
#7974 = CARTESIAN_POINT('',(-13.,4.,8.));
#7975 = VECTOR('',#7976,1.);
#7976 = DIRECTION('',(0.,0.,1.));
#7977 = ORIENTED_EDGE('',*,*,#7978,.T.);
#7978 = EDGE_CURVE('',#7971,#7954,#7979,.T.);
#7979 = LINE('',#7980,#7981);
#7980 = CARTESIAN_POINT('',(-13.,-8.,13.139411293381));
#7981 = VECTOR('',#7982,1.);
#7982 = DIRECTION('',(0.,-1.,0.));
#7983 = PLANE('',#7984);
#7984 = AXIS2_PLACEMENT_3D('',#7985,#7986,#7987);
#7985 = CARTESIAN_POINT('',(-13.,-8.,8.));
#7986 = DIRECTION('',(1.,0.,0.));
#7987 = DIRECTION('',(0.,0.,1.));
#7988 = ADVANCED_FACE('',(#7989),#8030,.T.);
#7989 = FACE_BOUND('',#7990,.T.);
#7990 = EDGE_LOOP('',(#7991,#8001,#8007,#8008,#8016,#8024));
#7991 = ORIENTED_EDGE('',*,*,#7992,.T.);
#7992 = EDGE_CURVE('',#7993,#7995,#7997,.T.);
#7993 = VERTEX_POINT('',#7994);
#7994 = CARTESIAN_POINT('',(-12.,-2.,0.));
#7995 = VERTEX_POINT('',#7996);
#7996 = CARTESIAN_POINT('',(-12.,-2.,8.));
#7997 = LINE('',#7998,#7999);
#7998 = CARTESIAN_POINT('',(-12.,-2.,0.));
#7999 = VECTOR('',#8000,1.);
#8000 = DIRECTION('',(0.,0.,1.));
#8001 = ORIENTED_EDGE('',*,*,#8002,.T.);
#8002 = EDGE_CURVE('',#7995,#7932,#8003,.T.);
#8003 = LINE('',#8004,#8005);
#8004 = CARTESIAN_POINT('',(-12.,-2.,8.));
#8005 = VECTOR('',#8006,1.);
#8006 = DIRECTION('',(-1.,0.,0.));
#8007 = ORIENTED_EDGE('',*,*,#7939,.T.);
#8008 = ORIENTED_EDGE('',*,*,#8009,.T.);
#8009 = EDGE_CURVE('',#7916,#8010,#8012,.T.);
#8010 = VERTEX_POINT('',#8011);
#8011 = CARTESIAN_POINT('',(-20.,-2.,8.));
#8012 = LINE('',#8013,#8014);
#8013 = CARTESIAN_POINT('',(-12.,-2.,8.));
#8014 = VECTOR('',#8015,1.);
#8015 = DIRECTION('',(-1.,0.,0.));
#8016 = ORIENTED_EDGE('',*,*,#8017,.F.);
#8017 = EDGE_CURVE('',#8018,#8010,#8020,.T.);
#8018 = VERTEX_POINT('',#8019);
#8019 = CARTESIAN_POINT('',(-20.,-2.,0.));
#8020 = LINE('',#8021,#8022);
#8021 = CARTESIAN_POINT('',(-20.,-2.,0.));
#8022 = VECTOR('',#8023,1.);
#8023 = DIRECTION('',(0.,0.,1.));
#8024 = ORIENTED_EDGE('',*,*,#8025,.F.);
#8025 = EDGE_CURVE('',#7993,#8018,#8026,.T.);
#8026 = LINE('',#8027,#8028);
#8027 = CARTESIAN_POINT('',(-12.,-2.,0.));
#8028 = VECTOR('',#8029,1.);
#8029 = DIRECTION('',(-1.,0.,0.));
#8030 = PLANE('',#8031);
#8031 = AXIS2_PLACEMENT_3D('',#8032,#8033,#8034);
#8032 = CARTESIAN_POINT('',(-12.,-2.,0.));
#8033 = DIRECTION('',(0.,-1.,0.));
#8034 = DIRECTION('',(-1.,0.,0.));
#8035 = ADVANCED_FACE('',(#8036),#8052,.T.);
#8036 = FACE_BOUND('',#8037,.T.);
#8037 = EDGE_LOOP('',(#8038,#8044,#8045,#8051));
#8038 = ORIENTED_EDGE('',*,*,#8039,.F.);
#8039 = EDGE_CURVE('',#7883,#7993,#8040,.T.);
#8040 = LINE('',#8041,#8042);
#8041 = CARTESIAN_POINT('',(-12.,14.,0.));
#8042 = VECTOR('',#8043,1.);
#8043 = DIRECTION('',(0.,-1.,0.));
#8044 = ORIENTED_EDGE('',*,*,#7890,.F.);
#8045 = ORIENTED_EDGE('',*,*,#8046,.T.);
#8046 = EDGE_CURVE('',#7891,#7995,#8047,.T.);
#8047 = LINE('',#8048,#8049);
#8048 = CARTESIAN_POINT('',(-12.,14.,8.));
#8049 = VECTOR('',#8050,1.);
#8050 = DIRECTION('',(0.,-1.,0.));
#8051 = ORIENTED_EDGE('',*,*,#7992,.F.);
#8052 = PLANE('',#8053);
#8053 = AXIS2_PLACEMENT_3D('',#8054,#8055,#8056);
#8054 = CARTESIAN_POINT('',(-12.,14.,0.));
#8055 = DIRECTION('',(1.,0.,0.));
#8056 = DIRECTION('',(0.,-1.,0.));
#8057 = ADVANCED_FACE('',(#8058),#8083,.T.);
#8058 = FACE_BOUND('',#8059,.T.);
#8059 = EDGE_LOOP('',(#8060,#8068,#8069,#8077));
#8060 = ORIENTED_EDGE('',*,*,#8061,.F.);
#8061 = EDGE_CURVE('',#8018,#8062,#8064,.T.);
#8062 = VERTEX_POINT('',#8063);
#8063 = CARTESIAN_POINT('',(-20.,10.,0.));
#8064 = LINE('',#8065,#8066);
#8065 = CARTESIAN_POINT('',(-20.,-2.,0.));
#8066 = VECTOR('',#8067,1.);
#8067 = DIRECTION('',(0.,1.,0.));
#8068 = ORIENTED_EDGE('',*,*,#8017,.T.);
#8069 = ORIENTED_EDGE('',*,*,#8070,.T.);
#8070 = EDGE_CURVE('',#8010,#8071,#8073,.T.);
#8071 = VERTEX_POINT('',#8072);
#8072 = CARTESIAN_POINT('',(-20.,10.,8.));
#8073 = LINE('',#8074,#8075);
#8074 = CARTESIAN_POINT('',(-20.,-2.,8.));
#8075 = VECTOR('',#8076,1.);
#8076 = DIRECTION('',(0.,1.,0.));
#8077 = ORIENTED_EDGE('',*,*,#8078,.F.);
#8078 = EDGE_CURVE('',#8062,#8071,#8079,.T.);
#8079 = LINE('',#8080,#8081);
#8080 = CARTESIAN_POINT('',(-20.,10.,0.));
#8081 = VECTOR('',#8082,1.);
#8082 = DIRECTION('',(0.,0.,1.));
#8083 = PLANE('',#8084);
#8084 = AXIS2_PLACEMENT_3D('',#8085,#8086,#8087);
#8085 = CARTESIAN_POINT('',(-20.,-2.,0.));
#8086 = DIRECTION('',(-1.,0.,0.));
#8087 = DIRECTION('',(0.,1.,0.));
#8088 = ADVANCED_FACE('',(#8089),#8105,.F.);
#8089 = FACE_BOUND('',#8090,.F.);
#8090 = EDGE_LOOP('',(#8091,#8097,#8098,#8104));
#8091 = ORIENTED_EDGE('',*,*,#8092,.F.);
#8092 = EDGE_CURVE('',#7821,#7954,#8093,.T.);
#8093 = LINE('',#8094,#8095);
#8094 = CARTESIAN_POINT('',(17.720583067268,-8.,64.980395219397));
#8095 = VECTOR('',#8096,1.);
#8096 = DIRECTION('',(-0.509802390302,0.,-0.860291533634));
#8097 = ORIENTED_EDGE('',*,*,#7837,.T.);
#8098 = ORIENTED_EDGE('',*,*,#8099,.T.);
#8099 = EDGE_CURVE('',#7830,#7971,#8100,.T.);
#8100 = LINE('',#8101,#8102);
#8101 = CARTESIAN_POINT('',(17.720583067268,4.,64.980395219397));
#8102 = VECTOR('',#8103,1.);
#8103 = DIRECTION('',(-0.509802390302,0.,-0.860291533634));
#8104 = ORIENTED_EDGE('',*,*,#7978,.T.);
#8105 = PLANE('',#8106);
#8106 = AXIS2_PLACEMENT_3D('',#8107,#8108,#8109);
#8107 = CARTESIAN_POINT('',(17.720583067268,-8.,64.980395219397));
#8108 = DIRECTION('',(-0.860291533634,0.,0.509802390302));
#8109 = DIRECTION('',(-0.509802390302,0.,-0.860291533634));
#8110 = ADVANCED_FACE('',(#8111),#8136,.F.);
#8111 = FACE_BOUND('',#8112,.F.);
#8112 = EDGE_LOOP('',(#8113,#8121,#8129,#8135));
#8113 = ORIENTED_EDGE('',*,*,#8114,.F.);
#8114 = EDGE_CURVE('',#8115,#8062,#8117,.T.);
#8115 = VERTEX_POINT('',#8116);
#8116 = CARTESIAN_POINT('',(-55.,10.,0.));
#8117 = LINE('',#8118,#8119);
#8118 = CARTESIAN_POINT('',(-55.,10.,0.));
#8119 = VECTOR('',#8120,1.);
#8120 = DIRECTION('',(1.,0.,0.));
#8121 = ORIENTED_EDGE('',*,*,#8122,.T.);
#8122 = EDGE_CURVE('',#8115,#8123,#8125,.T.);
#8123 = VERTEX_POINT('',#8124);
#8124 = CARTESIAN_POINT('',(-55.,10.,8.));
#8125 = LINE('',#8126,#8127);
#8126 = CARTESIAN_POINT('',(-55.,10.,0.));
#8127 = VECTOR('',#8128,1.);
#8128 = DIRECTION('',(0.,0.,1.));
#8129 = ORIENTED_EDGE('',*,*,#8130,.T.);
#8130 = EDGE_CURVE('',#8123,#8071,#8131,.T.);
#8131 = LINE('',#8132,#8133);
#8132 = CARTESIAN_POINT('',(-55.,10.,8.));
#8133 = VECTOR('',#8134,1.);
#8134 = DIRECTION('',(1.,0.,0.));
#8135 = ORIENTED_EDGE('',*,*,#8078,.F.);
#8136 = PLANE('',#8137);
#8137 = AXIS2_PLACEMENT_3D('',#8138,#8139,#8140);
#8138 = CARTESIAN_POINT('',(-55.,10.,0.));
#8139 = DIRECTION('',(0.,1.,0.));
#8140 = DIRECTION('',(1.,0.,0.));
#8141 = ADVANCED_FACE('',(#8142),#8167,.F.);
#8142 = FACE_BOUND('',#8143,.F.);
#8143 = EDGE_LOOP('',(#8144,#8145,#8153,#8161));
#8144 = ORIENTED_EDGE('',*,*,#7868,.T.);
#8145 = ORIENTED_EDGE('',*,*,#8146,.T.);
#8146 = EDGE_CURVE('',#7861,#8147,#8149,.T.);
#8147 = VERTEX_POINT('',#8148);
#8148 = CARTESIAN_POINT('',(58.,13.,8.));
#8149 = LINE('',#8150,#8151);
#8150 = CARTESIAN_POINT('',(55.,10.,8.));
#8151 = VECTOR('',#8152,1.);
#8152 = DIRECTION('',(0.707106781187,0.707106781187,0.));
#8153 = ORIENTED_EDGE('',*,*,#8154,.F.);
#8154 = EDGE_CURVE('',#8155,#8147,#8157,.T.);
#8155 = VERTEX_POINT('',#8156);
#8156 = CARTESIAN_POINT('',(58.,13.,0.));
#8157 = LINE('',#8158,#8159);
#8158 = CARTESIAN_POINT('',(58.,13.,0.));
#8159 = VECTOR('',#8160,1.);
#8160 = DIRECTION('',(0.,0.,1.));
#8161 = ORIENTED_EDGE('',*,*,#8162,.F.);
#8162 = EDGE_CURVE('',#7852,#8155,#8163,.T.);
#8163 = LINE('',#8164,#8165);
#8164 = CARTESIAN_POINT('',(55.,10.,0.));
#8165 = VECTOR('',#8166,1.);
#8166 = DIRECTION('',(0.707106781187,0.707106781187,0.));
#8167 = PLANE('',#8168);
#8168 = AXIS2_PLACEMENT_3D('',#8169,#8170,#8171);
#8169 = CARTESIAN_POINT('',(55.,10.,0.));
#8170 = DIRECTION('',(-0.707106781187,0.707106781187,0.));
#8171 = DIRECTION('',(0.707106781187,0.707106781187,0.));
#8172 = ADVANCED_FACE('',(#8173),#8198,.F.);
#8173 = FACE_BOUND('',#8174,.F.);
#8174 = EDGE_LOOP('',(#8175,#8176,#8184,#8192));
#8175 = ORIENTED_EDGE('',*,*,#8154,.T.);
#8176 = ORIENTED_EDGE('',*,*,#8177,.T.);
#8177 = EDGE_CURVE('',#8147,#8178,#8180,.T.);
#8178 = VERTEX_POINT('',#8179);
#8179 = CARTESIAN_POINT('',(58.,15.,8.));
#8180 = LINE('',#8181,#8182);
#8181 = CARTESIAN_POINT('',(58.,13.,8.));
#8182 = VECTOR('',#8183,1.);
#8183 = DIRECTION('',(0.,1.,0.));
#8184 = ORIENTED_EDGE('',*,*,#8185,.F.);
#8185 = EDGE_CURVE('',#8186,#8178,#8188,.T.);
#8186 = VERTEX_POINT('',#8187);
#8187 = CARTESIAN_POINT('',(58.,15.,0.));
#8188 = LINE('',#8189,#8190);
#8189 = CARTESIAN_POINT('',(58.,15.,0.));
#8190 = VECTOR('',#8191,1.);
#8191 = DIRECTION('',(0.,0.,1.));
#8192 = ORIENTED_EDGE('',*,*,#8193,.F.);
#8193 = EDGE_CURVE('',#8155,#8186,#8194,.T.);
#8194 = LINE('',#8195,#8196);
#8195 = CARTESIAN_POINT('',(58.,13.,0.));
#8196 = VECTOR('',#8197,1.);
#8197 = DIRECTION('',(0.,1.,0.));
#8198 = PLANE('',#8199);
#8199 = AXIS2_PLACEMENT_3D('',#8200,#8201,#8202);
#8200 = CARTESIAN_POINT('',(58.,13.,0.));
#8201 = DIRECTION('',(-1.,0.,0.));
#8202 = DIRECTION('',(0.,1.,0.));
#8203 = ADVANCED_FACE('',(#8204),#8259,.T.);
#8204 = FACE_BOUND('',#8205,.T.);
#8205 = EDGE_LOOP('',(#8206,#8217,#8225,#8234,#8243,#8252));
#8206 = ORIENTED_EDGE('',*,*,#8207,.T.);
#8207 = EDGE_CURVE('',#8208,#8210,#8212,.T.);
#8208 = VERTEX_POINT('',#8209);
#8209 = CARTESIAN_POINT('',(-44.90324778519,18.,8.));
#8210 = VERTEX_POINT('',#8211);
#8211 = CARTESIAN_POINT('',(-34.70454545454,16.,8.));
#8212 = CIRCLE('',#8213,5.295454545455);
#8213 = AXIS2_PLACEMENT_3D('',#8214,#8215,#8216);
#8214 = CARTESIAN_POINT('',(-40.,16.,8.));
#8215 = DIRECTION('',(0.,0.,1.));
#8216 = DIRECTION('',(1.,0.,0.));
#8217 = ORIENTED_EDGE('',*,*,#8218,.T.);
#8218 = EDGE_CURVE('',#8210,#8219,#8221,.T.);
#8219 = VERTEX_POINT('',#8220);
#8220 = CARTESIAN_POINT('',(-34.8,16.,11.));
#8221 = LINE('',#8222,#8223);
#8222 = CARTESIAN_POINT('',(-34.45,16.,0.));
#8223 = VECTOR('',#8224,1.);
#8224 = DIRECTION('',(-3.180208772631E-02,7.789264988046E-18,
    0.999494185684));
#8225 = ORIENTED_EDGE('',*,*,#8226,.F.);
#8226 = EDGE_CURVE('',#8227,#8219,#8229,.T.);
#8227 = VERTEX_POINT('',#8228);
#8228 = CARTESIAN_POINT('',(-42.1775,20.722128095467,11.));
#8229 = CIRCLE('',#8230,5.2);
#8230 = AXIS2_PLACEMENT_3D('',#8231,#8232,#8233);
#8231 = CARTESIAN_POINT('',(-40.,16.,11.));
#8232 = DIRECTION('',(0.,0.,1.));
#8233 = DIRECTION('',(1.,0.,0.));
#8234 = ORIENTED_EDGE('',*,*,#8235,.T.);
#8235 = EDGE_CURVE('',#8227,#8236,#8238,.T.);
#8236 = VERTEX_POINT('',#8237);
#8237 = CARTESIAN_POINT('',(-42.1775,21.104996939274,0.));
#8238 = HYPERBOLA('',#8239,68.435714285714,2.1775);
#8239 = AXIS2_PLACEMENT_3D('',#8240,#8241,#8242);
#8240 = CARTESIAN_POINT('',(-42.1775,16.,174.42857142857));
#8241 = DIRECTION('',(1.,-0.,0.));
#8242 = DIRECTION('',(0.,0.,-1.));
#8243 = ORIENTED_EDGE('',*,*,#8244,.T.);
#8244 = EDGE_CURVE('',#8236,#8245,#8247,.T.);
#8245 = VERTEX_POINT('',#8246);
#8246 = CARTESIAN_POINT('',(-45.17711309515,18.,0.));
#8247 = CIRCLE('',#8248,5.55);
#8248 = AXIS2_PLACEMENT_3D('',#8249,#8250,#8251);
#8249 = CARTESIAN_POINT('',(-40.,16.,0.));
#8250 = DIRECTION('',(0.,0.,1.));
#8251 = DIRECTION('',(1.,0.,0.));
#8252 = ORIENTED_EDGE('',*,*,#8253,.T.);
#8253 = EDGE_CURVE('',#8245,#8208,#8254,.T.);
#8254 = HYPERBOLA('',#8255,62.857142857143,2.);
#8255 = AXIS2_PLACEMENT_3D('',#8256,#8257,#8258);
#8256 = CARTESIAN_POINT('',(-40.,18.,174.42857142857));
#8257 = DIRECTION('',(0.,-1.,0.));
#8258 = DIRECTION('',(-0.,-0.,-1.));
#8259 = CONICAL_SURFACE('',#8260,5.55,3.180745079516E-02);
#8260 = AXIS2_PLACEMENT_3D('',#8261,#8262,#8263);
#8261 = CARTESIAN_POINT('',(-40.,16.,0.));
#8262 = DIRECTION('',(-0.,-0.,-1.));
#8263 = DIRECTION('',(1.,0.,0.));
#8264 = ADVANCED_FACE('',(#8265),#8311,.T.);
#8265 = FACE_BOUND('',#8266,.T.);
#8266 = EDGE_LOOP('',(#8267,#8276,#8277,#8286,#8295,#8304));
#8267 = ORIENTED_EDGE('',*,*,#8268,.F.);
#8268 = EDGE_CURVE('',#8219,#8269,#8271,.T.);
#8269 = VERTEX_POINT('',#8270);
#8270 = CARTESIAN_POINT('',(-37.8225,20.722128095467,11.));
#8271 = CIRCLE('',#8272,5.2);
#8272 = AXIS2_PLACEMENT_3D('',#8273,#8274,#8275);
#8273 = CARTESIAN_POINT('',(-40.,16.,11.));
#8274 = DIRECTION('',(0.,0.,1.));
#8275 = DIRECTION('',(1.,0.,0.));
#8276 = ORIENTED_EDGE('',*,*,#8218,.F.);
#8277 = ORIENTED_EDGE('',*,*,#8278,.T.);
#8278 = EDGE_CURVE('',#8210,#8279,#8281,.T.);
#8279 = VERTEX_POINT('',#8280);
#8280 = CARTESIAN_POINT('',(-35.09675221481,18.,8.));
#8281 = CIRCLE('',#8282,5.295454545455);
#8282 = AXIS2_PLACEMENT_3D('',#8283,#8284,#8285);
#8283 = CARTESIAN_POINT('',(-40.,16.,8.));
#8284 = DIRECTION('',(0.,0.,1.));
#8285 = DIRECTION('',(1.,0.,0.));
#8286 = ORIENTED_EDGE('',*,*,#8287,.T.);
#8287 = EDGE_CURVE('',#8279,#8288,#8290,.T.);
#8288 = VERTEX_POINT('',#8289);
#8289 = CARTESIAN_POINT('',(-34.82288690484,18.,0.));
#8290 = HYPERBOLA('',#8291,62.857142857143,2.);
#8291 = AXIS2_PLACEMENT_3D('',#8292,#8293,#8294);
#8292 = CARTESIAN_POINT('',(-40.,18.,174.42857142857));
#8293 = DIRECTION('',(0.,-1.,0.));
#8294 = DIRECTION('',(-0.,-0.,-1.));
#8295 = ORIENTED_EDGE('',*,*,#8296,.T.);
#8296 = EDGE_CURVE('',#8288,#8297,#8299,.T.);
#8297 = VERTEX_POINT('',#8298);
#8298 = CARTESIAN_POINT('',(-37.8225,21.104996939274,0.));
#8299 = CIRCLE('',#8300,5.55);
#8300 = AXIS2_PLACEMENT_3D('',#8301,#8302,#8303);
#8301 = CARTESIAN_POINT('',(-40.,16.,0.));
#8302 = DIRECTION('',(0.,0.,1.));
#8303 = DIRECTION('',(1.,0.,0.));
#8304 = ORIENTED_EDGE('',*,*,#8305,.F.);
#8305 = EDGE_CURVE('',#8269,#8297,#8306,.T.);
#8306 = HYPERBOLA('',#8307,68.435714285714,2.1775);
#8307 = AXIS2_PLACEMENT_3D('',#8308,#8309,#8310);
#8308 = CARTESIAN_POINT('',(-37.8225,16.,174.42857142857));
#8309 = DIRECTION('',(1.,-0.,0.));
#8310 = DIRECTION('',(0.,0.,-1.));
#8311 = CONICAL_SURFACE('',#8312,5.55,3.180745079516E-02);
#8312 = AXIS2_PLACEMENT_3D('',#8313,#8314,#8315);
#8313 = CARTESIAN_POINT('',(-40.,16.,0.));
#8314 = DIRECTION('',(-0.,-0.,-1.));
#8315 = DIRECTION('',(1.,0.,0.));
#8316 = ADVANCED_FACE('',(#8317),#8343,.F.);
#8317 = FACE_BOUND('',#8318,.F.);
#8318 = EDGE_LOOP('',(#8319,#8327,#8336,#8342));
#8319 = ORIENTED_EDGE('',*,*,#8320,.F.);
#8320 = EDGE_CURVE('',#8321,#8288,#8323,.T.);
#8321 = VERTEX_POINT('',#8322);
#8322 = CARTESIAN_POINT('',(-25.17711309515,18.,0.));
#8323 = LINE('',#8324,#8325);
#8324 = CARTESIAN_POINT('',(55.,18.,0.));
#8325 = VECTOR('',#8326,1.);
#8326 = DIRECTION('',(-1.,0.,0.));
#8327 = ORIENTED_EDGE('',*,*,#8328,.T.);
#8328 = EDGE_CURVE('',#8321,#8329,#8331,.T.);
#8329 = VERTEX_POINT('',#8330);
#8330 = CARTESIAN_POINT('',(-24.90324778519,18.,8.));
#8331 = HYPERBOLA('',#8332,62.857142857143,2.);
#8332 = AXIS2_PLACEMENT_3D('',#8333,#8334,#8335);
#8333 = CARTESIAN_POINT('',(-20.,18.,174.42857142857));
#8334 = DIRECTION('',(0.,-1.,0.));
#8335 = DIRECTION('',(-0.,-0.,-1.));
#8336 = ORIENTED_EDGE('',*,*,#8337,.T.);
#8337 = EDGE_CURVE('',#8329,#8279,#8338,.T.);
#8338 = LINE('',#8339,#8340);
#8339 = CARTESIAN_POINT('',(55.,18.,8.));
#8340 = VECTOR('',#8341,1.);
#8341 = DIRECTION('',(-1.,0.,0.));
#8342 = ORIENTED_EDGE('',*,*,#8287,.T.);
#8343 = PLANE('',#8344);
#8344 = AXIS2_PLACEMENT_3D('',#8345,#8346,#8347);
#8345 = CARTESIAN_POINT('',(55.,18.,0.));
#8346 = DIRECTION('',(0.,-1.,0.));
#8347 = DIRECTION('',(-1.,0.,0.));
#8348 = ADVANCED_FACE('',(#8349),#8412,.T.);
#8349 = FACE_BOUND('',#8350,.T.);
#8350 = EDGE_LOOP('',(#8351,#8361,#8370,#8379,#8386,#8387,#8396,#8405));
#8351 = ORIENTED_EDGE('',*,*,#8352,.T.);
#8352 = EDGE_CURVE('',#8353,#8355,#8357,.T.);
#8353 = VERTEX_POINT('',#8354);
#8354 = CARTESIAN_POINT('',(-14.45,20.,0.));
#8355 = VERTEX_POINT('',#8356);
#8356 = CARTESIAN_POINT('',(-14.8,20.,11.));
#8357 = LINE('',#8358,#8359);
#8358 = CARTESIAN_POINT('',(-14.45,20.,0.));
#8359 = VECTOR('',#8360,1.);
#8360 = DIRECTION('',(-3.180208772631E-02,7.789264988046E-18,
    0.999494185684));
#8361 = ORIENTED_EDGE('',*,*,#8362,.F.);
#8362 = EDGE_CURVE('',#8363,#8355,#8365,.T.);
#8363 = VERTEX_POINT('',#8364);
#8364 = CARTESIAN_POINT('',(-22.1775,24.722128095467,11.));
#8365 = CIRCLE('',#8366,5.2);
#8366 = AXIS2_PLACEMENT_3D('',#8367,#8368,#8369);
#8367 = CARTESIAN_POINT('',(-20.,20.,11.));
#8368 = DIRECTION('',(0.,0.,1.));
#8369 = DIRECTION('',(1.,0.,0.));
#8370 = ORIENTED_EDGE('',*,*,#8371,.T.);
#8371 = EDGE_CURVE('',#8363,#8372,#8374,.T.);
#8372 = VERTEX_POINT('',#8373);
#8373 = CARTESIAN_POINT('',(-22.1775,25.104996939274,0.));
#8374 = HYPERBOLA('',#8375,68.435714285714,2.1775);
#8375 = AXIS2_PLACEMENT_3D('',#8376,#8377,#8378);
#8376 = CARTESIAN_POINT('',(-22.1775,20.,174.42857142857));
#8377 = DIRECTION('',(1.,-0.,0.));
#8378 = DIRECTION('',(0.,0.,-1.));
#8379 = ORIENTED_EDGE('',*,*,#8380,.T.);
#8380 = EDGE_CURVE('',#8372,#8321,#8381,.T.);
#8381 = CIRCLE('',#8382,5.55);
#8382 = AXIS2_PLACEMENT_3D('',#8383,#8384,#8385);
#8383 = CARTESIAN_POINT('',(-20.,20.,0.));
#8384 = DIRECTION('',(0.,0.,1.));
#8385 = DIRECTION('',(1.,0.,0.));
#8386 = ORIENTED_EDGE('',*,*,#8328,.T.);
#8387 = ORIENTED_EDGE('',*,*,#8388,.T.);
#8388 = EDGE_CURVE('',#8329,#8389,#8391,.T.);
#8389 = VERTEX_POINT('',#8390);
#8390 = CARTESIAN_POINT('',(-15.09675221481,18.,8.));
#8391 = CIRCLE('',#8392,5.295454545455);
#8392 = AXIS2_PLACEMENT_3D('',#8393,#8394,#8395);
#8393 = CARTESIAN_POINT('',(-20.,20.,8.));
#8394 = DIRECTION('',(0.,0.,1.));
#8395 = DIRECTION('',(1.,0.,0.));
#8396 = ORIENTED_EDGE('',*,*,#8397,.T.);
#8397 = EDGE_CURVE('',#8389,#8398,#8400,.T.);
#8398 = VERTEX_POINT('',#8399);
#8399 = CARTESIAN_POINT('',(-14.82288690484,18.,0.));
#8400 = HYPERBOLA('',#8401,62.857142857143,2.);
#8401 = AXIS2_PLACEMENT_3D('',#8402,#8403,#8404);
#8402 = CARTESIAN_POINT('',(-20.,18.,174.42857142857));
#8403 = DIRECTION('',(0.,-1.,0.));
#8404 = DIRECTION('',(-0.,-0.,-1.));
#8405 = ORIENTED_EDGE('',*,*,#8406,.T.);
#8406 = EDGE_CURVE('',#8398,#8353,#8407,.T.);
#8407 = CIRCLE('',#8408,5.55);
#8408 = AXIS2_PLACEMENT_3D('',#8409,#8410,#8411);
#8409 = CARTESIAN_POINT('',(-20.,20.,0.));
#8410 = DIRECTION('',(0.,0.,1.));
#8411 = DIRECTION('',(1.,0.,0.));
#8412 = CONICAL_SURFACE('',#8413,5.55,3.180745079516E-02);
#8413 = AXIS2_PLACEMENT_3D('',#8414,#8415,#8416);
#8414 = CARTESIAN_POINT('',(-20.,20.,0.));
#8415 = DIRECTION('',(-0.,-0.,-1.));
#8416 = DIRECTION('',(1.,0.,0.));
#8417 = ADVANCED_FACE('',(#8418),#8444,.F.);
#8418 = FACE_BOUND('',#8419,.F.);
#8419 = EDGE_LOOP('',(#8420,#8428,#8437,#8443));
#8420 = ORIENTED_EDGE('',*,*,#8421,.F.);
#8421 = EDGE_CURVE('',#8422,#8398,#8424,.T.);
#8422 = VERTEX_POINT('',#8423);
#8423 = CARTESIAN_POINT('',(-5.177113095153,18.,0.));
#8424 = LINE('',#8425,#8426);
#8425 = CARTESIAN_POINT('',(55.,18.,0.));
#8426 = VECTOR('',#8427,1.);
#8427 = DIRECTION('',(-1.,0.,0.));
#8428 = ORIENTED_EDGE('',*,*,#8429,.T.);
#8429 = EDGE_CURVE('',#8422,#8430,#8432,.T.);
#8430 = VERTEX_POINT('',#8431);
#8431 = CARTESIAN_POINT('',(-4.90324778519,18.,8.));
#8432 = HYPERBOLA('',#8433,62.857142857143,2.);
#8433 = AXIS2_PLACEMENT_3D('',#8434,#8435,#8436);
#8434 = CARTESIAN_POINT('',(0.,18.,174.42857142857));
#8435 = DIRECTION('',(0.,-1.,0.));
#8436 = DIRECTION('',(-0.,-0.,-1.));
#8437 = ORIENTED_EDGE('',*,*,#8438,.T.);
#8438 = EDGE_CURVE('',#8430,#8389,#8439,.T.);
#8439 = LINE('',#8440,#8441);
#8440 = CARTESIAN_POINT('',(55.,18.,8.));
#8441 = VECTOR('',#8442,1.);
#8442 = DIRECTION('',(-1.,0.,0.));
#8443 = ORIENTED_EDGE('',*,*,#8397,.T.);
#8444 = PLANE('',#8445);
#8445 = AXIS2_PLACEMENT_3D('',#8446,#8447,#8448);
#8446 = CARTESIAN_POINT('',(55.,18.,0.));
#8447 = DIRECTION('',(0.,-1.,0.));
#8448 = DIRECTION('',(-1.,0.,0.));
#8449 = ADVANCED_FACE('',(#8450),#8495,.T.);
#8450 = FACE_BOUND('',#8451,.T.);
#8451 = EDGE_LOOP('',(#8452,#8461,#8469,#8478,#8487,#8494));
#8452 = ORIENTED_EDGE('',*,*,#8453,.T.);
#8453 = EDGE_CURVE('',#8430,#8454,#8456,.T.);
#8454 = VERTEX_POINT('',#8455);
#8455 = CARTESIAN_POINT('',(5.295454545455,16.,8.));
#8456 = CIRCLE('',#8457,5.295454545455);
#8457 = AXIS2_PLACEMENT_3D('',#8458,#8459,#8460);
#8458 = CARTESIAN_POINT('',(0.,16.,8.));
#8459 = DIRECTION('',(0.,0.,1.));
#8460 = DIRECTION('',(1.,0.,0.));
#8461 = ORIENTED_EDGE('',*,*,#8462,.T.);
#8462 = EDGE_CURVE('',#8454,#8463,#8465,.T.);
#8463 = VERTEX_POINT('',#8464);
#8464 = CARTESIAN_POINT('',(5.2,16.,11.));
#8465 = LINE('',#8466,#8467);
#8466 = CARTESIAN_POINT('',(5.55,16.,0.));
#8467 = VECTOR('',#8468,1.);
#8468 = DIRECTION('',(-3.180208772631E-02,7.789264988046E-18,
    0.999494185684));
#8469 = ORIENTED_EDGE('',*,*,#8470,.F.);
#8470 = EDGE_CURVE('',#8471,#8463,#8473,.T.);
#8471 = VERTEX_POINT('',#8472);
#8472 = CARTESIAN_POINT('',(-2.1775,20.722128095467,11.));
#8473 = CIRCLE('',#8474,5.2);
#8474 = AXIS2_PLACEMENT_3D('',#8475,#8476,#8477);
#8475 = CARTESIAN_POINT('',(0.,16.,11.));
#8476 = DIRECTION('',(0.,0.,1.));
#8477 = DIRECTION('',(1.,0.,0.));
#8478 = ORIENTED_EDGE('',*,*,#8479,.T.);
#8479 = EDGE_CURVE('',#8471,#8480,#8482,.T.);
#8480 = VERTEX_POINT('',#8481);
#8481 = CARTESIAN_POINT('',(-2.1775,21.104996939274,0.));
#8482 = HYPERBOLA('',#8483,68.435714285714,2.1775);
#8483 = AXIS2_PLACEMENT_3D('',#8484,#8485,#8486);
#8484 = CARTESIAN_POINT('',(-2.1775,16.,174.42857142857));
#8485 = DIRECTION('',(1.,-0.,0.));
#8486 = DIRECTION('',(0.,0.,-1.));
#8487 = ORIENTED_EDGE('',*,*,#8488,.T.);
#8488 = EDGE_CURVE('',#8480,#8422,#8489,.T.);
#8489 = CIRCLE('',#8490,5.55);
#8490 = AXIS2_PLACEMENT_3D('',#8491,#8492,#8493);
#8491 = CARTESIAN_POINT('',(0.,16.,0.));
#8492 = DIRECTION('',(0.,0.,1.));
#8493 = DIRECTION('',(1.,0.,0.));
#8494 = ORIENTED_EDGE('',*,*,#8429,.T.);
#8495 = CONICAL_SURFACE('',#8496,5.55,3.180745079516E-02);
#8496 = AXIS2_PLACEMENT_3D('',#8497,#8498,#8499);
#8497 = CARTESIAN_POINT('',(0.,16.,0.));
#8498 = DIRECTION('',(-0.,-0.,-1.));
#8499 = DIRECTION('',(1.,0.,0.));
#8500 = ADVANCED_FACE('',(#8501),#8547,.T.);
#8501 = FACE_BOUND('',#8502,.T.);
#8502 = EDGE_LOOP('',(#8503,#8512,#8513,#8522,#8531,#8540));
#8503 = ORIENTED_EDGE('',*,*,#8504,.F.);
#8504 = EDGE_CURVE('',#8463,#8505,#8507,.T.);
#8505 = VERTEX_POINT('',#8506);
#8506 = CARTESIAN_POINT('',(2.1775,20.722128095467,11.));
#8507 = CIRCLE('',#8508,5.2);
#8508 = AXIS2_PLACEMENT_3D('',#8509,#8510,#8511);
#8509 = CARTESIAN_POINT('',(0.,16.,11.));
#8510 = DIRECTION('',(0.,0.,1.));
#8511 = DIRECTION('',(1.,0.,0.));
#8512 = ORIENTED_EDGE('',*,*,#8462,.F.);
#8513 = ORIENTED_EDGE('',*,*,#8514,.T.);
#8514 = EDGE_CURVE('',#8454,#8515,#8517,.T.);
#8515 = VERTEX_POINT('',#8516);
#8516 = CARTESIAN_POINT('',(4.90324778519,18.,8.));
#8517 = CIRCLE('',#8518,5.295454545455);
#8518 = AXIS2_PLACEMENT_3D('',#8519,#8520,#8521);
#8519 = CARTESIAN_POINT('',(0.,16.,8.));
#8520 = DIRECTION('',(0.,0.,1.));
#8521 = DIRECTION('',(1.,0.,0.));
#8522 = ORIENTED_EDGE('',*,*,#8523,.T.);
#8523 = EDGE_CURVE('',#8515,#8524,#8526,.T.);
#8524 = VERTEX_POINT('',#8525);
#8525 = CARTESIAN_POINT('',(5.177113095153,18.,0.));
#8526 = HYPERBOLA('',#8527,62.857142857143,2.);
#8527 = AXIS2_PLACEMENT_3D('',#8528,#8529,#8530);
#8528 = CARTESIAN_POINT('',(0.,18.,174.42857142857));
#8529 = DIRECTION('',(0.,-1.,0.));
#8530 = DIRECTION('',(-0.,-0.,-1.));
#8531 = ORIENTED_EDGE('',*,*,#8532,.T.);
#8532 = EDGE_CURVE('',#8524,#8533,#8535,.T.);
#8533 = VERTEX_POINT('',#8534);
#8534 = CARTESIAN_POINT('',(2.1775,21.104996939274,0.));
#8535 = CIRCLE('',#8536,5.55);
#8536 = AXIS2_PLACEMENT_3D('',#8537,#8538,#8539);
#8537 = CARTESIAN_POINT('',(0.,16.,0.));
#8538 = DIRECTION('',(0.,0.,1.));
#8539 = DIRECTION('',(1.,0.,0.));
#8540 = ORIENTED_EDGE('',*,*,#8541,.F.);
#8541 = EDGE_CURVE('',#8505,#8533,#8542,.T.);
#8542 = HYPERBOLA('',#8543,68.435714285714,2.1775);
#8543 = AXIS2_PLACEMENT_3D('',#8544,#8545,#8546);
#8544 = CARTESIAN_POINT('',(2.1775,16.,174.42857142857));
#8545 = DIRECTION('',(1.,-0.,0.));
#8546 = DIRECTION('',(0.,0.,-1.));
#8547 = CONICAL_SURFACE('',#8548,5.55,3.180745079516E-02);
#8548 = AXIS2_PLACEMENT_3D('',#8549,#8550,#8551);
#8549 = CARTESIAN_POINT('',(0.,16.,0.));
#8550 = DIRECTION('',(-0.,-0.,-1.));
#8551 = DIRECTION('',(1.,0.,0.));
#8552 = ADVANCED_FACE('',(#8553),#8579,.F.);
#8553 = FACE_BOUND('',#8554,.F.);
#8554 = EDGE_LOOP('',(#8555,#8563,#8572,#8578));
#8555 = ORIENTED_EDGE('',*,*,#8556,.F.);
#8556 = EDGE_CURVE('',#8557,#8524,#8559,.T.);
#8557 = VERTEX_POINT('',#8558);
#8558 = CARTESIAN_POINT('',(14.822886904847,18.,0.));
#8559 = LINE('',#8560,#8561);
#8560 = CARTESIAN_POINT('',(55.,18.,0.));
#8561 = VECTOR('',#8562,1.);
#8562 = DIRECTION('',(-1.,0.,0.));
#8563 = ORIENTED_EDGE('',*,*,#8564,.T.);
#8564 = EDGE_CURVE('',#8557,#8565,#8567,.T.);
#8565 = VERTEX_POINT('',#8566);
#8566 = CARTESIAN_POINT('',(15.09675221481,18.,8.));
#8567 = HYPERBOLA('',#8568,62.857142857143,2.);
#8568 = AXIS2_PLACEMENT_3D('',#8569,#8570,#8571);
#8569 = CARTESIAN_POINT('',(20.,18.,174.42857142857));
#8570 = DIRECTION('',(0.,-1.,0.));
#8571 = DIRECTION('',(-0.,-0.,-1.));
#8572 = ORIENTED_EDGE('',*,*,#8573,.T.);
#8573 = EDGE_CURVE('',#8565,#8515,#8574,.T.);
#8574 = LINE('',#8575,#8576);
#8575 = CARTESIAN_POINT('',(55.,18.,8.));
#8576 = VECTOR('',#8577,1.);
#8577 = DIRECTION('',(-1.,0.,0.));
#8578 = ORIENTED_EDGE('',*,*,#8523,.T.);
#8579 = PLANE('',#8580);
#8580 = AXIS2_PLACEMENT_3D('',#8581,#8582,#8583);
#8581 = CARTESIAN_POINT('',(55.,18.,0.));
#8582 = DIRECTION('',(0.,-1.,0.));
#8583 = DIRECTION('',(-1.,0.,0.));
#8584 = ADVANCED_FACE('',(#8585),#8648,.T.);
#8585 = FACE_BOUND('',#8586,.T.);
#8586 = EDGE_LOOP('',(#8587,#8597,#8606,#8615,#8622,#8623,#8632,#8641));
#8587 = ORIENTED_EDGE('',*,*,#8588,.T.);
#8588 = EDGE_CURVE('',#8589,#8591,#8593,.T.);
#8589 = VERTEX_POINT('',#8590);
#8590 = CARTESIAN_POINT('',(25.55,20.,0.));
#8591 = VERTEX_POINT('',#8592);
#8592 = CARTESIAN_POINT('',(25.2,20.,11.));
#8593 = LINE('',#8594,#8595);
#8594 = CARTESIAN_POINT('',(25.55,20.,0.));
#8595 = VECTOR('',#8596,1.);
#8596 = DIRECTION('',(-3.180208772631E-02,7.789264988046E-18,
    0.999494185684));
#8597 = ORIENTED_EDGE('',*,*,#8598,.F.);
#8598 = EDGE_CURVE('',#8599,#8591,#8601,.T.);
#8599 = VERTEX_POINT('',#8600);
#8600 = CARTESIAN_POINT('',(17.8225,24.722128095467,11.));
#8601 = CIRCLE('',#8602,5.2);
#8602 = AXIS2_PLACEMENT_3D('',#8603,#8604,#8605);
#8603 = CARTESIAN_POINT('',(20.,20.,11.));
#8604 = DIRECTION('',(0.,0.,1.));
#8605 = DIRECTION('',(1.,0.,0.));
#8606 = ORIENTED_EDGE('',*,*,#8607,.T.);
#8607 = EDGE_CURVE('',#8599,#8608,#8610,.T.);
#8608 = VERTEX_POINT('',#8609);
#8609 = CARTESIAN_POINT('',(17.8225,25.104996939274,0.));
#8610 = HYPERBOLA('',#8611,68.435714285714,2.1775);
#8611 = AXIS2_PLACEMENT_3D('',#8612,#8613,#8614);
#8612 = CARTESIAN_POINT('',(17.8225,20.,174.42857142857));
#8613 = DIRECTION('',(1.,-0.,0.));
#8614 = DIRECTION('',(0.,0.,-1.));
#8615 = ORIENTED_EDGE('',*,*,#8616,.T.);
#8616 = EDGE_CURVE('',#8608,#8557,#8617,.T.);
#8617 = CIRCLE('',#8618,5.55);
#8618 = AXIS2_PLACEMENT_3D('',#8619,#8620,#8621);
#8619 = CARTESIAN_POINT('',(20.,20.,0.));
#8620 = DIRECTION('',(0.,0.,1.));
#8621 = DIRECTION('',(1.,0.,0.));
#8622 = ORIENTED_EDGE('',*,*,#8564,.T.);
#8623 = ORIENTED_EDGE('',*,*,#8624,.T.);
#8624 = EDGE_CURVE('',#8565,#8625,#8627,.T.);
#8625 = VERTEX_POINT('',#8626);
#8626 = CARTESIAN_POINT('',(24.90324778519,18.,8.));
#8627 = CIRCLE('',#8628,5.295454545455);
#8628 = AXIS2_PLACEMENT_3D('',#8629,#8630,#8631);
#8629 = CARTESIAN_POINT('',(20.,20.,8.));
#8630 = DIRECTION('',(0.,0.,1.));
#8631 = DIRECTION('',(1.,0.,0.));
#8632 = ORIENTED_EDGE('',*,*,#8633,.T.);
#8633 = EDGE_CURVE('',#8625,#8634,#8636,.T.);
#8634 = VERTEX_POINT('',#8635);
#8635 = CARTESIAN_POINT('',(25.177113095152,18.,0.));
#8636 = HYPERBOLA('',#8637,62.857142857143,2.);
#8637 = AXIS2_PLACEMENT_3D('',#8638,#8639,#8640);
#8638 = CARTESIAN_POINT('',(20.,18.,174.42857142857));
#8639 = DIRECTION('',(0.,-1.,0.));
#8640 = DIRECTION('',(-0.,-0.,-1.));
#8641 = ORIENTED_EDGE('',*,*,#8642,.T.);
#8642 = EDGE_CURVE('',#8634,#8589,#8643,.T.);
#8643 = CIRCLE('',#8644,5.55);
#8644 = AXIS2_PLACEMENT_3D('',#8645,#8646,#8647);
#8645 = CARTESIAN_POINT('',(20.,20.,0.));
#8646 = DIRECTION('',(0.,0.,1.));
#8647 = DIRECTION('',(1.,0.,0.));
#8648 = CONICAL_SURFACE('',#8649,5.55,3.180745079516E-02);
#8649 = AXIS2_PLACEMENT_3D('',#8650,#8651,#8652);
#8650 = CARTESIAN_POINT('',(20.,20.,0.));
#8651 = DIRECTION('',(-0.,-0.,-1.));
#8652 = DIRECTION('',(1.,0.,0.));
#8653 = ADVANCED_FACE('',(#8654),#8680,.F.);
#8654 = FACE_BOUND('',#8655,.F.);
#8655 = EDGE_LOOP('',(#8656,#8664,#8673,#8679));
#8656 = ORIENTED_EDGE('',*,*,#8657,.F.);
#8657 = EDGE_CURVE('',#8658,#8634,#8660,.T.);
#8658 = VERTEX_POINT('',#8659);
#8659 = CARTESIAN_POINT('',(34.822886904847,18.,0.));
#8660 = LINE('',#8661,#8662);
#8661 = CARTESIAN_POINT('',(55.,18.,0.));
#8662 = VECTOR('',#8663,1.);
#8663 = DIRECTION('',(-1.,0.,0.));
#8664 = ORIENTED_EDGE('',*,*,#8665,.T.);
#8665 = EDGE_CURVE('',#8658,#8666,#8668,.T.);
#8666 = VERTEX_POINT('',#8667);
#8667 = CARTESIAN_POINT('',(35.09675221481,18.,8.));
#8668 = HYPERBOLA('',#8669,62.857142857143,2.);
#8669 = AXIS2_PLACEMENT_3D('',#8670,#8671,#8672);
#8670 = CARTESIAN_POINT('',(40.,18.,174.42857142857));
#8671 = DIRECTION('',(0.,-1.,0.));
#8672 = DIRECTION('',(-0.,-0.,-1.));
#8673 = ORIENTED_EDGE('',*,*,#8674,.T.);
#8674 = EDGE_CURVE('',#8666,#8625,#8675,.T.);
#8675 = LINE('',#8676,#8677);
#8676 = CARTESIAN_POINT('',(55.,18.,8.));
#8677 = VECTOR('',#8678,1.);
#8678 = DIRECTION('',(-1.,0.,0.));
#8679 = ORIENTED_EDGE('',*,*,#8633,.T.);
#8680 = PLANE('',#8681);
#8681 = AXIS2_PLACEMENT_3D('',#8682,#8683,#8684);
#8682 = CARTESIAN_POINT('',(55.,18.,0.));
#8683 = DIRECTION('',(0.,-1.,0.));
#8684 = DIRECTION('',(-1.,0.,0.));
#8685 = ADVANCED_FACE('',(#8686),#8731,.T.);
#8686 = FACE_BOUND('',#8687,.T.);
#8687 = EDGE_LOOP('',(#8688,#8697,#8705,#8714,#8723,#8730));
#8688 = ORIENTED_EDGE('',*,*,#8689,.T.);
#8689 = EDGE_CURVE('',#8666,#8690,#8692,.T.);
#8690 = VERTEX_POINT('',#8691);
#8691 = CARTESIAN_POINT('',(45.295454545455,16.,8.));
#8692 = CIRCLE('',#8693,5.295454545455);
#8693 = AXIS2_PLACEMENT_3D('',#8694,#8695,#8696);
#8694 = CARTESIAN_POINT('',(40.,16.,8.));
#8695 = DIRECTION('',(0.,0.,1.));
#8696 = DIRECTION('',(1.,0.,0.));
#8697 = ORIENTED_EDGE('',*,*,#8698,.T.);
#8698 = EDGE_CURVE('',#8690,#8699,#8701,.T.);
#8699 = VERTEX_POINT('',#8700);
#8700 = CARTESIAN_POINT('',(45.2,16.,11.));
#8701 = LINE('',#8702,#8703);
#8702 = CARTESIAN_POINT('',(45.55,16.,0.));
#8703 = VECTOR('',#8704,1.);
#8704 = DIRECTION('',(-3.180208772631E-02,7.789264988046E-18,
    0.999494185684));
#8705 = ORIENTED_EDGE('',*,*,#8706,.F.);
#8706 = EDGE_CURVE('',#8707,#8699,#8709,.T.);
#8707 = VERTEX_POINT('',#8708);
#8708 = CARTESIAN_POINT('',(37.8225,20.722128095467,11.));
#8709 = CIRCLE('',#8710,5.2);
#8710 = AXIS2_PLACEMENT_3D('',#8711,#8712,#8713);
#8711 = CARTESIAN_POINT('',(40.,16.,11.));
#8712 = DIRECTION('',(0.,0.,1.));
#8713 = DIRECTION('',(1.,0.,0.));
#8714 = ORIENTED_EDGE('',*,*,#8715,.T.);
#8715 = EDGE_CURVE('',#8707,#8716,#8718,.T.);
#8716 = VERTEX_POINT('',#8717);
#8717 = CARTESIAN_POINT('',(37.8225,21.104996939274,0.));
#8718 = HYPERBOLA('',#8719,68.435714285714,2.1775);
#8719 = AXIS2_PLACEMENT_3D('',#8720,#8721,#8722);
#8720 = CARTESIAN_POINT('',(37.8225,16.,174.42857142857));
#8721 = DIRECTION('',(1.,-0.,0.));
#8722 = DIRECTION('',(0.,0.,-1.));
#8723 = ORIENTED_EDGE('',*,*,#8724,.T.);
#8724 = EDGE_CURVE('',#8716,#8658,#8725,.T.);
#8725 = CIRCLE('',#8726,5.55);
#8726 = AXIS2_PLACEMENT_3D('',#8727,#8728,#8729);
#8727 = CARTESIAN_POINT('',(40.,16.,0.));
#8728 = DIRECTION('',(0.,0.,1.));
#8729 = DIRECTION('',(1.,0.,0.));
#8730 = ORIENTED_EDGE('',*,*,#8665,.T.);
#8731 = CONICAL_SURFACE('',#8732,5.55,3.180745079516E-02);
#8732 = AXIS2_PLACEMENT_3D('',#8733,#8734,#8735);
#8733 = CARTESIAN_POINT('',(40.,16.,0.));
#8734 = DIRECTION('',(-0.,-0.,-1.));
#8735 = DIRECTION('',(1.,0.,0.));
#8736 = ADVANCED_FACE('',(#8737),#8783,.T.);
#8737 = FACE_BOUND('',#8738,.T.);
#8738 = EDGE_LOOP('',(#8739,#8748,#8749,#8758,#8767,#8776));
#8739 = ORIENTED_EDGE('',*,*,#8740,.F.);
#8740 = EDGE_CURVE('',#8699,#8741,#8743,.T.);
#8741 = VERTEX_POINT('',#8742);
#8742 = CARTESIAN_POINT('',(42.1775,20.722128095467,11.));
#8743 = CIRCLE('',#8744,5.2);
#8744 = AXIS2_PLACEMENT_3D('',#8745,#8746,#8747);
#8745 = CARTESIAN_POINT('',(40.,16.,11.));
#8746 = DIRECTION('',(0.,0.,1.));
#8747 = DIRECTION('',(1.,0.,0.));
#8748 = ORIENTED_EDGE('',*,*,#8698,.F.);
#8749 = ORIENTED_EDGE('',*,*,#8750,.T.);
#8750 = EDGE_CURVE('',#8690,#8751,#8753,.T.);
#8751 = VERTEX_POINT('',#8752);
#8752 = CARTESIAN_POINT('',(44.90324778519,18.,8.));
#8753 = CIRCLE('',#8754,5.295454545455);
#8754 = AXIS2_PLACEMENT_3D('',#8755,#8756,#8757);
#8755 = CARTESIAN_POINT('',(40.,16.,8.));
#8756 = DIRECTION('',(0.,0.,1.));
#8757 = DIRECTION('',(1.,0.,0.));
#8758 = ORIENTED_EDGE('',*,*,#8759,.T.);
#8759 = EDGE_CURVE('',#8751,#8760,#8762,.T.);
#8760 = VERTEX_POINT('',#8761);
#8761 = CARTESIAN_POINT('',(45.177113095153,18.,0.));
#8762 = HYPERBOLA('',#8763,62.857142857143,2.);
#8763 = AXIS2_PLACEMENT_3D('',#8764,#8765,#8766);
#8764 = CARTESIAN_POINT('',(40.,18.,174.42857142857));
#8765 = DIRECTION('',(0.,-1.,0.));
#8766 = DIRECTION('',(-0.,-0.,-1.));
#8767 = ORIENTED_EDGE('',*,*,#8768,.T.);
#8768 = EDGE_CURVE('',#8760,#8769,#8771,.T.);
#8769 = VERTEX_POINT('',#8770);
#8770 = CARTESIAN_POINT('',(42.1775,21.104996939274,0.));
#8771 = CIRCLE('',#8772,5.55);
#8772 = AXIS2_PLACEMENT_3D('',#8773,#8774,#8775);
#8773 = CARTESIAN_POINT('',(40.,16.,0.));
#8774 = DIRECTION('',(0.,0.,1.));
#8775 = DIRECTION('',(1.,0.,0.));
#8776 = ORIENTED_EDGE('',*,*,#8777,.F.);
#8777 = EDGE_CURVE('',#8741,#8769,#8778,.T.);
#8778 = HYPERBOLA('',#8779,68.435714285714,2.1775);
#8779 = AXIS2_PLACEMENT_3D('',#8780,#8781,#8782);
#8780 = CARTESIAN_POINT('',(42.1775,16.,174.42857142857));
#8781 = DIRECTION('',(1.,-0.,0.));
#8782 = DIRECTION('',(0.,0.,-1.));
#8783 = CONICAL_SURFACE('',#8784,5.55,3.180745079516E-02);
#8784 = AXIS2_PLACEMENT_3D('',#8785,#8786,#8787);
#8785 = CARTESIAN_POINT('',(40.,16.,0.));
#8786 = DIRECTION('',(-0.,-0.,-1.));
#8787 = DIRECTION('',(1.,0.,0.));
#8788 = ADVANCED_FACE('',(#8789),#8814,.F.);
#8789 = FACE_BOUND('',#8790,.F.);
#8790 = EDGE_LOOP('',(#8791,#8799,#8807,#8813));
#8791 = ORIENTED_EDGE('',*,*,#8792,.F.);
#8792 = EDGE_CURVE('',#8793,#8760,#8795,.T.);
#8793 = VERTEX_POINT('',#8794);
#8794 = CARTESIAN_POINT('',(55.,18.,0.));
#8795 = LINE('',#8796,#8797);
#8796 = CARTESIAN_POINT('',(55.,18.,0.));
#8797 = VECTOR('',#8798,1.);
#8798 = DIRECTION('',(-1.,0.,0.));
#8799 = ORIENTED_EDGE('',*,*,#8800,.T.);
#8800 = EDGE_CURVE('',#8793,#8801,#8803,.T.);
#8801 = VERTEX_POINT('',#8802);
#8802 = CARTESIAN_POINT('',(55.,18.,8.));
#8803 = LINE('',#8804,#8805);
#8804 = CARTESIAN_POINT('',(55.,18.,0.));
#8805 = VECTOR('',#8806,1.);
#8806 = DIRECTION('',(0.,0.,1.));
#8807 = ORIENTED_EDGE('',*,*,#8808,.T.);
#8808 = EDGE_CURVE('',#8801,#8751,#8809,.T.);
#8809 = LINE('',#8810,#8811);
#8810 = CARTESIAN_POINT('',(55.,18.,8.));
#8811 = VECTOR('',#8812,1.);
#8812 = DIRECTION('',(-1.,0.,0.));
#8813 = ORIENTED_EDGE('',*,*,#8759,.T.);
#8814 = PLANE('',#8815);
#8815 = AXIS2_PLACEMENT_3D('',#8816,#8817,#8818);
#8816 = CARTESIAN_POINT('',(55.,18.,0.));
#8817 = DIRECTION('',(0.,-1.,0.));
#8818 = DIRECTION('',(-1.,0.,0.));
#8819 = ADVANCED_FACE('',(#8820),#8836,.F.);
#8820 = FACE_BOUND('',#8821,.F.);
#8821 = EDGE_LOOP('',(#8822,#8823,#8829,#8830));
#8822 = ORIENTED_EDGE('',*,*,#8185,.T.);
#8823 = ORIENTED_EDGE('',*,*,#8824,.T.);
#8824 = EDGE_CURVE('',#8178,#8801,#8825,.T.);
#8825 = LINE('',#8826,#8827);
#8826 = CARTESIAN_POINT('',(58.,15.,8.));
#8827 = VECTOR('',#8828,1.);
#8828 = DIRECTION('',(-0.707106781187,0.707106781187,0.));
#8829 = ORIENTED_EDGE('',*,*,#8800,.F.);
#8830 = ORIENTED_EDGE('',*,*,#8831,.F.);
#8831 = EDGE_CURVE('',#8186,#8793,#8832,.T.);
#8832 = LINE('',#8833,#8834);
#8833 = CARTESIAN_POINT('',(58.,15.,0.));
#8834 = VECTOR('',#8835,1.);
#8835 = DIRECTION('',(-0.707106781187,0.707106781187,0.));
#8836 = PLANE('',#8837);
#8837 = AXIS2_PLACEMENT_3D('',#8838,#8839,#8840);
#8838 = CARTESIAN_POINT('',(58.,15.,0.));
#8839 = DIRECTION('',(-0.707106781187,-0.707106781187,0.));
#8840 = DIRECTION('',(-0.707106781187,0.707106781187,0.));
#8841 = ADVANCED_FACE('',(#8842),#8867,.F.);
#8842 = FACE_BOUND('',#8843,.F.);
#8843 = EDGE_LOOP('',(#8844,#8854,#8860,#8861));
#8844 = ORIENTED_EDGE('',*,*,#8845,.T.);
#8845 = EDGE_CURVE('',#8846,#8848,#8850,.T.);
#8846 = VERTEX_POINT('',#8847);
#8847 = CARTESIAN_POINT('',(-58.,13.,0.));
#8848 = VERTEX_POINT('',#8849);
#8849 = CARTESIAN_POINT('',(-58.,13.,8.));
#8850 = LINE('',#8851,#8852);
#8851 = CARTESIAN_POINT('',(-58.,13.,0.));
#8852 = VECTOR('',#8853,1.);
#8853 = DIRECTION('',(0.,0.,1.));
#8854 = ORIENTED_EDGE('',*,*,#8855,.T.);
#8855 = EDGE_CURVE('',#8848,#8123,#8856,.T.);
#8856 = LINE('',#8857,#8858);
#8857 = CARTESIAN_POINT('',(-58.,13.,8.));
#8858 = VECTOR('',#8859,1.);
#8859 = DIRECTION('',(0.707106781187,-0.707106781187,0.));
#8860 = ORIENTED_EDGE('',*,*,#8122,.F.);
#8861 = ORIENTED_EDGE('',*,*,#8862,.F.);
#8862 = EDGE_CURVE('',#8846,#8115,#8863,.T.);
#8863 = LINE('',#8864,#8865);
#8864 = CARTESIAN_POINT('',(-58.,13.,0.));
#8865 = VECTOR('',#8866,1.);
#8866 = DIRECTION('',(0.707106781187,-0.707106781187,0.));
#8867 = PLANE('',#8868);
#8868 = AXIS2_PLACEMENT_3D('',#8869,#8870,#8871);
#8869 = CARTESIAN_POINT('',(-58.,13.,0.));
#8870 = DIRECTION('',(0.707106781187,0.707106781187,0.));
#8871 = DIRECTION('',(0.707106781187,-0.707106781187,0.));
#8872 = ADVANCED_FACE('',(#8873),#8898,.F.);
#8873 = FACE_BOUND('',#8874,.F.);
#8874 = EDGE_LOOP('',(#8875,#8885,#8891,#8892));
#8875 = ORIENTED_EDGE('',*,*,#8876,.T.);
#8876 = EDGE_CURVE('',#8877,#8879,#8881,.T.);
#8877 = VERTEX_POINT('',#8878);
#8878 = CARTESIAN_POINT('',(-58.,15.,0.));
#8879 = VERTEX_POINT('',#8880);
#8880 = CARTESIAN_POINT('',(-58.,15.,8.));
#8881 = LINE('',#8882,#8883);
#8882 = CARTESIAN_POINT('',(-58.,15.,0.));
#8883 = VECTOR('',#8884,1.);
#8884 = DIRECTION('',(0.,0.,1.));
#8885 = ORIENTED_EDGE('',*,*,#8886,.T.);
#8886 = EDGE_CURVE('',#8879,#8848,#8887,.T.);
#8887 = LINE('',#8888,#8889);
#8888 = CARTESIAN_POINT('',(-58.,15.,8.));
#8889 = VECTOR('',#8890,1.);
#8890 = DIRECTION('',(0.,-1.,0.));
#8891 = ORIENTED_EDGE('',*,*,#8845,.F.);
#8892 = ORIENTED_EDGE('',*,*,#8893,.F.);
#8893 = EDGE_CURVE('',#8877,#8846,#8894,.T.);
#8894 = LINE('',#8895,#8896);
#8895 = CARTESIAN_POINT('',(-58.,15.,0.));
#8896 = VECTOR('',#8897,1.);
#8897 = DIRECTION('',(0.,-1.,0.));
#8898 = PLANE('',#8899);
#8899 = AXIS2_PLACEMENT_3D('',#8900,#8901,#8902);
#8900 = CARTESIAN_POINT('',(-58.,15.,0.));
#8901 = DIRECTION('',(1.,0.,0.));
#8902 = DIRECTION('',(0.,-1.,0.));
#8903 = ADVANCED_FACE('',(#8904),#8929,.F.);
#8904 = FACE_BOUND('',#8905,.F.);
#8905 = EDGE_LOOP('',(#8906,#8916,#8922,#8923));
#8906 = ORIENTED_EDGE('',*,*,#8907,.T.);
#8907 = EDGE_CURVE('',#8908,#8910,#8912,.T.);
#8908 = VERTEX_POINT('',#8909);
#8909 = CARTESIAN_POINT('',(-55.,18.,0.));
#8910 = VERTEX_POINT('',#8911);
#8911 = CARTESIAN_POINT('',(-55.,18.,8.));
#8912 = LINE('',#8913,#8914);
#8913 = CARTESIAN_POINT('',(-55.,18.,0.));
#8914 = VECTOR('',#8915,1.);
#8915 = DIRECTION('',(0.,0.,1.));
#8916 = ORIENTED_EDGE('',*,*,#8917,.T.);
#8917 = EDGE_CURVE('',#8910,#8879,#8918,.T.);
#8918 = LINE('',#8919,#8920);
#8919 = CARTESIAN_POINT('',(-55.,18.,8.));
#8920 = VECTOR('',#8921,1.);
#8921 = DIRECTION('',(-0.707106781187,-0.707106781187,0.));
#8922 = ORIENTED_EDGE('',*,*,#8876,.F.);
#8923 = ORIENTED_EDGE('',*,*,#8924,.F.);
#8924 = EDGE_CURVE('',#8908,#8877,#8925,.T.);
#8925 = LINE('',#8926,#8927);
#8926 = CARTESIAN_POINT('',(-55.,18.,0.));
#8927 = VECTOR('',#8928,1.);
#8928 = DIRECTION('',(-0.707106781187,-0.707106781187,0.));
#8929 = PLANE('',#8930);
#8930 = AXIS2_PLACEMENT_3D('',#8931,#8932,#8933);
#8931 = CARTESIAN_POINT('',(-55.,18.,0.));
#8932 = DIRECTION('',(0.707106781187,-0.707106781187,0.));
#8933 = DIRECTION('',(-0.707106781187,-0.707106781187,0.));
#8934 = ADVANCED_FACE('',(#8935),#8951,.F.);
#8935 = FACE_BOUND('',#8936,.F.);
#8936 = EDGE_LOOP('',(#8937,#8943,#8944,#8950));
#8937 = ORIENTED_EDGE('',*,*,#8938,.F.);
#8938 = EDGE_CURVE('',#8245,#8908,#8939,.T.);
#8939 = LINE('',#8940,#8941);
#8940 = CARTESIAN_POINT('',(55.,18.,0.));
#8941 = VECTOR('',#8942,1.);
#8942 = DIRECTION('',(-1.,0.,0.));
#8943 = ORIENTED_EDGE('',*,*,#8253,.T.);
#8944 = ORIENTED_EDGE('',*,*,#8945,.T.);
#8945 = EDGE_CURVE('',#8208,#8910,#8946,.T.);
#8946 = LINE('',#8947,#8948);
#8947 = CARTESIAN_POINT('',(55.,18.,8.));
#8948 = VECTOR('',#8949,1.);
#8949 = DIRECTION('',(-1.,0.,0.));
#8950 = ORIENTED_EDGE('',*,*,#8907,.F.);
#8951 = PLANE('',#8952);
#8952 = AXIS2_PLACEMENT_3D('',#8953,#8954,#8955);
#8953 = CARTESIAN_POINT('',(55.,18.,0.));
#8954 = DIRECTION('',(0.,-1.,0.));
#8955 = DIRECTION('',(-1.,0.,0.));
#8956 = ADVANCED_FACE('',(#8957),#8982,.T.);
#8957 = FACE_BOUND('',#8958,.T.);
#8958 = EDGE_LOOP('',(#8959,#8969,#8975,#8976));
#8959 = ORIENTED_EDGE('',*,*,#8960,.F.);
#8960 = EDGE_CURVE('',#8961,#8963,#8965,.T.);
#8961 = VERTEX_POINT('',#8962);
#8962 = CARTESIAN_POINT('',(-42.1775,18.27617963922,0.));
#8963 = VERTEX_POINT('',#8964);
#8964 = CARTESIAN_POINT('',(-42.1775,18.27617963922,11.));
#8965 = LINE('',#8966,#8967);
#8966 = CARTESIAN_POINT('',(-42.1775,18.27617963922,-1.));
#8967 = VECTOR('',#8968,1.);
#8968 = DIRECTION('',(0.,0.,1.));
#8969 = ORIENTED_EDGE('',*,*,#8970,.T.);
#8970 = EDGE_CURVE('',#8961,#8236,#8971,.T.);
#8971 = LINE('',#8972,#8973);
#8972 = CARTESIAN_POINT('',(-42.1775,16.,0.));
#8973 = VECTOR('',#8974,1.);
#8974 = DIRECTION('',(0.,1.,0.));
#8975 = ORIENTED_EDGE('',*,*,#8235,.F.);
#8976 = ORIENTED_EDGE('',*,*,#8977,.F.);
#8977 = EDGE_CURVE('',#8963,#8227,#8978,.T.);
#8978 = LINE('',#8979,#8980);
#8979 = CARTESIAN_POINT('',(-42.1775,16.,11.));
#8980 = VECTOR('',#8981,1.);
#8981 = DIRECTION('',(0.,1.,0.));
#8982 = PLANE('',#8983);
#8983 = AXIS2_PLACEMENT_3D('',#8984,#8985,#8986);
#8984 = CARTESIAN_POINT('',(-42.1775,16.,-1.));
#8985 = DIRECTION('',(1.,0.,0.));
#8986 = DIRECTION('',(0.,0.,1.));
#8987 = ADVANCED_FACE('',(#8988),#9017,.T.);
#8988 = FACE_BOUND('',#8989,.T.);
#8989 = EDGE_LOOP('',(#8990,#8991,#8992,#9000,#9009,#9016));
#8990 = ORIENTED_EDGE('',*,*,#8226,.T.);
#8991 = ORIENTED_EDGE('',*,*,#8268,.T.);
#8992 = ORIENTED_EDGE('',*,*,#8993,.F.);
#8993 = EDGE_CURVE('',#8994,#8269,#8996,.T.);
#8994 = VERTEX_POINT('',#8995);
#8995 = CARTESIAN_POINT('',(-37.8225,18.27617963922,11.));
#8996 = LINE('',#8997,#8998);
#8997 = CARTESIAN_POINT('',(-37.8225,16.,11.));
#8998 = VECTOR('',#8999,1.);
#8999 = DIRECTION('',(0.,1.,0.));
#9000 = ORIENTED_EDGE('',*,*,#9001,.F.);
#9001 = EDGE_CURVE('',#9002,#8994,#9004,.T.);
#9002 = VERTEX_POINT('',#9003);
#9003 = CARTESIAN_POINT('',(-36.85,16.,11.));
#9004 = CIRCLE('',#9005,3.15);
#9005 = AXIS2_PLACEMENT_3D('',#9006,#9007,#9008);
#9006 = CARTESIAN_POINT('',(-40.,16.,11.));
#9007 = DIRECTION('',(0.,0.,1.));
#9008 = DIRECTION('',(1.,0.,0.));
#9009 = ORIENTED_EDGE('',*,*,#9010,.F.);
#9010 = EDGE_CURVE('',#8963,#9002,#9011,.T.);
#9011 = CIRCLE('',#9012,3.15);
#9012 = AXIS2_PLACEMENT_3D('',#9013,#9014,#9015);
#9013 = CARTESIAN_POINT('',(-40.,16.,11.));
#9014 = DIRECTION('',(0.,0.,1.));
#9015 = DIRECTION('',(1.,0.,0.));
#9016 = ORIENTED_EDGE('',*,*,#8977,.T.);
#9017 = PLANE('',#9018);
#9018 = AXIS2_PLACEMENT_3D('',#9019,#9020,#9021);
#9019 = CARTESIAN_POINT('',(-40.,16.,11.));
#9020 = DIRECTION('',(0.,0.,1.));
#9021 = DIRECTION('',(1.,0.,0.));
#9022 = ADVANCED_FACE('',(#9023),#9041,.F.);
#9023 = FACE_BOUND('',#9024,.F.);
#9024 = EDGE_LOOP('',(#9025,#9033,#9039,#9040));
#9025 = ORIENTED_EDGE('',*,*,#9026,.F.);
#9026 = EDGE_CURVE('',#9027,#8994,#9029,.T.);
#9027 = VERTEX_POINT('',#9028);
#9028 = CARTESIAN_POINT('',(-37.8225,18.27617963922,0.));
#9029 = LINE('',#9030,#9031);
#9030 = CARTESIAN_POINT('',(-37.8225,18.27617963922,-1.));
#9031 = VECTOR('',#9032,1.);
#9032 = DIRECTION('',(0.,0.,1.));
#9033 = ORIENTED_EDGE('',*,*,#9034,.T.);
#9034 = EDGE_CURVE('',#9027,#8297,#9035,.T.);
#9035 = LINE('',#9036,#9037);
#9036 = CARTESIAN_POINT('',(-37.8225,16.,0.));
#9037 = VECTOR('',#9038,1.);
#9038 = DIRECTION('',(0.,1.,0.));
#9039 = ORIENTED_EDGE('',*,*,#8305,.F.);
#9040 = ORIENTED_EDGE('',*,*,#8993,.F.);
#9041 = PLANE('',#9042);
#9042 = AXIS2_PLACEMENT_3D('',#9043,#9044,#9045);
#9043 = CARTESIAN_POINT('',(-37.8225,16.,-1.));
#9044 = DIRECTION('',(1.,0.,0.));
#9045 = DIRECTION('',(0.,0.,1.));
#9046 = ADVANCED_FACE('',(#9047),#9075,.T.);
#9047 = FACE_BOUND('',#9048,.T.);
#9048 = EDGE_LOOP('',(#9049,#9058,#9059,#9068));
#9049 = ORIENTED_EDGE('',*,*,#9050,.F.);
#9050 = EDGE_CURVE('',#8355,#9051,#9053,.T.);
#9051 = VERTEX_POINT('',#9052);
#9052 = CARTESIAN_POINT('',(-17.8225,24.722128095467,11.));
#9053 = CIRCLE('',#9054,5.2);
#9054 = AXIS2_PLACEMENT_3D('',#9055,#9056,#9057);
#9055 = CARTESIAN_POINT('',(-20.,20.,11.));
#9056 = DIRECTION('',(0.,0.,1.));
#9057 = DIRECTION('',(1.,0.,0.));
#9058 = ORIENTED_EDGE('',*,*,#8352,.F.);
#9059 = ORIENTED_EDGE('',*,*,#9060,.T.);
#9060 = EDGE_CURVE('',#8353,#9061,#9063,.T.);
#9061 = VERTEX_POINT('',#9062);
#9062 = CARTESIAN_POINT('',(-17.8225,25.104996939274,0.));
#9063 = CIRCLE('',#9064,5.55);
#9064 = AXIS2_PLACEMENT_3D('',#9065,#9066,#9067);
#9065 = CARTESIAN_POINT('',(-20.,20.,0.));
#9066 = DIRECTION('',(0.,0.,1.));
#9067 = DIRECTION('',(1.,0.,0.));
#9068 = ORIENTED_EDGE('',*,*,#9069,.F.);
#9069 = EDGE_CURVE('',#9051,#9061,#9070,.T.);
#9070 = HYPERBOLA('',#9071,68.435714285714,2.1775);
#9071 = AXIS2_PLACEMENT_3D('',#9072,#9073,#9074);
#9072 = CARTESIAN_POINT('',(-17.8225,20.,174.42857142857));
#9073 = DIRECTION('',(1.,-0.,0.));
#9074 = DIRECTION('',(0.,0.,-1.));
#9075 = CONICAL_SURFACE('',#9076,5.55,3.180745079516E-02);
#9076 = AXIS2_PLACEMENT_3D('',#9077,#9078,#9079);
#9077 = CARTESIAN_POINT('',(-20.,20.,0.));
#9078 = DIRECTION('',(-0.,-0.,-1.));
#9079 = DIRECTION('',(1.,0.,0.));
#9080 = ADVANCED_FACE('',(#9081),#9106,.T.);
#9081 = FACE_BOUND('',#9082,.T.);
#9082 = EDGE_LOOP('',(#9083,#9093,#9099,#9100));
#9083 = ORIENTED_EDGE('',*,*,#9084,.F.);
#9084 = EDGE_CURVE('',#9085,#9087,#9089,.T.);
#9085 = VERTEX_POINT('',#9086);
#9086 = CARTESIAN_POINT('',(-22.1775,22.27617963922,0.));
#9087 = VERTEX_POINT('',#9088);
#9088 = CARTESIAN_POINT('',(-22.1775,22.27617963922,11.));
#9089 = LINE('',#9090,#9091);
#9090 = CARTESIAN_POINT('',(-22.1775,22.27617963922,-1.));
#9091 = VECTOR('',#9092,1.);
#9092 = DIRECTION('',(0.,0.,1.));
#9093 = ORIENTED_EDGE('',*,*,#9094,.T.);
#9094 = EDGE_CURVE('',#9085,#8372,#9095,.T.);
#9095 = LINE('',#9096,#9097);
#9096 = CARTESIAN_POINT('',(-22.1775,20.,0.));
#9097 = VECTOR('',#9098,1.);
#9098 = DIRECTION('',(0.,1.,0.));
#9099 = ORIENTED_EDGE('',*,*,#8371,.F.);
#9100 = ORIENTED_EDGE('',*,*,#9101,.F.);
#9101 = EDGE_CURVE('',#9087,#8363,#9102,.T.);
#9102 = LINE('',#9103,#9104);
#9103 = CARTESIAN_POINT('',(-22.1775,20.,11.));
#9104 = VECTOR('',#9105,1.);
#9105 = DIRECTION('',(0.,1.,0.));
#9106 = PLANE('',#9107);
#9107 = AXIS2_PLACEMENT_3D('',#9108,#9109,#9110);
#9108 = CARTESIAN_POINT('',(-22.1775,20.,-1.));
#9109 = DIRECTION('',(1.,0.,0.));
#9110 = DIRECTION('',(0.,0.,1.));
#9111 = ADVANCED_FACE('',(#9112),#9141,.T.);
#9112 = FACE_BOUND('',#9113,.T.);
#9113 = EDGE_LOOP('',(#9114,#9115,#9116,#9124,#9133,#9140));
#9114 = ORIENTED_EDGE('',*,*,#8362,.T.);
#9115 = ORIENTED_EDGE('',*,*,#9050,.T.);
#9116 = ORIENTED_EDGE('',*,*,#9117,.F.);
#9117 = EDGE_CURVE('',#9118,#9051,#9120,.T.);
#9118 = VERTEX_POINT('',#9119);
#9119 = CARTESIAN_POINT('',(-17.8225,22.27617963922,11.));
#9120 = LINE('',#9121,#9122);
#9121 = CARTESIAN_POINT('',(-17.8225,20.,11.));
#9122 = VECTOR('',#9123,1.);
#9123 = DIRECTION('',(0.,1.,0.));
#9124 = ORIENTED_EDGE('',*,*,#9125,.F.);
#9125 = EDGE_CURVE('',#9126,#9118,#9128,.T.);
#9126 = VERTEX_POINT('',#9127);
#9127 = CARTESIAN_POINT('',(-16.85,20.,11.));
#9128 = CIRCLE('',#9129,3.15);
#9129 = AXIS2_PLACEMENT_3D('',#9130,#9131,#9132);
#9130 = CARTESIAN_POINT('',(-20.,20.,11.));
#9131 = DIRECTION('',(0.,0.,1.));
#9132 = DIRECTION('',(1.,0.,0.));
#9133 = ORIENTED_EDGE('',*,*,#9134,.F.);
#9134 = EDGE_CURVE('',#9087,#9126,#9135,.T.);
#9135 = CIRCLE('',#9136,3.15);
#9136 = AXIS2_PLACEMENT_3D('',#9137,#9138,#9139);
#9137 = CARTESIAN_POINT('',(-20.,20.,11.));
#9138 = DIRECTION('',(0.,0.,1.));
#9139 = DIRECTION('',(1.,0.,0.));
#9140 = ORIENTED_EDGE('',*,*,#9101,.T.);
#9141 = PLANE('',#9142);
#9142 = AXIS2_PLACEMENT_3D('',#9143,#9144,#9145);
#9143 = CARTESIAN_POINT('',(-20.,20.,11.));
#9144 = DIRECTION('',(0.,0.,1.));
#9145 = DIRECTION('',(1.,0.,0.));
#9146 = ADVANCED_FACE('',(#9147),#9172,.T.);
#9147 = FACE_BOUND('',#9148,.T.);
#9148 = EDGE_LOOP('',(#9149,#9159,#9165,#9166));
#9149 = ORIENTED_EDGE('',*,*,#9150,.F.);
#9150 = EDGE_CURVE('',#9151,#9153,#9155,.T.);
#9151 = VERTEX_POINT('',#9152);
#9152 = CARTESIAN_POINT('',(-2.1775,18.27617963922,0.));
#9153 = VERTEX_POINT('',#9154);
#9154 = CARTESIAN_POINT('',(-2.1775,18.27617963922,11.));
#9155 = LINE('',#9156,#9157);
#9156 = CARTESIAN_POINT('',(-2.1775,18.27617963922,-1.));
#9157 = VECTOR('',#9158,1.);
#9158 = DIRECTION('',(0.,0.,1.));
#9159 = ORIENTED_EDGE('',*,*,#9160,.T.);
#9160 = EDGE_CURVE('',#9151,#8480,#9161,.T.);
#9161 = LINE('',#9162,#9163);
#9162 = CARTESIAN_POINT('',(-2.1775,16.,0.));
#9163 = VECTOR('',#9164,1.);
#9164 = DIRECTION('',(0.,1.,0.));
#9165 = ORIENTED_EDGE('',*,*,#8479,.F.);
#9166 = ORIENTED_EDGE('',*,*,#9167,.F.);
#9167 = EDGE_CURVE('',#9153,#8471,#9168,.T.);
#9168 = LINE('',#9169,#9170);
#9169 = CARTESIAN_POINT('',(-2.1775,16.,11.));
#9170 = VECTOR('',#9171,1.);
#9171 = DIRECTION('',(0.,1.,0.));
#9172 = PLANE('',#9173);
#9173 = AXIS2_PLACEMENT_3D('',#9174,#9175,#9176);
#9174 = CARTESIAN_POINT('',(-2.1775,16.,-1.));
#9175 = DIRECTION('',(1.,0.,0.));
#9176 = DIRECTION('',(0.,0.,1.));
#9177 = ADVANCED_FACE('',(#9178),#9207,.T.);
#9178 = FACE_BOUND('',#9179,.T.);
#9179 = EDGE_LOOP('',(#9180,#9181,#9182,#9190,#9199,#9206));
#9180 = ORIENTED_EDGE('',*,*,#8470,.T.);
#9181 = ORIENTED_EDGE('',*,*,#8504,.T.);
#9182 = ORIENTED_EDGE('',*,*,#9183,.F.);
#9183 = EDGE_CURVE('',#9184,#8505,#9186,.T.);
#9184 = VERTEX_POINT('',#9185);
#9185 = CARTESIAN_POINT('',(2.1775,18.27617963922,11.));
#9186 = LINE('',#9187,#9188);
#9187 = CARTESIAN_POINT('',(2.1775,16.,11.));
#9188 = VECTOR('',#9189,1.);
#9189 = DIRECTION('',(0.,1.,0.));
#9190 = ORIENTED_EDGE('',*,*,#9191,.F.);
#9191 = EDGE_CURVE('',#9192,#9184,#9194,.T.);
#9192 = VERTEX_POINT('',#9193);
#9193 = CARTESIAN_POINT('',(3.15,16.,11.));
#9194 = CIRCLE('',#9195,3.15);
#9195 = AXIS2_PLACEMENT_3D('',#9196,#9197,#9198);
#9196 = CARTESIAN_POINT('',(0.,16.,11.));
#9197 = DIRECTION('',(0.,0.,1.));
#9198 = DIRECTION('',(1.,0.,0.));
#9199 = ORIENTED_EDGE('',*,*,#9200,.F.);
#9200 = EDGE_CURVE('',#9153,#9192,#9201,.T.);
#9201 = CIRCLE('',#9202,3.15);
#9202 = AXIS2_PLACEMENT_3D('',#9203,#9204,#9205);
#9203 = CARTESIAN_POINT('',(0.,16.,11.));
#9204 = DIRECTION('',(0.,0.,1.));
#9205 = DIRECTION('',(1.,0.,0.));
#9206 = ORIENTED_EDGE('',*,*,#9167,.T.);
#9207 = PLANE('',#9208);
#9208 = AXIS2_PLACEMENT_3D('',#9209,#9210,#9211);
#9209 = CARTESIAN_POINT('',(0.,16.,11.));
#9210 = DIRECTION('',(0.,0.,1.));
#9211 = DIRECTION('',(1.,0.,0.));
#9212 = ADVANCED_FACE('',(#9213),#9231,.F.);
#9213 = FACE_BOUND('',#9214,.F.);
#9214 = EDGE_LOOP('',(#9215,#9223,#9229,#9230));
#9215 = ORIENTED_EDGE('',*,*,#9216,.F.);
#9216 = EDGE_CURVE('',#9217,#9184,#9219,.T.);
#9217 = VERTEX_POINT('',#9218);
#9218 = CARTESIAN_POINT('',(2.1775,18.27617963922,0.));
#9219 = LINE('',#9220,#9221);
#9220 = CARTESIAN_POINT('',(2.1775,18.27617963922,-1.));
#9221 = VECTOR('',#9222,1.);
#9222 = DIRECTION('',(0.,0.,1.));
#9223 = ORIENTED_EDGE('',*,*,#9224,.T.);
#9224 = EDGE_CURVE('',#9217,#8533,#9225,.T.);
#9225 = LINE('',#9226,#9227);
#9226 = CARTESIAN_POINT('',(2.1775,16.,0.));
#9227 = VECTOR('',#9228,1.);
#9228 = DIRECTION('',(0.,1.,0.));
#9229 = ORIENTED_EDGE('',*,*,#8541,.F.);
#9230 = ORIENTED_EDGE('',*,*,#9183,.F.);
#9231 = PLANE('',#9232);
#9232 = AXIS2_PLACEMENT_3D('',#9233,#9234,#9235);
#9233 = CARTESIAN_POINT('',(2.1775,16.,-1.));
#9234 = DIRECTION('',(1.,0.,0.));
#9235 = DIRECTION('',(0.,0.,1.));
#9236 = ADVANCED_FACE('',(#9237),#9265,.T.);
#9237 = FACE_BOUND('',#9238,.T.);
#9238 = EDGE_LOOP('',(#9239,#9248,#9249,#9258));
#9239 = ORIENTED_EDGE('',*,*,#9240,.F.);
#9240 = EDGE_CURVE('',#8591,#9241,#9243,.T.);
#9241 = VERTEX_POINT('',#9242);
#9242 = CARTESIAN_POINT('',(22.1775,24.722128095467,11.));
#9243 = CIRCLE('',#9244,5.2);
#9244 = AXIS2_PLACEMENT_3D('',#9245,#9246,#9247);
#9245 = CARTESIAN_POINT('',(20.,20.,11.));
#9246 = DIRECTION('',(0.,0.,1.));
#9247 = DIRECTION('',(1.,0.,0.));
#9248 = ORIENTED_EDGE('',*,*,#8588,.F.);
#9249 = ORIENTED_EDGE('',*,*,#9250,.T.);
#9250 = EDGE_CURVE('',#8589,#9251,#9253,.T.);
#9251 = VERTEX_POINT('',#9252);
#9252 = CARTESIAN_POINT('',(22.1775,25.104996939274,0.));
#9253 = CIRCLE('',#9254,5.55);
#9254 = AXIS2_PLACEMENT_3D('',#9255,#9256,#9257);
#9255 = CARTESIAN_POINT('',(20.,20.,0.));
#9256 = DIRECTION('',(0.,0.,1.));
#9257 = DIRECTION('',(1.,0.,0.));
#9258 = ORIENTED_EDGE('',*,*,#9259,.F.);
#9259 = EDGE_CURVE('',#9241,#9251,#9260,.T.);
#9260 = HYPERBOLA('',#9261,68.435714285714,2.1775);
#9261 = AXIS2_PLACEMENT_3D('',#9262,#9263,#9264);
#9262 = CARTESIAN_POINT('',(22.1775,20.,174.42857142857));
#9263 = DIRECTION('',(1.,-0.,0.));
#9264 = DIRECTION('',(0.,0.,-1.));
#9265 = CONICAL_SURFACE('',#9266,5.55,3.180745079516E-02);
#9266 = AXIS2_PLACEMENT_3D('',#9267,#9268,#9269);
#9267 = CARTESIAN_POINT('',(20.,20.,0.));
#9268 = DIRECTION('',(-0.,-0.,-1.));
#9269 = DIRECTION('',(1.,0.,0.));
#9270 = ADVANCED_FACE('',(#9271),#9296,.T.);
#9271 = FACE_BOUND('',#9272,.T.);
#9272 = EDGE_LOOP('',(#9273,#9283,#9289,#9290));
#9273 = ORIENTED_EDGE('',*,*,#9274,.F.);
#9274 = EDGE_CURVE('',#9275,#9277,#9279,.T.);
#9275 = VERTEX_POINT('',#9276);
#9276 = CARTESIAN_POINT('',(17.8225,22.27617963922,0.));
#9277 = VERTEX_POINT('',#9278);
#9278 = CARTESIAN_POINT('',(17.8225,22.27617963922,11.));
#9279 = LINE('',#9280,#9281);
#9280 = CARTESIAN_POINT('',(17.8225,22.27617963922,-1.));
#9281 = VECTOR('',#9282,1.);
#9282 = DIRECTION('',(0.,0.,1.));
#9283 = ORIENTED_EDGE('',*,*,#9284,.T.);
#9284 = EDGE_CURVE('',#9275,#8608,#9285,.T.);
#9285 = LINE('',#9286,#9287);
#9286 = CARTESIAN_POINT('',(17.8225,20.,0.));
#9287 = VECTOR('',#9288,1.);
#9288 = DIRECTION('',(0.,1.,0.));
#9289 = ORIENTED_EDGE('',*,*,#8607,.F.);
#9290 = ORIENTED_EDGE('',*,*,#9291,.F.);
#9291 = EDGE_CURVE('',#9277,#8599,#9292,.T.);
#9292 = LINE('',#9293,#9294);
#9293 = CARTESIAN_POINT('',(17.8225,20.,11.));
#9294 = VECTOR('',#9295,1.);
#9295 = DIRECTION('',(0.,1.,0.));
#9296 = PLANE('',#9297);
#9297 = AXIS2_PLACEMENT_3D('',#9298,#9299,#9300);
#9298 = CARTESIAN_POINT('',(17.8225,20.,-1.));
#9299 = DIRECTION('',(1.,0.,0.));
#9300 = DIRECTION('',(0.,0.,1.));
#9301 = ADVANCED_FACE('',(#9302),#9331,.T.);
#9302 = FACE_BOUND('',#9303,.T.);
#9303 = EDGE_LOOP('',(#9304,#9305,#9306,#9314,#9323,#9330));
#9304 = ORIENTED_EDGE('',*,*,#8598,.T.);
#9305 = ORIENTED_EDGE('',*,*,#9240,.T.);
#9306 = ORIENTED_EDGE('',*,*,#9307,.F.);
#9307 = EDGE_CURVE('',#9308,#9241,#9310,.T.);
#9308 = VERTEX_POINT('',#9309);
#9309 = CARTESIAN_POINT('',(22.1775,22.27617963922,11.));
#9310 = LINE('',#9311,#9312);
#9311 = CARTESIAN_POINT('',(22.1775,20.,11.));
#9312 = VECTOR('',#9313,1.);
#9313 = DIRECTION('',(0.,1.,0.));
#9314 = ORIENTED_EDGE('',*,*,#9315,.F.);
#9315 = EDGE_CURVE('',#9316,#9308,#9318,.T.);
#9316 = VERTEX_POINT('',#9317);
#9317 = CARTESIAN_POINT('',(23.15,20.,11.));
#9318 = CIRCLE('',#9319,3.15);
#9319 = AXIS2_PLACEMENT_3D('',#9320,#9321,#9322);
#9320 = CARTESIAN_POINT('',(20.,20.,11.));
#9321 = DIRECTION('',(0.,0.,1.));
#9322 = DIRECTION('',(1.,0.,0.));
#9323 = ORIENTED_EDGE('',*,*,#9324,.F.);
#9324 = EDGE_CURVE('',#9277,#9316,#9325,.T.);
#9325 = CIRCLE('',#9326,3.15);
#9326 = AXIS2_PLACEMENT_3D('',#9327,#9328,#9329);
#9327 = CARTESIAN_POINT('',(20.,20.,11.));
#9328 = DIRECTION('',(0.,0.,1.));
#9329 = DIRECTION('',(1.,0.,0.));
#9330 = ORIENTED_EDGE('',*,*,#9291,.T.);
#9331 = PLANE('',#9332);
#9332 = AXIS2_PLACEMENT_3D('',#9333,#9334,#9335);
#9333 = CARTESIAN_POINT('',(20.,20.,11.));
#9334 = DIRECTION('',(0.,0.,1.));
#9335 = DIRECTION('',(1.,0.,0.));
#9336 = ADVANCED_FACE('',(#9337),#9362,.T.);
#9337 = FACE_BOUND('',#9338,.T.);
#9338 = EDGE_LOOP('',(#9339,#9349,#9355,#9356));
#9339 = ORIENTED_EDGE('',*,*,#9340,.F.);
#9340 = EDGE_CURVE('',#9341,#9343,#9345,.T.);
#9341 = VERTEX_POINT('',#9342);
#9342 = CARTESIAN_POINT('',(37.8225,18.27617963922,0.));
#9343 = VERTEX_POINT('',#9344);
#9344 = CARTESIAN_POINT('',(37.8225,18.27617963922,11.));
#9345 = LINE('',#9346,#9347);
#9346 = CARTESIAN_POINT('',(37.8225,18.27617963922,-1.));
#9347 = VECTOR('',#9348,1.);
#9348 = DIRECTION('',(0.,0.,1.));
#9349 = ORIENTED_EDGE('',*,*,#9350,.T.);
#9350 = EDGE_CURVE('',#9341,#8716,#9351,.T.);
#9351 = LINE('',#9352,#9353);
#9352 = CARTESIAN_POINT('',(37.8225,16.,0.));
#9353 = VECTOR('',#9354,1.);
#9354 = DIRECTION('',(0.,1.,0.));
#9355 = ORIENTED_EDGE('',*,*,#8715,.F.);
#9356 = ORIENTED_EDGE('',*,*,#9357,.F.);
#9357 = EDGE_CURVE('',#9343,#8707,#9358,.T.);
#9358 = LINE('',#9359,#9360);
#9359 = CARTESIAN_POINT('',(37.8225,16.,11.));
#9360 = VECTOR('',#9361,1.);
#9361 = DIRECTION('',(0.,1.,0.));
#9362 = PLANE('',#9363);
#9363 = AXIS2_PLACEMENT_3D('',#9364,#9365,#9366);
#9364 = CARTESIAN_POINT('',(37.8225,16.,-1.));
#9365 = DIRECTION('',(1.,0.,0.));
#9366 = DIRECTION('',(0.,0.,1.));
#9367 = ADVANCED_FACE('',(#9368),#9397,.T.);
#9368 = FACE_BOUND('',#9369,.T.);
#9369 = EDGE_LOOP('',(#9370,#9371,#9372,#9380,#9389,#9396));
#9370 = ORIENTED_EDGE('',*,*,#8706,.T.);
#9371 = ORIENTED_EDGE('',*,*,#8740,.T.);
#9372 = ORIENTED_EDGE('',*,*,#9373,.F.);
#9373 = EDGE_CURVE('',#9374,#8741,#9376,.T.);
#9374 = VERTEX_POINT('',#9375);
#9375 = CARTESIAN_POINT('',(42.1775,18.27617963922,11.));
#9376 = LINE('',#9377,#9378);
#9377 = CARTESIAN_POINT('',(42.1775,16.,11.));
#9378 = VECTOR('',#9379,1.);
#9379 = DIRECTION('',(0.,1.,0.));
#9380 = ORIENTED_EDGE('',*,*,#9381,.F.);
#9381 = EDGE_CURVE('',#9382,#9374,#9384,.T.);
#9382 = VERTEX_POINT('',#9383);
#9383 = CARTESIAN_POINT('',(43.15,16.,11.));
#9384 = CIRCLE('',#9385,3.15);
#9385 = AXIS2_PLACEMENT_3D('',#9386,#9387,#9388);
#9386 = CARTESIAN_POINT('',(40.,16.,11.));
#9387 = DIRECTION('',(0.,0.,1.));
#9388 = DIRECTION('',(1.,0.,0.));
#9389 = ORIENTED_EDGE('',*,*,#9390,.F.);
#9390 = EDGE_CURVE('',#9343,#9382,#9391,.T.);
#9391 = CIRCLE('',#9392,3.15);
#9392 = AXIS2_PLACEMENT_3D('',#9393,#9394,#9395);
#9393 = CARTESIAN_POINT('',(40.,16.,11.));
#9394 = DIRECTION('',(0.,0.,1.));
#9395 = DIRECTION('',(1.,0.,0.));
#9396 = ORIENTED_EDGE('',*,*,#9357,.T.);
#9397 = PLANE('',#9398);
#9398 = AXIS2_PLACEMENT_3D('',#9399,#9400,#9401);
#9399 = CARTESIAN_POINT('',(40.,16.,11.));
#9400 = DIRECTION('',(0.,0.,1.));
#9401 = DIRECTION('',(1.,0.,0.));
#9402 = ADVANCED_FACE('',(#9403),#9421,.F.);
#9403 = FACE_BOUND('',#9404,.F.);
#9404 = EDGE_LOOP('',(#9405,#9413,#9419,#9420));
#9405 = ORIENTED_EDGE('',*,*,#9406,.F.);
#9406 = EDGE_CURVE('',#9407,#9374,#9409,.T.);
#9407 = VERTEX_POINT('',#9408);
#9408 = CARTESIAN_POINT('',(42.1775,18.27617963922,0.));
#9409 = LINE('',#9410,#9411);
#9410 = CARTESIAN_POINT('',(42.1775,18.27617963922,-1.));
#9411 = VECTOR('',#9412,1.);
#9412 = DIRECTION('',(0.,0.,1.));
#9413 = ORIENTED_EDGE('',*,*,#9414,.T.);
#9414 = EDGE_CURVE('',#9407,#8769,#9415,.T.);
#9415 = LINE('',#9416,#9417);
#9416 = CARTESIAN_POINT('',(42.1775,16.,0.));
#9417 = VECTOR('',#9418,1.);
#9418 = DIRECTION('',(0.,1.,0.));
#9419 = ORIENTED_EDGE('',*,*,#8777,.F.);
#9420 = ORIENTED_EDGE('',*,*,#9373,.F.);
#9421 = PLANE('',#9422);
#9422 = AXIS2_PLACEMENT_3D('',#9423,#9424,#9425);
#9423 = CARTESIAN_POINT('',(42.1775,16.,-1.));
#9424 = DIRECTION('',(1.,0.,0.));
#9425 = DIRECTION('',(0.,0.,1.));
#9426 = ADVANCED_FACE('',(#9427),#9445,.F.);
#9427 = FACE_BOUND('',#9428,.F.);
#9428 = EDGE_LOOP('',(#9429,#9437,#9443,#9444));
#9429 = ORIENTED_EDGE('',*,*,#9430,.F.);
#9430 = EDGE_CURVE('',#9431,#9118,#9433,.T.);
#9431 = VERTEX_POINT('',#9432);
#9432 = CARTESIAN_POINT('',(-17.8225,22.27617963922,0.));
#9433 = LINE('',#9434,#9435);
#9434 = CARTESIAN_POINT('',(-17.8225,22.27617963922,-1.));
#9435 = VECTOR('',#9436,1.);
#9436 = DIRECTION('',(0.,0.,1.));
#9437 = ORIENTED_EDGE('',*,*,#9438,.T.);
#9438 = EDGE_CURVE('',#9431,#9061,#9439,.T.);
#9439 = LINE('',#9440,#9441);
#9440 = CARTESIAN_POINT('',(-17.8225,20.,0.));
#9441 = VECTOR('',#9442,1.);
#9442 = DIRECTION('',(0.,1.,0.));
#9443 = ORIENTED_EDGE('',*,*,#9069,.F.);
#9444 = ORIENTED_EDGE('',*,*,#9117,.F.);
#9445 = PLANE('',#9446);
#9446 = AXIS2_PLACEMENT_3D('',#9447,#9448,#9449);
#9447 = CARTESIAN_POINT('',(-17.8225,20.,-1.));
#9448 = DIRECTION('',(1.,0.,0.));
#9449 = DIRECTION('',(0.,0.,1.));
#9450 = ADVANCED_FACE('',(#9451),#9469,.F.);
#9451 = FACE_BOUND('',#9452,.F.);
#9452 = EDGE_LOOP('',(#9453,#9461,#9467,#9468));
#9453 = ORIENTED_EDGE('',*,*,#9454,.F.);
#9454 = EDGE_CURVE('',#9455,#9308,#9457,.T.);
#9455 = VERTEX_POINT('',#9456);
#9456 = CARTESIAN_POINT('',(22.1775,22.27617963922,0.));
#9457 = LINE('',#9458,#9459);
#9458 = CARTESIAN_POINT('',(22.1775,22.27617963922,-1.));
#9459 = VECTOR('',#9460,1.);
#9460 = DIRECTION('',(0.,0.,1.));
#9461 = ORIENTED_EDGE('',*,*,#9462,.T.);
#9462 = EDGE_CURVE('',#9455,#9251,#9463,.T.);
#9463 = LINE('',#9464,#9465);
#9464 = CARTESIAN_POINT('',(22.1775,20.,0.));
#9465 = VECTOR('',#9466,1.);
#9466 = DIRECTION('',(0.,1.,0.));
#9467 = ORIENTED_EDGE('',*,*,#9259,.F.);
#9468 = ORIENTED_EDGE('',*,*,#9307,.F.);
#9469 = PLANE('',#9470);
#9470 = AXIS2_PLACEMENT_3D('',#9471,#9472,#9473);
#9471 = CARTESIAN_POINT('',(22.1775,20.,-1.));
#9472 = DIRECTION('',(1.,0.,0.));
#9473 = DIRECTION('',(0.,0.,1.));
#9474 = ADVANCED_FACE('',(#9475),#9501,.T.);
#9475 = FACE_BOUND('',#9476,.T.);
#9476 = EDGE_LOOP('',(#9477,#9483,#9484,#9485,#9491,#9492,#9493,#9494,
    #9495,#9496,#9497,#9498,#9499,#9500));
#9477 = ORIENTED_EDGE('',*,*,#9478,.F.);
#9478 = EDGE_CURVE('',#46,#1577,#9479,.T.);
#9479 = LINE('',#9480,#9481);
#9480 = CARTESIAN_POINT('',(13.,22.510196025048,83.773966994071));
#9481 = VECTOR('',#9482,1.);
#9482 = DIRECTION('',(0.,-0.289389501276,0.957211427299));
#9483 = ORIENTED_EDGE('',*,*,#45,.T.);
#9484 = ORIENTED_EDGE('',*,*,#125,.T.);
#9485 = ORIENTED_EDGE('',*,*,#9486,.T.);
#9486 = EDGE_CURVE('',#119,#1614,#9487,.T.);
#9487 = LINE('',#9488,#9489);
#9488 = CARTESIAN_POINT('',(-13.,22.132473438155,85.02335708918));
#9489 = VECTOR('',#9490,1.);
#9490 = DIRECTION('',(0.,-0.289389501276,0.957211427299));
#9491 = ORIENTED_EDGE('',*,*,#1613,.T.);
#9492 = ORIENTED_EDGE('',*,*,#3469,.T.);
#9493 = ORIENTED_EDGE('',*,*,#3389,.T.);
#9494 = ORIENTED_EDGE('',*,*,#1663,.T.);
#9495 = ORIENTED_EDGE('',*,*,#3412,.T.);
#9496 = ORIENTED_EDGE('',*,*,#3271,.T.);
#9497 = ORIENTED_EDGE('',*,*,#1540,.F.);
#9498 = ORIENTED_EDGE('',*,*,#3299,.T.);
#9499 = ORIENTED_EDGE('',*,*,#3211,.T.);
#9500 = ORIENTED_EDGE('',*,*,#1584,.F.);
#9501 = PLANE('',#9502);
#9502 = AXIS2_PLACEMENT_3D('',#9503,#9504,#9505);
#9503 = CARTESIAN_POINT('',(-4.122750405376E-15,-2.348837209302,166.));
#9504 = DIRECTION('',(0.,0.957211427299,0.289389501276));
#9505 = DIRECTION('',(0.,-0.289389501276,0.957211427299));
#9506 = ADVANCED_FACE('',(#9507),#9551,.F.);
#9507 = FACE_BOUND('',#9508,.T.);
#9508 = EDGE_LOOP('',(#9509,#9510,#9511,#9512,#9513,#9514,#9522,#9530,
    #9538,#9544,#9545,#9546,#9547,#9548,#9549,#9550));
#9509 = ORIENTED_EDGE('',*,*,#73,.T.);
#9510 = ORIENTED_EDGE('',*,*,#53,.T.);
#9511 = ORIENTED_EDGE('',*,*,#9478,.T.);
#9512 = ORIENTED_EDGE('',*,*,#1576,.T.);
#9513 = ORIENTED_EDGE('',*,*,#3156,.T.);
#9514 = ORIENTED_EDGE('',*,*,#9515,.F.);
#9515 = EDGE_CURVE('',#9516,#3157,#9518,.T.);
#9516 = VERTEX_POINT('',#9517);
#9517 = CARTESIAN_POINT('',(13.,4.,64.860588706619));
#9518 = LINE('',#9519,#9520);
#9519 = CARTESIAN_POINT('',(13.,4.,8.));
#9520 = VECTOR('',#9521,1.);
#9521 = DIRECTION('',(0.,0.,1.));
#9522 = ORIENTED_EDGE('',*,*,#9523,.F.);
#9523 = EDGE_CURVE('',#9524,#9516,#9526,.T.);
#9524 = VERTEX_POINT('',#9525);
#9525 = CARTESIAN_POINT('',(13.,-8.,64.860588706619));
#9526 = LINE('',#9527,#9528);
#9527 = CARTESIAN_POINT('',(13.,-8.,64.860588706619));
#9528 = VECTOR('',#9529,1.);
#9529 = DIRECTION('',(0.,1.,0.));
#9530 = ORIENTED_EDGE('',*,*,#9531,.T.);
#9531 = EDGE_CURVE('',#9524,#9532,#9534,.T.);
#9532 = VERTEX_POINT('',#9533);
#9533 = CARTESIAN_POINT('',(13.,-8.,68.));
#9534 = LINE('',#9535,#9536);
#9535 = CARTESIAN_POINT('',(13.,-8.,8.));
#9536 = VECTOR('',#9537,1.);
#9537 = DIRECTION('',(0.,0.,1.));
#9538 = ORIENTED_EDGE('',*,*,#9539,.T.);
#9539 = EDGE_CURVE('',#9532,#4830,#9540,.T.);
#9540 = LINE('',#9541,#9542);
#9541 = CARTESIAN_POINT('',(13.,-10.6,68.));
#9542 = VECTOR('',#9543,1.);
#9543 = DIRECTION('',(0.,1.,0.));
#9544 = ORIENTED_EDGE('',*,*,#4837,.F.);
#9545 = ORIENTED_EDGE('',*,*,#4917,.F.);
#9546 = ORIENTED_EDGE('',*,*,#4948,.T.);
#9547 = ORIENTED_EDGE('',*,*,#5011,.F.);
#9548 = ORIENTED_EDGE('',*,*,#4869,.F.);
#9549 = ORIENTED_EDGE('',*,*,#4673,.T.);
#9550 = ORIENTED_EDGE('',*,*,#4024,.T.);
#9551 = PLANE('',#9552);
#9552 = AXIS2_PLACEMENT_3D('',#9553,#9554,#9555);
#9553 = CARTESIAN_POINT('',(13.,-8.,8.));
#9554 = DIRECTION('',(1.,0.,0.));
#9555 = DIRECTION('',(0.,0.,1.));
#9556 = ADVANCED_FACE('',(#9557),#9582,.F.);
#9557 = FACE_BOUND('',#9558,.F.);
#9558 = EDGE_LOOP('',(#9559,#9567,#9575,#9581));
#9559 = ORIENTED_EDGE('',*,*,#9560,.F.);
#9560 = EDGE_CURVE('',#9561,#9524,#9563,.T.);
#9561 = VERTEX_POINT('',#9562);
#9562 = CARTESIAN_POINT('',(2.6645352591E-15,-8.,42.923088706619));
#9563 = LINE('',#9564,#9565);
#9564 = CARTESIAN_POINT('',(-17.72058306726,-8.,13.019604780603));
#9565 = VECTOR('',#9566,1.);
#9566 = DIRECTION('',(0.509802390302,0.,0.860291533634));
#9567 = ORIENTED_EDGE('',*,*,#9568,.T.);
#9568 = EDGE_CURVE('',#9561,#9569,#9571,.T.);
#9569 = VERTEX_POINT('',#9570);
#9570 = CARTESIAN_POINT('',(2.6645352591E-15,4.,42.923088706619));
#9571 = LINE('',#9572,#9573);
#9572 = CARTESIAN_POINT('',(6.217248937901E-15,-8.,42.923088706619));
#9573 = VECTOR('',#9574,1.);
#9574 = DIRECTION('',(0.,1.,0.));
#9575 = ORIENTED_EDGE('',*,*,#9576,.T.);
#9576 = EDGE_CURVE('',#9569,#9516,#9577,.T.);
#9577 = LINE('',#9578,#9579);
#9578 = CARTESIAN_POINT('',(-17.72058306726,4.,13.019604780603));
#9579 = VECTOR('',#9580,1.);
#9580 = DIRECTION('',(0.509802390302,0.,0.860291533634));
#9581 = ORIENTED_EDGE('',*,*,#9523,.F.);
#9582 = PLANE('',#9583);
#9583 = AXIS2_PLACEMENT_3D('',#9584,#9585,#9586);
#9584 = CARTESIAN_POINT('',(-17.72058306726,-8.,13.019604780603));
#9585 = DIRECTION('',(0.860291533634,0.,-0.509802390302));
#9586 = DIRECTION('',(0.509802390302,0.,0.860291533634));
#9587 = ADVANCED_FACE('',(#9588),#9613,.F.);
#9588 = FACE_BOUND('',#9589,.F.);
#9589 = EDGE_LOOP('',(#9590,#9598,#9606,#9612));
#9590 = ORIENTED_EDGE('',*,*,#9591,.F.);
#9591 = EDGE_CURVE('',#9592,#9561,#9594,.T.);
#9592 = VERTEX_POINT('',#9593);
#9593 = CARTESIAN_POINT('',(-13.,-8.,64.860588706619));
#9594 = LINE('',#9595,#9596);
#9595 = CARTESIAN_POINT('',(-14.27941693273,-8.,67.019604780603));
#9596 = VECTOR('',#9597,1.);
#9597 = DIRECTION('',(0.509802390302,0.,-0.860291533634));
#9598 = ORIENTED_EDGE('',*,*,#9599,.T.);
#9599 = EDGE_CURVE('',#9592,#9600,#9602,.T.);
#9600 = VERTEX_POINT('',#9601);
#9601 = CARTESIAN_POINT('',(-13.,4.,64.860588706619));
#9602 = LINE('',#9603,#9604);
#9603 = CARTESIAN_POINT('',(-13.,-8.,64.860588706619));
#9604 = VECTOR('',#9605,1.);
#9605 = DIRECTION('',(0.,1.,0.));
#9606 = ORIENTED_EDGE('',*,*,#9607,.T.);
#9607 = EDGE_CURVE('',#9600,#9569,#9608,.T.);
#9608 = LINE('',#9609,#9610);
#9609 = CARTESIAN_POINT('',(-14.27941693273,4.,67.019604780603));
#9610 = VECTOR('',#9611,1.);
#9611 = DIRECTION('',(0.509802390302,0.,-0.860291533634));
#9612 = ORIENTED_EDGE('',*,*,#9568,.F.);
#9613 = PLANE('',#9614);
#9614 = AXIS2_PLACEMENT_3D('',#9615,#9616,#9617);
#9615 = CARTESIAN_POINT('',(-14.27941693273,-8.,67.019604780603));
#9616 = DIRECTION('',(-0.860291533634,0.,-0.509802390302));
#9617 = DIRECTION('',(0.509802390302,0.,-0.860291533634));
#9618 = ADVANCED_FACE('',(#9619),#9654,.T.);
#9619 = FACE_BOUND('',#9620,.T.);
#9620 = EDGE_LOOP('',(#9621,#9622,#9623,#9624,#9625,#9626,#9627,#9628,
    #9629,#9637,#9643,#9644,#9650,#9651,#9652,#9653));
#9621 = ORIENTED_EDGE('',*,*,#146,.F.);
#9622 = ORIENTED_EDGE('',*,*,#4124,.F.);
#9623 = ORIENTED_EDGE('',*,*,#5119,.F.);
#9624 = ORIENTED_EDGE('',*,*,#5171,.T.);
#9625 = ORIENTED_EDGE('',*,*,#5352,.T.);
#9626 = ORIENTED_EDGE('',*,*,#5272,.F.);
#9627 = ORIENTED_EDGE('',*,*,#5235,.T.);
#9628 = ORIENTED_EDGE('',*,*,#5146,.T.);
#9629 = ORIENTED_EDGE('',*,*,#9630,.F.);
#9630 = EDGE_CURVE('',#9631,#5149,#9633,.T.);
#9631 = VERTEX_POINT('',#9632);
#9632 = CARTESIAN_POINT('',(-13.,-8.,68.));
#9633 = LINE('',#9634,#9635);
#9634 = CARTESIAN_POINT('',(-13.,-10.6,68.));
#9635 = VECTOR('',#9636,1.);
#9636 = DIRECTION('',(0.,1.,0.));
#9637 = ORIENTED_EDGE('',*,*,#9638,.F.);
#9638 = EDGE_CURVE('',#9592,#9631,#9639,.T.);
#9639 = LINE('',#9640,#9641);
#9640 = CARTESIAN_POINT('',(-13.,-8.,8.));
#9641 = VECTOR('',#9642,1.);
#9642 = DIRECTION('',(0.,0.,1.));
#9643 = ORIENTED_EDGE('',*,*,#9599,.T.);
#9644 = ORIENTED_EDGE('',*,*,#9645,.T.);
#9645 = EDGE_CURVE('',#9600,#3495,#9646,.T.);
#9646 = LINE('',#9647,#9648);
#9647 = CARTESIAN_POINT('',(-13.,4.,8.));
#9648 = VECTOR('',#9649,1.);
#9649 = DIRECTION('',(0.,0.,1.));
#9650 = ORIENTED_EDGE('',*,*,#3494,.F.);
#9651 = ORIENTED_EDGE('',*,*,#1620,.F.);
#9652 = ORIENTED_EDGE('',*,*,#9486,.F.);
#9653 = ORIENTED_EDGE('',*,*,#118,.F.);
#9654 = PLANE('',#9655);
#9655 = AXIS2_PLACEMENT_3D('',#9656,#9657,#9658);
#9656 = CARTESIAN_POINT('',(-13.,-8.,8.));
#9657 = DIRECTION('',(1.,0.,0.));
#9658 = DIRECTION('',(0.,0.,1.));
#9659 = ADVANCED_FACE('',(#9660),#9690,.F.);
#9660 = FACE_BOUND('',#9661,.T.);
#9661 = EDGE_LOOP('',(#9662,#9663,#9664,#9665,#9673,#9679,#9680,#9686,
    #9687,#9688,#9689));
#9662 = ORIENTED_EDGE('',*,*,#1706,.T.);
#9663 = ORIENTED_EDGE('',*,*,#1738,.T.);
#9664 = ORIENTED_EDGE('',*,*,#3485,.T.);
#9665 = ORIENTED_EDGE('',*,*,#9666,.F.);
#9666 = EDGE_CURVE('',#9667,#3486,#9669,.T.);
#9667 = VERTEX_POINT('',#9668);
#9668 = CARTESIAN_POINT('',(-19.,4.,8.));
#9669 = LINE('',#9670,#9671);
#9670 = CARTESIAN_POINT('',(-19.,4.,8.));
#9671 = VECTOR('',#9672,1.);
#9672 = DIRECTION('',(0.,0.,1.));
#9673 = ORIENTED_EDGE('',*,*,#9674,.F.);
#9674 = EDGE_CURVE('',#7916,#9667,#9675,.T.);
#9675 = LINE('',#9676,#9677);
#9676 = CARTESIAN_POINT('',(-19.,-8.,8.));
#9677 = VECTOR('',#9678,1.);
#9678 = DIRECTION('',(0.,1.,0.));
#9679 = ORIENTED_EDGE('',*,*,#7913,.F.);
#9680 = ORIENTED_EDGE('',*,*,#9681,.T.);
#9681 = EDGE_CURVE('',#7914,#5422,#9682,.T.);
#9682 = LINE('',#9683,#9684);
#9683 = CARTESIAN_POINT('',(-19.,-8.,8.));
#9684 = VECTOR('',#9685,1.);
#9685 = DIRECTION('',(0.,0.,1.));
#9686 = ORIENTED_EDGE('',*,*,#5421,.T.);
#9687 = ORIENTED_EDGE('',*,*,#5389,.F.);
#9688 = ORIENTED_EDGE('',*,*,#5065,.T.);
#9689 = ORIENTED_EDGE('',*,*,#4105,.T.);
#9690 = PLANE('',#9691);
#9691 = AXIS2_PLACEMENT_3D('',#9692,#9693,#9694);
#9692 = CARTESIAN_POINT('',(-19.,-8.,8.));
#9693 = DIRECTION('',(1.,0.,0.));
#9694 = DIRECTION('',(0.,0.,1.));
#9695 = ADVANCED_FACE('',(#9696,#9724,#9750),#9776,.T.);
#9696 = FACE_BOUND('',#9697,.T.);
#9697 = EDGE_LOOP('',(#9698,#9699,#9700,#9706,#9707,#9708,#9709,#9710,
    #9716,#9717,#9718,#9719,#9720,#9721,#9722,#9723));
#9698 = ORIENTED_EDGE('',*,*,#7601,.T.);
#9699 = ORIENTED_EDGE('',*,*,#4792,.T.);
#9700 = ORIENTED_EDGE('',*,*,#9701,.T.);
#9701 = EDGE_CURVE('',#4785,#9532,#9702,.T.);
#9702 = LINE('',#9703,#9704);
#9703 = CARTESIAN_POINT('',(-1.5,-8.,68.));
#9704 = VECTOR('',#9705,1.);
#9705 = DIRECTION('',(-1.,0.,0.));
#9706 = ORIENTED_EDGE('',*,*,#9531,.F.);
#9707 = ORIENTED_EDGE('',*,*,#9560,.F.);
#9708 = ORIENTED_EDGE('',*,*,#9591,.F.);
#9709 = ORIENTED_EDGE('',*,*,#9638,.T.);
#9710 = ORIENTED_EDGE('',*,*,#9711,.T.);
#9711 = EDGE_CURVE('',#9631,#5430,#9712,.T.);
#9712 = LINE('',#9713,#9714);
#9713 = CARTESIAN_POINT('',(-17.5,-8.,68.));
#9714 = VECTOR('',#9715,1.);
#9715 = DIRECTION('',(-1.,0.,0.));
#9716 = ORIENTED_EDGE('',*,*,#5429,.T.);
#9717 = ORIENTED_EDGE('',*,*,#9681,.F.);
#9718 = ORIENTED_EDGE('',*,*,#7923,.T.);
#9719 = ORIENTED_EDGE('',*,*,#7953,.T.);
#9720 = ORIENTED_EDGE('',*,*,#8092,.F.);
#9721 = ORIENTED_EDGE('',*,*,#7820,.F.);
#9722 = ORIENTED_EDGE('',*,*,#7672,.F.);
#9723 = ORIENTED_EDGE('',*,*,#7651,.T.);
#9724 = FACE_BOUND('',#9725,.T.);
#9725 = EDGE_LOOP('',(#9726,#9736,#9744));
#9726 = ORIENTED_EDGE('',*,*,#9727,.F.);
#9727 = EDGE_CURVE('',#9728,#9730,#9732,.T.);
#9728 = VERTEX_POINT('',#9729);
#9729 = CARTESIAN_POINT('',(-2.324793307626,-8.,39.));
#9730 = VERTEX_POINT('',#9731);
#9731 = CARTESIAN_POINT('',(-13.,-8.,57.014411293381));
#9732 = LINE('',#9733,#9734);
#9733 = CARTESIAN_POINT('',(14.279416932732,-8.,10.980395219397));
#9734 = VECTOR('',#9735,1.);
#9735 = DIRECTION('',(-0.509802390302,0.,0.860291533634));
#9736 = ORIENTED_EDGE('',*,*,#9737,.F.);
#9737 = EDGE_CURVE('',#9738,#9728,#9740,.T.);
#9738 = VERTEX_POINT('',#9739);
#9739 = CARTESIAN_POINT('',(-13.,-8.,20.985588706619));
#9740 = LINE('',#9741,#9742);
#9741 = CARTESIAN_POINT('',(-17.72058306726,-8.,13.019604780603));
#9742 = VECTOR('',#9743,1.);
#9743 = DIRECTION('',(0.509802390302,0.,0.860291533634));
#9744 = ORIENTED_EDGE('',*,*,#9745,.T.);
#9745 = EDGE_CURVE('',#9738,#9730,#9746,.T.);
#9746 = LINE('',#9747,#9748);
#9747 = CARTESIAN_POINT('',(-13.,-8.,8.));
#9748 = VECTOR('',#9749,1.);
#9749 = DIRECTION('',(0.,0.,1.));
#9750 = FACE_BOUND('',#9751,.T.);
#9751 = EDGE_LOOP('',(#9752,#9762,#9770));
#9752 = ORIENTED_EDGE('',*,*,#9753,.F.);
#9753 = EDGE_CURVE('',#9754,#9756,#9758,.T.);
#9754 = VERTEX_POINT('',#9755);
#9755 = CARTESIAN_POINT('',(13.,-8.,20.985588706619));
#9756 = VERTEX_POINT('',#9757);
#9757 = CARTESIAN_POINT('',(13.,-8.,57.014411293381));
#9758 = LINE('',#9759,#9760);
#9759 = CARTESIAN_POINT('',(13.,-8.,8.));
#9760 = VECTOR('',#9761,1.);
#9761 = DIRECTION('',(0.,0.,1.));
#9762 = ORIENTED_EDGE('',*,*,#9763,.F.);
#9763 = EDGE_CURVE('',#9764,#9754,#9766,.T.);
#9764 = VERTEX_POINT('',#9765);
#9765 = CARTESIAN_POINT('',(2.324793307626,-8.,39.));
#9766 = LINE('',#9767,#9768);
#9767 = CARTESIAN_POINT('',(-14.27941693273,-8.,67.019604780603));
#9768 = VECTOR('',#9769,1.);
#9769 = DIRECTION('',(0.509802390302,0.,-0.860291533634));
#9770 = ORIENTED_EDGE('',*,*,#9771,.F.);
#9771 = EDGE_CURVE('',#9756,#9764,#9772,.T.);
#9772 = LINE('',#9773,#9774);
#9773 = CARTESIAN_POINT('',(17.720583067268,-8.,64.980395219397));
#9774 = VECTOR('',#9775,1.);
#9775 = DIRECTION('',(-0.509802390302,0.,-0.860291533634));
#9776 = PLANE('',#9777);
#9777 = AXIS2_PLACEMENT_3D('',#9778,#9779,#9780);
#9778 = CARTESIAN_POINT('',(-7.864532105513E-16,-8.,39.014023895278));
#9779 = DIRECTION('',(-0.,-1.,-0.));
#9780 = DIRECTION('',(0.,0.,-1.));
#9781 = ADVANCED_FACE('',(#9782),#9807,.T.);
#9782 = FACE_BOUND('',#9783,.T.);
#9783 = EDGE_LOOP('',(#9784,#9785,#9793,#9801));
#9784 = ORIENTED_EDGE('',*,*,#9745,.F.);
#9785 = ORIENTED_EDGE('',*,*,#9786,.T.);
#9786 = EDGE_CURVE('',#9738,#9787,#9789,.T.);
#9787 = VERTEX_POINT('',#9788);
#9788 = CARTESIAN_POINT('',(-13.,4.,20.985588706619));
#9789 = LINE('',#9790,#9791);
#9790 = CARTESIAN_POINT('',(-13.,-8.,20.985588706619));
#9791 = VECTOR('',#9792,1.);
#9792 = DIRECTION('',(0.,1.,0.));
#9793 = ORIENTED_EDGE('',*,*,#9794,.T.);
#9794 = EDGE_CURVE('',#9787,#9795,#9797,.T.);
#9795 = VERTEX_POINT('',#9796);
#9796 = CARTESIAN_POINT('',(-13.,4.,57.014411293381));
#9797 = LINE('',#9798,#9799);
#9798 = CARTESIAN_POINT('',(-13.,4.,8.));
#9799 = VECTOR('',#9800,1.);
#9800 = DIRECTION('',(0.,0.,1.));
#9801 = ORIENTED_EDGE('',*,*,#9802,.T.);
#9802 = EDGE_CURVE('',#9795,#9730,#9803,.T.);
#9803 = LINE('',#9804,#9805);
#9804 = CARTESIAN_POINT('',(-13.,-8.,57.014411293381));
#9805 = VECTOR('',#9806,1.);
#9806 = DIRECTION('',(0.,-1.,0.));
#9807 = PLANE('',#9808);
#9808 = AXIS2_PLACEMENT_3D('',#9809,#9810,#9811);
#9809 = CARTESIAN_POINT('',(-13.,-8.,8.));
#9810 = DIRECTION('',(1.,0.,0.));
#9811 = DIRECTION('',(0.,0.,1.));
#9812 = ADVANCED_FACE('',(#9813),#9831,.F.);
#9813 = FACE_BOUND('',#9814,.F.);
#9814 = EDGE_LOOP('',(#9815,#9816,#9824,#9830));
#9815 = ORIENTED_EDGE('',*,*,#9727,.F.);
#9816 = ORIENTED_EDGE('',*,*,#9817,.F.);
#9817 = EDGE_CURVE('',#9818,#9728,#9820,.T.);
#9818 = VERTEX_POINT('',#9819);
#9819 = CARTESIAN_POINT('',(-2.324793307626,4.,39.));
#9820 = LINE('',#9821,#9822);
#9821 = CARTESIAN_POINT('',(-2.324793307626,-8.,39.));
#9822 = VECTOR('',#9823,1.);
#9823 = DIRECTION('',(0.,-1.,0.));
#9824 = ORIENTED_EDGE('',*,*,#9825,.T.);
#9825 = EDGE_CURVE('',#9818,#9795,#9826,.T.);
#9826 = LINE('',#9827,#9828);
#9827 = CARTESIAN_POINT('',(14.279416932732,4.,10.980395219397));
#9828 = VECTOR('',#9829,1.);
#9829 = DIRECTION('',(-0.509802390302,0.,0.860291533634));
#9830 = ORIENTED_EDGE('',*,*,#9802,.T.);
#9831 = PLANE('',#9832);
#9832 = AXIS2_PLACEMENT_3D('',#9833,#9834,#9835);
#9833 = CARTESIAN_POINT('',(14.279416932732,-8.,10.980395219397));
#9834 = DIRECTION('',(0.860291533634,0.,0.509802390302));
#9835 = DIRECTION('',(-0.509802390302,0.,0.860291533634));
#9836 = ADVANCED_FACE('',(#9837),#9848,.F.);
#9837 = FACE_BOUND('',#9838,.F.);
#9838 = EDGE_LOOP('',(#9839,#9840,#9841,#9847));
#9839 = ORIENTED_EDGE('',*,*,#9737,.F.);
#9840 = ORIENTED_EDGE('',*,*,#9786,.T.);
#9841 = ORIENTED_EDGE('',*,*,#9842,.T.);
#9842 = EDGE_CURVE('',#9787,#9818,#9843,.T.);
#9843 = LINE('',#9844,#9845);
#9844 = CARTESIAN_POINT('',(-17.72058306726,4.,13.019604780603));
#9845 = VECTOR('',#9846,1.);
#9846 = DIRECTION('',(0.509802390302,0.,0.860291533634));
#9847 = ORIENTED_EDGE('',*,*,#9817,.T.);
#9848 = PLANE('',#9849);
#9849 = AXIS2_PLACEMENT_3D('',#9850,#9851,#9852);
#9850 = CARTESIAN_POINT('',(-17.72058306726,-8.,13.019604780603));
#9851 = DIRECTION('',(0.860291533634,0.,-0.509802390302));
#9852 = DIRECTION('',(0.509802390302,0.,0.860291533634));
#9853 = ADVANCED_FACE('',(#9854),#9879,.F.);
#9854 = FACE_BOUND('',#9855,.F.);
#9855 = EDGE_LOOP('',(#9856,#9857,#9865,#9873));
#9856 = ORIENTED_EDGE('',*,*,#9753,.F.);
#9857 = ORIENTED_EDGE('',*,*,#9858,.T.);
#9858 = EDGE_CURVE('',#9754,#9859,#9861,.T.);
#9859 = VERTEX_POINT('',#9860);
#9860 = CARTESIAN_POINT('',(13.,4.,20.985588706619));
#9861 = LINE('',#9862,#9863);
#9862 = CARTESIAN_POINT('',(13.,-8.,20.985588706619));
#9863 = VECTOR('',#9864,1.);
#9864 = DIRECTION('',(0.,1.,0.));
#9865 = ORIENTED_EDGE('',*,*,#9866,.T.);
#9866 = EDGE_CURVE('',#9859,#9867,#9869,.T.);
#9867 = VERTEX_POINT('',#9868);
#9868 = CARTESIAN_POINT('',(13.,4.,57.014411293381));
#9869 = LINE('',#9870,#9871);
#9870 = CARTESIAN_POINT('',(13.,4.,8.));
#9871 = VECTOR('',#9872,1.);
#9872 = DIRECTION('',(0.,0.,1.));
#9873 = ORIENTED_EDGE('',*,*,#9874,.T.);
#9874 = EDGE_CURVE('',#9867,#9756,#9875,.T.);
#9875 = LINE('',#9876,#9877);
#9876 = CARTESIAN_POINT('',(13.,-8.,57.014411293381));
#9877 = VECTOR('',#9878,1.);
#9878 = DIRECTION('',(0.,-1.,0.));
#9879 = PLANE('',#9880);
#9880 = AXIS2_PLACEMENT_3D('',#9881,#9882,#9883);
#9881 = CARTESIAN_POINT('',(13.,-8.,8.));
#9882 = DIRECTION('',(1.,0.,0.));
#9883 = DIRECTION('',(0.,0.,1.));
#9884 = ADVANCED_FACE('',(#9885),#9903,.F.);
#9885 = FACE_BOUND('',#9886,.F.);
#9886 = EDGE_LOOP('',(#9887,#9888,#9889,#9897));
#9887 = ORIENTED_EDGE('',*,*,#9771,.F.);
#9888 = ORIENTED_EDGE('',*,*,#9874,.F.);
#9889 = ORIENTED_EDGE('',*,*,#9890,.T.);
#9890 = EDGE_CURVE('',#9867,#9891,#9893,.T.);
#9891 = VERTEX_POINT('',#9892);
#9892 = CARTESIAN_POINT('',(2.324793307626,4.,39.));
#9893 = LINE('',#9894,#9895);
#9894 = CARTESIAN_POINT('',(17.720583067268,4.,64.980395219397));
#9895 = VECTOR('',#9896,1.);
#9896 = DIRECTION('',(-0.509802390302,0.,-0.860291533634));
#9897 = ORIENTED_EDGE('',*,*,#9898,.T.);
#9898 = EDGE_CURVE('',#9891,#9764,#9899,.T.);
#9899 = LINE('',#9900,#9901);
#9900 = CARTESIAN_POINT('',(2.324793307626,-8.,39.));
#9901 = VECTOR('',#9902,1.);
#9902 = DIRECTION('',(0.,-1.,0.));
#9903 = PLANE('',#9904);
#9904 = AXIS2_PLACEMENT_3D('',#9905,#9906,#9907);
#9905 = CARTESIAN_POINT('',(17.720583067268,-8.,64.980395219397));
#9906 = DIRECTION('',(-0.860291533634,0.,0.509802390302));
#9907 = DIRECTION('',(-0.509802390302,0.,-0.860291533634));
#9908 = ADVANCED_FACE('',(#9909),#9920,.F.);
#9909 = FACE_BOUND('',#9910,.F.);
#9910 = EDGE_LOOP('',(#9911,#9912,#9913,#9919));
#9911 = ORIENTED_EDGE('',*,*,#9763,.F.);
#9912 = ORIENTED_EDGE('',*,*,#9898,.F.);
#9913 = ORIENTED_EDGE('',*,*,#9914,.T.);
#9914 = EDGE_CURVE('',#9891,#9859,#9915,.T.);
#9915 = LINE('',#9916,#9917);
#9916 = CARTESIAN_POINT('',(-14.27941693273,4.,67.019604780603));
#9917 = VECTOR('',#9918,1.);
#9918 = DIRECTION('',(0.509802390302,0.,-0.860291533634));
#9919 = ORIENTED_EDGE('',*,*,#9858,.F.);
#9920 = PLANE('',#9921);
#9921 = AXIS2_PLACEMENT_3D('',#9922,#9923,#9924);
#9922 = CARTESIAN_POINT('',(-14.27941693273,-8.,67.019604780603));
#9923 = DIRECTION('',(-0.860291533634,0.,-0.509802390302));
#9924 = DIRECTION('',(0.509802390302,0.,-0.860291533634));
#9925 = ADVANCED_FACE('',(#9926,#9952,#9957,#9962,#9989),#10016,.T.);
#9926 = FACE_BOUND('',#9927,.T.);
#9927 = EDGE_LOOP('',(#9928,#9929,#9935,#9936,#9937,#9938,#9939,#9945,
    #9946,#9947,#9948,#9949,#9950,#9951));
#9928 = ORIENTED_EDGE('',*,*,#7625,.F.);
#9929 = ORIENTED_EDGE('',*,*,#9930,.F.);
#9930 = EDGE_CURVE('',#7682,#7618,#9931,.T.);
#9931 = LINE('',#9932,#9933);
#9932 = CARTESIAN_POINT('',(13.,4.,8.));
#9933 = VECTOR('',#9934,1.);
#9934 = DIRECTION('',(1.,0.,0.));
#9935 = ORIENTED_EDGE('',*,*,#7689,.T.);
#9936 = ORIENTED_EDGE('',*,*,#7829,.T.);
#9937 = ORIENTED_EDGE('',*,*,#8099,.T.);
#9938 = ORIENTED_EDGE('',*,*,#7970,.F.);
#9939 = ORIENTED_EDGE('',*,*,#9940,.F.);
#9940 = EDGE_CURVE('',#9667,#7963,#9941,.T.);
#9941 = LINE('',#9942,#9943);
#9942 = CARTESIAN_POINT('',(-19.,4.,8.));
#9943 = VECTOR('',#9944,1.);
#9944 = DIRECTION('',(1.,0.,0.));
#9945 = ORIENTED_EDGE('',*,*,#9666,.T.);
#9946 = ORIENTED_EDGE('',*,*,#3502,.T.);
#9947 = ORIENTED_EDGE('',*,*,#9645,.F.);
#9948 = ORIENTED_EDGE('',*,*,#9607,.T.);
#9949 = ORIENTED_EDGE('',*,*,#9576,.T.);
#9950 = ORIENTED_EDGE('',*,*,#9515,.T.);
#9951 = ORIENTED_EDGE('',*,*,#3173,.T.);
#9952 = FACE_BOUND('',#9953,.T.);
#9953 = EDGE_LOOP('',(#9954,#9955,#9956));
#9954 = ORIENTED_EDGE('',*,*,#9825,.T.);
#9955 = ORIENTED_EDGE('',*,*,#9794,.F.);
#9956 = ORIENTED_EDGE('',*,*,#9842,.T.);
#9957 = FACE_BOUND('',#9958,.T.);
#9958 = EDGE_LOOP('',(#9959,#9960,#9961));
#9959 = ORIENTED_EDGE('',*,*,#9866,.T.);
#9960 = ORIENTED_EDGE('',*,*,#9890,.T.);
#9961 = ORIENTED_EDGE('',*,*,#9914,.T.);
#9962 = FACE_BOUND('',#9963,.T.);
#9963 = EDGE_LOOP('',(#9964,#9974,#9984));
#9964 = ORIENTED_EDGE('',*,*,#9965,.T.);
#9965 = EDGE_CURVE('',#9966,#9968,#9970,.T.);
#9966 = VERTEX_POINT('',#9967);
#9967 = CARTESIAN_POINT('',(14.75,4.,145.));
#9968 = VERTEX_POINT('',#9969);
#9969 = CARTESIAN_POINT('',(14.238750305027,4.,145.));
#9970 = LINE('',#9971,#9972);
#9971 = CARTESIAN_POINT('',(19.,4.,145.));
#9972 = VECTOR('',#9973,1.);
#9973 = DIRECTION('',(-1.,0.,0.));
#9974 = ORIENTED_EDGE('',*,*,#9975,.T.);
#9975 = EDGE_CURVE('',#9968,#9976,#9978,.T.);
#9976 = VERTEX_POINT('',#9977);
#9977 = CARTESIAN_POINT('',(14.438262381114,4.,144.75060990489));
#9978 = B_SPLINE_CURVE_WITH_KNOTS('',4,(#9979,#9980,#9981,#9982,#9983),
  .UNSPECIFIED.,.F.,.F.,(5,5),(0.,1.),.PIECEWISE_BEZIER_KNOTS.);
#9979 = CARTESIAN_POINT('',(14.238750305027,4.,145.));
#9980 = CARTESIAN_POINT('',(14.288628324049,4.,144.93765247622));
#9981 = CARTESIAN_POINT('',(14.33850634307,4.,144.87530495244));
#9982 = CARTESIAN_POINT('',(14.388384362092,4.,144.81295742866));
#9983 = CARTESIAN_POINT('',(14.438262381114,4.,144.75060990489));
#9984 = ORIENTED_EDGE('',*,*,#9985,.T.);
#9985 = EDGE_CURVE('',#9976,#9966,#9986,.T.);
#9986 = B_SPLINE_CURVE_WITH_KNOTS('',1,(#9987,#9988),.UNSPECIFIED.,.F.,
  .F.,(2,2),(0.,1.),.PIECEWISE_BEZIER_KNOTS.);
#9987 = CARTESIAN_POINT('',(14.438262381114,4.,144.75060990489));
#9988 = CARTESIAN_POINT('',(14.75,4.,145.));
#9989 = FACE_BOUND('',#9990,.T.);
#9990 = EDGE_LOOP('',(#9991,#10003,#10011));
#9991 = ORIENTED_EDGE('',*,*,#9992,.T.);
#9992 = EDGE_CURVE('',#9993,#9995,#9997,.T.);
#9993 = VERTEX_POINT('',#9994);
#9994 = CARTESIAN_POINT('',(-14.43826238111,4.,144.75060990489));
#9995 = VERTEX_POINT('',#9996);
#9996 = CARTESIAN_POINT('',(-14.23875030502,4.,145.));
#9997 = B_SPLINE_CURVE_WITH_KNOTS('',4,(#9998,#9999,#10000,#10001,#10002
    ),.UNSPECIFIED.,.F.,.F.,(5,5),(0.,1.),.PIECEWISE_BEZIER_KNOTS.);
#9998 = CARTESIAN_POINT('',(-14.43826238111,4.,144.75060990489));
#9999 = CARTESIAN_POINT('',(-14.38838436209,4.,144.81295742866));
#10000 = CARTESIAN_POINT('',(-14.33850634307,4.,144.87530495244));
#10001 = CARTESIAN_POINT('',(-14.28862832404,4.,144.93765247622));
#10002 = CARTESIAN_POINT('',(-14.23875030502,4.,145.));
#10003 = ORIENTED_EDGE('',*,*,#10004,.T.);
#10004 = EDGE_CURVE('',#9995,#10005,#10007,.T.);
#10005 = VERTEX_POINT('',#10006);
#10006 = CARTESIAN_POINT('',(-14.75,4.,145.));
#10007 = LINE('',#10008,#10009);
#10008 = CARTESIAN_POINT('',(-13.,4.,145.));
#10009 = VECTOR('',#10010,1.);
#10010 = DIRECTION('',(-1.,0.,0.));
#10011 = ORIENTED_EDGE('',*,*,#10012,.T.);
#10012 = EDGE_CURVE('',#10005,#9993,#10013,.T.);
#10013 = B_SPLINE_CURVE_WITH_KNOTS('',1,(#10014,#10015),.UNSPECIFIED.,
  .F.,.F.,(2,2),(0.,1.),.PIECEWISE_BEZIER_KNOTS.);
#10014 = CARTESIAN_POINT('',(-14.75,4.,145.));
#10015 = CARTESIAN_POINT('',(-14.43826238111,4.,144.75060990489));
#10016 = PLANE('',#10017);
#10017 = AXIS2_PLACEMENT_3D('',#10018,#10019,#10020);
#10018 = CARTESIAN_POINT('',(0.,4.,77.595960768227));
#10019 = DIRECTION('',(0.,1.,0.));
#10020 = DIRECTION('',(0.,0.,1.));
#10021 = ADVANCED_FACE('',(#10022),#10039,.T.);
#10022 = FACE_BOUND('',#10023,.T.);
#10023 = EDGE_LOOP('',(#10024,#10032,#10038));
#10024 = ORIENTED_EDGE('',*,*,#10025,.T.);
#10025 = EDGE_CURVE('',#9966,#10026,#10028,.T.);
#10026 = VERTEX_POINT('',#10027);
#10027 = CARTESIAN_POINT('',(14.438262381114,4.075397005498,
    144.75060990489));
#10028 = LINE('',#10029,#10030);
#10029 = CARTESIAN_POINT('',(17.561737618886,3.319951831711,
    147.2493900951));
#10030 = VECTOR('',#10031,1.);
#10031 = DIRECTION('',(-0.76730437389,0.185580592755,-0.613843499112));
#10032 = ORIENTED_EDGE('',*,*,#10033,.T.);
#10033 = EDGE_CURVE('',#10026,#9968,#10034,.T.);
#10034 = LINE('',#10035,#10036);
#10035 = CARTESIAN_POINT('',(14.438262381114,4.075397005498,
    144.75060990489));
#10036 = VECTOR('',#10037,1.);
#10037 = DIRECTION('',(-0.607982649232,-0.229760884884,0.75997831154));
#10038 = ORIENTED_EDGE('',*,*,#9965,.F.);
#10039 = PLANE('',#10040);
#10040 = AXIS2_PLACEMENT_3D('',#10041,#10042,#10043);
#10041 = CARTESIAN_POINT('',(14.438262381114,4.075397005498,
    144.75060990489));
#10042 = DIRECTION('',(1.397749910897E-16,0.957211427299,0.289389501276)
  );
#10043 = DIRECTION('',(-0.545220349058,-0.242593127107,0.80242342043));
#10044 = ADVANCED_FACE('',(#10045),#10054,.T.);
#10045 = FACE_BOUND('',#10046,.T.);
#10046 = EDGE_LOOP('',(#10047,#10048,#10053));
#10047 = ORIENTED_EDGE('',*,*,#9985,.F.);
#10048 = ORIENTED_EDGE('',*,*,#10049,.T.);
#10049 = EDGE_CURVE('',#9976,#10026,#10050,.T.);
#10050 = B_SPLINE_CURVE_WITH_KNOTS('',1,(#10051,#10052),.UNSPECIFIED.,
  .F.,.F.,(2,2),(0.,1.),.PIECEWISE_BEZIER_KNOTS.);
#10051 = CARTESIAN_POINT('',(14.438262381114,-7.924602994502,
    144.75060990489));
#10052 = CARTESIAN_POINT('',(14.438262381114,4.075397005498,
    144.75060990489));
#10053 = ORIENTED_EDGE('',*,*,#10025,.F.);
#10054 = B_SPLINE_SURFACE_WITH_KNOTS('',1,1,(
    (#10055,#10056)
    ,(#10057,#10058
    )),.UNSPECIFIED.,.F.,.F.,.F.,(2,2),(2,2),(0.,4.0707121503),(0.,1.),
  .PIECEWISE_BEZIER_KNOTS.);
#10055 = CARTESIAN_POINT('',(17.561737618886,-8.680048168289,
    147.2493900951));
#10056 = CARTESIAN_POINT('',(17.561737618886,3.319951831711,
    147.2493900951));
#10057 = CARTESIAN_POINT('',(14.438262381114,-7.924602994502,
    144.75060990489));
#10058 = CARTESIAN_POINT('',(14.438262381114,4.075397005498,
    144.75060990489));
#10059 = ADVANCED_FACE('',(#10060),#10065,.T.);
#10060 = FACE_BOUND('',#10061,.T.);
#10061 = EDGE_LOOP('',(#10062,#10063,#10064));
#10062 = ORIENTED_EDGE('',*,*,#10049,.F.);
#10063 = ORIENTED_EDGE('',*,*,#9975,.F.);
#10064 = ORIENTED_EDGE('',*,*,#10033,.F.);
#10065 = B_SPLINE_SURFACE_WITH_KNOTS('',1,1,(
    (#10066,#10067)
    ,(#10068,#10069
    )),.UNSPECIFIED.,.F.,.F.,.F.,(2,2),(2,2),(0.,52.633080961176),(0.,1.
    ),.PIECEWISE_BEZIER_KNOTS.);
#10066 = CARTESIAN_POINT('',(14.438262381114,-7.924602994502,
    144.75060990489));
#10067 = CARTESIAN_POINT('',(14.438262381114,4.075397005498,
    144.75060990489));
#10068 = CARTESIAN_POINT('',(-17.56173761888,-20.01762625031,
    184.75060990489));
#10069 = CARTESIAN_POINT('',(-17.56173761888,-8.017626250316,
    184.75060990489));
#10070 = ADVANCED_FACE('',(#10071),#10088,.T.);
#10071 = FACE_BOUND('',#10072,.T.);
#10072 = EDGE_LOOP('',(#10073,#10081,#10082));
#10073 = ORIENTED_EDGE('',*,*,#10074,.T.);
#10074 = EDGE_CURVE('',#10075,#10005,#10077,.T.);
#10075 = VERTEX_POINT('',#10076);
#10076 = CARTESIAN_POINT('',(-14.43826238111,4.075397005498,
    144.75060990489));
#10077 = LINE('',#10078,#10079);
#10078 = CARTESIAN_POINT('',(-14.43826238111,4.075397005498,
    144.75060990489));
#10079 = VECTOR('',#10080,1.);
#10080 = DIRECTION('',(-0.76730437389,-0.185580592755,0.613843499112));
#10081 = ORIENTED_EDGE('',*,*,#10004,.F.);
#10082 = ORIENTED_EDGE('',*,*,#10083,.T.);
#10083 = EDGE_CURVE('',#9995,#10075,#10084,.T.);
#10084 = LINE('',#10085,#10086);
#10085 = CARTESIAN_POINT('',(17.561737618886,-8.017626250316,
    184.75060990489));
#10086 = VECTOR('',#10087,1.);
#10087 = DIRECTION('',(-0.607982649232,0.229760884884,-0.75997831154));
#10088 = PLANE('',#10089);
#10089 = AXIS2_PLACEMENT_3D('',#10090,#10091,#10092);
#10090 = CARTESIAN_POINT('',(-17.56173761888,3.319951831711,
    147.2493900951));
#10091 = DIRECTION('',(-1.666850475097E-16,0.957211427299,0.289389501276
    ));
#10092 = DIRECTION('',(0.607982649232,-0.229760884884,0.75997831154));
#10093 = ADVANCED_FACE('',(#10094),#10103,.T.);
#10094 = FACE_BOUND('',#10095,.T.);
#10095 = EDGE_LOOP('',(#10096,#10097,#10102));
#10096 = ORIENTED_EDGE('',*,*,#9992,.F.);
#10097 = ORIENTED_EDGE('',*,*,#10098,.T.);
#10098 = EDGE_CURVE('',#9993,#10075,#10099,.T.);
#10099 = B_SPLINE_CURVE_WITH_KNOTS('',1,(#10100,#10101),.UNSPECIFIED.,
  .F.,.F.,(2,2),(0.,1.),.PIECEWISE_BEZIER_KNOTS.);
#10100 = CARTESIAN_POINT('',(-14.43826238111,-7.924602994502,
    144.75060990489));
#10101 = CARTESIAN_POINT('',(-14.43826238111,4.075397005498,
    144.75060990489));
#10102 = ORIENTED_EDGE('',*,*,#10083,.F.);
#10103 = B_SPLINE_SURFACE_WITH_KNOTS('',1,1,(
    (#10104,#10105)
    ,(#10106,#10107
    )),.UNSPECIFIED.,.F.,.F.,.F.,(2,2),(2,2),(0.,52.633080961176),(0.,1.
    ),.PIECEWISE_BEZIER_KNOTS.);
#10104 = CARTESIAN_POINT('',(17.561737618886,-20.01762625031,
    184.75060990489));
#10105 = CARTESIAN_POINT('',(17.561737618886,-8.017626250316,
    184.75060990489));
#10106 = CARTESIAN_POINT('',(-14.43826238111,-7.924602994502,
    144.75060990489));
#10107 = CARTESIAN_POINT('',(-14.43826238111,4.075397005498,
    144.75060990489));
#10108 = ADVANCED_FACE('',(#10109),#10114,.T.);
#10109 = FACE_BOUND('',#10110,.T.);
#10110 = EDGE_LOOP('',(#10111,#10112,#10113));
#10111 = ORIENTED_EDGE('',*,*,#10098,.F.);
#10112 = ORIENTED_EDGE('',*,*,#10012,.F.);
#10113 = ORIENTED_EDGE('',*,*,#10074,.F.);
#10114 = B_SPLINE_SURFACE_WITH_KNOTS('',1,1,(
    (#10115,#10116)
    ,(#10117,#10118
    )),.UNSPECIFIED.,.F.,.F.,.F.,(2,2),(2,2),(0.,4.0707121503),(0.,1.),
  .PIECEWISE_BEZIER_KNOTS.);
#10115 = CARTESIAN_POINT('',(-14.43826238111,-7.924602994502,
    144.75060990489));
#10116 = CARTESIAN_POINT('',(-14.43826238111,4.075397005498,
    144.75060990489));
#10117 = CARTESIAN_POINT('',(-17.56173761888,-8.680048168289,
    147.2493900951));
#10118 = CARTESIAN_POINT('',(-17.56173761888,3.319951831711,
    147.2493900951));
#10119 = ADVANCED_FACE('',(#10120),#10138,.T.);
#10120 = FACE_BOUND('',#10121,.T.);
#10121 = EDGE_LOOP('',(#10122,#10123,#10124,#10125,#10126,#10127,#10128,
    #10129,#10130,#10131,#10132,#10133,#10134,#10135,#10136,#10137));
#10122 = ORIENTED_EDGE('',*,*,#4031,.T.);
#10123 = ORIENTED_EDGE('',*,*,#4047,.F.);
#10124 = ORIENTED_EDGE('',*,*,#3196,.F.);
#10125 = ORIENTED_EDGE('',*,*,#3292,.F.);
#10126 = ORIENTED_EDGE('',*,*,#3984,.F.);
#10127 = ORIENTED_EDGE('',*,*,#3588,.F.);
#10128 = ORIENTED_EDGE('',*,*,#3256,.F.);
#10129 = ORIENTED_EDGE('',*,*,#3403,.F.);
#10130 = ORIENTED_EDGE('',*,*,#3677,.F.);
#10131 = ORIENTED_EDGE('',*,*,#4063,.F.);
#10132 = ORIENTED_EDGE('',*,*,#3374,.F.);
#10133 = ORIENTED_EDGE('',*,*,#3462,.F.);
#10134 = ORIENTED_EDGE('',*,*,#4080,.F.);
#10135 = ORIENTED_EDGE('',*,*,#4112,.T.);
#10136 = ORIENTED_EDGE('',*,*,#96,.F.);
#10137 = ORIENTED_EDGE('',*,*,#30,.F.);
#10138 = PLANE('',#10139);
#10139 = AXIS2_PLACEMENT_3D('',#10140,#10141,#10142);
#10140 = CARTESIAN_POINT('',(-9.515970935095E-16,-14.3488372093,166.));
#10141 = DIRECTION('',(-0.,-0.957211427299,-0.289389501276));
#10142 = DIRECTION('',(0.,0.289389501276,-0.957211427299));
#10143 = ADVANCED_FACE('',(#10144),#10183,.T.);
#10144 = FACE_BOUND('',#10145,.T.);
#10145 = EDGE_LOOP('',(#10146,#10147,#10148,#10149,#10150,#10151,#10152,
    #10153,#10154,#10155,#10156,#10157,#10158,#10159,#10160,#10161,
    #10162,#10163,#10164,#10165,#10166,#10167,#10168,#10169,#10170,
    #10171,#10172,#10173,#10174,#10175,#10176,#10177,#10178,#10179,
    #10180,#10181,#10182));
#10146 = ORIENTED_EDGE('',*,*,#7728,.F.);
#10147 = ORIENTED_EDGE('',*,*,#7681,.T.);
#10148 = ORIENTED_EDGE('',*,*,#9930,.T.);
#10149 = ORIENTED_EDGE('',*,*,#7617,.F.);
#10150 = ORIENTED_EDGE('',*,*,#7721,.F.);
#10151 = ORIENTED_EDGE('',*,*,#7774,.F.);
#10152 = ORIENTED_EDGE('',*,*,#7860,.T.);
#10153 = ORIENTED_EDGE('',*,*,#8146,.T.);
#10154 = ORIENTED_EDGE('',*,*,#8177,.T.);
#10155 = ORIENTED_EDGE('',*,*,#8824,.T.);
#10156 = ORIENTED_EDGE('',*,*,#8808,.T.);
#10157 = ORIENTED_EDGE('',*,*,#8750,.F.);
#10158 = ORIENTED_EDGE('',*,*,#8689,.F.);
#10159 = ORIENTED_EDGE('',*,*,#8674,.T.);
#10160 = ORIENTED_EDGE('',*,*,#8624,.F.);
#10161 = ORIENTED_EDGE('',*,*,#8573,.T.);
#10162 = ORIENTED_EDGE('',*,*,#8514,.F.);
#10163 = ORIENTED_EDGE('',*,*,#8453,.F.);
#10164 = ORIENTED_EDGE('',*,*,#8438,.T.);
#10165 = ORIENTED_EDGE('',*,*,#8388,.F.);
#10166 = ORIENTED_EDGE('',*,*,#8337,.T.);
#10167 = ORIENTED_EDGE('',*,*,#8278,.F.);
#10168 = ORIENTED_EDGE('',*,*,#8207,.F.);
#10169 = ORIENTED_EDGE('',*,*,#8945,.T.);
#10170 = ORIENTED_EDGE('',*,*,#8917,.T.);
#10171 = ORIENTED_EDGE('',*,*,#8886,.T.);
#10172 = ORIENTED_EDGE('',*,*,#8855,.T.);
#10173 = ORIENTED_EDGE('',*,*,#8130,.T.);
#10174 = ORIENTED_EDGE('',*,*,#8070,.F.);
#10175 = ORIENTED_EDGE('',*,*,#8009,.F.);
#10176 = ORIENTED_EDGE('',*,*,#9674,.T.);
#10177 = ORIENTED_EDGE('',*,*,#9940,.T.);
#10178 = ORIENTED_EDGE('',*,*,#7962,.F.);
#10179 = ORIENTED_EDGE('',*,*,#8002,.F.);
#10180 = ORIENTED_EDGE('',*,*,#8046,.F.);
#10181 = ORIENTED_EDGE('',*,*,#7898,.T.);
#10182 = ORIENTED_EDGE('',*,*,#7798,.F.);
#10183 = PLANE('',#10184);
#10184 = AXIS2_PLACEMENT_3D('',#10185,#10186,#10187);
#10185 = CARTESIAN_POINT('',(1.517757064917E-02,10.925734531826,8.));
#10186 = DIRECTION('',(0.,0.,1.));
#10187 = DIRECTION('',(1.,0.,0.));
#10188 = ADVANCED_FACE('',(#10189),#10207,.T.);
#10189 = FACE_BOUND('',#10190,.T.);
#10190 = EDGE_LOOP('',(#10191,#10192,#10193,#10194,#10195,#10196,#10197,
    #10198,#10199,#10200,#10201,#10202,#10203,#10204,#10205,#10206));
#10191 = ORIENTED_EDGE('',*,*,#6312,.F.);
#10192 = ORIENTED_EDGE('',*,*,#7206,.F.);
#10193 = ORIENTED_EDGE('',*,*,#7454,.F.);
#10194 = ORIENTED_EDGE('',*,*,#7339,.F.);
#10195 = ORIENTED_EDGE('',*,*,#6501,.F.);
#10196 = ORIENTED_EDGE('',*,*,#5437,.T.);
#10197 = ORIENTED_EDGE('',*,*,#9711,.F.);
#10198 = ORIENTED_EDGE('',*,*,#9630,.T.);
#10199 = ORIENTED_EDGE('',*,*,#5156,.T.);
#10200 = ORIENTED_EDGE('',*,*,#6644,.F.);
#10201 = ORIENTED_EDGE('',*,*,#7271,.F.);
#10202 = ORIENTED_EDGE('',*,*,#6353,.T.);
#10203 = ORIENTED_EDGE('',*,*,#4829,.T.);
#10204 = ORIENTED_EDGE('',*,*,#9539,.F.);
#10205 = ORIENTED_EDGE('',*,*,#9701,.F.);
#10206 = ORIENTED_EDGE('',*,*,#4784,.F.);
#10207 = PLANE('',#10208);
#10208 = AXIS2_PLACEMENT_3D('',#10209,#10210,#10211);
#10209 = CARTESIAN_POINT('',(0.,-11.3513215859,68.));
#10210 = DIRECTION('',(-0.,-0.,-1.));
#10211 = DIRECTION('',(-1.,0.,0.));
#10212 = ADVANCED_FACE('',(#10213),#10396,.T.);
#10213 = FACE_BOUND('',#10214,.T.);
#10214 = EDGE_LOOP('',(#10215,#10216,#10217,#10218,#10219,#10220,#10221,
    #10222,#10223,#10224,#10225,#10226,#10227,#10228,#10237,#10245,
    #10252,#10253,#10254,#10255,#10256,#10257,#10266,#10274,#10283,
    #10290,#10291,#10292,#10293,#10294,#10295,#10296,#10305,#10313,
    #10320,#10321,#10322,#10323,#10324,#10325,#10334,#10342,#10351,
    #10358,#10359,#10360,#10361,#10362,#10363,#10364,#10373,#10381,
    #10388,#10389,#10390,#10391,#10392,#10393,#10394,#10395));
#10215 = ORIENTED_EDGE('',*,*,#7744,.T.);
#10216 = ORIENTED_EDGE('',*,*,#7789,.T.);
#10217 = ORIENTED_EDGE('',*,*,#7882,.F.);
#10218 = ORIENTED_EDGE('',*,*,#8039,.T.);
#10219 = ORIENTED_EDGE('',*,*,#8025,.T.);
#10220 = ORIENTED_EDGE('',*,*,#8061,.T.);
#10221 = ORIENTED_EDGE('',*,*,#8114,.F.);
#10222 = ORIENTED_EDGE('',*,*,#8862,.F.);
#10223 = ORIENTED_EDGE('',*,*,#8893,.F.);
#10224 = ORIENTED_EDGE('',*,*,#8924,.F.);
#10225 = ORIENTED_EDGE('',*,*,#8938,.F.);
#10226 = ORIENTED_EDGE('',*,*,#8244,.F.);
#10227 = ORIENTED_EDGE('',*,*,#8970,.F.);
#10228 = ORIENTED_EDGE('',*,*,#10229,.T.);
#10229 = EDGE_CURVE('',#8961,#10230,#10232,.T.);
#10230 = VERTEX_POINT('',#10231);
#10231 = CARTESIAN_POINT('',(-42.43361870472,18.,0.));
#10232 = CIRCLE('',#10233,3.15);
#10233 = AXIS2_PLACEMENT_3D('',#10234,#10235,#10236);
#10234 = CARTESIAN_POINT('',(-40.,16.,0.));
#10235 = DIRECTION('',(0.,0.,1.));
#10236 = DIRECTION('',(1.,0.,0.));
#10237 = ORIENTED_EDGE('',*,*,#10238,.F.);
#10238 = EDGE_CURVE('',#10239,#10230,#10241,.T.);
#10239 = VERTEX_POINT('',#10240);
#10240 = CARTESIAN_POINT('',(-37.56638129527,18.,0.));
#10241 = LINE('',#10242,#10243);
#10242 = CARTESIAN_POINT('',(55.,18.,0.));
#10243 = VECTOR('',#10244,1.);
#10244 = DIRECTION('',(-1.,0.,0.));
#10245 = ORIENTED_EDGE('',*,*,#10246,.T.);
#10246 = EDGE_CURVE('',#10239,#9027,#10247,.T.);
#10247 = CIRCLE('',#10248,3.15);
#10248 = AXIS2_PLACEMENT_3D('',#10249,#10250,#10251);
#10249 = CARTESIAN_POINT('',(-40.,16.,0.));
#10250 = DIRECTION('',(0.,0.,1.));
#10251 = DIRECTION('',(1.,0.,0.));
#10252 = ORIENTED_EDGE('',*,*,#9034,.T.);
#10253 = ORIENTED_EDGE('',*,*,#8296,.F.);
#10254 = ORIENTED_EDGE('',*,*,#8320,.F.);
#10255 = ORIENTED_EDGE('',*,*,#8380,.F.);
#10256 = ORIENTED_EDGE('',*,*,#9094,.F.);
#10257 = ORIENTED_EDGE('',*,*,#10258,.T.);
#10258 = EDGE_CURVE('',#9085,#10259,#10261,.T.);
#10259 = VERTEX_POINT('',#10260);
#10260 = CARTESIAN_POINT('',(-22.43361870472,18.,0.));
#10261 = CIRCLE('',#10262,3.15);
#10262 = AXIS2_PLACEMENT_3D('',#10263,#10264,#10265);
#10263 = CARTESIAN_POINT('',(-20.,20.,0.));
#10264 = DIRECTION('',(0.,0.,1.));
#10265 = DIRECTION('',(1.,0.,0.));
#10266 = ORIENTED_EDGE('',*,*,#10267,.F.);
#10267 = EDGE_CURVE('',#10268,#10259,#10270,.T.);
#10268 = VERTEX_POINT('',#10269);
#10269 = CARTESIAN_POINT('',(-17.56638129527,18.,0.));
#10270 = LINE('',#10271,#10272);
#10271 = CARTESIAN_POINT('',(55.,18.,0.));
#10272 = VECTOR('',#10273,1.);
#10273 = DIRECTION('',(-1.,0.,0.));
#10274 = ORIENTED_EDGE('',*,*,#10275,.T.);
#10275 = EDGE_CURVE('',#10268,#10276,#10278,.T.);
#10276 = VERTEX_POINT('',#10277);
#10277 = CARTESIAN_POINT('',(-16.85,20.,0.));
#10278 = CIRCLE('',#10279,3.15);
#10279 = AXIS2_PLACEMENT_3D('',#10280,#10281,#10282);
#10280 = CARTESIAN_POINT('',(-20.,20.,0.));
#10281 = DIRECTION('',(0.,0.,1.));
#10282 = DIRECTION('',(1.,0.,0.));
#10283 = ORIENTED_EDGE('',*,*,#10284,.T.);
#10284 = EDGE_CURVE('',#10276,#9431,#10285,.T.);
#10285 = CIRCLE('',#10286,3.15);
#10286 = AXIS2_PLACEMENT_3D('',#10287,#10288,#10289);
#10287 = CARTESIAN_POINT('',(-20.,20.,0.));
#10288 = DIRECTION('',(0.,0.,1.));
#10289 = DIRECTION('',(1.,0.,0.));
#10290 = ORIENTED_EDGE('',*,*,#9438,.T.);
#10291 = ORIENTED_EDGE('',*,*,#9060,.F.);
#10292 = ORIENTED_EDGE('',*,*,#8406,.F.);
#10293 = ORIENTED_EDGE('',*,*,#8421,.F.);
#10294 = ORIENTED_EDGE('',*,*,#8488,.F.);
#10295 = ORIENTED_EDGE('',*,*,#9160,.F.);
#10296 = ORIENTED_EDGE('',*,*,#10297,.T.);
#10297 = EDGE_CURVE('',#9151,#10298,#10300,.T.);
#10298 = VERTEX_POINT('',#10299);
#10299 = CARTESIAN_POINT('',(-2.433618704728,18.,0.));
#10300 = CIRCLE('',#10301,3.15);
#10301 = AXIS2_PLACEMENT_3D('',#10302,#10303,#10304);
#10302 = CARTESIAN_POINT('',(0.,16.,0.));
#10303 = DIRECTION('',(0.,0.,1.));
#10304 = DIRECTION('',(1.,0.,0.));
#10305 = ORIENTED_EDGE('',*,*,#10306,.F.);
#10306 = EDGE_CURVE('',#10307,#10298,#10309,.T.);
#10307 = VERTEX_POINT('',#10308);
#10308 = CARTESIAN_POINT('',(2.433618704728,18.,0.));
#10309 = LINE('',#10310,#10311);
#10310 = CARTESIAN_POINT('',(55.,18.,0.));
#10311 = VECTOR('',#10312,1.);
#10312 = DIRECTION('',(-1.,0.,0.));
#10313 = ORIENTED_EDGE('',*,*,#10314,.T.);
#10314 = EDGE_CURVE('',#10307,#9217,#10315,.T.);
#10315 = CIRCLE('',#10316,3.15);
#10316 = AXIS2_PLACEMENT_3D('',#10317,#10318,#10319);
#10317 = CARTESIAN_POINT('',(0.,16.,0.));
#10318 = DIRECTION('',(0.,0.,1.));
#10319 = DIRECTION('',(1.,0.,0.));
#10320 = ORIENTED_EDGE('',*,*,#9224,.T.);
#10321 = ORIENTED_EDGE('',*,*,#8532,.F.);
#10322 = ORIENTED_EDGE('',*,*,#8556,.F.);
#10323 = ORIENTED_EDGE('',*,*,#8616,.F.);
#10324 = ORIENTED_EDGE('',*,*,#9284,.F.);
#10325 = ORIENTED_EDGE('',*,*,#10326,.T.);
#10326 = EDGE_CURVE('',#9275,#10327,#10329,.T.);
#10327 = VERTEX_POINT('',#10328);
#10328 = CARTESIAN_POINT('',(17.566381295272,18.,0.));
#10329 = CIRCLE('',#10330,3.15);
#10330 = AXIS2_PLACEMENT_3D('',#10331,#10332,#10333);
#10331 = CARTESIAN_POINT('',(20.,20.,0.));
#10332 = DIRECTION('',(0.,0.,1.));
#10333 = DIRECTION('',(1.,0.,0.));
#10334 = ORIENTED_EDGE('',*,*,#10335,.F.);
#10335 = EDGE_CURVE('',#10336,#10327,#10338,.T.);
#10336 = VERTEX_POINT('',#10337);
#10337 = CARTESIAN_POINT('',(22.433618704728,18.,0.));
#10338 = LINE('',#10339,#10340);
#10339 = CARTESIAN_POINT('',(55.,18.,0.));
#10340 = VECTOR('',#10341,1.);
#10341 = DIRECTION('',(-1.,0.,0.));
#10342 = ORIENTED_EDGE('',*,*,#10343,.T.);
#10343 = EDGE_CURVE('',#10336,#10344,#10346,.T.);
#10344 = VERTEX_POINT('',#10345);
#10345 = CARTESIAN_POINT('',(23.15,20.,0.));
#10346 = CIRCLE('',#10347,3.15);
#10347 = AXIS2_PLACEMENT_3D('',#10348,#10349,#10350);
#10348 = CARTESIAN_POINT('',(20.,20.,0.));
#10349 = DIRECTION('',(0.,0.,1.));
#10350 = DIRECTION('',(1.,0.,0.));
#10351 = ORIENTED_EDGE('',*,*,#10352,.T.);
#10352 = EDGE_CURVE('',#10344,#9455,#10353,.T.);
#10353 = CIRCLE('',#10354,3.15);
#10354 = AXIS2_PLACEMENT_3D('',#10355,#10356,#10357);
#10355 = CARTESIAN_POINT('',(20.,20.,0.));
#10356 = DIRECTION('',(0.,0.,1.));
#10357 = DIRECTION('',(1.,0.,0.));
#10358 = ORIENTED_EDGE('',*,*,#9462,.T.);
#10359 = ORIENTED_EDGE('',*,*,#9250,.F.);
#10360 = ORIENTED_EDGE('',*,*,#8642,.F.);
#10361 = ORIENTED_EDGE('',*,*,#8657,.F.);
#10362 = ORIENTED_EDGE('',*,*,#8724,.F.);
#10363 = ORIENTED_EDGE('',*,*,#9350,.F.);
#10364 = ORIENTED_EDGE('',*,*,#10365,.T.);
#10365 = EDGE_CURVE('',#9341,#10366,#10368,.T.);
#10366 = VERTEX_POINT('',#10367);
#10367 = CARTESIAN_POINT('',(37.566381295272,18.,0.));
#10368 = CIRCLE('',#10369,3.15);
#10369 = AXIS2_PLACEMENT_3D('',#10370,#10371,#10372);
#10370 = CARTESIAN_POINT('',(40.,16.,0.));
#10371 = DIRECTION('',(0.,0.,1.));
#10372 = DIRECTION('',(1.,0.,0.));
#10373 = ORIENTED_EDGE('',*,*,#10374,.F.);
#10374 = EDGE_CURVE('',#10375,#10366,#10377,.T.);
#10375 = VERTEX_POINT('',#10376);
#10376 = CARTESIAN_POINT('',(42.433618704728,18.,0.));
#10377 = LINE('',#10378,#10379);
#10378 = CARTESIAN_POINT('',(55.,18.,0.));
#10379 = VECTOR('',#10380,1.);
#10380 = DIRECTION('',(-1.,0.,0.));
#10381 = ORIENTED_EDGE('',*,*,#10382,.T.);
#10382 = EDGE_CURVE('',#10375,#9407,#10383,.T.);
#10383 = CIRCLE('',#10384,3.15);
#10384 = AXIS2_PLACEMENT_3D('',#10385,#10386,#10387);
#10385 = CARTESIAN_POINT('',(40.,16.,0.));
#10386 = DIRECTION('',(0.,0.,1.));
#10387 = DIRECTION('',(1.,0.,0.));
#10388 = ORIENTED_EDGE('',*,*,#9414,.T.);
#10389 = ORIENTED_EDGE('',*,*,#8768,.F.);
#10390 = ORIENTED_EDGE('',*,*,#8792,.F.);
#10391 = ORIENTED_EDGE('',*,*,#8831,.F.);
#10392 = ORIENTED_EDGE('',*,*,#8193,.F.);
#10393 = ORIENTED_EDGE('',*,*,#8162,.F.);
#10394 = ORIENTED_EDGE('',*,*,#7851,.F.);
#10395 = ORIENTED_EDGE('',*,*,#7758,.T.);
#10396 = PLANE('',#10397);
#10397 = AXIS2_PLACEMENT_3D('',#10398,#10399,#10400);
#10398 = CARTESIAN_POINT('',(5.603012761696E-03,13.917048804415,0.));
#10399 = DIRECTION('',(-0.,-0.,-1.));
#10400 = DIRECTION('',(-1.,0.,0.));
#10401 = ADVANCED_FACE('',(#10402),#10427,.F.);
#10402 = FACE_BOUND('',#10403,.F.);
#10403 = EDGE_LOOP('',(#10404,#10405,#10413,#10421));
#10404 = ORIENTED_EDGE('',*,*,#10238,.F.);
#10405 = ORIENTED_EDGE('',*,*,#10406,.T.);
#10406 = EDGE_CURVE('',#10239,#10407,#10409,.T.);
#10407 = VERTEX_POINT('',#10408);
#10408 = CARTESIAN_POINT('',(-37.56638129527,18.,8.));
#10409 = LINE('',#10410,#10411);
#10410 = CARTESIAN_POINT('',(-37.56638129527,18.,-1.));
#10411 = VECTOR('',#10412,1.);
#10412 = DIRECTION('',(0.,0.,1.));
#10413 = ORIENTED_EDGE('',*,*,#10414,.T.);
#10414 = EDGE_CURVE('',#10407,#10415,#10417,.T.);
#10415 = VERTEX_POINT('',#10416);
#10416 = CARTESIAN_POINT('',(-42.43361870472,18.,8.));
#10417 = LINE('',#10418,#10419);
#10418 = CARTESIAN_POINT('',(55.,18.,8.));
#10419 = VECTOR('',#10420,1.);
#10420 = DIRECTION('',(-1.,0.,0.));
#10421 = ORIENTED_EDGE('',*,*,#10422,.F.);
#10422 = EDGE_CURVE('',#10230,#10415,#10423,.T.);
#10423 = LINE('',#10424,#10425);
#10424 = CARTESIAN_POINT('',(-42.43361870472,18.,-1.));
#10425 = VECTOR('',#10426,1.);
#10426 = DIRECTION('',(0.,0.,1.));
#10427 = PLANE('',#10428);
#10428 = AXIS2_PLACEMENT_3D('',#10429,#10430,#10431);
#10429 = CARTESIAN_POINT('',(55.,18.,0.));
#10430 = DIRECTION('',(0.,-1.,0.));
#10431 = DIRECTION('',(-1.,0.,0.));
#10432 = ADVANCED_FACE('',(#10433),#10452,.T.);
#10433 = FACE_BOUND('',#10434,.T.);
#10434 = EDGE_LOOP('',(#10435,#10436,#10445));
#10435 = ORIENTED_EDGE('',*,*,#10414,.T.);
#10436 = ORIENTED_EDGE('',*,*,#10437,.T.);
#10437 = EDGE_CURVE('',#10415,#10438,#10440,.T.);
#10438 = VERTEX_POINT('',#10439);
#10439 = CARTESIAN_POINT('',(-36.85,16.,8.));
#10440 = CIRCLE('',#10441,3.15);
#10441 = AXIS2_PLACEMENT_3D('',#10442,#10443,#10444);
#10442 = CARTESIAN_POINT('',(-40.,16.,8.));
#10443 = DIRECTION('',(0.,0.,1.));
#10444 = DIRECTION('',(1.,0.,0.));
#10445 = ORIENTED_EDGE('',*,*,#10446,.T.);
#10446 = EDGE_CURVE('',#10438,#10407,#10447,.T.);
#10447 = CIRCLE('',#10448,3.15);
#10448 = AXIS2_PLACEMENT_3D('',#10449,#10450,#10451);
#10449 = CARTESIAN_POINT('',(-40.,16.,8.));
#10450 = DIRECTION('',(0.,0.,1.));
#10451 = DIRECTION('',(1.,0.,0.));
#10452 = PLANE('',#10453);
#10453 = AXIS2_PLACEMENT_3D('',#10454,#10455,#10456);
#10454 = CARTESIAN_POINT('',(3.538404331164E-16,14.,8.));
#10455 = DIRECTION('',(0.,0.,1.));
#10456 = DIRECTION('',(1.,0.,0.));
#10457 = ADVANCED_FACE('',(#10458),#10483,.F.);
#10458 = FACE_BOUND('',#10459,.F.);
#10459 = EDGE_LOOP('',(#10460,#10461,#10469,#10477));
#10460 = ORIENTED_EDGE('',*,*,#10267,.F.);
#10461 = ORIENTED_EDGE('',*,*,#10462,.T.);
#10462 = EDGE_CURVE('',#10268,#10463,#10465,.T.);
#10463 = VERTEX_POINT('',#10464);
#10464 = CARTESIAN_POINT('',(-17.56638129527,18.,8.));
#10465 = LINE('',#10466,#10467);
#10466 = CARTESIAN_POINT('',(-17.56638129527,18.,-1.));
#10467 = VECTOR('',#10468,1.);
#10468 = DIRECTION('',(0.,0.,1.));
#10469 = ORIENTED_EDGE('',*,*,#10470,.T.);
#10470 = EDGE_CURVE('',#10463,#10471,#10473,.T.);
#10471 = VERTEX_POINT('',#10472);
#10472 = CARTESIAN_POINT('',(-22.43361870472,18.,8.));
#10473 = LINE('',#10474,#10475);
#10474 = CARTESIAN_POINT('',(55.,18.,8.));
#10475 = VECTOR('',#10476,1.);
#10476 = DIRECTION('',(-1.,0.,0.));
#10477 = ORIENTED_EDGE('',*,*,#10478,.F.);
#10478 = EDGE_CURVE('',#10259,#10471,#10479,.T.);
#10479 = LINE('',#10480,#10481);
#10480 = CARTESIAN_POINT('',(-22.43361870472,18.,-1.));
#10481 = VECTOR('',#10482,1.);
#10482 = DIRECTION('',(0.,0.,1.));
#10483 = PLANE('',#10484);
#10484 = AXIS2_PLACEMENT_3D('',#10485,#10486,#10487);
#10485 = CARTESIAN_POINT('',(55.,18.,0.));
#10486 = DIRECTION('',(0.,-1.,0.));
#10487 = DIRECTION('',(-1.,0.,0.));
#10488 = ADVANCED_FACE('',(#10489),#10499,.T.);
#10489 = FACE_BOUND('',#10490,.T.);
#10490 = EDGE_LOOP('',(#10491,#10492));
#10491 = ORIENTED_EDGE('',*,*,#10470,.T.);
#10492 = ORIENTED_EDGE('',*,*,#10493,.T.);
#10493 = EDGE_CURVE('',#10471,#10463,#10494,.T.);
#10494 = CIRCLE('',#10495,3.15);
#10495 = AXIS2_PLACEMENT_3D('',#10496,#10497,#10498);
#10496 = CARTESIAN_POINT('',(-20.,20.,8.));
#10497 = DIRECTION('',(0.,0.,1.));
#10498 = DIRECTION('',(1.,0.,0.));
#10499 = PLANE('',#10500);
#10500 = AXIS2_PLACEMENT_3D('',#10501,#10502,#10503);
#10501 = CARTESIAN_POINT('',(3.538404331164E-16,14.,8.));
#10502 = DIRECTION('',(0.,0.,1.));
#10503 = DIRECTION('',(1.,0.,0.));
#10504 = ADVANCED_FACE('',(#10505),#10530,.F.);
#10505 = FACE_BOUND('',#10506,.F.);
#10506 = EDGE_LOOP('',(#10507,#10508,#10516,#10524));
#10507 = ORIENTED_EDGE('',*,*,#10306,.F.);
#10508 = ORIENTED_EDGE('',*,*,#10509,.T.);
#10509 = EDGE_CURVE('',#10307,#10510,#10512,.T.);
#10510 = VERTEX_POINT('',#10511);
#10511 = CARTESIAN_POINT('',(2.433618704728,18.,8.));
#10512 = LINE('',#10513,#10514);
#10513 = CARTESIAN_POINT('',(2.433618704728,18.,-1.));
#10514 = VECTOR('',#10515,1.);
#10515 = DIRECTION('',(0.,0.,1.));
#10516 = ORIENTED_EDGE('',*,*,#10517,.T.);
#10517 = EDGE_CURVE('',#10510,#10518,#10520,.T.);
#10518 = VERTEX_POINT('',#10519);
#10519 = CARTESIAN_POINT('',(-2.433618704728,18.,8.));
#10520 = LINE('',#10521,#10522);
#10521 = CARTESIAN_POINT('',(55.,18.,8.));
#10522 = VECTOR('',#10523,1.);
#10523 = DIRECTION('',(-1.,0.,0.));
#10524 = ORIENTED_EDGE('',*,*,#10525,.F.);
#10525 = EDGE_CURVE('',#10298,#10518,#10526,.T.);
#10526 = LINE('',#10527,#10528);
#10527 = CARTESIAN_POINT('',(-2.433618704728,18.,-1.));
#10528 = VECTOR('',#10529,1.);
#10529 = DIRECTION('',(0.,0.,1.));
#10530 = PLANE('',#10531);
#10531 = AXIS2_PLACEMENT_3D('',#10532,#10533,#10534);
#10532 = CARTESIAN_POINT('',(55.,18.,0.));
#10533 = DIRECTION('',(0.,-1.,0.));
#10534 = DIRECTION('',(-1.,0.,0.));
#10535 = ADVANCED_FACE('',(#10536),#10555,.T.);
#10536 = FACE_BOUND('',#10537,.T.);
#10537 = EDGE_LOOP('',(#10538,#10539,#10548));
#10538 = ORIENTED_EDGE('',*,*,#10517,.T.);
#10539 = ORIENTED_EDGE('',*,*,#10540,.T.);
#10540 = EDGE_CURVE('',#10518,#10541,#10543,.T.);
#10541 = VERTEX_POINT('',#10542);
#10542 = CARTESIAN_POINT('',(3.15,16.,8.));
#10543 = CIRCLE('',#10544,3.15);
#10544 = AXIS2_PLACEMENT_3D('',#10545,#10546,#10547);
#10545 = CARTESIAN_POINT('',(0.,16.,8.));
#10546 = DIRECTION('',(0.,0.,1.));
#10547 = DIRECTION('',(1.,0.,0.));
#10548 = ORIENTED_EDGE('',*,*,#10549,.T.);
#10549 = EDGE_CURVE('',#10541,#10510,#10550,.T.);
#10550 = CIRCLE('',#10551,3.15);
#10551 = AXIS2_PLACEMENT_3D('',#10552,#10553,#10554);
#10552 = CARTESIAN_POINT('',(0.,16.,8.));
#10553 = DIRECTION('',(0.,0.,1.));
#10554 = DIRECTION('',(1.,0.,0.));
#10555 = PLANE('',#10556);
#10556 = AXIS2_PLACEMENT_3D('',#10557,#10558,#10559);
#10557 = CARTESIAN_POINT('',(3.538404331164E-16,14.,8.));
#10558 = DIRECTION('',(0.,0.,1.));
#10559 = DIRECTION('',(1.,0.,0.));
#10560 = ADVANCED_FACE('',(#10561),#10586,.F.);
#10561 = FACE_BOUND('',#10562,.F.);
#10562 = EDGE_LOOP('',(#10563,#10564,#10572,#10580));
#10563 = ORIENTED_EDGE('',*,*,#10335,.F.);
#10564 = ORIENTED_EDGE('',*,*,#10565,.T.);
#10565 = EDGE_CURVE('',#10336,#10566,#10568,.T.);
#10566 = VERTEX_POINT('',#10567);
#10567 = CARTESIAN_POINT('',(22.433618704728,18.,8.));
#10568 = LINE('',#10569,#10570);
#10569 = CARTESIAN_POINT('',(22.433618704728,18.,-1.));
#10570 = VECTOR('',#10571,1.);
#10571 = DIRECTION('',(0.,0.,1.));
#10572 = ORIENTED_EDGE('',*,*,#10573,.T.);
#10573 = EDGE_CURVE('',#10566,#10574,#10576,.T.);
#10574 = VERTEX_POINT('',#10575);
#10575 = CARTESIAN_POINT('',(17.566381295272,18.,8.));
#10576 = LINE('',#10577,#10578);
#10577 = CARTESIAN_POINT('',(55.,18.,8.));
#10578 = VECTOR('',#10579,1.);
#10579 = DIRECTION('',(-1.,0.,0.));
#10580 = ORIENTED_EDGE('',*,*,#10581,.F.);
#10581 = EDGE_CURVE('',#10327,#10574,#10582,.T.);
#10582 = LINE('',#10583,#10584);
#10583 = CARTESIAN_POINT('',(17.566381295272,18.,-1.));
#10584 = VECTOR('',#10585,1.);
#10585 = DIRECTION('',(0.,0.,1.));
#10586 = PLANE('',#10587);
#10587 = AXIS2_PLACEMENT_3D('',#10588,#10589,#10590);
#10588 = CARTESIAN_POINT('',(55.,18.,0.));
#10589 = DIRECTION('',(0.,-1.,0.));
#10590 = DIRECTION('',(-1.,0.,0.));
#10591 = ADVANCED_FACE('',(#10592),#10602,.T.);
#10592 = FACE_BOUND('',#10593,.T.);
#10593 = EDGE_LOOP('',(#10594,#10595));
#10594 = ORIENTED_EDGE('',*,*,#10573,.T.);
#10595 = ORIENTED_EDGE('',*,*,#10596,.T.);
#10596 = EDGE_CURVE('',#10574,#10566,#10597,.T.);
#10597 = CIRCLE('',#10598,3.15);
#10598 = AXIS2_PLACEMENT_3D('',#10599,#10600,#10601);
#10599 = CARTESIAN_POINT('',(20.,20.,8.));
#10600 = DIRECTION('',(0.,0.,1.));
#10601 = DIRECTION('',(1.,0.,0.));
#10602 = PLANE('',#10603);
#10603 = AXIS2_PLACEMENT_3D('',#10604,#10605,#10606);
#10604 = CARTESIAN_POINT('',(3.538404331164E-16,14.,8.));
#10605 = DIRECTION('',(0.,0.,1.));
#10606 = DIRECTION('',(1.,0.,0.));
#10607 = ADVANCED_FACE('',(#10608),#10633,.F.);
#10608 = FACE_BOUND('',#10609,.F.);
#10609 = EDGE_LOOP('',(#10610,#10611,#10619,#10627));
#10610 = ORIENTED_EDGE('',*,*,#10374,.F.);
#10611 = ORIENTED_EDGE('',*,*,#10612,.T.);
#10612 = EDGE_CURVE('',#10375,#10613,#10615,.T.);
#10613 = VERTEX_POINT('',#10614);
#10614 = CARTESIAN_POINT('',(42.433618704728,18.,8.));
#10615 = LINE('',#10616,#10617);
#10616 = CARTESIAN_POINT('',(42.433618704728,18.,-1.));
#10617 = VECTOR('',#10618,1.);
#10618 = DIRECTION('',(0.,0.,1.));
#10619 = ORIENTED_EDGE('',*,*,#10620,.T.);
#10620 = EDGE_CURVE('',#10613,#10621,#10623,.T.);
#10621 = VERTEX_POINT('',#10622);
#10622 = CARTESIAN_POINT('',(37.566381295272,18.,8.));
#10623 = LINE('',#10624,#10625);
#10624 = CARTESIAN_POINT('',(55.,18.,8.));
#10625 = VECTOR('',#10626,1.);
#10626 = DIRECTION('',(-1.,0.,0.));
#10627 = ORIENTED_EDGE('',*,*,#10628,.F.);
#10628 = EDGE_CURVE('',#10366,#10621,#10629,.T.);
#10629 = LINE('',#10630,#10631);
#10630 = CARTESIAN_POINT('',(37.566381295272,18.,-1.));
#10631 = VECTOR('',#10632,1.);
#10632 = DIRECTION('',(0.,0.,1.));
#10633 = PLANE('',#10634);
#10634 = AXIS2_PLACEMENT_3D('',#10635,#10636,#10637);
#10635 = CARTESIAN_POINT('',(55.,18.,0.));
#10636 = DIRECTION('',(0.,-1.,0.));
#10637 = DIRECTION('',(-1.,0.,0.));
#10638 = ADVANCED_FACE('',(#10639),#10658,.T.);
#10639 = FACE_BOUND('',#10640,.T.);
#10640 = EDGE_LOOP('',(#10641,#10642,#10651));
#10641 = ORIENTED_EDGE('',*,*,#10620,.T.);
#10642 = ORIENTED_EDGE('',*,*,#10643,.T.);
#10643 = EDGE_CURVE('',#10621,#10644,#10646,.T.);
#10644 = VERTEX_POINT('',#10645);
#10645 = CARTESIAN_POINT('',(43.15,16.,8.));
#10646 = CIRCLE('',#10647,3.15);
#10647 = AXIS2_PLACEMENT_3D('',#10648,#10649,#10650);
#10648 = CARTESIAN_POINT('',(40.,16.,8.));
#10649 = DIRECTION('',(0.,0.,1.));
#10650 = DIRECTION('',(1.,0.,0.));
#10651 = ORIENTED_EDGE('',*,*,#10652,.T.);
#10652 = EDGE_CURVE('',#10644,#10613,#10653,.T.);
#10653 = CIRCLE('',#10654,3.15);
#10654 = AXIS2_PLACEMENT_3D('',#10655,#10656,#10657);
#10655 = CARTESIAN_POINT('',(40.,16.,8.));
#10656 = DIRECTION('',(0.,0.,1.));
#10657 = DIRECTION('',(1.,0.,0.));
#10658 = PLANE('',#10659);
#10659 = AXIS2_PLACEMENT_3D('',#10660,#10661,#10662);
#10660 = CARTESIAN_POINT('',(3.538404331164E-16,14.,8.));
#10661 = DIRECTION('',(0.,0.,1.));
#10662 = DIRECTION('',(1.,0.,0.));
#10663 = ADVANCED_FACE('',(#10664),#10676,.F.);
#10664 = FACE_BOUND('',#10665,.F.);
#10665 = EDGE_LOOP('',(#10666,#10667,#10668,#10669,#10670,#10671,#10672,
    #10673,#10674,#10675));
#10666 = ORIENTED_EDGE('',*,*,#10406,.F.);
#10667 = ORIENTED_EDGE('',*,*,#10246,.T.);
#10668 = ORIENTED_EDGE('',*,*,#9026,.T.);
#10669 = ORIENTED_EDGE('',*,*,#9001,.F.);
#10670 = ORIENTED_EDGE('',*,*,#9010,.F.);
#10671 = ORIENTED_EDGE('',*,*,#8960,.F.);
#10672 = ORIENTED_EDGE('',*,*,#10229,.T.);
#10673 = ORIENTED_EDGE('',*,*,#10422,.T.);
#10674 = ORIENTED_EDGE('',*,*,#10437,.T.);
#10675 = ORIENTED_EDGE('',*,*,#10446,.T.);
#10676 = CYLINDRICAL_SURFACE('',#10677,3.15);
#10677 = AXIS2_PLACEMENT_3D('',#10678,#10679,#10680);
#10678 = CARTESIAN_POINT('',(-40.,16.,-1.));
#10679 = DIRECTION('',(0.,0.,1.));
#10680 = DIRECTION('',(1.,0.,0.));
#10681 = ADVANCED_FACE('',(#10682),#10694,.F.);
#10682 = FACE_BOUND('',#10683,.F.);
#10683 = EDGE_LOOP('',(#10684,#10685,#10686,#10687,#10688,#10689,#10690,
    #10691,#10692,#10693));
#10684 = ORIENTED_EDGE('',*,*,#9430,.T.);
#10685 = ORIENTED_EDGE('',*,*,#9125,.F.);
#10686 = ORIENTED_EDGE('',*,*,#9134,.F.);
#10687 = ORIENTED_EDGE('',*,*,#9084,.F.);
#10688 = ORIENTED_EDGE('',*,*,#10258,.T.);
#10689 = ORIENTED_EDGE('',*,*,#10478,.T.);
#10690 = ORIENTED_EDGE('',*,*,#10493,.T.);
#10691 = ORIENTED_EDGE('',*,*,#10462,.F.);
#10692 = ORIENTED_EDGE('',*,*,#10275,.T.);
#10693 = ORIENTED_EDGE('',*,*,#10284,.T.);
#10694 = CYLINDRICAL_SURFACE('',#10695,3.15);
#10695 = AXIS2_PLACEMENT_3D('',#10696,#10697,#10698);
#10696 = CARTESIAN_POINT('',(-20.,20.,-1.));
#10697 = DIRECTION('',(0.,0.,1.));
#10698 = DIRECTION('',(1.,0.,0.));
#10699 = ADVANCED_FACE('',(#10700),#10712,.F.);
#10700 = FACE_BOUND('',#10701,.F.);
#10701 = EDGE_LOOP('',(#10702,#10703,#10704,#10705,#10706,#10707,#10708,
    #10709,#10710,#10711));
#10702 = ORIENTED_EDGE('',*,*,#10509,.F.);
#10703 = ORIENTED_EDGE('',*,*,#10314,.T.);
#10704 = ORIENTED_EDGE('',*,*,#9216,.T.);
#10705 = ORIENTED_EDGE('',*,*,#9191,.F.);
#10706 = ORIENTED_EDGE('',*,*,#9200,.F.);
#10707 = ORIENTED_EDGE('',*,*,#9150,.F.);
#10708 = ORIENTED_EDGE('',*,*,#10297,.T.);
#10709 = ORIENTED_EDGE('',*,*,#10525,.T.);
#10710 = ORIENTED_EDGE('',*,*,#10540,.T.);
#10711 = ORIENTED_EDGE('',*,*,#10549,.T.);
#10712 = CYLINDRICAL_SURFACE('',#10713,3.15);
#10713 = AXIS2_PLACEMENT_3D('',#10714,#10715,#10716);
#10714 = CARTESIAN_POINT('',(0.,16.,-1.));
#10715 = DIRECTION('',(0.,0.,1.));
#10716 = DIRECTION('',(1.,0.,0.));
#10717 = ADVANCED_FACE('',(#10718),#10730,.F.);
#10718 = FACE_BOUND('',#10719,.F.);
#10719 = EDGE_LOOP('',(#10720,#10721,#10722,#10723,#10724,#10725,#10726,
    #10727,#10728,#10729));
#10720 = ORIENTED_EDGE('',*,*,#9454,.T.);
#10721 = ORIENTED_EDGE('',*,*,#9315,.F.);
#10722 = ORIENTED_EDGE('',*,*,#9324,.F.);
#10723 = ORIENTED_EDGE('',*,*,#9274,.F.);
#10724 = ORIENTED_EDGE('',*,*,#10326,.T.);
#10725 = ORIENTED_EDGE('',*,*,#10581,.T.);
#10726 = ORIENTED_EDGE('',*,*,#10596,.T.);
#10727 = ORIENTED_EDGE('',*,*,#10565,.F.);
#10728 = ORIENTED_EDGE('',*,*,#10343,.T.);
#10729 = ORIENTED_EDGE('',*,*,#10352,.T.);
#10730 = CYLINDRICAL_SURFACE('',#10731,3.15);
#10731 = AXIS2_PLACEMENT_3D('',#10732,#10733,#10734);
#10732 = CARTESIAN_POINT('',(20.,20.,-1.));
#10733 = DIRECTION('',(0.,0.,1.));
#10734 = DIRECTION('',(1.,0.,0.));
#10735 = ADVANCED_FACE('',(#10736),#10748,.F.);
#10736 = FACE_BOUND('',#10737,.F.);
#10737 = EDGE_LOOP('',(#10738,#10739,#10740,#10741,#10742,#10743,#10744,
    #10745,#10746,#10747));
#10738 = ORIENTED_EDGE('',*,*,#10612,.F.);
#10739 = ORIENTED_EDGE('',*,*,#10382,.T.);
#10740 = ORIENTED_EDGE('',*,*,#9406,.T.);
#10741 = ORIENTED_EDGE('',*,*,#9381,.F.);
#10742 = ORIENTED_EDGE('',*,*,#9390,.F.);
#10743 = ORIENTED_EDGE('',*,*,#9340,.F.);
#10744 = ORIENTED_EDGE('',*,*,#10365,.T.);
#10745 = ORIENTED_EDGE('',*,*,#10628,.T.);
#10746 = ORIENTED_EDGE('',*,*,#10643,.T.);
#10747 = ORIENTED_EDGE('',*,*,#10652,.T.);
#10748 = CYLINDRICAL_SURFACE('',#10749,3.15);
#10749 = AXIS2_PLACEMENT_3D('',#10750,#10751,#10752);
#10750 = CARTESIAN_POINT('',(40.,16.,-1.));
#10751 = DIRECTION('',(0.,0.,1.));
#10752 = DIRECTION('',(1.,0.,0.));
#10753 = ADVANCED_FACE('',(#10754),#10764,.T.);
#10754 = FACE_BOUND('',#10755,.T.);
#10755 = EDGE_LOOP('',(#10756,#10757,#10758,#10759,#10760,#10761,#10762,
    #10763));
#10756 = ORIENTED_EDGE('',*,*,#657,.F.);
#10757 = ORIENTED_EDGE('',*,*,#247,.F.);
#10758 = ORIENTED_EDGE('',*,*,#3565,.F.);
#10759 = ORIENTED_EDGE('',*,*,#3602,.T.);
#10760 = ORIENTED_EDGE('',*,*,#1480,.T.);
#10761 = ORIENTED_EDGE('',*,*,#1473,.T.);
#10762 = ORIENTED_EDGE('',*,*,#622,.T.);
#10763 = ORIENTED_EDGE('',*,*,#395,.F.);
#10764 = B_SPLINE_SURFACE_WITH_KNOTS('',1,1,(
    (#10765,#10766)
    ,(#10767,#10768
    )),.UNSPECIFIED.,.F.,.F.,.F.,(2,2),(2,2),(0.,12.),(0.,1.),
  .PIECEWISE_BEZIER_KNOTS.);
#10765 = CARTESIAN_POINT('',(19.,-21.,187.));
#10766 = CARTESIAN_POINT('',(19.,-17.,198.));
#10767 = CARTESIAN_POINT('',(19.,-9.,187.));
#10768 = CARTESIAN_POINT('',(19.,-7.,198.));
#10769 = ADVANCED_FACE('',(#10770),#10780,.T.);
#10770 = FACE_BOUND('',#10771,.T.);
#10771 = EDGE_LOOP('',(#10772,#10773,#10774,#10775,#10776,#10777,#10778,
    #10779));
#10772 = ORIENTED_EDGE('',*,*,#1569,.F.);
#10773 = ORIENTED_EDGE('',*,*,#1561,.T.);
#10774 = ORIENTED_EDGE('',*,*,#3580,.T.);
#10775 = ORIENTED_EDGE('',*,*,#3550,.T.);
#10776 = ORIENTED_EDGE('',*,*,#1769,.T.);
#10777 = ORIENTED_EDGE('',*,*,#651,.T.);
#10778 = ORIENTED_EDGE('',*,*,#369,.F.);
#10779 = ORIENTED_EDGE('',*,*,#593,.T.);
#10780 = B_SPLINE_SURFACE_WITH_KNOTS('',1,1,(
    (#10781,#10782)
    ,(#10783,#10784
    )),.UNSPECIFIED.,.F.,.F.,.F.,(2,2),(2,2),(0.,12.),(0.,1.),
  .PIECEWISE_BEZIER_KNOTS.);
#10781 = CARTESIAN_POINT('',(13.,-9.,187.));
#10782 = CARTESIAN_POINT('',(13.,-7.,198.));
#10783 = CARTESIAN_POINT('',(13.,-21.,187.));
#10784 = CARTESIAN_POINT('',(13.,-17.,198.));
#10785 = ADVANCED_FACE('',(#10786),#10796,.T.);
#10786 = FACE_BOUND('',#10787,.T.);
#10787 = EDGE_LOOP('',(#10788,#10789,#10790,#10791,#10792,#10793,#10794,
    #10795));
#10788 = ORIENTED_EDGE('',*,*,#677,.F.);
#10789 = ORIENTED_EDGE('',*,*,#186,.F.);
#10790 = ORIENTED_EDGE('',*,*,#3648,.F.);
#10791 = ORIENTED_EDGE('',*,*,#3685,.T.);
#10792 = ORIENTED_EDGE('',*,*,#1641,.T.);
#10793 = ORIENTED_EDGE('',*,*,#1634,.T.);
#10794 = ORIENTED_EDGE('',*,*,#587,.T.);
#10795 = ORIENTED_EDGE('',*,*,#342,.F.);
#10796 = B_SPLINE_SURFACE_WITH_KNOTS('',1,1,(
    (#10797,#10798)
    ,(#10799,#10800
    )),.UNSPECIFIED.,.F.,.F.,.F.,(2,2),(2,2),(0.,12.),(0.,1.),
  .PIECEWISE_BEZIER_KNOTS.);
#10797 = CARTESIAN_POINT('',(-13.,-21.,187.));
#10798 = CARTESIAN_POINT('',(-13.,-17.,198.));
#10799 = CARTESIAN_POINT('',(-13.,-9.,187.));
#10800 = CARTESIAN_POINT('',(-13.,-7.,198.));
#10801 = ADVANCED_FACE('',(#10802),#10812,.T.);
#10802 = FACE_BOUND('',#10803,.T.);
#10803 = EDGE_LOOP('',(#10804,#10805,#10806,#10807,#10808,#10809,#10810,
    #10811));
#10804 = ORIENTED_EDGE('',*,*,#1731,.F.);
#10805 = ORIENTED_EDGE('',*,*,#1723,.T.);
#10806 = ORIENTED_EDGE('',*,*,#3663,.T.);
#10807 = ORIENTED_EDGE('',*,*,#3633,.T.);
#10808 = ORIENTED_EDGE('',*,*,#1790,.T.);
#10809 = ORIENTED_EDGE('',*,*,#671,.T.);
#10810 = ORIENTED_EDGE('',*,*,#316,.F.);
#10811 = ORIENTED_EDGE('',*,*,#558,.T.);
#10812 = B_SPLINE_SURFACE_WITH_KNOTS('',1,1,(
    (#10813,#10814)
    ,(#10815,#10816
    )),.UNSPECIFIED.,.F.,.F.,.F.,(2,2),(2,2),(0.,12.),(0.,1.),
  .PIECEWISE_BEZIER_KNOTS.);
#10813 = CARTESIAN_POINT('',(-19.,-9.,187.));
#10814 = CARTESIAN_POINT('',(-19.,-7.,198.));
#10815 = CARTESIAN_POINT('',(-19.,-21.,187.));
#10816 = CARTESIAN_POINT('',(-19.,-17.,198.));
#10817 = ( GEOMETRIC_REPRESENTATION_CONTEXT(3) 
GLOBAL_UNCERTAINTY_ASSIGNED_CONTEXT((#10821)) 
GLOBAL_UNIT_ASSIGNED_CONTEXT((#10818,#10819,#10820)) 
REPRESENTATION_CONTEXT('Context #1',
  '3D Context with UNIT and UNCERTAINTY') );
#10818 = ( LENGTH_UNIT() NAMED_UNIT(*) SI_UNIT(.MILLI.,.METRE.) );
#10819 = ( NAMED_UNIT(*) PLANE_ANGLE_UNIT() SI_UNIT($,.RADIAN.) );
#10820 = ( NAMED_UNIT(*) SI_UNIT($,.STERADIAN.) SOLID_ANGLE_UNIT() );
#10821 = UNCERTAINTY_MEASURE_WITH_UNIT(LENGTH_MEASURE(2.E-06),#10818,
  'distance_accuracy_value','confusion accuracy');
#10822 = PRODUCT_RELATED_PRODUCT_CATEGORY('part',$,(#7));
ENDSEC;
END-ISO-10303-21;
