ISO-10303-21;
HEADER;
FILE_DESCRIPTION(('FreeCAD Model'),'2;1');
FILE_NAME('Open CASCADE Shape Model','2026-09-08T15:47:22',('FreeCAD'),(
    'FreeCAD'),'Open CASCADE STEP processor 7.8','FreeCAD','Unknown');
FILE_SCHEMA(('AUTOMOTIVE_DESIGN { 1 0 10303 214 1 1 1 1 }'));
ENDSEC;
DATA;
#1 = APPLICATION_PROTOCOL_DEFINITION('international standard',
  'automotive_design',2000,#2);
#2 = APPLICATION_CONTEXT(
  'core data for automotive mechanical design processes');
#3 = SHAPE_DEFINITION_REPRESENTATION(#4,#10);
#4 = PRODUCT_DEFINITION_SHAPE('','',#5);
#5 = PRODUCT_DEFINITION('design','',#6,#9);
#6 = PRODUCT_DEFINITION_FORMATION('','',#7);
#7 = PRODUCT('Open CASCADE STEP translator 7.8 2',
  'Open CASCADE STEP translator 7.8 2','',(#8));
#8 = PRODUCT_CONTEXT('',#2,'mechanical');
#9 = PRODUCT_DEFINITION_CONTEXT('part definition',#2,'design');
#10 = ADVANCED_BREP_SHAPE_REPRESENTATION('',(#11,#15),#2330);
#11 = AXIS2_PLACEMENT_3D('',#12,#13,#14);
#12 = CARTESIAN_POINT('',(0.,0.,0.));
#13 = DIRECTION('',(0.,0.,1.));
#14 = DIRECTION('',(1.,0.,-0.));
#15 = MANIFOLD_SOLID_BREP('',#16);
#16 = CLOSED_SHELL('',(#17,#57,#104,#135,#166,#206,#246,#270,#294,#318,
    #342,#559,#590,#693,#715,#732,#749,#761,#778,#800,#817,#834,#881,
    #905,#929,#953,#993,#1010,#1109,#1126,#1161,#1215,#1239,#1263,#1287,
    #1311,#1328,#1342,#1441,#1472,#1496,#1527,#1551,#1568,#1599,#1662,
    #1748,#1779,#1810,#1841,#1863,#1887,#1943,#1960,#1977,#1994,#2011,
    #2028,#2040,#2065,#2090,#2118,#2142,#2175,#2199,#2216,#2248,#2266,
    #2284,#2300,#2316));
#17 = ADVANCED_FACE('',(#18),#52,.T.);
#18 = FACE_BOUND('',#19,.F.);
#19 = EDGE_LOOP('',(#20,#30,#38,#46));
#20 = ORIENTED_EDGE('',*,*,#21,.F.);
#21 = EDGE_CURVE('',#22,#24,#26,.T.);
#22 = VERTEX_POINT('',#23);
#23 = CARTESIAN_POINT('',(-15.,6.661338147751E-15,3.552713678801E-15));
#24 = VERTEX_POINT('',#25);
#25 = CARTESIAN_POINT('',(15.,6.661338147751E-15,3.552713678801E-15));
#26 = LINE('',#27,#28);
#27 = CARTESIAN_POINT('',(-15.,6.661338147751E-15,3.552713678801E-15));
#28 = VECTOR('',#29,1.);
#29 = DIRECTION('',(1.,0.,0.));
#30 = ORIENTED_EDGE('',*,*,#31,.T.);
#31 = EDGE_CURVE('',#22,#32,#34,.T.);
#32 = VERTEX_POINT('',#33);
#33 = CARTESIAN_POINT('',(-15.,5.329070518201E-15,6.));
#34 = LINE('',#35,#36);
#35 = CARTESIAN_POINT('',(-15.,6.661338147751E-15,3.552713678801E-15));
#36 = VECTOR('',#37,1.);
#37 = DIRECTION('',(0.,-2.22044604925E-16,1.));
#38 = ORIENTED_EDGE('',*,*,#39,.T.);
#39 = EDGE_CURVE('',#32,#40,#42,.T.);
#40 = VERTEX_POINT('',#41);
#41 = CARTESIAN_POINT('',(15.,5.329070518201E-15,6.));
#42 = LINE('',#43,#44);
#43 = CARTESIAN_POINT('',(-15.,5.329070518201E-15,6.));
#44 = VECTOR('',#45,1.);
#45 = DIRECTION('',(1.,0.,0.));
#46 = ORIENTED_EDGE('',*,*,#47,.F.);
#47 = EDGE_CURVE('',#24,#40,#48,.T.);
#48 = LINE('',#49,#50);
#49 = CARTESIAN_POINT('',(15.,6.661338147751E-15,3.552713678801E-15));
#50 = VECTOR('',#51,1.);
#51 = DIRECTION('',(0.,-2.22044604925E-16,1.));
#52 = PLANE('',#53);
#53 = AXIS2_PLACEMENT_3D('',#54,#55,#56);
#54 = CARTESIAN_POINT('',(-15.,6.661338147751E-15,3.552713678801E-15));
#55 = DIRECTION('',(0.,-1.,-2.22044604925E-16));
#56 = DIRECTION('',(-1.,0.,0.));
#57 = ADVANCED_FACE('',(#58),#99,.F.);
#58 = FACE_BOUND('',#59,.T.);
#59 = EDGE_LOOP('',(#60,#70,#76,#77,#85,#93));
#60 = ORIENTED_EDGE('',*,*,#61,.T.);
#61 = EDGE_CURVE('',#62,#64,#66,.T.);
#62 = VERTEX_POINT('',#63);
#63 = CARTESIAN_POINT('',(-16.,-4.,6.));
#64 = VERTEX_POINT('',#65);
#65 = CARTESIAN_POINT('',(-16.,5.329070518201E-15,6.));
#66 = LINE('',#67,#68);
#67 = CARTESIAN_POINT('',(-16.,-4.,6.));
#68 = VECTOR('',#69,1.);
#69 = DIRECTION('',(0.,1.,2.22044604925E-16));
#70 = ORIENTED_EDGE('',*,*,#71,.T.);
#71 = EDGE_CURVE('',#64,#32,#72,.T.);
#72 = LINE('',#73,#74);
#73 = CARTESIAN_POINT('',(-16.,5.329070518201E-15,6.));
#74 = VECTOR('',#75,1.);
#75 = DIRECTION('',(1.,0.,0.));
#76 = ORIENTED_EDGE('',*,*,#39,.T.);
#77 = ORIENTED_EDGE('',*,*,#78,.T.);
#78 = EDGE_CURVE('',#40,#79,#81,.T.);
#79 = VERTEX_POINT('',#80);
#80 = CARTESIAN_POINT('',(16.,5.329070518201E-15,6.));
#81 = LINE('',#82,#83);
#82 = CARTESIAN_POINT('',(-16.,5.329070518201E-15,6.));
#83 = VECTOR('',#84,1.);
#84 = DIRECTION('',(1.,0.,0.));
#85 = ORIENTED_EDGE('',*,*,#86,.F.);
#86 = EDGE_CURVE('',#87,#79,#89,.T.);
#87 = VERTEX_POINT('',#88);
#88 = CARTESIAN_POINT('',(16.,-4.,6.));
#89 = LINE('',#90,#91);
#90 = CARTESIAN_POINT('',(16.,-4.,6.));
#91 = VECTOR('',#92,1.);
#92 = DIRECTION('',(0.,1.,2.22044604925E-16));
#93 = ORIENTED_EDGE('',*,*,#94,.F.);
#94 = EDGE_CURVE('',#62,#87,#95,.T.);
#95 = LINE('',#96,#97);
#96 = CARTESIAN_POINT('',(-16.,-4.,6.));
#97 = VECTOR('',#98,1.);
#98 = DIRECTION('',(1.,0.,0.));
#99 = PLANE('',#100);
#100 = AXIS2_PLACEMENT_3D('',#101,#102,#103);
#101 = CARTESIAN_POINT('',(-16.,-4.,6.));
#102 = DIRECTION('',(0.,-2.22044604925E-16,1.));
#103 = DIRECTION('',(-1.,0.,0.));
#104 = ADVANCED_FACE('',(#105),#130,.F.);
#105 = FACE_BOUND('',#106,.T.);
#106 = EDGE_LOOP('',(#107,#117,#123,#124));
#107 = ORIENTED_EDGE('',*,*,#108,.T.);
#108 = EDGE_CURVE('',#109,#111,#113,.T.);
#109 = VERTEX_POINT('',#110);
#110 = CARTESIAN_POINT('',(-19.,-4.,9.));
#111 = VERTEX_POINT('',#112);
#112 = CARTESIAN_POINT('',(-19.,4.662936703426E-15,9.));
#113 = LINE('',#114,#115);
#114 = CARTESIAN_POINT('',(-19.,-4.,9.));
#115 = VECTOR('',#116,1.);
#116 = DIRECTION('',(0.,1.,2.22044604925E-16));
#117 = ORIENTED_EDGE('',*,*,#118,.T.);
#118 = EDGE_CURVE('',#111,#64,#119,.T.);
#119 = LINE('',#120,#121);
#120 = CARTESIAN_POINT('',(-19.,4.440892098501E-15,9.));
#121 = VECTOR('',#122,1.);
#122 = DIRECTION('',(0.707106781187,1.570092458684E-16,-0.707106781187)
  );
#123 = ORIENTED_EDGE('',*,*,#61,.F.);
#124 = ORIENTED_EDGE('',*,*,#125,.F.);
#125 = EDGE_CURVE('',#109,#62,#126,.T.);
#126 = LINE('',#127,#128);
#127 = CARTESIAN_POINT('',(-19.,-4.,9.));
#128 = VECTOR('',#129,1.);
#129 = DIRECTION('',(0.707106781187,1.570092458684E-16,-0.707106781187)
  );
#130 = PLANE('',#131);
#131 = AXIS2_PLACEMENT_3D('',#132,#133,#134);
#132 = CARTESIAN_POINT('',(-19.,-4.,9.));
#133 = DIRECTION('',(0.707106781187,-1.570092458684E-16,0.707106781187)
  );
#134 = DIRECTION('',(-0.707106781187,-1.570092458684E-16,0.707106781187)
  );
#135 = ADVANCED_FACE('',(#136),#161,.F.);
#136 = FACE_BOUND('',#137,.T.);
#137 = EDGE_LOOP('',(#138,#139,#147,#155));
#138 = ORIENTED_EDGE('',*,*,#86,.T.);
#139 = ORIENTED_EDGE('',*,*,#140,.T.);
#140 = EDGE_CURVE('',#79,#141,#143,.T.);
#141 = VERTEX_POINT('',#142);
#142 = CARTESIAN_POINT('',(19.,4.662936703426E-15,9.));
#143 = LINE('',#144,#145);
#144 = CARTESIAN_POINT('',(16.,5.329070518201E-15,6.));
#145 = VECTOR('',#146,1.);
#146 = DIRECTION('',(0.707106781187,-1.570092458684E-16,0.707106781187)
  );
#147 = ORIENTED_EDGE('',*,*,#148,.F.);
#148 = EDGE_CURVE('',#149,#141,#151,.T.);
#149 = VERTEX_POINT('',#150);
#150 = CARTESIAN_POINT('',(19.,-4.,9.));
#151 = LINE('',#152,#153);
#152 = CARTESIAN_POINT('',(19.,-4.,9.));
#153 = VECTOR('',#154,1.);
#154 = DIRECTION('',(0.,1.,2.22044604925E-16));
#155 = ORIENTED_EDGE('',*,*,#156,.F.);
#156 = EDGE_CURVE('',#87,#149,#157,.T.);
#157 = LINE('',#158,#159);
#158 = CARTESIAN_POINT('',(16.,-4.,6.));
#159 = VECTOR('',#160,1.);
#160 = DIRECTION('',(0.707106781187,-1.570092458684E-16,0.707106781187)
  );
#161 = PLANE('',#162);
#162 = AXIS2_PLACEMENT_3D('',#163,#164,#165);
#163 = CARTESIAN_POINT('',(16.,-4.,6.));
#164 = DIRECTION('',(-0.707106781187,-1.570092458684E-16,0.707106781187)
  );
#165 = DIRECTION('',(-0.707106781187,1.570092458684E-16,-0.707106781187)
  );
#166 = ADVANCED_FACE('',(#167),#201,.T.);
#167 = FACE_BOUND('',#168,.F.);
#168 = EDGE_LOOP('',(#169,#177,#178,#179,#187,#195));
#169 = ORIENTED_EDGE('',*,*,#170,.T.);
#170 = EDGE_CURVE('',#171,#111,#173,.T.);
#171 = VERTEX_POINT('',#172);
#172 = CARTESIAN_POINT('',(-19.,3.663735981263E-15,13.5));
#173 = LINE('',#174,#175);
#174 = CARTESIAN_POINT('',(-19.,3.552713678801E-15,13.5));
#175 = VECTOR('',#176,1.);
#176 = DIRECTION('',(-0.,2.22044604925E-16,-1.));
#177 = ORIENTED_EDGE('',*,*,#118,.T.);
#178 = ORIENTED_EDGE('',*,*,#71,.T.);
#179 = ORIENTED_EDGE('',*,*,#180,.T.);
#180 = EDGE_CURVE('',#32,#181,#183,.T.);
#181 = VERTEX_POINT('',#182);
#182 = CARTESIAN_POINT('',(-15.,2.997602166488E-15,16.5));
#183 = LINE('',#184,#185);
#184 = CARTESIAN_POINT('',(-15.,6.661338147751E-15,3.552713678801E-15));
#185 = VECTOR('',#186,1.);
#186 = DIRECTION('',(0.,-2.22044604925E-16,1.));
#187 = ORIENTED_EDGE('',*,*,#188,.T.);
#188 = EDGE_CURVE('',#181,#189,#191,.T.);
#189 = VERTEX_POINT('',#190);
#190 = CARTESIAN_POINT('',(-16.,2.997602166488E-15,16.5));
#191 = LINE('',#192,#193);
#192 = CARTESIAN_POINT('',(16.,3.10862446895E-15,16.5));
#193 = VECTOR('',#194,1.);
#194 = DIRECTION('',(-1.,-0.,0.));
#195 = ORIENTED_EDGE('',*,*,#196,.T.);
#196 = EDGE_CURVE('',#189,#171,#197,.T.);
#197 = LINE('',#198,#199);
#198 = CARTESIAN_POINT('',(-16.,3.10862446895E-15,16.5));
#199 = VECTOR('',#200,1.);
#200 = DIRECTION('',(-0.707106781187,1.570092458684E-16,-0.707106781187)
  );
#201 = PLANE('',#202);
#202 = AXIS2_PLACEMENT_3D('',#203,#204,#205);
#203 = CARTESIAN_POINT('',(3.948751202916E-16,3.996802888651E-15,11.25)
  );
#204 = DIRECTION('',(0.,1.,2.22044604925E-16));
#205 = DIRECTION('',(-1.,0.,0.));
#206 = ADVANCED_FACE('',(#207),#241,.T.);
#207 = FACE_BOUND('',#208,.F.);
#208 = EDGE_LOOP('',(#209,#217,#218,#219,#227,#235));
#209 = ORIENTED_EDGE('',*,*,#210,.F.);
#210 = EDGE_CURVE('',#40,#211,#213,.T.);
#211 = VERTEX_POINT('',#212);
#212 = CARTESIAN_POINT('',(15.,2.997602166488E-15,16.5));
#213 = LINE('',#214,#215);
#214 = CARTESIAN_POINT('',(15.,5.329070518201E-15,6.));
#215 = VECTOR('',#216,1.);
#216 = DIRECTION('',(0.,-2.22044604925E-16,1.));
#217 = ORIENTED_EDGE('',*,*,#78,.T.);
#218 = ORIENTED_EDGE('',*,*,#140,.T.);
#219 = ORIENTED_EDGE('',*,*,#220,.T.);
#220 = EDGE_CURVE('',#141,#221,#223,.T.);
#221 = VERTEX_POINT('',#222);
#222 = CARTESIAN_POINT('',(19.,3.663735981263E-15,13.5));
#223 = LINE('',#224,#225);
#224 = CARTESIAN_POINT('',(19.,4.440892098501E-15,9.));
#225 = VECTOR('',#226,1.);
#226 = DIRECTION('',(0.,-2.22044604925E-16,1.));
#227 = ORIENTED_EDGE('',*,*,#228,.T.);
#228 = EDGE_CURVE('',#221,#229,#231,.T.);
#229 = VERTEX_POINT('',#230);
#230 = CARTESIAN_POINT('',(16.,2.997602166488E-15,16.5));
#231 = LINE('',#232,#233);
#232 = CARTESIAN_POINT('',(19.,3.552713678801E-15,13.5));
#233 = VECTOR('',#234,1.);
#234 = DIRECTION('',(-0.707106781187,-1.570092458684E-16,0.707106781187)
  );
#235 = ORIENTED_EDGE('',*,*,#236,.T.);
#236 = EDGE_CURVE('',#229,#211,#237,.T.);
#237 = LINE('',#238,#239);
#238 = CARTESIAN_POINT('',(16.,3.10862446895E-15,16.5));
#239 = VECTOR('',#240,1.);
#240 = DIRECTION('',(-1.,-0.,0.));
#241 = PLANE('',#242);
#242 = AXIS2_PLACEMENT_3D('',#243,#244,#245);
#243 = CARTESIAN_POINT('',(3.948751202916E-16,3.996802888651E-15,11.25)
  );
#244 = DIRECTION('',(0.,1.,2.22044604925E-16));
#245 = DIRECTION('',(-1.,0.,0.));
#246 = ADVANCED_FACE('',(#247),#265,.F.);
#247 = FACE_BOUND('',#248,.T.);
#248 = EDGE_LOOP('',(#249,#257,#258,#259));
#249 = ORIENTED_EDGE('',*,*,#250,.T.);
#250 = EDGE_CURVE('',#251,#171,#253,.T.);
#251 = VERTEX_POINT('',#252);
#252 = CARTESIAN_POINT('',(-19.,-4.,13.5));
#253 = LINE('',#254,#255);
#254 = CARTESIAN_POINT('',(-19.,-4.,13.5));
#255 = VECTOR('',#256,1.);
#256 = DIRECTION('',(0.,1.,2.22044604925E-16));
#257 = ORIENTED_EDGE('',*,*,#170,.T.);
#258 = ORIENTED_EDGE('',*,*,#108,.F.);
#259 = ORIENTED_EDGE('',*,*,#260,.F.);
#260 = EDGE_CURVE('',#251,#109,#261,.T.);
#261 = LINE('',#262,#263);
#262 = CARTESIAN_POINT('',(-19.,-4.,13.5));
#263 = VECTOR('',#264,1.);
#264 = DIRECTION('',(-0.,2.22044604925E-16,-1.));
#265 = PLANE('',#266);
#266 = AXIS2_PLACEMENT_3D('',#267,#268,#269);
#267 = CARTESIAN_POINT('',(-19.,-4.,13.5));
#268 = DIRECTION('',(1.,0.,0.));
#269 = DIRECTION('',(0.,-2.22044604925E-16,1.));
#270 = ADVANCED_FACE('',(#271),#289,.F.);
#271 = FACE_BOUND('',#272,.T.);
#272 = EDGE_LOOP('',(#273,#274,#275,#283));
#273 = ORIENTED_EDGE('',*,*,#148,.T.);
#274 = ORIENTED_EDGE('',*,*,#220,.T.);
#275 = ORIENTED_EDGE('',*,*,#276,.F.);
#276 = EDGE_CURVE('',#277,#221,#279,.T.);
#277 = VERTEX_POINT('',#278);
#278 = CARTESIAN_POINT('',(19.,-4.,13.5));
#279 = LINE('',#280,#281);
#280 = CARTESIAN_POINT('',(19.,-4.,13.5));
#281 = VECTOR('',#282,1.);
#282 = DIRECTION('',(0.,1.,2.22044604925E-16));
#283 = ORIENTED_EDGE('',*,*,#284,.F.);
#284 = EDGE_CURVE('',#149,#277,#285,.T.);
#285 = LINE('',#286,#287);
#286 = CARTESIAN_POINT('',(19.,-4.,9.));
#287 = VECTOR('',#288,1.);
#288 = DIRECTION('',(0.,-2.22044604925E-16,1.));
#289 = PLANE('',#290);
#290 = AXIS2_PLACEMENT_3D('',#291,#292,#293);
#291 = CARTESIAN_POINT('',(19.,-4.,9.));
#292 = DIRECTION('',(-1.,-0.,0.));
#293 = DIRECTION('',(0.,2.22044604925E-16,-1.));
#294 = ADVANCED_FACE('',(#295),#313,.F.);
#295 = FACE_BOUND('',#296,.T.);
#296 = EDGE_LOOP('',(#297,#305,#306,#307));
#297 = ORIENTED_EDGE('',*,*,#298,.T.);
#298 = EDGE_CURVE('',#299,#189,#301,.T.);
#299 = VERTEX_POINT('',#300);
#300 = CARTESIAN_POINT('',(-16.,-4.,16.5));
#301 = LINE('',#302,#303);
#302 = CARTESIAN_POINT('',(-16.,-4.,16.5));
#303 = VECTOR('',#304,1.);
#304 = DIRECTION('',(0.,1.,2.22044604925E-16));
#305 = ORIENTED_EDGE('',*,*,#196,.T.);
#306 = ORIENTED_EDGE('',*,*,#250,.F.);
#307 = ORIENTED_EDGE('',*,*,#308,.F.);
#308 = EDGE_CURVE('',#299,#251,#309,.T.);
#309 = LINE('',#310,#311);
#310 = CARTESIAN_POINT('',(-16.,-4.,16.5));
#311 = VECTOR('',#312,1.);
#312 = DIRECTION('',(-0.707106781187,1.570092458684E-16,-0.707106781187)
  );
#313 = PLANE('',#314);
#314 = AXIS2_PLACEMENT_3D('',#315,#316,#317);
#315 = CARTESIAN_POINT('',(-16.,-4.,16.5));
#316 = DIRECTION('',(0.707106781187,1.570092458684E-16,-0.707106781187)
  );
#317 = DIRECTION('',(0.707106781187,-1.570092458684E-16,0.707106781187)
  );
#318 = ADVANCED_FACE('',(#319),#337,.F.);
#319 = FACE_BOUND('',#320,.T.);
#320 = EDGE_LOOP('',(#321,#322,#323,#331));
#321 = ORIENTED_EDGE('',*,*,#276,.T.);
#322 = ORIENTED_EDGE('',*,*,#228,.T.);
#323 = ORIENTED_EDGE('',*,*,#324,.F.);
#324 = EDGE_CURVE('',#325,#229,#327,.T.);
#325 = VERTEX_POINT('',#326);
#326 = CARTESIAN_POINT('',(16.,-4.,16.5));
#327 = LINE('',#328,#329);
#328 = CARTESIAN_POINT('',(16.,-4.,16.5));
#329 = VECTOR('',#330,1.);
#330 = DIRECTION('',(0.,1.,2.22044604925E-16));
#331 = ORIENTED_EDGE('',*,*,#332,.F.);
#332 = EDGE_CURVE('',#277,#325,#333,.T.);
#333 = LINE('',#334,#335);
#334 = CARTESIAN_POINT('',(19.,-4.,13.5));
#335 = VECTOR('',#336,1.);
#336 = DIRECTION('',(-0.707106781187,-1.570092458684E-16,0.707106781187)
  );
#337 = PLANE('',#338);
#338 = AXIS2_PLACEMENT_3D('',#339,#340,#341);
#339 = CARTESIAN_POINT('',(19.,-4.,13.5));
#340 = DIRECTION('',(-0.707106781187,1.570092458684E-16,-0.707106781187)
  );
#341 = DIRECTION('',(0.707106781187,1.570092458684E-16,-0.707106781187)
  );
#342 = ADVANCED_FACE('',(#343,#448,#498,#543),#554,.T.);
#343 = FACE_BOUND('',#344,.F.);
#344 = EDGE_LOOP('',(#345,#353,#354,#362,#370,#378,#386,#394,#402,#410,
    #418,#426,#434,#442));
#345 = ORIENTED_EDGE('',*,*,#346,.T.);
#346 = EDGE_CURVE('',#347,#22,#349,.T.);
#347 = VERTEX_POINT('',#348);
#348 = CARTESIAN_POINT('',(-19.,4.,3.552713678801E-15));
#349 = LINE('',#350,#351);
#350 = CARTESIAN_POINT('',(-19.,4.,3.552713678801E-15));
#351 = VECTOR('',#352,1.);
#352 = DIRECTION('',(0.707106781187,-0.707106781187,-1.570092458684E-16)
  );
#353 = ORIENTED_EDGE('',*,*,#21,.T.);
#354 = ORIENTED_EDGE('',*,*,#355,.T.);
#355 = EDGE_CURVE('',#24,#356,#358,.T.);
#356 = VERTEX_POINT('',#357);
#357 = CARTESIAN_POINT('',(19.,4.,3.552713678801E-15));
#358 = LINE('',#359,#360);
#359 = CARTESIAN_POINT('',(15.,6.661338147751E-15,3.552713678801E-15));
#360 = VECTOR('',#361,1.);
#361 = DIRECTION('',(0.707106781187,0.707106781187,1.570092458684E-16));
#362 = ORIENTED_EDGE('',*,*,#363,.T.);
#363 = EDGE_CURVE('',#356,#364,#366,.T.);
#364 = VERTEX_POINT('',#365);
#365 = CARTESIAN_POINT('',(19.,72.,1.7763568394E-14));
#366 = LINE('',#367,#368);
#367 = CARTESIAN_POINT('',(19.,4.,3.552713678801E-15));
#368 = VECTOR('',#369,1.);
#369 = DIRECTION('',(0.,1.,2.22044604925E-16));
#370 = ORIENTED_EDGE('',*,*,#371,.T.);
#371 = EDGE_CURVE('',#364,#372,#374,.T.);
#372 = VERTEX_POINT('',#373);
#373 = CARTESIAN_POINT('',(15.,76.,2.13162820728E-14));
#374 = LINE('',#375,#376);
#375 = CARTESIAN_POINT('',(19.,72.,1.7763568394E-14));
#376 = VECTOR('',#377,1.);
#377 = DIRECTION('',(-0.707106781187,0.707106781187,1.570092458684E-16)
  );
#378 = ORIENTED_EDGE('',*,*,#379,.T.);
#379 = EDGE_CURVE('',#372,#380,#382,.T.);
#380 = VERTEX_POINT('',#381);
#381 = CARTESIAN_POINT('',(-15.,76.,2.13162820728E-14));
#382 = LINE('',#383,#384);
#383 = CARTESIAN_POINT('',(15.,76.,2.13162820728E-14));
#384 = VECTOR('',#385,1.);
#385 = DIRECTION('',(-1.,-0.,0.));
#386 = ORIENTED_EDGE('',*,*,#387,.T.);
#387 = EDGE_CURVE('',#380,#388,#390,.T.);
#388 = VERTEX_POINT('',#389);
#389 = CARTESIAN_POINT('',(-19.,72.,1.7763568394E-14));
#390 = LINE('',#391,#392);
#391 = CARTESIAN_POINT('',(-15.,76.,2.13162820728E-14));
#392 = VECTOR('',#393,1.);
#393 = DIRECTION('',(-0.707106781187,-0.707106781187,-1.570092458684E-16
    ));
#394 = ORIENTED_EDGE('',*,*,#395,.T.);
#395 = EDGE_CURVE('',#388,#396,#398,.T.);
#396 = VERTEX_POINT('',#397);
#397 = CARTESIAN_POINT('',(-19.,68.,1.7763568394E-14));
#398 = LINE('',#399,#400);
#399 = CARTESIAN_POINT('',(-19.,72.,1.7763568394E-14));
#400 = VECTOR('',#401,1.);
#401 = DIRECTION('',(0.,-1.,-2.22044604925E-16));
#402 = ORIENTED_EDGE('',*,*,#403,.T.);
#403 = EDGE_CURVE('',#396,#404,#406,.T.);
#404 = VERTEX_POINT('',#405);
#405 = CARTESIAN_POINT('',(-32.,68.,1.7763568394E-14));
#406 = LINE('',#407,#408);
#407 = CARTESIAN_POINT('',(-12.,68.,1.7763568394E-14));
#408 = VECTOR('',#409,1.);
#409 = DIRECTION('',(-1.,-0.,0.));
#410 = ORIENTED_EDGE('',*,*,#411,.T.);
#411 = EDGE_CURVE('',#404,#412,#414,.T.);
#412 = VERTEX_POINT('',#413);
#413 = CARTESIAN_POINT('',(-38.,62.,1.7763568394E-14));
#414 = LINE('',#415,#416);
#415 = CARTESIAN_POINT('',(-32.,68.,1.7763568394E-14));
#416 = VECTOR('',#417,1.);
#417 = DIRECTION('',(-0.707106781187,-0.707106781187,-1.570092458684E-16
    ));
#418 = ORIENTED_EDGE('',*,*,#419,.T.);
#419 = EDGE_CURVE('',#412,#420,#422,.T.);
#420 = VERTEX_POINT('',#421);
#421 = CARTESIAN_POINT('',(-38.,14.,7.105427357601E-15));
#422 = LINE('',#423,#424);
#423 = CARTESIAN_POINT('',(-38.,62.,1.7763568394E-14));
#424 = VECTOR('',#425,1.);
#425 = DIRECTION('',(0.,-1.,-2.22044604925E-16));
#426 = ORIENTED_EDGE('',*,*,#427,.T.);
#427 = EDGE_CURVE('',#420,#428,#430,.T.);
#428 = VERTEX_POINT('',#429);
#429 = CARTESIAN_POINT('',(-32.,8.,3.552713678801E-15));
#430 = LINE('',#431,#432);
#431 = CARTESIAN_POINT('',(-38.,14.,7.105427357601E-15));
#432 = VECTOR('',#433,1.);
#433 = DIRECTION('',(0.707106781187,-0.707106781187,-1.570092458684E-16)
  );
#434 = ORIENTED_EDGE('',*,*,#435,.T.);
#435 = EDGE_CURVE('',#428,#436,#438,.T.);
#436 = VERTEX_POINT('',#437);
#437 = CARTESIAN_POINT('',(-19.,8.,3.552713678801E-15));
#438 = LINE('',#439,#440);
#439 = CARTESIAN_POINT('',(-32.,8.,3.552713678801E-15));
#440 = VECTOR('',#441,1.);
#441 = DIRECTION('',(1.,0.,0.));
#442 = ORIENTED_EDGE('',*,*,#443,.T.);
#443 = EDGE_CURVE('',#436,#347,#444,.T.);
#444 = LINE('',#445,#446);
#445 = CARTESIAN_POINT('',(-19.,72.,1.7763568394E-14));
#446 = VECTOR('',#447,1.);
#447 = DIRECTION('',(0.,-1.,-2.22044604925E-16));
#448 = FACE_BOUND('',#449,.F.);
#449 = EDGE_LOOP('',(#450,#460,#468,#476,#484,#492));
#450 = ORIENTED_EDGE('',*,*,#451,.F.);
#451 = EDGE_CURVE('',#452,#454,#456,.T.);
#452 = VERTEX_POINT('',#453);
#453 = CARTESIAN_POINT('',(12.,17.,3.552713678801E-15));
#454 = VERTEX_POINT('',#455);
#455 = CARTESIAN_POINT('',(16.75,21.75,3.552713678801E-15));
#456 = LINE('',#457,#458);
#457 = CARTESIAN_POINT('',(14.25,19.25,3.552713678801E-15));
#458 = VECTOR('',#459,1.);
#459 = DIRECTION('',(0.707106781187,0.707106781187,1.570092458684E-16));
#460 = ORIENTED_EDGE('',*,*,#461,.F.);
#461 = EDGE_CURVE('',#462,#452,#464,.T.);
#462 = VERTEX_POINT('',#463);
#463 = CARTESIAN_POINT('',(7.25,21.75,3.552713678801E-15));
#464 = LINE('',#465,#466);
#465 = CARTESIAN_POINT('',(1.375,27.625,7.105427357601E-15));
#466 = VECTOR('',#467,1.);
#467 = DIRECTION('',(0.707106781187,-0.707106781187,-1.570092458684E-16)
  );
#468 = ORIENTED_EDGE('',*,*,#469,.F.);
#469 = EDGE_CURVE('',#470,#462,#472,.T.);
#470 = VERTEX_POINT('',#471);
#471 = CARTESIAN_POINT('',(7.25,54.25,1.06581410364E-14));
#472 = LINE('',#473,#474);
#473 = CARTESIAN_POINT('',(7.25,46.125,1.06581410364E-14));
#474 = VECTOR('',#475,1.);
#475 = DIRECTION('',(0.,-1.,-2.22044604925E-16));
#476 = ORIENTED_EDGE('',*,*,#477,.F.);
#477 = EDGE_CURVE('',#478,#470,#480,.T.);
#478 = VERTEX_POINT('',#479);
#479 = CARTESIAN_POINT('',(12.,59.,1.42108547152E-14));
#480 = LINE('',#481,#482);
#481 = CARTESIAN_POINT('',(3.75,50.75,1.06581410364E-14));
#482 = VECTOR('',#483,1.);
#483 = DIRECTION('',(-0.707106781187,-0.707106781187,-1.570092458684E-16
    ));
#484 = ORIENTED_EDGE('',*,*,#485,.F.);
#485 = EDGE_CURVE('',#486,#478,#488,.T.);
#486 = VERTEX_POINT('',#487);
#487 = CARTESIAN_POINT('',(16.75,54.25,1.06581410364E-14));
#488 = LINE('',#489,#490);
#489 = CARTESIAN_POINT('',(16.625,54.375,1.06581410364E-14));
#490 = VECTOR('',#491,1.);
#491 = DIRECTION('',(-0.707106781187,0.707106781187,1.570092458684E-16)
  );
#492 = ORIENTED_EDGE('',*,*,#493,.F.);
#493 = EDGE_CURVE('',#454,#486,#494,.T.);
#494 = LINE('',#495,#496);
#495 = CARTESIAN_POINT('',(16.75,29.875,7.105427357601E-15));
#496 = VECTOR('',#497,1.);
#497 = DIRECTION('',(0.,1.,2.22044604925E-16));
#498 = FACE_BOUND('',#499,.F.);
#499 = EDGE_LOOP('',(#500,#510,#519,#527,#536));
#500 = ORIENTED_EDGE('',*,*,#501,.F.);
#501 = EDGE_CURVE('',#502,#504,#506,.T.);
#502 = VERTEX_POINT('',#503);
#503 = CARTESIAN_POINT('',(-26.35,19.8375,1.42108547152E-14));
#504 = VERTEX_POINT('',#505);
#505 = CARTESIAN_POINT('',(-26.35,22.8375,1.42108547152E-14));
#506 = LINE('',#507,#508);
#507 = CARTESIAN_POINT('',(-26.35,28.91875,1.7763568394E-14));
#508 = VECTOR('',#509,1.);
#509 = DIRECTION('',(0.,1.,2.22044604925E-16));
#510 = ORIENTED_EDGE('',*,*,#511,.T.);
#511 = EDGE_CURVE('',#502,#512,#514,.T.);
#512 = VERTEX_POINT('',#513);
#513 = CARTESIAN_POINT('',(-31.65,19.8375,1.42108547152E-14));
#514 = CIRCLE('',#515,2.65);
#515 = AXIS2_PLACEMENT_3D('',#516,#517,#518);
#516 = CARTESIAN_POINT('',(-29.,19.8375,1.42108547152E-14));
#517 = DIRECTION('',(0.,2.22044604925E-16,-1.));
#518 = DIRECTION('',(0.,1.,2.22044604925E-16));
#519 = ORIENTED_EDGE('',*,*,#520,.T.);
#520 = EDGE_CURVE('',#512,#521,#523,.T.);
#521 = VERTEX_POINT('',#522);
#522 = CARTESIAN_POINT('',(-31.65,22.8375,1.42108547152E-14));
#523 = LINE('',#524,#525);
#524 = CARTESIAN_POINT('',(-31.65,28.91875,1.7763568394E-14));
#525 = VECTOR('',#526,1.);
#526 = DIRECTION('',(0.,1.,2.22044604925E-16));
#527 = ORIENTED_EDGE('',*,*,#528,.T.);
#528 = EDGE_CURVE('',#521,#529,#531,.T.);
#529 = VERTEX_POINT('',#530);
#530 = CARTESIAN_POINT('',(-29.,25.4875,1.7763568394E-14));
#531 = CIRCLE('',#532,2.65);
#532 = AXIS2_PLACEMENT_3D('',#533,#534,#535);
#533 = CARTESIAN_POINT('',(-29.,22.8375,1.42108547152E-14));
#534 = DIRECTION('',(0.,2.22044604925E-16,-1.));
#535 = DIRECTION('',(0.,1.,2.22044604925E-16));
#536 = ORIENTED_EDGE('',*,*,#537,.T.);
#537 = EDGE_CURVE('',#529,#504,#538,.T.);
#538 = CIRCLE('',#539,2.65);
#539 = AXIS2_PLACEMENT_3D('',#540,#541,#542);
#540 = CARTESIAN_POINT('',(-29.,22.8375,1.42108547152E-14));
#541 = DIRECTION('',(0.,2.22044604925E-16,-1.));
#542 = DIRECTION('',(0.,1.,2.22044604925E-16));
#543 = FACE_BOUND('',#544,.F.);
#544 = EDGE_LOOP('',(#545));
#545 = ORIENTED_EDGE('',*,*,#546,.T.);
#546 = EDGE_CURVE('',#547,#547,#549,.T.);
#547 = VERTEX_POINT('',#548);
#548 = CARTESIAN_POINT('',(-29.,57.3125,2.48689957516E-14));
#549 = CIRCLE('',#550,2.65);
#550 = AXIS2_PLACEMENT_3D('',#551,#552,#553);
#551 = CARTESIAN_POINT('',(-29.,54.6625,2.13162820728E-14));
#552 = DIRECTION('',(0.,2.22044604925E-16,-1.));
#553 = DIRECTION('',(0.,1.,2.22044604925E-16));
#554 = PLANE('',#555);
#555 = AXIS2_PLACEMENT_3D('',#556,#557,#558);
#556 = CARTESIAN_POINT('',(-7.776383839999,38.,2.13162820728E-14));
#557 = DIRECTION('',(-0.,2.22044604925E-16,-1.));
#558 = DIRECTION('',(0.,1.,2.22044604925E-16));
#559 = ADVANCED_FACE('',(#560),#585,.T.);
#560 = FACE_BOUND('',#561,.F.);
#561 = EDGE_LOOP('',(#562,#563,#571,#579));
#562 = ORIENTED_EDGE('',*,*,#435,.F.);
#563 = ORIENTED_EDGE('',*,*,#564,.T.);
#564 = EDGE_CURVE('',#428,#565,#567,.T.);
#565 = VERTEX_POINT('',#566);
#566 = CARTESIAN_POINT('',(-32.,8.,6.));
#567 = LINE('',#568,#569);
#568 = CARTESIAN_POINT('',(-32.,8.,3.552713678801E-15));
#569 = VECTOR('',#570,1.);
#570 = DIRECTION('',(0.,-2.22044604925E-16,1.));
#571 = ORIENTED_EDGE('',*,*,#572,.T.);
#572 = EDGE_CURVE('',#565,#573,#575,.T.);
#573 = VERTEX_POINT('',#574);
#574 = CARTESIAN_POINT('',(-19.,8.,6.));
#575 = LINE('',#576,#577);
#576 = CARTESIAN_POINT('',(-32.,8.,6.));
#577 = VECTOR('',#578,1.);
#578 = DIRECTION('',(1.,0.,0.));
#579 = ORIENTED_EDGE('',*,*,#580,.T.);
#580 = EDGE_CURVE('',#573,#436,#581,.T.);
#581 = LINE('',#582,#583);
#582 = CARTESIAN_POINT('',(-19.,8.,3.552713678801E-15));
#583 = VECTOR('',#584,1.);
#584 = DIRECTION('',(-0.,2.22044604925E-16,-1.));
#585 = PLANE('',#586);
#586 = AXIS2_PLACEMENT_3D('',#587,#588,#589);
#587 = CARTESIAN_POINT('',(-32.,8.,3.552713678801E-15));
#588 = DIRECTION('',(0.,-1.,-2.22044604925E-16));
#589 = DIRECTION('',(-1.,0.,0.));
#590 = ADVANCED_FACE('',(#591,#632,#643),#688,.F.);
#591 = FACE_BOUND('',#592,.T.);
#592 = EDGE_LOOP('',(#593,#601,#602,#610,#618,#626));
#593 = ORIENTED_EDGE('',*,*,#594,.T.);
#594 = EDGE_CURVE('',#595,#565,#597,.T.);
#595 = VERTEX_POINT('',#596);
#596 = CARTESIAN_POINT('',(-38.,14.,6.));
#597 = LINE('',#598,#599);
#598 = CARTESIAN_POINT('',(-38.,14.,6.));
#599 = VECTOR('',#600,1.);
#600 = DIRECTION('',(0.707106781187,-0.707106781187,-1.570092458684E-16)
  );
#601 = ORIENTED_EDGE('',*,*,#572,.T.);
#602 = ORIENTED_EDGE('',*,*,#603,.F.);
#603 = EDGE_CURVE('',#604,#573,#606,.T.);
#604 = VERTEX_POINT('',#605);
#605 = CARTESIAN_POINT('',(-19.,68.,6.));
#606 = LINE('',#607,#608);
#607 = CARTESIAN_POINT('',(-19.,72.,6.));
#608 = VECTOR('',#609,1.);
#609 = DIRECTION('',(0.,-1.,-2.22044604925E-16));
#610 = ORIENTED_EDGE('',*,*,#611,.T.);
#611 = EDGE_CURVE('',#604,#612,#614,.T.);
#612 = VERTEX_POINT('',#613);
#613 = CARTESIAN_POINT('',(-32.,68.,6.));
#614 = LINE('',#615,#616);
#615 = CARTESIAN_POINT('',(-12.,68.,6.));
#616 = VECTOR('',#617,1.);
#617 = DIRECTION('',(-1.,-0.,0.));
#618 = ORIENTED_EDGE('',*,*,#619,.T.);
#619 = EDGE_CURVE('',#612,#620,#622,.T.);
#620 = VERTEX_POINT('',#621);
#621 = CARTESIAN_POINT('',(-38.,62.,6.));
#622 = LINE('',#623,#624);
#623 = CARTESIAN_POINT('',(-32.,68.,6.));
#624 = VECTOR('',#625,1.);
#625 = DIRECTION('',(-0.707106781187,-0.707106781187,-1.570092458684E-16
    ));
#626 = ORIENTED_EDGE('',*,*,#627,.T.);
#627 = EDGE_CURVE('',#620,#595,#628,.T.);
#628 = LINE('',#629,#630);
#629 = CARTESIAN_POINT('',(-38.,62.,6.));
#630 = VECTOR('',#631,1.);
#631 = DIRECTION('',(0.,-1.,-2.22044604925E-16));
#632 = FACE_BOUND('',#633,.T.);
#633 = EDGE_LOOP('',(#634));
#634 = ORIENTED_EDGE('',*,*,#635,.T.);
#635 = EDGE_CURVE('',#636,#636,#638,.T.);
#636 = VERTEX_POINT('',#637);
#637 = CARTESIAN_POINT('',(-29.,57.3125,6.));
#638 = CIRCLE('',#639,2.65);
#639 = AXIS2_PLACEMENT_3D('',#640,#641,#642);
#640 = CARTESIAN_POINT('',(-29.,54.6625,6.));
#641 = DIRECTION('',(0.,2.22044604925E-16,-1.));
#642 = DIRECTION('',(0.,1.,2.22044604925E-16));
#643 = FACE_BOUND('',#644,.T.);
#644 = EDGE_LOOP('',(#645,#655,#664,#672,#681));
#645 = ORIENTED_EDGE('',*,*,#646,.F.);
#646 = EDGE_CURVE('',#647,#649,#651,.T.);
#647 = VERTEX_POINT('',#648);
#648 = CARTESIAN_POINT('',(-26.35,19.8375,6.));
#649 = VERTEX_POINT('',#650);
#650 = CARTESIAN_POINT('',(-26.35,22.8375,6.));
#651 = LINE('',#652,#653);
#652 = CARTESIAN_POINT('',(-26.35,28.91875,6.));
#653 = VECTOR('',#654,1.);
#654 = DIRECTION('',(0.,1.,2.22044604925E-16));
#655 = ORIENTED_EDGE('',*,*,#656,.T.);
#656 = EDGE_CURVE('',#647,#657,#659,.T.);
#657 = VERTEX_POINT('',#658);
#658 = CARTESIAN_POINT('',(-31.65,19.8375,6.));
#659 = CIRCLE('',#660,2.65);
#660 = AXIS2_PLACEMENT_3D('',#661,#662,#663);
#661 = CARTESIAN_POINT('',(-29.,19.8375,6.));
#662 = DIRECTION('',(0.,2.22044604925E-16,-1.));
#663 = DIRECTION('',(0.,1.,2.22044604925E-16));
#664 = ORIENTED_EDGE('',*,*,#665,.T.);
#665 = EDGE_CURVE('',#657,#666,#668,.T.);
#666 = VERTEX_POINT('',#667);
#667 = CARTESIAN_POINT('',(-31.65,22.8375,6.));
#668 = LINE('',#669,#670);
#669 = CARTESIAN_POINT('',(-31.65,28.91875,6.));
#670 = VECTOR('',#671,1.);
#671 = DIRECTION('',(0.,1.,2.22044604925E-16));
#672 = ORIENTED_EDGE('',*,*,#673,.T.);
#673 = EDGE_CURVE('',#666,#674,#676,.T.);
#674 = VERTEX_POINT('',#675);
#675 = CARTESIAN_POINT('',(-29.,25.4875,6.));
#676 = CIRCLE('',#677,2.65);
#677 = AXIS2_PLACEMENT_3D('',#678,#679,#680);
#678 = CARTESIAN_POINT('',(-29.,22.8375,6.));
#679 = DIRECTION('',(0.,2.22044604925E-16,-1.));
#680 = DIRECTION('',(0.,1.,2.22044604925E-16));
#681 = ORIENTED_EDGE('',*,*,#682,.T.);
#682 = EDGE_CURVE('',#674,#649,#683,.T.);
#683 = CIRCLE('',#684,2.65);
#684 = AXIS2_PLACEMENT_3D('',#685,#686,#687);
#685 = CARTESIAN_POINT('',(-29.,22.8375,6.));
#686 = DIRECTION('',(0.,2.22044604925E-16,-1.));
#687 = DIRECTION('',(0.,1.,2.22044604925E-16));
#688 = PLANE('',#689);
#689 = AXIS2_PLACEMENT_3D('',#690,#691,#692);
#690 = CARTESIAN_POINT('',(-22.,38.,6.));
#691 = DIRECTION('',(-0.,2.22044604925E-16,-1.));
#692 = DIRECTION('',(0.,1.,2.22044604925E-16));
#693 = ADVANCED_FACE('',(#694),#710,.T.);
#694 = FACE_BOUND('',#695,.F.);
#695 = EDGE_LOOP('',(#696,#697,#703,#704));
#696 = ORIENTED_EDGE('',*,*,#403,.F.);
#697 = ORIENTED_EDGE('',*,*,#698,.T.);
#698 = EDGE_CURVE('',#396,#604,#699,.T.);
#699 = LINE('',#700,#701);
#700 = CARTESIAN_POINT('',(-19.,68.,1.7763568394E-14));
#701 = VECTOR('',#702,1.);
#702 = DIRECTION('',(0.,-2.22044604925E-16,1.));
#703 = ORIENTED_EDGE('',*,*,#611,.T.);
#704 = ORIENTED_EDGE('',*,*,#705,.F.);
#705 = EDGE_CURVE('',#404,#612,#706,.T.);
#706 = LINE('',#707,#708);
#707 = CARTESIAN_POINT('',(-32.,68.,1.7763568394E-14));
#708 = VECTOR('',#709,1.);
#709 = DIRECTION('',(0.,-2.22044604925E-16,1.));
#710 = PLANE('',#711);
#711 = AXIS2_PLACEMENT_3D('',#712,#713,#714);
#712 = CARTESIAN_POINT('',(-12.,68.,1.7763568394E-14));
#713 = DIRECTION('',(0.,1.,2.22044604925E-16));
#714 = DIRECTION('',(1.,0.,0.));
#715 = ADVANCED_FACE('',(#716),#727,.T.);
#716 = FACE_BOUND('',#717,.F.);
#717 = EDGE_LOOP('',(#718,#724,#725,#726));
#718 = ORIENTED_EDGE('',*,*,#719,.T.);
#719 = EDGE_CURVE('',#420,#595,#720,.T.);
#720 = LINE('',#721,#722);
#721 = CARTESIAN_POINT('',(-38.,14.,7.105427357601E-15));
#722 = VECTOR('',#723,1.);
#723 = DIRECTION('',(0.,-2.22044604925E-16,1.));
#724 = ORIENTED_EDGE('',*,*,#594,.T.);
#725 = ORIENTED_EDGE('',*,*,#564,.F.);
#726 = ORIENTED_EDGE('',*,*,#427,.F.);
#727 = PLANE('',#728);
#728 = AXIS2_PLACEMENT_3D('',#729,#730,#731);
#729 = CARTESIAN_POINT('',(-38.,14.,7.105427357601E-15));
#730 = DIRECTION('',(-0.707106781187,-0.707106781187,-1.570092458684E-16
    ));
#731 = DIRECTION('',(-0.707106781187,0.707106781187,1.570092458684E-16)
  );
#732 = ADVANCED_FACE('',(#733),#744,.T.);
#733 = FACE_BOUND('',#734,.F.);
#734 = EDGE_LOOP('',(#735,#741,#742,#743));
#735 = ORIENTED_EDGE('',*,*,#736,.T.);
#736 = EDGE_CURVE('',#412,#620,#737,.T.);
#737 = LINE('',#738,#739);
#738 = CARTESIAN_POINT('',(-38.,62.,1.7763568394E-14));
#739 = VECTOR('',#740,1.);
#740 = DIRECTION('',(0.,-2.22044604925E-16,1.));
#741 = ORIENTED_EDGE('',*,*,#627,.T.);
#742 = ORIENTED_EDGE('',*,*,#719,.F.);
#743 = ORIENTED_EDGE('',*,*,#419,.F.);
#744 = PLANE('',#745);
#745 = AXIS2_PLACEMENT_3D('',#746,#747,#748);
#746 = CARTESIAN_POINT('',(-38.,62.,1.7763568394E-14));
#747 = DIRECTION('',(-1.,-0.,0.));
#748 = DIRECTION('',(0.,1.,2.22044604925E-16));
#749 = ADVANCED_FACE('',(#750),#756,.T.);
#750 = FACE_BOUND('',#751,.F.);
#751 = EDGE_LOOP('',(#752,#753,#754,#755));
#752 = ORIENTED_EDGE('',*,*,#705,.T.);
#753 = ORIENTED_EDGE('',*,*,#619,.T.);
#754 = ORIENTED_EDGE('',*,*,#736,.F.);
#755 = ORIENTED_EDGE('',*,*,#411,.F.);
#756 = PLANE('',#757);
#757 = AXIS2_PLACEMENT_3D('',#758,#759,#760);
#758 = CARTESIAN_POINT('',(-32.,68.,1.7763568394E-14));
#759 = DIRECTION('',(-0.707106781187,0.707106781187,1.570092458684E-16)
  );
#760 = DIRECTION('',(0.707106781187,0.707106781187,1.570092458684E-16));
#761 = ADVANCED_FACE('',(#762),#773,.F.);
#762 = FACE_BOUND('',#763,.T.);
#763 = EDGE_LOOP('',(#764,#765,#771,#772));
#764 = ORIENTED_EDGE('',*,*,#635,.F.);
#765 = ORIENTED_EDGE('',*,*,#766,.F.);
#766 = EDGE_CURVE('',#547,#636,#767,.T.);
#767 = LINE('',#768,#769);
#768 = CARTESIAN_POINT('',(-29.,57.3125,-1.));
#769 = VECTOR('',#770,1.);
#770 = DIRECTION('',(0.,-2.22044604925E-16,1.));
#771 = ORIENTED_EDGE('',*,*,#546,.T.);
#772 = ORIENTED_EDGE('',*,*,#766,.T.);
#773 = CYLINDRICAL_SURFACE('',#774,2.65);
#774 = AXIS2_PLACEMENT_3D('',#775,#776,#777);
#775 = CARTESIAN_POINT('',(-29.,54.6625,-1.));
#776 = DIRECTION('',(0.,-2.22044604925E-16,1.));
#777 = DIRECTION('',(0.,1.,2.22044604925E-16));
#778 = ADVANCED_FACE('',(#779),#795,.F.);
#779 = FACE_BOUND('',#780,.T.);
#780 = EDGE_LOOP('',(#781,#782,#788,#789));
#781 = ORIENTED_EDGE('',*,*,#501,.F.);
#782 = ORIENTED_EDGE('',*,*,#783,.T.);
#783 = EDGE_CURVE('',#502,#647,#784,.T.);
#784 = LINE('',#785,#786);
#785 = CARTESIAN_POINT('',(-26.35,19.8375,-1.));
#786 = VECTOR('',#787,1.);
#787 = DIRECTION('',(0.,-2.22044604925E-16,1.));
#788 = ORIENTED_EDGE('',*,*,#646,.T.);
#789 = ORIENTED_EDGE('',*,*,#790,.F.);
#790 = EDGE_CURVE('',#504,#649,#791,.T.);
#791 = LINE('',#792,#793);
#792 = CARTESIAN_POINT('',(-26.35,22.8375,-1.));
#793 = VECTOR('',#794,1.);
#794 = DIRECTION('',(0.,-2.22044604925E-16,1.));
#795 = PLANE('',#796);
#796 = AXIS2_PLACEMENT_3D('',#797,#798,#799);
#797 = CARTESIAN_POINT('',(-26.35,19.8375,-1.));
#798 = DIRECTION('',(1.,0.,0.));
#799 = DIRECTION('',(0.,-1.,-2.22044604925E-16));
#800 = ADVANCED_FACE('',(#801),#812,.F.);
#801 = FACE_BOUND('',#802,.T.);
#802 = EDGE_LOOP('',(#803,#804,#805,#806));
#803 = ORIENTED_EDGE('',*,*,#656,.F.);
#804 = ORIENTED_EDGE('',*,*,#783,.F.);
#805 = ORIENTED_EDGE('',*,*,#511,.T.);
#806 = ORIENTED_EDGE('',*,*,#807,.T.);
#807 = EDGE_CURVE('',#512,#657,#808,.T.);
#808 = LINE('',#809,#810);
#809 = CARTESIAN_POINT('',(-31.65,19.8375,-1.));
#810 = VECTOR('',#811,1.);
#811 = DIRECTION('',(0.,-2.22044604925E-16,1.));
#812 = CYLINDRICAL_SURFACE('',#813,2.65);
#813 = AXIS2_PLACEMENT_3D('',#814,#815,#816);
#814 = CARTESIAN_POINT('',(-29.,19.8375,-1.));
#815 = DIRECTION('',(0.,-2.22044604925E-16,1.));
#816 = DIRECTION('',(0.,1.,2.22044604925E-16));
#817 = ADVANCED_FACE('',(#818),#829,.T.);
#818 = FACE_BOUND('',#819,.F.);
#819 = EDGE_LOOP('',(#820,#821,#822,#823));
#820 = ORIENTED_EDGE('',*,*,#520,.F.);
#821 = ORIENTED_EDGE('',*,*,#807,.T.);
#822 = ORIENTED_EDGE('',*,*,#665,.T.);
#823 = ORIENTED_EDGE('',*,*,#824,.F.);
#824 = EDGE_CURVE('',#521,#666,#825,.T.);
#825 = LINE('',#826,#827);
#826 = CARTESIAN_POINT('',(-31.65,22.8375,-1.));
#827 = VECTOR('',#828,1.);
#828 = DIRECTION('',(0.,-2.22044604925E-16,1.));
#829 = PLANE('',#830);
#830 = AXIS2_PLACEMENT_3D('',#831,#832,#833);
#831 = CARTESIAN_POINT('',(-31.65,19.8375,-1.));
#832 = DIRECTION('',(1.,0.,0.));
#833 = DIRECTION('',(0.,-1.,-2.22044604925E-16));
#834 = ADVANCED_FACE('',(#835),#876,.F.);
#835 = FACE_BOUND('',#836,.T.);
#836 = EDGE_LOOP('',(#837,#838,#846,#854,#862,#870));
#837 = ORIENTED_EDGE('',*,*,#451,.F.);
#838 = ORIENTED_EDGE('',*,*,#839,.T.);
#839 = EDGE_CURVE('',#452,#840,#842,.T.);
#840 = VERTEX_POINT('',#841);
#841 = CARTESIAN_POINT('',(12.,17.,6.3));
#842 = LINE('',#843,#844);
#843 = CARTESIAN_POINT('',(12.,17.,-0.35));
#844 = VECTOR('',#845,1.);
#845 = DIRECTION('',(0.,-2.22044604925E-16,1.));
#846 = ORIENTED_EDGE('',*,*,#847,.T.);
#847 = EDGE_CURVE('',#840,#848,#850,.T.);
#848 = VERTEX_POINT('',#849);
#849 = CARTESIAN_POINT('',(13.261751152074,18.261751152074,6.3));
#850 = LINE('',#851,#852);
#851 = CARTESIAN_POINT('',(14.25,19.25,6.3));
#852 = VECTOR('',#853,1.);
#853 = DIRECTION('',(0.707106781187,0.707106781187,1.570092458684E-16));
#854 = ORIENTED_EDGE('',*,*,#855,.F.);
#855 = EDGE_CURVE('',#856,#848,#858,.T.);
#856 = VERTEX_POINT('',#857);
#857 = CARTESIAN_POINT('',(13.344700460829,18.34470046083,6.));
#858 = LINE('',#859,#860);
#859 = CARTESIAN_POINT('',(13.417987069204,18.417987069204,5.73494676638
    ));
#860 = VECTOR('',#861,1.);
#861 = DIRECTION('',(-0.257510729614,-0.257510729614,0.931330472103));
#862 = ORIENTED_EDGE('',*,*,#863,.F.);
#863 = EDGE_CURVE('',#864,#856,#866,.T.);
#864 = VERTEX_POINT('',#865);
#865 = CARTESIAN_POINT('',(16.75,21.75,6.));
#866 = LINE('',#867,#868);
#867 = CARTESIAN_POINT('',(14.25,19.25,6.));
#868 = VECTOR('',#869,1.);
#869 = DIRECTION('',(-0.707106781187,-0.707106781187,-1.570092458684E-16
    ));
#870 = ORIENTED_EDGE('',*,*,#871,.F.);
#871 = EDGE_CURVE('',#454,#864,#872,.T.);
#872 = LINE('',#873,#874);
#873 = CARTESIAN_POINT('',(16.75,21.75,-0.35));
#874 = VECTOR('',#875,1.);
#875 = DIRECTION('',(0.,-2.22044604925E-16,1.));
#876 = PLANE('',#877);
#877 = AXIS2_PLACEMENT_3D('',#878,#879,#880);
#878 = CARTESIAN_POINT('',(12.,17.,-0.35));
#879 = DIRECTION('',(0.707106781187,-0.707106781187,-1.570092458684E-16)
  );
#880 = DIRECTION('',(-0.707106781187,-0.707106781187,-1.570092458684E-16
    ));
#881 = ADVANCED_FACE('',(#882),#900,.F.);
#882 = FACE_BOUND('',#883,.T.);
#883 = EDGE_LOOP('',(#884,#885,#893,#899));
#884 = ORIENTED_EDGE('',*,*,#461,.F.);
#885 = ORIENTED_EDGE('',*,*,#886,.T.);
#886 = EDGE_CURVE('',#462,#887,#889,.T.);
#887 = VERTEX_POINT('',#888);
#888 = CARTESIAN_POINT('',(7.25,21.75,6.3));
#889 = LINE('',#890,#891);
#890 = CARTESIAN_POINT('',(7.25,21.75,-0.35));
#891 = VECTOR('',#892,1.);
#892 = DIRECTION('',(0.,-2.22044604925E-16,1.));
#893 = ORIENTED_EDGE('',*,*,#894,.T.);
#894 = EDGE_CURVE('',#887,#840,#895,.T.);
#895 = LINE('',#896,#897);
#896 = CARTESIAN_POINT('',(1.375,27.625,6.3));
#897 = VECTOR('',#898,1.);
#898 = DIRECTION('',(0.707106781187,-0.707106781187,-1.570092458684E-16)
  );
#899 = ORIENTED_EDGE('',*,*,#839,.F.);
#900 = PLANE('',#901);
#901 = AXIS2_PLACEMENT_3D('',#902,#903,#904);
#902 = CARTESIAN_POINT('',(7.25,21.75,-0.35));
#903 = DIRECTION('',(-0.707106781187,-0.707106781187,-1.570092458684E-16
    ));
#904 = DIRECTION('',(-0.707106781187,0.707106781187,1.570092458684E-16)
  );
#905 = ADVANCED_FACE('',(#906),#924,.F.);
#906 = FACE_BOUND('',#907,.T.);
#907 = EDGE_LOOP('',(#908,#909,#910,#918));
#908 = ORIENTED_EDGE('',*,*,#493,.F.);
#909 = ORIENTED_EDGE('',*,*,#871,.T.);
#910 = ORIENTED_EDGE('',*,*,#911,.F.);
#911 = EDGE_CURVE('',#912,#864,#914,.T.);
#912 = VERTEX_POINT('',#913);
#913 = CARTESIAN_POINT('',(16.75,54.25,6.));
#914 = LINE('',#915,#916);
#915 = CARTESIAN_POINT('',(16.75,29.875,6.));
#916 = VECTOR('',#917,1.);
#917 = DIRECTION('',(0.,-1.,-2.22044604925E-16));
#918 = ORIENTED_EDGE('',*,*,#919,.F.);
#919 = EDGE_CURVE('',#486,#912,#920,.T.);
#920 = LINE('',#921,#922);
#921 = CARTESIAN_POINT('',(16.75,54.25,-0.35));
#922 = VECTOR('',#923,1.);
#923 = DIRECTION('',(0.,-2.22044604925E-16,1.));
#924 = PLANE('',#925);
#925 = AXIS2_PLACEMENT_3D('',#926,#927,#928);
#926 = CARTESIAN_POINT('',(16.75,21.75,-0.35));
#927 = DIRECTION('',(1.,0.,0.));
#928 = DIRECTION('',(0.,-1.,-2.22044604925E-16));
#929 = ADVANCED_FACE('',(#930),#948,.F.);
#930 = FACE_BOUND('',#931,.T.);
#931 = EDGE_LOOP('',(#932,#933,#941,#947));
#932 = ORIENTED_EDGE('',*,*,#469,.F.);
#933 = ORIENTED_EDGE('',*,*,#934,.T.);
#934 = EDGE_CURVE('',#470,#935,#937,.T.);
#935 = VERTEX_POINT('',#936);
#936 = CARTESIAN_POINT('',(7.25,54.25,6.3));
#937 = LINE('',#938,#939);
#938 = CARTESIAN_POINT('',(7.25,54.25,-0.35));
#939 = VECTOR('',#940,1.);
#940 = DIRECTION('',(0.,-2.22044604925E-16,1.));
#941 = ORIENTED_EDGE('',*,*,#942,.T.);
#942 = EDGE_CURVE('',#935,#887,#943,.T.);
#943 = LINE('',#944,#945);
#944 = CARTESIAN_POINT('',(7.25,46.125,6.3));
#945 = VECTOR('',#946,1.);
#946 = DIRECTION('',(0.,-1.,-2.22044604925E-16));
#947 = ORIENTED_EDGE('',*,*,#886,.F.);
#948 = PLANE('',#949);
#949 = AXIS2_PLACEMENT_3D('',#950,#951,#952);
#950 = CARTESIAN_POINT('',(7.25,54.25,-0.35));
#951 = DIRECTION('',(-1.,-0.,0.));
#952 = DIRECTION('',(0.,1.,2.22044604925E-16));
#953 = ADVANCED_FACE('',(#954),#988,.F.);
#954 = FACE_BOUND('',#955,.T.);
#955 = EDGE_LOOP('',(#956,#957,#958,#966,#974,#982));
#956 = ORIENTED_EDGE('',*,*,#485,.F.);
#957 = ORIENTED_EDGE('',*,*,#919,.T.);
#958 = ORIENTED_EDGE('',*,*,#959,.F.);
#959 = EDGE_CURVE('',#960,#912,#962,.T.);
#960 = VERTEX_POINT('',#961);
#961 = CARTESIAN_POINT('',(13.344700460829,57.655299539171,6.));
#962 = LINE('',#963,#964);
#963 = CARTESIAN_POINT('',(16.625,54.375,6.));
#964 = VECTOR('',#965,1.);
#965 = DIRECTION('',(0.707106781187,-0.707106781187,-1.570092458684E-16)
  );
#966 = ORIENTED_EDGE('',*,*,#967,.F.);
#967 = EDGE_CURVE('',#968,#960,#970,.T.);
#968 = VERTEX_POINT('',#969);
#969 = CARTESIAN_POINT('',(13.261751152074,57.738248847926,6.3));
#970 = LINE('',#971,#972);
#971 = CARTESIAN_POINT('',(16.285971375417,54.714028624583,
    -4.637596474424));
#972 = VECTOR('',#973,1.);
#973 = DIRECTION('',(0.257510729614,-0.257510729614,-0.931330472103));
#974 = ORIENTED_EDGE('',*,*,#975,.T.);
#975 = EDGE_CURVE('',#968,#976,#978,.T.);
#976 = VERTEX_POINT('',#977);
#977 = CARTESIAN_POINT('',(12.,59.,6.3));
#978 = LINE('',#979,#980);
#979 = CARTESIAN_POINT('',(16.625,54.375,6.3));
#980 = VECTOR('',#981,1.);
#981 = DIRECTION('',(-0.707106781187,0.707106781187,1.570092458684E-16)
  );
#982 = ORIENTED_EDGE('',*,*,#983,.F.);
#983 = EDGE_CURVE('',#478,#976,#984,.T.);
#984 = LINE('',#985,#986);
#985 = CARTESIAN_POINT('',(12.,59.,-0.35));
#986 = VECTOR('',#987,1.);
#987 = DIRECTION('',(0.,-2.22044604925E-16,1.));
#988 = PLANE('',#989);
#989 = AXIS2_PLACEMENT_3D('',#990,#991,#992);
#990 = CARTESIAN_POINT('',(16.75,54.25,-0.35));
#991 = DIRECTION('',(0.707106781187,0.707106781187,1.570092458684E-16));
#992 = DIRECTION('',(0.707106781187,-0.707106781187,-1.570092458684E-16)
  );
#993 = ADVANCED_FACE('',(#994),#1005,.F.);
#994 = FACE_BOUND('',#995,.T.);
#995 = EDGE_LOOP('',(#996,#997,#998,#1004));
#996 = ORIENTED_EDGE('',*,*,#477,.F.);
#997 = ORIENTED_EDGE('',*,*,#983,.T.);
#998 = ORIENTED_EDGE('',*,*,#999,.T.);
#999 = EDGE_CURVE('',#976,#935,#1000,.T.);
#1000 = LINE('',#1001,#1002);
#1001 = CARTESIAN_POINT('',(3.75,50.75,6.3));
#1002 = VECTOR('',#1003,1.);
#1003 = DIRECTION('',(-0.707106781187,-0.707106781187,
    -1.570092458684E-16));
#1004 = ORIENTED_EDGE('',*,*,#934,.F.);
#1005 = PLANE('',#1006);
#1006 = AXIS2_PLACEMENT_3D('',#1007,#1008,#1009);
#1007 = CARTESIAN_POINT('',(12.,59.,-0.35));
#1008 = DIRECTION('',(-0.707106781187,0.707106781187,1.570092458684E-16)
  );
#1009 = DIRECTION('',(0.707106781187,0.707106781187,1.570092458684E-16)
  );
#1010 = ADVANCED_FACE('',(#1011),#1104,.F.);
#1011 = FACE_BOUND('',#1012,.T.);
#1012 = EDGE_LOOP('',(#1013,#1023,#1031,#1037,#1038,#1039,#1040,#1041,
    #1042,#1050,#1058,#1066,#1074,#1082,#1090,#1098));
#1013 = ORIENTED_EDGE('',*,*,#1014,.F.);
#1014 = EDGE_CURVE('',#1015,#1017,#1019,.T.);
#1015 = VERTEX_POINT('',#1016);
#1016 = CARTESIAN_POINT('',(-13.26175115207,5.262457136723E-15,6.3));
#1017 = VERTEX_POINT('',#1018);
#1018 = CARTESIAN_POINT('',(-13.26175115207,18.261751152074,6.3));
#1019 = LINE('',#1020,#1021);
#1020 = CARTESIAN_POINT('',(-13.26175115207,18.75,6.3));
#1021 = VECTOR('',#1022,1.);
#1022 = DIRECTION('',(0.,1.,2.22044604925E-16));
#1023 = ORIENTED_EDGE('',*,*,#1024,.T.);
#1024 = EDGE_CURVE('',#1015,#1025,#1027,.T.);
#1025 = VERTEX_POINT('',#1026);
#1026 = CARTESIAN_POINT('',(13.261751152074,5.262457136723E-15,6.3));
#1027 = LINE('',#1028,#1029);
#1028 = CARTESIAN_POINT('',(-15.,5.262457136723E-15,6.3));
#1029 = VECTOR('',#1030,1.);
#1030 = DIRECTION('',(1.,0.,0.));
#1031 = ORIENTED_EDGE('',*,*,#1032,.F.);
#1032 = EDGE_CURVE('',#848,#1025,#1033,.T.);
#1033 = LINE('',#1034,#1035);
#1034 = CARTESIAN_POINT('',(13.261751152074,18.75,6.3));
#1035 = VECTOR('',#1036,1.);
#1036 = DIRECTION('',(0.,-1.,-2.22044604925E-16));
#1037 = ORIENTED_EDGE('',*,*,#847,.F.);
#1038 = ORIENTED_EDGE('',*,*,#894,.F.);
#1039 = ORIENTED_EDGE('',*,*,#942,.F.);
#1040 = ORIENTED_EDGE('',*,*,#999,.F.);
#1041 = ORIENTED_EDGE('',*,*,#975,.F.);
#1042 = ORIENTED_EDGE('',*,*,#1043,.F.);
#1043 = EDGE_CURVE('',#1044,#968,#1046,.T.);
#1044 = VERTEX_POINT('',#1045);
#1045 = CARTESIAN_POINT('',(13.261751152074,76.,6.3));
#1046 = LINE('',#1047,#1048);
#1047 = CARTESIAN_POINT('',(13.261751152074,18.75,6.3));
#1048 = VECTOR('',#1049,1.);
#1049 = DIRECTION('',(0.,-1.,-2.22044604925E-16));
#1050 = ORIENTED_EDGE('',*,*,#1051,.T.);
#1051 = EDGE_CURVE('',#1044,#1052,#1054,.T.);
#1052 = VERTEX_POINT('',#1053);
#1053 = CARTESIAN_POINT('',(-13.26175115207,76.,6.3));
#1054 = LINE('',#1055,#1056);
#1055 = CARTESIAN_POINT('',(15.,76.,6.3));
#1056 = VECTOR('',#1057,1.);
#1057 = DIRECTION('',(-1.,-0.,0.));
#1058 = ORIENTED_EDGE('',*,*,#1059,.F.);
#1059 = EDGE_CURVE('',#1060,#1052,#1062,.T.);
#1060 = VERTEX_POINT('',#1061);
#1061 = CARTESIAN_POINT('',(-13.26175115207,57.738248847926,6.3));
#1062 = LINE('',#1063,#1064);
#1063 = CARTESIAN_POINT('',(-13.26175115207,18.75,6.3));
#1064 = VECTOR('',#1065,1.);
#1065 = DIRECTION('',(0.,1.,2.22044604925E-16));
#1066 = ORIENTED_EDGE('',*,*,#1067,.F.);
#1067 = EDGE_CURVE('',#1068,#1060,#1070,.T.);
#1068 = VERTEX_POINT('',#1069);
#1069 = CARTESIAN_POINT('',(-12.,59.,6.3));
#1070 = LINE('',#1071,#1072);
#1071 = CARTESIAN_POINT('',(-14.25,56.75,6.3));
#1072 = VECTOR('',#1073,1.);
#1073 = DIRECTION('',(-0.707106781187,-0.707106781187,
    -1.570092458684E-16));
#1074 = ORIENTED_EDGE('',*,*,#1075,.F.);
#1075 = EDGE_CURVE('',#1076,#1068,#1078,.T.);
#1076 = VERTEX_POINT('',#1077);
#1077 = CARTESIAN_POINT('',(-7.25,54.25,6.3));
#1078 = LINE('',#1079,#1080);
#1079 = CARTESIAN_POINT('',(-1.375,48.375,6.3));
#1080 = VECTOR('',#1081,1.);
#1081 = DIRECTION('',(-0.707106781187,0.707106781187,1.570092458684E-16)
  );
#1082 = ORIENTED_EDGE('',*,*,#1083,.F.);
#1083 = EDGE_CURVE('',#1084,#1076,#1086,.T.);
#1084 = VERTEX_POINT('',#1085);
#1085 = CARTESIAN_POINT('',(-7.25,21.75,6.3));
#1086 = LINE('',#1087,#1088);
#1087 = CARTESIAN_POINT('',(-7.25,29.875,6.3));
#1088 = VECTOR('',#1089,1.);
#1089 = DIRECTION('',(0.,1.,2.22044604925E-16));
#1090 = ORIENTED_EDGE('',*,*,#1091,.F.);
#1091 = EDGE_CURVE('',#1092,#1084,#1094,.T.);
#1092 = VERTEX_POINT('',#1093);
#1093 = CARTESIAN_POINT('',(-12.,17.,6.3));
#1094 = LINE('',#1095,#1096);
#1095 = CARTESIAN_POINT('',(-3.75,25.25,6.3));
#1096 = VECTOR('',#1097,1.);
#1097 = DIRECTION('',(0.707106781187,0.707106781187,1.570092458684E-16)
  );
#1098 = ORIENTED_EDGE('',*,*,#1099,.F.);
#1099 = EDGE_CURVE('',#1017,#1092,#1100,.T.);
#1100 = LINE('',#1101,#1102);
#1101 = CARTESIAN_POINT('',(-16.625,21.625,6.3));
#1102 = VECTOR('',#1103,1.);
#1103 = DIRECTION('',(0.707106781187,-0.707106781187,-1.570092458684E-16
    ));
#1104 = PLANE('',#1105);
#1105 = AXIS2_PLACEMENT_3D('',#1106,#1107,#1108);
#1106 = CARTESIAN_POINT('',(-6.175031551311E-16,38.,6.3));
#1107 = DIRECTION('',(-0.,2.22044604925E-16,-1.));
#1108 = DIRECTION('',(0.,1.,2.22044604925E-16));
#1109 = ADVANCED_FACE('',(#1110),#1121,.T.);
#1110 = FACE_BOUND('',#1111,.F.);
#1111 = EDGE_LOOP('',(#1112,#1113,#1119,#1120));
#1112 = ORIENTED_EDGE('',*,*,#959,.F.);
#1113 = ORIENTED_EDGE('',*,*,#1114,.T.);
#1114 = EDGE_CURVE('',#960,#856,#1115,.T.);
#1115 = LINE('',#1116,#1117);
#1116 = CARTESIAN_POINT('',(13.344700460829,18.75,6.));
#1117 = VECTOR('',#1118,1.);
#1118 = DIRECTION('',(0.,-1.,-2.22044604925E-16));
#1119 = ORIENTED_EDGE('',*,*,#863,.F.);
#1120 = ORIENTED_EDGE('',*,*,#911,.F.);
#1121 = PLANE('',#1122);
#1122 = AXIS2_PLACEMENT_3D('',#1123,#1124,#1125);
#1123 = CARTESIAN_POINT('',(-6.175031551311E-16,38.,6.));
#1124 = DIRECTION('',(-0.,2.22044604925E-16,-1.));
#1125 = DIRECTION('',(0.,1.,2.22044604925E-16));
#1126 = ADVANCED_FACE('',(#1127),#1156,.T.);
#1127 = FACE_BOUND('',#1128,.F.);
#1128 = EDGE_LOOP('',(#1129,#1137,#1138,#1139,#1140,#1141,#1142,#1150));
#1129 = ORIENTED_EDGE('',*,*,#1130,.F.);
#1130 = EDGE_CURVE('',#1025,#1131,#1133,.T.);
#1131 = VERTEX_POINT('',#1132);
#1132 = CARTESIAN_POINT('',(10.441474654378,2.997602166488E-15,16.5));
#1133 = LINE('',#1134,#1135);
#1134 = CARTESIAN_POINT('',(12.365811122729,4.54296235309E-15,
    9.540316439464));
#1135 = VECTOR('',#1136,1.);
#1136 = DIRECTION('',(-0.266498266647,-2.140144500967E-16,0.963835397708
    ));
#1137 = ORIENTED_EDGE('',*,*,#1032,.F.);
#1138 = ORIENTED_EDGE('',*,*,#855,.F.);
#1139 = ORIENTED_EDGE('',*,*,#1114,.F.);
#1140 = ORIENTED_EDGE('',*,*,#967,.F.);
#1141 = ORIENTED_EDGE('',*,*,#1043,.F.);
#1142 = ORIENTED_EDGE('',*,*,#1143,.F.);
#1143 = EDGE_CURVE('',#1144,#1044,#1146,.T.);
#1144 = VERTEX_POINT('',#1145);
#1145 = CARTESIAN_POINT('',(10.441474654378,76.,16.5));
#1146 = LINE('',#1147,#1148);
#1147 = CARTESIAN_POINT('',(13.431131014619,76.,5.68740949713));
#1148 = VECTOR('',#1149,1.);
#1149 = DIRECTION('',(0.266498266647,2.140144500967E-16,-0.963835397708)
  );
#1150 = ORIENTED_EDGE('',*,*,#1151,.T.);
#1151 = EDGE_CURVE('',#1144,#1131,#1152,.T.);
#1152 = LINE('',#1153,#1154);
#1153 = CARTESIAN_POINT('',(10.441474654378,18.75,16.5));
#1154 = VECTOR('',#1155,1.);
#1155 = DIRECTION('',(0.,-1.,-2.22044604925E-16));
#1156 = PLANE('',#1157);
#1157 = AXIS2_PLACEMENT_3D('',#1158,#1159,#1160);
#1158 = CARTESIAN_POINT('',(13.4,-0.5,5.8));
#1159 = DIRECTION('',(-0.963835397708,5.917450233089E-17,-0.266498266647
    ));
#1160 = DIRECTION('',(0.266498266647,2.140144500967E-16,-0.963835397708)
  );
#1161 = ADVANCED_FACE('',(#1162),#1210,.T.);
#1162 = FACE_BOUND('',#1163,.F.);
#1163 = EDGE_LOOP('',(#1164,#1172,#1180,#1186,#1187,#1195,#1203,#1209));
#1164 = ORIENTED_EDGE('',*,*,#1165,.F.);
#1165 = EDGE_CURVE('',#1166,#1015,#1168,.T.);
#1166 = VERTEX_POINT('',#1167);
#1167 = CARTESIAN_POINT('',(-10.44147465437,2.997602166488E-15,16.5));
#1168 = LINE('',#1169,#1170);
#1169 = CARTESIAN_POINT('',(-11.93113101461,4.193887571196E-15,
    11.11240949713));
#1170 = VECTOR('',#1171,1.);
#1171 = DIRECTION('',(-0.266498266647,2.140144500967E-16,-0.963835397708
    ));
#1172 = ORIENTED_EDGE('',*,*,#1173,.T.);
#1173 = EDGE_CURVE('',#1166,#1174,#1176,.T.);
#1174 = VERTEX_POINT('',#1175);
#1175 = CARTESIAN_POINT('',(-10.44147465437,76.,16.5));
#1176 = LINE('',#1177,#1178);
#1177 = CARTESIAN_POINT('',(-10.44147465437,18.75,16.5));
#1178 = VECTOR('',#1179,1.);
#1179 = DIRECTION('',(0.,1.,2.22044604925E-16));
#1180 = ORIENTED_EDGE('',*,*,#1181,.F.);
#1181 = EDGE_CURVE('',#1052,#1174,#1182,.T.);
#1182 = LINE('',#1183,#1184);
#1183 = CARTESIAN_POINT('',(-10.86581112272,76.,14.965316439464));
#1184 = VECTOR('',#1185,1.);
#1185 = DIRECTION('',(0.266498266647,-2.140144500967E-16,0.963835397708)
  );
#1186 = ORIENTED_EDGE('',*,*,#1059,.F.);
#1187 = ORIENTED_EDGE('',*,*,#1188,.F.);
#1188 = EDGE_CURVE('',#1189,#1060,#1191,.T.);
#1189 = VERTEX_POINT('',#1190);
#1190 = CARTESIAN_POINT('',(-13.34470046082,57.655299539171,6.));
#1191 = LINE('',#1192,#1193);
#1192 = CARTESIAN_POINT('',(-14.57045810385,56.429541896148,
    1.56684319107));
#1193 = VECTOR('',#1194,1.);
#1194 = DIRECTION('',(0.257510729614,0.257510729614,0.931330472103));
#1195 = ORIENTED_EDGE('',*,*,#1196,.F.);
#1196 = EDGE_CURVE('',#1197,#1189,#1199,.T.);
#1197 = VERTEX_POINT('',#1198);
#1198 = CARTESIAN_POINT('',(-13.34470046082,18.34470046083,6.));
#1199 = LINE('',#1200,#1201);
#1200 = CARTESIAN_POINT('',(-13.34470046082,18.75,6.));
#1201 = VECTOR('',#1202,1.);
#1202 = DIRECTION('',(0.,1.,2.22044604925E-16));
#1203 = ORIENTED_EDGE('',*,*,#1204,.F.);
#1204 = EDGE_CURVE('',#1017,#1197,#1205,.T.);
#1205 = LINE('',#1206,#1207);
#1206 = CARTESIAN_POINT('',(-12.33243566836,17.332435668367,
    9.661024332738));
#1207 = VECTOR('',#1208,1.);
#1208 = DIRECTION('',(-0.257510729614,0.257510729614,-0.931330472103));
#1209 = ORIENTED_EDGE('',*,*,#1014,.F.);
#1210 = PLANE('',#1211);
#1211 = AXIS2_PLACEMENT_3D('',#1212,#1213,#1214);
#1212 = CARTESIAN_POINT('',(-10.4,-0.5,16.65));
#1213 = DIRECTION('',(0.963835397708,5.917450233089E-17,-0.266498266647)
  );
#1214 = DIRECTION('',(0.266498266647,-2.140144500967E-16,0.963835397708)
  );
#1215 = ADVANCED_FACE('',(#1216),#1234,.F.);
#1216 = FACE_BOUND('',#1217,.T.);
#1217 = EDGE_LOOP('',(#1218,#1226,#1232,#1233));
#1218 = ORIENTED_EDGE('',*,*,#1219,.F.);
#1219 = EDGE_CURVE('',#1220,#1092,#1222,.T.);
#1220 = VERTEX_POINT('',#1221);
#1221 = CARTESIAN_POINT('',(-12.,17.,6.));
#1222 = LINE('',#1223,#1224);
#1223 = CARTESIAN_POINT('',(-12.,17.,-0.35));
#1224 = VECTOR('',#1225,1.);
#1225 = DIRECTION('',(0.,-2.22044604925E-16,1.));
#1226 = ORIENTED_EDGE('',*,*,#1227,.T.);
#1227 = EDGE_CURVE('',#1220,#1197,#1228,.T.);
#1228 = LINE('',#1229,#1230);
#1229 = CARTESIAN_POINT('',(-22.125,27.125,6.));
#1230 = VECTOR('',#1231,1.);
#1231 = DIRECTION('',(-0.707106781187,0.707106781187,1.570092458684E-16)
  );
#1232 = ORIENTED_EDGE('',*,*,#1204,.F.);
#1233 = ORIENTED_EDGE('',*,*,#1099,.T.);
#1234 = PLANE('',#1235);
#1235 = AXIS2_PLACEMENT_3D('',#1236,#1237,#1238);
#1236 = CARTESIAN_POINT('',(-16.75,21.75,-0.35));
#1237 = DIRECTION('',(-0.707106781187,-0.707106781187,
    -1.570092458684E-16));
#1238 = DIRECTION('',(-0.707106781187,0.707106781187,1.570092458684E-16)
  );
#1239 = ADVANCED_FACE('',(#1240),#1258,.F.);
#1240 = FACE_BOUND('',#1241,.T.);
#1241 = EDGE_LOOP('',(#1242,#1250,#1251,#1252));
#1242 = ORIENTED_EDGE('',*,*,#1243,.T.);
#1243 = EDGE_CURVE('',#1244,#1220,#1246,.T.);
#1244 = VERTEX_POINT('',#1245);
#1245 = CARTESIAN_POINT('',(-7.25,21.75,6.));
#1246 = LINE('',#1247,#1248);
#1247 = CARTESIAN_POINT('',(-9.25,19.75,6.));
#1248 = VECTOR('',#1249,1.);
#1249 = DIRECTION('',(-0.707106781187,-0.707106781187,
    -1.570092458684E-16));
#1250 = ORIENTED_EDGE('',*,*,#1219,.T.);
#1251 = ORIENTED_EDGE('',*,*,#1091,.T.);
#1252 = ORIENTED_EDGE('',*,*,#1253,.F.);
#1253 = EDGE_CURVE('',#1244,#1084,#1254,.T.);
#1254 = LINE('',#1255,#1256);
#1255 = CARTESIAN_POINT('',(-7.25,21.75,-0.35));
#1256 = VECTOR('',#1257,1.);
#1257 = DIRECTION('',(0.,-2.22044604925E-16,1.));
#1258 = PLANE('',#1259);
#1259 = AXIS2_PLACEMENT_3D('',#1260,#1261,#1262);
#1260 = CARTESIAN_POINT('',(-12.,17.,-0.35));
#1261 = DIRECTION('',(0.707106781187,-0.707106781187,-1.570092458684E-16
    ));
#1262 = DIRECTION('',(-0.707106781187,-0.707106781187,
    -1.570092458684E-16));
#1263 = ADVANCED_FACE('',(#1264),#1282,.F.);
#1264 = FACE_BOUND('',#1265,.T.);
#1265 = EDGE_LOOP('',(#1266,#1274,#1275,#1276));
#1266 = ORIENTED_EDGE('',*,*,#1267,.T.);
#1267 = EDGE_CURVE('',#1268,#1244,#1270,.T.);
#1268 = VERTEX_POINT('',#1269);
#1269 = CARTESIAN_POINT('',(-7.25,54.25,6.));
#1270 = LINE('',#1271,#1272);
#1271 = CARTESIAN_POINT('',(-7.25,29.875,6.));
#1272 = VECTOR('',#1273,1.);
#1273 = DIRECTION('',(0.,-1.,-2.22044604925E-16));
#1274 = ORIENTED_EDGE('',*,*,#1253,.T.);
#1275 = ORIENTED_EDGE('',*,*,#1083,.T.);
#1276 = ORIENTED_EDGE('',*,*,#1277,.F.);
#1277 = EDGE_CURVE('',#1268,#1076,#1278,.T.);
#1278 = LINE('',#1279,#1280);
#1279 = CARTESIAN_POINT('',(-7.25,54.25,-0.35));
#1280 = VECTOR('',#1281,1.);
#1281 = DIRECTION('',(0.,-2.22044604925E-16,1.));
#1282 = PLANE('',#1283);
#1283 = AXIS2_PLACEMENT_3D('',#1284,#1285,#1286);
#1284 = CARTESIAN_POINT('',(-7.25,21.75,-0.35));
#1285 = DIRECTION('',(1.,0.,0.));
#1286 = DIRECTION('',(0.,-1.,-2.22044604925E-16));
#1287 = ADVANCED_FACE('',(#1288),#1306,.F.);
#1288 = FACE_BOUND('',#1289,.T.);
#1289 = EDGE_LOOP('',(#1290,#1298,#1299,#1300));
#1290 = ORIENTED_EDGE('',*,*,#1291,.T.);
#1291 = EDGE_CURVE('',#1292,#1268,#1294,.T.);
#1292 = VERTEX_POINT('',#1293);
#1293 = CARTESIAN_POINT('',(-12.,59.,6.));
#1294 = LINE('',#1295,#1296);
#1295 = CARTESIAN_POINT('',(-6.875,53.875,6.));
#1296 = VECTOR('',#1297,1.);
#1297 = DIRECTION('',(0.707106781187,-0.707106781187,-1.570092458684E-16
    ));
#1298 = ORIENTED_EDGE('',*,*,#1277,.T.);
#1299 = ORIENTED_EDGE('',*,*,#1075,.T.);
#1300 = ORIENTED_EDGE('',*,*,#1301,.F.);
#1301 = EDGE_CURVE('',#1292,#1068,#1302,.T.);
#1302 = LINE('',#1303,#1304);
#1303 = CARTESIAN_POINT('',(-12.,59.,-0.35));
#1304 = VECTOR('',#1305,1.);
#1305 = DIRECTION('',(0.,-2.22044604925E-16,1.));
#1306 = PLANE('',#1307);
#1307 = AXIS2_PLACEMENT_3D('',#1308,#1309,#1310);
#1308 = CARTESIAN_POINT('',(-7.25,54.25,-0.35));
#1309 = DIRECTION('',(0.707106781187,0.707106781187,1.570092458684E-16)
  );
#1310 = DIRECTION('',(0.707106781187,-0.707106781187,-1.570092458684E-16
    ));
#1311 = ADVANCED_FACE('',(#1312),#1323,.F.);
#1312 = FACE_BOUND('',#1313,.T.);
#1313 = EDGE_LOOP('',(#1314,#1320,#1321,#1322));
#1314 = ORIENTED_EDGE('',*,*,#1315,.T.);
#1315 = EDGE_CURVE('',#1189,#1292,#1316,.T.);
#1316 = LINE('',#1317,#1318);
#1317 = CARTESIAN_POINT('',(-19.75,51.25,6.));
#1318 = VECTOR('',#1319,1.);
#1319 = DIRECTION('',(0.707106781187,0.707106781187,1.570092458684E-16)
  );
#1320 = ORIENTED_EDGE('',*,*,#1301,.T.);
#1321 = ORIENTED_EDGE('',*,*,#1067,.T.);
#1322 = ORIENTED_EDGE('',*,*,#1188,.F.);
#1323 = PLANE('',#1324);
#1324 = AXIS2_PLACEMENT_3D('',#1325,#1326,#1327);
#1325 = CARTESIAN_POINT('',(-12.,59.,-0.35));
#1326 = DIRECTION('',(-0.707106781187,0.707106781187,1.570092458684E-16)
  );
#1327 = DIRECTION('',(0.707106781187,0.707106781187,1.570092458684E-16)
  );
#1328 = ADVANCED_FACE('',(#1329),#1337,.F.);
#1329 = FACE_BOUND('',#1330,.T.);
#1330 = EDGE_LOOP('',(#1331,#1332,#1333,#1334,#1335,#1336));
#1331 = ORIENTED_EDGE('',*,*,#1196,.F.);
#1332 = ORIENTED_EDGE('',*,*,#1227,.F.);
#1333 = ORIENTED_EDGE('',*,*,#1243,.F.);
#1334 = ORIENTED_EDGE('',*,*,#1267,.F.);
#1335 = ORIENTED_EDGE('',*,*,#1291,.F.);
#1336 = ORIENTED_EDGE('',*,*,#1315,.F.);
#1337 = PLANE('',#1338);
#1338 = AXIS2_PLACEMENT_3D('',#1339,#1340,#1341);
#1339 = CARTESIAN_POINT('',(-22.,38.,6.));
#1340 = DIRECTION('',(-0.,2.22044604925E-16,-1.));
#1341 = DIRECTION('',(0.,1.,2.22044604925E-16));
#1342 = ADVANCED_FACE('',(#1343,#1402),#1436,.T.);
#1343 = FACE_BOUND('',#1344,.F.);
#1344 = EDGE_LOOP('',(#1345,#1346,#1347,#1348,#1356,#1364,#1372,#1380,
    #1388,#1396));
#1345 = ORIENTED_EDGE('',*,*,#1165,.T.);
#1346 = ORIENTED_EDGE('',*,*,#1024,.T.);
#1347 = ORIENTED_EDGE('',*,*,#1130,.T.);
#1348 = ORIENTED_EDGE('',*,*,#1349,.T.);
#1349 = EDGE_CURVE('',#1131,#1350,#1352,.T.);
#1350 = VERTEX_POINT('',#1351);
#1351 = CARTESIAN_POINT('',(7.,2.997602166488E-15,16.5));
#1352 = LINE('',#1353,#1354);
#1353 = CARTESIAN_POINT('',(16.,3.10862446895E-15,16.5));
#1354 = VECTOR('',#1355,1.);
#1355 = DIRECTION('',(-1.,-0.,0.));
#1356 = ORIENTED_EDGE('',*,*,#1357,.T.);
#1357 = EDGE_CURVE('',#1350,#1358,#1360,.T.);
#1358 = VERTEX_POINT('',#1359);
#1359 = CARTESIAN_POINT('',(7.,2.442490654175E-15,19.));
#1360 = LINE('',#1361,#1362);
#1361 = CARTESIAN_POINT('',(7.,3.10862446895E-15,16.5));
#1362 = VECTOR('',#1363,1.);
#1363 = DIRECTION('',(0.,-2.22044604925E-16,1.));
#1364 = ORIENTED_EDGE('',*,*,#1365,.T.);
#1365 = EDGE_CURVE('',#1358,#1366,#1368,.T.);
#1366 = VERTEX_POINT('',#1367);
#1367 = CARTESIAN_POINT('',(5.,1.998401444325E-15,21.));
#1368 = LINE('',#1369,#1370);
#1369 = CARTESIAN_POINT('',(7.,2.6645352591E-15,19.));
#1370 = VECTOR('',#1371,1.);
#1371 = DIRECTION('',(-0.707106781187,-1.570092458684E-16,0.707106781187
    ));
#1372 = ORIENTED_EDGE('',*,*,#1373,.T.);
#1373 = EDGE_CURVE('',#1366,#1374,#1376,.T.);
#1374 = VERTEX_POINT('',#1375);
#1375 = CARTESIAN_POINT('',(-5.,1.998401444325E-15,21.));
#1376 = LINE('',#1377,#1378);
#1377 = CARTESIAN_POINT('',(5.,1.7763568394E-15,21.));
#1378 = VECTOR('',#1379,1.);
#1379 = DIRECTION('',(-1.,-0.,0.));
#1380 = ORIENTED_EDGE('',*,*,#1381,.T.);
#1381 = EDGE_CURVE('',#1374,#1382,#1384,.T.);
#1382 = VERTEX_POINT('',#1383);
#1383 = CARTESIAN_POINT('',(-7.,2.442490654175E-15,19.));
#1384 = LINE('',#1385,#1386);
#1385 = CARTESIAN_POINT('',(-5.,1.7763568394E-15,21.));
#1386 = VECTOR('',#1387,1.);
#1387 = DIRECTION('',(-0.707106781187,1.570092458684E-16,-0.707106781187
    ));
#1388 = ORIENTED_EDGE('',*,*,#1389,.T.);
#1389 = EDGE_CURVE('',#1382,#1390,#1392,.T.);
#1390 = VERTEX_POINT('',#1391);
#1391 = CARTESIAN_POINT('',(-7.,2.997602166488E-15,16.5));
#1392 = LINE('',#1393,#1394);
#1393 = CARTESIAN_POINT('',(-7.,2.6645352591E-15,19.));
#1394 = VECTOR('',#1395,1.);
#1395 = DIRECTION('',(-0.,2.22044604925E-16,-1.));
#1396 = ORIENTED_EDGE('',*,*,#1397,.T.);
#1397 = EDGE_CURVE('',#1390,#1166,#1398,.T.);
#1398 = LINE('',#1399,#1400);
#1399 = CARTESIAN_POINT('',(16.,3.10862446895E-15,16.5));
#1400 = VECTOR('',#1401,1.);
#1401 = DIRECTION('',(-1.,-0.,0.));
#1402 = FACE_BOUND('',#1403,.F.);
#1403 = EDGE_LOOP('',(#1404,#1414,#1422,#1430));
#1404 = ORIENTED_EDGE('',*,*,#1405,.T.);
#1405 = EDGE_CURVE('',#1406,#1408,#1410,.T.);
#1406 = VERTEX_POINT('',#1407);
#1407 = CARTESIAN_POINT('',(5.,2.75335310107E-15,17.6));
#1408 = VERTEX_POINT('',#1409);
#1409 = CARTESIAN_POINT('',(-5.,2.75335310107E-15,17.6));
#1410 = LINE('',#1411,#1412);
#1411 = CARTESIAN_POINT('',(-2.5,2.75335310107E-15,17.6));
#1412 = VECTOR('',#1413,1.);
#1413 = DIRECTION('',(-1.,0.,0.));
#1414 = ORIENTED_EDGE('',*,*,#1415,.T.);
#1415 = EDGE_CURVE('',#1408,#1416,#1418,.T.);
#1416 = VERTEX_POINT('',#1417);
#1417 = CARTESIAN_POINT('',(-5.,2.087219286295E-15,20.6));
#1418 = LINE('',#1419,#1420);
#1419 = CARTESIAN_POINT('',(-5.,2.736699755701E-15,17.675));
#1420 = VECTOR('',#1421,1.);
#1421 = DIRECTION('',(0.,-2.22044604925E-16,1.));
#1422 = ORIENTED_EDGE('',*,*,#1423,.F.);
#1423 = EDGE_CURVE('',#1424,#1416,#1426,.T.);
#1424 = VERTEX_POINT('',#1425);
#1425 = CARTESIAN_POINT('',(5.,2.087219286295E-15,20.6));
#1426 = LINE('',#1427,#1428);
#1427 = CARTESIAN_POINT('',(-2.5,2.087219286295E-15,20.6));
#1428 = VECTOR('',#1429,1.);
#1429 = DIRECTION('',(-1.,0.,0.));
#1430 = ORIENTED_EDGE('',*,*,#1431,.F.);
#1431 = EDGE_CURVE('',#1406,#1424,#1432,.T.);
#1432 = LINE('',#1433,#1434);
#1433 = CARTESIAN_POINT('',(5.,2.736699755701E-15,17.675));
#1434 = VECTOR('',#1435,1.);
#1435 = DIRECTION('',(0.,-2.22044604925E-16,1.));
#1436 = PLANE('',#1437);
#1437 = AXIS2_PLACEMENT_3D('',#1438,#1439,#1440);
#1438 = CARTESIAN_POINT('',(-3.305783655246E-16,3.90502347569E-15,
    12.413337730008));
#1439 = DIRECTION('',(0.,1.,2.22044604925E-16));
#1440 = DIRECTION('',(-1.,0.,0.));
#1441 = ADVANCED_FACE('',(#1442),#1467,.F.);
#1442 = FACE_BOUND('',#1443,.T.);
#1443 = EDGE_LOOP('',(#1444,#1452,#1453,#1461));
#1444 = ORIENTED_EDGE('',*,*,#1445,.T.);
#1445 = EDGE_CURVE('',#1446,#1350,#1448,.T.);
#1446 = VERTEX_POINT('',#1447);
#1447 = CARTESIAN_POINT('',(7.,-4.,16.5));
#1448 = LINE('',#1449,#1450);
#1449 = CARTESIAN_POINT('',(7.,-4.,16.5));
#1450 = VECTOR('',#1451,1.);
#1451 = DIRECTION('',(0.,1.,2.22044604925E-16));
#1452 = ORIENTED_EDGE('',*,*,#1357,.T.);
#1453 = ORIENTED_EDGE('',*,*,#1454,.F.);
#1454 = EDGE_CURVE('',#1455,#1358,#1457,.T.);
#1455 = VERTEX_POINT('',#1456);
#1456 = CARTESIAN_POINT('',(7.,-4.,19.));
#1457 = LINE('',#1458,#1459);
#1458 = CARTESIAN_POINT('',(7.,-4.,19.));
#1459 = VECTOR('',#1460,1.);
#1460 = DIRECTION('',(0.,1.,2.22044604925E-16));
#1461 = ORIENTED_EDGE('',*,*,#1462,.F.);
#1462 = EDGE_CURVE('',#1446,#1455,#1463,.T.);
#1463 = LINE('',#1464,#1465);
#1464 = CARTESIAN_POINT('',(7.,-4.,16.5));
#1465 = VECTOR('',#1466,1.);
#1466 = DIRECTION('',(0.,-2.22044604925E-16,1.));
#1467 = PLANE('',#1468);
#1468 = AXIS2_PLACEMENT_3D('',#1469,#1470,#1471);
#1469 = CARTESIAN_POINT('',(7.,-4.,16.5));
#1470 = DIRECTION('',(-1.,-0.,0.));
#1471 = DIRECTION('',(0.,2.22044604925E-16,-1.));
#1472 = ADVANCED_FACE('',(#1473),#1491,.F.);
#1473 = FACE_BOUND('',#1474,.T.);
#1474 = EDGE_LOOP('',(#1475,#1476,#1477,#1485));
#1475 = ORIENTED_EDGE('',*,*,#1454,.T.);
#1476 = ORIENTED_EDGE('',*,*,#1365,.T.);
#1477 = ORIENTED_EDGE('',*,*,#1478,.F.);
#1478 = EDGE_CURVE('',#1479,#1366,#1481,.T.);
#1479 = VERTEX_POINT('',#1480);
#1480 = CARTESIAN_POINT('',(5.,-4.,21.));
#1481 = LINE('',#1482,#1483);
#1482 = CARTESIAN_POINT('',(5.,-4.,21.));
#1483 = VECTOR('',#1484,1.);
#1484 = DIRECTION('',(0.,1.,2.22044604925E-16));
#1485 = ORIENTED_EDGE('',*,*,#1486,.F.);
#1486 = EDGE_CURVE('',#1455,#1479,#1487,.T.);
#1487 = LINE('',#1488,#1489);
#1488 = CARTESIAN_POINT('',(7.,-4.,19.));
#1489 = VECTOR('',#1490,1.);
#1490 = DIRECTION('',(-0.707106781187,-1.570092458684E-16,0.707106781187
    ));
#1491 = PLANE('',#1492);
#1492 = AXIS2_PLACEMENT_3D('',#1493,#1494,#1495);
#1493 = CARTESIAN_POINT('',(7.,-4.,19.));
#1494 = DIRECTION('',(-0.707106781187,1.570092458684E-16,-0.707106781187
    ));
#1495 = DIRECTION('',(0.707106781187,1.570092458684E-16,-0.707106781187)
  );
#1496 = ADVANCED_FACE('',(#1497),#1522,.F.);
#1497 = FACE_BOUND('',#1498,.T.);
#1498 = EDGE_LOOP('',(#1499,#1507,#1508,#1516));
#1499 = ORIENTED_EDGE('',*,*,#1500,.T.);
#1500 = EDGE_CURVE('',#1501,#1382,#1503,.T.);
#1501 = VERTEX_POINT('',#1502);
#1502 = CARTESIAN_POINT('',(-7.,-4.,19.));
#1503 = LINE('',#1504,#1505);
#1504 = CARTESIAN_POINT('',(-7.,-4.,19.));
#1505 = VECTOR('',#1506,1.);
#1506 = DIRECTION('',(0.,1.,2.22044604925E-16));
#1507 = ORIENTED_EDGE('',*,*,#1389,.T.);
#1508 = ORIENTED_EDGE('',*,*,#1509,.F.);
#1509 = EDGE_CURVE('',#1510,#1390,#1512,.T.);
#1510 = VERTEX_POINT('',#1511);
#1511 = CARTESIAN_POINT('',(-7.,-4.,16.5));
#1512 = LINE('',#1513,#1514);
#1513 = CARTESIAN_POINT('',(-7.,-4.,16.5));
#1514 = VECTOR('',#1515,1.);
#1515 = DIRECTION('',(0.,1.,2.22044604925E-16));
#1516 = ORIENTED_EDGE('',*,*,#1517,.F.);
#1517 = EDGE_CURVE('',#1501,#1510,#1518,.T.);
#1518 = LINE('',#1519,#1520);
#1519 = CARTESIAN_POINT('',(-7.,-4.,19.));
#1520 = VECTOR('',#1521,1.);
#1521 = DIRECTION('',(-0.,2.22044604925E-16,-1.));
#1522 = PLANE('',#1523);
#1523 = AXIS2_PLACEMENT_3D('',#1524,#1525,#1526);
#1524 = CARTESIAN_POINT('',(-7.,-4.,19.));
#1525 = DIRECTION('',(1.,0.,0.));
#1526 = DIRECTION('',(0.,-2.22044604925E-16,1.));
#1527 = ADVANCED_FACE('',(#1528),#1546,.F.);
#1528 = FACE_BOUND('',#1529,.T.);
#1529 = EDGE_LOOP('',(#1530,#1538,#1539,#1540));
#1530 = ORIENTED_EDGE('',*,*,#1531,.T.);
#1531 = EDGE_CURVE('',#1532,#1374,#1534,.T.);
#1532 = VERTEX_POINT('',#1533);
#1533 = CARTESIAN_POINT('',(-5.,-4.,21.));
#1534 = LINE('',#1535,#1536);
#1535 = CARTESIAN_POINT('',(-5.,-4.,21.));
#1536 = VECTOR('',#1537,1.);
#1537 = DIRECTION('',(0.,1.,2.22044604925E-16));
#1538 = ORIENTED_EDGE('',*,*,#1381,.T.);
#1539 = ORIENTED_EDGE('',*,*,#1500,.F.);
#1540 = ORIENTED_EDGE('',*,*,#1541,.F.);
#1541 = EDGE_CURVE('',#1532,#1501,#1542,.T.);
#1542 = LINE('',#1543,#1544);
#1543 = CARTESIAN_POINT('',(-5.,-4.,21.));
#1544 = VECTOR('',#1545,1.);
#1545 = DIRECTION('',(-0.707106781187,1.570092458684E-16,-0.707106781187
    ));
#1546 = PLANE('',#1547);
#1547 = AXIS2_PLACEMENT_3D('',#1548,#1549,#1550);
#1548 = CARTESIAN_POINT('',(-5.,-4.,21.));
#1549 = DIRECTION('',(0.707106781187,1.570092458684E-16,-0.707106781187)
  );
#1550 = DIRECTION('',(0.707106781187,-1.570092458684E-16,0.707106781187)
  );
#1551 = ADVANCED_FACE('',(#1552),#1563,.F.);
#1552 = FACE_BOUND('',#1553,.T.);
#1553 = EDGE_LOOP('',(#1554,#1555,#1556,#1557));
#1554 = ORIENTED_EDGE('',*,*,#1478,.T.);
#1555 = ORIENTED_EDGE('',*,*,#1373,.T.);
#1556 = ORIENTED_EDGE('',*,*,#1531,.F.);
#1557 = ORIENTED_EDGE('',*,*,#1558,.F.);
#1558 = EDGE_CURVE('',#1479,#1532,#1559,.T.);
#1559 = LINE('',#1560,#1561);
#1560 = CARTESIAN_POINT('',(5.,-4.,21.));
#1561 = VECTOR('',#1562,1.);
#1562 = DIRECTION('',(-1.,-0.,0.));
#1563 = PLANE('',#1564);
#1564 = AXIS2_PLACEMENT_3D('',#1565,#1566,#1567);
#1565 = CARTESIAN_POINT('',(5.,-4.,21.));
#1566 = DIRECTION('',(-0.,2.22044604925E-16,-1.));
#1567 = DIRECTION('',(1.,0.,0.));
#1568 = ADVANCED_FACE('',(#1569),#1594,.T.);
#1569 = FACE_BOUND('',#1570,.F.);
#1570 = EDGE_LOOP('',(#1571,#1579,#1580,#1588));
#1571 = ORIENTED_EDGE('',*,*,#1572,.F.);
#1572 = EDGE_CURVE('',#1424,#1573,#1575,.T.);
#1573 = VERTEX_POINT('',#1574);
#1574 = CARTESIAN_POINT('',(5.,68.,20.6));
#1575 = LINE('',#1576,#1577);
#1576 = CARTESIAN_POINT('',(5.,-4.,20.6));
#1577 = VECTOR('',#1578,1.);
#1578 = DIRECTION('',(0.,1.,2.22044604925E-16));
#1579 = ORIENTED_EDGE('',*,*,#1423,.T.);
#1580 = ORIENTED_EDGE('',*,*,#1581,.T.);
#1581 = EDGE_CURVE('',#1416,#1582,#1584,.T.);
#1582 = VERTEX_POINT('',#1583);
#1583 = CARTESIAN_POINT('',(-5.,68.,20.6));
#1584 = LINE('',#1585,#1586);
#1585 = CARTESIAN_POINT('',(-5.,-4.,20.6));
#1586 = VECTOR('',#1587,1.);
#1587 = DIRECTION('',(0.,1.,2.22044604925E-16));
#1588 = ORIENTED_EDGE('',*,*,#1589,.F.);
#1589 = EDGE_CURVE('',#1573,#1582,#1590,.T.);
#1590 = LINE('',#1591,#1592);
#1591 = CARTESIAN_POINT('',(-5.5,68.,20.6));
#1592 = VECTOR('',#1593,1.);
#1593 = DIRECTION('',(-1.,-0.,0.));
#1594 = PLANE('',#1595);
#1595 = AXIS2_PLACEMENT_3D('',#1596,#1597,#1598);
#1596 = CARTESIAN_POINT('',(-5.,-4.,20.6));
#1597 = DIRECTION('',(0.,-2.22044604925E-16,1.));
#1598 = DIRECTION('',(0.,-1.,-2.22044604925E-16));
#1599 = ADVANCED_FACE('',(#1600),#1657,.T.);
#1600 = FACE_BOUND('',#1601,.F.);
#1601 = EDGE_LOOP('',(#1602,#1612,#1620,#1628,#1636,#1644,#1650,#1651));
#1602 = ORIENTED_EDGE('',*,*,#1603,.F.);
#1603 = EDGE_CURVE('',#1604,#1606,#1608,.T.);
#1604 = VERTEX_POINT('',#1605);
#1605 = CARTESIAN_POINT('',(-6.,68.,17.6));
#1606 = VERTEX_POINT('',#1607);
#1607 = CARTESIAN_POINT('',(-5.,68.,17.6));
#1608 = LINE('',#1609,#1610);
#1609 = CARTESIAN_POINT('',(-6.,68.,17.6));
#1610 = VECTOR('',#1611,1.);
#1611 = DIRECTION('',(1.,0.,0.));
#1612 = ORIENTED_EDGE('',*,*,#1613,.T.);
#1613 = EDGE_CURVE('',#1604,#1614,#1616,.T.);
#1614 = VERTEX_POINT('',#1615);
#1615 = CARTESIAN_POINT('',(-6.,68.,24.6));
#1616 = LINE('',#1617,#1618);
#1617 = CARTESIAN_POINT('',(-6.,68.,17.6));
#1618 = VECTOR('',#1619,1.);
#1619 = DIRECTION('',(0.,-2.22044604925E-16,1.));
#1620 = ORIENTED_EDGE('',*,*,#1621,.T.);
#1621 = EDGE_CURVE('',#1614,#1622,#1624,.T.);
#1622 = VERTEX_POINT('',#1623);
#1623 = CARTESIAN_POINT('',(6.,68.,24.6));
#1624 = LINE('',#1625,#1626);
#1625 = CARTESIAN_POINT('',(-6.,68.,24.6));
#1626 = VECTOR('',#1627,1.);
#1627 = DIRECTION('',(1.,0.,0.));
#1628 = ORIENTED_EDGE('',*,*,#1629,.F.);
#1629 = EDGE_CURVE('',#1630,#1622,#1632,.T.);
#1630 = VERTEX_POINT('',#1631);
#1631 = CARTESIAN_POINT('',(6.,68.,17.6));
#1632 = LINE('',#1633,#1634);
#1633 = CARTESIAN_POINT('',(6.,68.,17.6));
#1634 = VECTOR('',#1635,1.);
#1635 = DIRECTION('',(0.,-2.22044604925E-16,1.));
#1636 = ORIENTED_EDGE('',*,*,#1637,.F.);
#1637 = EDGE_CURVE('',#1638,#1630,#1640,.T.);
#1638 = VERTEX_POINT('',#1639);
#1639 = CARTESIAN_POINT('',(5.,68.,17.6));
#1640 = LINE('',#1641,#1642);
#1641 = CARTESIAN_POINT('',(-6.,68.,17.6));
#1642 = VECTOR('',#1643,1.);
#1643 = DIRECTION('',(1.,0.,0.));
#1644 = ORIENTED_EDGE('',*,*,#1645,.T.);
#1645 = EDGE_CURVE('',#1638,#1573,#1646,.T.);
#1646 = LINE('',#1647,#1648);
#1647 = CARTESIAN_POINT('',(5.,68.,17.6));
#1648 = VECTOR('',#1649,1.);
#1649 = DIRECTION('',(0.,-2.22044604925E-16,1.));
#1650 = ORIENTED_EDGE('',*,*,#1589,.T.);
#1651 = ORIENTED_EDGE('',*,*,#1652,.F.);
#1652 = EDGE_CURVE('',#1606,#1582,#1653,.T.);
#1653 = LINE('',#1654,#1655);
#1654 = CARTESIAN_POINT('',(-5.,68.,17.6));
#1655 = VECTOR('',#1656,1.);
#1656 = DIRECTION('',(0.,-2.22044604925E-16,1.));
#1657 = PLANE('',#1658);
#1658 = AXIS2_PLACEMENT_3D('',#1659,#1660,#1661);
#1659 = CARTESIAN_POINT('',(-6.,68.,17.6));
#1660 = DIRECTION('',(0.,-1.,-2.22044604925E-16));
#1661 = DIRECTION('',(-1.,0.,0.));
#1662 = ADVANCED_FACE('',(#1663),#1743,.T.);
#1663 = FACE_BOUND('',#1664,.F.);
#1664 = EDGE_LOOP('',(#1665,#1673,#1674,#1682,#1690,#1696,#1697,#1705,
    #1713,#1721,#1729,#1737));
#1665 = ORIENTED_EDGE('',*,*,#1666,.T.);
#1666 = EDGE_CURVE('',#1667,#1604,#1669,.T.);
#1667 = VERTEX_POINT('',#1668);
#1668 = CARTESIAN_POINT('',(-8.,70.,17.6));
#1669 = LINE('',#1670,#1671);
#1670 = CARTESIAN_POINT('',(-8.,70.,17.6));
#1671 = VECTOR('',#1672,1.);
#1672 = DIRECTION('',(0.707106781187,-0.707106781187,-1.570092458684E-16
    ));
#1673 = ORIENTED_EDGE('',*,*,#1603,.T.);
#1674 = ORIENTED_EDGE('',*,*,#1675,.T.);
#1675 = EDGE_CURVE('',#1606,#1676,#1678,.T.);
#1676 = VERTEX_POINT('',#1677);
#1677 = CARTESIAN_POINT('',(-5.,69.,17.6));
#1678 = LINE('',#1679,#1680);
#1679 = CARTESIAN_POINT('',(-5.,-4.,17.6));
#1680 = VECTOR('',#1681,1.);
#1681 = DIRECTION('',(0.,1.,2.22044604925E-16));
#1682 = ORIENTED_EDGE('',*,*,#1683,.T.);
#1683 = EDGE_CURVE('',#1676,#1684,#1686,.T.);
#1684 = VERTEX_POINT('',#1685);
#1685 = CARTESIAN_POINT('',(5.,69.,17.6));
#1686 = LINE('',#1687,#1688);
#1687 = CARTESIAN_POINT('',(-5.,69.,17.6));
#1688 = VECTOR('',#1689,1.);
#1689 = DIRECTION('',(1.,0.,0.));
#1690 = ORIENTED_EDGE('',*,*,#1691,.F.);
#1691 = EDGE_CURVE('',#1638,#1684,#1692,.T.);
#1692 = LINE('',#1693,#1694);
#1693 = CARTESIAN_POINT('',(5.,-4.,17.6));
#1694 = VECTOR('',#1695,1.);
#1695 = DIRECTION('',(0.,1.,2.22044604925E-16));
#1696 = ORIENTED_EDGE('',*,*,#1637,.T.);
#1697 = ORIENTED_EDGE('',*,*,#1698,.T.);
#1698 = EDGE_CURVE('',#1630,#1699,#1701,.T.);
#1699 = VERTEX_POINT('',#1700);
#1700 = CARTESIAN_POINT('',(8.,70.,17.6));
#1701 = LINE('',#1702,#1703);
#1702 = CARTESIAN_POINT('',(6.,68.,17.6));
#1703 = VECTOR('',#1704,1.);
#1704 = DIRECTION('',(0.707106781187,0.707106781187,1.570092458684E-16)
  );
#1705 = ORIENTED_EDGE('',*,*,#1706,.T.);
#1706 = EDGE_CURVE('',#1699,#1707,#1709,.T.);
#1707 = VERTEX_POINT('',#1708);
#1708 = CARTESIAN_POINT('',(8.,74.,17.6));
#1709 = LINE('',#1710,#1711);
#1710 = CARTESIAN_POINT('',(8.,70.,17.6));
#1711 = VECTOR('',#1712,1.);
#1712 = DIRECTION('',(0.,1.,2.22044604925E-16));
#1713 = ORIENTED_EDGE('',*,*,#1714,.T.);
#1714 = EDGE_CURVE('',#1707,#1715,#1717,.T.);
#1715 = VERTEX_POINT('',#1716);
#1716 = CARTESIAN_POINT('',(6.,76.,17.6));
#1717 = LINE('',#1718,#1719);
#1718 = CARTESIAN_POINT('',(8.,74.,17.6));
#1719 = VECTOR('',#1720,1.);
#1720 = DIRECTION('',(-0.707106781187,0.707106781187,1.570092458684E-16)
  );
#1721 = ORIENTED_EDGE('',*,*,#1722,.T.);
#1722 = EDGE_CURVE('',#1715,#1723,#1725,.T.);
#1723 = VERTEX_POINT('',#1724);
#1724 = CARTESIAN_POINT('',(-6.,76.,17.6));
#1725 = LINE('',#1726,#1727);
#1726 = CARTESIAN_POINT('',(6.,76.,17.6));
#1727 = VECTOR('',#1728,1.);
#1728 = DIRECTION('',(-1.,-0.,0.));
#1729 = ORIENTED_EDGE('',*,*,#1730,.T.);
#1730 = EDGE_CURVE('',#1723,#1731,#1733,.T.);
#1731 = VERTEX_POINT('',#1732);
#1732 = CARTESIAN_POINT('',(-8.,74.,17.6));
#1733 = LINE('',#1734,#1735);
#1734 = CARTESIAN_POINT('',(-6.,76.,17.6));
#1735 = VECTOR('',#1736,1.);
#1736 = DIRECTION('',(-0.707106781187,-0.707106781187,
    -1.570092458684E-16));
#1737 = ORIENTED_EDGE('',*,*,#1738,.T.);
#1738 = EDGE_CURVE('',#1731,#1667,#1739,.T.);
#1739 = LINE('',#1740,#1741);
#1740 = CARTESIAN_POINT('',(-8.,74.,17.6));
#1741 = VECTOR('',#1742,1.);
#1742 = DIRECTION('',(0.,-1.,-2.22044604925E-16));
#1743 = PLANE('',#1744);
#1744 = AXIS2_PLACEMENT_3D('',#1745,#1746,#1747);
#1745 = CARTESIAN_POINT('',(2.050571171298E-16,72.,17.6));
#1746 = DIRECTION('',(-0.,2.22044604925E-16,-1.));
#1747 = DIRECTION('',(0.,1.,2.22044604925E-16));
#1748 = ADVANCED_FACE('',(#1749),#1774,.F.);
#1749 = FACE_BOUND('',#1750,.T.);
#1750 = EDGE_LOOP('',(#1751,#1759,#1760,#1768));
#1751 = ORIENTED_EDGE('',*,*,#1752,.F.);
#1752 = EDGE_CURVE('',#1406,#1753,#1755,.T.);
#1753 = VERTEX_POINT('',#1754);
#1754 = CARTESIAN_POINT('',(5.,63.5,17.6));
#1755 = LINE('',#1756,#1757);
#1756 = CARTESIAN_POINT('',(5.,-4.,17.6));
#1757 = VECTOR('',#1758,1.);
#1758 = DIRECTION('',(0.,1.,2.22044604925E-16));
#1759 = ORIENTED_EDGE('',*,*,#1405,.T.);
#1760 = ORIENTED_EDGE('',*,*,#1761,.T.);
#1761 = EDGE_CURVE('',#1408,#1762,#1764,.T.);
#1762 = VERTEX_POINT('',#1763);
#1763 = CARTESIAN_POINT('',(-5.,63.5,17.6));
#1764 = LINE('',#1765,#1766);
#1765 = CARTESIAN_POINT('',(-5.,-4.,17.6));
#1766 = VECTOR('',#1767,1.);
#1767 = DIRECTION('',(0.,1.,2.22044604925E-16));
#1768 = ORIENTED_EDGE('',*,*,#1769,.T.);
#1769 = EDGE_CURVE('',#1762,#1753,#1770,.T.);
#1770 = LINE('',#1771,#1772);
#1771 = CARTESIAN_POINT('',(-5.,63.5,17.6));
#1772 = VECTOR('',#1773,1.);
#1773 = DIRECTION('',(1.,0.,0.));
#1774 = PLANE('',#1775);
#1775 = AXIS2_PLACEMENT_3D('',#1776,#1777,#1778);
#1776 = CARTESIAN_POINT('',(-5.,-4.,17.6));
#1777 = DIRECTION('',(0.,-2.22044604925E-16,1.));
#1778 = DIRECTION('',(0.,-1.,-2.22044604925E-16));
#1779 = ADVANCED_FACE('',(#1780),#1805,.T.);
#1780 = FACE_BOUND('',#1781,.F.);
#1781 = EDGE_LOOP('',(#1782,#1783,#1791,#1799));
#1782 = ORIENTED_EDGE('',*,*,#1769,.T.);
#1783 = ORIENTED_EDGE('',*,*,#1784,.T.);
#1784 = EDGE_CURVE('',#1753,#1785,#1787,.T.);
#1785 = VERTEX_POINT('',#1786);
#1786 = CARTESIAN_POINT('',(5.,63.5,14.8));
#1787 = LINE('',#1788,#1789);
#1788 = CARTESIAN_POINT('',(5.,63.5,17.6));
#1789 = VECTOR('',#1790,1.);
#1790 = DIRECTION('',(-0.,2.22044604925E-16,-1.));
#1791 = ORIENTED_EDGE('',*,*,#1792,.F.);
#1792 = EDGE_CURVE('',#1793,#1785,#1795,.T.);
#1793 = VERTEX_POINT('',#1794);
#1794 = CARTESIAN_POINT('',(-5.,63.5,14.8));
#1795 = LINE('',#1796,#1797);
#1796 = CARTESIAN_POINT('',(-5.,63.5,14.8));
#1797 = VECTOR('',#1798,1.);
#1798 = DIRECTION('',(1.,0.,0.));
#1799 = ORIENTED_EDGE('',*,*,#1800,.F.);
#1800 = EDGE_CURVE('',#1762,#1793,#1801,.T.);
#1801 = LINE('',#1802,#1803);
#1802 = CARTESIAN_POINT('',(-5.,63.5,17.6));
#1803 = VECTOR('',#1804,1.);
#1804 = DIRECTION('',(-0.,2.22044604925E-16,-1.));
#1805 = PLANE('',#1806);
#1806 = AXIS2_PLACEMENT_3D('',#1807,#1808,#1809);
#1807 = CARTESIAN_POINT('',(-5.,63.5,17.6));
#1808 = DIRECTION('',(0.,-1.,-2.22044604925E-16));
#1809 = DIRECTION('',(0.,-2.22044604925E-16,1.));
#1810 = ADVANCED_FACE('',(#1811),#1836,.T.);
#1811 = FACE_BOUND('',#1812,.F.);
#1812 = EDGE_LOOP('',(#1813,#1814,#1822,#1830));
#1813 = ORIENTED_EDGE('',*,*,#1792,.T.);
#1814 = ORIENTED_EDGE('',*,*,#1815,.T.);
#1815 = EDGE_CURVE('',#1785,#1816,#1818,.T.);
#1816 = VERTEX_POINT('',#1817);
#1817 = CARTESIAN_POINT('',(5.,64.5,14.8));
#1818 = LINE('',#1819,#1820);
#1819 = CARTESIAN_POINT('',(5.,63.5,14.8));
#1820 = VECTOR('',#1821,1.);
#1821 = DIRECTION('',(0.,1.,2.22044604925E-16));
#1822 = ORIENTED_EDGE('',*,*,#1823,.F.);
#1823 = EDGE_CURVE('',#1824,#1816,#1826,.T.);
#1824 = VERTEX_POINT('',#1825);
#1825 = CARTESIAN_POINT('',(-5.,64.5,14.8));
#1826 = LINE('',#1827,#1828);
#1827 = CARTESIAN_POINT('',(-5.,64.5,14.8));
#1828 = VECTOR('',#1829,1.);
#1829 = DIRECTION('',(1.,0.,0.));
#1830 = ORIENTED_EDGE('',*,*,#1831,.F.);
#1831 = EDGE_CURVE('',#1793,#1824,#1832,.T.);
#1832 = LINE('',#1833,#1834);
#1833 = CARTESIAN_POINT('',(-5.,63.5,14.8));
#1834 = VECTOR('',#1835,1.);
#1835 = DIRECTION('',(0.,1.,2.22044604925E-16));
#1836 = PLANE('',#1837);
#1837 = AXIS2_PLACEMENT_3D('',#1838,#1839,#1840);
#1838 = CARTESIAN_POINT('',(-5.,63.5,14.8));
#1839 = DIRECTION('',(-0.,2.22044604925E-16,-1.));
#1840 = DIRECTION('',(0.,-1.,-2.22044604925E-16));
#1841 = ADVANCED_FACE('',(#1842),#1858,.T.);
#1842 = FACE_BOUND('',#1843,.F.);
#1843 = EDGE_LOOP('',(#1844,#1845,#1851,#1852));
#1844 = ORIENTED_EDGE('',*,*,#1823,.T.);
#1845 = ORIENTED_EDGE('',*,*,#1846,.T.);
#1846 = EDGE_CURVE('',#1816,#1684,#1847,.T.);
#1847 = LINE('',#1848,#1849);
#1848 = CARTESIAN_POINT('',(5.,64.5,14.8));
#1849 = VECTOR('',#1850,1.);
#1850 = DIRECTION('',(0.,0.849056603774,0.528301886792));
#1851 = ORIENTED_EDGE('',*,*,#1683,.F.);
#1852 = ORIENTED_EDGE('',*,*,#1853,.F.);
#1853 = EDGE_CURVE('',#1824,#1676,#1854,.T.);
#1854 = LINE('',#1855,#1856);
#1855 = CARTESIAN_POINT('',(-5.,64.5,14.8));
#1856 = VECTOR('',#1857,1.);
#1857 = DIRECTION('',(0.,0.849056603774,0.528301886792));
#1858 = PLANE('',#1859);
#1859 = AXIS2_PLACEMENT_3D('',#1860,#1861,#1862);
#1860 = CARTESIAN_POINT('',(-5.,64.5,14.8));
#1861 = DIRECTION('',(0.,0.528301886792,-0.849056603774));
#1862 = DIRECTION('',(0.,-0.849056603774,-0.528301886792));
#1863 = ADVANCED_FACE('',(#1864),#1882,.T.);
#1864 = FACE_BOUND('',#1865,.F.);
#1865 = EDGE_LOOP('',(#1866,#1867,#1875,#1881));
#1866 = ORIENTED_EDGE('',*,*,#1629,.T.);
#1867 = ORIENTED_EDGE('',*,*,#1868,.T.);
#1868 = EDGE_CURVE('',#1622,#1869,#1871,.T.);
#1869 = VERTEX_POINT('',#1870);
#1870 = CARTESIAN_POINT('',(8.,70.,24.6));
#1871 = LINE('',#1872,#1873);
#1872 = CARTESIAN_POINT('',(6.,68.,24.6));
#1873 = VECTOR('',#1874,1.);
#1874 = DIRECTION('',(0.707106781187,0.707106781187,1.570092458684E-16)
  );
#1875 = ORIENTED_EDGE('',*,*,#1876,.F.);
#1876 = EDGE_CURVE('',#1699,#1869,#1877,.T.);
#1877 = LINE('',#1878,#1879);
#1878 = CARTESIAN_POINT('',(8.,70.,17.6));
#1879 = VECTOR('',#1880,1.);
#1880 = DIRECTION('',(0.,-2.22044604925E-16,1.));
#1881 = ORIENTED_EDGE('',*,*,#1698,.F.);
#1882 = PLANE('',#1883);
#1883 = AXIS2_PLACEMENT_3D('',#1884,#1885,#1886);
#1884 = CARTESIAN_POINT('',(6.,68.,17.6));
#1885 = DIRECTION('',(0.707106781187,-0.707106781187,-1.570092458684E-16
    ));
#1886 = DIRECTION('',(-0.707106781187,-0.707106781187,
    -1.570092458684E-16));
#1887 = ADVANCED_FACE('',(#1888),#1938,.F.);
#1888 = FACE_BOUND('',#1889,.T.);
#1889 = EDGE_LOOP('',(#1890,#1891,#1892,#1900,#1908,#1916,#1924,#1932));
#1890 = ORIENTED_EDGE('',*,*,#1621,.T.);
#1891 = ORIENTED_EDGE('',*,*,#1868,.T.);
#1892 = ORIENTED_EDGE('',*,*,#1893,.T.);
#1893 = EDGE_CURVE('',#1869,#1894,#1896,.T.);
#1894 = VERTEX_POINT('',#1895);
#1895 = CARTESIAN_POINT('',(8.,74.,24.6));
#1896 = LINE('',#1897,#1898);
#1897 = CARTESIAN_POINT('',(8.,70.,24.6));
#1898 = VECTOR('',#1899,1.);
#1899 = DIRECTION('',(0.,1.,2.22044604925E-16));
#1900 = ORIENTED_EDGE('',*,*,#1901,.T.);
#1901 = EDGE_CURVE('',#1894,#1902,#1904,.T.);
#1902 = VERTEX_POINT('',#1903);
#1903 = CARTESIAN_POINT('',(6.,76.,24.6));
#1904 = LINE('',#1905,#1906);
#1905 = CARTESIAN_POINT('',(8.,74.,24.6));
#1906 = VECTOR('',#1907,1.);
#1907 = DIRECTION('',(-0.707106781187,0.707106781187,1.570092458684E-16)
  );
#1908 = ORIENTED_EDGE('',*,*,#1909,.T.);
#1909 = EDGE_CURVE('',#1902,#1910,#1912,.T.);
#1910 = VERTEX_POINT('',#1911);
#1911 = CARTESIAN_POINT('',(-6.,76.,24.6));
#1912 = LINE('',#1913,#1914);
#1913 = CARTESIAN_POINT('',(6.,76.,24.6));
#1914 = VECTOR('',#1915,1.);
#1915 = DIRECTION('',(-1.,-0.,0.));
#1916 = ORIENTED_EDGE('',*,*,#1917,.T.);
#1917 = EDGE_CURVE('',#1910,#1918,#1920,.T.);
#1918 = VERTEX_POINT('',#1919);
#1919 = CARTESIAN_POINT('',(-8.,74.,24.6));
#1920 = LINE('',#1921,#1922);
#1921 = CARTESIAN_POINT('',(-6.,76.,24.6));
#1922 = VECTOR('',#1923,1.);
#1923 = DIRECTION('',(-0.707106781187,-0.707106781187,
    -1.570092458684E-16));
#1924 = ORIENTED_EDGE('',*,*,#1925,.T.);
#1925 = EDGE_CURVE('',#1918,#1926,#1928,.T.);
#1926 = VERTEX_POINT('',#1927);
#1927 = CARTESIAN_POINT('',(-8.,70.,24.6));
#1928 = LINE('',#1929,#1930);
#1929 = CARTESIAN_POINT('',(-8.,74.,24.6));
#1930 = VECTOR('',#1931,1.);
#1931 = DIRECTION('',(0.,-1.,-2.22044604925E-16));
#1932 = ORIENTED_EDGE('',*,*,#1933,.T.);
#1933 = EDGE_CURVE('',#1926,#1614,#1934,.T.);
#1934 = LINE('',#1935,#1936);
#1935 = CARTESIAN_POINT('',(-8.,70.,24.6));
#1936 = VECTOR('',#1937,1.);
#1937 = DIRECTION('',(0.707106781187,-0.707106781187,-1.570092458684E-16
    ));
#1938 = PLANE('',#1939);
#1939 = AXIS2_PLACEMENT_3D('',#1940,#1941,#1942);
#1940 = CARTESIAN_POINT('',(2.050571171298E-16,72.,24.6));
#1941 = DIRECTION('',(-0.,2.22044604925E-16,-1.));
#1942 = DIRECTION('',(0.,1.,2.22044604925E-16));
#1943 = ADVANCED_FACE('',(#1944),#1955,.T.);
#1944 = FACE_BOUND('',#1945,.F.);
#1945 = EDGE_LOOP('',(#1946,#1952,#1953,#1954));
#1946 = ORIENTED_EDGE('',*,*,#1947,.T.);
#1947 = EDGE_CURVE('',#1667,#1926,#1948,.T.);
#1948 = LINE('',#1949,#1950);
#1949 = CARTESIAN_POINT('',(-8.,70.,17.6));
#1950 = VECTOR('',#1951,1.);
#1951 = DIRECTION('',(0.,-2.22044604925E-16,1.));
#1952 = ORIENTED_EDGE('',*,*,#1933,.T.);
#1953 = ORIENTED_EDGE('',*,*,#1613,.F.);
#1954 = ORIENTED_EDGE('',*,*,#1666,.F.);
#1955 = PLANE('',#1956);
#1956 = AXIS2_PLACEMENT_3D('',#1957,#1958,#1959);
#1957 = CARTESIAN_POINT('',(-8.,70.,17.6));
#1958 = DIRECTION('',(-0.707106781187,-0.707106781187,
    -1.570092458684E-16));
#1959 = DIRECTION('',(-0.707106781187,0.707106781187,1.570092458684E-16)
  );
#1960 = ADVANCED_FACE('',(#1961),#1972,.T.);
#1961 = FACE_BOUND('',#1962,.F.);
#1962 = EDGE_LOOP('',(#1963,#1969,#1970,#1971));
#1963 = ORIENTED_EDGE('',*,*,#1964,.T.);
#1964 = EDGE_CURVE('',#1731,#1918,#1965,.T.);
#1965 = LINE('',#1966,#1967);
#1966 = CARTESIAN_POINT('',(-8.,74.,17.6));
#1967 = VECTOR('',#1968,1.);
#1968 = DIRECTION('',(0.,-2.22044604925E-16,1.));
#1969 = ORIENTED_EDGE('',*,*,#1925,.T.);
#1970 = ORIENTED_EDGE('',*,*,#1947,.F.);
#1971 = ORIENTED_EDGE('',*,*,#1738,.F.);
#1972 = PLANE('',#1973);
#1973 = AXIS2_PLACEMENT_3D('',#1974,#1975,#1976);
#1974 = CARTESIAN_POINT('',(-8.,74.,17.6));
#1975 = DIRECTION('',(-1.,-0.,0.));
#1976 = DIRECTION('',(0.,1.,2.22044604925E-16));
#1977 = ADVANCED_FACE('',(#1978),#1989,.T.);
#1978 = FACE_BOUND('',#1979,.F.);
#1979 = EDGE_LOOP('',(#1980,#1986,#1987,#1988));
#1980 = ORIENTED_EDGE('',*,*,#1981,.T.);
#1981 = EDGE_CURVE('',#1723,#1910,#1982,.T.);
#1982 = LINE('',#1983,#1984);
#1983 = CARTESIAN_POINT('',(-6.,76.,17.6));
#1984 = VECTOR('',#1985,1.);
#1985 = DIRECTION('',(0.,-2.22044604925E-16,1.));
#1986 = ORIENTED_EDGE('',*,*,#1917,.T.);
#1987 = ORIENTED_EDGE('',*,*,#1964,.F.);
#1988 = ORIENTED_EDGE('',*,*,#1730,.F.);
#1989 = PLANE('',#1990);
#1990 = AXIS2_PLACEMENT_3D('',#1991,#1992,#1993);
#1991 = CARTESIAN_POINT('',(-6.,76.,17.6));
#1992 = DIRECTION('',(-0.707106781187,0.707106781187,1.570092458684E-16)
  );
#1993 = DIRECTION('',(0.707106781187,0.707106781187,1.570092458684E-16)
  );
#1994 = ADVANCED_FACE('',(#1995),#2006,.T.);
#1995 = FACE_BOUND('',#1996,.F.);
#1996 = EDGE_LOOP('',(#1997,#2003,#2004,#2005));
#1997 = ORIENTED_EDGE('',*,*,#1998,.T.);
#1998 = EDGE_CURVE('',#1715,#1902,#1999,.T.);
#1999 = LINE('',#2000,#2001);
#2000 = CARTESIAN_POINT('',(6.,76.,17.6));
#2001 = VECTOR('',#2002,1.);
#2002 = DIRECTION('',(0.,-2.22044604925E-16,1.));
#2003 = ORIENTED_EDGE('',*,*,#1909,.T.);
#2004 = ORIENTED_EDGE('',*,*,#1981,.F.);
#2005 = ORIENTED_EDGE('',*,*,#1722,.F.);
#2006 = PLANE('',#2007);
#2007 = AXIS2_PLACEMENT_3D('',#2008,#2009,#2010);
#2008 = CARTESIAN_POINT('',(6.,76.,17.6));
#2009 = DIRECTION('',(0.,1.,2.22044604925E-16));
#2010 = DIRECTION('',(1.,0.,0.));
#2011 = ADVANCED_FACE('',(#2012),#2023,.T.);
#2012 = FACE_BOUND('',#2013,.F.);
#2013 = EDGE_LOOP('',(#2014,#2020,#2021,#2022));
#2014 = ORIENTED_EDGE('',*,*,#2015,.T.);
#2015 = EDGE_CURVE('',#1707,#1894,#2016,.T.);
#2016 = LINE('',#2017,#2018);
#2017 = CARTESIAN_POINT('',(8.,74.,17.6));
#2018 = VECTOR('',#2019,1.);
#2019 = DIRECTION('',(0.,-2.22044604925E-16,1.));
#2020 = ORIENTED_EDGE('',*,*,#1901,.T.);
#2021 = ORIENTED_EDGE('',*,*,#1998,.F.);
#2022 = ORIENTED_EDGE('',*,*,#1714,.F.);
#2023 = PLANE('',#2024);
#2024 = AXIS2_PLACEMENT_3D('',#2025,#2026,#2027);
#2025 = CARTESIAN_POINT('',(8.,74.,17.6));
#2026 = DIRECTION('',(0.707106781187,0.707106781187,1.570092458684E-16)
  );
#2027 = DIRECTION('',(0.707106781187,-0.707106781187,-1.570092458684E-16
    ));
#2028 = ADVANCED_FACE('',(#2029),#2035,.T.);
#2029 = FACE_BOUND('',#2030,.F.);
#2030 = EDGE_LOOP('',(#2031,#2032,#2033,#2034));
#2031 = ORIENTED_EDGE('',*,*,#1876,.T.);
#2032 = ORIENTED_EDGE('',*,*,#1893,.T.);
#2033 = ORIENTED_EDGE('',*,*,#2015,.F.);
#2034 = ORIENTED_EDGE('',*,*,#1706,.F.);
#2035 = PLANE('',#2036);
#2036 = AXIS2_PLACEMENT_3D('',#2037,#2038,#2039);
#2037 = CARTESIAN_POINT('',(8.,70.,17.6));
#2038 = DIRECTION('',(1.,0.,0.));
#2039 = DIRECTION('',(0.,-1.,-2.22044604925E-16));
#2040 = ADVANCED_FACE('',(#2041),#2060,.T.);
#2041 = FACE_BOUND('',#2042,.F.);
#2042 = EDGE_LOOP('',(#2043,#2044,#2045,#2046,#2054));
#2043 = ORIENTED_EDGE('',*,*,#355,.F.);
#2044 = ORIENTED_EDGE('',*,*,#47,.T.);
#2045 = ORIENTED_EDGE('',*,*,#210,.T.);
#2046 = ORIENTED_EDGE('',*,*,#2047,.T.);
#2047 = EDGE_CURVE('',#211,#2048,#2050,.T.);
#2048 = VERTEX_POINT('',#2049);
#2049 = CARTESIAN_POINT('',(19.,4.,16.5));
#2050 = LINE('',#2051,#2052);
#2051 = CARTESIAN_POINT('',(15.,2.997602166488E-15,16.5));
#2052 = VECTOR('',#2053,1.);
#2053 = DIRECTION('',(0.707106781187,0.707106781187,1.570092458684E-16)
  );
#2054 = ORIENTED_EDGE('',*,*,#2055,.F.);
#2055 = EDGE_CURVE('',#356,#2048,#2056,.T.);
#2056 = LINE('',#2057,#2058);
#2057 = CARTESIAN_POINT('',(19.,4.,6.));
#2058 = VECTOR('',#2059,1.);
#2059 = DIRECTION('',(0.,-2.22044604925E-16,1.));
#2060 = PLANE('',#2061);
#2061 = AXIS2_PLACEMENT_3D('',#2062,#2063,#2064);
#2062 = CARTESIAN_POINT('',(17.,2.,8.25));
#2063 = DIRECTION('',(0.707106781187,-0.707106781187,-1.570092458684E-16
    ));
#2064 = DIRECTION('',(-0.707106781187,-0.707106781187,
    -1.570092458684E-16));
#2065 = ADVANCED_FACE('',(#2066),#2085,.T.);
#2066 = FACE_BOUND('',#2067,.F.);
#2067 = EDGE_LOOP('',(#2068,#2069,#2077,#2083,#2084));
#2068 = ORIENTED_EDGE('',*,*,#346,.F.);
#2069 = ORIENTED_EDGE('',*,*,#2070,.T.);
#2070 = EDGE_CURVE('',#347,#2071,#2073,.T.);
#2071 = VERTEX_POINT('',#2072);
#2072 = CARTESIAN_POINT('',(-19.,4.,16.5));
#2073 = LINE('',#2074,#2075);
#2074 = CARTESIAN_POINT('',(-19.,4.,3.552713678801E-15));
#2075 = VECTOR('',#2076,1.);
#2076 = DIRECTION('',(0.,-2.22044604925E-16,1.));
#2077 = ORIENTED_EDGE('',*,*,#2078,.T.);
#2078 = EDGE_CURVE('',#2071,#181,#2079,.T.);
#2079 = LINE('',#2080,#2081);
#2080 = CARTESIAN_POINT('',(-19.,4.,16.5));
#2081 = VECTOR('',#2082,1.);
#2082 = DIRECTION('',(0.707106781187,-0.707106781187,-1.570092458684E-16
    ));
#2083 = ORIENTED_EDGE('',*,*,#180,.F.);
#2084 = ORIENTED_EDGE('',*,*,#31,.F.);
#2085 = PLANE('',#2086);
#2086 = AXIS2_PLACEMENT_3D('',#2087,#2088,#2089);
#2087 = CARTESIAN_POINT('',(-17.,2.,8.25));
#2088 = DIRECTION('',(-0.707106781187,-0.707106781187,
    -1.570092458684E-16));
#2089 = DIRECTION('',(0.707106781187,-0.707106781187,-1.570092458684E-16
    ));
#2090 = ADVANCED_FACE('',(#2091),#2113,.T.);
#2091 = FACE_BOUND('',#2092,.F.);
#2092 = EDGE_LOOP('',(#2093,#2094,#2095,#2096,#2097,#2098,#2106,#2112));
#2093 = ORIENTED_EDGE('',*,*,#443,.F.);
#2094 = ORIENTED_EDGE('',*,*,#580,.F.);
#2095 = ORIENTED_EDGE('',*,*,#603,.F.);
#2096 = ORIENTED_EDGE('',*,*,#698,.F.);
#2097 = ORIENTED_EDGE('',*,*,#395,.F.);
#2098 = ORIENTED_EDGE('',*,*,#2099,.T.);
#2099 = EDGE_CURVE('',#388,#2100,#2102,.T.);
#2100 = VERTEX_POINT('',#2101);
#2101 = CARTESIAN_POINT('',(-19.,72.,16.5));
#2102 = LINE('',#2103,#2104);
#2103 = CARTESIAN_POINT('',(-19.,72.,1.7763568394E-14));
#2104 = VECTOR('',#2105,1.);
#2105 = DIRECTION('',(0.,-2.22044604925E-16,1.));
#2106 = ORIENTED_EDGE('',*,*,#2107,.T.);
#2107 = EDGE_CURVE('',#2100,#2071,#2108,.T.);
#2108 = LINE('',#2109,#2110);
#2109 = CARTESIAN_POINT('',(-19.,72.,16.5));
#2110 = VECTOR('',#2111,1.);
#2111 = DIRECTION('',(0.,-1.,-2.22044604925E-16));
#2112 = ORIENTED_EDGE('',*,*,#2070,.F.);
#2113 = PLANE('',#2114);
#2114 = AXIS2_PLACEMENT_3D('',#2115,#2116,#2117);
#2115 = CARTESIAN_POINT('',(-19.,38.,9.890883977901));
#2116 = DIRECTION('',(-1.,0.,0.));
#2117 = DIRECTION('',(0.,1.,2.22044604925E-16));
#2118 = ADVANCED_FACE('',(#2119),#2137,.T.);
#2119 = FACE_BOUND('',#2120,.F.);
#2120 = EDGE_LOOP('',(#2121,#2122,#2130,#2136));
#2121 = ORIENTED_EDGE('',*,*,#387,.F.);
#2122 = ORIENTED_EDGE('',*,*,#2123,.T.);
#2123 = EDGE_CURVE('',#380,#2124,#2126,.T.);
#2124 = VERTEX_POINT('',#2125);
#2125 = CARTESIAN_POINT('',(-15.,76.,16.5));
#2126 = LINE('',#2127,#2128);
#2127 = CARTESIAN_POINT('',(-15.,76.,2.13162820728E-14));
#2128 = VECTOR('',#2129,1.);
#2129 = DIRECTION('',(0.,-2.22044604925E-16,1.));
#2130 = ORIENTED_EDGE('',*,*,#2131,.T.);
#2131 = EDGE_CURVE('',#2124,#2100,#2132,.T.);
#2132 = LINE('',#2133,#2134);
#2133 = CARTESIAN_POINT('',(-15.,76.,16.5));
#2134 = VECTOR('',#2135,1.);
#2135 = DIRECTION('',(-0.707106781187,-0.707106781187,
    -1.570092458684E-16));
#2136 = ORIENTED_EDGE('',*,*,#2099,.F.);
#2137 = PLANE('',#2138);
#2138 = AXIS2_PLACEMENT_3D('',#2139,#2140,#2141);
#2139 = CARTESIAN_POINT('',(-17.,74.,8.25));
#2140 = DIRECTION('',(-0.707106781187,0.707106781187,1.570092458684E-16)
  );
#2141 = DIRECTION('',(0.707106781187,0.707106781187,1.570092458684E-16)
  );
#2142 = ADVANCED_FACE('',(#2143),#2170,.T.);
#2143 = FACE_BOUND('',#2144,.F.);
#2144 = EDGE_LOOP('',(#2145,#2146,#2154,#2160,#2161,#2162,#2163,#2169));
#2145 = ORIENTED_EDGE('',*,*,#379,.F.);
#2146 = ORIENTED_EDGE('',*,*,#2147,.T.);
#2147 = EDGE_CURVE('',#372,#2148,#2150,.T.);
#2148 = VERTEX_POINT('',#2149);
#2149 = CARTESIAN_POINT('',(15.,76.,16.5));
#2150 = LINE('',#2151,#2152);
#2151 = CARTESIAN_POINT('',(15.,76.,2.13162820728E-14));
#2152 = VECTOR('',#2153,1.);
#2153 = DIRECTION('',(0.,-2.22044604925E-16,1.));
#2154 = ORIENTED_EDGE('',*,*,#2155,.T.);
#2155 = EDGE_CURVE('',#2148,#1144,#2156,.T.);
#2156 = LINE('',#2157,#2158);
#2157 = CARTESIAN_POINT('',(15.,76.,16.5));
#2158 = VECTOR('',#2159,1.);
#2159 = DIRECTION('',(-1.,-0.,0.));
#2160 = ORIENTED_EDGE('',*,*,#1143,.T.);
#2161 = ORIENTED_EDGE('',*,*,#1051,.T.);
#2162 = ORIENTED_EDGE('',*,*,#1181,.T.);
#2163 = ORIENTED_EDGE('',*,*,#2164,.T.);
#2164 = EDGE_CURVE('',#1174,#2124,#2165,.T.);
#2165 = LINE('',#2166,#2167);
#2166 = CARTESIAN_POINT('',(15.,76.,16.5));
#2167 = VECTOR('',#2168,1.);
#2168 = DIRECTION('',(-1.,-0.,0.));
#2169 = ORIENTED_EDGE('',*,*,#2123,.F.);
#2170 = PLANE('',#2171);
#2171 = AXIS2_PLACEMENT_3D('',#2172,#2173,#2174);
#2172 = CARTESIAN_POINT('',(1.186155583236E-15,76.,6.936759963726));
#2173 = DIRECTION('',(0.,1.,2.22044604925E-16));
#2174 = DIRECTION('',(-1.,0.,0.));
#2175 = ADVANCED_FACE('',(#2176),#2194,.T.);
#2176 = FACE_BOUND('',#2177,.F.);
#2177 = EDGE_LOOP('',(#2178,#2179,#2187,#2193));
#2178 = ORIENTED_EDGE('',*,*,#371,.F.);
#2179 = ORIENTED_EDGE('',*,*,#2180,.T.);
#2180 = EDGE_CURVE('',#364,#2181,#2183,.T.);
#2181 = VERTEX_POINT('',#2182);
#2182 = CARTESIAN_POINT('',(19.,72.,16.5));
#2183 = LINE('',#2184,#2185);
#2184 = CARTESIAN_POINT('',(19.,72.,1.7763568394E-14));
#2185 = VECTOR('',#2186,1.);
#2186 = DIRECTION('',(0.,-2.22044604925E-16,1.));
#2187 = ORIENTED_EDGE('',*,*,#2188,.T.);
#2188 = EDGE_CURVE('',#2181,#2148,#2189,.T.);
#2189 = LINE('',#2190,#2191);
#2190 = CARTESIAN_POINT('',(19.,72.,16.5));
#2191 = VECTOR('',#2192,1.);
#2192 = DIRECTION('',(-0.707106781187,0.707106781187,1.570092458684E-16)
  );
#2193 = ORIENTED_EDGE('',*,*,#2147,.F.);
#2194 = PLANE('',#2195);
#2195 = AXIS2_PLACEMENT_3D('',#2196,#2197,#2198);
#2196 = CARTESIAN_POINT('',(17.,74.,8.25));
#2197 = DIRECTION('',(0.707106781187,0.707106781187,1.570092458684E-16)
  );
#2198 = DIRECTION('',(-0.707106781187,0.707106781187,1.570092458684E-16)
  );
#2199 = ADVANCED_FACE('',(#2200),#2211,.T.);
#2200 = FACE_BOUND('',#2201,.F.);
#2201 = EDGE_LOOP('',(#2202,#2203,#2204,#2210));
#2202 = ORIENTED_EDGE('',*,*,#363,.F.);
#2203 = ORIENTED_EDGE('',*,*,#2055,.T.);
#2204 = ORIENTED_EDGE('',*,*,#2205,.T.);
#2205 = EDGE_CURVE('',#2048,#2181,#2206,.T.);
#2206 = LINE('',#2207,#2208);
#2207 = CARTESIAN_POINT('',(19.,4.,16.5));
#2208 = VECTOR('',#2209,1.);
#2209 = DIRECTION('',(0.,1.,2.22044604925E-16));
#2210 = ORIENTED_EDGE('',*,*,#2180,.F.);
#2211 = PLANE('',#2212);
#2212 = AXIS2_PLACEMENT_3D('',#2213,#2214,#2215);
#2213 = CARTESIAN_POINT('',(19.,38.,8.25));
#2214 = DIRECTION('',(1.,0.,0.));
#2215 = DIRECTION('',(0.,-1.,-2.22044604925E-16));
#2216 = ADVANCED_FACE('',(#2217),#2243,.T.);
#2217 = FACE_BOUND('',#2218,.F.);
#2218 = EDGE_LOOP('',(#2219,#2220,#2221,#2222,#2228,#2229,#2230,#2231,
    #2232,#2233,#2239,#2240,#2241,#2242));
#2219 = ORIENTED_EDGE('',*,*,#125,.F.);
#2220 = ORIENTED_EDGE('',*,*,#260,.F.);
#2221 = ORIENTED_EDGE('',*,*,#308,.F.);
#2222 = ORIENTED_EDGE('',*,*,#2223,.F.);
#2223 = EDGE_CURVE('',#1510,#299,#2224,.T.);
#2224 = LINE('',#2225,#2226);
#2225 = CARTESIAN_POINT('',(16.,-4.,16.5));
#2226 = VECTOR('',#2227,1.);
#2227 = DIRECTION('',(-1.,-0.,0.));
#2228 = ORIENTED_EDGE('',*,*,#1517,.F.);
#2229 = ORIENTED_EDGE('',*,*,#1541,.F.);
#2230 = ORIENTED_EDGE('',*,*,#1558,.F.);
#2231 = ORIENTED_EDGE('',*,*,#1486,.F.);
#2232 = ORIENTED_EDGE('',*,*,#1462,.F.);
#2233 = ORIENTED_EDGE('',*,*,#2234,.F.);
#2234 = EDGE_CURVE('',#325,#1446,#2235,.T.);
#2235 = LINE('',#2236,#2237);
#2236 = CARTESIAN_POINT('',(16.,-4.,16.5));
#2237 = VECTOR('',#2238,1.);
#2238 = DIRECTION('',(-1.,-0.,0.));
#2239 = ORIENTED_EDGE('',*,*,#332,.F.);
#2240 = ORIENTED_EDGE('',*,*,#284,.F.);
#2241 = ORIENTED_EDGE('',*,*,#156,.F.);
#2242 = ORIENTED_EDGE('',*,*,#94,.F.);
#2243 = PLANE('',#2244);
#2244 = AXIS2_PLACEMENT_3D('',#2245,#2246,#2247);
#2245 = CARTESIAN_POINT('',(-5.882742251301E-16,-4.,12.346971004464));
#2246 = DIRECTION('',(-0.,-1.,-2.22044604925E-16));
#2247 = DIRECTION('',(1.,0.,0.));
#2248 = ADVANCED_FACE('',(#2249),#2261,.T.);
#2249 = FACE_BOUND('',#2250,.F.);
#2250 = EDGE_LOOP('',(#2251,#2252,#2253,#2254,#2255,#2256,#2257,#2258,
    #2259,#2260));
#2251 = ORIENTED_EDGE('',*,*,#2223,.T.);
#2252 = ORIENTED_EDGE('',*,*,#298,.T.);
#2253 = ORIENTED_EDGE('',*,*,#188,.F.);
#2254 = ORIENTED_EDGE('',*,*,#2078,.F.);
#2255 = ORIENTED_EDGE('',*,*,#2107,.F.);
#2256 = ORIENTED_EDGE('',*,*,#2131,.F.);
#2257 = ORIENTED_EDGE('',*,*,#2164,.F.);
#2258 = ORIENTED_EDGE('',*,*,#1173,.F.);
#2259 = ORIENTED_EDGE('',*,*,#1397,.F.);
#2260 = ORIENTED_EDGE('',*,*,#1509,.F.);
#2261 = PLANE('',#2262);
#2262 = AXIS2_PLACEMENT_3D('',#2263,#2264,#2265);
#2263 = CARTESIAN_POINT('',(-14.2123016486,34.17485032172,16.5));
#2264 = DIRECTION('',(3.050713696276E-16,-2.22044604925E-16,1.));
#2265 = DIRECTION('',(-1.,-6.773945174289E-32,3.050713696276E-16));
#2266 = ADVANCED_FACE('',(#2267),#2279,.T.);
#2267 = FACE_BOUND('',#2268,.F.);
#2268 = EDGE_LOOP('',(#2269,#2270,#2271,#2272,#2273,#2274,#2275,#2276,
    #2277,#2278));
#2269 = ORIENTED_EDGE('',*,*,#2234,.T.);
#2270 = ORIENTED_EDGE('',*,*,#1445,.T.);
#2271 = ORIENTED_EDGE('',*,*,#1349,.F.);
#2272 = ORIENTED_EDGE('',*,*,#1151,.F.);
#2273 = ORIENTED_EDGE('',*,*,#2155,.F.);
#2274 = ORIENTED_EDGE('',*,*,#2188,.F.);
#2275 = ORIENTED_EDGE('',*,*,#2205,.F.);
#2276 = ORIENTED_EDGE('',*,*,#2047,.F.);
#2277 = ORIENTED_EDGE('',*,*,#236,.F.);
#2278 = ORIENTED_EDGE('',*,*,#324,.F.);
#2279 = PLANE('',#2280);
#2280 = AXIS2_PLACEMENT_3D('',#2281,#2282,#2283);
#2281 = CARTESIAN_POINT('',(14.212301648609,34.17485032172,16.5));
#2282 = DIRECTION('',(-3.050713696276E-16,-2.22044604925E-16,1.));
#2283 = DIRECTION('',(-1.,6.773945174289E-32,-3.050713696276E-16));
#2284 = ADVANCED_FACE('',(#2285),#2295,.T.);
#2285 = FACE_BOUND('',#2286,.F.);
#2286 = EDGE_LOOP('',(#2287,#2288,#2289,#2290,#2291,#2292,#2293,#2294));
#2287 = ORIENTED_EDGE('',*,*,#1752,.F.);
#2288 = ORIENTED_EDGE('',*,*,#1431,.T.);
#2289 = ORIENTED_EDGE('',*,*,#1572,.T.);
#2290 = ORIENTED_EDGE('',*,*,#1645,.F.);
#2291 = ORIENTED_EDGE('',*,*,#1691,.T.);
#2292 = ORIENTED_EDGE('',*,*,#1846,.F.);
#2293 = ORIENTED_EDGE('',*,*,#1815,.F.);
#2294 = ORIENTED_EDGE('',*,*,#1784,.F.);
#2295 = PLANE('',#2296);
#2296 = AXIS2_PLACEMENT_3D('',#2297,#2298,#2299);
#2297 = CARTESIAN_POINT('',(5.,35.20460704607,18.9472899729));
#2298 = DIRECTION('',(1.,0.,0.));
#2299 = DIRECTION('',(0.,-1.,-2.22044604925E-16));
#2300 = ADVANCED_FACE('',(#2301),#2311,.T.);
#2301 = FACE_BOUND('',#2302,.F.);
#2302 = EDGE_LOOP('',(#2303,#2304,#2305,#2306,#2307,#2308,#2309,#2310));
#2303 = ORIENTED_EDGE('',*,*,#1761,.T.);
#2304 = ORIENTED_EDGE('',*,*,#1800,.T.);
#2305 = ORIENTED_EDGE('',*,*,#1831,.T.);
#2306 = ORIENTED_EDGE('',*,*,#1853,.T.);
#2307 = ORIENTED_EDGE('',*,*,#1675,.F.);
#2308 = ORIENTED_EDGE('',*,*,#1652,.T.);
#2309 = ORIENTED_EDGE('',*,*,#1581,.F.);
#2310 = ORIENTED_EDGE('',*,*,#1415,.F.);
#2311 = PLANE('',#2312);
#2312 = AXIS2_PLACEMENT_3D('',#2313,#2314,#2315);
#2313 = CARTESIAN_POINT('',(-5.,35.20460704607,18.9472899729));
#2314 = DIRECTION('',(-1.,0.,0.));
#2315 = DIRECTION('',(0.,1.,2.22044604925E-16));
#2316 = ADVANCED_FACE('',(#2317),#2325,.F.);
#2317 = FACE_BOUND('',#2318,.T.);
#2318 = EDGE_LOOP('',(#2319,#2320,#2321,#2322,#2323,#2324));
#2319 = ORIENTED_EDGE('',*,*,#824,.F.);
#2320 = ORIENTED_EDGE('',*,*,#528,.T.);
#2321 = ORIENTED_EDGE('',*,*,#537,.T.);
#2322 = ORIENTED_EDGE('',*,*,#790,.T.);
#2323 = ORIENTED_EDGE('',*,*,#682,.F.);
#2324 = ORIENTED_EDGE('',*,*,#673,.F.);
#2325 = CYLINDRICAL_SURFACE('',#2326,2.65);
#2326 = AXIS2_PLACEMENT_3D('',#2327,#2328,#2329);
#2327 = CARTESIAN_POINT('',(-29.,22.8375,-1.));
#2328 = DIRECTION('',(0.,-2.22044604925E-16,1.));
#2329 = DIRECTION('',(0.,1.,2.22044604925E-16));
#2330 = ( GEOMETRIC_REPRESENTATION_CONTEXT(3) 
GLOBAL_UNCERTAINTY_ASSIGNED_CONTEXT((#2334)) 
GLOBAL_UNIT_ASSIGNED_CONTEXT((#2331,#2332,#2333)) REPRESENTATION_CONTEXT
('Context #1','3D Context with UNIT and UNCERTAINTY') );
#2331 = ( LENGTH_UNIT() NAMED_UNIT(*) SI_UNIT(.MILLI.,.METRE.) );
#2332 = ( NAMED_UNIT(*) PLANE_ANGLE_UNIT() SI_UNIT($,.RADIAN.) );
#2333 = ( NAMED_UNIT(*) SI_UNIT($,.STERADIAN.) SOLID_ANGLE_UNIT() );
#2334 = UNCERTAINTY_MEASURE_WITH_UNIT(LENGTH_MEASURE(2.E-07),#2331,
  'distance_accuracy_value','confusion accuracy');
#2335 = PRODUCT_RELATED_PRODUCT_CATEGORY('part',$,(#7));
ENDSEC;
END-ISO-10303-21;
