ISO-10303-21;
HEADER;
FILE_DESCRIPTION(('Open CASCADE Model'),'2;1');
FILE_NAME('Open CASCADE Shape Model','2026-09-08T17:26:49',('Author'),(
    'Open CASCADE'),'Open CASCADE STEP processor 7.9','Open CASCADE 7.9'
  ,'Unknown');
FILE_SCHEMA(('AUTOMOTIVE_DESIGN { 1 0 10303 214 1 1 1 1 }'));
ENDSEC;
DATA;
#1 = APPLICATION_PROTOCOL_DEFINITION('international standard',
  'automotive_design',2000,#2);
#2 = APPLICATION_CONTEXT(
  'core data for automotive mechanical design processes');
#3 = SHAPE_DEFINITION_REPRESENTATION(#4,#10);
#4 = PRODUCT_DEFINITION_SHAPE('','',#5);
#5 = PRODUCT_DEFINITION('design','',#6,#9);
#6 = PRODUCT_DEFINITION_FORMATION('','',#7);
#7 = PRODUCT('=>[0:1:1:2]','=>[0:1:1:2]','',(#8));
#8 = PRODUCT_CONTEXT('',#2,'mechanical');
#9 = PRODUCT_DEFINITION_CONTEXT('part definition',#2,'design');
#10 = SHAPE_REPRESENTATION('',(#11,#15),#19);
#11 = AXIS2_PLACEMENT_3D('',#12,#13,#14);
#12 = CARTESIAN_POINT('',(0.,0.,0.));
#13 = DIRECTION('',(0.,0.,1.));
#14 = DIRECTION('',(1.,0.,-0.));
#15 = AXIS2_PLACEMENT_3D('',#16,#17,#18);
#16 = CARTESIAN_POINT('',(72.0000001,36.0000001,360.0000001));
#17 = DIRECTION('',(0.,-1.224646799147E-16,-1.));
#18 = DIRECTION('',(1.,0.,0.));
#19 = ( GEOMETRIC_REPRESENTATION_CONTEXT(3) 
GLOBAL_UNCERTAINTY_ASSIGNED_CONTEXT((#23)) GLOBAL_UNIT_ASSIGNED_CONTEXT(
(#20,#21,#22)) REPRESENTATION_CONTEXT('Context #1',
  '3D Context with UNIT and UNCERTAINTY') );
#20 = ( LENGTH_UNIT() NAMED_UNIT(*) SI_UNIT(.MILLI.,.METRE.) );
#21 = ( NAMED_UNIT(*) PLANE_ANGLE_UNIT() SI_UNIT($,.RADIAN.) );
#22 = ( NAMED_UNIT(*) SI_UNIT($,.STERADIAN.) SOLID_ANGLE_UNIT() );
#23 = UNCERTAINTY_MEASURE_WITH_UNIT(LENGTH_MEASURE(2.E-07),#20,
  'distance_accuracy_value','confusion accuracy');
#24 = PRODUCT_RELATED_PRODUCT_CATEGORY('part',$,(#7));
#25 = SHAPE_DEFINITION_REPRESENTATION(#26,#32);
#26 = PRODUCT_DEFINITION_SHAPE('','',#27);
#27 = PRODUCT_DEFINITION('design','',#28,#31);
#28 = PRODUCT_DEFINITION_FORMATION('','',#29);
#29 = PRODUCT('LH_upper','LH_upper','',(#30));
#30 = PRODUCT_CONTEXT('',#2,'mechanical');
#31 = PRODUCT_DEFINITION_CONTEXT('part definition',#2,'design');
#32 = ADVANCED_BREP_SHAPE_REPRESENTATION('',(#11,#33),#4509);
#33 = MANIFOLD_SOLID_BREP('',#34);
#34 = CLOSED_SHELL('',(#35,#256,#804,#972,#1028,#1075,#1179,#1322,#1373,
    #1419,#1470,#1516,#1567,#1613,#1645,#1766,#1943,#1995,#2046,#2098,
    #2149,#2201,#2233,#2686,#2732,#2939,#2963,#3009,#3032,#3169,#3175,
    #3186,#3213,#3311,#3335,#3359,#3383,#3407,#3431,#3455,#3462,#3583,
    #3654,#3703,#3752,#3801,#3850,#3877,#3948,#3997,#4046,#4095,#4144,
    #4171,#4225,#4279,#4361,#4410,#4475,#4502));
#35 = ADVANCED_FACE('',(#36),#50,.F.);
#36 = FACE_BOUND('',#37,.T.);
#37 = EDGE_LOOP('',(#38,#73,#98,#126,#235));
#38 = ORIENTED_EDGE('',*,*,#39,.F.);
#39 = EDGE_CURVE('',#40,#42,#44,.T.);
#40 = VERTEX_POINT('',#41);
#41 = CARTESIAN_POINT('',(-44.,28.,278.));
#42 = VERTEX_POINT('',#43);
#43 = CARTESIAN_POINT('',(-22.,28.,278.));
#44 = SURFACE_CURVE('',#45,(#49,#61),.PCURVE_S1.);
#45 = LINE('',#46,#47);
#46 = CARTESIAN_POINT('',(-44.,28.,278.));
#47 = VECTOR('',#48,1.);
#48 = DIRECTION('',(1.,-0.,-0.));
#49 = PCURVE('',#50,#55);
#50 = PLANE('',#51);
#51 = AXIS2_PLACEMENT_3D('',#52,#53,#54);
#52 = CARTESIAN_POINT('',(-44.,23.,357.));
#53 = DIRECTION('',(0.,-0.998003113148,-6.316475399669E-02));
#54 = DIRECTION('',(1.,0.,0.));
#55 = DEFINITIONAL_REPRESENTATION('',(#56),#60);
#56 = LINE('',#57,#58);
#57 = CARTESIAN_POINT('',(-0.,-79.15806970865));
#58 = VECTOR('',#59,1.);
#59 = DIRECTION('',(1.,-0.));
#60 = ( GEOMETRIC_REPRESENTATION_CONTEXT(2) 
PARAMETRIC_REPRESENTATION_CONTEXT() REPRESENTATION_CONTEXT('2D SPACE',''
  ) );
#61 = PCURVE('',#62,#67);
#62 = PLANE('',#63);
#63 = AXIS2_PLACEMENT_3D('',#64,#65,#66);
#64 = CARTESIAN_POINT('',(44.,0.,278.));
#65 = DIRECTION('',(0.,-0.,-1.));
#66 = DIRECTION('',(0.5,0.866025403784,-0.));
#67 = DEFINITIONAL_REPRESENTATION('',(#68),#72);
#68 = LINE('',#69,#70);
#69 = CARTESIAN_POINT('',(-19.75128869403,-90.21023553303));
#70 = VECTOR('',#71,1.);
#71 = DIRECTION('',(0.5,0.866025403784));
#72 = ( GEOMETRIC_REPRESENTATION_CONTEXT(2) 
PARAMETRIC_REPRESENTATION_CONTEXT() REPRESENTATION_CONTEXT('2D SPACE',''
  ) );
#73 = ORIENTED_EDGE('',*,*,#74,.T.);
#74 = EDGE_CURVE('',#40,#75,#77,.T.);
#75 = VERTEX_POINT('',#76);
#76 = CARTESIAN_POINT('',(-44.,23.,357.));
#77 = SURFACE_CURVE('',#78,(#81,#87),.PCURVE_S1.);
#78 = B_SPLINE_CURVE_WITH_KNOTS('',1,(#79,#80),.UNSPECIFIED.,.F.,.F.,(2,
    2),(0.,1.),.PIECEWISE_BEZIER_KNOTS.);
#79 = CARTESIAN_POINT('',(-44.,28.,278.));
#80 = CARTESIAN_POINT('',(-44.,23.,357.));
#81 = PCURVE('',#50,#82);
#82 = DEFINITIONAL_REPRESENTATION('',(#83),#86);
#83 = B_SPLINE_CURVE_WITH_KNOTS('',1,(#84,#85),.UNSPECIFIED.,.F.,.F.,(2,
    2),(0.,1.),.PIECEWISE_BEZIER_KNOTS.);
#84 = CARTESIAN_POINT('',(0.,-79.15806970865));
#85 = CARTESIAN_POINT('',(0.,0.));
#86 = ( GEOMETRIC_REPRESENTATION_CONTEXT(2) 
PARAMETRIC_REPRESENTATION_CONTEXT() REPRESENTATION_CONTEXT('2D SPACE',''
  ) );
#87 = PCURVE('',#88,#93);
#88 = CONICAL_SURFACE('',#89,28.,6.320683189746E-02);
#89 = AXIS2_PLACEMENT_3D('',#90,#91,#92);
#90 = CARTESIAN_POINT('',(-44.,0.,278.));
#91 = DIRECTION('',(0.,0.,-1.));
#92 = DIRECTION('',(1.,-0.,-0.));
#93 = DEFINITIONAL_REPRESENTATION('',(#94),#97);
#94 = B_SPLINE_CURVE_WITH_KNOTS('',1,(#95,#96),.UNSPECIFIED.,.F.,.F.,(2,
    2),(0.,1.),.PIECEWISE_BEZIER_KNOTS.);
#95 = CARTESIAN_POINT('',(-1.570796326795,0.));
#96 = CARTESIAN_POINT('',(-1.570796326795,-79.));
#97 = ( GEOMETRIC_REPRESENTATION_CONTEXT(2) 
PARAMETRIC_REPRESENTATION_CONTEXT() REPRESENTATION_CONTEXT('2D SPACE',''
  ) );
#98 = ORIENTED_EDGE('',*,*,#99,.T.);
#99 = EDGE_CURVE('',#75,#100,#102,.T.);
#100 = VERTEX_POINT('',#101);
#101 = CARTESIAN_POINT('',(-22.,23.,357.));
#102 = SURFACE_CURVE('',#103,(#107,#114),.PCURVE_S1.);
#103 = LINE('',#104,#105);
#104 = CARTESIAN_POINT('',(-44.,23.,357.));
#105 = VECTOR('',#106,1.);
#106 = DIRECTION('',(1.,-0.,-0.));
#107 = PCURVE('',#50,#108);
#108 = DEFINITIONAL_REPRESENTATION('',(#109),#113);
#109 = LINE('',#110,#111);
#110 = CARTESIAN_POINT('',(0.,-0.));
#111 = VECTOR('',#112,1.);
#112 = DIRECTION('',(1.,-0.));
#113 = ( GEOMETRIC_REPRESENTATION_CONTEXT(2) 
PARAMETRIC_REPRESENTATION_CONTEXT() REPRESENTATION_CONTEXT('2D SPACE',''
  ) );
#114 = PCURVE('',#115,#120);
#115 = PLANE('',#116);
#116 = AXIS2_PLACEMENT_3D('',#117,#118,#119);
#117 = CARTESIAN_POINT('',(-44.,22.,360.));
#118 = DIRECTION('',(0.,-0.948683298051,-0.316227766017));
#119 = DIRECTION('',(1.,0.,0.));
#120 = DEFINITIONAL_REPRESENTATION('',(#121),#125);
#121 = LINE('',#122,#123);
#122 = CARTESIAN_POINT('',(-0.,-3.162277660168));
#123 = VECTOR('',#124,1.);
#124 = DIRECTION('',(1.,-0.));
#125 = ( GEOMETRIC_REPRESENTATION_CONTEXT(2) 
PARAMETRIC_REPRESENTATION_CONTEXT() REPRESENTATION_CONTEXT('2D SPACE',''
  ) );
#126 = ORIENTED_EDGE('',*,*,#127,.F.);
#127 = EDGE_CURVE('',#128,#100,#130,.T.);
#128 = VERTEX_POINT('',#129);
#129 = CARTESIAN_POINT('',(-22.,23.696202531646,346.));
#130 = SURFACE_CURVE('',#131,(#162,#196),.PCURVE_S1.);
#131 = B_SPLINE_CURVE_WITH_KNOTS('',8,(#132,#133,#134,#135,#136,#137,
    #138,#139,#140,#141,#142,#143,#144,#145,#146,#147,#148,#149,#150,
    #151,#152,#153,#154,#155,#156,#157,#158,#159,#160,#161),
  .UNSPECIFIED.,.F.,.F.,(9,7,7,7,9),(0.,0.463455225459,0.586100963916,
    0.791769387172,1.),.UNSPECIFIED.);
#132 = CARTESIAN_POINT('',(-22.,23.696202531646,346.));
#133 = CARTESIAN_POINT('',(-22.,23.649133026912,346.74369817479));
#134 = CARTESIAN_POINT('',(-22.,23.602257257966,347.48433532413));
#135 = CARTESIAN_POINT('',(-22.,23.555574829559,348.22191769296));
#136 = CARTESIAN_POINT('',(-22.,23.509137295277,348.95563073462));
#137 = CARTESIAN_POINT('',(-22.,23.463051277936,349.68378980861));
#138 = CARTESIAN_POINT('',(-22.,23.417480209347,350.40381269231));
#139 = CARTESIAN_POINT('',(-22.,23.372650639987,351.11211988821));
#140 = CARTESIAN_POINT('',(-22.,23.31725172308,351.98742277534));
#141 = CARTESIAN_POINT('',(-22.,23.305733742829,352.16940686329));
#142 = CARTESIAN_POINT('',(-22.,23.29429670685,352.35011203176));
#143 = CARTESIAN_POINT('',(-22.,23.282947628164,352.529427475));
#144 = CARTESIAN_POINT('',(-22.,23.271694135967,352.70723265171));
#145 = CARTESIAN_POINT('',(-22.,23.260544391296,352.88339861751));
#146 = CARTESIAN_POINT('',(-22.,23.249507002694,353.05778935743));
#147 = CARTESIAN_POINT('',(-22.,23.220285462654,353.51948969006));
#148 = CARTESIAN_POINT('',(-22.,23.20231818397,353.80337269327));
#149 = CARTESIAN_POINT('',(-22.,23.184735422596,354.08118032298));
#150 = CARTESIAN_POINT('',(-22.,23.167584221222,354.35216930469));
#151 = CARTESIAN_POINT('',(-22.,23.150910091692,354.61562055126));
#152 = CARTESIAN_POINT('',(-22.,23.134754981692,354.87087128926));
#153 = CARTESIAN_POINT('',(-22.,23.119155464911,355.1173436544));
#154 = CARTESIAN_POINT('',(-22.,23.088939798135,355.59475118946));
#155 = CARTESIAN_POINT('',(-22.,23.074334464027,355.82551546837));
#156 = CARTESIAN_POINT('',(-22.,23.060356683981,356.0463643931));
#157 = CARTESIAN_POINT('',(-22.,23.04702190243,356.2570539416));
#158 = CARTESIAN_POINT('',(-22.,23.034331897007,356.45755602729));
#159 = CARTESIAN_POINT('',(-22.,23.022277408223,356.64801695006));
#160 = CARTESIAN_POINT('',(-22.,23.010840978426,356.82871254087));
#161 = CARTESIAN_POINT('',(-22.,23.,357.));
#162 = PCURVE('',#50,#163);
#163 = DEFINITIONAL_REPRESENTATION('',(#164),#195);
#164 = B_SPLINE_CURVE_WITH_KNOTS('',8,(#165,#166,#167,#168,#169,#170,
    #171,#172,#173,#174,#175,#176,#177,#178,#179,#180,#181,#182,#183,
    #184,#185,#186,#187,#188,#189,#190,#191,#192,#193,#194),
  .UNSPECIFIED.,.F.,.F.,(9,7,7,7,9),(0.,0.463455225459,0.586100963916,
    0.791769387172,1.),.UNSPECIFIED.);
#165 = CARTESIAN_POINT('',(22.,-11.02200970626));
#166 = CARTESIAN_POINT('',(22.,-10.27682347889));
#167 = CARTESIAN_POINT('',(22.,-9.534704401726));
#168 = CARTESIAN_POINT('',(22.,-8.795646217327));
#169 = CARTESIAN_POINT('',(22.,-8.060465102161));
#170 = CARTESIAN_POINT('',(22.,-7.3308490675));
#171 = CARTESIAN_POINT('',(22.,-6.609385502696));
#172 = CARTESIAN_POINT('',(22.,-5.899661067407));
#173 = CARTESIAN_POINT('',(22.,-5.022606802147));
#174 = CARTESIAN_POINT('',(22.,-4.840258585432));
#175 = CARTESIAN_POINT('',(22.,-4.659191847179));
#176 = CARTESIAN_POINT('',(22.,-4.479517614828));
#177 = CARTESIAN_POINT('',(22.,-4.301356670869));
#178 = CARTESIAN_POINT('',(22.,-4.124838217686));
#179 = CARTESIAN_POINT('',(22.,-3.950098542407));
#180 = CARTESIAN_POINT('',(22.,-3.487474401717));
#181 = CARTESIAN_POINT('',(22.,-3.203023382009));
#182 = CARTESIAN_POINT('',(22.,-2.924659891898));
#183 = CARTESIAN_POINT('',(22.,-2.653128693114));
#184 = CARTESIAN_POINT('',(22.,-2.389150311577));
#185 = CARTESIAN_POINT('',(22.,-2.133388846878));
#186 = CARTESIAN_POINT('',(22.,-1.88642331952));
#187 = CARTESIAN_POINT('',(22.,-1.408060548131));
#188 = CARTESIAN_POINT('',(22.,-1.176834537035));
#189 = CARTESIAN_POINT('',(22.,-0.955543719587));
#190 = CARTESIAN_POINT('',(22.,-0.744432606082));
#191 = CARTESIAN_POINT('',(22.,-0.543529339295));
#192 = CARTESIAN_POINT('',(22.,-0.352687326617));
#193 = CARTESIAN_POINT('',(22.,-0.171630185185));
#194 = CARTESIAN_POINT('',(22.,0.));
#195 = ( GEOMETRIC_REPRESENTATION_CONTEXT(2) 
PARAMETRIC_REPRESENTATION_CONTEXT() REPRESENTATION_CONTEXT('2D SPACE',''
  ) );
#196 = PCURVE('',#197,#202);
#197 = PLANE('',#198);
#198 = AXIS2_PLACEMENT_3D('',#199,#200,#201);
#199 = CARTESIAN_POINT('',(-22.,22.,346.));
#200 = DIRECTION('',(-1.,-0.,0.));
#201 = DIRECTION('',(0.,-1.,0.));
#202 = DEFINITIONAL_REPRESENTATION('',(#203),#234);
#203 = B_SPLINE_CURVE_WITH_KNOTS('',8,(#204,#205,#206,#207,#208,#209,
    #210,#211,#212,#213,#214,#215,#216,#217,#218,#219,#220,#221,#222,
    #223,#224,#225,#226,#227,#228,#229,#230,#231,#232,#233),
  .UNSPECIFIED.,.F.,.F.,(9,7,7,7,9),(0.,0.463455225459,0.586100963916,
    0.791769387172,1.),.UNSPECIFIED.);
#204 = CARTESIAN_POINT('',(-1.696202531646,5.684341886081E-14));
#205 = CARTESIAN_POINT('',(-1.649133026912,0.743698174797));
#206 = CARTESIAN_POINT('',(-1.602257257966,1.484335324134));
#207 = CARTESIAN_POINT('',(-1.555574829559,2.221917692962));
#208 = CARTESIAN_POINT('',(-1.509137295277,2.955630734625));
#209 = CARTESIAN_POINT('',(-1.463051277936,3.683789808619));
#210 = CARTESIAN_POINT('',(-1.417480209347,4.403812692316));
#211 = CARTESIAN_POINT('',(-1.372650639987,5.112119888212));
#212 = CARTESIAN_POINT('',(-1.31725172308,5.987422775341));
#213 = CARTESIAN_POINT('',(-1.305733742829,6.169406863299));
#214 = CARTESIAN_POINT('',(-1.29429670685,6.350112031763));
#215 = CARTESIAN_POINT('',(-1.282947628164,6.529427475001));
#216 = CARTESIAN_POINT('',(-1.271694135967,6.707232651714));
#217 = CARTESIAN_POINT('',(-1.260544391296,6.883398617519));
#218 = CARTESIAN_POINT('',(-1.249507002694,7.057789357438));
#219 = CARTESIAN_POINT('',(-1.220285462654,7.519489690063));
#220 = CARTESIAN_POINT('',(-1.20231818397,7.80337269327));
#221 = CARTESIAN_POINT('',(-1.184735422596,8.081180322988));
#222 = CARTESIAN_POINT('',(-1.167584221222,8.352169304691));
#223 = CARTESIAN_POINT('',(-1.150910091692,8.615620551269));
#224 = CARTESIAN_POINT('',(-1.134754981692,8.870871289261));
#225 = CARTESIAN_POINT('',(-1.119155464911,9.117343654405));
#226 = CARTESIAN_POINT('',(-1.088939798135,9.594751189464));
#227 = CARTESIAN_POINT('',(-1.074334464027,9.825515468379));
#228 = CARTESIAN_POINT('',(-1.060356683981,10.046364393104));
#229 = CARTESIAN_POINT('',(-1.04702190243,10.257053941601));
#230 = CARTESIAN_POINT('',(-1.034331897007,10.457556027297));
#231 = CARTESIAN_POINT('',(-1.022277408223,10.648016950069));
#232 = CARTESIAN_POINT('',(-1.010840978426,10.828712540875));
#233 = CARTESIAN_POINT('',(-1.,11.));
#234 = ( GEOMETRIC_REPRESENTATION_CONTEXT(2) 
PARAMETRIC_REPRESENTATION_CONTEXT() REPRESENTATION_CONTEXT('2D SPACE',''
  ) );
#235 = ORIENTED_EDGE('',*,*,#236,.F.);
#236 = EDGE_CURVE('',#42,#128,#237,.T.);
#237 = SURFACE_CURVE('',#238,(#242,#249),.PCURVE_S1.);
#238 = LINE('',#239,#240);
#239 = CARTESIAN_POINT('',(-22.,23.344717523141,351.55346313437));
#240 = VECTOR('',#241,1.);
#241 = DIRECTION('',(-0.,-6.316475399669E-02,0.998003113148));
#242 = PCURVE('',#50,#243);
#243 = DEFINITIONAL_REPRESENTATION('',(#244),#248);
#244 = LINE('',#245,#246);
#245 = CARTESIAN_POINT('',(22.,-5.457434745314));
#246 = VECTOR('',#247,1.);
#247 = DIRECTION('',(-0.,1.));
#248 = ( GEOMETRIC_REPRESENTATION_CONTEXT(2) 
PARAMETRIC_REPRESENTATION_CONTEXT() REPRESENTATION_CONTEXT('2D SPACE',''
  ) );
#249 = PCURVE('',#197,#250);
#250 = DEFINITIONAL_REPRESENTATION('',(#251),#255);
#251 = LINE('',#252,#253);
#252 = CARTESIAN_POINT('',(-1.344717523141,5.553463134376));
#253 = VECTOR('',#254,1.);
#254 = DIRECTION('',(6.316475399669E-02,0.998003113148));
#255 = ( GEOMETRIC_REPRESENTATION_CONTEXT(2) 
PARAMETRIC_REPRESENTATION_CONTEXT() REPRESENTATION_CONTEXT('2D SPACE',''
  ) );
#256 = ADVANCED_FACE('',(#257),#62,.T.);
#257 = FACE_BOUND('',#258,.F.);
#258 = EDGE_LOOP('',(#259,#260,#288,#316,#349,#377,#410,#438,#471,#499,
    #527,#555,#584,#612,#641,#669,#698,#726,#755,#778));
#259 = ORIENTED_EDGE('',*,*,#39,.F.);
#260 = ORIENTED_EDGE('',*,*,#261,.T.);
#261 = EDGE_CURVE('',#40,#262,#264,.T.);
#262 = VERTEX_POINT('',#263);
#263 = CARTESIAN_POINT('',(-68.24871130596,-14.,278.));
#264 = SURFACE_CURVE('',#265,(#270,#281),.PCURVE_S1.);
#265 = CIRCLE('',#266,28.);
#266 = AXIS2_PLACEMENT_3D('',#267,#268,#269);
#267 = CARTESIAN_POINT('',(-44.,0.,278.));
#268 = DIRECTION('',(0.,0.,1.));
#269 = DIRECTION('',(1.,-0.,-0.));
#270 = PCURVE('',#62,#271);
#271 = DEFINITIONAL_REPRESENTATION('',(#272),#280);
#272 = ( BOUNDED_CURVE() B_SPLINE_CURVE(2,(#273,#274,#275,#276,#277,#278
,#279),.UNSPECIFIED.,.T.,.F.) B_SPLINE_CURVE_WITH_KNOTS((1,2,2,2,2,1),(
    -2.094395102393,0.,2.094395102393,4.188790204786,6.28318530718,
8.377580409573),.UNSPECIFIED.) CURVE() GEOMETRIC_REPRESENTATION_ITEM() 
RATIONAL_B_SPLINE_CURVE((1.,0.5,1.,0.5,1.,0.5,1.)) REPRESENTATION_ITEM(
  '') );
#273 = CARTESIAN_POINT('',(-30.,-51.96152422706));
#274 = CARTESIAN_POINT('',(12.,-76.21023553303));
#275 = CARTESIAN_POINT('',(-30.,-100.4589468389));
#276 = CARTESIAN_POINT('',(-72.,-124.7076581449));
#277 = CARTESIAN_POINT('',(-72.,-76.21023553303));
#278 = CARTESIAN_POINT('',(-72.,-27.7128129211));
#279 = CARTESIAN_POINT('',(-30.,-51.96152422706));
#280 = ( GEOMETRIC_REPRESENTATION_CONTEXT(2) 
PARAMETRIC_REPRESENTATION_CONTEXT() REPRESENTATION_CONTEXT('2D SPACE',''
  ) );
#281 = PCURVE('',#88,#282);
#282 = DEFINITIONAL_REPRESENTATION('',(#283),#287);
#283 = LINE('',#284,#285);
#284 = CARTESIAN_POINT('',(-0.,-0.));
#285 = VECTOR('',#286,1.);
#286 = DIRECTION('',(-1.,-0.));
#287 = ( GEOMETRIC_REPRESENTATION_CONTEXT(2) 
PARAMETRIC_REPRESENTATION_CONTEXT() REPRESENTATION_CONTEXT('2D SPACE',''
  ) );
#288 = ORIENTED_EDGE('',*,*,#289,.F.);
#289 = EDGE_CURVE('',#290,#262,#292,.T.);
#290 = VERTEX_POINT('',#291);
#291 = CARTESIAN_POINT('',(-46.24871130596,-52.10511776651,278.));
#292 = SURFACE_CURVE('',#293,(#297,#304),.PCURVE_S1.);
#293 = LINE('',#294,#295);
#294 = CARTESIAN_POINT('',(-46.24871130596,-52.10511776651,278.));
#295 = VECTOR('',#296,1.);
#296 = DIRECTION('',(-0.5,0.866025403784,-0.));
#297 = PCURVE('',#62,#298);
#298 = DEFINITIONAL_REPRESENTATION('',(#299),#303);
#299 = LINE('',#300,#301);
#300 = CARTESIAN_POINT('',(-90.24871130596,-52.10511776651));
#301 = VECTOR('',#302,1.);
#302 = DIRECTION('',(0.5,-0.866025403784));
#303 = ( GEOMETRIC_REPRESENTATION_CONTEXT(2) 
PARAMETRIC_REPRESENTATION_CONTEXT() REPRESENTATION_CONTEXT('2D SPACE',''
  ) );
#304 = PCURVE('',#305,#310);
#305 = PLANE('',#306);
#306 = AXIS2_PLACEMENT_3D('',#307,#308,#309);
#307 = CARTESIAN_POINT('',(-41.91858428704,-49.60511776651,357.));
#308 = DIRECTION('',(0.864296049042,0.499001556574,-6.316475399669E-02)
  );
#309 = DIRECTION('',(-0.5,0.866025403784,3.469446951954E-18));
#310 = DEFINITIONAL_REPRESENTATION('',(#311),#315);
#311 = LINE('',#312,#313);
#312 = CARTESIAN_POINT('',(-7.379513666805E-15,-79.15806970865));
#313 = VECTOR('',#314,1.);
#314 = DIRECTION('',(1.,-6.968793382906E-18));
#315 = ( GEOMETRIC_REPRESENTATION_CONTEXT(2) 
PARAMETRIC_REPRESENTATION_CONTEXT() REPRESENTATION_CONTEXT('2D SPACE',''
  ) );
#316 = ORIENTED_EDGE('',*,*,#317,.T.);
#317 = EDGE_CURVE('',#290,#318,#320,.T.);
#318 = VERTEX_POINT('',#319);
#319 = CARTESIAN_POINT('',(-22.,-66.10511776651,278.));
#320 = SURFACE_CURVE('',#321,(#326,#337),.PCURVE_S1.);
#321 = CIRCLE('',#322,28.);
#322 = AXIS2_PLACEMENT_3D('',#323,#324,#325);
#323 = CARTESIAN_POINT('',(-22.,-38.10511776651,278.));
#324 = DIRECTION('',(0.,0.,1.));
#325 = DIRECTION('',(-0.5,0.866025403784,-0.));
#326 = PCURVE('',#62,#327);
#327 = DEFINITIONAL_REPRESENTATION('',(#328),#336);
#328 = ( BOUNDED_CURVE() B_SPLINE_CURVE(2,(#329,#330,#331,#332,#333,#334
,#335),.UNSPECIFIED.,.T.,.F.) B_SPLINE_CURVE_WITH_KNOTS((1,2,2,2,2,1),(
    -2.094395102393,0.,2.094395102393,4.188790204786,6.28318530718,
8.377580409573),.UNSPECIFIED.) CURVE() GEOMETRIC_REPRESENTATION_ITEM() 
RATIONAL_B_SPLINE_CURVE((1.,0.5,1.,0.5,1.,0.5,1.)) REPRESENTATION_ITEM(
  '') );
#329 = CARTESIAN_POINT('',(-52.,-62.35382907248));
#330 = CARTESIAN_POINT('',(-94.,-86.60254037844));
#331 = CARTESIAN_POINT('',(-94.,-38.10511776651));
#332 = CARTESIAN_POINT('',(-94.,10.392304845413));
#333 = CARTESIAN_POINT('',(-52.,-13.85640646055));
#334 = CARTESIAN_POINT('',(-10.,-38.10511776651));
#335 = CARTESIAN_POINT('',(-52.,-62.35382907248));
#336 = ( GEOMETRIC_REPRESENTATION_CONTEXT(2) 
PARAMETRIC_REPRESENTATION_CONTEXT() REPRESENTATION_CONTEXT('2D SPACE',''
  ) );
#337 = PCURVE('',#338,#343);
#338 = CONICAL_SURFACE('',#339,28.,6.320683189746E-02);
#339 = AXIS2_PLACEMENT_3D('',#340,#341,#342);
#340 = CARTESIAN_POINT('',(-22.,-38.10511776651,278.));
#341 = DIRECTION('',(0.,-0.,-1.));
#342 = DIRECTION('',(-0.5,0.866025403784,-0.));
#343 = DEFINITIONAL_REPRESENTATION('',(#344),#348);
#344 = LINE('',#345,#346);
#345 = CARTESIAN_POINT('',(-0.,-0.));
#346 = VECTOR('',#347,1.);
#347 = DIRECTION('',(-1.,-0.));
#348 = ( GEOMETRIC_REPRESENTATION_CONTEXT(2) 
PARAMETRIC_REPRESENTATION_CONTEXT() REPRESENTATION_CONTEXT('2D SPACE',''
  ) );
#349 = ORIENTED_EDGE('',*,*,#350,.F.);
#350 = EDGE_CURVE('',#351,#318,#353,.T.);
#351 = VERTEX_POINT('',#352);
#352 = CARTESIAN_POINT('',(22.,-66.10511776651,278.));
#353 = SURFACE_CURVE('',#354,(#358,#365),.PCURVE_S1.);
#354 = LINE('',#355,#356);
#355 = CARTESIAN_POINT('',(22.,-66.10511776651,278.));
#356 = VECTOR('',#357,1.);
#357 = DIRECTION('',(-1.,-0.,0.));
#358 = PCURVE('',#62,#359);
#359 = DEFINITIONAL_REPRESENTATION('',(#360),#364);
#360 = LINE('',#361,#362);
#361 = CARTESIAN_POINT('',(-68.24871130596,14.));
#362 = VECTOR('',#363,1.);
#363 = DIRECTION('',(-0.5,-0.866025403784));
#364 = ( GEOMETRIC_REPRESENTATION_CONTEXT(2) 
PARAMETRIC_REPRESENTATION_CONTEXT() REPRESENTATION_CONTEXT('2D SPACE',''
  ) );
#365 = PCURVE('',#366,#371);
#366 = PLANE('',#367);
#367 = AXIS2_PLACEMENT_3D('',#368,#369,#370);
#368 = CARTESIAN_POINT('',(22.,-61.10511776651,357.));
#369 = DIRECTION('',(-0.,0.998003113148,-6.316475399669E-02));
#370 = DIRECTION('',(-1.,-0.,0.));
#371 = DEFINITIONAL_REPRESENTATION('',(#372),#376);
#372 = LINE('',#373,#374);
#373 = CARTESIAN_POINT('',(-0.,-79.15806970865));
#374 = VECTOR('',#375,1.);
#375 = DIRECTION('',(1.,-0.));
#376 = ( GEOMETRIC_REPRESENTATION_CONTEXT(2) 
PARAMETRIC_REPRESENTATION_CONTEXT() REPRESENTATION_CONTEXT('2D SPACE',''
  ) );
#377 = ORIENTED_EDGE('',*,*,#378,.T.);
#378 = EDGE_CURVE('',#351,#379,#381,.T.);
#379 = VERTEX_POINT('',#380);
#380 = CARTESIAN_POINT('',(46.248711305964,-52.10511776651,278.));
#381 = SURFACE_CURVE('',#382,(#387,#398),.PCURVE_S1.);
#382 = CIRCLE('',#383,28.);
#383 = AXIS2_PLACEMENT_3D('',#384,#385,#386);
#384 = CARTESIAN_POINT('',(22.,-38.10511776651,278.));
#385 = DIRECTION('',(0.,-0.,1.));
#386 = DIRECTION('',(-1.,-0.,0.));
#387 = PCURVE('',#62,#388);
#388 = DEFINITIONAL_REPRESENTATION('',(#389),#397);
#389 = ( BOUNDED_CURVE() B_SPLINE_CURVE(2,(#390,#391,#392,#393,#394,#395
,#396),.UNSPECIFIED.,.T.,.F.) B_SPLINE_CURVE_WITH_KNOTS((1,2,2,2,2,1),(
    -2.094395102393,0.,2.094395102393,4.188790204786,6.28318530718,
8.377580409573),.UNSPECIFIED.) CURVE() GEOMETRIC_REPRESENTATION_ITEM() 
RATIONAL_B_SPLINE_CURVE((1.,0.5,1.,0.5,1.,0.5,1.)) REPRESENTATION_ITEM(
  '') );
#390 = CARTESIAN_POINT('',(-58.,-24.24871130596));
#391 = CARTESIAN_POINT('',(-100.,-3.552713678801E-15));
#392 = CARTESIAN_POINT('',(-58.,24.248711305964));
#393 = CARTESIAN_POINT('',(-16.,48.497422611929));
#394 = CARTESIAN_POINT('',(-16.,1.06581410364E-14));
#395 = CARTESIAN_POINT('',(-16.,-48.49742261192));
#396 = CARTESIAN_POINT('',(-58.,-24.24871130596));
#397 = ( GEOMETRIC_REPRESENTATION_CONTEXT(2) 
PARAMETRIC_REPRESENTATION_CONTEXT() REPRESENTATION_CONTEXT('2D SPACE',''
  ) );
#398 = PCURVE('',#399,#404);
#399 = CONICAL_SURFACE('',#400,28.,6.320683189746E-02);
#400 = AXIS2_PLACEMENT_3D('',#401,#402,#403);
#401 = CARTESIAN_POINT('',(22.,-38.10511776651,278.));
#402 = DIRECTION('',(0.,0.,-1.));
#403 = DIRECTION('',(-1.,-0.,0.));
#404 = DEFINITIONAL_REPRESENTATION('',(#405),#409);
#405 = LINE('',#406,#407);
#406 = CARTESIAN_POINT('',(-0.,-0.));
#407 = VECTOR('',#408,1.);
#408 = DIRECTION('',(-1.,-0.));
#409 = ( GEOMETRIC_REPRESENTATION_CONTEXT(2) 
PARAMETRIC_REPRESENTATION_CONTEXT() REPRESENTATION_CONTEXT('2D SPACE',''
  ) );
#410 = ORIENTED_EDGE('',*,*,#411,.F.);
#411 = EDGE_CURVE('',#412,#379,#414,.T.);
#412 = VERTEX_POINT('',#413);
#413 = CARTESIAN_POINT('',(68.248711305964,-14.,278.));
#414 = SURFACE_CURVE('',#415,(#419,#426),.PCURVE_S1.);
#415 = LINE('',#416,#417);
#416 = CARTESIAN_POINT('',(68.248711305964,-14.,278.));
#417 = VECTOR('',#418,1.);
#418 = DIRECTION('',(-0.5,-0.866025403784,0.));
#419 = PCURVE('',#62,#420);
#420 = DEFINITIONAL_REPRESENTATION('',(#421),#425);
#421 = LINE('',#422,#423);
#422 = CARTESIAN_POINT('',(5.329070518201E-15,28.));
#423 = VECTOR('',#424,1.);
#424 = DIRECTION('',(-1.,0.));
#425 = ( GEOMETRIC_REPRESENTATION_CONTEXT(2) 
PARAMETRIC_REPRESENTATION_CONTEXT() REPRESENTATION_CONTEXT('2D SPACE',''
  ) );
#426 = PCURVE('',#427,#432);
#427 = PLANE('',#428);
#428 = AXIS2_PLACEMENT_3D('',#429,#430,#431);
#429 = CARTESIAN_POINT('',(63.918584287042,-11.5,357.));
#430 = DIRECTION('',(-0.864296049042,0.499001556574,-6.316475399669E-02)
  );
#431 = DIRECTION('',(-0.5,-0.866025403784,0.));
#432 = DEFINITIONAL_REPRESENTATION('',(#433),#437);
#433 = LINE('',#434,#435);
#434 = CARTESIAN_POINT('',(-1.33226762955E-15,-79.15806970865));
#435 = VECTOR('',#436,1.);
#436 = DIRECTION('',(1.,3.499346430952E-18));
#437 = ( GEOMETRIC_REPRESENTATION_CONTEXT(2) 
PARAMETRIC_REPRESENTATION_CONTEXT() REPRESENTATION_CONTEXT('2D SPACE',''
  ) );
#438 = ORIENTED_EDGE('',*,*,#439,.T.);
#439 = EDGE_CURVE('',#412,#440,#442,.T.);
#440 = VERTEX_POINT('',#441);
#441 = CARTESIAN_POINT('',(44.,28.,278.));
#442 = SURFACE_CURVE('',#443,(#448,#459),.PCURVE_S1.);
#443 = CIRCLE('',#444,28.);
#444 = AXIS2_PLACEMENT_3D('',#445,#446,#447);
#445 = CARTESIAN_POINT('',(44.,0.,278.));
#446 = DIRECTION('',(0.,0.,1.));
#447 = DIRECTION('',(-0.5,-0.866025403784,0.));
#448 = PCURVE('',#62,#449);
#449 = DEFINITIONAL_REPRESENTATION('',(#450),#458);
#450 = ( BOUNDED_CURVE() B_SPLINE_CURVE(2,(#451,#452,#453,#454,#455,#456
,#457),.UNSPECIFIED.,.T.,.F.) B_SPLINE_CURVE_WITH_KNOTS((1,2,2,2,2,1),(
    -2.094395102393,0.,2.094395102393,4.188790204786,6.28318530718,
8.377580409573),.UNSPECIFIED.) CURVE() GEOMETRIC_REPRESENTATION_ITEM() 
RATIONAL_B_SPLINE_CURVE((1.,0.5,1.,0.5,1.,0.5,1.)) REPRESENTATION_ITEM(
  '') );
#451 = CARTESIAN_POINT('',(-28.,0.));
#452 = CARTESIAN_POINT('',(-28.,48.497422611929));
#453 = CARTESIAN_POINT('',(14.,24.248711305964));
#454 = CARTESIAN_POINT('',(56.,6.858022075225E-15));
#455 = CARTESIAN_POINT('',(14.,-24.24871130596));
#456 = CARTESIAN_POINT('',(-28.,-48.49742261192));
#457 = CARTESIAN_POINT('',(-28.,0.));
#458 = ( GEOMETRIC_REPRESENTATION_CONTEXT(2) 
PARAMETRIC_REPRESENTATION_CONTEXT() REPRESENTATION_CONTEXT('2D SPACE',''
  ) );
#459 = PCURVE('',#460,#465);
#460 = CONICAL_SURFACE('',#461,28.,6.320683189746E-02);
#461 = AXIS2_PLACEMENT_3D('',#462,#463,#464);
#462 = CARTESIAN_POINT('',(44.,0.,278.));
#463 = DIRECTION('',(0.,0.,-1.));
#464 = DIRECTION('',(-0.5,-0.866025403784,0.));
#465 = DEFINITIONAL_REPRESENTATION('',(#466),#470);
#466 = LINE('',#467,#468);
#467 = CARTESIAN_POINT('',(-0.,-0.));
#468 = VECTOR('',#469,1.);
#469 = DIRECTION('',(-1.,-0.));
#470 = ( GEOMETRIC_REPRESENTATION_CONTEXT(2) 
PARAMETRIC_REPRESENTATION_CONTEXT() REPRESENTATION_CONTEXT('2D SPACE',''
  ) );
#471 = ORIENTED_EDGE('',*,*,#472,.F.);
#472 = EDGE_CURVE('',#473,#440,#475,.T.);
#473 = VERTEX_POINT('',#474);
#474 = CARTESIAN_POINT('',(22.,28.,278.));
#475 = SURFACE_CURVE('',#476,(#480,#487),.PCURVE_S1.);
#476 = LINE('',#477,#478);
#477 = CARTESIAN_POINT('',(-44.,28.,278.));
#478 = VECTOR('',#479,1.);
#479 = DIRECTION('',(1.,-0.,-0.));
#480 = PCURVE('',#62,#481);
#481 = DEFINITIONAL_REPRESENTATION('',(#482),#486);
#482 = LINE('',#483,#484);
#483 = CARTESIAN_POINT('',(-19.75128869403,-90.21023553303));
#484 = VECTOR('',#485,1.);
#485 = DIRECTION('',(0.5,0.866025403784));
#486 = ( GEOMETRIC_REPRESENTATION_CONTEXT(2) 
PARAMETRIC_REPRESENTATION_CONTEXT() REPRESENTATION_CONTEXT('2D SPACE',''
  ) );
#487 = PCURVE('',#488,#493);
#488 = PLANE('',#489);
#489 = AXIS2_PLACEMENT_3D('',#490,#491,#492);
#490 = CARTESIAN_POINT('',(-44.,23.,357.));
#491 = DIRECTION('',(0.,-0.998003113148,-6.316475399669E-02));
#492 = DIRECTION('',(1.,0.,0.));
#493 = DEFINITIONAL_REPRESENTATION('',(#494),#498);
#494 = LINE('',#495,#496);
#495 = CARTESIAN_POINT('',(-0.,-79.15806970865));
#496 = VECTOR('',#497,1.);
#497 = DIRECTION('',(1.,-0.));
#498 = ( GEOMETRIC_REPRESENTATION_CONTEXT(2) 
PARAMETRIC_REPRESENTATION_CONTEXT() REPRESENTATION_CONTEXT('2D SPACE',''
  ) );
#499 = ORIENTED_EDGE('',*,*,#500,.T.);
#500 = EDGE_CURVE('',#473,#501,#503,.T.);
#501 = VERTEX_POINT('',#502);
#502 = CARTESIAN_POINT('',(22.,24.936708860759,278.));
#503 = SURFACE_CURVE('',#504,(#508,#515),.PCURVE_S1.);
#504 = LINE('',#505,#506);
#505 = CARTESIAN_POINT('',(22.,36.,278.));
#506 = VECTOR('',#507,1.);
#507 = DIRECTION('',(-0.,-1.,-0.));
#508 = PCURVE('',#62,#509);
#509 = DEFINITIONAL_REPRESENTATION('',(#510),#514);
#510 = LINE('',#511,#512);
#511 = CARTESIAN_POINT('',(20.17691453624,-37.05255888325));
#512 = VECTOR('',#513,1.);
#513 = DIRECTION('',(-0.866025403784,0.5));
#514 = ( GEOMETRIC_REPRESENTATION_CONTEXT(2) 
PARAMETRIC_REPRESENTATION_CONTEXT() REPRESENTATION_CONTEXT('2D SPACE',''
  ) );
#515 = PCURVE('',#516,#521);
#516 = PLANE('',#517);
#517 = AXIS2_PLACEMENT_3D('',#518,#519,#520);
#518 = CARTESIAN_POINT('',(22.,36.,278.));
#519 = DIRECTION('',(0.974391195695,-0.,-0.224859506699));
#520 = DIRECTION('',(0.,1.,0.));
#521 = DEFINITIONAL_REPRESENTATION('',(#522),#526);
#522 = LINE('',#523,#524);
#523 = CARTESIAN_POINT('',(0.,-0.));
#524 = VECTOR('',#525,1.);
#525 = DIRECTION('',(-1.,0.));
#526 = ( GEOMETRIC_REPRESENTATION_CONTEXT(2) 
PARAMETRIC_REPRESENTATION_CONTEXT() REPRESENTATION_CONTEXT('2D SPACE',''
  ) );
#527 = ORIENTED_EDGE('',*,*,#528,.T.);
#528 = EDGE_CURVE('',#501,#529,#531,.T.);
#529 = VERTEX_POINT('',#530);
#530 = CARTESIAN_POINT('',(44.,24.936708860759,278.));
#531 = SURFACE_CURVE('',#532,(#536,#543),.PCURVE_S1.);
#532 = LINE('',#533,#534);
#533 = CARTESIAN_POINT('',(0.,24.936708860759,278.));
#534 = VECTOR('',#535,1.);
#535 = DIRECTION('',(1.,-0.,-0.));
#536 = PCURVE('',#62,#537);
#537 = DEFINITIONAL_REPRESENTATION('',(#538),#542);
#538 = LINE('',#539,#540);
#539 = CARTESIAN_POINT('',(-0.404176639806,-50.57347219689));
#540 = VECTOR('',#541,1.);
#541 = DIRECTION('',(0.5,0.866025403784));
#542 = ( GEOMETRIC_REPRESENTATION_CONTEXT(2) 
PARAMETRIC_REPRESENTATION_CONTEXT() REPRESENTATION_CONTEXT('2D SPACE',''
  ) );
#543 = PCURVE('',#544,#549);
#544 = PLANE('',#545);
#545 = AXIS2_PLACEMENT_3D('',#546,#547,#548);
#546 = CARTESIAN_POINT('',(-44.,20.,356.));
#547 = DIRECTION('',(0.,-0.998003113148,-6.316475399669E-02));
#548 = DIRECTION('',(1.,0.,0.));
#549 = DEFINITIONAL_REPRESENTATION('',(#550),#554);
#550 = LINE('',#551,#552);
#551 = CARTESIAN_POINT('',(44.,-78.15606882626));
#552 = VECTOR('',#553,1.);
#553 = DIRECTION('',(1.,-0.));
#554 = ( GEOMETRIC_REPRESENTATION_CONTEXT(2) 
PARAMETRIC_REPRESENTATION_CONTEXT() REPRESENTATION_CONTEXT('2D SPACE',''
  ) );
#555 = ORIENTED_EDGE('',*,*,#556,.T.);
#556 = EDGE_CURVE('',#529,#557,#559,.T.);
#557 = VERTEX_POINT('',#558);
#558 = CARTESIAN_POINT('',(65.595823360194,-12.46835443038,278.));
#559 = SURFACE_CURVE('',#560,(#565,#572),.PCURVE_S1.);
#560 = CIRCLE('',#561,24.936708860759);
#561 = AXIS2_PLACEMENT_3D('',#562,#563,#564);
#562 = CARTESIAN_POINT('',(44.,0.,278.));
#563 = DIRECTION('',(0.,-0.,-1.));
#564 = DIRECTION('',(-0.5,-0.866025403784,0.));
#565 = PCURVE('',#62,#566);
#566 = DEFINITIONAL_REPRESENTATION('',(#567),#571);
#567 = CIRCLE('',#568,24.936708860759);
#568 = AXIS2_PLACEMENT_2D('',#569,#570);
#569 = CARTESIAN_POINT('',(0.,0.));
#570 = DIRECTION('',(-1.,0.));
#571 = ( GEOMETRIC_REPRESENTATION_CONTEXT(2) 
PARAMETRIC_REPRESENTATION_CONTEXT() REPRESENTATION_CONTEXT('2D SPACE',''
  ) );
#572 = PCURVE('',#573,#578);
#573 = CONICAL_SURFACE('',#574,25.,6.320683189746E-02);
#574 = AXIS2_PLACEMENT_3D('',#575,#576,#577);
#575 = CARTESIAN_POINT('',(44.,0.,277.));
#576 = DIRECTION('',(0.,0.,-1.));
#577 = DIRECTION('',(-0.5,-0.866025403784,0.));
#578 = DEFINITIONAL_REPRESENTATION('',(#579),#583);
#579 = LINE('',#580,#581);
#580 = CARTESIAN_POINT('',(-6.28318530718,-1.));
#581 = VECTOR('',#582,1.);
#582 = DIRECTION('',(1.,-0.));
#583 = ( GEOMETRIC_REPRESENTATION_CONTEXT(2) 
PARAMETRIC_REPRESENTATION_CONTEXT() REPRESENTATION_CONTEXT('2D SPACE',''
  ) );
#584 = ORIENTED_EDGE('',*,*,#585,.T.);
#585 = EDGE_CURVE('',#557,#586,#588,.T.);
#586 = VERTEX_POINT('',#587);
#587 = CARTESIAN_POINT('',(43.595823360194,-50.57347219689,278.));
#588 = SURFACE_CURVE('',#589,(#593,#600),.PCURVE_S1.);
#589 = LINE('',#590,#591);
#590 = CARTESIAN_POINT('',(65.595823360194,-12.46835443038,278.));
#591 = VECTOR('',#592,1.);
#592 = DIRECTION('',(-0.5,-0.866025403784,0.));
#593 = PCURVE('',#62,#594);
#594 = DEFINITIONAL_REPRESENTATION('',(#595),#599);
#595 = LINE('',#596,#597);
#596 = CARTESIAN_POINT('',(-1.7763568394E-15,24.936708860759));
#597 = VECTOR('',#598,1.);
#598 = DIRECTION('',(-1.,-5.551115123126E-17));
#599 = ( GEOMETRIC_REPRESENTATION_CONTEXT(2) 
PARAMETRIC_REPRESENTATION_CONTEXT() REPRESENTATION_CONTEXT('2D SPACE',''
  ) );
#600 = PCURVE('',#601,#606);
#601 = PLANE('',#602);
#602 = AXIS2_PLACEMENT_3D('',#603,#604,#605);
#603 = CARTESIAN_POINT('',(61.320508075689,-10.,356.));
#604 = DIRECTION('',(-0.864296049042,0.499001556574,-6.316475399669E-02)
  );
#605 = DIRECTION('',(-0.5,-0.866025403784,0.));
#606 = DEFINITIONAL_REPRESENTATION('',(#607),#611);
#607 = LINE('',#608,#609);
#608 = CARTESIAN_POINT('',(6.661338147751E-15,-78.15606882626));
#609 = VECTOR('',#610,1.);
#610 = DIRECTION('',(1.,6.998692861905E-18));
#611 = ( GEOMETRIC_REPRESENTATION_CONTEXT(2) 
PARAMETRIC_REPRESENTATION_CONTEXT() REPRESENTATION_CONTEXT('2D SPACE',''
  ) );
#612 = ORIENTED_EDGE('',*,*,#613,.T.);
#613 = EDGE_CURVE('',#586,#614,#616,.T.);
#614 = VERTEX_POINT('',#615);
#615 = CARTESIAN_POINT('',(22.,-63.04182662727,278.));
#616 = SURFACE_CURVE('',#617,(#622,#629),.PCURVE_S1.);
#617 = CIRCLE('',#618,24.936708860759);
#618 = AXIS2_PLACEMENT_3D('',#619,#620,#621);
#619 = CARTESIAN_POINT('',(22.,-38.10511776651,278.));
#620 = DIRECTION('',(0.,-0.,-1.));
#621 = DIRECTION('',(-1.,-0.,0.));
#622 = PCURVE('',#62,#623);
#623 = DEFINITIONAL_REPRESENTATION('',(#624),#628);
#624 = CIRCLE('',#625,24.936708860759);
#625 = AXIS2_PLACEMENT_2D('',#626,#627);
#626 = CARTESIAN_POINT('',(-44.,0.));
#627 = DIRECTION('',(-0.5,-0.866025403784));
#628 = ( GEOMETRIC_REPRESENTATION_CONTEXT(2) 
PARAMETRIC_REPRESENTATION_CONTEXT() REPRESENTATION_CONTEXT('2D SPACE',''
  ) );
#629 = PCURVE('',#630,#635);
#630 = CONICAL_SURFACE('',#631,25.,6.320683189746E-02);
#631 = AXIS2_PLACEMENT_3D('',#632,#633,#634);
#632 = CARTESIAN_POINT('',(22.,-38.10511776651,277.));
#633 = DIRECTION('',(0.,0.,-1.));
#634 = DIRECTION('',(-1.,-0.,0.));
#635 = DEFINITIONAL_REPRESENTATION('',(#636),#640);
#636 = LINE('',#637,#638);
#637 = CARTESIAN_POINT('',(-6.28318530718,-1.));
#638 = VECTOR('',#639,1.);
#639 = DIRECTION('',(1.,-0.));
#640 = ( GEOMETRIC_REPRESENTATION_CONTEXT(2) 
PARAMETRIC_REPRESENTATION_CONTEXT() REPRESENTATION_CONTEXT('2D SPACE',''
  ) );
#641 = ORIENTED_EDGE('',*,*,#642,.T.);
#642 = EDGE_CURVE('',#614,#643,#645,.T.);
#643 = VERTEX_POINT('',#644);
#644 = CARTESIAN_POINT('',(-22.,-63.04182662727,278.));
#645 = SURFACE_CURVE('',#646,(#650,#657),.PCURVE_S1.);
#646 = LINE('',#647,#648);
#647 = CARTESIAN_POINT('',(33.,-63.04182662727,278.));
#648 = VECTOR('',#649,1.);
#649 = DIRECTION('',(-1.,-0.,0.));
#650 = PCURVE('',#62,#651);
#651 = DEFINITIONAL_REPRESENTATION('',(#652),#656);
#652 = LINE('',#653,#654);
#653 = CARTESIAN_POINT('',(-60.09582336019,21.994633872009));
#654 = VECTOR('',#655,1.);
#655 = DIRECTION('',(-0.5,-0.866025403784));
#656 = ( GEOMETRIC_REPRESENTATION_CONTEXT(2) 
PARAMETRIC_REPRESENTATION_CONTEXT() REPRESENTATION_CONTEXT('2D SPACE',''
  ) );
#657 = PCURVE('',#658,#663);
#658 = PLANE('',#659);
#659 = AXIS2_PLACEMENT_3D('',#660,#661,#662);
#660 = CARTESIAN_POINT('',(22.,-58.10511776651,356.));
#661 = DIRECTION('',(-0.,0.998003113148,-6.316475399669E-02));
#662 = DIRECTION('',(-1.,-0.,0.));
#663 = DEFINITIONAL_REPRESENTATION('',(#664),#668);
#664 = LINE('',#665,#666);
#665 = CARTESIAN_POINT('',(-11.,-78.15606882626));
#666 = VECTOR('',#667,1.);
#667 = DIRECTION('',(1.,-0.));
#668 = ( GEOMETRIC_REPRESENTATION_CONTEXT(2) 
PARAMETRIC_REPRESENTATION_CONTEXT() REPRESENTATION_CONTEXT('2D SPACE',''
  ) );
#669 = ORIENTED_EDGE('',*,*,#670,.T.);
#670 = EDGE_CURVE('',#643,#671,#673,.T.);
#671 = VERTEX_POINT('',#672);
#672 = CARTESIAN_POINT('',(-43.59582336019,-50.57347219689,278.));
#673 = SURFACE_CURVE('',#674,(#679,#686),.PCURVE_S1.);
#674 = CIRCLE('',#675,24.936708860759);
#675 = AXIS2_PLACEMENT_3D('',#676,#677,#678);
#676 = CARTESIAN_POINT('',(-22.,-38.10511776651,278.));
#677 = DIRECTION('',(0.,-0.,-1.));
#678 = DIRECTION('',(-0.5,0.866025403784,-0.));
#679 = PCURVE('',#62,#680);
#680 = DEFINITIONAL_REPRESENTATION('',(#681),#685);
#681 = CIRCLE('',#682,24.936708860759);
#682 = AXIS2_PLACEMENT_2D('',#683,#684);
#683 = CARTESIAN_POINT('',(-66.,-38.10511776651));
#684 = DIRECTION('',(0.5,-0.866025403784));
#685 = ( GEOMETRIC_REPRESENTATION_CONTEXT(2) 
PARAMETRIC_REPRESENTATION_CONTEXT() REPRESENTATION_CONTEXT('2D SPACE',''
  ) );
#686 = PCURVE('',#687,#692);
#687 = CONICAL_SURFACE('',#688,25.,6.320683189746E-02);
#688 = AXIS2_PLACEMENT_3D('',#689,#690,#691);
#689 = CARTESIAN_POINT('',(-22.,-38.10511776651,277.));
#690 = DIRECTION('',(0.,-0.,-1.));
#691 = DIRECTION('',(-0.5,0.866025403784,-0.));
#692 = DEFINITIONAL_REPRESENTATION('',(#693),#697);
#693 = LINE('',#694,#695);
#694 = CARTESIAN_POINT('',(-6.28318530718,-1.));
#695 = VECTOR('',#696,1.);
#696 = DIRECTION('',(1.,-0.));
#697 = ( GEOMETRIC_REPRESENTATION_CONTEXT(2) 
PARAMETRIC_REPRESENTATION_CONTEXT() REPRESENTATION_CONTEXT('2D SPACE',''
  ) );
#698 = ORIENTED_EDGE('',*,*,#699,.T.);
#699 = EDGE_CURVE('',#671,#700,#702,.T.);
#700 = VERTEX_POINT('',#701);
#701 = CARTESIAN_POINT('',(-65.59582336019,-12.46835443038,278.));
#702 = SURFACE_CURVE('',#703,(#707,#714),.PCURVE_S1.);
#703 = LINE('',#704,#705);
#704 = CARTESIAN_POINT('',(-43.59582336019,-50.57347219689,278.));
#705 = VECTOR('',#706,1.);
#706 = DIRECTION('',(-0.5,0.866025403784,-0.));
#707 = PCURVE('',#62,#708);
#708 = DEFINITIONAL_REPRESENTATION('',(#709),#713);
#709 = LINE('',#710,#711);
#710 = CARTESIAN_POINT('',(-87.59582336019,-50.57347219689));
#711 = VECTOR('',#712,1.);
#712 = DIRECTION('',(0.5,-0.866025403784));
#713 = ( GEOMETRIC_REPRESENTATION_CONTEXT(2) 
PARAMETRIC_REPRESENTATION_CONTEXT() REPRESENTATION_CONTEXT('2D SPACE',''
  ) );
#714 = PCURVE('',#715,#720);
#715 = PLANE('',#716);
#716 = AXIS2_PLACEMENT_3D('',#717,#718,#719);
#717 = CARTESIAN_POINT('',(-39.32050807568,-48.10511776651,356.));
#718 = DIRECTION('',(0.864296049042,0.499001556574,-6.316475399669E-02)
  );
#719 = DIRECTION('',(-0.5,0.866025403784,3.469446951954E-18));
#720 = DEFINITIONAL_REPRESENTATION('',(#721),#725);
#721 = LINE('',#722,#723);
#722 = CARTESIAN_POINT('',(1.061650767298E-15,-78.15606882626));
#723 = VECTOR('',#724,1.);
#724 = DIRECTION('',(1.,-1.046813981386E-17));
#725 = ( GEOMETRIC_REPRESENTATION_CONTEXT(2) 
PARAMETRIC_REPRESENTATION_CONTEXT() REPRESENTATION_CONTEXT('2D SPACE',''
  ) );
#726 = ORIENTED_EDGE('',*,*,#727,.T.);
#727 = EDGE_CURVE('',#700,#728,#730,.T.);
#728 = VERTEX_POINT('',#729);
#729 = CARTESIAN_POINT('',(-44.,24.936708860759,278.));
#730 = SURFACE_CURVE('',#731,(#736,#743),.PCURVE_S1.);
#731 = CIRCLE('',#732,24.936708860759);
#732 = AXIS2_PLACEMENT_3D('',#733,#734,#735);
#733 = CARTESIAN_POINT('',(-44.,0.,278.));
#734 = DIRECTION('',(-0.,0.,-1.));
#735 = DIRECTION('',(1.,-0.,-0.));
#736 = PCURVE('',#62,#737);
#737 = DEFINITIONAL_REPRESENTATION('',(#738),#742);
#738 = CIRCLE('',#739,24.936708860759);
#739 = AXIS2_PLACEMENT_2D('',#740,#741);
#740 = CARTESIAN_POINT('',(-44.,-76.21023553303));
#741 = DIRECTION('',(0.5,0.866025403784));
#742 = ( GEOMETRIC_REPRESENTATION_CONTEXT(2) 
PARAMETRIC_REPRESENTATION_CONTEXT() REPRESENTATION_CONTEXT('2D SPACE',''
  ) );
#743 = PCURVE('',#744,#749);
#744 = CONICAL_SURFACE('',#745,25.,6.320683189746E-02);
#745 = AXIS2_PLACEMENT_3D('',#746,#747,#748);
#746 = CARTESIAN_POINT('',(-44.,0.,277.));
#747 = DIRECTION('',(0.,0.,-1.));
#748 = DIRECTION('',(1.,-0.,-0.));
#749 = DEFINITIONAL_REPRESENTATION('',(#750),#754);
#750 = LINE('',#751,#752);
#751 = CARTESIAN_POINT('',(-6.28318530718,-1.));
#752 = VECTOR('',#753,1.);
#753 = DIRECTION('',(1.,-0.));
#754 = ( GEOMETRIC_REPRESENTATION_CONTEXT(2) 
PARAMETRIC_REPRESENTATION_CONTEXT() REPRESENTATION_CONTEXT('2D SPACE',''
  ) );
#755 = ORIENTED_EDGE('',*,*,#756,.T.);
#756 = EDGE_CURVE('',#728,#757,#759,.T.);
#757 = VERTEX_POINT('',#758);
#758 = CARTESIAN_POINT('',(-22.,24.936708860759,278.));
#759 = SURFACE_CURVE('',#760,(#764,#771),.PCURVE_S1.);
#760 = LINE('',#761,#762);
#761 = CARTESIAN_POINT('',(0.,24.936708860759,278.));
#762 = VECTOR('',#763,1.);
#763 = DIRECTION('',(1.,-0.,-0.));
#764 = PCURVE('',#62,#765);
#765 = DEFINITIONAL_REPRESENTATION('',(#766),#770);
#766 = LINE('',#767,#768);
#767 = CARTESIAN_POINT('',(-0.404176639806,-50.57347219689));
#768 = VECTOR('',#769,1.);
#769 = DIRECTION('',(0.5,0.866025403784));
#770 = ( GEOMETRIC_REPRESENTATION_CONTEXT(2) 
PARAMETRIC_REPRESENTATION_CONTEXT() REPRESENTATION_CONTEXT('2D SPACE',''
  ) );
#771 = PCURVE('',#544,#772);
#772 = DEFINITIONAL_REPRESENTATION('',(#773),#777);
#773 = LINE('',#774,#775);
#774 = CARTESIAN_POINT('',(44.,-78.15606882626));
#775 = VECTOR('',#776,1.);
#776 = DIRECTION('',(1.,-0.));
#777 = ( GEOMETRIC_REPRESENTATION_CONTEXT(2) 
PARAMETRIC_REPRESENTATION_CONTEXT() REPRESENTATION_CONTEXT('2D SPACE',''
  ) );
#778 = ORIENTED_EDGE('',*,*,#779,.T.);
#779 = EDGE_CURVE('',#757,#42,#780,.T.);
#780 = SURFACE_CURVE('',#781,(#785,#792),.PCURVE_S1.);
#781 = LINE('',#782,#783);
#782 = CARTESIAN_POINT('',(-22.,22.,278.));
#783 = VECTOR('',#784,1.);
#784 = DIRECTION('',(-0.,1.,-0.));
#785 = PCURVE('',#62,#786);
#786 = DEFINITIONAL_REPRESENTATION('',(#787),#791);
#787 = LINE('',#788,#789);
#788 = CARTESIAN_POINT('',(-13.94744111674,-68.15767664977));
#789 = VECTOR('',#790,1.);
#790 = DIRECTION('',(0.866025403784,-0.5));
#791 = ( GEOMETRIC_REPRESENTATION_CONTEXT(2) 
PARAMETRIC_REPRESENTATION_CONTEXT() REPRESENTATION_CONTEXT('2D SPACE',''
  ) );
#792 = PCURVE('',#793,#798);
#793 = PLANE('',#794);
#794 = AXIS2_PLACEMENT_3D('',#795,#796,#797);
#795 = CARTESIAN_POINT('',(-22.,22.,278.));
#796 = DIRECTION('',(-0.974391195695,-0.,-0.224859506699));
#797 = DIRECTION('',(0.,-1.,0.));
#798 = DEFINITIONAL_REPRESENTATION('',(#799),#803);
#799 = LINE('',#800,#801);
#800 = CARTESIAN_POINT('',(-0.,0.));
#801 = VECTOR('',#802,1.);
#802 = DIRECTION('',(-1.,0.));
#803 = ( GEOMETRIC_REPRESENTATION_CONTEXT(2) 
PARAMETRIC_REPRESENTATION_CONTEXT() REPRESENTATION_CONTEXT('2D SPACE',''
  ) );
#804 = ADVANCED_FACE('',(#805),#197,.T.);
#805 = FACE_BOUND('',#806,.F.);
#806 = EDGE_LOOP('',(#807,#808,#831,#856,#881,#971));
#807 = ORIENTED_EDGE('',*,*,#236,.F.);
#808 = ORIENTED_EDGE('',*,*,#809,.T.);
#809 = EDGE_CURVE('',#42,#810,#812,.T.);
#810 = VERTEX_POINT('',#811);
#811 = CARTESIAN_POINT('',(-22.,36.,278.));
#812 = SURFACE_CURVE('',#813,(#817,#824),.PCURVE_S1.);
#813 = LINE('',#814,#815);
#814 = CARTESIAN_POINT('',(-22.,22.,278.));
#815 = VECTOR('',#816,1.);
#816 = DIRECTION('',(-0.,1.,-0.));
#817 = PCURVE('',#197,#818);
#818 = DEFINITIONAL_REPRESENTATION('',(#819),#823);
#819 = LINE('',#820,#821);
#820 = CARTESIAN_POINT('',(-0.,-68.));
#821 = VECTOR('',#822,1.);
#822 = DIRECTION('',(-1.,-0.));
#823 = ( GEOMETRIC_REPRESENTATION_CONTEXT(2) 
PARAMETRIC_REPRESENTATION_CONTEXT() REPRESENTATION_CONTEXT('2D SPACE',''
  ) );
#824 = PCURVE('',#793,#825);
#825 = DEFINITIONAL_REPRESENTATION('',(#826),#830);
#826 = LINE('',#827,#828);
#827 = CARTESIAN_POINT('',(-0.,0.));
#828 = VECTOR('',#829,1.);
#829 = DIRECTION('',(-1.,0.));
#830 = ( GEOMETRIC_REPRESENTATION_CONTEXT(2) 
PARAMETRIC_REPRESENTATION_CONTEXT() REPRESENTATION_CONTEXT('2D SPACE',''
  ) );
#831 = ORIENTED_EDGE('',*,*,#832,.T.);
#832 = EDGE_CURVE('',#810,#833,#835,.T.);
#833 = VERTEX_POINT('',#834);
#834 = CARTESIAN_POINT('',(-22.,36.,346.));
#835 = SURFACE_CURVE('',#836,(#839,#845),.PCURVE_S1.);
#836 = B_SPLINE_CURVE_WITH_KNOTS('',1,(#837,#838),.UNSPECIFIED.,.F.,.F.,
  (2,2),(0.,1.),.PIECEWISE_BEZIER_KNOTS.);
#837 = CARTESIAN_POINT('',(-22.,36.,278.));
#838 = CARTESIAN_POINT('',(-22.,36.,346.));
#839 = PCURVE('',#197,#840);
#840 = DEFINITIONAL_REPRESENTATION('',(#841),#844);
#841 = B_SPLINE_CURVE_WITH_KNOTS('',1,(#842,#843),.UNSPECIFIED.,.F.,.F.,
  (2,2),(0.,1.),.PIECEWISE_BEZIER_KNOTS.);
#842 = CARTESIAN_POINT('',(-14.,-68.));
#843 = CARTESIAN_POINT('',(-14.,0.));
#844 = ( GEOMETRIC_REPRESENTATION_CONTEXT(2) 
PARAMETRIC_REPRESENTATION_CONTEXT() REPRESENTATION_CONTEXT('2D SPACE',''
  ) );
#845 = PCURVE('',#846,#851);
#846 = PLANE('',#847);
#847 = AXIS2_PLACEMENT_3D('',#848,#849,#850);
#848 = CARTESIAN_POINT('',(-22.,36.,346.));
#849 = DIRECTION('',(-0.,1.,-0.));
#850 = DIRECTION('',(-1.,0.,0.));
#851 = DEFINITIONAL_REPRESENTATION('',(#852),#855);
#852 = B_SPLINE_CURVE_WITH_KNOTS('',1,(#853,#854),.UNSPECIFIED.,.F.,.F.,
  (2,2),(0.,1.),.PIECEWISE_BEZIER_KNOTS.);
#853 = CARTESIAN_POINT('',(0.,-68.));
#854 = CARTESIAN_POINT('',(0.,0.));
#855 = ( GEOMETRIC_REPRESENTATION_CONTEXT(2) 
PARAMETRIC_REPRESENTATION_CONTEXT() REPRESENTATION_CONTEXT('2D SPACE',''
  ) );
#856 = ORIENTED_EDGE('',*,*,#857,.T.);
#857 = EDGE_CURVE('',#833,#858,#860,.T.);
#858 = VERTEX_POINT('',#859);
#859 = CARTESIAN_POINT('',(-22.,22.,360.));
#860 = SURFACE_CURVE('',#861,(#864,#870),.PCURVE_S1.);
#861 = B_SPLINE_CURVE_WITH_KNOTS('',1,(#862,#863),.UNSPECIFIED.,.F.,.F.,
  (2,2),(0.,1.),.PIECEWISE_BEZIER_KNOTS.);
#862 = CARTESIAN_POINT('',(-22.,36.,346.));
#863 = CARTESIAN_POINT('',(-22.,22.,360.));
#864 = PCURVE('',#197,#865);
#865 = DEFINITIONAL_REPRESENTATION('',(#866),#869);
#866 = B_SPLINE_CURVE_WITH_KNOTS('',1,(#867,#868),.UNSPECIFIED.,.F.,.F.,
  (2,2),(0.,1.),.PIECEWISE_BEZIER_KNOTS.);
#867 = CARTESIAN_POINT('',(-14.,0.));
#868 = CARTESIAN_POINT('',(0.,14.));
#869 = ( GEOMETRIC_REPRESENTATION_CONTEXT(2) 
PARAMETRIC_REPRESENTATION_CONTEXT() REPRESENTATION_CONTEXT('2D SPACE',''
  ) );
#870 = PCURVE('',#871,#876);
#871 = PLANE('',#872);
#872 = AXIS2_PLACEMENT_3D('',#873,#874,#875);
#873 = CARTESIAN_POINT('',(-22.,22.,360.));
#874 = DIRECTION('',(-0.,0.707106781187,0.707106781187));
#875 = DIRECTION('',(-1.,0.,0.));
#876 = DEFINITIONAL_REPRESENTATION('',(#877),#880);
#877 = B_SPLINE_CURVE_WITH_KNOTS('',1,(#878,#879),.UNSPECIFIED.,.F.,.F.,
  (2,2),(0.,1.),.PIECEWISE_BEZIER_KNOTS.);
#878 = CARTESIAN_POINT('',(0.,-19.79898987322));
#879 = CARTESIAN_POINT('',(0.,0.));
#880 = ( GEOMETRIC_REPRESENTATION_CONTEXT(2) 
PARAMETRIC_REPRESENTATION_CONTEXT() REPRESENTATION_CONTEXT('2D SPACE',''
  ) );
#881 = ORIENTED_EDGE('',*,*,#882,.F.);
#882 = EDGE_CURVE('',#100,#858,#883,.T.);
#883 = SURFACE_CURVE('',#884,(#911,#941),.PCURVE_S1.);
#884 = B_SPLINE_CURVE_WITH_KNOTS('',7,(#885,#886,#887,#888,#889,#890,
    #891,#892,#893,#894,#895,#896,#897,#898,#899,#900,#901,#902,#903,
    #904,#905,#906,#907,#908,#909,#910),.UNSPECIFIED.,.F.,.F.,(8,6,6,6,8
    ),(0.,8.853405198586E-02,0.507775870288,0.904795020507,1.),
  .UNSPECIFIED.);
#885 = CARTESIAN_POINT('',(-22.,23.,357.));
#886 = CARTESIAN_POINT('',(-22.,22.978592640523,357.06422207843));
#887 = CARTESIAN_POINT('',(-22.,22.957435930552,357.12769220834));
#888 = CARTESIAN_POINT('',(-22.,22.936537043346,357.19038886996));
#889 = CARTESIAN_POINT('',(-22.,22.91590257101,357.25229228697));
#890 = CARTESIAN_POINT('',(-22.,22.895538524493,357.31338442652));
#891 = CARTESIAN_POINT('',(-22.,22.875450333588,357.37364899923));
#892 = CARTESIAN_POINT('',(-22.,22.761846996232,357.7144590113));
#893 = CARTESIAN_POINT('',(-22.,22.674322202372,357.97703339288));
#894 = CARTESIAN_POINT('',(-22.,22.593669438796,358.21899168361));
#895 = CARTESIAN_POINT('',(-22.,22.519912357093,358.44026292872));
#896 = CARTESIAN_POINT('',(-22.,22.452666206746,358.64200137976));
#897 = CARTESIAN_POINT('',(-22.,22.391409776764,358.8257706697));
#898 = CARTESIAN_POINT('',(-22.,22.282686968237,359.15193909528));
#899 = CARTESIAN_POINT('',(-22.,22.234641918653,359.29607424404));
#900 = CARTESIAN_POINT('',(-22.,22.190897641842,359.42730707447));
#901 = CARTESIAN_POINT('',(-22.,22.150929921031,359.5472102369));
#902 = CARTESIAN_POINT('',(-22.,22.11427923251,359.65716230247));
#903 = CARTESIAN_POINT('',(-22.,22.080543224753,359.75837032574));
#904 = CARTESIAN_POINT('',(-22.,22.041898727935,359.87430381619));
#905 = CARTESIAN_POINT('',(-22.,22.034572090624,359.89628372812));
#906 = CARTESIAN_POINT('',(-22.,22.027388671117,359.91783398664));
#907 = CARTESIAN_POINT('',(-22.,22.020343971367,359.9389680859));
#908 = CARTESIAN_POINT('',(-22.,22.013433679314,359.95969896205));
#909 = CARTESIAN_POINT('',(-22.,22.006653668887,359.98003899334));
#910 = CARTESIAN_POINT('',(-22.,22.,360.));
#911 = PCURVE('',#197,#912);
#912 = DEFINITIONAL_REPRESENTATION('',(#913),#940);
#913 = B_SPLINE_CURVE_WITH_KNOTS('',7,(#914,#915,#916,#917,#918,#919,
    #920,#921,#922,#923,#924,#925,#926,#927,#928,#929,#930,#931,#932,
    #933,#934,#935,#936,#937,#938,#939),.UNSPECIFIED.,.F.,.F.,(8,6,6,6,8
    ),(0.,8.853405198586E-02,0.507775870288,0.904795020507,1.),
  .UNSPECIFIED.);
#914 = CARTESIAN_POINT('',(-1.,11.));
#915 = CARTESIAN_POINT('',(-0.978592640523,11.06422207843));
#916 = CARTESIAN_POINT('',(-0.957435930552,11.127692208345));
#917 = CARTESIAN_POINT('',(-0.936537043346,11.190388869963));
#918 = CARTESIAN_POINT('',(-0.91590257101,11.252292286971));
#919 = CARTESIAN_POINT('',(-0.895538524493,11.313384426522));
#920 = CARTESIAN_POINT('',(-0.875450333588,11.373648999237));
#921 = CARTESIAN_POINT('',(-0.761846996232,11.714459011303));
#922 = CARTESIAN_POINT('',(-0.674322202372,11.977033392884));
#923 = CARTESIAN_POINT('',(-0.593669438796,12.218991683612));
#924 = CARTESIAN_POINT('',(-0.519912357093,12.440262928722));
#925 = CARTESIAN_POINT('',(-0.452666206746,12.642001379761));
#926 = CARTESIAN_POINT('',(-0.391409776764,12.825770669708));
#927 = CARTESIAN_POINT('',(-0.282686968237,13.151939095288));
#928 = CARTESIAN_POINT('',(-0.234641918653,13.29607424404));
#929 = CARTESIAN_POINT('',(-0.190897641842,13.427307074474));
#930 = CARTESIAN_POINT('',(-0.150929921031,13.547210236907));
#931 = CARTESIAN_POINT('',(-0.11427923251,13.657162302471));
#932 = CARTESIAN_POINT('',(-8.054322475314E-02,13.758370325741));
#933 = CARTESIAN_POINT('',(-4.189872793486E-02,13.874303816195));
#934 = CARTESIAN_POINT('',(-3.45720906242E-02,13.896283728127));
#935 = CARTESIAN_POINT('',(-2.738867111701E-02,13.917833986649));
#936 = CARTESIAN_POINT('',(-2.034397136669E-02,13.9389680859));
#937 = CARTESIAN_POINT('',(-1.343367931392E-02,13.959698962058));
#938 = CARTESIAN_POINT('',(-6.653668886631E-03,13.98003899334));
#939 = CARTESIAN_POINT('',(0.,14.));
#940 = ( GEOMETRIC_REPRESENTATION_CONTEXT(2) 
PARAMETRIC_REPRESENTATION_CONTEXT() REPRESENTATION_CONTEXT('2D SPACE',''
  ) );
#941 = PCURVE('',#115,#942);
#942 = DEFINITIONAL_REPRESENTATION('',(#943),#970);
#943 = B_SPLINE_CURVE_WITH_KNOTS('',7,(#944,#945,#946,#947,#948,#949,
    #950,#951,#952,#953,#954,#955,#956,#957,#958,#959,#960,#961,#962,
    #963,#964,#965,#966,#967,#968,#969),.UNSPECIFIED.,.F.,.F.,(8,6,6,6,8
    ),(0.,8.853405198586E-02,0.507775870288,0.904795020507,1.),
  .UNSPECIFIED.);
#944 = CARTESIAN_POINT('',(22.,-3.162277660168));
#945 = CARTESIAN_POINT('',(22.,-3.094581645532));
#946 = CARTESIAN_POINT('',(22.,-3.027678254226));
#947 = CARTESIAN_POINT('',(22.,-2.961590170092));
#948 = CARTESIAN_POINT('',(22.,-2.896338239195));
#949 = CARTESIAN_POINT('',(22.,-2.831941469824));
#950 = CARTESIAN_POINT('',(22.,-2.768417032491));
#951 = CARTESIAN_POINT('',(22.,-2.409171736652));
#952 = CARTESIAN_POINT('',(22.,-2.132394036316));
#953 = CARTESIAN_POINT('',(22.,-1.877347603829));
#954 = CARTESIAN_POINT('',(22.,-1.644107232079));
#955 = CARTESIAN_POINT('',(22.,-1.431456233107));
#956 = CARTESIAN_POINT('',(22.,-1.237746393032));
#957 = CARTESIAN_POINT('',(22.,-0.893934684478));
#958 = CARTESIAN_POINT('',(22.,-0.742002897496));
#959 = CARTESIAN_POINT('',(22.,-0.603671348176));
#960 = CARTESIAN_POINT('',(22.,-0.477282317527));
#961 = CARTESIAN_POINT('',(22.,-0.361382663987));
#962 = CARTESIAN_POINT('',(22.,-0.254700040315));
#963 = CARTESIAN_POINT('',(22.,-0.132495411338));
#964 = CARTESIAN_POINT('',(22.,-0.109326549846));
#965 = CARTESIAN_POINT('',(22.,-8.661058281501E-02));
#966 = CARTESIAN_POINT('',(22.,-6.433328617192E-02));
#967 = CARTESIAN_POINT('',(22.,-4.248102398827E-02));
#968 = CARTESIAN_POINT('',(22.,-2.104074847836E-02));
#969 = CARTESIAN_POINT('',(22.,0.));
#970 = ( GEOMETRIC_REPRESENTATION_CONTEXT(2) 
PARAMETRIC_REPRESENTATION_CONTEXT() REPRESENTATION_CONTEXT('2D SPACE',''
  ) );
#971 = ORIENTED_EDGE('',*,*,#127,.F.);
#972 = ADVANCED_FACE('',(#973),#115,.F.);
#973 = FACE_BOUND('',#974,.T.);
#974 = EDGE_LOOP('',(#975,#976,#1001,#1027));
#975 = ORIENTED_EDGE('',*,*,#99,.F.);
#976 = ORIENTED_EDGE('',*,*,#977,.T.);
#977 = EDGE_CURVE('',#75,#978,#980,.T.);
#978 = VERTEX_POINT('',#979);
#979 = CARTESIAN_POINT('',(-44.,22.,360.));
#980 = SURFACE_CURVE('',#981,(#984,#990),.PCURVE_S1.);
#981 = B_SPLINE_CURVE_WITH_KNOTS('',1,(#982,#983),.UNSPECIFIED.,.F.,.F.,
  (2,2),(0.,1.),.PIECEWISE_BEZIER_KNOTS.);
#982 = CARTESIAN_POINT('',(-44.,23.,357.));
#983 = CARTESIAN_POINT('',(-44.,22.,360.));
#984 = PCURVE('',#115,#985);
#985 = DEFINITIONAL_REPRESENTATION('',(#986),#989);
#986 = B_SPLINE_CURVE_WITH_KNOTS('',1,(#987,#988),.UNSPECIFIED.,.F.,.F.,
  (2,2),(0.,1.),.PIECEWISE_BEZIER_KNOTS.);
#987 = CARTESIAN_POINT('',(0.,-3.162277660168));
#988 = CARTESIAN_POINT('',(0.,0.));
#989 = ( GEOMETRIC_REPRESENTATION_CONTEXT(2) 
PARAMETRIC_REPRESENTATION_CONTEXT() REPRESENTATION_CONTEXT('2D SPACE',''
  ) );
#990 = PCURVE('',#991,#996);
#991 = CONICAL_SURFACE('',#992,23.,0.321750554397);
#992 = AXIS2_PLACEMENT_3D('',#993,#994,#995);
#993 = CARTESIAN_POINT('',(-44.,0.,357.));
#994 = DIRECTION('',(0.,0.,-1.));
#995 = DIRECTION('',(1.,-0.,-0.));
#996 = DEFINITIONAL_REPRESENTATION('',(#997),#1000);
#997 = B_SPLINE_CURVE_WITH_KNOTS('',1,(#998,#999),.UNSPECIFIED.,.F.,.F.,
  (2,2),(0.,1.),.PIECEWISE_BEZIER_KNOTS.);
#998 = CARTESIAN_POINT('',(-1.570796326795,0.));
#999 = CARTESIAN_POINT('',(-1.570796326795,-3.));
#1000 = ( GEOMETRIC_REPRESENTATION_CONTEXT(2) 
PARAMETRIC_REPRESENTATION_CONTEXT() REPRESENTATION_CONTEXT('2D SPACE',''
  ) );
#1001 = ORIENTED_EDGE('',*,*,#1002,.T.);
#1002 = EDGE_CURVE('',#978,#858,#1003,.T.);
#1003 = SURFACE_CURVE('',#1004,(#1008,#1015),.PCURVE_S1.);
#1004 = LINE('',#1005,#1006);
#1005 = CARTESIAN_POINT('',(-44.,22.,360.));
#1006 = VECTOR('',#1007,1.);
#1007 = DIRECTION('',(1.,-0.,-0.));
#1008 = PCURVE('',#115,#1009);
#1009 = DEFINITIONAL_REPRESENTATION('',(#1010),#1014);
#1010 = LINE('',#1011,#1012);
#1011 = CARTESIAN_POINT('',(0.,-0.));
#1012 = VECTOR('',#1013,1.);
#1013 = DIRECTION('',(1.,-0.));
#1014 = ( GEOMETRIC_REPRESENTATION_CONTEXT(2) 
PARAMETRIC_REPRESENTATION_CONTEXT() REPRESENTATION_CONTEXT('2D SPACE',''
  ) );
#1015 = PCURVE('',#1016,#1021);
#1016 = PLANE('',#1017);
#1017 = AXIS2_PLACEMENT_3D('',#1018,#1019,#1020);
#1018 = CARTESIAN_POINT('',(-44.,0.,360.));
#1019 = DIRECTION('',(0.,-0.,-1.));
#1020 = DIRECTION('',(-1.,0.,0.));
#1021 = DEFINITIONAL_REPRESENTATION('',(#1022),#1026);
#1022 = LINE('',#1023,#1024);
#1023 = CARTESIAN_POINT('',(-0.,22.));
#1024 = VECTOR('',#1025,1.);
#1025 = DIRECTION('',(-1.,0.));
#1026 = ( GEOMETRIC_REPRESENTATION_CONTEXT(2) 
PARAMETRIC_REPRESENTATION_CONTEXT() REPRESENTATION_CONTEXT('2D SPACE',''
  ) );
#1027 = ORIENTED_EDGE('',*,*,#882,.F.);
#1028 = ADVANCED_FACE('',(#1029),#88,.T.);
#1029 = FACE_BOUND('',#1030,.T.);
#1030 = EDGE_LOOP('',(#1031,#1032,#1052,#1074));
#1031 = ORIENTED_EDGE('',*,*,#261,.T.);
#1032 = ORIENTED_EDGE('',*,*,#1033,.T.);
#1033 = EDGE_CURVE('',#262,#1034,#1036,.T.);
#1034 = VERTEX_POINT('',#1035);
#1035 = CARTESIAN_POINT('',(-63.91858428704,-11.5,357.));
#1036 = SURFACE_CURVE('',#1037,(#1040,#1046),.PCURVE_S1.);
#1037 = B_SPLINE_CURVE_WITH_KNOTS('',1,(#1038,#1039),.UNSPECIFIED.,.F.,
  .F.,(2,2),(0.,1.),.PIECEWISE_BEZIER_KNOTS.);
#1038 = CARTESIAN_POINT('',(-68.24871130596,-14.,278.));
#1039 = CARTESIAN_POINT('',(-63.91858428704,-11.5,357.));
#1040 = PCURVE('',#88,#1041);
#1041 = DEFINITIONAL_REPRESENTATION('',(#1042),#1045);
#1042 = B_SPLINE_CURVE_WITH_KNOTS('',1,(#1043,#1044),.UNSPECIFIED.,.F.,
  .F.,(2,2),(0.,1.),.PIECEWISE_BEZIER_KNOTS.);
#1043 = CARTESIAN_POINT('',(-3.665191429188,0.));
#1044 = CARTESIAN_POINT('',(-3.665191429188,-79.));
#1045 = ( GEOMETRIC_REPRESENTATION_CONTEXT(2) 
PARAMETRIC_REPRESENTATION_CONTEXT() REPRESENTATION_CONTEXT('2D SPACE',''
  ) );
#1046 = PCURVE('',#305,#1047);
#1047 = DEFINITIONAL_REPRESENTATION('',(#1048),#1051);
#1048 = B_SPLINE_CURVE_WITH_KNOTS('',1,(#1049,#1050),.UNSPECIFIED.,.F.,
  .F.,(2,2),(0.,1.),.PIECEWISE_BEZIER_KNOTS.);
#1049 = CARTESIAN_POINT('',(44.,-79.15806970865));
#1050 = CARTESIAN_POINT('',(44.,0.));
#1051 = ( GEOMETRIC_REPRESENTATION_CONTEXT(2) 
PARAMETRIC_REPRESENTATION_CONTEXT() REPRESENTATION_CONTEXT('2D SPACE',''
  ) );
#1052 = ORIENTED_EDGE('',*,*,#1053,.F.);
#1053 = EDGE_CURVE('',#75,#1034,#1054,.T.);
#1054 = SURFACE_CURVE('',#1055,(#1060,#1067),.PCURVE_S1.);
#1055 = CIRCLE('',#1056,23.);
#1056 = AXIS2_PLACEMENT_3D('',#1057,#1058,#1059);
#1057 = CARTESIAN_POINT('',(-44.,0.,357.));
#1058 = DIRECTION('',(0.,0.,1.));
#1059 = DIRECTION('',(1.,-0.,-0.));
#1060 = PCURVE('',#88,#1061);
#1061 = DEFINITIONAL_REPRESENTATION('',(#1062),#1066);
#1062 = LINE('',#1063,#1064);
#1063 = CARTESIAN_POINT('',(-0.,-79.));
#1064 = VECTOR('',#1065,1.);
#1065 = DIRECTION('',(-1.,-0.));
#1066 = ( GEOMETRIC_REPRESENTATION_CONTEXT(2) 
PARAMETRIC_REPRESENTATION_CONTEXT() REPRESENTATION_CONTEXT('2D SPACE',''
  ) );
#1067 = PCURVE('',#991,#1068);
#1068 = DEFINITIONAL_REPRESENTATION('',(#1069),#1073);
#1069 = LINE('',#1070,#1071);
#1070 = CARTESIAN_POINT('',(-0.,-0.));
#1071 = VECTOR('',#1072,1.);
#1072 = DIRECTION('',(-1.,-0.));
#1073 = ( GEOMETRIC_REPRESENTATION_CONTEXT(2) 
PARAMETRIC_REPRESENTATION_CONTEXT() REPRESENTATION_CONTEXT('2D SPACE',''
  ) );
#1074 = ORIENTED_EDGE('',*,*,#74,.F.);
#1075 = ADVANCED_FACE('',(#1076),#793,.T.);
#1076 = FACE_BOUND('',#1077,.F.);
#1077 = EDGE_LOOP('',(#1078,#1108,#1126,#1127,#1128,#1156));
#1078 = ORIENTED_EDGE('',*,*,#1079,.T.);
#1079 = EDGE_CURVE('',#1080,#1082,#1084,.T.);
#1080 = VERTEX_POINT('',#1081);
#1081 = CARTESIAN_POINT('',(-16.,22.,252.));
#1082 = VERTEX_POINT('',#1083);
#1083 = CARTESIAN_POINT('',(-16.,36.,252.));
#1084 = SURFACE_CURVE('',#1085,(#1089,#1096),.PCURVE_S1.);
#1085 = LINE('',#1086,#1087);
#1086 = CARTESIAN_POINT('',(-16.,22.,252.));
#1087 = VECTOR('',#1088,1.);
#1088 = DIRECTION('',(-0.,1.,-0.));
#1089 = PCURVE('',#793,#1090);
#1090 = DEFINITIONAL_REPRESENTATION('',(#1091),#1095);
#1091 = LINE('',#1092,#1093);
#1092 = CARTESIAN_POINT('',(-0.,-26.68332812825));
#1093 = VECTOR('',#1094,1.);
#1094 = DIRECTION('',(-1.,0.));
#1095 = ( GEOMETRIC_REPRESENTATION_CONTEXT(2) 
PARAMETRIC_REPRESENTATION_CONTEXT() REPRESENTATION_CONTEXT('2D SPACE',''
  ) );
#1096 = PCURVE('',#1097,#1102);
#1097 = PLANE('',#1098);
#1098 = AXIS2_PLACEMENT_3D('',#1099,#1100,#1101);
#1099 = CARTESIAN_POINT('',(-16.,22.,252.));
#1100 = DIRECTION('',(-1.,-0.,0.));
#1101 = DIRECTION('',(0.,-1.,0.));
#1102 = DEFINITIONAL_REPRESENTATION('',(#1103),#1107);
#1103 = LINE('',#1104,#1105);
#1104 = CARTESIAN_POINT('',(-0.,0.));
#1105 = VECTOR('',#1106,1.);
#1106 = DIRECTION('',(-1.,-0.));
#1107 = ( GEOMETRIC_REPRESENTATION_CONTEXT(2) 
PARAMETRIC_REPRESENTATION_CONTEXT() REPRESENTATION_CONTEXT('2D SPACE',''
  ) );
#1108 = ORIENTED_EDGE('',*,*,#1109,.T.);
#1109 = EDGE_CURVE('',#1082,#810,#1110,.T.);
#1110 = SURFACE_CURVE('',#1111,(#1114,#1120),.PCURVE_S1.);
#1111 = B_SPLINE_CURVE_WITH_KNOTS('',1,(#1112,#1113),.UNSPECIFIED.,.F.,
  .F.,(2,2),(0.,1.),.PIECEWISE_BEZIER_KNOTS.);
#1112 = CARTESIAN_POINT('',(-16.,36.,252.));
#1113 = CARTESIAN_POINT('',(-22.,36.,278.));
#1114 = PCURVE('',#793,#1115);
#1115 = DEFINITIONAL_REPRESENTATION('',(#1116),#1119);
#1116 = B_SPLINE_CURVE_WITH_KNOTS('',1,(#1117,#1118),.UNSPECIFIED.,.F.,
  .F.,(2,2),(0.,1.),.PIECEWISE_BEZIER_KNOTS.);
#1117 = CARTESIAN_POINT('',(-14.,-26.68332812825));
#1118 = CARTESIAN_POINT('',(-14.,0.));
#1119 = ( GEOMETRIC_REPRESENTATION_CONTEXT(2) 
PARAMETRIC_REPRESENTATION_CONTEXT() REPRESENTATION_CONTEXT('2D SPACE',''
  ) );
#1120 = PCURVE('',#846,#1121);
#1121 = DEFINITIONAL_REPRESENTATION('',(#1122),#1125);
#1122 = B_SPLINE_CURVE_WITH_KNOTS('',1,(#1123,#1124),.UNSPECIFIED.,.F.,
  .F.,(2,2),(0.,1.),.PIECEWISE_BEZIER_KNOTS.);
#1123 = CARTESIAN_POINT('',(-6.,-94.));
#1124 = CARTESIAN_POINT('',(0.,-68.));
#1125 = ( GEOMETRIC_REPRESENTATION_CONTEXT(2) 
PARAMETRIC_REPRESENTATION_CONTEXT() REPRESENTATION_CONTEXT('2D SPACE',''
  ) );
#1126 = ORIENTED_EDGE('',*,*,#809,.F.);
#1127 = ORIENTED_EDGE('',*,*,#779,.F.);
#1128 = ORIENTED_EDGE('',*,*,#1129,.F.);
#1129 = EDGE_CURVE('',#1130,#757,#1132,.T.);
#1130 = VERTEX_POINT('',#1131);
#1131 = CARTESIAN_POINT('',(-22.,22.,278.));
#1132 = SURFACE_CURVE('',#1133,(#1137,#1144),.PCURVE_S1.);
#1133 = LINE('',#1134,#1135);
#1134 = CARTESIAN_POINT('',(-22.,22.,278.));
#1135 = VECTOR('',#1136,1.);
#1136 = DIRECTION('',(-0.,1.,-0.));
#1137 = PCURVE('',#793,#1138);
#1138 = DEFINITIONAL_REPRESENTATION('',(#1139),#1143);
#1139 = LINE('',#1140,#1141);
#1140 = CARTESIAN_POINT('',(-0.,0.));
#1141 = VECTOR('',#1142,1.);
#1142 = DIRECTION('',(-1.,0.));
#1143 = ( GEOMETRIC_REPRESENTATION_CONTEXT(2) 
PARAMETRIC_REPRESENTATION_CONTEXT() REPRESENTATION_CONTEXT('2D SPACE',''
  ) );
#1144 = PCURVE('',#1145,#1150);
#1145 = PLANE('',#1146);
#1146 = AXIS2_PLACEMENT_3D('',#1147,#1148,#1149);
#1147 = CARTESIAN_POINT('',(-22.,22.,346.));
#1148 = DIRECTION('',(-1.,-0.,0.));
#1149 = DIRECTION('',(0.,-1.,0.));
#1150 = DEFINITIONAL_REPRESENTATION('',(#1151),#1155);
#1151 = LINE('',#1152,#1153);
#1152 = CARTESIAN_POINT('',(-0.,-68.));
#1153 = VECTOR('',#1154,1.);
#1154 = DIRECTION('',(-1.,-0.));
#1155 = ( GEOMETRIC_REPRESENTATION_CONTEXT(2) 
PARAMETRIC_REPRESENTATION_CONTEXT() REPRESENTATION_CONTEXT('2D SPACE',''
  ) );
#1156 = ORIENTED_EDGE('',*,*,#1157,.F.);
#1157 = EDGE_CURVE('',#1080,#1130,#1158,.T.);
#1158 = SURFACE_CURVE('',#1159,(#1162,#1168),.PCURVE_S1.);
#1159 = B_SPLINE_CURVE_WITH_KNOTS('',1,(#1160,#1161),.UNSPECIFIED.,.F.,
  .F.,(2,2),(0.,1.),.PIECEWISE_BEZIER_KNOTS.);
#1160 = CARTESIAN_POINT('',(-16.,22.,252.));
#1161 = CARTESIAN_POINT('',(-22.,22.,278.));
#1162 = PCURVE('',#793,#1163);
#1163 = DEFINITIONAL_REPRESENTATION('',(#1164),#1167);
#1164 = B_SPLINE_CURVE_WITH_KNOTS('',1,(#1165,#1166),.UNSPECIFIED.,.F.,
  .F.,(2,2),(0.,1.),.PIECEWISE_BEZIER_KNOTS.);
#1165 = CARTESIAN_POINT('',(0.,-26.68332812825));
#1166 = CARTESIAN_POINT('',(0.,0.));
#1167 = ( GEOMETRIC_REPRESENTATION_CONTEXT(2) 
PARAMETRIC_REPRESENTATION_CONTEXT() REPRESENTATION_CONTEXT('2D SPACE',''
  ) );
#1168 = PCURVE('',#1169,#1174);
#1169 = PLANE('',#1170);
#1170 = AXIS2_PLACEMENT_3D('',#1171,#1172,#1173);
#1171 = CARTESIAN_POINT('',(-1.115728262764E-15,22.,265.));
#1172 = DIRECTION('',(-0.,-1.,0.));
#1173 = DIRECTION('',(1.,0.,-4.8034797665E-17));
#1174 = DEFINITIONAL_REPRESENTATION('',(#1175),#1178);
#1175 = B_SPLINE_CURVE_WITH_KNOTS('',1,(#1176,#1177),.UNSPECIFIED.,.F.,
  .F.,(2,2),(0.,1.),.PIECEWISE_BEZIER_KNOTS.);
#1176 = CARTESIAN_POINT('',(-16.,-13.));
#1177 = CARTESIAN_POINT('',(-22.,13.));
#1178 = ( GEOMETRIC_REPRESENTATION_CONTEXT(2) 
PARAMETRIC_REPRESENTATION_CONTEXT() REPRESENTATION_CONTEXT('2D SPACE',''
  ) );
#1179 = ADVANCED_FACE('',(#1180),#544,.T.);
#1180 = FACE_BOUND('',#1181,.F.);
#1181 = EDGE_LOOP('',(#1182,#1183,#1203,#1231,#1249,#1250,#1278,#1301));
#1182 = ORIENTED_EDGE('',*,*,#756,.F.);
#1183 = ORIENTED_EDGE('',*,*,#1184,.T.);
#1184 = EDGE_CURVE('',#728,#1185,#1187,.T.);
#1185 = VERTEX_POINT('',#1186);
#1186 = CARTESIAN_POINT('',(-44.,20.,356.));
#1187 = SURFACE_CURVE('',#1188,(#1191,#1197),.PCURVE_S1.);
#1188 = B_SPLINE_CURVE_WITH_KNOTS('',1,(#1189,#1190),.UNSPECIFIED.,.F.,
  .F.,(2,2),(0.,1.),.PIECEWISE_BEZIER_KNOTS.);
#1189 = CARTESIAN_POINT('',(-44.,25.,277.));
#1190 = CARTESIAN_POINT('',(-44.,20.,356.));
#1191 = PCURVE('',#544,#1192);
#1192 = DEFINITIONAL_REPRESENTATION('',(#1193),#1196);
#1193 = B_SPLINE_CURVE_WITH_KNOTS('',1,(#1194,#1195),.UNSPECIFIED.,.F.,
  .F.,(2,2),(0.,1.),.PIECEWISE_BEZIER_KNOTS.);
#1194 = CARTESIAN_POINT('',(0.,-79.15806970865));
#1195 = CARTESIAN_POINT('',(0.,0.));
#1196 = ( GEOMETRIC_REPRESENTATION_CONTEXT(2) 
PARAMETRIC_REPRESENTATION_CONTEXT() REPRESENTATION_CONTEXT('2D SPACE',''
  ) );
#1197 = PCURVE('',#744,#1198);
#1198 = DEFINITIONAL_REPRESENTATION('',(#1199),#1202);
#1199 = B_SPLINE_CURVE_WITH_KNOTS('',1,(#1200,#1201),.UNSPECIFIED.,.F.,
  .F.,(2,2),(0.,1.),.PIECEWISE_BEZIER_KNOTS.);
#1200 = CARTESIAN_POINT('',(-1.570796326795,0.));
#1201 = CARTESIAN_POINT('',(-1.570796326795,-79.));
#1202 = ( GEOMETRIC_REPRESENTATION_CONTEXT(2) 
PARAMETRIC_REPRESENTATION_CONTEXT() REPRESENTATION_CONTEXT('2D SPACE',''
  ) );
#1203 = ORIENTED_EDGE('',*,*,#1204,.T.);
#1204 = EDGE_CURVE('',#1185,#1205,#1207,.T.);
#1205 = VERTEX_POINT('',#1206);
#1206 = CARTESIAN_POINT('',(44.,20.,356.));
#1207 = SURFACE_CURVE('',#1208,(#1212,#1219),.PCURVE_S1.);
#1208 = LINE('',#1209,#1210);
#1209 = CARTESIAN_POINT('',(-44.,20.,356.));
#1210 = VECTOR('',#1211,1.);
#1211 = DIRECTION('',(1.,-0.,-0.));
#1212 = PCURVE('',#544,#1213);
#1213 = DEFINITIONAL_REPRESENTATION('',(#1214),#1218);
#1214 = LINE('',#1215,#1216);
#1215 = CARTESIAN_POINT('',(0.,-0.));
#1216 = VECTOR('',#1217,1.);
#1217 = DIRECTION('',(1.,-0.));
#1218 = ( GEOMETRIC_REPRESENTATION_CONTEXT(2) 
PARAMETRIC_REPRESENTATION_CONTEXT() REPRESENTATION_CONTEXT('2D SPACE',''
  ) );
#1219 = PCURVE('',#1220,#1225);
#1220 = PLANE('',#1221);
#1221 = AXIS2_PLACEMENT_3D('',#1222,#1223,#1224);
#1222 = CARTESIAN_POINT('',(-44.,0.,356.));
#1223 = DIRECTION('',(0.,-0.,-1.));
#1224 = DIRECTION('',(-1.,0.,0.));
#1225 = DEFINITIONAL_REPRESENTATION('',(#1226),#1230);
#1226 = LINE('',#1227,#1228);
#1227 = CARTESIAN_POINT('',(-0.,20.));
#1228 = VECTOR('',#1229,1.);
#1229 = DIRECTION('',(-1.,0.));
#1230 = ( GEOMETRIC_REPRESENTATION_CONTEXT(2) 
PARAMETRIC_REPRESENTATION_CONTEXT() REPRESENTATION_CONTEXT('2D SPACE',''
  ) );
#1231 = ORIENTED_EDGE('',*,*,#1232,.F.);
#1232 = EDGE_CURVE('',#529,#1205,#1233,.T.);
#1233 = SURFACE_CURVE('',#1234,(#1237,#1243),.PCURVE_S1.);
#1234 = B_SPLINE_CURVE_WITH_KNOTS('',1,(#1235,#1236),.UNSPECIFIED.,.F.,
  .F.,(2,2),(0.,1.),.PIECEWISE_BEZIER_KNOTS.);
#1235 = CARTESIAN_POINT('',(44.,25.,277.));
#1236 = CARTESIAN_POINT('',(44.,20.,356.));
#1237 = PCURVE('',#544,#1238);
#1238 = DEFINITIONAL_REPRESENTATION('',(#1239),#1242);
#1239 = B_SPLINE_CURVE_WITH_KNOTS('',1,(#1240,#1241),.UNSPECIFIED.,.F.,
  .F.,(2,2),(0.,1.),.PIECEWISE_BEZIER_KNOTS.);
#1240 = CARTESIAN_POINT('',(88.,-79.15806970865));
#1241 = CARTESIAN_POINT('',(88.,0.));
#1242 = ( GEOMETRIC_REPRESENTATION_CONTEXT(2) 
PARAMETRIC_REPRESENTATION_CONTEXT() REPRESENTATION_CONTEXT('2D SPACE',''
  ) );
#1243 = PCURVE('',#573,#1244);
#1244 = DEFINITIONAL_REPRESENTATION('',(#1245),#1248);
#1245 = B_SPLINE_CURVE_WITH_KNOTS('',1,(#1246,#1247),.UNSPECIFIED.,.F.,
  .F.,(2,2),(0.,1.),.PIECEWISE_BEZIER_KNOTS.);
#1246 = CARTESIAN_POINT('',(-3.665191429188,0.));
#1247 = CARTESIAN_POINT('',(-3.665191429188,-79.));
#1248 = ( GEOMETRIC_REPRESENTATION_CONTEXT(2) 
PARAMETRIC_REPRESENTATION_CONTEXT() REPRESENTATION_CONTEXT('2D SPACE',''
  ) );
#1249 = ORIENTED_EDGE('',*,*,#528,.F.);
#1250 = ORIENTED_EDGE('',*,*,#1251,.F.);
#1251 = EDGE_CURVE('',#1252,#501,#1254,.T.);
#1252 = VERTEX_POINT('',#1253);
#1253 = CARTESIAN_POINT('',(22.,22.,324.4));
#1254 = SURFACE_CURVE('',#1255,(#1259,#1266),.PCURVE_S1.);
#1255 = LINE('',#1256,#1257);
#1256 = CARTESIAN_POINT('',(22.,20.347111394829,350.51563996169));
#1257 = VECTOR('',#1258,1.);
#1258 = DIRECTION('',(-0.,6.316475399669E-02,-0.998003113148));
#1259 = PCURVE('',#544,#1260);
#1260 = DEFINITIONAL_REPRESENTATION('',(#1261),#1265);
#1261 = LINE('',#1262,#1263);
#1262 = CARTESIAN_POINT('',(66.,-5.495333597712));
#1263 = VECTOR('',#1264,1.);
#1264 = DIRECTION('',(-0.,-1.));
#1265 = ( GEOMETRIC_REPRESENTATION_CONTEXT(2) 
PARAMETRIC_REPRESENTATION_CONTEXT() REPRESENTATION_CONTEXT('2D SPACE',''
  ) );
#1266 = PCURVE('',#1267,#1272);
#1267 = PLANE('',#1268);
#1268 = AXIS2_PLACEMENT_3D('',#1269,#1270,#1271);
#1269 = CARTESIAN_POINT('',(22.,36.,346.));
#1270 = DIRECTION('',(1.,-0.,-0.));
#1271 = DIRECTION('',(0.,1.,-0.));
#1272 = DEFINITIONAL_REPRESENTATION('',(#1273),#1277);
#1273 = LINE('',#1274,#1275);
#1274 = CARTESIAN_POINT('',(-15.65288860517,4.515639961698));
#1275 = VECTOR('',#1276,1.);
#1276 = DIRECTION('',(6.316475399669E-02,-0.998003113148));
#1277 = ( GEOMETRIC_REPRESENTATION_CONTEXT(2) 
PARAMETRIC_REPRESENTATION_CONTEXT() REPRESENTATION_CONTEXT('2D SPACE',''
  ) );
#1278 = ORIENTED_EDGE('',*,*,#1279,.F.);
#1279 = EDGE_CURVE('',#1280,#1252,#1282,.T.);
#1280 = VERTEX_POINT('',#1281);
#1281 = CARTESIAN_POINT('',(-22.,22.,324.4));
#1282 = SURFACE_CURVE('',#1283,(#1287,#1294),.PCURVE_S1.);
#1283 = LINE('',#1284,#1285);
#1284 = CARTESIAN_POINT('',(-11.,22.,324.39999999999));
#1285 = VECTOR('',#1286,1.);
#1286 = DIRECTION('',(1.,-0.,-0.));
#1287 = PCURVE('',#544,#1288);
#1288 = DEFINITIONAL_REPRESENTATION('',(#1289),#1293);
#1289 = LINE('',#1290,#1291);
#1290 = CARTESIAN_POINT('',(33.,-31.66322788346));
#1291 = VECTOR('',#1292,1.);
#1292 = DIRECTION('',(1.,-0.));
#1293 = ( GEOMETRIC_REPRESENTATION_CONTEXT(2) 
PARAMETRIC_REPRESENTATION_CONTEXT() REPRESENTATION_CONTEXT('2D SPACE',''
  ) );
#1294 = PCURVE('',#1169,#1295);
#1295 = DEFINITIONAL_REPRESENTATION('',(#1296),#1300);
#1296 = LINE('',#1297,#1298);
#1297 = CARTESIAN_POINT('',(-11.,59.399999999999));
#1298 = VECTOR('',#1299,1.);
#1299 = DIRECTION('',(1.,4.8034797665E-17));
#1300 = ( GEOMETRIC_REPRESENTATION_CONTEXT(2) 
PARAMETRIC_REPRESENTATION_CONTEXT() REPRESENTATION_CONTEXT('2D SPACE',''
  ) );
#1301 = ORIENTED_EDGE('',*,*,#1302,.F.);
#1302 = EDGE_CURVE('',#757,#1280,#1303,.T.);
#1303 = SURFACE_CURVE('',#1304,(#1308,#1315),.PCURVE_S1.);
#1304 = LINE('',#1305,#1306);
#1305 = CARTESIAN_POINT('',(-22.,20.319182891797,350.9569103096));
#1306 = VECTOR('',#1307,1.);
#1307 = DIRECTION('',(-0.,-6.316475399669E-02,0.998003113148));
#1308 = PCURVE('',#544,#1309);
#1309 = DEFINITIONAL_REPRESENTATION('',(#1310),#1314);
#1310 = LINE('',#1311,#1312);
#1311 = CARTESIAN_POINT('',(22.,-5.053180319735));
#1312 = VECTOR('',#1313,1.);
#1313 = DIRECTION('',(-0.,1.));
#1314 = ( GEOMETRIC_REPRESENTATION_CONTEXT(2) 
PARAMETRIC_REPRESENTATION_CONTEXT() REPRESENTATION_CONTEXT('2D SPACE',''
  ) );
#1315 = PCURVE('',#1145,#1316);
#1316 = DEFINITIONAL_REPRESENTATION('',(#1317),#1321);
#1317 = LINE('',#1318,#1319);
#1318 = CARTESIAN_POINT('',(1.680817108203,4.956910309607));
#1319 = VECTOR('',#1320,1.);
#1320 = DIRECTION('',(6.316475399669E-02,0.998003113148));
#1321 = ( GEOMETRIC_REPRESENTATION_CONTEXT(2) 
PARAMETRIC_REPRESENTATION_CONTEXT() REPRESENTATION_CONTEXT('2D SPACE',''
  ) );
#1322 = ADVANCED_FACE('',(#1323),#744,.F.);
#1323 = FACE_BOUND('',#1324,.F.);
#1324 = EDGE_LOOP('',(#1325,#1326,#1327,#1347));
#1325 = ORIENTED_EDGE('',*,*,#1184,.F.);
#1326 = ORIENTED_EDGE('',*,*,#727,.F.);
#1327 = ORIENTED_EDGE('',*,*,#1328,.T.);
#1328 = EDGE_CURVE('',#700,#1329,#1331,.T.);
#1329 = VERTEX_POINT('',#1330);
#1330 = CARTESIAN_POINT('',(-61.32050807568,-10.,356.));
#1331 = SURFACE_CURVE('',#1332,(#1335,#1341),.PCURVE_S1.);
#1332 = B_SPLINE_CURVE_WITH_KNOTS('',1,(#1333,#1334),.UNSPECIFIED.,.F.,
  .F.,(2,2),(0.,1.),.PIECEWISE_BEZIER_KNOTS.);
#1333 = CARTESIAN_POINT('',(-65.65063509461,-12.5,277.));
#1334 = CARTESIAN_POINT('',(-61.32050807568,-10.,356.));
#1335 = PCURVE('',#744,#1336);
#1336 = DEFINITIONAL_REPRESENTATION('',(#1337),#1340);
#1337 = B_SPLINE_CURVE_WITH_KNOTS('',1,(#1338,#1339),.UNSPECIFIED.,.F.,
  .F.,(2,2),(0.,1.),.PIECEWISE_BEZIER_KNOTS.);
#1338 = CARTESIAN_POINT('',(-3.665191429188,0.));
#1339 = CARTESIAN_POINT('',(-3.665191429188,-79.));
#1340 = ( GEOMETRIC_REPRESENTATION_CONTEXT(2) 
PARAMETRIC_REPRESENTATION_CONTEXT() REPRESENTATION_CONTEXT('2D SPACE',''
  ) );
#1341 = PCURVE('',#715,#1342);
#1342 = DEFINITIONAL_REPRESENTATION('',(#1343),#1346);
#1343 = B_SPLINE_CURVE_WITH_KNOTS('',1,(#1344,#1345),.UNSPECIFIED.,.F.,
  .F.,(2,2),(0.,1.),.PIECEWISE_BEZIER_KNOTS.);
#1344 = CARTESIAN_POINT('',(44.,-79.15806970865));
#1345 = CARTESIAN_POINT('',(44.,0.));
#1346 = ( GEOMETRIC_REPRESENTATION_CONTEXT(2) 
PARAMETRIC_REPRESENTATION_CONTEXT() REPRESENTATION_CONTEXT('2D SPACE',''
  ) );
#1347 = ORIENTED_EDGE('',*,*,#1348,.F.);
#1348 = EDGE_CURVE('',#1185,#1329,#1349,.T.);
#1349 = SURFACE_CURVE('',#1350,(#1355,#1362),.PCURVE_S1.);
#1350 = CIRCLE('',#1351,20.);
#1351 = AXIS2_PLACEMENT_3D('',#1352,#1353,#1354);
#1352 = CARTESIAN_POINT('',(-44.,0.,356.));
#1353 = DIRECTION('',(0.,0.,1.));
#1354 = DIRECTION('',(1.,-0.,-0.));
#1355 = PCURVE('',#744,#1356);
#1356 = DEFINITIONAL_REPRESENTATION('',(#1357),#1361);
#1357 = LINE('',#1358,#1359);
#1358 = CARTESIAN_POINT('',(-0.,-79.));
#1359 = VECTOR('',#1360,1.);
#1360 = DIRECTION('',(-1.,-0.));
#1361 = ( GEOMETRIC_REPRESENTATION_CONTEXT(2) 
PARAMETRIC_REPRESENTATION_CONTEXT() REPRESENTATION_CONTEXT('2D SPACE',''
  ) );
#1362 = PCURVE('',#1220,#1363);
#1363 = DEFINITIONAL_REPRESENTATION('',(#1364),#1372);
#1364 = ( BOUNDED_CURVE() B_SPLINE_CURVE(2,(#1365,#1366,#1367,#1368,
#1369,#1370,#1371),.UNSPECIFIED.,.T.,.F.) B_SPLINE_CURVE_WITH_KNOTS((1,2
    ,2,2,2,1),(-2.094395102393,0.,2.094395102393,4.188790204786,
6.28318530718,8.377580409573),.UNSPECIFIED.) CURVE() 
GEOMETRIC_REPRESENTATION_ITEM() RATIONAL_B_SPLINE_CURVE((1.,0.5,1.,0.5,
1.,0.5,1.)) REPRESENTATION_ITEM('') );
#1365 = CARTESIAN_POINT('',(-20.,0.));
#1366 = CARTESIAN_POINT('',(-20.,34.641016151378));
#1367 = CARTESIAN_POINT('',(10.,17.320508075689));
#1368 = CARTESIAN_POINT('',(40.,4.898587196589E-15));
#1369 = CARTESIAN_POINT('',(10.,-17.32050807568));
#1370 = CARTESIAN_POINT('',(-20.,-34.64101615137));
#1371 = CARTESIAN_POINT('',(-20.,0.));
#1372 = ( GEOMETRIC_REPRESENTATION_CONTEXT(2) 
PARAMETRIC_REPRESENTATION_CONTEXT() REPRESENTATION_CONTEXT('2D SPACE',''
  ) );
#1373 = ADVANCED_FACE('',(#1374),#715,.T.);
#1374 = FACE_BOUND('',#1375,.F.);
#1375 = EDGE_LOOP('',(#1376,#1377,#1397,#1418));
#1376 = ORIENTED_EDGE('',*,*,#699,.F.);
#1377 = ORIENTED_EDGE('',*,*,#1378,.T.);
#1378 = EDGE_CURVE('',#671,#1379,#1381,.T.);
#1379 = VERTEX_POINT('',#1380);
#1380 = CARTESIAN_POINT('',(-39.32050807568,-48.10511776651,356.));
#1381 = SURFACE_CURVE('',#1382,(#1385,#1391),.PCURVE_S1.);
#1382 = B_SPLINE_CURVE_WITH_KNOTS('',1,(#1383,#1384),.UNSPECIFIED.,.F.,
  .F.,(2,2),(0.,1.),.PIECEWISE_BEZIER_KNOTS.);
#1383 = CARTESIAN_POINT('',(-43.65063509461,-50.60511776651,277.));
#1384 = CARTESIAN_POINT('',(-39.32050807568,-48.10511776651,356.));
#1385 = PCURVE('',#715,#1386);
#1386 = DEFINITIONAL_REPRESENTATION('',(#1387),#1390);
#1387 = B_SPLINE_CURVE_WITH_KNOTS('',1,(#1388,#1389),.UNSPECIFIED.,.F.,
  .F.,(2,2),(0.,1.),.PIECEWISE_BEZIER_KNOTS.);
#1388 = CARTESIAN_POINT('',(0.,-79.15806970865));
#1389 = CARTESIAN_POINT('',(0.,0.));
#1390 = ( GEOMETRIC_REPRESENTATION_CONTEXT(2) 
PARAMETRIC_REPRESENTATION_CONTEXT() REPRESENTATION_CONTEXT('2D SPACE',''
  ) );
#1391 = PCURVE('',#687,#1392);
#1392 = DEFINITIONAL_REPRESENTATION('',(#1393),#1396);
#1393 = B_SPLINE_CURVE_WITH_KNOTS('',1,(#1394,#1395),.UNSPECIFIED.,.F.,
  .F.,(2,2),(0.,1.),.PIECEWISE_BEZIER_KNOTS.);
#1394 = CARTESIAN_POINT('',(-1.570796326795,0.));
#1395 = CARTESIAN_POINT('',(-1.570796326795,-79.));
#1396 = ( GEOMETRIC_REPRESENTATION_CONTEXT(2) 
PARAMETRIC_REPRESENTATION_CONTEXT() REPRESENTATION_CONTEXT('2D SPACE',''
  ) );
#1397 = ORIENTED_EDGE('',*,*,#1398,.T.);
#1398 = EDGE_CURVE('',#1379,#1329,#1399,.T.);
#1399 = SURFACE_CURVE('',#1400,(#1404,#1411),.PCURVE_S1.);
#1400 = LINE('',#1401,#1402);
#1401 = CARTESIAN_POINT('',(-39.32050807568,-48.10511776651,356.));
#1402 = VECTOR('',#1403,1.);
#1403 = DIRECTION('',(-0.5,0.866025403784,-0.));
#1404 = PCURVE('',#715,#1405);
#1405 = DEFINITIONAL_REPRESENTATION('',(#1406),#1410);
#1406 = LINE('',#1407,#1408);
#1407 = CARTESIAN_POINT('',(-0.,0.));
#1408 = VECTOR('',#1409,1.);
#1409 = DIRECTION('',(1.,-6.968793382906E-18));
#1410 = ( GEOMETRIC_REPRESENTATION_CONTEXT(2) 
PARAMETRIC_REPRESENTATION_CONTEXT() REPRESENTATION_CONTEXT('2D SPACE',''
  ) );
#1411 = PCURVE('',#1220,#1412);
#1412 = DEFINITIONAL_REPRESENTATION('',(#1413),#1417);
#1413 = LINE('',#1414,#1415);
#1414 = CARTESIAN_POINT('',(-4.679491924311,-48.10511776651));
#1415 = VECTOR('',#1416,1.);
#1416 = DIRECTION('',(0.5,0.866025403784));
#1417 = ( GEOMETRIC_REPRESENTATION_CONTEXT(2) 
PARAMETRIC_REPRESENTATION_CONTEXT() REPRESENTATION_CONTEXT('2D SPACE',''
  ) );
#1418 = ORIENTED_EDGE('',*,*,#1328,.F.);
#1419 = ADVANCED_FACE('',(#1420),#687,.F.);
#1420 = FACE_BOUND('',#1421,.F.);
#1421 = EDGE_LOOP('',(#1422,#1423,#1424,#1444));
#1422 = ORIENTED_EDGE('',*,*,#1378,.F.);
#1423 = ORIENTED_EDGE('',*,*,#670,.F.);
#1424 = ORIENTED_EDGE('',*,*,#1425,.T.);
#1425 = EDGE_CURVE('',#643,#1426,#1428,.T.);
#1426 = VERTEX_POINT('',#1427);
#1427 = CARTESIAN_POINT('',(-22.,-58.10511776651,356.));
#1428 = SURFACE_CURVE('',#1429,(#1432,#1438),.PCURVE_S1.);
#1429 = B_SPLINE_CURVE_WITH_KNOTS('',1,(#1430,#1431),.UNSPECIFIED.,.F.,
  .F.,(2,2),(0.,1.),.PIECEWISE_BEZIER_KNOTS.);
#1430 = CARTESIAN_POINT('',(-22.,-63.10511776651,277.));
#1431 = CARTESIAN_POINT('',(-22.,-58.10511776651,356.));
#1432 = PCURVE('',#687,#1433);
#1433 = DEFINITIONAL_REPRESENTATION('',(#1434),#1437);
#1434 = B_SPLINE_CURVE_WITH_KNOTS('',1,(#1435,#1436),.UNSPECIFIED.,.F.,
  .F.,(2,2),(0.,1.),.PIECEWISE_BEZIER_KNOTS.);
#1435 = CARTESIAN_POINT('',(-2.617993877991,0.));
#1436 = CARTESIAN_POINT('',(-2.617993877991,-79.));
#1437 = ( GEOMETRIC_REPRESENTATION_CONTEXT(2) 
PARAMETRIC_REPRESENTATION_CONTEXT() REPRESENTATION_CONTEXT('2D SPACE',''
  ) );
#1438 = PCURVE('',#658,#1439);
#1439 = DEFINITIONAL_REPRESENTATION('',(#1440),#1443);
#1440 = B_SPLINE_CURVE_WITH_KNOTS('',1,(#1441,#1442),.UNSPECIFIED.,.F.,
  .F.,(2,2),(0.,1.),.PIECEWISE_BEZIER_KNOTS.);
#1441 = CARTESIAN_POINT('',(44.,-79.15806970865));
#1442 = CARTESIAN_POINT('',(44.,0.));
#1443 = ( GEOMETRIC_REPRESENTATION_CONTEXT(2) 
PARAMETRIC_REPRESENTATION_CONTEXT() REPRESENTATION_CONTEXT('2D SPACE',''
  ) );
#1444 = ORIENTED_EDGE('',*,*,#1445,.F.);
#1445 = EDGE_CURVE('',#1379,#1426,#1446,.T.);
#1446 = SURFACE_CURVE('',#1447,(#1452,#1459),.PCURVE_S1.);
#1447 = CIRCLE('',#1448,20.);
#1448 = AXIS2_PLACEMENT_3D('',#1449,#1450,#1451);
#1449 = CARTESIAN_POINT('',(-22.,-38.10511776651,356.));
#1450 = DIRECTION('',(0.,0.,1.));
#1451 = DIRECTION('',(-0.5,0.866025403784,-0.));
#1452 = PCURVE('',#687,#1453);
#1453 = DEFINITIONAL_REPRESENTATION('',(#1454),#1458);
#1454 = LINE('',#1455,#1456);
#1455 = CARTESIAN_POINT('',(-0.,-79.));
#1456 = VECTOR('',#1457,1.);
#1457 = DIRECTION('',(-1.,-0.));
#1458 = ( GEOMETRIC_REPRESENTATION_CONTEXT(2) 
PARAMETRIC_REPRESENTATION_CONTEXT() REPRESENTATION_CONTEXT('2D SPACE',''
  ) );
#1459 = PCURVE('',#1220,#1460);
#1460 = DEFINITIONAL_REPRESENTATION('',(#1461),#1469);
#1461 = ( BOUNDED_CURVE() B_SPLINE_CURVE(2,(#1462,#1463,#1464,#1465,
#1466,#1467,#1468),.UNSPECIFIED.,.T.,.F.) B_SPLINE_CURVE_WITH_KNOTS((1,2
    ,2,2,2,1),(-2.094395102393,0.,2.094395102393,4.188790204786,
6.28318530718,8.377580409573),.UNSPECIFIED.) CURVE() 
GEOMETRIC_REPRESENTATION_ITEM() RATIONAL_B_SPLINE_CURVE((1.,0.5,1.,0.5,
1.,0.5,1.)) REPRESENTATION_ITEM('') );
#1462 = CARTESIAN_POINT('',(-12.,-20.78460969082));
#1463 = CARTESIAN_POINT('',(18.,-38.10511776651));
#1464 = CARTESIAN_POINT('',(-12.,-55.4256258422));
#1465 = CARTESIAN_POINT('',(-42.,-72.74613391789));
#1466 = CARTESIAN_POINT('',(-42.,-38.10511776651));
#1467 = CARTESIAN_POINT('',(-42.,-3.464101615138));
#1468 = CARTESIAN_POINT('',(-12.,-20.78460969082));
#1469 = ( GEOMETRIC_REPRESENTATION_CONTEXT(2) 
PARAMETRIC_REPRESENTATION_CONTEXT() REPRESENTATION_CONTEXT('2D SPACE',''
  ) );
#1470 = ADVANCED_FACE('',(#1471),#658,.T.);
#1471 = FACE_BOUND('',#1472,.F.);
#1472 = EDGE_LOOP('',(#1473,#1474,#1494,#1515));
#1473 = ORIENTED_EDGE('',*,*,#642,.F.);
#1474 = ORIENTED_EDGE('',*,*,#1475,.T.);
#1475 = EDGE_CURVE('',#614,#1476,#1478,.T.);
#1476 = VERTEX_POINT('',#1477);
#1477 = CARTESIAN_POINT('',(22.,-58.10511776651,356.));
#1478 = SURFACE_CURVE('',#1479,(#1482,#1488),.PCURVE_S1.);
#1479 = B_SPLINE_CURVE_WITH_KNOTS('',1,(#1480,#1481),.UNSPECIFIED.,.F.,
  .F.,(2,2),(0.,1.),.PIECEWISE_BEZIER_KNOTS.);
#1480 = CARTESIAN_POINT('',(22.,-63.10511776651,277.));
#1481 = CARTESIAN_POINT('',(22.,-58.10511776651,356.));
#1482 = PCURVE('',#658,#1483);
#1483 = DEFINITIONAL_REPRESENTATION('',(#1484),#1487);
#1484 = B_SPLINE_CURVE_WITH_KNOTS('',1,(#1485,#1486),.UNSPECIFIED.,.F.,
  .F.,(2,2),(0.,1.),.PIECEWISE_BEZIER_KNOTS.);
#1485 = CARTESIAN_POINT('',(0.,-79.15806970865));
#1486 = CARTESIAN_POINT('',(7.105427357601E-15,0.));
#1487 = ( GEOMETRIC_REPRESENTATION_CONTEXT(2) 
PARAMETRIC_REPRESENTATION_CONTEXT() REPRESENTATION_CONTEXT('2D SPACE',''
  ) );
#1488 = PCURVE('',#630,#1489);
#1489 = DEFINITIONAL_REPRESENTATION('',(#1490),#1493);
#1490 = B_SPLINE_CURVE_WITH_KNOTS('',1,(#1491,#1492),.UNSPECIFIED.,.F.,
  .F.,(2,2),(0.,1.),.PIECEWISE_BEZIER_KNOTS.);
#1491 = CARTESIAN_POINT('',(-1.570796326795,0.));
#1492 = CARTESIAN_POINT('',(-1.570796326795,-79.));
#1493 = ( GEOMETRIC_REPRESENTATION_CONTEXT(2) 
PARAMETRIC_REPRESENTATION_CONTEXT() REPRESENTATION_CONTEXT('2D SPACE',''
  ) );
#1494 = ORIENTED_EDGE('',*,*,#1495,.T.);
#1495 = EDGE_CURVE('',#1476,#1426,#1496,.T.);
#1496 = SURFACE_CURVE('',#1497,(#1501,#1508),.PCURVE_S1.);
#1497 = LINE('',#1498,#1499);
#1498 = CARTESIAN_POINT('',(22.,-58.10511776651,356.));
#1499 = VECTOR('',#1500,1.);
#1500 = DIRECTION('',(-1.,-0.,0.));
#1501 = PCURVE('',#658,#1502);
#1502 = DEFINITIONAL_REPRESENTATION('',(#1503),#1507);
#1503 = LINE('',#1504,#1505);
#1504 = CARTESIAN_POINT('',(-0.,0.));
#1505 = VECTOR('',#1506,1.);
#1506 = DIRECTION('',(1.,-0.));
#1507 = ( GEOMETRIC_REPRESENTATION_CONTEXT(2) 
PARAMETRIC_REPRESENTATION_CONTEXT() REPRESENTATION_CONTEXT('2D SPACE',''
  ) );
#1508 = PCURVE('',#1220,#1509);
#1509 = DEFINITIONAL_REPRESENTATION('',(#1510),#1514);
#1510 = LINE('',#1511,#1512);
#1511 = CARTESIAN_POINT('',(-66.,-58.10511776651));
#1512 = VECTOR('',#1513,1.);
#1513 = DIRECTION('',(1.,-0.));
#1514 = ( GEOMETRIC_REPRESENTATION_CONTEXT(2) 
PARAMETRIC_REPRESENTATION_CONTEXT() REPRESENTATION_CONTEXT('2D SPACE',''
  ) );
#1515 = ORIENTED_EDGE('',*,*,#1425,.F.);
#1516 = ADVANCED_FACE('',(#1517),#630,.F.);
#1517 = FACE_BOUND('',#1518,.F.);
#1518 = EDGE_LOOP('',(#1519,#1520,#1521,#1541));
#1519 = ORIENTED_EDGE('',*,*,#1475,.F.);
#1520 = ORIENTED_EDGE('',*,*,#613,.F.);
#1521 = ORIENTED_EDGE('',*,*,#1522,.T.);
#1522 = EDGE_CURVE('',#586,#1523,#1525,.T.);
#1523 = VERTEX_POINT('',#1524);
#1524 = CARTESIAN_POINT('',(39.320508075689,-48.10511776651,356.));
#1525 = SURFACE_CURVE('',#1526,(#1529,#1535),.PCURVE_S1.);
#1526 = B_SPLINE_CURVE_WITH_KNOTS('',1,(#1527,#1528),.UNSPECIFIED.,.F.,
  .F.,(2,2),(0.,1.),.PIECEWISE_BEZIER_KNOTS.);
#1527 = CARTESIAN_POINT('',(43.650635094611,-50.60511776651,277.));
#1528 = CARTESIAN_POINT('',(39.320508075689,-48.10511776651,356.));
#1529 = PCURVE('',#630,#1530);
#1530 = DEFINITIONAL_REPRESENTATION('',(#1531),#1534);
#1531 = B_SPLINE_CURVE_WITH_KNOTS('',1,(#1532,#1533),.UNSPECIFIED.,.F.,
  .F.,(2,2),(0.,1.),.PIECEWISE_BEZIER_KNOTS.);
#1532 = CARTESIAN_POINT('',(-2.617993877991,0.));
#1533 = CARTESIAN_POINT('',(-2.617993877991,-79.));
#1534 = ( GEOMETRIC_REPRESENTATION_CONTEXT(2) 
PARAMETRIC_REPRESENTATION_CONTEXT() REPRESENTATION_CONTEXT('2D SPACE',''
  ) );
#1535 = PCURVE('',#601,#1536);
#1536 = DEFINITIONAL_REPRESENTATION('',(#1537),#1540);
#1537 = B_SPLINE_CURVE_WITH_KNOTS('',1,(#1538,#1539),.UNSPECIFIED.,.F.,
  .F.,(2,2),(0.,1.),.PIECEWISE_BEZIER_KNOTS.);
#1538 = CARTESIAN_POINT('',(44.,-79.15806970865));
#1539 = CARTESIAN_POINT('',(44.,0.));
#1540 = ( GEOMETRIC_REPRESENTATION_CONTEXT(2) 
PARAMETRIC_REPRESENTATION_CONTEXT() REPRESENTATION_CONTEXT('2D SPACE',''
  ) );
#1541 = ORIENTED_EDGE('',*,*,#1542,.F.);
#1542 = EDGE_CURVE('',#1476,#1523,#1543,.T.);
#1543 = SURFACE_CURVE('',#1544,(#1549,#1556),.PCURVE_S1.);
#1544 = CIRCLE('',#1545,20.);
#1545 = AXIS2_PLACEMENT_3D('',#1546,#1547,#1548);
#1546 = CARTESIAN_POINT('',(22.,-38.10511776651,356.));
#1547 = DIRECTION('',(0.,-0.,1.));
#1548 = DIRECTION('',(-1.,-0.,0.));
#1549 = PCURVE('',#630,#1550);
#1550 = DEFINITIONAL_REPRESENTATION('',(#1551),#1555);
#1551 = LINE('',#1552,#1553);
#1552 = CARTESIAN_POINT('',(-0.,-79.));
#1553 = VECTOR('',#1554,1.);
#1554 = DIRECTION('',(-1.,-0.));
#1555 = ( GEOMETRIC_REPRESENTATION_CONTEXT(2) 
PARAMETRIC_REPRESENTATION_CONTEXT() REPRESENTATION_CONTEXT('2D SPACE',''
  ) );
#1556 = PCURVE('',#1220,#1557);
#1557 = DEFINITIONAL_REPRESENTATION('',(#1558),#1566);
#1558 = ( BOUNDED_CURVE() B_SPLINE_CURVE(2,(#1559,#1560,#1561,#1562,
#1563,#1564,#1565),.UNSPECIFIED.,.T.,.F.) B_SPLINE_CURVE_WITH_KNOTS((1,2
    ,2,2,2,1),(-2.094395102393,0.,2.094395102393,4.188790204786,
6.28318530718,8.377580409573),.UNSPECIFIED.) CURVE() 
GEOMETRIC_REPRESENTATION_ITEM() RATIONAL_B_SPLINE_CURVE((1.,0.5,1.,0.5,
1.,0.5,1.)) REPRESENTATION_ITEM('') );
#1559 = CARTESIAN_POINT('',(-46.,-38.10511776651));
#1560 = CARTESIAN_POINT('',(-46.,-72.74613391789));
#1561 = CARTESIAN_POINT('',(-76.,-55.4256258422));
#1562 = CARTESIAN_POINT('',(-106.,-38.10511776651));
#1563 = CARTESIAN_POINT('',(-76.,-20.78460969082));
#1564 = CARTESIAN_POINT('',(-46.,-3.464101615138));
#1565 = CARTESIAN_POINT('',(-46.,-38.10511776651));
#1566 = ( GEOMETRIC_REPRESENTATION_CONTEXT(2) 
PARAMETRIC_REPRESENTATION_CONTEXT() REPRESENTATION_CONTEXT('2D SPACE',''
  ) );
#1567 = ADVANCED_FACE('',(#1568),#601,.T.);
#1568 = FACE_BOUND('',#1569,.F.);
#1569 = EDGE_LOOP('',(#1570,#1571,#1591,#1612));
#1570 = ORIENTED_EDGE('',*,*,#585,.F.);
#1571 = ORIENTED_EDGE('',*,*,#1572,.T.);
#1572 = EDGE_CURVE('',#557,#1573,#1575,.T.);
#1573 = VERTEX_POINT('',#1574);
#1574 = CARTESIAN_POINT('',(61.320508075689,-10.,356.));
#1575 = SURFACE_CURVE('',#1576,(#1579,#1585),.PCURVE_S1.);
#1576 = B_SPLINE_CURVE_WITH_KNOTS('',1,(#1577,#1578),.UNSPECIFIED.,.F.,
  .F.,(2,2),(0.,1.),.PIECEWISE_BEZIER_KNOTS.);
#1577 = CARTESIAN_POINT('',(65.650635094611,-12.5,277.));
#1578 = CARTESIAN_POINT('',(61.320508075689,-10.,356.));
#1579 = PCURVE('',#601,#1580);
#1580 = DEFINITIONAL_REPRESENTATION('',(#1581),#1584);
#1581 = B_SPLINE_CURVE_WITH_KNOTS('',1,(#1582,#1583),.UNSPECIFIED.,.F.,
  .F.,(2,2),(0.,1.),.PIECEWISE_BEZIER_KNOTS.);
#1582 = CARTESIAN_POINT('',(0.,-79.15806970865));
#1583 = CARTESIAN_POINT('',(0.,0.));
#1584 = ( GEOMETRIC_REPRESENTATION_CONTEXT(2) 
PARAMETRIC_REPRESENTATION_CONTEXT() REPRESENTATION_CONTEXT('2D SPACE',''
  ) );
#1585 = PCURVE('',#573,#1586);
#1586 = DEFINITIONAL_REPRESENTATION('',(#1587),#1590);
#1587 = B_SPLINE_CURVE_WITH_KNOTS('',1,(#1588,#1589),.UNSPECIFIED.,.F.,
  .F.,(2,2),(0.,1.),.PIECEWISE_BEZIER_KNOTS.);
#1588 = CARTESIAN_POINT('',(-1.570796326795,0.));
#1589 = CARTESIAN_POINT('',(-1.570796326795,-79.));
#1590 = ( GEOMETRIC_REPRESENTATION_CONTEXT(2) 
PARAMETRIC_REPRESENTATION_CONTEXT() REPRESENTATION_CONTEXT('2D SPACE',''
  ) );
#1591 = ORIENTED_EDGE('',*,*,#1592,.T.);
#1592 = EDGE_CURVE('',#1573,#1523,#1593,.T.);
#1593 = SURFACE_CURVE('',#1594,(#1598,#1605),.PCURVE_S1.);
#1594 = LINE('',#1595,#1596);
#1595 = CARTESIAN_POINT('',(61.320508075689,-10.,356.));
#1596 = VECTOR('',#1597,1.);
#1597 = DIRECTION('',(-0.5,-0.866025403784,0.));
#1598 = PCURVE('',#601,#1599);
#1599 = DEFINITIONAL_REPRESENTATION('',(#1600),#1604);
#1600 = LINE('',#1601,#1602);
#1601 = CARTESIAN_POINT('',(-0.,0.));
#1602 = VECTOR('',#1603,1.);
#1603 = DIRECTION('',(1.,3.499346430952E-18));
#1604 = ( GEOMETRIC_REPRESENTATION_CONTEXT(2) 
PARAMETRIC_REPRESENTATION_CONTEXT() REPRESENTATION_CONTEXT('2D SPACE',''
  ) );
#1605 = PCURVE('',#1220,#1606);
#1606 = DEFINITIONAL_REPRESENTATION('',(#1607),#1611);
#1607 = LINE('',#1608,#1609);
#1608 = CARTESIAN_POINT('',(-105.3205080756,-10.));
#1609 = VECTOR('',#1610,1.);
#1610 = DIRECTION('',(0.5,-0.866025403784));
#1611 = ( GEOMETRIC_REPRESENTATION_CONTEXT(2) 
PARAMETRIC_REPRESENTATION_CONTEXT() REPRESENTATION_CONTEXT('2D SPACE',''
  ) );
#1612 = ORIENTED_EDGE('',*,*,#1522,.F.);
#1613 = ADVANCED_FACE('',(#1614),#573,.F.);
#1614 = FACE_BOUND('',#1615,.F.);
#1615 = EDGE_LOOP('',(#1616,#1617,#1618,#1619));
#1616 = ORIENTED_EDGE('',*,*,#1572,.F.);
#1617 = ORIENTED_EDGE('',*,*,#556,.F.);
#1618 = ORIENTED_EDGE('',*,*,#1232,.T.);
#1619 = ORIENTED_EDGE('',*,*,#1620,.F.);
#1620 = EDGE_CURVE('',#1573,#1205,#1621,.T.);
#1621 = SURFACE_CURVE('',#1622,(#1627,#1634),.PCURVE_S1.);
#1622 = CIRCLE('',#1623,20.);
#1623 = AXIS2_PLACEMENT_3D('',#1624,#1625,#1626);
#1624 = CARTESIAN_POINT('',(44.,0.,356.));
#1625 = DIRECTION('',(0.,0.,1.));
#1626 = DIRECTION('',(-0.5,-0.866025403784,0.));
#1627 = PCURVE('',#573,#1628);
#1628 = DEFINITIONAL_REPRESENTATION('',(#1629),#1633);
#1629 = LINE('',#1630,#1631);
#1630 = CARTESIAN_POINT('',(-0.,-79.));
#1631 = VECTOR('',#1632,1.);
#1632 = DIRECTION('',(-1.,-0.));
#1633 = ( GEOMETRIC_REPRESENTATION_CONTEXT(2) 
PARAMETRIC_REPRESENTATION_CONTEXT() REPRESENTATION_CONTEXT('2D SPACE',''
  ) );
#1634 = PCURVE('',#1220,#1635);
#1635 = DEFINITIONAL_REPRESENTATION('',(#1636),#1644);
#1636 = ( BOUNDED_CURVE() B_SPLINE_CURVE(2,(#1637,#1638,#1639,#1640,
#1641,#1642,#1643),.UNSPECIFIED.,.T.,.F.) B_SPLINE_CURVE_WITH_KNOTS((1,2
    ,2,2,2,1),(-2.094395102393,0.,2.094395102393,4.188790204786,
6.28318530718,8.377580409573),.UNSPECIFIED.) CURVE() 
GEOMETRIC_REPRESENTATION_ITEM() RATIONAL_B_SPLINE_CURVE((1.,0.5,1.,0.5,
1.,0.5,1.)) REPRESENTATION_ITEM('') );
#1637 = CARTESIAN_POINT('',(-78.,-17.32050807568));
#1638 = CARTESIAN_POINT('',(-108.,-34.64101615137));
#1639 = CARTESIAN_POINT('',(-108.,-5.329070518201E-15));
#1640 = CARTESIAN_POINT('',(-108.,34.641016151378));
#1641 = CARTESIAN_POINT('',(-78.,17.320508075689));
#1642 = CARTESIAN_POINT('',(-48.,3.552713678801E-14));
#1643 = CARTESIAN_POINT('',(-78.,-17.32050807568));
#1644 = ( GEOMETRIC_REPRESENTATION_CONTEXT(2) 
PARAMETRIC_REPRESENTATION_CONTEXT() REPRESENTATION_CONTEXT('2D SPACE',''
  ) );
#1645 = ADVANCED_FACE('',(#1646),#516,.T.);
#1646 = FACE_BOUND('',#1647,.F.);
#1647 = EDGE_LOOP('',(#1648,#1678,#1698,#1719,#1720,#1748));
#1648 = ORIENTED_EDGE('',*,*,#1649,.T.);
#1649 = EDGE_CURVE('',#1650,#1652,#1654,.T.);
#1650 = VERTEX_POINT('',#1651);
#1651 = CARTESIAN_POINT('',(16.,36.,252.));
#1652 = VERTEX_POINT('',#1653);
#1653 = CARTESIAN_POINT('',(16.,22.,252.));
#1654 = SURFACE_CURVE('',#1655,(#1659,#1666),.PCURVE_S1.);
#1655 = LINE('',#1656,#1657);
#1656 = CARTESIAN_POINT('',(16.,36.,252.));
#1657 = VECTOR('',#1658,1.);
#1658 = DIRECTION('',(-0.,-1.,-0.));
#1659 = PCURVE('',#516,#1660);
#1660 = DEFINITIONAL_REPRESENTATION('',(#1661),#1665);
#1661 = LINE('',#1662,#1663);
#1662 = CARTESIAN_POINT('',(-0.,-26.68332812825));
#1663 = VECTOR('',#1664,1.);
#1664 = DIRECTION('',(-1.,0.));
#1665 = ( GEOMETRIC_REPRESENTATION_CONTEXT(2) 
PARAMETRIC_REPRESENTATION_CONTEXT() REPRESENTATION_CONTEXT('2D SPACE',''
  ) );
#1666 = PCURVE('',#1667,#1672);
#1667 = PLANE('',#1668);
#1668 = AXIS2_PLACEMENT_3D('',#1669,#1670,#1671);
#1669 = CARTESIAN_POINT('',(16.,36.,252.));
#1670 = DIRECTION('',(1.,-0.,-0.));
#1671 = DIRECTION('',(0.,1.,-0.));
#1672 = DEFINITIONAL_REPRESENTATION('',(#1673),#1677);
#1673 = LINE('',#1674,#1675);
#1674 = CARTESIAN_POINT('',(-0.,0.));
#1675 = VECTOR('',#1676,1.);
#1676 = DIRECTION('',(-1.,0.));
#1677 = ( GEOMETRIC_REPRESENTATION_CONTEXT(2) 
PARAMETRIC_REPRESENTATION_CONTEXT() REPRESENTATION_CONTEXT('2D SPACE',''
  ) );
#1678 = ORIENTED_EDGE('',*,*,#1679,.T.);
#1679 = EDGE_CURVE('',#1652,#1680,#1682,.T.);
#1680 = VERTEX_POINT('',#1681);
#1681 = CARTESIAN_POINT('',(22.,22.,278.));
#1682 = SURFACE_CURVE('',#1683,(#1686,#1692),.PCURVE_S1.);
#1683 = B_SPLINE_CURVE_WITH_KNOTS('',1,(#1684,#1685),.UNSPECIFIED.,.F.,
  .F.,(2,2),(0.,1.),.PIECEWISE_BEZIER_KNOTS.);
#1684 = CARTESIAN_POINT('',(16.,22.,252.));
#1685 = CARTESIAN_POINT('',(22.,22.,278.));
#1686 = PCURVE('',#516,#1687);
#1687 = DEFINITIONAL_REPRESENTATION('',(#1688),#1691);
#1688 = B_SPLINE_CURVE_WITH_KNOTS('',1,(#1689,#1690),.UNSPECIFIED.,.F.,
  .F.,(2,2),(0.,1.),.PIECEWISE_BEZIER_KNOTS.);
#1689 = CARTESIAN_POINT('',(-14.,-26.68332812825));
#1690 = CARTESIAN_POINT('',(-14.,0.));
#1691 = ( GEOMETRIC_REPRESENTATION_CONTEXT(2) 
PARAMETRIC_REPRESENTATION_CONTEXT() REPRESENTATION_CONTEXT('2D SPACE',''
  ) );
#1692 = PCURVE('',#1169,#1693);
#1693 = DEFINITIONAL_REPRESENTATION('',(#1694),#1697);
#1694 = B_SPLINE_CURVE_WITH_KNOTS('',1,(#1695,#1696),.UNSPECIFIED.,.F.,
  .F.,(2,2),(0.,1.),.PIECEWISE_BEZIER_KNOTS.);
#1695 = CARTESIAN_POINT('',(16.,-13.));
#1696 = CARTESIAN_POINT('',(22.,13.));
#1697 = ( GEOMETRIC_REPRESENTATION_CONTEXT(2) 
PARAMETRIC_REPRESENTATION_CONTEXT() REPRESENTATION_CONTEXT('2D SPACE',''
  ) );
#1698 = ORIENTED_EDGE('',*,*,#1699,.F.);
#1699 = EDGE_CURVE('',#501,#1680,#1700,.T.);
#1700 = SURFACE_CURVE('',#1701,(#1705,#1712),.PCURVE_S1.);
#1701 = LINE('',#1702,#1703);
#1702 = CARTESIAN_POINT('',(22.,36.,278.));
#1703 = VECTOR('',#1704,1.);
#1704 = DIRECTION('',(-0.,-1.,-0.));
#1705 = PCURVE('',#516,#1706);
#1706 = DEFINITIONAL_REPRESENTATION('',(#1707),#1711);
#1707 = LINE('',#1708,#1709);
#1708 = CARTESIAN_POINT('',(0.,-0.));
#1709 = VECTOR('',#1710,1.);
#1710 = DIRECTION('',(-1.,0.));
#1711 = ( GEOMETRIC_REPRESENTATION_CONTEXT(2) 
PARAMETRIC_REPRESENTATION_CONTEXT() REPRESENTATION_CONTEXT('2D SPACE',''
  ) );
#1712 = PCURVE('',#1267,#1713);
#1713 = DEFINITIONAL_REPRESENTATION('',(#1714),#1718);
#1714 = LINE('',#1715,#1716);
#1715 = CARTESIAN_POINT('',(-0.,-68.));
#1716 = VECTOR('',#1717,1.);
#1717 = DIRECTION('',(-1.,0.));
#1718 = ( GEOMETRIC_REPRESENTATION_CONTEXT(2) 
PARAMETRIC_REPRESENTATION_CONTEXT() REPRESENTATION_CONTEXT('2D SPACE',''
  ) );
#1719 = ORIENTED_EDGE('',*,*,#500,.F.);
#1720 = ORIENTED_EDGE('',*,*,#1721,.F.);
#1721 = EDGE_CURVE('',#1722,#473,#1724,.T.);
#1722 = VERTEX_POINT('',#1723);
#1723 = CARTESIAN_POINT('',(22.,36.,278.));
#1724 = SURFACE_CURVE('',#1725,(#1729,#1736),.PCURVE_S1.);
#1725 = LINE('',#1726,#1727);
#1726 = CARTESIAN_POINT('',(22.,36.,278.));
#1727 = VECTOR('',#1728,1.);
#1728 = DIRECTION('',(-0.,-1.,-0.));
#1729 = PCURVE('',#516,#1730);
#1730 = DEFINITIONAL_REPRESENTATION('',(#1731),#1735);
#1731 = LINE('',#1732,#1733);
#1732 = CARTESIAN_POINT('',(0.,-0.));
#1733 = VECTOR('',#1734,1.);
#1734 = DIRECTION('',(-1.,0.));
#1735 = ( GEOMETRIC_REPRESENTATION_CONTEXT(2) 
PARAMETRIC_REPRESENTATION_CONTEXT() REPRESENTATION_CONTEXT('2D SPACE',''
  ) );
#1736 = PCURVE('',#1737,#1742);
#1737 = PLANE('',#1738);
#1738 = AXIS2_PLACEMENT_3D('',#1739,#1740,#1741);
#1739 = CARTESIAN_POINT('',(22.,36.,346.));
#1740 = DIRECTION('',(1.,-0.,-0.));
#1741 = DIRECTION('',(0.,1.,-0.));
#1742 = DEFINITIONAL_REPRESENTATION('',(#1743),#1747);
#1743 = LINE('',#1744,#1745);
#1744 = CARTESIAN_POINT('',(-0.,-68.));
#1745 = VECTOR('',#1746,1.);
#1746 = DIRECTION('',(-1.,0.));
#1747 = ( GEOMETRIC_REPRESENTATION_CONTEXT(2) 
PARAMETRIC_REPRESENTATION_CONTEXT() REPRESENTATION_CONTEXT('2D SPACE',''
  ) );
#1748 = ORIENTED_EDGE('',*,*,#1749,.F.);
#1749 = EDGE_CURVE('',#1650,#1722,#1750,.T.);
#1750 = SURFACE_CURVE('',#1751,(#1754,#1760),.PCURVE_S1.);
#1751 = B_SPLINE_CURVE_WITH_KNOTS('',1,(#1752,#1753),.UNSPECIFIED.,.F.,
  .F.,(2,2),(0.,1.),.PIECEWISE_BEZIER_KNOTS.);
#1752 = CARTESIAN_POINT('',(16.,36.,252.));
#1753 = CARTESIAN_POINT('',(22.,36.,278.));
#1754 = PCURVE('',#516,#1755);
#1755 = DEFINITIONAL_REPRESENTATION('',(#1756),#1759);
#1756 = B_SPLINE_CURVE_WITH_KNOTS('',1,(#1757,#1758),.UNSPECIFIED.,.F.,
  .F.,(2,2),(0.,1.),.PIECEWISE_BEZIER_KNOTS.);
#1757 = CARTESIAN_POINT('',(0.,-26.68332812825));
#1758 = CARTESIAN_POINT('',(0.,0.));
#1759 = ( GEOMETRIC_REPRESENTATION_CONTEXT(2) 
PARAMETRIC_REPRESENTATION_CONTEXT() REPRESENTATION_CONTEXT('2D SPACE',''
  ) );
#1760 = PCURVE('',#846,#1761);
#1761 = DEFINITIONAL_REPRESENTATION('',(#1762),#1765);
#1762 = B_SPLINE_CURVE_WITH_KNOTS('',1,(#1763,#1764),.UNSPECIFIED.,.F.,
  .F.,(2,2),(0.,1.),.PIECEWISE_BEZIER_KNOTS.);
#1763 = CARTESIAN_POINT('',(-38.,-94.));
#1764 = CARTESIAN_POINT('',(-44.,-68.));
#1765 = ( GEOMETRIC_REPRESENTATION_CONTEXT(2) 
PARAMETRIC_REPRESENTATION_CONTEXT() REPRESENTATION_CONTEXT('2D SPACE',''
  ) );
#1766 = ADVANCED_FACE('',(#1767),#488,.F.);
#1767 = FACE_BOUND('',#1768,.T.);
#1768 = EDGE_LOOP('',(#1769,#1770,#1793,#1897,#1925));
#1769 = ORIENTED_EDGE('',*,*,#472,.F.);
#1770 = ORIENTED_EDGE('',*,*,#1771,.F.);
#1771 = EDGE_CURVE('',#1772,#473,#1774,.T.);
#1772 = VERTEX_POINT('',#1773);
#1773 = CARTESIAN_POINT('',(22.,23.696202531646,346.));
#1774 = SURFACE_CURVE('',#1775,(#1779,#1786),.PCURVE_S1.);
#1775 = LINE('',#1776,#1777);
#1776 = CARTESIAN_POINT('',(22.,23.372646026173,351.11219278646));
#1777 = VECTOR('',#1778,1.);
#1778 = DIRECTION('',(-0.,6.316475399669E-02,-0.998003113148));
#1779 = PCURVE('',#488,#1780);
#1780 = DEFINITIONAL_REPRESENTATION('',(#1781),#1785);
#1781 = LINE('',#1782,#1783);
#1782 = CARTESIAN_POINT('',(66.,-5.899588023291));
#1783 = VECTOR('',#1784,1.);
#1784 = DIRECTION('',(-0.,-1.));
#1785 = ( GEOMETRIC_REPRESENTATION_CONTEXT(2) 
PARAMETRIC_REPRESENTATION_CONTEXT() REPRESENTATION_CONTEXT('2D SPACE',''
  ) );
#1786 = PCURVE('',#1737,#1787);
#1787 = DEFINITIONAL_REPRESENTATION('',(#1788),#1792);
#1788 = LINE('',#1789,#1790);
#1789 = CARTESIAN_POINT('',(-12.62735397382,5.112192786467));
#1790 = VECTOR('',#1791,1.);
#1791 = DIRECTION('',(6.316475399669E-02,-0.998003113148));
#1792 = ( GEOMETRIC_REPRESENTATION_CONTEXT(2) 
PARAMETRIC_REPRESENTATION_CONTEXT() REPRESENTATION_CONTEXT('2D SPACE',''
  ) );
#1793 = ORIENTED_EDGE('',*,*,#1794,.T.);
#1794 = EDGE_CURVE('',#1772,#1795,#1797,.T.);
#1795 = VERTEX_POINT('',#1796);
#1796 = CARTESIAN_POINT('',(22.,23.,357.));
#1797 = SURFACE_CURVE('',#1798,(#1829,#1863),.PCURVE_S1.);
#1798 = B_SPLINE_CURVE_WITH_KNOTS('',8,(#1799,#1800,#1801,#1802,#1803,
    #1804,#1805,#1806,#1807,#1808,#1809,#1810,#1811,#1812,#1813,#1814,
    #1815,#1816,#1817,#1818,#1819,#1820,#1821,#1822,#1823,#1824,#1825,
    #1826,#1827,#1828),.UNSPECIFIED.,.F.,.F.,(9,7,7,7,9),(0.,
    0.463455225458,0.586100963916,0.791769387171,1.),.UNSPECIFIED.);
#1799 = CARTESIAN_POINT('',(22.,23.696202531646,346.));
#1800 = CARTESIAN_POINT('',(22.,23.649133026912,346.74369817479));
#1801 = CARTESIAN_POINT('',(22.,23.602257257966,347.48433532413));
#1802 = CARTESIAN_POINT('',(22.,23.555574829559,348.22191769296));
#1803 = CARTESIAN_POINT('',(22.,23.509137295277,348.95563073461));
#1804 = CARTESIAN_POINT('',(22.,23.463051277935,349.68378980862));
#1805 = CARTESIAN_POINT('',(22.,23.417480209347,350.40381269231));
#1806 = CARTESIAN_POINT('',(22.,23.372650639987,351.11211988821));
#1807 = CARTESIAN_POINT('',(22.,23.31725172308,351.98742277534));
#1808 = CARTESIAN_POINT('',(22.,23.305733742829,352.16940686329));
#1809 = CARTESIAN_POINT('',(22.,23.29429670685,352.35011203176));
#1810 = CARTESIAN_POINT('',(22.,23.282947628164,352.529427475));
#1811 = CARTESIAN_POINT('',(22.,23.271694135967,352.70723265171));
#1812 = CARTESIAN_POINT('',(22.,23.260544391296,352.88339861751));
#1813 = CARTESIAN_POINT('',(22.,23.249507002694,353.05778935743));
#1814 = CARTESIAN_POINT('',(22.,23.220285462654,353.51948969006));
#1815 = CARTESIAN_POINT('',(22.,23.20231818397,353.80337269327));
#1816 = CARTESIAN_POINT('',(22.,23.184735422596,354.08118032298));
#1817 = CARTESIAN_POINT('',(22.,23.167584221222,354.35216930469));
#1818 = CARTESIAN_POINT('',(22.,23.150910091692,354.61562055126));
#1819 = CARTESIAN_POINT('',(22.,23.134754981692,354.87087128926));
#1820 = CARTESIAN_POINT('',(22.,23.119155464911,355.1173436544));
#1821 = CARTESIAN_POINT('',(22.,23.088939798135,355.59475118946));
#1822 = CARTESIAN_POINT('',(22.,23.074334464027,355.82551546837));
#1823 = CARTESIAN_POINT('',(22.,23.060356683981,356.0463643931));
#1824 = CARTESIAN_POINT('',(22.,23.04702190243,356.2570539416));
#1825 = CARTESIAN_POINT('',(22.,23.034331897007,356.45755602729));
#1826 = CARTESIAN_POINT('',(22.,23.022277408223,356.64801695006));
#1827 = CARTESIAN_POINT('',(22.,23.010840978426,356.82871254087));
#1828 = CARTESIAN_POINT('',(22.,23.,357.));
#1829 = PCURVE('',#488,#1830);
#1830 = DEFINITIONAL_REPRESENTATION('',(#1831),#1862);
#1831 = B_SPLINE_CURVE_WITH_KNOTS('',8,(#1832,#1833,#1834,#1835,#1836,
    #1837,#1838,#1839,#1840,#1841,#1842,#1843,#1844,#1845,#1846,#1847,
    #1848,#1849,#1850,#1851,#1852,#1853,#1854,#1855,#1856,#1857,#1858,
    #1859,#1860,#1861),.UNSPECIFIED.,.F.,.F.,(9,7,7,7,9),(0.,
    0.463455225458,0.586100963916,0.791769387171,1.),.UNSPECIFIED.);
#1832 = CARTESIAN_POINT('',(66.,-11.02200970626));
#1833 = CARTESIAN_POINT('',(66.,-10.27682347889));
#1834 = CARTESIAN_POINT('',(66.,-9.534704401729));
#1835 = CARTESIAN_POINT('',(66.,-8.795646217321));
#1836 = CARTESIAN_POINT('',(66.,-8.060465102166));
#1837 = CARTESIAN_POINT('',(66.,-7.330849067497));
#1838 = CARTESIAN_POINT('',(66.,-6.609385502697));
#1839 = CARTESIAN_POINT('',(66.,-5.899661067407));
#1840 = CARTESIAN_POINT('',(66.,-5.022606802147));
#1841 = CARTESIAN_POINT('',(66.,-4.840258585432));
#1842 = CARTESIAN_POINT('',(66.,-4.659191847179));
#1843 = CARTESIAN_POINT('',(66.,-4.479517614828));
#1844 = CARTESIAN_POINT('',(66.,-4.301356670869));
#1845 = CARTESIAN_POINT('',(66.,-4.124838217686));
#1846 = CARTESIAN_POINT('',(66.,-3.950098542407));
#1847 = CARTESIAN_POINT('',(66.,-3.487474401717));
#1848 = CARTESIAN_POINT('',(66.,-3.203023382009));
#1849 = CARTESIAN_POINT('',(66.,-2.924659891898));
#1850 = CARTESIAN_POINT('',(66.,-2.653128693113));
#1851 = CARTESIAN_POINT('',(66.,-2.389150311577));
#1852 = CARTESIAN_POINT('',(66.,-2.133388846879));
#1853 = CARTESIAN_POINT('',(66.,-1.88642331952));
#1854 = CARTESIAN_POINT('',(66.,-1.408060548132));
#1855 = CARTESIAN_POINT('',(66.,-1.176834537035));
#1856 = CARTESIAN_POINT('',(66.,-0.955543719587));
#1857 = CARTESIAN_POINT('',(66.,-0.744432606082));
#1858 = CARTESIAN_POINT('',(66.,-0.543529339295));
#1859 = CARTESIAN_POINT('',(66.,-0.352687326617));
#1860 = CARTESIAN_POINT('',(66.,-0.171630185185));
#1861 = CARTESIAN_POINT('',(66.,0.));
#1862 = ( GEOMETRIC_REPRESENTATION_CONTEXT(2) 
PARAMETRIC_REPRESENTATION_CONTEXT() REPRESENTATION_CONTEXT('2D SPACE',''
  ) );
#1863 = PCURVE('',#1737,#1864);
#1864 = DEFINITIONAL_REPRESENTATION('',(#1865),#1896);
#1865 = B_SPLINE_CURVE_WITH_KNOTS('',8,(#1866,#1867,#1868,#1869,#1870,
    #1871,#1872,#1873,#1874,#1875,#1876,#1877,#1878,#1879,#1880,#1881,
    #1882,#1883,#1884,#1885,#1886,#1887,#1888,#1889,#1890,#1891,#1892,
    #1893,#1894,#1895),.UNSPECIFIED.,.F.,.F.,(9,7,7,7,9),(0.,
    0.463455225458,0.586100963916,0.791769387171,1.),.UNSPECIFIED.);
#1866 = CARTESIAN_POINT('',(-12.30379746835,5.684341886081E-14));
#1867 = CARTESIAN_POINT('',(-12.35086697308,0.743698174798));
#1868 = CARTESIAN_POINT('',(-12.39774274203,1.484335324131));
#1869 = CARTESIAN_POINT('',(-12.44442517044,2.221917692967));
#1870 = CARTESIAN_POINT('',(-12.49086270472,2.955630734619));
#1871 = CARTESIAN_POINT('',(-12.53694872206,3.683789808622));
#1872 = CARTESIAN_POINT('',(-12.58251979065,4.403812692315));
#1873 = CARTESIAN_POINT('',(-12.62734936001,5.112119888212));
#1874 = CARTESIAN_POINT('',(-12.68274827692,5.987422775341));
#1875 = CARTESIAN_POINT('',(-12.69426625717,6.169406863299));
#1876 = CARTESIAN_POINT('',(-12.70570329315,6.350112031763));
#1877 = CARTESIAN_POINT('',(-12.71705237183,6.529427475001));
#1878 = CARTESIAN_POINT('',(-12.72830586403,6.707232651714));
#1879 = CARTESIAN_POINT('',(-12.7394556087,6.883398617519));
#1880 = CARTESIAN_POINT('',(-12.7504929973,7.057789357438));
#1881 = CARTESIAN_POINT('',(-12.77971453734,7.519489690064));
#1882 = CARTESIAN_POINT('',(-12.79768181603,7.80337269327));
#1883 = CARTESIAN_POINT('',(-12.8152645774,8.081180322988));
#1884 = CARTESIAN_POINT('',(-12.83241577877,8.352169304692));
#1885 = CARTESIAN_POINT('',(-12.8490899083,8.615620551269));
#1886 = CARTESIAN_POINT('',(-12.8652450183,8.87087128926));
#1887 = CARTESIAN_POINT('',(-12.88084453508,9.117343654405));
#1888 = CARTESIAN_POINT('',(-12.91106020186,9.594751189464));
#1889 = CARTESIAN_POINT('',(-12.92566553597,9.825515468379));
#1890 = CARTESIAN_POINT('',(-12.93964331601,10.046364393104));
#1891 = CARTESIAN_POINT('',(-12.95297809757,10.257053941601));
#1892 = CARTESIAN_POINT('',(-12.96566810299,10.457556027297));
#1893 = CARTESIAN_POINT('',(-12.97772259177,10.648016950069));
#1894 = CARTESIAN_POINT('',(-12.98915902157,10.828712540875));
#1895 = CARTESIAN_POINT('',(-13.,11.));
#1896 = ( GEOMETRIC_REPRESENTATION_CONTEXT(2) 
PARAMETRIC_REPRESENTATION_CONTEXT() REPRESENTATION_CONTEXT('2D SPACE',''
  ) );
#1897 = ORIENTED_EDGE('',*,*,#1898,.T.);
#1898 = EDGE_CURVE('',#1795,#1899,#1901,.T.);
#1899 = VERTEX_POINT('',#1900);
#1900 = CARTESIAN_POINT('',(44.,23.,357.));
#1901 = SURFACE_CURVE('',#1902,(#1906,#1913),.PCURVE_S1.);
#1902 = LINE('',#1903,#1904);
#1903 = CARTESIAN_POINT('',(-44.,23.,357.));
#1904 = VECTOR('',#1905,1.);
#1905 = DIRECTION('',(1.,-0.,-0.));
#1906 = PCURVE('',#488,#1907);
#1907 = DEFINITIONAL_REPRESENTATION('',(#1908),#1912);
#1908 = LINE('',#1909,#1910);
#1909 = CARTESIAN_POINT('',(0.,-0.));
#1910 = VECTOR('',#1911,1.);
#1911 = DIRECTION('',(1.,-0.));
#1912 = ( GEOMETRIC_REPRESENTATION_CONTEXT(2) 
PARAMETRIC_REPRESENTATION_CONTEXT() REPRESENTATION_CONTEXT('2D SPACE',''
  ) );
#1913 = PCURVE('',#1914,#1919);
#1914 = PLANE('',#1915);
#1915 = AXIS2_PLACEMENT_3D('',#1916,#1917,#1918);
#1916 = CARTESIAN_POINT('',(-44.,22.,360.));
#1917 = DIRECTION('',(0.,-0.948683298051,-0.316227766017));
#1918 = DIRECTION('',(1.,0.,0.));
#1919 = DEFINITIONAL_REPRESENTATION('',(#1920),#1924);
#1920 = LINE('',#1921,#1922);
#1921 = CARTESIAN_POINT('',(-0.,-3.162277660168));
#1922 = VECTOR('',#1923,1.);
#1923 = DIRECTION('',(1.,-0.));
#1924 = ( GEOMETRIC_REPRESENTATION_CONTEXT(2) 
PARAMETRIC_REPRESENTATION_CONTEXT() REPRESENTATION_CONTEXT('2D SPACE',''
  ) );
#1925 = ORIENTED_EDGE('',*,*,#1926,.F.);
#1926 = EDGE_CURVE('',#440,#1899,#1927,.T.);
#1927 = SURFACE_CURVE('',#1928,(#1931,#1937),.PCURVE_S1.);
#1928 = B_SPLINE_CURVE_WITH_KNOTS('',1,(#1929,#1930),.UNSPECIFIED.,.F.,
  .F.,(2,2),(0.,1.),.PIECEWISE_BEZIER_KNOTS.);
#1929 = CARTESIAN_POINT('',(44.,28.,278.));
#1930 = CARTESIAN_POINT('',(44.,23.,357.));
#1931 = PCURVE('',#488,#1932);
#1932 = DEFINITIONAL_REPRESENTATION('',(#1933),#1936);
#1933 = B_SPLINE_CURVE_WITH_KNOTS('',1,(#1934,#1935),.UNSPECIFIED.,.F.,
  .F.,(2,2),(0.,1.),.PIECEWISE_BEZIER_KNOTS.);
#1934 = CARTESIAN_POINT('',(88.,-79.15806970865));
#1935 = CARTESIAN_POINT('',(88.,0.));
#1936 = ( GEOMETRIC_REPRESENTATION_CONTEXT(2) 
PARAMETRIC_REPRESENTATION_CONTEXT() REPRESENTATION_CONTEXT('2D SPACE',''
  ) );
#1937 = PCURVE('',#460,#1938);
#1938 = DEFINITIONAL_REPRESENTATION('',(#1939),#1942);
#1939 = B_SPLINE_CURVE_WITH_KNOTS('',1,(#1940,#1941),.UNSPECIFIED.,.F.,
  .F.,(2,2),(0.,1.),.PIECEWISE_BEZIER_KNOTS.);
#1940 = CARTESIAN_POINT('',(-3.665191429188,0.));
#1941 = CARTESIAN_POINT('',(-3.665191429188,-79.));
#1942 = ( GEOMETRIC_REPRESENTATION_CONTEXT(2) 
PARAMETRIC_REPRESENTATION_CONTEXT() REPRESENTATION_CONTEXT('2D SPACE',''
  ) );
#1943 = ADVANCED_FACE('',(#1944),#460,.T.);
#1944 = FACE_BOUND('',#1945,.T.);
#1945 = EDGE_LOOP('',(#1946,#1947,#1948,#1977));
#1946 = ORIENTED_EDGE('',*,*,#439,.T.);
#1947 = ORIENTED_EDGE('',*,*,#1926,.T.);
#1948 = ORIENTED_EDGE('',*,*,#1949,.F.);
#1949 = EDGE_CURVE('',#1950,#1899,#1952,.T.);
#1950 = VERTEX_POINT('',#1951);
#1951 = CARTESIAN_POINT('',(63.918584287042,-11.5,357.));
#1952 = SURFACE_CURVE('',#1953,(#1958,#1965),.PCURVE_S1.);
#1953 = CIRCLE('',#1954,23.);
#1954 = AXIS2_PLACEMENT_3D('',#1955,#1956,#1957);
#1955 = CARTESIAN_POINT('',(44.,0.,357.));
#1956 = DIRECTION('',(0.,0.,1.));
#1957 = DIRECTION('',(-0.5,-0.866025403784,0.));
#1958 = PCURVE('',#460,#1959);
#1959 = DEFINITIONAL_REPRESENTATION('',(#1960),#1964);
#1960 = LINE('',#1961,#1962);
#1961 = CARTESIAN_POINT('',(-0.,-79.));
#1962 = VECTOR('',#1963,1.);
#1963 = DIRECTION('',(-1.,-0.));
#1964 = ( GEOMETRIC_REPRESENTATION_CONTEXT(2) 
PARAMETRIC_REPRESENTATION_CONTEXT() REPRESENTATION_CONTEXT('2D SPACE',''
  ) );
#1965 = PCURVE('',#1966,#1971);
#1966 = CONICAL_SURFACE('',#1967,23.,0.321750554397);
#1967 = AXIS2_PLACEMENT_3D('',#1968,#1969,#1970);
#1968 = CARTESIAN_POINT('',(44.,0.,357.));
#1969 = DIRECTION('',(0.,0.,-1.));
#1970 = DIRECTION('',(-0.5,-0.866025403784,0.));
#1971 = DEFINITIONAL_REPRESENTATION('',(#1972),#1976);
#1972 = LINE('',#1973,#1974);
#1973 = CARTESIAN_POINT('',(-0.,-0.));
#1974 = VECTOR('',#1975,1.);
#1975 = DIRECTION('',(-1.,-0.));
#1976 = ( GEOMETRIC_REPRESENTATION_CONTEXT(2) 
PARAMETRIC_REPRESENTATION_CONTEXT() REPRESENTATION_CONTEXT('2D SPACE',''
  ) );
#1977 = ORIENTED_EDGE('',*,*,#1978,.F.);
#1978 = EDGE_CURVE('',#412,#1950,#1979,.T.);
#1979 = SURFACE_CURVE('',#1980,(#1983,#1989),.PCURVE_S1.);
#1980 = B_SPLINE_CURVE_WITH_KNOTS('',1,(#1981,#1982),.UNSPECIFIED.,.F.,
  .F.,(2,2),(0.,1.),.PIECEWISE_BEZIER_KNOTS.);
#1981 = CARTESIAN_POINT('',(68.248711305964,-14.,278.));
#1982 = CARTESIAN_POINT('',(63.918584287042,-11.5,357.));
#1983 = PCURVE('',#460,#1984);
#1984 = DEFINITIONAL_REPRESENTATION('',(#1985),#1988);
#1985 = B_SPLINE_CURVE_WITH_KNOTS('',1,(#1986,#1987),.UNSPECIFIED.,.F.,
  .F.,(2,2),(0.,1.),.PIECEWISE_BEZIER_KNOTS.);
#1986 = CARTESIAN_POINT('',(-1.570796326795,0.));
#1987 = CARTESIAN_POINT('',(-1.570796326795,-79.));
#1988 = ( GEOMETRIC_REPRESENTATION_CONTEXT(2) 
PARAMETRIC_REPRESENTATION_CONTEXT() REPRESENTATION_CONTEXT('2D SPACE',''
  ) );
#1989 = PCURVE('',#427,#1990);
#1990 = DEFINITIONAL_REPRESENTATION('',(#1991),#1994);
#1991 = B_SPLINE_CURVE_WITH_KNOTS('',1,(#1992,#1993),.UNSPECIFIED.,.F.,
  .F.,(2,2),(0.,1.),.PIECEWISE_BEZIER_KNOTS.);
#1992 = CARTESIAN_POINT('',(0.,-79.15806970865));
#1993 = CARTESIAN_POINT('',(0.,0.));
#1994 = ( GEOMETRIC_REPRESENTATION_CONTEXT(2) 
PARAMETRIC_REPRESENTATION_CONTEXT() REPRESENTATION_CONTEXT('2D SPACE',''
  ) );
#1995 = ADVANCED_FACE('',(#1996),#427,.F.);
#1996 = FACE_BOUND('',#1997,.T.);
#1997 = EDGE_LOOP('',(#1998,#1999,#2000,#2028));
#1998 = ORIENTED_EDGE('',*,*,#411,.F.);
#1999 = ORIENTED_EDGE('',*,*,#1978,.T.);
#2000 = ORIENTED_EDGE('',*,*,#2001,.T.);
#2001 = EDGE_CURVE('',#1950,#2002,#2004,.T.);
#2002 = VERTEX_POINT('',#2003);
#2003 = CARTESIAN_POINT('',(41.918584287042,-49.60511776651,357.));
#2004 = SURFACE_CURVE('',#2005,(#2009,#2016),.PCURVE_S1.);
#2005 = LINE('',#2006,#2007);
#2006 = CARTESIAN_POINT('',(63.918584287042,-11.5,357.));
#2007 = VECTOR('',#2008,1.);
#2008 = DIRECTION('',(-0.5,-0.866025403784,0.));
#2009 = PCURVE('',#427,#2010);
#2010 = DEFINITIONAL_REPRESENTATION('',(#2011),#2015);
#2011 = LINE('',#2012,#2013);
#2012 = CARTESIAN_POINT('',(-0.,0.));
#2013 = VECTOR('',#2014,1.);
#2014 = DIRECTION('',(1.,3.499346430952E-18));
#2015 = ( GEOMETRIC_REPRESENTATION_CONTEXT(2) 
PARAMETRIC_REPRESENTATION_CONTEXT() REPRESENTATION_CONTEXT('2D SPACE',''
  ) );
#2016 = PCURVE('',#2017,#2022);
#2017 = PLANE('',#2018);
#2018 = AXIS2_PLACEMENT_3D('',#2019,#2020,#2021);
#2019 = CARTESIAN_POINT('',(63.052558883258,-11.,360.));
#2020 = DIRECTION('',(-0.821583836258,0.474341649025,-0.316227766017));
#2021 = DIRECTION('',(-0.5,-0.866025403784,0.));
#2022 = DEFINITIONAL_REPRESENTATION('',(#2023),#2027);
#2023 = LINE('',#2024,#2025);
#2024 = CARTESIAN_POINT('',(-1.276756478319E-15,-3.162277660168));
#2025 = VECTOR('',#2026,1.);
#2026 = DIRECTION('',(1.,-0.));
#2027 = ( GEOMETRIC_REPRESENTATION_CONTEXT(2) 
PARAMETRIC_REPRESENTATION_CONTEXT() REPRESENTATION_CONTEXT('2D SPACE',''
  ) );
#2028 = ORIENTED_EDGE('',*,*,#2029,.F.);
#2029 = EDGE_CURVE('',#379,#2002,#2030,.T.);
#2030 = SURFACE_CURVE('',#2031,(#2034,#2040),.PCURVE_S1.);
#2031 = B_SPLINE_CURVE_WITH_KNOTS('',1,(#2032,#2033),.UNSPECIFIED.,.F.,
  .F.,(2,2),(0.,1.),.PIECEWISE_BEZIER_KNOTS.);
#2032 = CARTESIAN_POINT('',(46.248711305964,-52.10511776651,278.));
#2033 = CARTESIAN_POINT('',(41.918584287042,-49.60511776651,357.));
#2034 = PCURVE('',#427,#2035);
#2035 = DEFINITIONAL_REPRESENTATION('',(#2036),#2039);
#2036 = B_SPLINE_CURVE_WITH_KNOTS('',1,(#2037,#2038),.UNSPECIFIED.,.F.,
  .F.,(2,2),(0.,1.),.PIECEWISE_BEZIER_KNOTS.);
#2037 = CARTESIAN_POINT('',(44.,-79.15806970865));
#2038 = CARTESIAN_POINT('',(44.,0.));
#2039 = ( GEOMETRIC_REPRESENTATION_CONTEXT(2) 
PARAMETRIC_REPRESENTATION_CONTEXT() REPRESENTATION_CONTEXT('2D SPACE',''
  ) );
#2040 = PCURVE('',#399,#2041);
#2041 = DEFINITIONAL_REPRESENTATION('',(#2042),#2045);
#2042 = B_SPLINE_CURVE_WITH_KNOTS('',1,(#2043,#2044),.UNSPECIFIED.,.F.,
  .F.,(2,2),(0.,1.),.PIECEWISE_BEZIER_KNOTS.);
#2043 = CARTESIAN_POINT('',(-2.617993877991,0.));
#2044 = CARTESIAN_POINT('',(-2.617993877991,-79.));
#2045 = ( GEOMETRIC_REPRESENTATION_CONTEXT(2) 
PARAMETRIC_REPRESENTATION_CONTEXT() REPRESENTATION_CONTEXT('2D SPACE',''
  ) );
#2046 = ADVANCED_FACE('',(#2047),#399,.T.);
#2047 = FACE_BOUND('',#2048,.T.);
#2048 = EDGE_LOOP('',(#2049,#2050,#2051,#2080));
#2049 = ORIENTED_EDGE('',*,*,#378,.T.);
#2050 = ORIENTED_EDGE('',*,*,#2029,.T.);
#2051 = ORIENTED_EDGE('',*,*,#2052,.F.);
#2052 = EDGE_CURVE('',#2053,#2002,#2055,.T.);
#2053 = VERTEX_POINT('',#2054);
#2054 = CARTESIAN_POINT('',(22.,-61.10511776651,357.));
#2055 = SURFACE_CURVE('',#2056,(#2061,#2068),.PCURVE_S1.);
#2056 = CIRCLE('',#2057,23.);
#2057 = AXIS2_PLACEMENT_3D('',#2058,#2059,#2060);
#2058 = CARTESIAN_POINT('',(22.,-38.10511776651,357.));
#2059 = DIRECTION('',(0.,-0.,1.));
#2060 = DIRECTION('',(-1.,-0.,0.));
#2061 = PCURVE('',#399,#2062);
#2062 = DEFINITIONAL_REPRESENTATION('',(#2063),#2067);
#2063 = LINE('',#2064,#2065);
#2064 = CARTESIAN_POINT('',(-0.,-79.));
#2065 = VECTOR('',#2066,1.);
#2066 = DIRECTION('',(-1.,-0.));
#2067 = ( GEOMETRIC_REPRESENTATION_CONTEXT(2) 
PARAMETRIC_REPRESENTATION_CONTEXT() REPRESENTATION_CONTEXT('2D SPACE',''
  ) );
#2068 = PCURVE('',#2069,#2074);
#2069 = CONICAL_SURFACE('',#2070,23.,0.321750554397);
#2070 = AXIS2_PLACEMENT_3D('',#2071,#2072,#2073);
#2071 = CARTESIAN_POINT('',(22.,-38.10511776651,357.));
#2072 = DIRECTION('',(0.,0.,-1.));
#2073 = DIRECTION('',(-1.,-0.,0.));
#2074 = DEFINITIONAL_REPRESENTATION('',(#2075),#2079);
#2075 = LINE('',#2076,#2077);
#2076 = CARTESIAN_POINT('',(-0.,-0.));
#2077 = VECTOR('',#2078,1.);
#2078 = DIRECTION('',(-1.,-0.));
#2079 = ( GEOMETRIC_REPRESENTATION_CONTEXT(2) 
PARAMETRIC_REPRESENTATION_CONTEXT() REPRESENTATION_CONTEXT('2D SPACE',''
  ) );
#2080 = ORIENTED_EDGE('',*,*,#2081,.F.);
#2081 = EDGE_CURVE('',#351,#2053,#2082,.T.);
#2082 = SURFACE_CURVE('',#2083,(#2086,#2092),.PCURVE_S1.);
#2083 = B_SPLINE_CURVE_WITH_KNOTS('',1,(#2084,#2085),.UNSPECIFIED.,.F.,
  .F.,(2,2),(0.,1.),.PIECEWISE_BEZIER_KNOTS.);
#2084 = CARTESIAN_POINT('',(22.,-66.10511776651,278.));
#2085 = CARTESIAN_POINT('',(22.,-61.10511776651,357.));
#2086 = PCURVE('',#399,#2087);
#2087 = DEFINITIONAL_REPRESENTATION('',(#2088),#2091);
#2088 = B_SPLINE_CURVE_WITH_KNOTS('',1,(#2089,#2090),.UNSPECIFIED.,.F.,
  .F.,(2,2),(0.,1.),.PIECEWISE_BEZIER_KNOTS.);
#2089 = CARTESIAN_POINT('',(-1.570796326795,0.));
#2090 = CARTESIAN_POINT('',(-1.570796326795,-79.));
#2091 = ( GEOMETRIC_REPRESENTATION_CONTEXT(2) 
PARAMETRIC_REPRESENTATION_CONTEXT() REPRESENTATION_CONTEXT('2D SPACE',''
  ) );
#2092 = PCURVE('',#366,#2093);
#2093 = DEFINITIONAL_REPRESENTATION('',(#2094),#2097);
#2094 = B_SPLINE_CURVE_WITH_KNOTS('',1,(#2095,#2096),.UNSPECIFIED.,.F.,
  .F.,(2,2),(0.,1.),.PIECEWISE_BEZIER_KNOTS.);
#2095 = CARTESIAN_POINT('',(0.,-79.15806970865));
#2096 = CARTESIAN_POINT('',(0.,0.));
#2097 = ( GEOMETRIC_REPRESENTATION_CONTEXT(2) 
PARAMETRIC_REPRESENTATION_CONTEXT() REPRESENTATION_CONTEXT('2D SPACE',''
  ) );
#2098 = ADVANCED_FACE('',(#2099),#366,.F.);
#2099 = FACE_BOUND('',#2100,.T.);
#2100 = EDGE_LOOP('',(#2101,#2102,#2103,#2131));
#2101 = ORIENTED_EDGE('',*,*,#350,.F.);
#2102 = ORIENTED_EDGE('',*,*,#2081,.T.);
#2103 = ORIENTED_EDGE('',*,*,#2104,.T.);
#2104 = EDGE_CURVE('',#2053,#2105,#2107,.T.);
#2105 = VERTEX_POINT('',#2106);
#2106 = CARTESIAN_POINT('',(-22.,-61.10511776651,357.));
#2107 = SURFACE_CURVE('',#2108,(#2112,#2119),.PCURVE_S1.);
#2108 = LINE('',#2109,#2110);
#2109 = CARTESIAN_POINT('',(22.,-61.10511776651,357.));
#2110 = VECTOR('',#2111,1.);
#2111 = DIRECTION('',(-1.,-0.,0.));
#2112 = PCURVE('',#366,#2113);
#2113 = DEFINITIONAL_REPRESENTATION('',(#2114),#2118);
#2114 = LINE('',#2115,#2116);
#2115 = CARTESIAN_POINT('',(-0.,0.));
#2116 = VECTOR('',#2117,1.);
#2117 = DIRECTION('',(1.,-0.));
#2118 = ( GEOMETRIC_REPRESENTATION_CONTEXT(2) 
PARAMETRIC_REPRESENTATION_CONTEXT() REPRESENTATION_CONTEXT('2D SPACE',''
  ) );
#2119 = PCURVE('',#2120,#2125);
#2120 = PLANE('',#2121);
#2121 = AXIS2_PLACEMENT_3D('',#2122,#2123,#2124);
#2122 = CARTESIAN_POINT('',(22.,-60.10511776651,360.));
#2123 = DIRECTION('',(-0.,0.948683298051,-0.316227766017));
#2124 = DIRECTION('',(-1.,-0.,0.));
#2125 = DEFINITIONAL_REPRESENTATION('',(#2126),#2130);
#2126 = LINE('',#2127,#2128);
#2127 = CARTESIAN_POINT('',(-0.,-3.162277660168));
#2128 = VECTOR('',#2129,1.);
#2129 = DIRECTION('',(1.,-0.));
#2130 = ( GEOMETRIC_REPRESENTATION_CONTEXT(2) 
PARAMETRIC_REPRESENTATION_CONTEXT() REPRESENTATION_CONTEXT('2D SPACE',''
  ) );
#2131 = ORIENTED_EDGE('',*,*,#2132,.F.);
#2132 = EDGE_CURVE('',#318,#2105,#2133,.T.);
#2133 = SURFACE_CURVE('',#2134,(#2137,#2143),.PCURVE_S1.);
#2134 = B_SPLINE_CURVE_WITH_KNOTS('',1,(#2135,#2136),.UNSPECIFIED.,.F.,
  .F.,(2,2),(0.,1.),.PIECEWISE_BEZIER_KNOTS.);
#2135 = CARTESIAN_POINT('',(-22.,-66.10511776651,278.));
#2136 = CARTESIAN_POINT('',(-22.,-61.10511776651,357.));
#2137 = PCURVE('',#366,#2138);
#2138 = DEFINITIONAL_REPRESENTATION('',(#2139),#2142);
#2139 = B_SPLINE_CURVE_WITH_KNOTS('',1,(#2140,#2141),.UNSPECIFIED.,.F.,
  .F.,(2,2),(0.,1.),.PIECEWISE_BEZIER_KNOTS.);
#2140 = CARTESIAN_POINT('',(44.,-79.15806970865));
#2141 = CARTESIAN_POINT('',(44.,0.));
#2142 = ( GEOMETRIC_REPRESENTATION_CONTEXT(2) 
PARAMETRIC_REPRESENTATION_CONTEXT() REPRESENTATION_CONTEXT('2D SPACE',''
  ) );
#2143 = PCURVE('',#338,#2144);
#2144 = DEFINITIONAL_REPRESENTATION('',(#2145),#2148);
#2145 = B_SPLINE_CURVE_WITH_KNOTS('',1,(#2146,#2147),.UNSPECIFIED.,.F.,
  .F.,(2,2),(0.,1.),.PIECEWISE_BEZIER_KNOTS.);
#2146 = CARTESIAN_POINT('',(-2.617993877991,0.));
#2147 = CARTESIAN_POINT('',(-2.617993877991,-79.));
#2148 = ( GEOMETRIC_REPRESENTATION_CONTEXT(2) 
PARAMETRIC_REPRESENTATION_CONTEXT() REPRESENTATION_CONTEXT('2D SPACE',''
  ) );
#2149 = ADVANCED_FACE('',(#2150),#338,.T.);
#2150 = FACE_BOUND('',#2151,.T.);
#2151 = EDGE_LOOP('',(#2152,#2153,#2154,#2183));
#2152 = ORIENTED_EDGE('',*,*,#317,.T.);
#2153 = ORIENTED_EDGE('',*,*,#2132,.T.);
#2154 = ORIENTED_EDGE('',*,*,#2155,.F.);
#2155 = EDGE_CURVE('',#2156,#2105,#2158,.T.);
#2156 = VERTEX_POINT('',#2157);
#2157 = CARTESIAN_POINT('',(-41.91858428704,-49.60511776651,357.));
#2158 = SURFACE_CURVE('',#2159,(#2164,#2171),.PCURVE_S1.);
#2159 = CIRCLE('',#2160,23.);
#2160 = AXIS2_PLACEMENT_3D('',#2161,#2162,#2163);
#2161 = CARTESIAN_POINT('',(-22.,-38.10511776651,357.));
#2162 = DIRECTION('',(0.,0.,1.));
#2163 = DIRECTION('',(-0.5,0.866025403784,-0.));
#2164 = PCURVE('',#338,#2165);
#2165 = DEFINITIONAL_REPRESENTATION('',(#2166),#2170);
#2166 = LINE('',#2167,#2168);
#2167 = CARTESIAN_POINT('',(-0.,-79.));
#2168 = VECTOR('',#2169,1.);
#2169 = DIRECTION('',(-1.,-0.));
#2170 = ( GEOMETRIC_REPRESENTATION_CONTEXT(2) 
PARAMETRIC_REPRESENTATION_CONTEXT() REPRESENTATION_CONTEXT('2D SPACE',''
  ) );
#2171 = PCURVE('',#2172,#2177);
#2172 = CONICAL_SURFACE('',#2173,23.,0.321750554397);
#2173 = AXIS2_PLACEMENT_3D('',#2174,#2175,#2176);
#2174 = CARTESIAN_POINT('',(-22.,-38.10511776651,357.));
#2175 = DIRECTION('',(0.,-0.,-1.));
#2176 = DIRECTION('',(-0.5,0.866025403784,-0.));
#2177 = DEFINITIONAL_REPRESENTATION('',(#2178),#2182);
#2178 = LINE('',#2179,#2180);
#2179 = CARTESIAN_POINT('',(-0.,-0.));
#2180 = VECTOR('',#2181,1.);
#2181 = DIRECTION('',(-1.,-0.));
#2182 = ( GEOMETRIC_REPRESENTATION_CONTEXT(2) 
PARAMETRIC_REPRESENTATION_CONTEXT() REPRESENTATION_CONTEXT('2D SPACE',''
  ) );
#2183 = ORIENTED_EDGE('',*,*,#2184,.F.);
#2184 = EDGE_CURVE('',#290,#2156,#2185,.T.);
#2185 = SURFACE_CURVE('',#2186,(#2189,#2195),.PCURVE_S1.);
#2186 = B_SPLINE_CURVE_WITH_KNOTS('',1,(#2187,#2188),.UNSPECIFIED.,.F.,
  .F.,(2,2),(0.,1.),.PIECEWISE_BEZIER_KNOTS.);
#2187 = CARTESIAN_POINT('',(-46.24871130596,-52.10511776651,278.));
#2188 = CARTESIAN_POINT('',(-41.91858428704,-49.60511776651,357.));
#2189 = PCURVE('',#338,#2190);
#2190 = DEFINITIONAL_REPRESENTATION('',(#2191),#2194);
#2191 = B_SPLINE_CURVE_WITH_KNOTS('',1,(#2192,#2193),.UNSPECIFIED.,.F.,
  .F.,(2,2),(0.,1.),.PIECEWISE_BEZIER_KNOTS.);
#2192 = CARTESIAN_POINT('',(-1.570796326795,0.));
#2193 = CARTESIAN_POINT('',(-1.570796326795,-79.));
#2194 = ( GEOMETRIC_REPRESENTATION_CONTEXT(2) 
PARAMETRIC_REPRESENTATION_CONTEXT() REPRESENTATION_CONTEXT('2D SPACE',''
  ) );
#2195 = PCURVE('',#305,#2196);
#2196 = DEFINITIONAL_REPRESENTATION('',(#2197),#2200);
#2197 = B_SPLINE_CURVE_WITH_KNOTS('',1,(#2198,#2199),.UNSPECIFIED.,.F.,
  .F.,(2,2),(0.,1.),.PIECEWISE_BEZIER_KNOTS.);
#2198 = CARTESIAN_POINT('',(0.,-79.15806970865));
#2199 = CARTESIAN_POINT('',(0.,0.));
#2200 = ( GEOMETRIC_REPRESENTATION_CONTEXT(2) 
PARAMETRIC_REPRESENTATION_CONTEXT() REPRESENTATION_CONTEXT('2D SPACE',''
  ) );
#2201 = ADVANCED_FACE('',(#2202),#305,.F.);
#2202 = FACE_BOUND('',#2203,.T.);
#2203 = EDGE_LOOP('',(#2204,#2205,#2206,#2232));
#2204 = ORIENTED_EDGE('',*,*,#289,.F.);
#2205 = ORIENTED_EDGE('',*,*,#2184,.T.);
#2206 = ORIENTED_EDGE('',*,*,#2207,.T.);
#2207 = EDGE_CURVE('',#2156,#1034,#2208,.T.);
#2208 = SURFACE_CURVE('',#2209,(#2213,#2220),.PCURVE_S1.);
#2209 = LINE('',#2210,#2211);
#2210 = CARTESIAN_POINT('',(-41.91858428704,-49.60511776651,357.));
#2211 = VECTOR('',#2212,1.);
#2212 = DIRECTION('',(-0.5,0.866025403784,-0.));
#2213 = PCURVE('',#305,#2214);
#2214 = DEFINITIONAL_REPRESENTATION('',(#2215),#2219);
#2215 = LINE('',#2216,#2217);
#2216 = CARTESIAN_POINT('',(-0.,0.));
#2217 = VECTOR('',#2218,1.);
#2218 = DIRECTION('',(1.,-6.968793382906E-18));
#2219 = ( GEOMETRIC_REPRESENTATION_CONTEXT(2) 
PARAMETRIC_REPRESENTATION_CONTEXT() REPRESENTATION_CONTEXT('2D SPACE',''
  ) );
#2220 = PCURVE('',#2221,#2226);
#2221 = PLANE('',#2222);
#2222 = AXIS2_PLACEMENT_3D('',#2223,#2224,#2225);
#2223 = CARTESIAN_POINT('',(-41.05255888325,-49.10511776651,360.));
#2224 = DIRECTION('',(0.821583836258,0.474341649025,-0.316227766017));
#2225 = DIRECTION('',(-0.5,0.866025403784,0.));
#2226 = DEFINITIONAL_REPRESENTATION('',(#2227),#2231);
#2227 = LINE('',#2228,#2229);
#2228 = CARTESIAN_POINT('',(1.276756478319E-15,-3.162277660168));
#2229 = VECTOR('',#2230,1.);
#2230 = DIRECTION('',(1.,-0.));
#2231 = ( GEOMETRIC_REPRESENTATION_CONTEXT(2) 
PARAMETRIC_REPRESENTATION_CONTEXT() REPRESENTATION_CONTEXT('2D SPACE',''
  ) );
#2232 = ORIENTED_EDGE('',*,*,#1033,.F.);
#2233 = ADVANCED_FACE('',(#2234,#2346,#2516),#846,.T.);
#2234 = FACE_BOUND('',#2235,.F.);
#2235 = EDGE_LOOP('',(#2236,#2256,#2277,#2278,#2279,#2299,#2327,#2345));
#2236 = ORIENTED_EDGE('',*,*,#2237,.T.);
#2237 = EDGE_CURVE('',#1722,#2238,#2240,.T.);
#2238 = VERTEX_POINT('',#2239);
#2239 = CARTESIAN_POINT('',(22.,36.,346.));
#2240 = SURFACE_CURVE('',#2241,(#2244,#2250),.PCURVE_S1.);
#2241 = B_SPLINE_CURVE_WITH_KNOTS('',1,(#2242,#2243),.UNSPECIFIED.,.F.,
  .F.,(2,2),(0.,1.),.PIECEWISE_BEZIER_KNOTS.);
#2242 = CARTESIAN_POINT('',(22.,36.,278.));
#2243 = CARTESIAN_POINT('',(22.,36.,346.));
#2244 = PCURVE('',#846,#2245);
#2245 = DEFINITIONAL_REPRESENTATION('',(#2246),#2249);
#2246 = B_SPLINE_CURVE_WITH_KNOTS('',1,(#2247,#2248),.UNSPECIFIED.,.F.,
  .F.,(2,2),(0.,1.),.PIECEWISE_BEZIER_KNOTS.);
#2247 = CARTESIAN_POINT('',(-44.,-68.));
#2248 = CARTESIAN_POINT('',(-44.,0.));
#2249 = ( GEOMETRIC_REPRESENTATION_CONTEXT(2) 
PARAMETRIC_REPRESENTATION_CONTEXT() REPRESENTATION_CONTEXT('2D SPACE',''
  ) );
#2250 = PCURVE('',#1737,#2251);
#2251 = DEFINITIONAL_REPRESENTATION('',(#2252),#2255);
#2252 = B_SPLINE_CURVE_WITH_KNOTS('',1,(#2253,#2254),.UNSPECIFIED.,.F.,
  .F.,(2,2),(0.,1.),.PIECEWISE_BEZIER_KNOTS.);
#2253 = CARTESIAN_POINT('',(0.,-68.));
#2254 = CARTESIAN_POINT('',(0.,0.));
#2255 = ( GEOMETRIC_REPRESENTATION_CONTEXT(2) 
PARAMETRIC_REPRESENTATION_CONTEXT() REPRESENTATION_CONTEXT('2D SPACE',''
  ) );
#2256 = ORIENTED_EDGE('',*,*,#2257,.F.);
#2257 = EDGE_CURVE('',#833,#2238,#2258,.T.);
#2258 = SURFACE_CURVE('',#2259,(#2263,#2270),.PCURVE_S1.);
#2259 = LINE('',#2260,#2261);
#2260 = CARTESIAN_POINT('',(-22.,36.,346.));
#2261 = VECTOR('',#2262,1.);
#2262 = DIRECTION('',(1.,-0.,-0.));
#2263 = PCURVE('',#846,#2264);
#2264 = DEFINITIONAL_REPRESENTATION('',(#2265),#2269);
#2265 = LINE('',#2266,#2267);
#2266 = CARTESIAN_POINT('',(-0.,0.));
#2267 = VECTOR('',#2268,1.);
#2268 = DIRECTION('',(-1.,0.));
#2269 = ( GEOMETRIC_REPRESENTATION_CONTEXT(2) 
PARAMETRIC_REPRESENTATION_CONTEXT() REPRESENTATION_CONTEXT('2D SPACE',''
  ) );
#2270 = PCURVE('',#871,#2271);
#2271 = DEFINITIONAL_REPRESENTATION('',(#2272),#2276);
#2272 = LINE('',#2273,#2274);
#2273 = CARTESIAN_POINT('',(-0.,-19.79898987322));
#2274 = VECTOR('',#2275,1.);
#2275 = DIRECTION('',(-1.,0.));
#2276 = ( GEOMETRIC_REPRESENTATION_CONTEXT(2) 
PARAMETRIC_REPRESENTATION_CONTEXT() REPRESENTATION_CONTEXT('2D SPACE',''
  ) );
#2277 = ORIENTED_EDGE('',*,*,#832,.F.);
#2278 = ORIENTED_EDGE('',*,*,#1109,.F.);
#2279 = ORIENTED_EDGE('',*,*,#2280,.F.);
#2280 = EDGE_CURVE('',#2281,#1082,#2283,.T.);
#2281 = VERTEX_POINT('',#2282);
#2282 = CARTESIAN_POINT('',(-16.,36.,194.));
#2283 = SURFACE_CURVE('',#2284,(#2287,#2293),.PCURVE_S1.);
#2284 = B_SPLINE_CURVE_WITH_KNOTS('',1,(#2285,#2286),.UNSPECIFIED.,.F.,
  .F.,(2,2),(0.,1.),.PIECEWISE_BEZIER_KNOTS.);
#2285 = CARTESIAN_POINT('',(-16.,36.,194.));
#2286 = CARTESIAN_POINT('',(-16.,36.,252.));
#2287 = PCURVE('',#846,#2288);
#2288 = DEFINITIONAL_REPRESENTATION('',(#2289),#2292);
#2289 = B_SPLINE_CURVE_WITH_KNOTS('',1,(#2290,#2291),.UNSPECIFIED.,.F.,
  .F.,(2,2),(0.,1.),.PIECEWISE_BEZIER_KNOTS.);
#2290 = CARTESIAN_POINT('',(-6.,-152.));
#2291 = CARTESIAN_POINT('',(-6.,-94.));
#2292 = ( GEOMETRIC_REPRESENTATION_CONTEXT(2) 
PARAMETRIC_REPRESENTATION_CONTEXT() REPRESENTATION_CONTEXT('2D SPACE',''
  ) );
#2293 = PCURVE('',#1097,#2294);
#2294 = DEFINITIONAL_REPRESENTATION('',(#2295),#2298);
#2295 = B_SPLINE_CURVE_WITH_KNOTS('',1,(#2296,#2297),.UNSPECIFIED.,.F.,
  .F.,(2,2),(0.,1.),.PIECEWISE_BEZIER_KNOTS.);
#2296 = CARTESIAN_POINT('',(-14.,-58.));
#2297 = CARTESIAN_POINT('',(-14.,0.));
#2298 = ( GEOMETRIC_REPRESENTATION_CONTEXT(2) 
PARAMETRIC_REPRESENTATION_CONTEXT() REPRESENTATION_CONTEXT('2D SPACE',''
  ) );
#2299 = ORIENTED_EDGE('',*,*,#2300,.T.);
#2300 = EDGE_CURVE('',#2281,#2301,#2303,.T.);
#2301 = VERTEX_POINT('',#2302);
#2302 = CARTESIAN_POINT('',(16.,36.,194.));
#2303 = SURFACE_CURVE('',#2304,(#2308,#2315),.PCURVE_S1.);
#2304 = LINE('',#2305,#2306);
#2305 = CARTESIAN_POINT('',(-16.,36.,194.));
#2306 = VECTOR('',#2307,1.);
#2307 = DIRECTION('',(1.,-0.,-0.));
#2308 = PCURVE('',#846,#2309);
#2309 = DEFINITIONAL_REPRESENTATION('',(#2310),#2314);
#2310 = LINE('',#2311,#2312);
#2311 = CARTESIAN_POINT('',(-6.,-152.));
#2312 = VECTOR('',#2313,1.);
#2313 = DIRECTION('',(-1.,0.));
#2314 = ( GEOMETRIC_REPRESENTATION_CONTEXT(2) 
PARAMETRIC_REPRESENTATION_CONTEXT() REPRESENTATION_CONTEXT('2D SPACE',''
  ) );
#2315 = PCURVE('',#2316,#2321);
#2316 = PLANE('',#2317);
#2317 = AXIS2_PLACEMENT_3D('',#2318,#2319,#2320);
#2318 = CARTESIAN_POINT('',(-16.,36.,194.));
#2319 = DIRECTION('',(0.,-0.,-1.));
#2320 = DIRECTION('',(-0.916157334902,0.40081883402,0.));
#2321 = DEFINITIONAL_REPRESENTATION('',(#2322),#2326);
#2322 = LINE('',#2323,#2324);
#2323 = CARTESIAN_POINT('',(-0.,0.));
#2324 = VECTOR('',#2325,1.);
#2325 = DIRECTION('',(-0.916157334902,0.40081883402));
#2326 = ( GEOMETRIC_REPRESENTATION_CONTEXT(2) 
PARAMETRIC_REPRESENTATION_CONTEXT() REPRESENTATION_CONTEXT('2D SPACE',''
  ) );
#2327 = ORIENTED_EDGE('',*,*,#2328,.T.);
#2328 = EDGE_CURVE('',#2301,#1650,#2329,.T.);
#2329 = SURFACE_CURVE('',#2330,(#2333,#2339),.PCURVE_S1.);
#2330 = B_SPLINE_CURVE_WITH_KNOTS('',1,(#2331,#2332),.UNSPECIFIED.,.F.,
  .F.,(2,2),(0.,1.),.PIECEWISE_BEZIER_KNOTS.);
#2331 = CARTESIAN_POINT('',(16.,36.,194.));
#2332 = CARTESIAN_POINT('',(16.,36.,252.));
#2333 = PCURVE('',#846,#2334);
#2334 = DEFINITIONAL_REPRESENTATION('',(#2335),#2338);
#2335 = B_SPLINE_CURVE_WITH_KNOTS('',1,(#2336,#2337),.UNSPECIFIED.,.F.,
  .F.,(2,2),(0.,1.),.PIECEWISE_BEZIER_KNOTS.);
#2336 = CARTESIAN_POINT('',(-38.,-152.));
#2337 = CARTESIAN_POINT('',(-38.,-94.));
#2338 = ( GEOMETRIC_REPRESENTATION_CONTEXT(2) 
PARAMETRIC_REPRESENTATION_CONTEXT() REPRESENTATION_CONTEXT('2D SPACE',''
  ) );
#2339 = PCURVE('',#1667,#2340);
#2340 = DEFINITIONAL_REPRESENTATION('',(#2341),#2344);
#2341 = B_SPLINE_CURVE_WITH_KNOTS('',1,(#2342,#2343),.UNSPECIFIED.,.F.,
  .F.,(2,2),(0.,1.),.PIECEWISE_BEZIER_KNOTS.);
#2342 = CARTESIAN_POINT('',(0.,-58.));
#2343 = CARTESIAN_POINT('',(0.,0.));
#2344 = ( GEOMETRIC_REPRESENTATION_CONTEXT(2) 
PARAMETRIC_REPRESENTATION_CONTEXT() REPRESENTATION_CONTEXT('2D SPACE',''
  ) );
#2345 = ORIENTED_EDGE('',*,*,#1749,.T.);
#2346 = FACE_BOUND('',#2347,.F.);
#2347 = EDGE_LOOP('',(#2348,#2378,#2406,#2434,#2462,#2490));
#2348 = ORIENTED_EDGE('',*,*,#2349,.F.);
#2349 = EDGE_CURVE('',#2350,#2352,#2354,.T.);
#2350 = VERTEX_POINT('',#2351);
#2351 = CARTESIAN_POINT('',(3.65462720397,36.,207.11));
#2352 = VERTEX_POINT('',#2353);
#2353 = CARTESIAN_POINT('',(2.584004746201E-16,36.,209.22));
#2354 = SURFACE_CURVE('',#2355,(#2359,#2366),.PCURVE_S1.);
#2355 = LINE('',#2356,#2357);
#2356 = CARTESIAN_POINT('',(-36.03642508042,36.,230.02563972081));
#2357 = VECTOR('',#2358,1.);
#2358 = DIRECTION('',(-0.866025403784,-0.,0.5));
#2359 = PCURVE('',#846,#2360);
#2360 = DEFINITIONAL_REPRESENTATION('',(#2361),#2365);
#2361 = LINE('',#2362,#2363);
#2362 = CARTESIAN_POINT('',(14.036425080424,-115.9743602791));
#2363 = VECTOR('',#2364,1.);
#2364 = DIRECTION('',(0.866025403784,0.5));
#2365 = ( GEOMETRIC_REPRESENTATION_CONTEXT(2) 
PARAMETRIC_REPRESENTATION_CONTEXT() REPRESENTATION_CONTEXT('2D SPACE',''
  ) );
#2366 = PCURVE('',#2367,#2372);
#2367 = PLANE('',#2368);
#2368 = AXIS2_PLACEMENT_3D('',#2369,#2370,#2371);
#2369 = CARTESIAN_POINT('',(3.65462720397,36.1,207.11));
#2370 = DIRECTION('',(0.5,0.,0.866025403784));
#2371 = DIRECTION('',(0.866025403784,0.,-0.5));
#2372 = DEFINITIONAL_REPRESENTATION('',(#2373),#2377);
#2373 = LINE('',#2374,#2375);
#2374 = CARTESIAN_POINT('',(-45.83127944162,-0.1));
#2375 = VECTOR('',#2376,1.);
#2376 = DIRECTION('',(-1.,0.));
#2377 = ( GEOMETRIC_REPRESENTATION_CONTEXT(2) 
PARAMETRIC_REPRESENTATION_CONTEXT() REPRESENTATION_CONTEXT('2D SPACE',''
  ) );
#2378 = ORIENTED_EDGE('',*,*,#2379,.F.);
#2379 = EDGE_CURVE('',#2380,#2350,#2382,.T.);
#2380 = VERTEX_POINT('',#2381);
#2381 = CARTESIAN_POINT('',(3.65462720397,36.,202.89));
#2382 = SURFACE_CURVE('',#2383,(#2387,#2394),.PCURVE_S1.);
#2383 = LINE('',#2384,#2385);
#2384 = CARTESIAN_POINT('',(3.65462720397,36.,274.445));
#2385 = VECTOR('',#2386,1.);
#2386 = DIRECTION('',(3.157032297512E-16,-0.,1.));
#2387 = PCURVE('',#846,#2388);
#2388 = DEFINITIONAL_REPRESENTATION('',(#2389),#2393);
#2389 = LINE('',#2390,#2391);
#2390 = CARTESIAN_POINT('',(-25.65462720397,-71.555));
#2391 = VECTOR('',#2392,1.);
#2392 = DIRECTION('',(-3.157032297512E-16,1.));
#2393 = ( GEOMETRIC_REPRESENTATION_CONTEXT(2) 
PARAMETRIC_REPRESENTATION_CONTEXT() REPRESENTATION_CONTEXT('2D SPACE',''
  ) );
#2394 = PCURVE('',#2395,#2400);
#2395 = PLANE('',#2396);
#2396 = AXIS2_PLACEMENT_3D('',#2397,#2398,#2399);
#2397 = CARTESIAN_POINT('',(3.65462720397,36.1,202.89));
#2398 = DIRECTION('',(1.,-0.,-3.157032297512E-16));
#2399 = DIRECTION('',(-3.157032297512E-16,0.,-1.));
#2400 = DEFINITIONAL_REPRESENTATION('',(#2401),#2405);
#2401 = LINE('',#2402,#2403);
#2402 = CARTESIAN_POINT('',(-71.555,-0.1));
#2403 = VECTOR('',#2404,1.);
#2404 = DIRECTION('',(-1.,0.));
#2405 = ( GEOMETRIC_REPRESENTATION_CONTEXT(2) 
PARAMETRIC_REPRESENTATION_CONTEXT() REPRESENTATION_CONTEXT('2D SPACE',''
  ) );
#2406 = ORIENTED_EDGE('',*,*,#2407,.F.);
#2407 = EDGE_CURVE('',#2408,#2380,#2410,.T.);
#2408 = VERTEX_POINT('',#2409);
#2409 = CARTESIAN_POINT('',(-7.752014238603E-16,36.,200.78));
#2410 = SURFACE_CURVE('',#2411,(#2415,#2422),.PCURVE_S1.);
#2411 = LINE('',#2412,#2413);
#2412 = CARTESIAN_POINT('',(23.191052284394,36.,214.16936027918));
#2413 = VECTOR('',#2414,1.);
#2414 = DIRECTION('',(0.866025403784,-0.,0.5));
#2415 = PCURVE('',#846,#2416);
#2416 = DEFINITIONAL_REPRESENTATION('',(#2417),#2421);
#2417 = LINE('',#2418,#2419);
#2418 = CARTESIAN_POINT('',(-45.19105228439,-131.8306397208));
#2419 = VECTOR('',#2420,1.);
#2420 = DIRECTION('',(-0.866025403784,0.5));
#2421 = ( GEOMETRIC_REPRESENTATION_CONTEXT(2) 
PARAMETRIC_REPRESENTATION_CONTEXT() REPRESENTATION_CONTEXT('2D SPACE',''
  ) );
#2422 = PCURVE('',#2423,#2428);
#2423 = PLANE('',#2424);
#2424 = AXIS2_PLACEMENT_3D('',#2425,#2426,#2427);
#2425 = CARTESIAN_POINT('',(-7.752014238603E-16,36.1,200.78));
#2426 = DIRECTION('',(0.5,-0.,-0.866025403784));
#2427 = DIRECTION('',(-0.866025403784,0.,-0.5));
#2428 = DEFINITIONAL_REPRESENTATION('',(#2429),#2433);
#2429 = LINE('',#2430,#2431);
#2430 = CARTESIAN_POINT('',(-26.77872055837,-0.1));
#2431 = VECTOR('',#2432,1.);
#2432 = DIRECTION('',(-1.,0.));
#2433 = ( GEOMETRIC_REPRESENTATION_CONTEXT(2) 
PARAMETRIC_REPRESENTATION_CONTEXT() REPRESENTATION_CONTEXT('2D SPACE',''
  ) );
#2434 = ORIENTED_EDGE('',*,*,#2435,.F.);
#2435 = EDGE_CURVE('',#2436,#2408,#2438,.T.);
#2436 = VERTEX_POINT('',#2437);
#2437 = CARTESIAN_POINT('',(-3.65462720397,36.,202.89));
#2438 = SURFACE_CURVE('',#2439,(#2443,#2450),.PCURVE_S1.);
#2439 = LINE('',#2440,#2441);
#2440 = CARTESIAN_POINT('',(-41.51836588637,36.,224.75063972081));
#2441 = VECTOR('',#2442,1.);
#2442 = DIRECTION('',(0.866025403784,-0.,-0.5));
#2443 = PCURVE('',#846,#2444);
#2444 = DEFINITIONAL_REPRESENTATION('',(#2445),#2449);
#2445 = LINE('',#2446,#2447);
#2446 = CARTESIAN_POINT('',(19.518365886379,-121.2493602791));
#2447 = VECTOR('',#2448,1.);
#2448 = DIRECTION('',(-0.866025403784,-0.5));
#2449 = ( GEOMETRIC_REPRESENTATION_CONTEXT(2) 
PARAMETRIC_REPRESENTATION_CONTEXT() REPRESENTATION_CONTEXT('2D SPACE',''
  ) );
#2450 = PCURVE('',#2451,#2456);
#2451 = PLANE('',#2452);
#2452 = AXIS2_PLACEMENT_3D('',#2453,#2454,#2455);
#2453 = CARTESIAN_POINT('',(-3.65462720397,36.1,202.89));
#2454 = DIRECTION('',(-0.5,-0.,-0.866025403784));
#2455 = DIRECTION('',(-0.866025403784,0.,0.5));
#2456 = DEFINITIONAL_REPRESENTATION('',(#2457),#2461);
#2457 = LINE('',#2458,#2459);
#2458 = CARTESIAN_POINT('',(43.721279441629,-0.1));
#2459 = VECTOR('',#2460,1.);
#2460 = DIRECTION('',(-1.,0.));
#2461 = ( GEOMETRIC_REPRESENTATION_CONTEXT(2) 
PARAMETRIC_REPRESENTATION_CONTEXT() REPRESENTATION_CONTEXT('2D SPACE',''
  ) );
#2462 = ORIENTED_EDGE('',*,*,#2463,.F.);
#2463 = EDGE_CURVE('',#2464,#2436,#2466,.T.);
#2464 = VERTEX_POINT('',#2465);
#2465 = CARTESIAN_POINT('',(-3.65462720397,36.,207.11));
#2466 = SURFACE_CURVE('',#2467,(#2471,#2478),.PCURVE_S1.);
#2467 = LINE('',#2468,#2469);
#2468 = CARTESIAN_POINT('',(-3.65462720397,36.,276.555));
#2469 = VECTOR('',#2470,1.);
#2470 = DIRECTION('',(1.052344099171E-16,-0.,-1.));
#2471 = PCURVE('',#846,#2472);
#2472 = DEFINITIONAL_REPRESENTATION('',(#2473),#2477);
#2473 = LINE('',#2474,#2475);
#2474 = CARTESIAN_POINT('',(-18.34537279603,-69.445));
#2475 = VECTOR('',#2476,1.);
#2476 = DIRECTION('',(-1.052344099171E-16,-1.));
#2477 = ( GEOMETRIC_REPRESENTATION_CONTEXT(2) 
PARAMETRIC_REPRESENTATION_CONTEXT() REPRESENTATION_CONTEXT('2D SPACE',''
  ) );
#2478 = PCURVE('',#2479,#2484);
#2479 = PLANE('',#2480);
#2480 = AXIS2_PLACEMENT_3D('',#2481,#2482,#2483);
#2481 = CARTESIAN_POINT('',(-3.65462720397,36.1,207.11));
#2482 = DIRECTION('',(-1.,-0.,-1.052344099171E-16));
#2483 = DIRECTION('',(-1.052344099171E-16,0.,1.));
#2484 = DEFINITIONAL_REPRESENTATION('',(#2485),#2489);
#2485 = LINE('',#2486,#2487);
#2486 = CARTESIAN_POINT('',(69.445,-0.1));
#2487 = VECTOR('',#2488,1.);
#2488 = DIRECTION('',(-1.,0.));
#2489 = ( GEOMETRIC_REPRESENTATION_CONTEXT(2) 
PARAMETRIC_REPRESENTATION_CONTEXT() REPRESENTATION_CONTEXT('2D SPACE',''
  ) );
#2490 = ORIENTED_EDGE('',*,*,#2491,.F.);
#2491 = EDGE_CURVE('',#2352,#2464,#2492,.T.);
#2492 = SURFACE_CURVE('',#2493,(#2497,#2504),.PCURVE_S1.);
#2493 = LINE('',#2494,#2495);
#2494 = CARTESIAN_POINT('',(21.363738682409,36.,221.55436027918));
#2495 = VECTOR('',#2496,1.);
#2496 = DIRECTION('',(-0.866025403784,-0.,-0.5));
#2497 = PCURVE('',#846,#2498);
#2498 = DEFINITIONAL_REPRESENTATION('',(#2499),#2503);
#2499 = LINE('',#2500,#2501);
#2500 = CARTESIAN_POINT('',(-43.3637386824,-124.4456397208));
#2501 = VECTOR('',#2502,1.);
#2502 = DIRECTION('',(0.866025403784,-0.5));
#2503 = ( GEOMETRIC_REPRESENTATION_CONTEXT(2) 
PARAMETRIC_REPRESENTATION_CONTEXT() REPRESENTATION_CONTEXT('2D SPACE',''
  ) );
#2504 = PCURVE('',#2505,#2510);
#2505 = PLANE('',#2506);
#2506 = AXIS2_PLACEMENT_3D('',#2507,#2508,#2509);
#2507 = CARTESIAN_POINT('',(2.584004746201E-16,36.1,209.22));
#2508 = DIRECTION('',(-0.5,-0.,0.866025403784));
#2509 = DIRECTION('',(0.866025403784,0.,0.5));
#2510 = DEFINITIONAL_REPRESENTATION('',(#2511),#2515);
#2511 = LINE('',#2512,#2513);
#2512 = CARTESIAN_POINT('',(24.668720558371,-0.1));
#2513 = VECTOR('',#2514,1.);
#2514 = DIRECTION('',(-1.,0.));
#2515 = ( GEOMETRIC_REPRESENTATION_CONTEXT(2) 
PARAMETRIC_REPRESENTATION_CONTEXT() REPRESENTATION_CONTEXT('2D SPACE',''
  ) );
#2516 = FACE_BOUND('',#2517,.F.);
#2517 = EDGE_LOOP('',(#2518,#2548,#2576,#2604,#2632,#2660));
#2518 = ORIENTED_EDGE('',*,*,#2519,.F.);
#2519 = EDGE_CURVE('',#2520,#2522,#2524,.T.);
#2520 = VERTEX_POINT('',#2521);
#2521 = CARTESIAN_POINT('',(3.65462720397,36.,222.11));
#2522 = VERTEX_POINT('',#2523);
#2523 = CARTESIAN_POINT('',(2.584004746201E-16,36.,224.22));
#2524 = SURFACE_CURVE('',#2525,(#2529,#2536),.PCURVE_S1.);
#2525 = LINE('',#2526,#2527);
#2526 = CARTESIAN_POINT('',(-32.78882981623,36.,243.15063972081));
#2527 = VECTOR('',#2528,1.);
#2528 = DIRECTION('',(-0.866025403784,-0.,0.5));
#2529 = PCURVE('',#846,#2530);
#2530 = DEFINITIONAL_REPRESENTATION('',(#2531),#2535);
#2531 = LINE('',#2532,#2533);
#2532 = CARTESIAN_POINT('',(10.788829816232,-102.8493602791));
#2533 = VECTOR('',#2534,1.);
#2534 = DIRECTION('',(0.866025403784,0.5));
#2535 = ( GEOMETRIC_REPRESENTATION_CONTEXT(2) 
PARAMETRIC_REPRESENTATION_CONTEXT() REPRESENTATION_CONTEXT('2D SPACE',''
  ) );
#2536 = PCURVE('',#2537,#2542);
#2537 = PLANE('',#2538);
#2538 = AXIS2_PLACEMENT_3D('',#2539,#2540,#2541);
#2539 = CARTESIAN_POINT('',(3.65462720397,36.1,222.11));
#2540 = DIRECTION('',(0.5,0.,0.866025403784));
#2541 = DIRECTION('',(0.866025403784,0.,-0.5));
#2542 = DEFINITIONAL_REPRESENTATION('',(#2543),#2547);
#2543 = LINE('',#2544,#2545);
#2544 = CARTESIAN_POINT('',(-42.08127944162,-0.1));
#2545 = VECTOR('',#2546,1.);
#2546 = DIRECTION('',(-1.,0.));
#2547 = ( GEOMETRIC_REPRESENTATION_CONTEXT(2) 
PARAMETRIC_REPRESENTATION_CONTEXT() REPRESENTATION_CONTEXT('2D SPACE',''
  ) );
#2548 = ORIENTED_EDGE('',*,*,#2549,.F.);
#2549 = EDGE_CURVE('',#2550,#2520,#2552,.T.);
#2550 = VERTEX_POINT('',#2551);
#2551 = CARTESIAN_POINT('',(3.65462720397,36.,217.89));
#2552 = SURFACE_CURVE('',#2553,(#2557,#2564),.PCURVE_S1.);
#2553 = LINE('',#2554,#2555);
#2554 = CARTESIAN_POINT('',(3.65462720397,36.,281.945));
#2555 = VECTOR('',#2556,1.);
#2556 = DIRECTION('',(3.157032297512E-16,-0.,1.));
#2557 = PCURVE('',#846,#2558);
#2558 = DEFINITIONAL_REPRESENTATION('',(#2559),#2563);
#2559 = LINE('',#2560,#2561);
#2560 = CARTESIAN_POINT('',(-25.65462720397,-64.055));
#2561 = VECTOR('',#2562,1.);
#2562 = DIRECTION('',(-3.157032297512E-16,1.));
#2563 = ( GEOMETRIC_REPRESENTATION_CONTEXT(2) 
PARAMETRIC_REPRESENTATION_CONTEXT() REPRESENTATION_CONTEXT('2D SPACE',''
  ) );
#2564 = PCURVE('',#2565,#2570);
#2565 = PLANE('',#2566);
#2566 = AXIS2_PLACEMENT_3D('',#2567,#2568,#2569);
#2567 = CARTESIAN_POINT('',(3.65462720397,36.1,217.89));
#2568 = DIRECTION('',(1.,-0.,-3.157032297512E-16));
#2569 = DIRECTION('',(-3.157032297512E-16,0.,-1.));
#2570 = DEFINITIONAL_REPRESENTATION('',(#2571),#2575);
#2571 = LINE('',#2572,#2573);
#2572 = CARTESIAN_POINT('',(-64.055,-0.1));
#2573 = VECTOR('',#2574,1.);
#2574 = DIRECTION('',(-1.,0.));
#2575 = ( GEOMETRIC_REPRESENTATION_CONTEXT(2) 
PARAMETRIC_REPRESENTATION_CONTEXT() REPRESENTATION_CONTEXT('2D SPACE',''
  ) );
#2576 = ORIENTED_EDGE('',*,*,#2577,.F.);
#2577 = EDGE_CURVE('',#2578,#2550,#2580,.T.);
#2578 = VERTEX_POINT('',#2579);
#2579 = CARTESIAN_POINT('',(-7.752014238603E-16,36.,215.78));
#2580 = SURFACE_CURVE('',#2581,(#2585,#2592),.PCURVE_S1.);
#2581 = LINE('',#2582,#2583);
#2582 = CARTESIAN_POINT('',(19.943457020202,36.,227.29436027918));
#2583 = VECTOR('',#2584,1.);
#2584 = DIRECTION('',(0.866025403784,-0.,0.5));
#2585 = PCURVE('',#846,#2586);
#2586 = DEFINITIONAL_REPRESENTATION('',(#2587),#2591);
#2587 = LINE('',#2588,#2589);
#2588 = CARTESIAN_POINT('',(-41.9434570202,-118.7056397208));
#2589 = VECTOR('',#2590,1.);
#2590 = DIRECTION('',(-0.866025403784,0.5));
#2591 = ( GEOMETRIC_REPRESENTATION_CONTEXT(2) 
PARAMETRIC_REPRESENTATION_CONTEXT() REPRESENTATION_CONTEXT('2D SPACE',''
  ) );
#2592 = PCURVE('',#2593,#2598);
#2593 = PLANE('',#2594);
#2594 = AXIS2_PLACEMENT_3D('',#2595,#2596,#2597);
#2595 = CARTESIAN_POINT('',(-7.752014238603E-16,36.1,215.78));
#2596 = DIRECTION('',(0.5,-0.,-0.866025403784));
#2597 = DIRECTION('',(-0.866025403784,0.,-0.5));
#2598 = DEFINITIONAL_REPRESENTATION('',(#2599),#2603);
#2599 = LINE('',#2600,#2601);
#2600 = CARTESIAN_POINT('',(-23.02872055837,-0.1));
#2601 = VECTOR('',#2602,1.);
#2602 = DIRECTION('',(-1.,0.));
#2603 = ( GEOMETRIC_REPRESENTATION_CONTEXT(2) 
PARAMETRIC_REPRESENTATION_CONTEXT() REPRESENTATION_CONTEXT('2D SPACE',''
  ) );
#2604 = ORIENTED_EDGE('',*,*,#2605,.F.);
#2605 = EDGE_CURVE('',#2606,#2578,#2608,.T.);
#2606 = VERTEX_POINT('',#2607);
#2607 = CARTESIAN_POINT('',(-3.65462720397,36.,217.89));
#2608 = SURFACE_CURVE('',#2609,(#2613,#2620),.PCURVE_S1.);
#2609 = LINE('',#2610,#2611);
#2610 = CARTESIAN_POINT('',(-38.27077062218,36.,237.87563972081));
#2611 = VECTOR('',#2612,1.);
#2612 = DIRECTION('',(0.866025403784,-0.,-0.5));
#2613 = PCURVE('',#846,#2614);
#2614 = DEFINITIONAL_REPRESENTATION('',(#2615),#2619);
#2615 = LINE('',#2616,#2617);
#2616 = CARTESIAN_POINT('',(16.270770622188,-108.1243602791));
#2617 = VECTOR('',#2618,1.);
#2618 = DIRECTION('',(-0.866025403784,-0.5));
#2619 = ( GEOMETRIC_REPRESENTATION_CONTEXT(2) 
PARAMETRIC_REPRESENTATION_CONTEXT() REPRESENTATION_CONTEXT('2D SPACE',''
  ) );
#2620 = PCURVE('',#2621,#2626);
#2621 = PLANE('',#2622);
#2622 = AXIS2_PLACEMENT_3D('',#2623,#2624,#2625);
#2623 = CARTESIAN_POINT('',(-3.65462720397,36.1,217.89));
#2624 = DIRECTION('',(-0.5,-0.,-0.866025403784));
#2625 = DIRECTION('',(-0.866025403784,0.,0.5));
#2626 = DEFINITIONAL_REPRESENTATION('',(#2627),#2631);
#2627 = LINE('',#2628,#2629);
#2628 = CARTESIAN_POINT('',(39.971279441629,-0.1));
#2629 = VECTOR('',#2630,1.);
#2630 = DIRECTION('',(-1.,0.));
#2631 = ( GEOMETRIC_REPRESENTATION_CONTEXT(2) 
PARAMETRIC_REPRESENTATION_CONTEXT() REPRESENTATION_CONTEXT('2D SPACE',''
  ) );
#2632 = ORIENTED_EDGE('',*,*,#2633,.F.);
#2633 = EDGE_CURVE('',#2634,#2606,#2636,.T.);
#2634 = VERTEX_POINT('',#2635);
#2635 = CARTESIAN_POINT('',(-3.65462720397,36.,222.11));
#2636 = SURFACE_CURVE('',#2637,(#2641,#2648),.PCURVE_S1.);
#2637 = LINE('',#2638,#2639);
#2638 = CARTESIAN_POINT('',(-3.65462720397,36.,284.055));
#2639 = VECTOR('',#2640,1.);
#2640 = DIRECTION('',(1.052344099171E-16,-0.,-1.));
#2641 = PCURVE('',#846,#2642);
#2642 = DEFINITIONAL_REPRESENTATION('',(#2643),#2647);
#2643 = LINE('',#2644,#2645);
#2644 = CARTESIAN_POINT('',(-18.34537279603,-61.945));
#2645 = VECTOR('',#2646,1.);
#2646 = DIRECTION('',(-1.052344099171E-16,-1.));
#2647 = ( GEOMETRIC_REPRESENTATION_CONTEXT(2) 
PARAMETRIC_REPRESENTATION_CONTEXT() REPRESENTATION_CONTEXT('2D SPACE',''
  ) );
#2648 = PCURVE('',#2649,#2654);
#2649 = PLANE('',#2650);
#2650 = AXIS2_PLACEMENT_3D('',#2651,#2652,#2653);
#2651 = CARTESIAN_POINT('',(-3.65462720397,36.1,222.11));
#2652 = DIRECTION('',(-1.,-0.,-1.052344099171E-16));
#2653 = DIRECTION('',(-1.052344099171E-16,0.,1.));
#2654 = DEFINITIONAL_REPRESENTATION('',(#2655),#2659);
#2655 = LINE('',#2656,#2657);
#2656 = CARTESIAN_POINT('',(61.945,-0.1));
#2657 = VECTOR('',#2658,1.);
#2658 = DIRECTION('',(-1.,0.));
#2659 = ( GEOMETRIC_REPRESENTATION_CONTEXT(2) 
PARAMETRIC_REPRESENTATION_CONTEXT() REPRESENTATION_CONTEXT('2D SPACE',''
  ) );
#2660 = ORIENTED_EDGE('',*,*,#2661,.F.);
#2661 = EDGE_CURVE('',#2522,#2634,#2662,.T.);
#2662 = SURFACE_CURVE('',#2663,(#2667,#2674),.PCURVE_S1.);
#2663 = LINE('',#2664,#2665);
#2664 = CARTESIAN_POINT('',(18.116143418217,36.,234.67936027918));
#2665 = VECTOR('',#2666,1.);
#2666 = DIRECTION('',(-0.866025403784,-0.,-0.5));
#2667 = PCURVE('',#846,#2668);
#2668 = DEFINITIONAL_REPRESENTATION('',(#2669),#2673);
#2669 = LINE('',#2670,#2671);
#2670 = CARTESIAN_POINT('',(-40.11614341821,-111.3206397208));
#2671 = VECTOR('',#2672,1.);
#2672 = DIRECTION('',(0.866025403784,-0.5));
#2673 = ( GEOMETRIC_REPRESENTATION_CONTEXT(2) 
PARAMETRIC_REPRESENTATION_CONTEXT() REPRESENTATION_CONTEXT('2D SPACE',''
  ) );
#2674 = PCURVE('',#2675,#2680);
#2675 = PLANE('',#2676);
#2676 = AXIS2_PLACEMENT_3D('',#2677,#2678,#2679);
#2677 = CARTESIAN_POINT('',(2.584004746201E-16,36.1,224.22));
#2678 = DIRECTION('',(-0.5,-0.,0.866025403784));
#2679 = DIRECTION('',(0.866025403784,0.,0.5));
#2680 = DEFINITIONAL_REPRESENTATION('',(#2681),#2685);
#2681 = LINE('',#2682,#2683);
#2682 = CARTESIAN_POINT('',(20.918720558371,-0.1));
#2683 = VECTOR('',#2684,1.);
#2684 = DIRECTION('',(-1.,0.));
#2685 = ( GEOMETRIC_REPRESENTATION_CONTEXT(2) 
PARAMETRIC_REPRESENTATION_CONTEXT() REPRESENTATION_CONTEXT('2D SPACE',''
  ) );
#2686 = ADVANCED_FACE('',(#2687),#871,.T.);
#2687 = FACE_BOUND('',#2688,.F.);
#2688 = EDGE_LOOP('',(#2689,#2690,#2710,#2731));
#2689 = ORIENTED_EDGE('',*,*,#2257,.T.);
#2690 = ORIENTED_EDGE('',*,*,#2691,.T.);
#2691 = EDGE_CURVE('',#2238,#2692,#2694,.T.);
#2692 = VERTEX_POINT('',#2693);
#2693 = CARTESIAN_POINT('',(22.,22.,360.));
#2694 = SURFACE_CURVE('',#2695,(#2698,#2704),.PCURVE_S1.);
#2695 = B_SPLINE_CURVE_WITH_KNOTS('',1,(#2696,#2697),.UNSPECIFIED.,.F.,
  .F.,(2,2),(0.,1.),.PIECEWISE_BEZIER_KNOTS.);
#2696 = CARTESIAN_POINT('',(22.,36.,346.));
#2697 = CARTESIAN_POINT('',(22.,22.,360.));
#2698 = PCURVE('',#871,#2699);
#2699 = DEFINITIONAL_REPRESENTATION('',(#2700),#2703);
#2700 = B_SPLINE_CURVE_WITH_KNOTS('',1,(#2701,#2702),.UNSPECIFIED.,.F.,
  .F.,(2,2),(0.,1.),.PIECEWISE_BEZIER_KNOTS.);
#2701 = CARTESIAN_POINT('',(-44.,-19.79898987322));
#2702 = CARTESIAN_POINT('',(-44.,0.));
#2703 = ( GEOMETRIC_REPRESENTATION_CONTEXT(2) 
PARAMETRIC_REPRESENTATION_CONTEXT() REPRESENTATION_CONTEXT('2D SPACE',''
  ) );
#2704 = PCURVE('',#1737,#2705);
#2705 = DEFINITIONAL_REPRESENTATION('',(#2706),#2709);
#2706 = B_SPLINE_CURVE_WITH_KNOTS('',1,(#2707,#2708),.UNSPECIFIED.,.F.,
  .F.,(2,2),(0.,1.),.PIECEWISE_BEZIER_KNOTS.);
#2707 = CARTESIAN_POINT('',(0.,0.));
#2708 = CARTESIAN_POINT('',(-14.,14.));
#2709 = ( GEOMETRIC_REPRESENTATION_CONTEXT(2) 
PARAMETRIC_REPRESENTATION_CONTEXT() REPRESENTATION_CONTEXT('2D SPACE',''
  ) );
#2710 = ORIENTED_EDGE('',*,*,#2711,.F.);
#2711 = EDGE_CURVE('',#858,#2692,#2712,.T.);
#2712 = SURFACE_CURVE('',#2713,(#2717,#2724),.PCURVE_S1.);
#2713 = LINE('',#2714,#2715);
#2714 = CARTESIAN_POINT('',(-22.,22.,360.));
#2715 = VECTOR('',#2716,1.);
#2716 = DIRECTION('',(1.,-0.,-0.));
#2717 = PCURVE('',#871,#2718);
#2718 = DEFINITIONAL_REPRESENTATION('',(#2719),#2723);
#2719 = LINE('',#2720,#2721);
#2720 = CARTESIAN_POINT('',(-0.,0.));
#2721 = VECTOR('',#2722,1.);
#2722 = DIRECTION('',(-1.,0.));
#2723 = ( GEOMETRIC_REPRESENTATION_CONTEXT(2) 
PARAMETRIC_REPRESENTATION_CONTEXT() REPRESENTATION_CONTEXT('2D SPACE',''
  ) );
#2724 = PCURVE('',#1016,#2725);
#2725 = DEFINITIONAL_REPRESENTATION('',(#2726),#2730);
#2726 = LINE('',#2727,#2728);
#2727 = CARTESIAN_POINT('',(-22.,22.));
#2728 = VECTOR('',#2729,1.);
#2729 = DIRECTION('',(-1.,0.));
#2730 = ( GEOMETRIC_REPRESENTATION_CONTEXT(2) 
PARAMETRIC_REPRESENTATION_CONTEXT() REPRESENTATION_CONTEXT('2D SPACE',''
  ) );
#2731 = ORIENTED_EDGE('',*,*,#857,.F.);
#2732 = ADVANCED_FACE('',(#2733),#1016,.F.);
#2733 = FACE_BOUND('',#2734,.T.);
#2734 = EDGE_LOOP('',(#2735,#2736,#2764,#2787,#2815,#2838,#2866,#2889,
    #2917,#2938));
#2735 = ORIENTED_EDGE('',*,*,#1002,.F.);
#2736 = ORIENTED_EDGE('',*,*,#2737,.T.);
#2737 = EDGE_CURVE('',#978,#2738,#2740,.T.);
#2738 = VERTEX_POINT('',#2739);
#2739 = CARTESIAN_POINT('',(-63.05255888325,-11.,360.));
#2740 = SURFACE_CURVE('',#2741,(#2746,#2757),.PCURVE_S1.);
#2741 = CIRCLE('',#2742,22.);
#2742 = AXIS2_PLACEMENT_3D('',#2743,#2744,#2745);
#2743 = CARTESIAN_POINT('',(-44.,0.,360.));
#2744 = DIRECTION('',(0.,0.,1.));
#2745 = DIRECTION('',(1.,-0.,-0.));
#2746 = PCURVE('',#1016,#2747);
#2747 = DEFINITIONAL_REPRESENTATION('',(#2748),#2756);
#2748 = ( BOUNDED_CURVE() B_SPLINE_CURVE(2,(#2749,#2750,#2751,#2752,
#2753,#2754,#2755),.UNSPECIFIED.,.T.,.F.) B_SPLINE_CURVE_WITH_KNOTS((1,2
    ,2,2,2,1),(-2.094395102393,0.,2.094395102393,4.188790204786,
6.28318530718,8.377580409573),.UNSPECIFIED.) CURVE() 
GEOMETRIC_REPRESENTATION_ITEM() RATIONAL_B_SPLINE_CURVE((1.,0.5,1.,0.5,
1.,0.5,1.)) REPRESENTATION_ITEM('') );
#2749 = CARTESIAN_POINT('',(-22.,0.));
#2750 = CARTESIAN_POINT('',(-22.,38.105117766515));
#2751 = CARTESIAN_POINT('',(11.,19.052558883258));
#2752 = CARTESIAN_POINT('',(44.,5.388445916248E-15));
#2753 = CARTESIAN_POINT('',(11.,-19.05255888325));
#2754 = CARTESIAN_POINT('',(-22.,-38.10511776651));
#2755 = CARTESIAN_POINT('',(-22.,0.));
#2756 = ( GEOMETRIC_REPRESENTATION_CONTEXT(2) 
PARAMETRIC_REPRESENTATION_CONTEXT() REPRESENTATION_CONTEXT('2D SPACE',''
  ) );
#2757 = PCURVE('',#991,#2758);
#2758 = DEFINITIONAL_REPRESENTATION('',(#2759),#2763);
#2759 = LINE('',#2760,#2761);
#2760 = CARTESIAN_POINT('',(-0.,-3.));
#2761 = VECTOR('',#2762,1.);
#2762 = DIRECTION('',(-1.,-0.));
#2763 = ( GEOMETRIC_REPRESENTATION_CONTEXT(2) 
PARAMETRIC_REPRESENTATION_CONTEXT() REPRESENTATION_CONTEXT('2D SPACE',''
  ) );
#2764 = ORIENTED_EDGE('',*,*,#2765,.F.);
#2765 = EDGE_CURVE('',#2766,#2738,#2768,.T.);
#2766 = VERTEX_POINT('',#2767);
#2767 = CARTESIAN_POINT('',(-41.05255888325,-49.10511776651,360.));
#2768 = SURFACE_CURVE('',#2769,(#2773,#2780),.PCURVE_S1.);
#2769 = LINE('',#2770,#2771);
#2770 = CARTESIAN_POINT('',(-41.05255888325,-49.10511776651,360.));
#2771 = VECTOR('',#2772,1.);
#2772 = DIRECTION('',(-0.5,0.866025403784,-0.));
#2773 = PCURVE('',#1016,#2774);
#2774 = DEFINITIONAL_REPRESENTATION('',(#2775),#2779);
#2775 = LINE('',#2776,#2777);
#2776 = CARTESIAN_POINT('',(-2.947441116742,-49.10511776651));
#2777 = VECTOR('',#2778,1.);
#2778 = DIRECTION('',(0.5,0.866025403784));
#2779 = ( GEOMETRIC_REPRESENTATION_CONTEXT(2) 
PARAMETRIC_REPRESENTATION_CONTEXT() REPRESENTATION_CONTEXT('2D SPACE',''
  ) );
#2780 = PCURVE('',#2221,#2781);
#2781 = DEFINITIONAL_REPRESENTATION('',(#2782),#2786);
#2782 = LINE('',#2783,#2784);
#2783 = CARTESIAN_POINT('',(-0.,0.));
#2784 = VECTOR('',#2785,1.);
#2785 = DIRECTION('',(1.,-0.));
#2786 = ( GEOMETRIC_REPRESENTATION_CONTEXT(2) 
PARAMETRIC_REPRESENTATION_CONTEXT() REPRESENTATION_CONTEXT('2D SPACE',''
  ) );
#2787 = ORIENTED_EDGE('',*,*,#2788,.T.);
#2788 = EDGE_CURVE('',#2766,#2789,#2791,.T.);
#2789 = VERTEX_POINT('',#2790);
#2790 = CARTESIAN_POINT('',(-22.,-60.10511776651,360.));
#2791 = SURFACE_CURVE('',#2792,(#2797,#2808),.PCURVE_S1.);
#2792 = CIRCLE('',#2793,22.);
#2793 = AXIS2_PLACEMENT_3D('',#2794,#2795,#2796);
#2794 = CARTESIAN_POINT('',(-22.,-38.10511776651,360.));
#2795 = DIRECTION('',(0.,0.,1.));
#2796 = DIRECTION('',(-0.5,0.866025403784,-0.));
#2797 = PCURVE('',#1016,#2798);
#2798 = DEFINITIONAL_REPRESENTATION('',(#2799),#2807);
#2799 = ( BOUNDED_CURVE() B_SPLINE_CURVE(2,(#2800,#2801,#2802,#2803,
#2804,#2805,#2806),.UNSPECIFIED.,.T.,.F.) B_SPLINE_CURVE_WITH_KNOTS((1,2
    ,2,2,2,1),(-2.094395102393,0.,2.094395102393,4.188790204786,
6.28318530718,8.377580409573),.UNSPECIFIED.) CURVE() 
GEOMETRIC_REPRESENTATION_ITEM() RATIONAL_B_SPLINE_CURVE((1.,0.5,1.,0.5,
1.,0.5,1.)) REPRESENTATION_ITEM('') );
#2800 = CARTESIAN_POINT('',(-11.,-19.05255888325));
#2801 = CARTESIAN_POINT('',(22.,-38.10511776651));
#2802 = CARTESIAN_POINT('',(-11.,-57.15767664977));
#2803 = CARTESIAN_POINT('',(-44.,-76.21023553303));
#2804 = CARTESIAN_POINT('',(-44.,-38.10511776651));
#2805 = CARTESIAN_POINT('',(-44.,-1.42108547152E-14));
#2806 = CARTESIAN_POINT('',(-11.,-19.05255888325));
#2807 = ( GEOMETRIC_REPRESENTATION_CONTEXT(2) 
PARAMETRIC_REPRESENTATION_CONTEXT() REPRESENTATION_CONTEXT('2D SPACE',''
  ) );
#2808 = PCURVE('',#2172,#2809);
#2809 = DEFINITIONAL_REPRESENTATION('',(#2810),#2814);
#2810 = LINE('',#2811,#2812);
#2811 = CARTESIAN_POINT('',(-0.,-3.));
#2812 = VECTOR('',#2813,1.);
#2813 = DIRECTION('',(-1.,-0.));
#2814 = ( GEOMETRIC_REPRESENTATION_CONTEXT(2) 
PARAMETRIC_REPRESENTATION_CONTEXT() REPRESENTATION_CONTEXT('2D SPACE',''
  ) );
#2815 = ORIENTED_EDGE('',*,*,#2816,.F.);
#2816 = EDGE_CURVE('',#2817,#2789,#2819,.T.);
#2817 = VERTEX_POINT('',#2818);
#2818 = CARTESIAN_POINT('',(22.,-60.10511776651,360.));
#2819 = SURFACE_CURVE('',#2820,(#2824,#2831),.PCURVE_S1.);
#2820 = LINE('',#2821,#2822);
#2821 = CARTESIAN_POINT('',(22.,-60.10511776651,360.));
#2822 = VECTOR('',#2823,1.);
#2823 = DIRECTION('',(-1.,-0.,0.));
#2824 = PCURVE('',#1016,#2825);
#2825 = DEFINITIONAL_REPRESENTATION('',(#2826),#2830);
#2826 = LINE('',#2827,#2828);
#2827 = CARTESIAN_POINT('',(-66.,-60.10511776651));
#2828 = VECTOR('',#2829,1.);
#2829 = DIRECTION('',(1.,-0.));
#2830 = ( GEOMETRIC_REPRESENTATION_CONTEXT(2) 
PARAMETRIC_REPRESENTATION_CONTEXT() REPRESENTATION_CONTEXT('2D SPACE',''
  ) );
#2831 = PCURVE('',#2120,#2832);
#2832 = DEFINITIONAL_REPRESENTATION('',(#2833),#2837);
#2833 = LINE('',#2834,#2835);
#2834 = CARTESIAN_POINT('',(-0.,0.));
#2835 = VECTOR('',#2836,1.);
#2836 = DIRECTION('',(1.,-0.));
#2837 = ( GEOMETRIC_REPRESENTATION_CONTEXT(2) 
PARAMETRIC_REPRESENTATION_CONTEXT() REPRESENTATION_CONTEXT('2D SPACE',''
  ) );
#2838 = ORIENTED_EDGE('',*,*,#2839,.T.);
#2839 = EDGE_CURVE('',#2817,#2840,#2842,.T.);
#2840 = VERTEX_POINT('',#2841);
#2841 = CARTESIAN_POINT('',(41.052558883258,-49.10511776651,360.));
#2842 = SURFACE_CURVE('',#2843,(#2848,#2859),.PCURVE_S1.);
#2843 = CIRCLE('',#2844,22.);
#2844 = AXIS2_PLACEMENT_3D('',#2845,#2846,#2847);
#2845 = CARTESIAN_POINT('',(22.,-38.10511776651,360.));
#2846 = DIRECTION('',(0.,-0.,1.));
#2847 = DIRECTION('',(-1.,-0.,0.));
#2848 = PCURVE('',#1016,#2849);
#2849 = DEFINITIONAL_REPRESENTATION('',(#2850),#2858);
#2850 = ( BOUNDED_CURVE() B_SPLINE_CURVE(2,(#2851,#2852,#2853,#2854,
#2855,#2856,#2857),.UNSPECIFIED.,.T.,.F.) B_SPLINE_CURVE_WITH_KNOTS((1,2
    ,2,2,2,1),(-2.094395102393,0.,2.094395102393,4.188790204786,
6.28318530718,8.377580409573),.UNSPECIFIED.) CURVE() 
GEOMETRIC_REPRESENTATION_ITEM() RATIONAL_B_SPLINE_CURVE((1.,0.5,1.,0.5,
1.,0.5,1.)) REPRESENTATION_ITEM('') );
#2851 = CARTESIAN_POINT('',(-44.,-38.10511776651));
#2852 = CARTESIAN_POINT('',(-44.,-76.21023553303));
#2853 = CARTESIAN_POINT('',(-77.,-57.15767664977));
#2854 = CARTESIAN_POINT('',(-110.,-38.10511776651));
#2855 = CARTESIAN_POINT('',(-77.,-19.05255888325));
#2856 = CARTESIAN_POINT('',(-44.,7.105427357601E-15));
#2857 = CARTESIAN_POINT('',(-44.,-38.10511776651));
#2858 = ( GEOMETRIC_REPRESENTATION_CONTEXT(2) 
PARAMETRIC_REPRESENTATION_CONTEXT() REPRESENTATION_CONTEXT('2D SPACE',''
  ) );
#2859 = PCURVE('',#2069,#2860);
#2860 = DEFINITIONAL_REPRESENTATION('',(#2861),#2865);
#2861 = LINE('',#2862,#2863);
#2862 = CARTESIAN_POINT('',(-0.,-3.));
#2863 = VECTOR('',#2864,1.);
#2864 = DIRECTION('',(-1.,-0.));
#2865 = ( GEOMETRIC_REPRESENTATION_CONTEXT(2) 
PARAMETRIC_REPRESENTATION_CONTEXT() REPRESENTATION_CONTEXT('2D SPACE',''
  ) );
#2866 = ORIENTED_EDGE('',*,*,#2867,.F.);
#2867 = EDGE_CURVE('',#2868,#2840,#2870,.T.);
#2868 = VERTEX_POINT('',#2869);
#2869 = CARTESIAN_POINT('',(63.052558883258,-11.,360.));
#2870 = SURFACE_CURVE('',#2871,(#2875,#2882),.PCURVE_S1.);
#2871 = LINE('',#2872,#2873);
#2872 = CARTESIAN_POINT('',(63.052558883258,-11.,360.));
#2873 = VECTOR('',#2874,1.);
#2874 = DIRECTION('',(-0.5,-0.866025403784,0.));
#2875 = PCURVE('',#1016,#2876);
#2876 = DEFINITIONAL_REPRESENTATION('',(#2877),#2881);
#2877 = LINE('',#2878,#2879);
#2878 = CARTESIAN_POINT('',(-107.0525588832,-11.));
#2879 = VECTOR('',#2880,1.);
#2880 = DIRECTION('',(0.5,-0.866025403784));
#2881 = ( GEOMETRIC_REPRESENTATION_CONTEXT(2) 
PARAMETRIC_REPRESENTATION_CONTEXT() REPRESENTATION_CONTEXT('2D SPACE',''
  ) );
#2882 = PCURVE('',#2017,#2883);
#2883 = DEFINITIONAL_REPRESENTATION('',(#2884),#2888);
#2884 = LINE('',#2885,#2886);
#2885 = CARTESIAN_POINT('',(-0.,0.));
#2886 = VECTOR('',#2887,1.);
#2887 = DIRECTION('',(1.,-0.));
#2888 = ( GEOMETRIC_REPRESENTATION_CONTEXT(2) 
PARAMETRIC_REPRESENTATION_CONTEXT() REPRESENTATION_CONTEXT('2D SPACE',''
  ) );
#2889 = ORIENTED_EDGE('',*,*,#2890,.T.);
#2890 = EDGE_CURVE('',#2868,#2891,#2893,.T.);
#2891 = VERTEX_POINT('',#2892);
#2892 = CARTESIAN_POINT('',(44.,22.,360.));
#2893 = SURFACE_CURVE('',#2894,(#2899,#2910),.PCURVE_S1.);
#2894 = CIRCLE('',#2895,22.);
#2895 = AXIS2_PLACEMENT_3D('',#2896,#2897,#2898);
#2896 = CARTESIAN_POINT('',(44.,0.,360.));
#2897 = DIRECTION('',(0.,0.,1.));
#2898 = DIRECTION('',(-0.5,-0.866025403784,0.));
#2899 = PCURVE('',#1016,#2900);
#2900 = DEFINITIONAL_REPRESENTATION('',(#2901),#2909);
#2901 = ( BOUNDED_CURVE() B_SPLINE_CURVE(2,(#2902,#2903,#2904,#2905,
#2906,#2907,#2908),.UNSPECIFIED.,.T.,.F.) B_SPLINE_CURVE_WITH_KNOTS((1,2
    ,2,2,2,1),(-2.094395102393,0.,2.094395102393,4.188790204786,
6.28318530718,8.377580409573),.UNSPECIFIED.) CURVE() 
GEOMETRIC_REPRESENTATION_ITEM() RATIONAL_B_SPLINE_CURVE((1.,0.5,1.,0.5,
1.,0.5,1.)) REPRESENTATION_ITEM('') );
#2902 = CARTESIAN_POINT('',(-77.,-19.05255888325));
#2903 = CARTESIAN_POINT('',(-110.,-38.10511776651));
#2904 = CARTESIAN_POINT('',(-110.,-5.329070518201E-15));
#2905 = CARTESIAN_POINT('',(-110.,38.105117766515));
#2906 = CARTESIAN_POINT('',(-77.,19.052558883258));
#2907 = CARTESIAN_POINT('',(-44.,3.552713678801E-14));
#2908 = CARTESIAN_POINT('',(-77.,-19.05255888325));
#2909 = ( GEOMETRIC_REPRESENTATION_CONTEXT(2) 
PARAMETRIC_REPRESENTATION_CONTEXT() REPRESENTATION_CONTEXT('2D SPACE',''
  ) );
#2910 = PCURVE('',#1966,#2911);
#2911 = DEFINITIONAL_REPRESENTATION('',(#2912),#2916);
#2912 = LINE('',#2913,#2914);
#2913 = CARTESIAN_POINT('',(-0.,-3.));
#2914 = VECTOR('',#2915,1.);
#2915 = DIRECTION('',(-1.,-0.));
#2916 = ( GEOMETRIC_REPRESENTATION_CONTEXT(2) 
PARAMETRIC_REPRESENTATION_CONTEXT() REPRESENTATION_CONTEXT('2D SPACE',''
  ) );
#2917 = ORIENTED_EDGE('',*,*,#2918,.F.);
#2918 = EDGE_CURVE('',#2692,#2891,#2919,.T.);
#2919 = SURFACE_CURVE('',#2920,(#2924,#2931),.PCURVE_S1.);
#2920 = LINE('',#2921,#2922);
#2921 = CARTESIAN_POINT('',(-44.,22.,360.));
#2922 = VECTOR('',#2923,1.);
#2923 = DIRECTION('',(1.,-0.,-0.));
#2924 = PCURVE('',#1016,#2925);
#2925 = DEFINITIONAL_REPRESENTATION('',(#2926),#2930);
#2926 = LINE('',#2927,#2928);
#2927 = CARTESIAN_POINT('',(-0.,22.));
#2928 = VECTOR('',#2929,1.);
#2929 = DIRECTION('',(-1.,0.));
#2930 = ( GEOMETRIC_REPRESENTATION_CONTEXT(2) 
PARAMETRIC_REPRESENTATION_CONTEXT() REPRESENTATION_CONTEXT('2D SPACE',''
  ) );
#2931 = PCURVE('',#1914,#2932);
#2932 = DEFINITIONAL_REPRESENTATION('',(#2933),#2937);
#2933 = LINE('',#2934,#2935);
#2934 = CARTESIAN_POINT('',(0.,-0.));
#2935 = VECTOR('',#2936,1.);
#2936 = DIRECTION('',(1.,-0.));
#2937 = ( GEOMETRIC_REPRESENTATION_CONTEXT(2) 
PARAMETRIC_REPRESENTATION_CONTEXT() REPRESENTATION_CONTEXT('2D SPACE',''
  ) );
#2938 = ORIENTED_EDGE('',*,*,#2711,.F.);
#2939 = ADVANCED_FACE('',(#2940),#991,.T.);
#2940 = FACE_BOUND('',#2941,.T.);
#2941 = EDGE_LOOP('',(#2942,#2943,#2961,#2962));
#2942 = ORIENTED_EDGE('',*,*,#1053,.T.);
#2943 = ORIENTED_EDGE('',*,*,#2944,.T.);
#2944 = EDGE_CURVE('',#1034,#2738,#2945,.T.);
#2945 = SURFACE_CURVE('',#2946,(#2949,#2955),.PCURVE_S1.);
#2946 = B_SPLINE_CURVE_WITH_KNOTS('',1,(#2947,#2948),.UNSPECIFIED.,.F.,
  .F.,(2,2),(0.,1.),.PIECEWISE_BEZIER_KNOTS.);
#2947 = CARTESIAN_POINT('',(-63.91858428704,-11.5,357.));
#2948 = CARTESIAN_POINT('',(-63.05255888325,-11.,360.));
#2949 = PCURVE('',#991,#2950);
#2950 = DEFINITIONAL_REPRESENTATION('',(#2951),#2954);
#2951 = B_SPLINE_CURVE_WITH_KNOTS('',1,(#2952,#2953),.UNSPECIFIED.,.F.,
  .F.,(2,2),(0.,1.),.PIECEWISE_BEZIER_KNOTS.);
#2952 = CARTESIAN_POINT('',(-3.665191429188,0.));
#2953 = CARTESIAN_POINT('',(-3.665191429188,-3.));
#2954 = ( GEOMETRIC_REPRESENTATION_CONTEXT(2) 
PARAMETRIC_REPRESENTATION_CONTEXT() REPRESENTATION_CONTEXT('2D SPACE',''
  ) );
#2955 = PCURVE('',#2221,#2956);
#2956 = DEFINITIONAL_REPRESENTATION('',(#2957),#2960);
#2957 = B_SPLINE_CURVE_WITH_KNOTS('',1,(#2958,#2959),.UNSPECIFIED.,.F.,
  .F.,(2,2),(0.,1.),.PIECEWISE_BEZIER_KNOTS.);
#2958 = CARTESIAN_POINT('',(44.,-3.162277660168));
#2959 = CARTESIAN_POINT('',(44.,0.));
#2960 = ( GEOMETRIC_REPRESENTATION_CONTEXT(2) 
PARAMETRIC_REPRESENTATION_CONTEXT() REPRESENTATION_CONTEXT('2D SPACE',''
  ) );
#2961 = ORIENTED_EDGE('',*,*,#2737,.F.);
#2962 = ORIENTED_EDGE('',*,*,#977,.F.);
#2963 = ADVANCED_FACE('',(#2964),#1097,.T.);
#2964 = FACE_BOUND('',#2965,.F.);
#2965 = EDGE_LOOP('',(#2966,#2989,#2990,#2991));
#2966 = ORIENTED_EDGE('',*,*,#2967,.T.);
#2967 = EDGE_CURVE('',#2968,#2281,#2970,.T.);
#2968 = VERTEX_POINT('',#2969);
#2969 = CARTESIAN_POINT('',(-16.,22.,194.));
#2970 = SURFACE_CURVE('',#2971,(#2975,#2982),.PCURVE_S1.);
#2971 = LINE('',#2972,#2973);
#2972 = CARTESIAN_POINT('',(-16.,22.,194.));
#2973 = VECTOR('',#2974,1.);
#2974 = DIRECTION('',(-0.,1.,-0.));
#2975 = PCURVE('',#1097,#2976);
#2976 = DEFINITIONAL_REPRESENTATION('',(#2977),#2981);
#2977 = LINE('',#2978,#2979);
#2978 = CARTESIAN_POINT('',(-0.,-58.));
#2979 = VECTOR('',#2980,1.);
#2980 = DIRECTION('',(-1.,-0.));
#2981 = ( GEOMETRIC_REPRESENTATION_CONTEXT(2) 
PARAMETRIC_REPRESENTATION_CONTEXT() REPRESENTATION_CONTEXT('2D SPACE',''
  ) );
#2982 = PCURVE('',#2316,#2983);
#2983 = DEFINITIONAL_REPRESENTATION('',(#2984),#2988);
#2984 = LINE('',#2985,#2986);
#2985 = CARTESIAN_POINT('',(-5.611463676276,-12.82620268863));
#2986 = VECTOR('',#2987,1.);
#2987 = DIRECTION('',(0.40081883402,0.916157334902));
#2988 = ( GEOMETRIC_REPRESENTATION_CONTEXT(2) 
PARAMETRIC_REPRESENTATION_CONTEXT() REPRESENTATION_CONTEXT('2D SPACE',''
  ) );
#2989 = ORIENTED_EDGE('',*,*,#2280,.T.);
#2990 = ORIENTED_EDGE('',*,*,#1079,.F.);
#2991 = ORIENTED_EDGE('',*,*,#2992,.F.);
#2992 = EDGE_CURVE('',#2968,#1080,#2993,.T.);
#2993 = SURFACE_CURVE('',#2994,(#2997,#3003),.PCURVE_S1.);
#2994 = B_SPLINE_CURVE_WITH_KNOTS('',1,(#2995,#2996),.UNSPECIFIED.,.F.,
  .F.,(2,2),(0.,1.),.PIECEWISE_BEZIER_KNOTS.);
#2995 = CARTESIAN_POINT('',(-16.,22.,194.));
#2996 = CARTESIAN_POINT('',(-16.,22.,252.));
#2997 = PCURVE('',#1097,#2998);
#2998 = DEFINITIONAL_REPRESENTATION('',(#2999),#3002);
#2999 = B_SPLINE_CURVE_WITH_KNOTS('',1,(#3000,#3001),.UNSPECIFIED.,.F.,
  .F.,(2,2),(0.,1.),.PIECEWISE_BEZIER_KNOTS.);
#3000 = CARTESIAN_POINT('',(0.,-58.));
#3001 = CARTESIAN_POINT('',(0.,0.));
#3002 = ( GEOMETRIC_REPRESENTATION_CONTEXT(2) 
PARAMETRIC_REPRESENTATION_CONTEXT() REPRESENTATION_CONTEXT('2D SPACE',''
  ) );
#3003 = PCURVE('',#1169,#3004);
#3004 = DEFINITIONAL_REPRESENTATION('',(#3005),#3008);
#3005 = B_SPLINE_CURVE_WITH_KNOTS('',1,(#3006,#3007),.UNSPECIFIED.,.F.,
  .F.,(2,2),(0.,1.),.PIECEWISE_BEZIER_KNOTS.);
#3006 = CARTESIAN_POINT('',(-16.,-71.));
#3007 = CARTESIAN_POINT('',(-16.,-13.));
#3008 = ( GEOMETRIC_REPRESENTATION_CONTEXT(2) 
PARAMETRIC_REPRESENTATION_CONTEXT() REPRESENTATION_CONTEXT('2D SPACE',''
  ) );
#3009 = ADVANCED_FACE('',(#3010),#1145,.T.);
#3010 = FACE_BOUND('',#3011,.F.);
#3011 = EDGE_LOOP('',(#3012,#3030,#3031));
#3012 = ORIENTED_EDGE('',*,*,#3013,.F.);
#3013 = EDGE_CURVE('',#1130,#1280,#3014,.T.);
#3014 = SURFACE_CURVE('',#3015,(#3018,#3024),.PCURVE_S1.);
#3015 = B_SPLINE_CURVE_WITH_KNOTS('',1,(#3016,#3017),.UNSPECIFIED.,.F.,
  .F.,(2,2),(0.,1.),.PIECEWISE_BEZIER_KNOTS.);
#3016 = CARTESIAN_POINT('',(-22.,22.,278.));
#3017 = CARTESIAN_POINT('',(-22.,22.,346.));
#3018 = PCURVE('',#1145,#3019);
#3019 = DEFINITIONAL_REPRESENTATION('',(#3020),#3023);
#3020 = B_SPLINE_CURVE_WITH_KNOTS('',1,(#3021,#3022),.UNSPECIFIED.,.F.,
  .F.,(2,2),(0.,1.),.PIECEWISE_BEZIER_KNOTS.);
#3021 = CARTESIAN_POINT('',(0.,-68.));
#3022 = CARTESIAN_POINT('',(0.,0.));
#3023 = ( GEOMETRIC_REPRESENTATION_CONTEXT(2) 
PARAMETRIC_REPRESENTATION_CONTEXT() REPRESENTATION_CONTEXT('2D SPACE',''
  ) );
#3024 = PCURVE('',#1169,#3025);
#3025 = DEFINITIONAL_REPRESENTATION('',(#3026),#3029);
#3026 = B_SPLINE_CURVE_WITH_KNOTS('',1,(#3027,#3028),.UNSPECIFIED.,.F.,
  .F.,(2,2),(0.,1.),.PIECEWISE_BEZIER_KNOTS.);
#3027 = CARTESIAN_POINT('',(-22.,13.));
#3028 = CARTESIAN_POINT('',(-22.,81.));
#3029 = ( GEOMETRIC_REPRESENTATION_CONTEXT(2) 
PARAMETRIC_REPRESENTATION_CONTEXT() REPRESENTATION_CONTEXT('2D SPACE',''
  ) );
#3030 = ORIENTED_EDGE('',*,*,#1129,.T.);
#3031 = ORIENTED_EDGE('',*,*,#1302,.T.);
#3032 = ADVANCED_FACE('',(#3033,#3099,#3134),#1169,.T.);
#3033 = FACE_BOUND('',#3034,.F.);
#3034 = EDGE_LOOP('',(#3035,#3036,#3037,#3038,#3056,#3057,#3077,#3098));
#3035 = ORIENTED_EDGE('',*,*,#1157,.T.);
#3036 = ORIENTED_EDGE('',*,*,#3013,.T.);
#3037 = ORIENTED_EDGE('',*,*,#1279,.T.);
#3038 = ORIENTED_EDGE('',*,*,#3039,.F.);
#3039 = EDGE_CURVE('',#1680,#1252,#3040,.T.);
#3040 = SURFACE_CURVE('',#3041,(#3044,#3050),.PCURVE_S1.);
#3041 = B_SPLINE_CURVE_WITH_KNOTS('',1,(#3042,#3043),.UNSPECIFIED.,.F.,
  .F.,(2,2),(0.,1.),.PIECEWISE_BEZIER_KNOTS.);
#3042 = CARTESIAN_POINT('',(22.,22.,278.));
#3043 = CARTESIAN_POINT('',(22.,22.,346.));
#3044 = PCURVE('',#1169,#3045);
#3045 = DEFINITIONAL_REPRESENTATION('',(#3046),#3049);
#3046 = B_SPLINE_CURVE_WITH_KNOTS('',1,(#3047,#3048),.UNSPECIFIED.,.F.,
  .F.,(2,2),(0.,1.),.PIECEWISE_BEZIER_KNOTS.);
#3047 = CARTESIAN_POINT('',(22.,13.));
#3048 = CARTESIAN_POINT('',(22.,81.));
#3049 = ( GEOMETRIC_REPRESENTATION_CONTEXT(2) 
PARAMETRIC_REPRESENTATION_CONTEXT() REPRESENTATION_CONTEXT('2D SPACE',''
  ) );
#3050 = PCURVE('',#1267,#3051);
#3051 = DEFINITIONAL_REPRESENTATION('',(#3052),#3055);
#3052 = B_SPLINE_CURVE_WITH_KNOTS('',1,(#3053,#3054),.UNSPECIFIED.,.F.,
  .F.,(2,2),(0.,1.),.PIECEWISE_BEZIER_KNOTS.);
#3053 = CARTESIAN_POINT('',(-14.,-68.));
#3054 = CARTESIAN_POINT('',(-14.,0.));
#3055 = ( GEOMETRIC_REPRESENTATION_CONTEXT(2) 
PARAMETRIC_REPRESENTATION_CONTEXT() REPRESENTATION_CONTEXT('2D SPACE',''
  ) );
#3056 = ORIENTED_EDGE('',*,*,#1679,.F.);
#3057 = ORIENTED_EDGE('',*,*,#3058,.F.);
#3058 = EDGE_CURVE('',#3059,#1652,#3061,.T.);
#3059 = VERTEX_POINT('',#3060);
#3060 = CARTESIAN_POINT('',(16.,22.,194.));
#3061 = SURFACE_CURVE('',#3062,(#3065,#3071),.PCURVE_S1.);
#3062 = B_SPLINE_CURVE_WITH_KNOTS('',1,(#3063,#3064),.UNSPECIFIED.,.F.,
  .F.,(2,2),(0.,1.),.PIECEWISE_BEZIER_KNOTS.);
#3063 = CARTESIAN_POINT('',(16.,22.,194.));
#3064 = CARTESIAN_POINT('',(16.,22.,252.));
#3065 = PCURVE('',#1169,#3066);
#3066 = DEFINITIONAL_REPRESENTATION('',(#3067),#3070);
#3067 = B_SPLINE_CURVE_WITH_KNOTS('',1,(#3068,#3069),.UNSPECIFIED.,.F.,
  .F.,(2,2),(0.,1.),.PIECEWISE_BEZIER_KNOTS.);
#3068 = CARTESIAN_POINT('',(16.,-71.));
#3069 = CARTESIAN_POINT('',(16.,-13.));
#3070 = ( GEOMETRIC_REPRESENTATION_CONTEXT(2) 
PARAMETRIC_REPRESENTATION_CONTEXT() REPRESENTATION_CONTEXT('2D SPACE',''
  ) );
#3071 = PCURVE('',#1667,#3072);
#3072 = DEFINITIONAL_REPRESENTATION('',(#3073),#3076);
#3073 = B_SPLINE_CURVE_WITH_KNOTS('',1,(#3074,#3075),.UNSPECIFIED.,.F.,
  .F.,(2,2),(0.,1.),.PIECEWISE_BEZIER_KNOTS.);
#3074 = CARTESIAN_POINT('',(-14.,-58.));
#3075 = CARTESIAN_POINT('',(-14.,0.));
#3076 = ( GEOMETRIC_REPRESENTATION_CONTEXT(2) 
PARAMETRIC_REPRESENTATION_CONTEXT() REPRESENTATION_CONTEXT('2D SPACE',''
  ) );
#3077 = ORIENTED_EDGE('',*,*,#3078,.T.);
#3078 = EDGE_CURVE('',#3059,#2968,#3079,.T.);
#3079 = SURFACE_CURVE('',#3080,(#3084,#3091),.PCURVE_S1.);
#3080 = LINE('',#3081,#3082);
#3081 = CARTESIAN_POINT('',(16.,22.,194.));
#3082 = VECTOR('',#3083,1.);
#3083 = DIRECTION('',(-1.,-0.,0.));
#3084 = PCURVE('',#1169,#3085);
#3085 = DEFINITIONAL_REPRESENTATION('',(#3086),#3090);
#3086 = LINE('',#3087,#3088);
#3087 = CARTESIAN_POINT('',(16.,-71.));
#3088 = VECTOR('',#3089,1.);
#3089 = DIRECTION('',(-1.,-4.8034797665E-17));
#3090 = ( GEOMETRIC_REPRESENTATION_CONTEXT(2) 
PARAMETRIC_REPRESENTATION_CONTEXT() REPRESENTATION_CONTEXT('2D SPACE',''
  ) );
#3091 = PCURVE('',#2316,#3092);
#3092 = DEFINITIONAL_REPRESENTATION('',(#3093),#3097);
#3093 = LINE('',#3094,#3095);
#3094 = CARTESIAN_POINT('',(-34.92849839314,1.7763568394E-15));
#3095 = VECTOR('',#3096,1.);
#3096 = DIRECTION('',(0.916157334902,-0.40081883402));
#3097 = ( GEOMETRIC_REPRESENTATION_CONTEXT(2) 
PARAMETRIC_REPRESENTATION_CONTEXT() REPRESENTATION_CONTEXT('2D SPACE',''
  ) );
#3098 = ORIENTED_EDGE('',*,*,#2992,.T.);
#3099 = FACE_BOUND('',#3100,.F.);
#3100 = EDGE_LOOP('',(#3101));
#3101 = ORIENTED_EDGE('',*,*,#3102,.F.);
#3102 = EDGE_CURVE('',#3103,#3103,#3105,.T.);
#3103 = VERTEX_POINT('',#3104);
#3104 = CARTESIAN_POINT('',(-5.510910596163E-16,22.,207.25));
#3105 = SURFACE_CURVE('',#3106,(#3111,#3122),.PCURVE_S1.);
#3106 = CIRCLE('',#3107,2.25);
#3107 = AXIS2_PLACEMENT_3D('',#3108,#3109,#3110);
#3108 = CARTESIAN_POINT('',(0.,22.,205.));
#3109 = DIRECTION('',(0.,1.,0.));
#3110 = DIRECTION('',(-0.,0.,1.));
#3111 = PCURVE('',#1169,#3112);
#3112 = DEFINITIONAL_REPRESENTATION('',(#3113),#3121);
#3113 = ( BOUNDED_CURVE() B_SPLINE_CURVE(2,(#3114,#3115,#3116,#3117,
#3118,#3119,#3120),.UNSPECIFIED.,.T.,.F.) B_SPLINE_CURVE_WITH_KNOTS((1,2
    ,2,2,2,1),(-2.094395102393,0.,2.094395102393,4.188790204786,
6.28318530718,8.377580409573),.UNSPECIFIED.) CURVE() 
GEOMETRIC_REPRESENTATION_ITEM() RATIONAL_B_SPLINE_CURVE((1.,0.5,1.,0.5,
1.,0.5,1.)) REPRESENTATION_ITEM('') );
#3114 = CARTESIAN_POINT('',(3.889737827918E-15,-57.75));
#3115 = CARTESIAN_POINT('',(3.89711431703,-57.75));
#3116 = CARTESIAN_POINT('',(1.948557158515,-61.125));
#3117 = CARTESIAN_POINT('',(4.765063771773E-15,-64.5));
#3118 = CARTESIAN_POINT('',(-1.948557158515,-61.125));
#3119 = CARTESIAN_POINT('',(-3.89711431703,-57.75));
#3120 = CARTESIAN_POINT('',(3.889737827918E-15,-57.75));
#3121 = ( GEOMETRIC_REPRESENTATION_CONTEXT(2) 
PARAMETRIC_REPRESENTATION_CONTEXT() REPRESENTATION_CONTEXT('2D SPACE',''
  ) );
#3122 = PCURVE('',#3123,#3128);
#3123 = CYLINDRICAL_SURFACE('',#3124,2.25);
#3124 = AXIS2_PLACEMENT_3D('',#3125,#3126,#3127);
#3125 = CARTESIAN_POINT('',(0.,45.,205.));
#3126 = DIRECTION('',(-0.,-1.,-0.));
#3127 = DIRECTION('',(-0.,0.,1.));
#3128 = DEFINITIONAL_REPRESENTATION('',(#3129),#3133);
#3129 = LINE('',#3130,#3131);
#3130 = CARTESIAN_POINT('',(-0.,23.));
#3131 = VECTOR('',#3132,1.);
#3132 = DIRECTION('',(-1.,0.));
#3133 = ( GEOMETRIC_REPRESENTATION_CONTEXT(2) 
PARAMETRIC_REPRESENTATION_CONTEXT() REPRESENTATION_CONTEXT('2D SPACE',''
  ) );
#3134 = FACE_BOUND('',#3135,.F.);
#3135 = EDGE_LOOP('',(#3136));
#3136 = ORIENTED_EDGE('',*,*,#3137,.F.);
#3137 = EDGE_CURVE('',#3138,#3138,#3140,.T.);
#3138 = VERTEX_POINT('',#3139);
#3139 = CARTESIAN_POINT('',(-5.510910596163E-16,22.,222.25));
#3140 = SURFACE_CURVE('',#3141,(#3146,#3157),.PCURVE_S1.);
#3141 = CIRCLE('',#3142,2.25);
#3142 = AXIS2_PLACEMENT_3D('',#3143,#3144,#3145);
#3143 = CARTESIAN_POINT('',(0.,22.,220.));
#3144 = DIRECTION('',(0.,1.,0.));
#3145 = DIRECTION('',(-0.,0.,1.));
#3146 = PCURVE('',#1169,#3147);
#3147 = DEFINITIONAL_REPRESENTATION('',(#3148),#3156);
#3148 = ( BOUNDED_CURVE() B_SPLINE_CURVE(2,(#3149,#3150,#3151,#3152,
#3153,#3154,#3155),.UNSPECIFIED.,.T.,.F.) B_SPLINE_CURVE_WITH_KNOTS((1,2
    ,2,2,2,1),(-2.094395102393,0.,2.094395102393,4.188790204786,
6.28318530718,8.377580409573),.UNSPECIFIED.) CURVE() 
GEOMETRIC_REPRESENTATION_ITEM() RATIONAL_B_SPLINE_CURVE((1.,0.5,1.,0.5,
1.,0.5,1.)) REPRESENTATION_ITEM('') );
#3149 = CARTESIAN_POINT('',(3.169215862943E-15,-42.75));
#3150 = CARTESIAN_POINT('',(3.89711431703,-42.75));
#3151 = CARTESIAN_POINT('',(1.948557158515,-46.125));
#3152 = CARTESIAN_POINT('',(4.044541806798E-15,-49.5));
#3153 = CARTESIAN_POINT('',(-1.948557158515,-46.125));
#3154 = CARTESIAN_POINT('',(-3.89711431703,-42.75));
#3155 = CARTESIAN_POINT('',(3.169215862943E-15,-42.75));
#3156 = ( GEOMETRIC_REPRESENTATION_CONTEXT(2) 
PARAMETRIC_REPRESENTATION_CONTEXT() REPRESENTATION_CONTEXT('2D SPACE',''
  ) );
#3157 = PCURVE('',#3158,#3163);
#3158 = CYLINDRICAL_SURFACE('',#3159,2.25);
#3159 = AXIS2_PLACEMENT_3D('',#3160,#3161,#3162);
#3160 = CARTESIAN_POINT('',(0.,45.,220.));
#3161 = DIRECTION('',(-0.,-1.,-0.));
#3162 = DIRECTION('',(-0.,0.,1.));
#3163 = DEFINITIONAL_REPRESENTATION('',(#3164),#3168);
#3164 = LINE('',#3165,#3166);
#3165 = CARTESIAN_POINT('',(-0.,23.));
#3166 = VECTOR('',#3167,1.);
#3167 = DIRECTION('',(-1.,0.));
#3168 = ( GEOMETRIC_REPRESENTATION_CONTEXT(2) 
PARAMETRIC_REPRESENTATION_CONTEXT() REPRESENTATION_CONTEXT('2D SPACE',''
  ) );
#3169 = ADVANCED_FACE('',(#3170),#1267,.T.);
#3170 = FACE_BOUND('',#3171,.F.);
#3171 = EDGE_LOOP('',(#3172,#3173,#3174));
#3172 = ORIENTED_EDGE('',*,*,#1251,.T.);
#3173 = ORIENTED_EDGE('',*,*,#1699,.T.);
#3174 = ORIENTED_EDGE('',*,*,#3039,.T.);
#3175 = ADVANCED_FACE('',(#3176),#1220,.T.);
#3176 = FACE_BOUND('',#3177,.F.);
#3177 = EDGE_LOOP('',(#3178,#3179,#3180,#3181,#3182,#3183,#3184,#3185));
#3178 = ORIENTED_EDGE('',*,*,#1204,.F.);
#3179 = ORIENTED_EDGE('',*,*,#1348,.T.);
#3180 = ORIENTED_EDGE('',*,*,#1398,.F.);
#3181 = ORIENTED_EDGE('',*,*,#1445,.T.);
#3182 = ORIENTED_EDGE('',*,*,#1495,.F.);
#3183 = ORIENTED_EDGE('',*,*,#1542,.T.);
#3184 = ORIENTED_EDGE('',*,*,#1592,.F.);
#3185 = ORIENTED_EDGE('',*,*,#1620,.T.);
#3186 = ADVANCED_FACE('',(#3187),#1667,.T.);
#3187 = FACE_BOUND('',#3188,.F.);
#3188 = EDGE_LOOP('',(#3189,#3210,#3211,#3212));
#3189 = ORIENTED_EDGE('',*,*,#3190,.T.);
#3190 = EDGE_CURVE('',#2301,#3059,#3191,.T.);
#3191 = SURFACE_CURVE('',#3192,(#3196,#3203),.PCURVE_S1.);
#3192 = LINE('',#3193,#3194);
#3193 = CARTESIAN_POINT('',(16.,36.,194.));
#3194 = VECTOR('',#3195,1.);
#3195 = DIRECTION('',(-0.,-1.,-0.));
#3196 = PCURVE('',#1667,#3197);
#3197 = DEFINITIONAL_REPRESENTATION('',(#3198),#3202);
#3198 = LINE('',#3199,#3200);
#3199 = CARTESIAN_POINT('',(-0.,-58.));
#3200 = VECTOR('',#3201,1.);
#3201 = DIRECTION('',(-1.,0.));
#3202 = ( GEOMETRIC_REPRESENTATION_CONTEXT(2) 
PARAMETRIC_REPRESENTATION_CONTEXT() REPRESENTATION_CONTEXT('2D SPACE',''
  ) );
#3203 = PCURVE('',#2316,#3204);
#3204 = DEFINITIONAL_REPRESENTATION('',(#3205),#3209);
#3205 = LINE('',#3206,#3207);
#3206 = CARTESIAN_POINT('',(-29.31703471687,12.826202688631));
#3207 = VECTOR('',#3208,1.);
#3208 = DIRECTION('',(-0.40081883402,-0.916157334902));
#3209 = ( GEOMETRIC_REPRESENTATION_CONTEXT(2) 
PARAMETRIC_REPRESENTATION_CONTEXT() REPRESENTATION_CONTEXT('2D SPACE',''
  ) );
#3210 = ORIENTED_EDGE('',*,*,#3058,.T.);
#3211 = ORIENTED_EDGE('',*,*,#1649,.F.);
#3212 = ORIENTED_EDGE('',*,*,#2328,.F.);
#3213 = ADVANCED_FACE('',(#3214),#1737,.T.);
#3214 = FACE_BOUND('',#3215,.F.);
#3215 = EDGE_LOOP('',(#3216,#3217,#3218,#3219,#3220,#3310));
#3216 = ORIENTED_EDGE('',*,*,#2237,.F.);
#3217 = ORIENTED_EDGE('',*,*,#1721,.T.);
#3218 = ORIENTED_EDGE('',*,*,#1771,.F.);
#3219 = ORIENTED_EDGE('',*,*,#1794,.T.);
#3220 = ORIENTED_EDGE('',*,*,#3221,.T.);
#3221 = EDGE_CURVE('',#1795,#2692,#3222,.T.);
#3222 = SURFACE_CURVE('',#3223,(#3250,#3280),.PCURVE_S1.);
#3223 = B_SPLINE_CURVE_WITH_KNOTS('',7,(#3224,#3225,#3226,#3227,#3228,
    #3229,#3230,#3231,#3232,#3233,#3234,#3235,#3236,#3237,#3238,#3239,
    #3240,#3241,#3242,#3243,#3244,#3245,#3246,#3247,#3248,#3249),
  .UNSPECIFIED.,.F.,.F.,(8,6,6,6,8),(0.,8.853405198602E-02,
    0.507775870289,0.904795020507,1.),.UNSPECIFIED.);
#3224 = CARTESIAN_POINT('',(22.,23.,357.));
#3225 = CARTESIAN_POINT('',(22.,22.978592640523,357.06422207843));
#3226 = CARTESIAN_POINT('',(22.,22.957435930552,357.12769220834));
#3227 = CARTESIAN_POINT('',(22.,22.936537043346,357.19038886996));
#3228 = CARTESIAN_POINT('',(22.,22.91590257101,357.25229228697));
#3229 = CARTESIAN_POINT('',(22.,22.895538524493,357.31338442652));
#3230 = CARTESIAN_POINT('',(22.,22.875450333588,357.37364899923));
#3231 = CARTESIAN_POINT('',(22.,22.761846996232,357.7144590113));
#3232 = CARTESIAN_POINT('',(22.,22.674322202372,357.97703339288));
#3233 = CARTESIAN_POINT('',(22.,22.593669438796,358.21899168361));
#3234 = CARTESIAN_POINT('',(22.,22.519912357093,358.44026292872));
#3235 = CARTESIAN_POINT('',(22.,22.452666206746,358.64200137976));
#3236 = CARTESIAN_POINT('',(22.,22.391409776764,358.8257706697));
#3237 = CARTESIAN_POINT('',(22.,22.282686968237,359.15193909528));
#3238 = CARTESIAN_POINT('',(22.,22.234641918653,359.29607424404));
#3239 = CARTESIAN_POINT('',(22.,22.190897641843,359.42730707447));
#3240 = CARTESIAN_POINT('',(22.,22.15092992103,359.5472102369));
#3241 = CARTESIAN_POINT('',(22.,22.11427923251,359.65716230247));
#3242 = CARTESIAN_POINT('',(22.,22.080543224753,359.75837032574));
#3243 = CARTESIAN_POINT('',(22.,22.041898727935,359.87430381619));
#3244 = CARTESIAN_POINT('',(22.,22.034572090624,359.89628372812));
#3245 = CARTESIAN_POINT('',(22.,22.027388671117,359.91783398664));
#3246 = CARTESIAN_POINT('',(22.,22.020343971367,359.9389680859));
#3247 = CARTESIAN_POINT('',(22.,22.013433679314,359.95969896205));
#3248 = CARTESIAN_POINT('',(22.,22.006653668887,359.98003899334));
#3249 = CARTESIAN_POINT('',(22.,22.,360.));
#3250 = PCURVE('',#1737,#3251);
#3251 = DEFINITIONAL_REPRESENTATION('',(#3252),#3279);
#3252 = B_SPLINE_CURVE_WITH_KNOTS('',7,(#3253,#3254,#3255,#3256,#3257,
    #3258,#3259,#3260,#3261,#3262,#3263,#3264,#3265,#3266,#3267,#3268,
    #3269,#3270,#3271,#3272,#3273,#3274,#3275,#3276,#3277,#3278),
  .UNSPECIFIED.,.F.,.F.,(8,6,6,6,8),(0.,8.853405198602E-02,
    0.507775870289,0.904795020507,1.),.UNSPECIFIED.);
#3253 = CARTESIAN_POINT('',(-13.,11.));
#3254 = CARTESIAN_POINT('',(-13.02140735947,11.06422207843));
#3255 = CARTESIAN_POINT('',(-13.04256406944,11.127692208345));
#3256 = CARTESIAN_POINT('',(-13.06346295665,11.190388869963));
#3257 = CARTESIAN_POINT('',(-13.08409742899,11.252292286971));
#3258 = CARTESIAN_POINT('',(-13.1044614755,11.313384426522));
#3259 = CARTESIAN_POINT('',(-13.12454966641,11.373648999237));
#3260 = CARTESIAN_POINT('',(-13.23815300376,11.714459011303));
#3261 = CARTESIAN_POINT('',(-13.32567779762,11.977033392884));
#3262 = CARTESIAN_POINT('',(-13.4063305612,12.218991683613));
#3263 = CARTESIAN_POINT('',(-13.4800876429,12.440262928721));
#3264 = CARTESIAN_POINT('',(-13.54733379325,12.642001379762));
#3265 = CARTESIAN_POINT('',(-13.60859022323,12.825770669708));
#3266 = CARTESIAN_POINT('',(-13.71731303176,13.151939095288));
#3267 = CARTESIAN_POINT('',(-13.76535808134,13.296074244041));
#3268 = CARTESIAN_POINT('',(-13.80910235815,13.427307074472));
#3269 = CARTESIAN_POINT('',(-13.84907007897,13.547210236909));
#3270 = CARTESIAN_POINT('',(-13.88572076749,13.65716230247));
#3271 = CARTESIAN_POINT('',(-13.91945677524,13.758370325741));
#3272 = CARTESIAN_POINT('',(-13.95810127206,13.874303816195));
#3273 = CARTESIAN_POINT('',(-13.96542790937,13.896283728127));
#3274 = CARTESIAN_POINT('',(-13.97261132888,13.917833986649));
#3275 = CARTESIAN_POINT('',(-13.97965602863,13.9389680859));
#3276 = CARTESIAN_POINT('',(-13.98656632068,13.959698962058));
#3277 = CARTESIAN_POINT('',(-13.99334633111,13.98003899334));
#3278 = CARTESIAN_POINT('',(-14.,14.));
#3279 = ( GEOMETRIC_REPRESENTATION_CONTEXT(2) 
PARAMETRIC_REPRESENTATION_CONTEXT() REPRESENTATION_CONTEXT('2D SPACE',''
  ) );
#3280 = PCURVE('',#1914,#3281);
#3281 = DEFINITIONAL_REPRESENTATION('',(#3282),#3309);
#3282 = B_SPLINE_CURVE_WITH_KNOTS('',7,(#3283,#3284,#3285,#3286,#3287,
    #3288,#3289,#3290,#3291,#3292,#3293,#3294,#3295,#3296,#3297,#3298,
    #3299,#3300,#3301,#3302,#3303,#3304,#3305,#3306,#3307,#3308),
  .UNSPECIFIED.,.F.,.F.,(8,6,6,6,8),(0.,8.853405198602E-02,
    0.507775870289,0.904795020507,1.),.UNSPECIFIED.);
#3283 = CARTESIAN_POINT('',(66.,-3.162277660168));
#3284 = CARTESIAN_POINT('',(66.,-3.094581645532));
#3285 = CARTESIAN_POINT('',(66.,-3.027678254226));
#3286 = CARTESIAN_POINT('',(66.,-2.961590170092));
#3287 = CARTESIAN_POINT('',(66.,-2.896338239195));
#3288 = CARTESIAN_POINT('',(66.,-2.831941469824));
#3289 = CARTESIAN_POINT('',(66.,-2.768417032491));
#3290 = CARTESIAN_POINT('',(66.,-2.409171736652));
#3291 = CARTESIAN_POINT('',(66.,-2.132394036316));
#3292 = CARTESIAN_POINT('',(66.,-1.877347603828));
#3293 = CARTESIAN_POINT('',(66.,-1.644107232081));
#3294 = CARTESIAN_POINT('',(66.,-1.431456233106));
#3295 = CARTESIAN_POINT('',(66.,-1.237746393032));
#3296 = CARTESIAN_POINT('',(66.,-0.893934684478));
#3297 = CARTESIAN_POINT('',(66.,-0.742002897495));
#3298 = CARTESIAN_POINT('',(66.,-0.603671348178));
#3299 = CARTESIAN_POINT('',(66.,-0.477282317525));
#3300 = CARTESIAN_POINT('',(66.,-0.361382663988));
#3301 = CARTESIAN_POINT('',(66.,-0.254700040314));
#3302 = CARTESIAN_POINT('',(66.,-0.132495411338));
#3303 = CARTESIAN_POINT('',(66.,-0.109326549846));
#3304 = CARTESIAN_POINT('',(66.,-8.66105828149E-02));
#3305 = CARTESIAN_POINT('',(66.,-6.433328617192E-02));
#3306 = CARTESIAN_POINT('',(66.,-4.248102398822E-02));
#3307 = CARTESIAN_POINT('',(66.,-2.104074847836E-02));
#3308 = CARTESIAN_POINT('',(66.,0.));
#3309 = ( GEOMETRIC_REPRESENTATION_CONTEXT(2) 
PARAMETRIC_REPRESENTATION_CONTEXT() REPRESENTATION_CONTEXT('2D SPACE',''
  ) );
#3310 = ORIENTED_EDGE('',*,*,#2691,.F.);
#3311 = ADVANCED_FACE('',(#3312),#1914,.F.);
#3312 = FACE_BOUND('',#3313,.T.);
#3313 = EDGE_LOOP('',(#3314,#3315,#3316,#3317));
#3314 = ORIENTED_EDGE('',*,*,#1898,.F.);
#3315 = ORIENTED_EDGE('',*,*,#3221,.T.);
#3316 = ORIENTED_EDGE('',*,*,#2918,.T.);
#3317 = ORIENTED_EDGE('',*,*,#3318,.F.);
#3318 = EDGE_CURVE('',#1899,#2891,#3319,.T.);
#3319 = SURFACE_CURVE('',#3320,(#3323,#3329),.PCURVE_S1.);
#3320 = B_SPLINE_CURVE_WITH_KNOTS('',1,(#3321,#3322),.UNSPECIFIED.,.F.,
  .F.,(2,2),(0.,1.),.PIECEWISE_BEZIER_KNOTS.);
#3321 = CARTESIAN_POINT('',(44.,23.,357.));
#3322 = CARTESIAN_POINT('',(44.,22.,360.));
#3323 = PCURVE('',#1914,#3324);
#3324 = DEFINITIONAL_REPRESENTATION('',(#3325),#3328);
#3325 = B_SPLINE_CURVE_WITH_KNOTS('',1,(#3326,#3327),.UNSPECIFIED.,.F.,
  .F.,(2,2),(0.,1.),.PIECEWISE_BEZIER_KNOTS.);
#3326 = CARTESIAN_POINT('',(88.,-3.162277660168));
#3327 = CARTESIAN_POINT('',(88.,0.));
#3328 = ( GEOMETRIC_REPRESENTATION_CONTEXT(2) 
PARAMETRIC_REPRESENTATION_CONTEXT() REPRESENTATION_CONTEXT('2D SPACE',''
  ) );
#3329 = PCURVE('',#1966,#3330);
#3330 = DEFINITIONAL_REPRESENTATION('',(#3331),#3334);
#3331 = B_SPLINE_CURVE_WITH_KNOTS('',1,(#3332,#3333),.UNSPECIFIED.,.F.,
  .F.,(2,2),(0.,1.),.PIECEWISE_BEZIER_KNOTS.);
#3332 = CARTESIAN_POINT('',(-3.665191429188,0.));
#3333 = CARTESIAN_POINT('',(-3.665191429188,-3.));
#3334 = ( GEOMETRIC_REPRESENTATION_CONTEXT(2) 
PARAMETRIC_REPRESENTATION_CONTEXT() REPRESENTATION_CONTEXT('2D SPACE',''
  ) );
#3335 = ADVANCED_FACE('',(#3336),#1966,.T.);
#3336 = FACE_BOUND('',#3337,.T.);
#3337 = EDGE_LOOP('',(#3338,#3339,#3340,#3341));
#3338 = ORIENTED_EDGE('',*,*,#1949,.T.);
#3339 = ORIENTED_EDGE('',*,*,#3318,.T.);
#3340 = ORIENTED_EDGE('',*,*,#2890,.F.);
#3341 = ORIENTED_EDGE('',*,*,#3342,.F.);
#3342 = EDGE_CURVE('',#1950,#2868,#3343,.T.);
#3343 = SURFACE_CURVE('',#3344,(#3347,#3353),.PCURVE_S1.);
#3344 = B_SPLINE_CURVE_WITH_KNOTS('',1,(#3345,#3346),.UNSPECIFIED.,.F.,
  .F.,(2,2),(0.,1.),.PIECEWISE_BEZIER_KNOTS.);
#3345 = CARTESIAN_POINT('',(63.918584287042,-11.5,357.));
#3346 = CARTESIAN_POINT('',(63.052558883258,-11.,360.));
#3347 = PCURVE('',#1966,#3348);
#3348 = DEFINITIONAL_REPRESENTATION('',(#3349),#3352);
#3349 = B_SPLINE_CURVE_WITH_KNOTS('',1,(#3350,#3351),.UNSPECIFIED.,.F.,
  .F.,(2,2),(0.,1.),.PIECEWISE_BEZIER_KNOTS.);
#3350 = CARTESIAN_POINT('',(-1.570796326795,0.));
#3351 = CARTESIAN_POINT('',(-1.570796326795,-3.));
#3352 = ( GEOMETRIC_REPRESENTATION_CONTEXT(2) 
PARAMETRIC_REPRESENTATION_CONTEXT() REPRESENTATION_CONTEXT('2D SPACE',''
  ) );
#3353 = PCURVE('',#2017,#3354);
#3354 = DEFINITIONAL_REPRESENTATION('',(#3355),#3358);
#3355 = B_SPLINE_CURVE_WITH_KNOTS('',1,(#3356,#3357),.UNSPECIFIED.,.F.,
  .F.,(2,2),(0.,1.),.PIECEWISE_BEZIER_KNOTS.);
#3356 = CARTESIAN_POINT('',(0.,-3.162277660168));
#3357 = CARTESIAN_POINT('',(0.,0.));
#3358 = ( GEOMETRIC_REPRESENTATION_CONTEXT(2) 
PARAMETRIC_REPRESENTATION_CONTEXT() REPRESENTATION_CONTEXT('2D SPACE',''
  ) );
#3359 = ADVANCED_FACE('',(#3360),#2017,.F.);
#3360 = FACE_BOUND('',#3361,.T.);
#3361 = EDGE_LOOP('',(#3362,#3363,#3364,#3365));
#3362 = ORIENTED_EDGE('',*,*,#2001,.F.);
#3363 = ORIENTED_EDGE('',*,*,#3342,.T.);
#3364 = ORIENTED_EDGE('',*,*,#2867,.T.);
#3365 = ORIENTED_EDGE('',*,*,#3366,.F.);
#3366 = EDGE_CURVE('',#2002,#2840,#3367,.T.);
#3367 = SURFACE_CURVE('',#3368,(#3371,#3377),.PCURVE_S1.);
#3368 = B_SPLINE_CURVE_WITH_KNOTS('',1,(#3369,#3370),.UNSPECIFIED.,.F.,
  .F.,(2,2),(0.,1.),.PIECEWISE_BEZIER_KNOTS.);
#3369 = CARTESIAN_POINT('',(41.918584287042,-49.60511776651,357.));
#3370 = CARTESIAN_POINT('',(41.052558883258,-49.10511776651,360.));
#3371 = PCURVE('',#2017,#3372);
#3372 = DEFINITIONAL_REPRESENTATION('',(#3373),#3376);
#3373 = B_SPLINE_CURVE_WITH_KNOTS('',1,(#3374,#3375),.UNSPECIFIED.,.F.,
  .F.,(2,2),(0.,1.),.PIECEWISE_BEZIER_KNOTS.);
#3374 = CARTESIAN_POINT('',(44.,-3.162277660168));
#3375 = CARTESIAN_POINT('',(44.,0.));
#3376 = ( GEOMETRIC_REPRESENTATION_CONTEXT(2) 
PARAMETRIC_REPRESENTATION_CONTEXT() REPRESENTATION_CONTEXT('2D SPACE',''
  ) );
#3377 = PCURVE('',#2069,#3378);
#3378 = DEFINITIONAL_REPRESENTATION('',(#3379),#3382);
#3379 = B_SPLINE_CURVE_WITH_KNOTS('',1,(#3380,#3381),.UNSPECIFIED.,.F.,
  .F.,(2,2),(0.,1.),.PIECEWISE_BEZIER_KNOTS.);
#3380 = CARTESIAN_POINT('',(-2.617993877991,0.));
#3381 = CARTESIAN_POINT('',(-2.617993877991,-3.));
#3382 = ( GEOMETRIC_REPRESENTATION_CONTEXT(2) 
PARAMETRIC_REPRESENTATION_CONTEXT() REPRESENTATION_CONTEXT('2D SPACE',''
  ) );
#3383 = ADVANCED_FACE('',(#3384),#2069,.T.);
#3384 = FACE_BOUND('',#3385,.T.);
#3385 = EDGE_LOOP('',(#3386,#3387,#3388,#3389));
#3386 = ORIENTED_EDGE('',*,*,#2052,.T.);
#3387 = ORIENTED_EDGE('',*,*,#3366,.T.);
#3388 = ORIENTED_EDGE('',*,*,#2839,.F.);
#3389 = ORIENTED_EDGE('',*,*,#3390,.F.);
#3390 = EDGE_CURVE('',#2053,#2817,#3391,.T.);
#3391 = SURFACE_CURVE('',#3392,(#3395,#3401),.PCURVE_S1.);
#3392 = B_SPLINE_CURVE_WITH_KNOTS('',1,(#3393,#3394),.UNSPECIFIED.,.F.,
  .F.,(2,2),(0.,1.),.PIECEWISE_BEZIER_KNOTS.);
#3393 = CARTESIAN_POINT('',(22.,-61.10511776651,357.));
#3394 = CARTESIAN_POINT('',(22.,-60.10511776651,360.));
#3395 = PCURVE('',#2069,#3396);
#3396 = DEFINITIONAL_REPRESENTATION('',(#3397),#3400);
#3397 = B_SPLINE_CURVE_WITH_KNOTS('',1,(#3398,#3399),.UNSPECIFIED.,.F.,
  .F.,(2,2),(0.,1.),.PIECEWISE_BEZIER_KNOTS.);
#3398 = CARTESIAN_POINT('',(-1.570796326795,0.));
#3399 = CARTESIAN_POINT('',(-1.570796326795,-3.));
#3400 = ( GEOMETRIC_REPRESENTATION_CONTEXT(2) 
PARAMETRIC_REPRESENTATION_CONTEXT() REPRESENTATION_CONTEXT('2D SPACE',''
  ) );
#3401 = PCURVE('',#2120,#3402);
#3402 = DEFINITIONAL_REPRESENTATION('',(#3403),#3406);
#3403 = B_SPLINE_CURVE_WITH_KNOTS('',1,(#3404,#3405),.UNSPECIFIED.,.F.,
  .F.,(2,2),(0.,1.),.PIECEWISE_BEZIER_KNOTS.);
#3404 = CARTESIAN_POINT('',(0.,-3.162277660168));
#3405 = CARTESIAN_POINT('',(0.,0.));
#3406 = ( GEOMETRIC_REPRESENTATION_CONTEXT(2) 
PARAMETRIC_REPRESENTATION_CONTEXT() REPRESENTATION_CONTEXT('2D SPACE',''
  ) );
#3407 = ADVANCED_FACE('',(#3408),#2120,.F.);
#3408 = FACE_BOUND('',#3409,.T.);
#3409 = EDGE_LOOP('',(#3410,#3411,#3412,#3413));
#3410 = ORIENTED_EDGE('',*,*,#2104,.F.);
#3411 = ORIENTED_EDGE('',*,*,#3390,.T.);
#3412 = ORIENTED_EDGE('',*,*,#2816,.T.);
#3413 = ORIENTED_EDGE('',*,*,#3414,.F.);
#3414 = EDGE_CURVE('',#2105,#2789,#3415,.T.);
#3415 = SURFACE_CURVE('',#3416,(#3419,#3425),.PCURVE_S1.);
#3416 = B_SPLINE_CURVE_WITH_KNOTS('',1,(#3417,#3418),.UNSPECIFIED.,.F.,
  .F.,(2,2),(0.,1.),.PIECEWISE_BEZIER_KNOTS.);
#3417 = CARTESIAN_POINT('',(-22.,-61.10511776651,357.));
#3418 = CARTESIAN_POINT('',(-22.,-60.10511776651,360.));
#3419 = PCURVE('',#2120,#3420);
#3420 = DEFINITIONAL_REPRESENTATION('',(#3421),#3424);
#3421 = B_SPLINE_CURVE_WITH_KNOTS('',1,(#3422,#3423),.UNSPECIFIED.,.F.,
  .F.,(2,2),(0.,1.),.PIECEWISE_BEZIER_KNOTS.);
#3422 = CARTESIAN_POINT('',(44.,-3.162277660168));
#3423 = CARTESIAN_POINT('',(44.,0.));
#3424 = ( GEOMETRIC_REPRESENTATION_CONTEXT(2) 
PARAMETRIC_REPRESENTATION_CONTEXT() REPRESENTATION_CONTEXT('2D SPACE',''
  ) );
#3425 = PCURVE('',#2172,#3426);
#3426 = DEFINITIONAL_REPRESENTATION('',(#3427),#3430);
#3427 = B_SPLINE_CURVE_WITH_KNOTS('',1,(#3428,#3429),.UNSPECIFIED.,.F.,
  .F.,(2,2),(0.,1.),.PIECEWISE_BEZIER_KNOTS.);
#3428 = CARTESIAN_POINT('',(-2.617993877991,0.));
#3429 = CARTESIAN_POINT('',(-2.617993877991,-3.));
#3430 = ( GEOMETRIC_REPRESENTATION_CONTEXT(2) 
PARAMETRIC_REPRESENTATION_CONTEXT() REPRESENTATION_CONTEXT('2D SPACE',''
  ) );
#3431 = ADVANCED_FACE('',(#3432),#2172,.T.);
#3432 = FACE_BOUND('',#3433,.T.);
#3433 = EDGE_LOOP('',(#3434,#3435,#3436,#3437));
#3434 = ORIENTED_EDGE('',*,*,#2155,.T.);
#3435 = ORIENTED_EDGE('',*,*,#3414,.T.);
#3436 = ORIENTED_EDGE('',*,*,#2788,.F.);
#3437 = ORIENTED_EDGE('',*,*,#3438,.F.);
#3438 = EDGE_CURVE('',#2156,#2766,#3439,.T.);
#3439 = SURFACE_CURVE('',#3440,(#3443,#3449),.PCURVE_S1.);
#3440 = B_SPLINE_CURVE_WITH_KNOTS('',1,(#3441,#3442),.UNSPECIFIED.,.F.,
  .F.,(2,2),(0.,1.),.PIECEWISE_BEZIER_KNOTS.);
#3441 = CARTESIAN_POINT('',(-41.91858428704,-49.60511776651,357.));
#3442 = CARTESIAN_POINT('',(-41.05255888325,-49.10511776651,360.));
#3443 = PCURVE('',#2172,#3444);
#3444 = DEFINITIONAL_REPRESENTATION('',(#3445),#3448);
#3445 = B_SPLINE_CURVE_WITH_KNOTS('',1,(#3446,#3447),.UNSPECIFIED.,.F.,
  .F.,(2,2),(0.,1.),.PIECEWISE_BEZIER_KNOTS.);
#3446 = CARTESIAN_POINT('',(-1.570796326795,0.));
#3447 = CARTESIAN_POINT('',(-1.570796326795,-3.));
#3448 = ( GEOMETRIC_REPRESENTATION_CONTEXT(2) 
PARAMETRIC_REPRESENTATION_CONTEXT() REPRESENTATION_CONTEXT('2D SPACE',''
  ) );
#3449 = PCURVE('',#2221,#3450);
#3450 = DEFINITIONAL_REPRESENTATION('',(#3451),#3454);
#3451 = B_SPLINE_CURVE_WITH_KNOTS('',1,(#3452,#3453),.UNSPECIFIED.,.F.,
  .F.,(2,2),(0.,1.),.PIECEWISE_BEZIER_KNOTS.);
#3452 = CARTESIAN_POINT('',(3.552713678801E-15,-3.162277660168));
#3453 = CARTESIAN_POINT('',(0.,0.));
#3454 = ( GEOMETRIC_REPRESENTATION_CONTEXT(2) 
PARAMETRIC_REPRESENTATION_CONTEXT() REPRESENTATION_CONTEXT('2D SPACE',''
  ) );
#3455 = ADVANCED_FACE('',(#3456),#2221,.F.);
#3456 = FACE_BOUND('',#3457,.T.);
#3457 = EDGE_LOOP('',(#3458,#3459,#3460,#3461));
#3458 = ORIENTED_EDGE('',*,*,#2207,.F.);
#3459 = ORIENTED_EDGE('',*,*,#3438,.T.);
#3460 = ORIENTED_EDGE('',*,*,#2765,.T.);
#3461 = ORIENTED_EDGE('',*,*,#2944,.F.);
#3462 = ADVANCED_FACE('',(#3463,#3469),#2316,.T.);
#3463 = FACE_BOUND('',#3464,.F.);
#3464 = EDGE_LOOP('',(#3465,#3466,#3467,#3468));
#3465 = ORIENTED_EDGE('',*,*,#2300,.F.);
#3466 = ORIENTED_EDGE('',*,*,#2967,.F.);
#3467 = ORIENTED_EDGE('',*,*,#3078,.F.);
#3468 = ORIENTED_EDGE('',*,*,#3190,.F.);
#3469 = FACE_BOUND('',#3470,.F.);
#3470 = EDGE_LOOP('',(#3471,#3501,#3529,#3557));
#3471 = ORIENTED_EDGE('',*,*,#3472,.F.);
#3472 = EDGE_CURVE('',#3473,#3475,#3477,.T.);
#3473 = VERTEX_POINT('',#3474);
#3474 = CARTESIAN_POINT('',(-10.3,24.7,194.));
#3475 = VERTEX_POINT('',#3476);
#3476 = CARTESIAN_POINT('',(10.3,24.7,194.));
#3477 = SURFACE_CURVE('',#3478,(#3482,#3489),.PCURVE_S1.);
#3478 = LINE('',#3479,#3480);
#3479 = CARTESIAN_POINT('',(-13.15,24.7,194.));
#3480 = VECTOR('',#3481,1.);
#3481 = DIRECTION('',(1.,-0.,-0.));
#3482 = PCURVE('',#2316,#3483);
#3483 = DEFINITIONAL_REPRESENTATION('',(#3484),#3488);
#3484 = LINE('',#3485,#3486);
#3485 = CARTESIAN_POINT('',(-7.140301228894,-9.210244207439));
#3486 = VECTOR('',#3487,1.);
#3487 = DIRECTION('',(-0.916157334902,0.40081883402));
#3488 = ( GEOMETRIC_REPRESENTATION_CONTEXT(2) 
PARAMETRIC_REPRESENTATION_CONTEXT() REPRESENTATION_CONTEXT('2D SPACE',''
  ) );
#3489 = PCURVE('',#3490,#3495);
#3490 = PLANE('',#3491);
#3491 = AXIS2_PLACEMENT_3D('',#3492,#3493,#3494);
#3492 = CARTESIAN_POINT('',(-10.3,24.7,193.));
#3493 = DIRECTION('',(-0.,-1.,0.));
#3494 = DIRECTION('',(0.,0.,-1.));
#3495 = DEFINITIONAL_REPRESENTATION('',(#3496),#3500);
#3496 = LINE('',#3497,#3498);
#3497 = CARTESIAN_POINT('',(-1.,-2.85));
#3498 = VECTOR('',#3499,1.);
#3499 = DIRECTION('',(0.,1.));
#3500 = ( GEOMETRIC_REPRESENTATION_CONTEXT(2) 
PARAMETRIC_REPRESENTATION_CONTEXT() REPRESENTATION_CONTEXT('2D SPACE',''
  ) );
#3501 = ORIENTED_EDGE('',*,*,#3502,.T.);
#3502 = EDGE_CURVE('',#3473,#3503,#3505,.T.);
#3503 = VERTEX_POINT('',#3504);
#3504 = CARTESIAN_POINT('',(-10.3,33.3,194.));
#3505 = SURFACE_CURVE('',#3506,(#3510,#3517),.PCURVE_S1.);
#3506 = LINE('',#3507,#3508);
#3507 = CARTESIAN_POINT('',(-10.3,34.65,194.));
#3508 = VECTOR('',#3509,1.);
#3509 = DIRECTION('',(-0.,1.,-0.));
#3510 = PCURVE('',#2316,#3511);
#3511 = DEFINITIONAL_REPRESENTATION('',(#3512),#3516);
#3512 = LINE('',#3513,#3514);
#3513 = CARTESIAN_POINT('',(-5.763202234869,1.047854951794));
#3514 = VECTOR('',#3515,1.);
#3515 = DIRECTION('',(0.40081883402,0.916157334902));
#3516 = ( GEOMETRIC_REPRESENTATION_CONTEXT(2) 
PARAMETRIC_REPRESENTATION_CONTEXT() REPRESENTATION_CONTEXT('2D SPACE',''
  ) );
#3517 = PCURVE('',#3518,#3523);
#3518 = PLANE('',#3519);
#3519 = AXIS2_PLACEMENT_3D('',#3520,#3521,#3522);
#3520 = CARTESIAN_POINT('',(-10.3,33.3,193.));
#3521 = DIRECTION('',(1.,-0.,-0.));
#3522 = DIRECTION('',(0.,0.,-1.));
#3523 = DEFINITIONAL_REPRESENTATION('',(#3524),#3528);
#3524 = LINE('',#3525,#3526);
#3525 = CARTESIAN_POINT('',(-1.,1.35));
#3526 = VECTOR('',#3527,1.);
#3527 = DIRECTION('',(-0.,1.));
#3528 = ( GEOMETRIC_REPRESENTATION_CONTEXT(2) 
PARAMETRIC_REPRESENTATION_CONTEXT() REPRESENTATION_CONTEXT('2D SPACE',''
  ) );
#3529 = ORIENTED_EDGE('',*,*,#3530,.T.);
#3530 = EDGE_CURVE('',#3503,#3531,#3533,.T.);
#3531 = VERTEX_POINT('',#3532);
#3532 = CARTESIAN_POINT('',(10.3,33.3,194.));
#3533 = SURFACE_CURVE('',#3534,(#3538,#3545),.PCURVE_S1.);
#3534 = LINE('',#3535,#3536);
#3535 = CARTESIAN_POINT('',(-13.15,33.3,194.));
#3536 = VECTOR('',#3537,1.);
#3537 = DIRECTION('',(1.,-0.,-0.));
#3538 = PCURVE('',#2316,#3539);
#3539 = DEFINITIONAL_REPRESENTATION('',(#3540),#3544);
#3540 = LINE('',#3541,#3542);
#3541 = CARTESIAN_POINT('',(-3.693259256324,-1.33129112728));
#3542 = VECTOR('',#3543,1.);
#3543 = DIRECTION('',(-0.916157334902,0.40081883402));
#3544 = ( GEOMETRIC_REPRESENTATION_CONTEXT(2) 
PARAMETRIC_REPRESENTATION_CONTEXT() REPRESENTATION_CONTEXT('2D SPACE',''
  ) );
#3545 = PCURVE('',#3546,#3551);
#3546 = PLANE('',#3547);
#3547 = AXIS2_PLACEMENT_3D('',#3548,#3549,#3550);
#3548 = CARTESIAN_POINT('',(-10.3,33.3,193.));
#3549 = DIRECTION('',(-0.,-1.,0.));
#3550 = DIRECTION('',(0.,0.,-1.));
#3551 = DEFINITIONAL_REPRESENTATION('',(#3552),#3556);
#3552 = LINE('',#3553,#3554);
#3553 = CARTESIAN_POINT('',(-1.,-2.85));
#3554 = VECTOR('',#3555,1.);
#3555 = DIRECTION('',(0.,1.));
#3556 = ( GEOMETRIC_REPRESENTATION_CONTEXT(2) 
PARAMETRIC_REPRESENTATION_CONTEXT() REPRESENTATION_CONTEXT('2D SPACE',''
  ) );
#3557 = ORIENTED_EDGE('',*,*,#3558,.F.);
#3558 = EDGE_CURVE('',#3475,#3531,#3559,.T.);
#3559 = SURFACE_CURVE('',#3560,(#3564,#3571),.PCURVE_S1.);
#3560 = LINE('',#3561,#3562);
#3561 = CARTESIAN_POINT('',(10.3,34.65,194.));
#3562 = VECTOR('',#3563,1.);
#3563 = DIRECTION('',(-0.,1.,-0.));
#3564 = PCURVE('',#2316,#3565);
#3565 = DEFINITIONAL_REPRESENTATION('',(#3566),#3570);
#3566 = LINE('',#3567,#3568);
#3567 = CARTESIAN_POINT('',(-24.63604333385,9.3047229326));
#3568 = VECTOR('',#3569,1.);
#3569 = DIRECTION('',(0.40081883402,0.916157334902));
#3570 = ( GEOMETRIC_REPRESENTATION_CONTEXT(2) 
PARAMETRIC_REPRESENTATION_CONTEXT() REPRESENTATION_CONTEXT('2D SPACE',''
  ) );
#3571 = PCURVE('',#3572,#3577);
#3572 = PLANE('',#3573);
#3573 = AXIS2_PLACEMENT_3D('',#3574,#3575,#3576);
#3574 = CARTESIAN_POINT('',(10.3,33.3,193.));
#3575 = DIRECTION('',(1.,-0.,-0.));
#3576 = DIRECTION('',(0.,0.,-1.));
#3577 = DEFINITIONAL_REPRESENTATION('',(#3578),#3582);
#3578 = LINE('',#3579,#3580);
#3579 = CARTESIAN_POINT('',(-1.,1.35));
#3580 = VECTOR('',#3581,1.);
#3581 = DIRECTION('',(-0.,1.));
#3582 = ( GEOMETRIC_REPRESENTATION_CONTEXT(2) 
PARAMETRIC_REPRESENTATION_CONTEXT() REPRESENTATION_CONTEXT('2D SPACE',''
  ) );
#3583 = ADVANCED_FACE('',(#3584),#2367,.F.);
#3584 = FACE_BOUND('',#3585,.T.);
#3585 = EDGE_LOOP('',(#3586,#3587,#3610,#3633));
#3586 = ORIENTED_EDGE('',*,*,#2349,.F.);
#3587 = ORIENTED_EDGE('',*,*,#3588,.T.);
#3588 = EDGE_CURVE('',#2350,#3589,#3591,.T.);
#3589 = VERTEX_POINT('',#3590);
#3590 = CARTESIAN_POINT('',(3.65462720397,33.3,207.11));
#3591 = SURFACE_CURVE('',#3592,(#3596,#3603),.PCURVE_S1.);
#3592 = LINE('',#3593,#3594);
#3593 = CARTESIAN_POINT('',(3.65462720397,36.1,207.11));
#3594 = VECTOR('',#3595,1.);
#3595 = DIRECTION('',(-0.,-1.,-0.));
#3596 = PCURVE('',#2367,#3597);
#3597 = DEFINITIONAL_REPRESENTATION('',(#3598),#3602);
#3598 = LINE('',#3599,#3600);
#3599 = CARTESIAN_POINT('',(-0.,0.));
#3600 = VECTOR('',#3601,1.);
#3601 = DIRECTION('',(-0.,-1.));
#3602 = ( GEOMETRIC_REPRESENTATION_CONTEXT(2) 
PARAMETRIC_REPRESENTATION_CONTEXT() REPRESENTATION_CONTEXT('2D SPACE',''
  ) );
#3603 = PCURVE('',#2395,#3604);
#3604 = DEFINITIONAL_REPRESENTATION('',(#3605),#3609);
#3605 = LINE('',#3606,#3607);
#3606 = CARTESIAN_POINT('',(-4.22,0.));
#3607 = VECTOR('',#3608,1.);
#3608 = DIRECTION('',(-0.,-1.));
#3609 = ( GEOMETRIC_REPRESENTATION_CONTEXT(2) 
PARAMETRIC_REPRESENTATION_CONTEXT() REPRESENTATION_CONTEXT('2D SPACE',''
  ) );
#3610 = ORIENTED_EDGE('',*,*,#3611,.F.);
#3611 = EDGE_CURVE('',#3612,#3589,#3614,.T.);
#3612 = VERTEX_POINT('',#3613);
#3613 = CARTESIAN_POINT('',(2.584004746201E-16,33.3,209.22));
#3614 = SURFACE_CURVE('',#3615,(#3619,#3626),.PCURVE_S1.);
#3615 = LINE('',#3616,#3617);
#3616 = CARTESIAN_POINT('',(1.476546614331,33.3,208.36751541474));
#3617 = VECTOR('',#3618,1.);
#3618 = DIRECTION('',(0.866025403784,-0.,-0.5));
#3619 = PCURVE('',#2367,#3620);
#3620 = DEFINITIONAL_REPRESENTATION('',(#3621),#3625);
#3621 = LINE('',#3622,#3623);
#3622 = CARTESIAN_POINT('',(-2.51503082949,-2.8));
#3623 = VECTOR('',#3624,1.);
#3624 = DIRECTION('',(1.,-0.));
#3625 = ( GEOMETRIC_REPRESENTATION_CONTEXT(2) 
PARAMETRIC_REPRESENTATION_CONTEXT() REPRESENTATION_CONTEXT('2D SPACE',''
  ) );
#3626 = PCURVE('',#3546,#3627);
#3627 = DEFINITIONAL_REPRESENTATION('',(#3628),#3632);
#3628 = LINE('',#3629,#3630);
#3629 = CARTESIAN_POINT('',(-15.36751541474,11.776546614331));
#3630 = VECTOR('',#3631,1.);
#3631 = DIRECTION('',(0.5,0.866025403784));
#3632 = ( GEOMETRIC_REPRESENTATION_CONTEXT(2) 
PARAMETRIC_REPRESENTATION_CONTEXT() REPRESENTATION_CONTEXT('2D SPACE',''
  ) );
#3633 = ORIENTED_EDGE('',*,*,#3634,.F.);
#3634 = EDGE_CURVE('',#2352,#3612,#3635,.T.);
#3635 = SURFACE_CURVE('',#3636,(#3640,#3647),.PCURVE_S1.);
#3636 = LINE('',#3637,#3638);
#3637 = CARTESIAN_POINT('',(2.584004746201E-16,36.1,209.22));
#3638 = VECTOR('',#3639,1.);
#3639 = DIRECTION('',(-0.,-1.,-0.));
#3640 = PCURVE('',#2367,#3641);
#3641 = DEFINITIONAL_REPRESENTATION('',(#3642),#3646);
#3642 = LINE('',#3643,#3644);
#3643 = CARTESIAN_POINT('',(-4.22,0.));
#3644 = VECTOR('',#3645,1.);
#3645 = DIRECTION('',(-0.,-1.));
#3646 = ( GEOMETRIC_REPRESENTATION_CONTEXT(2) 
PARAMETRIC_REPRESENTATION_CONTEXT() REPRESENTATION_CONTEXT('2D SPACE',''
  ) );
#3647 = PCURVE('',#2505,#3648);
#3648 = DEFINITIONAL_REPRESENTATION('',(#3649),#3653);
#3649 = LINE('',#3650,#3651);
#3650 = CARTESIAN_POINT('',(0.,-0.));
#3651 = VECTOR('',#3652,1.);
#3652 = DIRECTION('',(-0.,-1.));
#3653 = ( GEOMETRIC_REPRESENTATION_CONTEXT(2) 
PARAMETRIC_REPRESENTATION_CONTEXT() REPRESENTATION_CONTEXT('2D SPACE',''
  ) );
#3654 = ADVANCED_FACE('',(#3655),#2505,.F.);
#3655 = FACE_BOUND('',#3656,.T.);
#3656 = EDGE_LOOP('',(#3657,#3658,#3659,#3682));
#3657 = ORIENTED_EDGE('',*,*,#2491,.F.);
#3658 = ORIENTED_EDGE('',*,*,#3634,.T.);
#3659 = ORIENTED_EDGE('',*,*,#3660,.F.);
#3660 = EDGE_CURVE('',#3661,#3612,#3663,.T.);
#3661 = VERTEX_POINT('',#3662);
#3662 = CARTESIAN_POINT('',(-3.65462720397,33.3,207.11));
#3663 = SURFACE_CURVE('',#3664,(#3668,#3675),.PCURVE_S1.);
#3664 = LINE('',#3665,#3666);
#3665 = CARTESIAN_POINT('',(-7.374233012346,33.3,204.96248458525));
#3666 = VECTOR('',#3667,1.);
#3667 = DIRECTION('',(0.866025403784,-0.,0.5));
#3668 = PCURVE('',#2505,#3669);
#3669 = DEFINITIONAL_REPRESENTATION('',(#3670),#3674);
#3670 = LINE('',#3671,#3672);
#3671 = CARTESIAN_POINT('',(-8.51503082949,-2.8));
#3672 = VECTOR('',#3673,1.);
#3673 = DIRECTION('',(1.,-0.));
#3674 = ( GEOMETRIC_REPRESENTATION_CONTEXT(2) 
PARAMETRIC_REPRESENTATION_CONTEXT() REPRESENTATION_CONTEXT('2D SPACE',''
  ) );
#3675 = PCURVE('',#3546,#3676);
#3676 = DEFINITIONAL_REPRESENTATION('',(#3677),#3681);
#3677 = LINE('',#3678,#3679);
#3678 = CARTESIAN_POINT('',(-11.96248458525,2.925766987654));
#3679 = VECTOR('',#3680,1.);
#3680 = DIRECTION('',(-0.5,0.866025403784));
#3681 = ( GEOMETRIC_REPRESENTATION_CONTEXT(2) 
PARAMETRIC_REPRESENTATION_CONTEXT() REPRESENTATION_CONTEXT('2D SPACE',''
  ) );
#3682 = ORIENTED_EDGE('',*,*,#3683,.F.);
#3683 = EDGE_CURVE('',#2464,#3661,#3684,.T.);
#3684 = SURFACE_CURVE('',#3685,(#3689,#3696),.PCURVE_S1.);
#3685 = LINE('',#3686,#3687);
#3686 = CARTESIAN_POINT('',(-3.65462720397,36.1,207.11));
#3687 = VECTOR('',#3688,1.);
#3688 = DIRECTION('',(-0.,-1.,-0.));
#3689 = PCURVE('',#2505,#3690);
#3690 = DEFINITIONAL_REPRESENTATION('',(#3691),#3695);
#3691 = LINE('',#3692,#3693);
#3692 = CARTESIAN_POINT('',(-4.22,0.));
#3693 = VECTOR('',#3694,1.);
#3694 = DIRECTION('',(-0.,-1.));
#3695 = ( GEOMETRIC_REPRESENTATION_CONTEXT(2) 
PARAMETRIC_REPRESENTATION_CONTEXT() REPRESENTATION_CONTEXT('2D SPACE',''
  ) );
#3696 = PCURVE('',#2479,#3697);
#3697 = DEFINITIONAL_REPRESENTATION('',(#3698),#3702);
#3698 = LINE('',#3699,#3700);
#3699 = CARTESIAN_POINT('',(-0.,0.));
#3700 = VECTOR('',#3701,1.);
#3701 = DIRECTION('',(-0.,-1.));
#3702 = ( GEOMETRIC_REPRESENTATION_CONTEXT(2) 
PARAMETRIC_REPRESENTATION_CONTEXT() REPRESENTATION_CONTEXT('2D SPACE',''
  ) );
#3703 = ADVANCED_FACE('',(#3704),#2479,.F.);
#3704 = FACE_BOUND('',#3705,.T.);
#3705 = EDGE_LOOP('',(#3706,#3707,#3708,#3731));
#3706 = ORIENTED_EDGE('',*,*,#2463,.F.);
#3707 = ORIENTED_EDGE('',*,*,#3683,.T.);
#3708 = ORIENTED_EDGE('',*,*,#3709,.F.);
#3709 = EDGE_CURVE('',#3710,#3661,#3712,.T.);
#3710 = VERTEX_POINT('',#3711);
#3711 = CARTESIAN_POINT('',(-3.65462720397,33.3,202.89));
#3712 = SURFACE_CURVE('',#3713,(#3717,#3724),.PCURVE_S1.);
#3713 = LINE('',#3714,#3715);
#3714 = CARTESIAN_POINT('',(-3.65462720397,33.3,200.055));
#3715 = VECTOR('',#3716,1.);
#3716 = DIRECTION('',(-1.052344099171E-16,-0.,1.));
#3717 = PCURVE('',#2479,#3718);
#3718 = DEFINITIONAL_REPRESENTATION('',(#3719),#3723);
#3719 = LINE('',#3720,#3721);
#3720 = CARTESIAN_POINT('',(-7.055,-2.8));
#3721 = VECTOR('',#3722,1.);
#3722 = DIRECTION('',(1.,-0.));
#3723 = ( GEOMETRIC_REPRESENTATION_CONTEXT(2) 
PARAMETRIC_REPRESENTATION_CONTEXT() REPRESENTATION_CONTEXT('2D SPACE',''
  ) );
#3724 = PCURVE('',#3546,#3725);
#3725 = DEFINITIONAL_REPRESENTATION('',(#3726),#3730);
#3726 = LINE('',#3727,#3728);
#3727 = CARTESIAN_POINT('',(-7.055,6.64537279603));
#3728 = VECTOR('',#3729,1.);
#3729 = DIRECTION('',(-1.,-1.052344099171E-16));
#3730 = ( GEOMETRIC_REPRESENTATION_CONTEXT(2) 
PARAMETRIC_REPRESENTATION_CONTEXT() REPRESENTATION_CONTEXT('2D SPACE',''
  ) );
#3731 = ORIENTED_EDGE('',*,*,#3732,.F.);
#3732 = EDGE_CURVE('',#2436,#3710,#3733,.T.);
#3733 = SURFACE_CURVE('',#3734,(#3738,#3745),.PCURVE_S1.);
#3734 = LINE('',#3735,#3736);
#3735 = CARTESIAN_POINT('',(-3.65462720397,36.1,202.89));
#3736 = VECTOR('',#3737,1.);
#3737 = DIRECTION('',(-0.,-1.,-0.));
#3738 = PCURVE('',#2479,#3739);
#3739 = DEFINITIONAL_REPRESENTATION('',(#3740),#3744);
#3740 = LINE('',#3741,#3742);
#3741 = CARTESIAN_POINT('',(-4.22,0.));
#3742 = VECTOR('',#3743,1.);
#3743 = DIRECTION('',(-0.,-1.));
#3744 = ( GEOMETRIC_REPRESENTATION_CONTEXT(2) 
PARAMETRIC_REPRESENTATION_CONTEXT() REPRESENTATION_CONTEXT('2D SPACE',''
  ) );
#3745 = PCURVE('',#2451,#3746);
#3746 = DEFINITIONAL_REPRESENTATION('',(#3747),#3751);
#3747 = LINE('',#3748,#3749);
#3748 = CARTESIAN_POINT('',(-0.,0.));
#3749 = VECTOR('',#3750,1.);
#3750 = DIRECTION('',(-0.,-1.));
#3751 = ( GEOMETRIC_REPRESENTATION_CONTEXT(2) 
PARAMETRIC_REPRESENTATION_CONTEXT() REPRESENTATION_CONTEXT('2D SPACE',''
  ) );
#3752 = ADVANCED_FACE('',(#3753),#2451,.F.);
#3753 = FACE_BOUND('',#3754,.T.);
#3754 = EDGE_LOOP('',(#3755,#3756,#3757,#3780));
#3755 = ORIENTED_EDGE('',*,*,#2435,.F.);
#3756 = ORIENTED_EDGE('',*,*,#3732,.T.);
#3757 = ORIENTED_EDGE('',*,*,#3758,.F.);
#3758 = EDGE_CURVE('',#3759,#3710,#3761,.T.);
#3759 = VERTEX_POINT('',#3760);
#3760 = CARTESIAN_POINT('',(-7.752014238603E-16,33.3,200.78));
#3761 = SURFACE_CURVE('',#3762,(#3766,#3773),.PCURVE_S1.);
#3762 = LINE('',#3763,#3764);
#3763 = CARTESIAN_POINT('',(-4.005394191624,33.3,203.09251541474));
#3764 = VECTOR('',#3765,1.);
#3765 = DIRECTION('',(-0.866025403784,-0.,0.5));
#3766 = PCURVE('',#2451,#3767);
#3767 = DEFINITIONAL_REPRESENTATION('',(#3768),#3772);
#3768 = LINE('',#3769,#3770);
#3769 = CARTESIAN_POINT('',(0.40503082949,-2.8));
#3770 = VECTOR('',#3771,1.);
#3771 = DIRECTION('',(1.,-0.));
#3772 = ( GEOMETRIC_REPRESENTATION_CONTEXT(2) 
PARAMETRIC_REPRESENTATION_CONTEXT() REPRESENTATION_CONTEXT('2D SPACE',''
  ) );
#3773 = PCURVE('',#3546,#3774);
#3774 = DEFINITIONAL_REPRESENTATION('',(#3775),#3779);
#3775 = LINE('',#3776,#3777);
#3776 = CARTESIAN_POINT('',(-10.09251541474,6.294605808376));
#3777 = VECTOR('',#3778,1.);
#3778 = DIRECTION('',(-0.5,-0.866025403784));
#3779 = ( GEOMETRIC_REPRESENTATION_CONTEXT(2) 
PARAMETRIC_REPRESENTATION_CONTEXT() REPRESENTATION_CONTEXT('2D SPACE',''
  ) );
#3780 = ORIENTED_EDGE('',*,*,#3781,.F.);
#3781 = EDGE_CURVE('',#2408,#3759,#3782,.T.);
#3782 = SURFACE_CURVE('',#3783,(#3787,#3794),.PCURVE_S1.);
#3783 = LINE('',#3784,#3785);
#3784 = CARTESIAN_POINT('',(-7.752014238603E-16,36.1,200.78));
#3785 = VECTOR('',#3786,1.);
#3786 = DIRECTION('',(-0.,-1.,-0.));
#3787 = PCURVE('',#2451,#3788);
#3788 = DEFINITIONAL_REPRESENTATION('',(#3789),#3793);
#3789 = LINE('',#3790,#3791);
#3790 = CARTESIAN_POINT('',(-4.22,0.));
#3791 = VECTOR('',#3792,1.);
#3792 = DIRECTION('',(-0.,-1.));
#3793 = ( GEOMETRIC_REPRESENTATION_CONTEXT(2) 
PARAMETRIC_REPRESENTATION_CONTEXT() REPRESENTATION_CONTEXT('2D SPACE',''
  ) );
#3794 = PCURVE('',#2423,#3795);
#3795 = DEFINITIONAL_REPRESENTATION('',(#3796),#3800);
#3796 = LINE('',#3797,#3798);
#3797 = CARTESIAN_POINT('',(-0.,0.));
#3798 = VECTOR('',#3799,1.);
#3799 = DIRECTION('',(-0.,-1.));
#3800 = ( GEOMETRIC_REPRESENTATION_CONTEXT(2) 
PARAMETRIC_REPRESENTATION_CONTEXT() REPRESENTATION_CONTEXT('2D SPACE',''
  ) );
#3801 = ADVANCED_FACE('',(#3802),#2423,.F.);
#3802 = FACE_BOUND('',#3803,.T.);
#3803 = EDGE_LOOP('',(#3804,#3805,#3806,#3829));
#3804 = ORIENTED_EDGE('',*,*,#2407,.F.);
#3805 = ORIENTED_EDGE('',*,*,#3781,.T.);
#3806 = ORIENTED_EDGE('',*,*,#3807,.F.);
#3807 = EDGE_CURVE('',#3808,#3759,#3810,.T.);
#3808 = VERTEX_POINT('',#3809);
#3809 = CARTESIAN_POINT('',(3.65462720397,33.3,202.89));
#3810 = SURFACE_CURVE('',#3811,(#3815,#3822),.PCURVE_S1.);
#3811 = LINE('',#3812,#3813);
#3812 = CARTESIAN_POINT('',(-5.546919410361,33.3,197.57748458525));
#3813 = VECTOR('',#3814,1.);
#3814 = DIRECTION('',(-0.866025403784,-0.,-0.5));
#3815 = PCURVE('',#2423,#3816);
#3816 = DEFINITIONAL_REPRESENTATION('',(#3817),#3821);
#3817 = LINE('',#3818,#3819);
#3818 = CARTESIAN_POINT('',(6.40503082949,-2.8));
#3819 = VECTOR('',#3820,1.);
#3820 = DIRECTION('',(1.,-0.));
#3821 = ( GEOMETRIC_REPRESENTATION_CONTEXT(2) 
PARAMETRIC_REPRESENTATION_CONTEXT() REPRESENTATION_CONTEXT('2D SPACE',''
  ) );
#3822 = PCURVE('',#3546,#3823);
#3823 = DEFINITIONAL_REPRESENTATION('',(#3824),#3828);
#3824 = LINE('',#3825,#3826);
#3825 = CARTESIAN_POINT('',(-4.577484585255,4.753080589639));
#3826 = VECTOR('',#3827,1.);
#3827 = DIRECTION('',(0.5,-0.866025403784));
#3828 = ( GEOMETRIC_REPRESENTATION_CONTEXT(2) 
PARAMETRIC_REPRESENTATION_CONTEXT() REPRESENTATION_CONTEXT('2D SPACE',''
  ) );
#3829 = ORIENTED_EDGE('',*,*,#3830,.F.);
#3830 = EDGE_CURVE('',#2380,#3808,#3831,.T.);
#3831 = SURFACE_CURVE('',#3832,(#3836,#3843),.PCURVE_S1.);
#3832 = LINE('',#3833,#3834);
#3833 = CARTESIAN_POINT('',(3.65462720397,36.1,202.89));
#3834 = VECTOR('',#3835,1.);
#3835 = DIRECTION('',(-0.,-1.,-0.));
#3836 = PCURVE('',#2423,#3837);
#3837 = DEFINITIONAL_REPRESENTATION('',(#3838),#3842);
#3838 = LINE('',#3839,#3840);
#3839 = CARTESIAN_POINT('',(-4.22,0.));
#3840 = VECTOR('',#3841,1.);
#3841 = DIRECTION('',(-0.,-1.));
#3842 = ( GEOMETRIC_REPRESENTATION_CONTEXT(2) 
PARAMETRIC_REPRESENTATION_CONTEXT() REPRESENTATION_CONTEXT('2D SPACE',''
  ) );
#3843 = PCURVE('',#2395,#3844);
#3844 = DEFINITIONAL_REPRESENTATION('',(#3845),#3849);
#3845 = LINE('',#3846,#3847);
#3846 = CARTESIAN_POINT('',(-0.,0.));
#3847 = VECTOR('',#3848,1.);
#3848 = DIRECTION('',(-0.,-1.));
#3849 = ( GEOMETRIC_REPRESENTATION_CONTEXT(2) 
PARAMETRIC_REPRESENTATION_CONTEXT() REPRESENTATION_CONTEXT('2D SPACE',''
  ) );
#3850 = ADVANCED_FACE('',(#3851),#2395,.F.);
#3851 = FACE_BOUND('',#3852,.T.);
#3852 = EDGE_LOOP('',(#3853,#3854,#3855,#3876));
#3853 = ORIENTED_EDGE('',*,*,#2379,.F.);
#3854 = ORIENTED_EDGE('',*,*,#3830,.T.);
#3855 = ORIENTED_EDGE('',*,*,#3856,.F.);
#3856 = EDGE_CURVE('',#3589,#3808,#3857,.T.);
#3857 = SURFACE_CURVE('',#3858,(#3862,#3869),.PCURVE_S1.);
#3858 = LINE('',#3859,#3860);
#3859 = CARTESIAN_POINT('',(3.65462720397,33.3,197.945));
#3860 = VECTOR('',#3861,1.);
#3861 = DIRECTION('',(-3.157032297512E-16,-0.,-1.));
#3862 = PCURVE('',#2395,#3863);
#3863 = DEFINITIONAL_REPRESENTATION('',(#3864),#3868);
#3864 = LINE('',#3865,#3866);
#3865 = CARTESIAN_POINT('',(4.945,-2.8));
#3866 = VECTOR('',#3867,1.);
#3867 = DIRECTION('',(1.,-0.));
#3868 = ( GEOMETRIC_REPRESENTATION_CONTEXT(2) 
PARAMETRIC_REPRESENTATION_CONTEXT() REPRESENTATION_CONTEXT('2D SPACE',''
  ) );
#3869 = PCURVE('',#3546,#3870);
#3870 = DEFINITIONAL_REPRESENTATION('',(#3871),#3875);
#3871 = LINE('',#3872,#3873);
#3872 = CARTESIAN_POINT('',(-4.945,13.95462720397));
#3873 = VECTOR('',#3874,1.);
#3874 = DIRECTION('',(1.,-3.157032297512E-16));
#3875 = ( GEOMETRIC_REPRESENTATION_CONTEXT(2) 
PARAMETRIC_REPRESENTATION_CONTEXT() REPRESENTATION_CONTEXT('2D SPACE',''
  ) );
#3876 = ORIENTED_EDGE('',*,*,#3588,.F.);
#3877 = ADVANCED_FACE('',(#3878),#2537,.F.);
#3878 = FACE_BOUND('',#3879,.T.);
#3879 = EDGE_LOOP('',(#3880,#3881,#3904,#3927));
#3880 = ORIENTED_EDGE('',*,*,#2519,.F.);
#3881 = ORIENTED_EDGE('',*,*,#3882,.T.);
#3882 = EDGE_CURVE('',#2520,#3883,#3885,.T.);
#3883 = VERTEX_POINT('',#3884);
#3884 = CARTESIAN_POINT('',(3.65462720397,33.3,222.11));
#3885 = SURFACE_CURVE('',#3886,(#3890,#3897),.PCURVE_S1.);
#3886 = LINE('',#3887,#3888);
#3887 = CARTESIAN_POINT('',(3.65462720397,36.1,222.11));
#3888 = VECTOR('',#3889,1.);
#3889 = DIRECTION('',(-0.,-1.,-0.));
#3890 = PCURVE('',#2537,#3891);
#3891 = DEFINITIONAL_REPRESENTATION('',(#3892),#3896);
#3892 = LINE('',#3893,#3894);
#3893 = CARTESIAN_POINT('',(-0.,0.));
#3894 = VECTOR('',#3895,1.);
#3895 = DIRECTION('',(-0.,-1.));
#3896 = ( GEOMETRIC_REPRESENTATION_CONTEXT(2) 
PARAMETRIC_REPRESENTATION_CONTEXT() REPRESENTATION_CONTEXT('2D SPACE',''
  ) );
#3897 = PCURVE('',#2565,#3898);
#3898 = DEFINITIONAL_REPRESENTATION('',(#3899),#3903);
#3899 = LINE('',#3900,#3901);
#3900 = CARTESIAN_POINT('',(-4.22,0.));
#3901 = VECTOR('',#3902,1.);
#3902 = DIRECTION('',(-0.,-1.));
#3903 = ( GEOMETRIC_REPRESENTATION_CONTEXT(2) 
PARAMETRIC_REPRESENTATION_CONTEXT() REPRESENTATION_CONTEXT('2D SPACE',''
  ) );
#3904 = ORIENTED_EDGE('',*,*,#3905,.F.);
#3905 = EDGE_CURVE('',#3906,#3883,#3908,.T.);
#3906 = VERTEX_POINT('',#3907);
#3907 = CARTESIAN_POINT('',(2.584004746201E-16,33.3,224.22));
#3908 = SURFACE_CURVE('',#3909,(#3913,#3920),.PCURVE_S1.);
#3909 = LINE('',#3910,#3911);
#3910 = CARTESIAN_POINT('',(4.724141878523,33.3,221.49251541474));
#3911 = VECTOR('',#3912,1.);
#3912 = DIRECTION('',(0.866025403784,-0.,-0.5));
#3913 = PCURVE('',#2537,#3914);
#3914 = DEFINITIONAL_REPRESENTATION('',(#3915),#3919);
#3915 = LINE('',#3916,#3917);
#3916 = CARTESIAN_POINT('',(1.23496917051,-2.8));
#3917 = VECTOR('',#3918,1.);
#3918 = DIRECTION('',(1.,-0.));
#3919 = ( GEOMETRIC_REPRESENTATION_CONTEXT(2) 
PARAMETRIC_REPRESENTATION_CONTEXT() REPRESENTATION_CONTEXT('2D SPACE',''
  ) );
#3920 = PCURVE('',#3546,#3921);
#3921 = DEFINITIONAL_REPRESENTATION('',(#3922),#3926);
#3922 = LINE('',#3923,#3924);
#3923 = CARTESIAN_POINT('',(-28.49251541474,15.024141878523));
#3924 = VECTOR('',#3925,1.);
#3925 = DIRECTION('',(0.5,0.866025403784));
#3926 = ( GEOMETRIC_REPRESENTATION_CONTEXT(2) 
PARAMETRIC_REPRESENTATION_CONTEXT() REPRESENTATION_CONTEXT('2D SPACE',''
  ) );
#3927 = ORIENTED_EDGE('',*,*,#3928,.F.);
#3928 = EDGE_CURVE('',#2522,#3906,#3929,.T.);
#3929 = SURFACE_CURVE('',#3930,(#3934,#3941),.PCURVE_S1.);
#3930 = LINE('',#3931,#3932);
#3931 = CARTESIAN_POINT('',(2.584004746201E-16,36.1,224.22));
#3932 = VECTOR('',#3933,1.);
#3933 = DIRECTION('',(-0.,-1.,-0.));
#3934 = PCURVE('',#2537,#3935);
#3935 = DEFINITIONAL_REPRESENTATION('',(#3936),#3940);
#3936 = LINE('',#3937,#3938);
#3937 = CARTESIAN_POINT('',(-4.22,0.));
#3938 = VECTOR('',#3939,1.);
#3939 = DIRECTION('',(-0.,-1.));
#3940 = ( GEOMETRIC_REPRESENTATION_CONTEXT(2) 
PARAMETRIC_REPRESENTATION_CONTEXT() REPRESENTATION_CONTEXT('2D SPACE',''
  ) );
#3941 = PCURVE('',#2675,#3942);
#3942 = DEFINITIONAL_REPRESENTATION('',(#3943),#3947);
#3943 = LINE('',#3944,#3945);
#3944 = CARTESIAN_POINT('',(0.,-0.));
#3945 = VECTOR('',#3946,1.);
#3946 = DIRECTION('',(-0.,-1.));
#3947 = ( GEOMETRIC_REPRESENTATION_CONTEXT(2) 
PARAMETRIC_REPRESENTATION_CONTEXT() REPRESENTATION_CONTEXT('2D SPACE',''
  ) );
#3948 = ADVANCED_FACE('',(#3949),#2675,.F.);
#3949 = FACE_BOUND('',#3950,.T.);
#3950 = EDGE_LOOP('',(#3951,#3952,#3953,#3976));
#3951 = ORIENTED_EDGE('',*,*,#2661,.F.);
#3952 = ORIENTED_EDGE('',*,*,#3928,.T.);
#3953 = ORIENTED_EDGE('',*,*,#3954,.F.);
#3954 = EDGE_CURVE('',#3955,#3906,#3957,.T.);
#3955 = VERTEX_POINT('',#3956);
#3956 = CARTESIAN_POINT('',(-3.65462720397,33.3,222.11));
#3957 = SURFACE_CURVE('',#3958,(#3962,#3969),.PCURVE_S1.);
#3958 = LINE('',#3959,#3960);
#3959 = CARTESIAN_POINT('',(-10.62182827653,33.3,218.08748458525));
#3960 = VECTOR('',#3961,1.);
#3961 = DIRECTION('',(0.866025403784,-0.,0.5));
#3962 = PCURVE('',#2675,#3963);
#3963 = DEFINITIONAL_REPRESENTATION('',(#3964),#3968);
#3964 = LINE('',#3965,#3966);
#3965 = CARTESIAN_POINT('',(-12.26503082949,-2.8));
#3966 = VECTOR('',#3967,1.);
#3967 = DIRECTION('',(1.,-0.));
#3968 = ( GEOMETRIC_REPRESENTATION_CONTEXT(2) 
PARAMETRIC_REPRESENTATION_CONTEXT() REPRESENTATION_CONTEXT('2D SPACE',''
  ) );
#3969 = PCURVE('',#3546,#3970);
#3970 = DEFINITIONAL_REPRESENTATION('',(#3971),#3975);
#3971 = LINE('',#3972,#3973);
#3972 = CARTESIAN_POINT('',(-25.08748458525,-0.321828276538));
#3973 = VECTOR('',#3974,1.);
#3974 = DIRECTION('',(-0.5,0.866025403784));
#3975 = ( GEOMETRIC_REPRESENTATION_CONTEXT(2) 
PARAMETRIC_REPRESENTATION_CONTEXT() REPRESENTATION_CONTEXT('2D SPACE',''
  ) );
#3976 = ORIENTED_EDGE('',*,*,#3977,.F.);
#3977 = EDGE_CURVE('',#2634,#3955,#3978,.T.);
#3978 = SURFACE_CURVE('',#3979,(#3983,#3990),.PCURVE_S1.);
#3979 = LINE('',#3980,#3981);
#3980 = CARTESIAN_POINT('',(-3.65462720397,36.1,222.11));
#3981 = VECTOR('',#3982,1.);
#3982 = DIRECTION('',(-0.,-1.,-0.));
#3983 = PCURVE('',#2675,#3984);
#3984 = DEFINITIONAL_REPRESENTATION('',(#3985),#3989);
#3985 = LINE('',#3986,#3987);
#3986 = CARTESIAN_POINT('',(-4.22,0.));
#3987 = VECTOR('',#3988,1.);
#3988 = DIRECTION('',(-0.,-1.));
#3989 = ( GEOMETRIC_REPRESENTATION_CONTEXT(2) 
PARAMETRIC_REPRESENTATION_CONTEXT() REPRESENTATION_CONTEXT('2D SPACE',''
  ) );
#3990 = PCURVE('',#2649,#3991);
#3991 = DEFINITIONAL_REPRESENTATION('',(#3992),#3996);
#3992 = LINE('',#3993,#3994);
#3993 = CARTESIAN_POINT('',(-0.,0.));
#3994 = VECTOR('',#3995,1.);
#3995 = DIRECTION('',(-0.,-1.));
#3996 = ( GEOMETRIC_REPRESENTATION_CONTEXT(2) 
PARAMETRIC_REPRESENTATION_CONTEXT() REPRESENTATION_CONTEXT('2D SPACE',''
  ) );
#3997 = ADVANCED_FACE('',(#3998),#2649,.F.);
#3998 = FACE_BOUND('',#3999,.T.);
#3999 = EDGE_LOOP('',(#4000,#4001,#4002,#4025));
#4000 = ORIENTED_EDGE('',*,*,#2633,.F.);
#4001 = ORIENTED_EDGE('',*,*,#3977,.T.);
#4002 = ORIENTED_EDGE('',*,*,#4003,.F.);
#4003 = EDGE_CURVE('',#4004,#3955,#4006,.T.);
#4004 = VERTEX_POINT('',#4005);
#4005 = CARTESIAN_POINT('',(-3.65462720397,33.3,217.89));
#4006 = SURFACE_CURVE('',#4007,(#4011,#4018),.PCURVE_S1.);
#4007 = LINE('',#4008,#4009);
#4008 = CARTESIAN_POINT('',(-3.65462720397,33.3,207.555));
#4009 = VECTOR('',#4010,1.);
#4010 = DIRECTION('',(-1.052344099171E-16,-0.,1.));
#4011 = PCURVE('',#2649,#4012);
#4012 = DEFINITIONAL_REPRESENTATION('',(#4013),#4017);
#4013 = LINE('',#4014,#4015);
#4014 = CARTESIAN_POINT('',(-14.555,-2.8));
#4015 = VECTOR('',#4016,1.);
#4016 = DIRECTION('',(1.,-0.));
#4017 = ( GEOMETRIC_REPRESENTATION_CONTEXT(2) 
PARAMETRIC_REPRESENTATION_CONTEXT() REPRESENTATION_CONTEXT('2D SPACE',''
  ) );
#4018 = PCURVE('',#3546,#4019);
#4019 = DEFINITIONAL_REPRESENTATION('',(#4020),#4024);
#4020 = LINE('',#4021,#4022);
#4021 = CARTESIAN_POINT('',(-14.555,6.64537279603));
#4022 = VECTOR('',#4023,1.);
#4023 = DIRECTION('',(-1.,-1.052344099171E-16));
#4024 = ( GEOMETRIC_REPRESENTATION_CONTEXT(2) 
PARAMETRIC_REPRESENTATION_CONTEXT() REPRESENTATION_CONTEXT('2D SPACE',''
  ) );
#4025 = ORIENTED_EDGE('',*,*,#4026,.F.);
#4026 = EDGE_CURVE('',#2606,#4004,#4027,.T.);
#4027 = SURFACE_CURVE('',#4028,(#4032,#4039),.PCURVE_S1.);
#4028 = LINE('',#4029,#4030);
#4029 = CARTESIAN_POINT('',(-3.65462720397,36.1,217.89));
#4030 = VECTOR('',#4031,1.);
#4031 = DIRECTION('',(-0.,-1.,-0.));
#4032 = PCURVE('',#2649,#4033);
#4033 = DEFINITIONAL_REPRESENTATION('',(#4034),#4038);
#4034 = LINE('',#4035,#4036);
#4035 = CARTESIAN_POINT('',(-4.22,0.));
#4036 = VECTOR('',#4037,1.);
#4037 = DIRECTION('',(-0.,-1.));
#4038 = ( GEOMETRIC_REPRESENTATION_CONTEXT(2) 
PARAMETRIC_REPRESENTATION_CONTEXT() REPRESENTATION_CONTEXT('2D SPACE',''
  ) );
#4039 = PCURVE('',#2621,#4040);
#4040 = DEFINITIONAL_REPRESENTATION('',(#4041),#4045);
#4041 = LINE('',#4042,#4043);
#4042 = CARTESIAN_POINT('',(-0.,0.));
#4043 = VECTOR('',#4044,1.);
#4044 = DIRECTION('',(-0.,-1.));
#4045 = ( GEOMETRIC_REPRESENTATION_CONTEXT(2) 
PARAMETRIC_REPRESENTATION_CONTEXT() REPRESENTATION_CONTEXT('2D SPACE',''
  ) );
#4046 = ADVANCED_FACE('',(#4047),#2621,.F.);
#4047 = FACE_BOUND('',#4048,.T.);
#4048 = EDGE_LOOP('',(#4049,#4050,#4051,#4074));
#4049 = ORIENTED_EDGE('',*,*,#2605,.F.);
#4050 = ORIENTED_EDGE('',*,*,#4026,.T.);
#4051 = ORIENTED_EDGE('',*,*,#4052,.F.);
#4052 = EDGE_CURVE('',#4053,#4004,#4055,.T.);
#4053 = VERTEX_POINT('',#4054);
#4054 = CARTESIAN_POINT('',(-7.752014238603E-16,33.3,215.78));
#4055 = SURFACE_CURVE('',#4056,(#4060,#4067),.PCURVE_S1.);
#4056 = LINE('',#4057,#4058);
#4057 = CARTESIAN_POINT('',(-0.757798927433,33.3,216.21751541474));
#4058 = VECTOR('',#4059,1.);
#4059 = DIRECTION('',(-0.866025403784,-0.,0.5));
#4060 = PCURVE('',#2621,#4061);
#4061 = DEFINITIONAL_REPRESENTATION('',(#4062),#4066);
#4062 = LINE('',#4063,#4064);
#4063 = CARTESIAN_POINT('',(-3.34496917051,-2.8));
#4064 = VECTOR('',#4065,1.);
#4065 = DIRECTION('',(1.,-0.));
#4066 = ( GEOMETRIC_REPRESENTATION_CONTEXT(2) 
PARAMETRIC_REPRESENTATION_CONTEXT() REPRESENTATION_CONTEXT('2D SPACE',''
  ) );
#4067 = PCURVE('',#3546,#4068);
#4068 = DEFINITIONAL_REPRESENTATION('',(#4069),#4073);
#4069 = LINE('',#4070,#4071);
#4070 = CARTESIAN_POINT('',(-23.21751541474,9.542201072567));
#4071 = VECTOR('',#4072,1.);
#4072 = DIRECTION('',(-0.5,-0.866025403784));
#4073 = ( GEOMETRIC_REPRESENTATION_CONTEXT(2) 
PARAMETRIC_REPRESENTATION_CONTEXT() REPRESENTATION_CONTEXT('2D SPACE',''
  ) );
#4074 = ORIENTED_EDGE('',*,*,#4075,.F.);
#4075 = EDGE_CURVE('',#2578,#4053,#4076,.T.);
#4076 = SURFACE_CURVE('',#4077,(#4081,#4088),.PCURVE_S1.);
#4077 = LINE('',#4078,#4079);
#4078 = CARTESIAN_POINT('',(-7.752014238603E-16,36.1,215.78));
#4079 = VECTOR('',#4080,1.);
#4080 = DIRECTION('',(-0.,-1.,-0.));
#4081 = PCURVE('',#2621,#4082);
#4082 = DEFINITIONAL_REPRESENTATION('',(#4083),#4087);
#4083 = LINE('',#4084,#4085);
#4084 = CARTESIAN_POINT('',(-4.22,0.));
#4085 = VECTOR('',#4086,1.);
#4086 = DIRECTION('',(-0.,-1.));
#4087 = ( GEOMETRIC_REPRESENTATION_CONTEXT(2) 
PARAMETRIC_REPRESENTATION_CONTEXT() REPRESENTATION_CONTEXT('2D SPACE',''
  ) );
#4088 = PCURVE('',#2593,#4089);
#4089 = DEFINITIONAL_REPRESENTATION('',(#4090),#4094);
#4090 = LINE('',#4091,#4092);
#4091 = CARTESIAN_POINT('',(-0.,0.));
#4092 = VECTOR('',#4093,1.);
#4093 = DIRECTION('',(-0.,-1.));
#4094 = ( GEOMETRIC_REPRESENTATION_CONTEXT(2) 
PARAMETRIC_REPRESENTATION_CONTEXT() REPRESENTATION_CONTEXT('2D SPACE',''
  ) );
#4095 = ADVANCED_FACE('',(#4096),#2593,.F.);
#4096 = FACE_BOUND('',#4097,.T.);
#4097 = EDGE_LOOP('',(#4098,#4099,#4100,#4123));
#4098 = ORIENTED_EDGE('',*,*,#2577,.F.);
#4099 = ORIENTED_EDGE('',*,*,#4075,.T.);
#4100 = ORIENTED_EDGE('',*,*,#4101,.F.);
#4101 = EDGE_CURVE('',#4102,#4053,#4104,.T.);
#4102 = VERTEX_POINT('',#4103);
#4103 = CARTESIAN_POINT('',(3.65462720397,33.3,217.89));
#4104 = SURFACE_CURVE('',#4105,(#4109,#4116),.PCURVE_S1.);
#4105 = LINE('',#4106,#4107);
#4106 = CARTESIAN_POINT('',(-8.794514674552,33.3,210.70248458525));
#4107 = VECTOR('',#4108,1.);
#4108 = DIRECTION('',(-0.866025403784,-0.,-0.5));
#4109 = PCURVE('',#2593,#4110);
#4110 = DEFINITIONAL_REPRESENTATION('',(#4111),#4115);
#4111 = LINE('',#4112,#4113);
#4112 = CARTESIAN_POINT('',(10.15503082949,-2.8));
#4113 = VECTOR('',#4114,1.);
#4114 = DIRECTION('',(1.,-0.));
#4115 = ( GEOMETRIC_REPRESENTATION_CONTEXT(2) 
PARAMETRIC_REPRESENTATION_CONTEXT() REPRESENTATION_CONTEXT('2D SPACE',''
  ) );
#4116 = PCURVE('',#3546,#4117);
#4117 = DEFINITIONAL_REPRESENTATION('',(#4118),#4122);
#4118 = LINE('',#4119,#4120);
#4119 = CARTESIAN_POINT('',(-17.70248458525,1.505485325448));
#4120 = VECTOR('',#4121,1.);
#4121 = DIRECTION('',(0.5,-0.866025403784));
#4122 = ( GEOMETRIC_REPRESENTATION_CONTEXT(2) 
PARAMETRIC_REPRESENTATION_CONTEXT() REPRESENTATION_CONTEXT('2D SPACE',''
  ) );
#4123 = ORIENTED_EDGE('',*,*,#4124,.F.);
#4124 = EDGE_CURVE('',#2550,#4102,#4125,.T.);
#4125 = SURFACE_CURVE('',#4126,(#4130,#4137),.PCURVE_S1.);
#4126 = LINE('',#4127,#4128);
#4127 = CARTESIAN_POINT('',(3.65462720397,36.1,217.89));
#4128 = VECTOR('',#4129,1.);
#4129 = DIRECTION('',(-0.,-1.,-0.));
#4130 = PCURVE('',#2593,#4131);
#4131 = DEFINITIONAL_REPRESENTATION('',(#4132),#4136);
#4132 = LINE('',#4133,#4134);
#4133 = CARTESIAN_POINT('',(-4.22,0.));
#4134 = VECTOR('',#4135,1.);
#4135 = DIRECTION('',(-0.,-1.));
#4136 = ( GEOMETRIC_REPRESENTATION_CONTEXT(2) 
PARAMETRIC_REPRESENTATION_CONTEXT() REPRESENTATION_CONTEXT('2D SPACE',''
  ) );
#4137 = PCURVE('',#2565,#4138);
#4138 = DEFINITIONAL_REPRESENTATION('',(#4139),#4143);
#4139 = LINE('',#4140,#4141);
#4140 = CARTESIAN_POINT('',(-0.,0.));
#4141 = VECTOR('',#4142,1.);
#4142 = DIRECTION('',(-0.,-1.));
#4143 = ( GEOMETRIC_REPRESENTATION_CONTEXT(2) 
PARAMETRIC_REPRESENTATION_CONTEXT() REPRESENTATION_CONTEXT('2D SPACE',''
  ) );
#4144 = ADVANCED_FACE('',(#4145),#2565,.F.);
#4145 = FACE_BOUND('',#4146,.T.);
#4146 = EDGE_LOOP('',(#4147,#4148,#4149,#4170));
#4147 = ORIENTED_EDGE('',*,*,#2549,.F.);
#4148 = ORIENTED_EDGE('',*,*,#4124,.T.);
#4149 = ORIENTED_EDGE('',*,*,#4150,.F.);
#4150 = EDGE_CURVE('',#3883,#4102,#4151,.T.);
#4151 = SURFACE_CURVE('',#4152,(#4156,#4163),.PCURVE_S1.);
#4152 = LINE('',#4153,#4154);
#4153 = CARTESIAN_POINT('',(3.65462720397,33.3,205.445));
#4154 = VECTOR('',#4155,1.);
#4155 = DIRECTION('',(-3.157032297512E-16,-0.,-1.));
#4156 = PCURVE('',#2565,#4157);
#4157 = DEFINITIONAL_REPRESENTATION('',(#4158),#4162);
#4158 = LINE('',#4159,#4160);
#4159 = CARTESIAN_POINT('',(12.445,-2.8));
#4160 = VECTOR('',#4161,1.);
#4161 = DIRECTION('',(1.,-0.));
#4162 = ( GEOMETRIC_REPRESENTATION_CONTEXT(2) 
PARAMETRIC_REPRESENTATION_CONTEXT() REPRESENTATION_CONTEXT('2D SPACE',''
  ) );
#4163 = PCURVE('',#3546,#4164);
#4164 = DEFINITIONAL_REPRESENTATION('',(#4165),#4169);
#4165 = LINE('',#4166,#4167);
#4166 = CARTESIAN_POINT('',(-12.445,13.95462720397));
#4167 = VECTOR('',#4168,1.);
#4168 = DIRECTION('',(1.,-3.157032297512E-16));
#4169 = ( GEOMETRIC_REPRESENTATION_CONTEXT(2) 
PARAMETRIC_REPRESENTATION_CONTEXT() REPRESENTATION_CONTEXT('2D SPACE',''
  ) );
#4170 = ORIENTED_EDGE('',*,*,#3882,.F.);
#4171 = ADVANCED_FACE('',(#4172),#3123,.F.);
#4172 = FACE_BOUND('',#4173,.T.);
#4173 = EDGE_LOOP('',(#4174,#4175,#4198,#4224));
#4174 = ORIENTED_EDGE('',*,*,#3102,.F.);
#4175 = ORIENTED_EDGE('',*,*,#4176,.F.);
#4176 = EDGE_CURVE('',#4177,#3103,#4179,.T.);
#4177 = VERTEX_POINT('',#4178);
#4178 = CARTESIAN_POINT('',(-5.510910596163E-16,24.7,207.25));
#4179 = SEAM_CURVE('',#4180,(#4184,#4191),.PCURVE_S1.);
#4180 = LINE('',#4181,#4182);
#4181 = CARTESIAN_POINT('',(-5.510910596163E-16,45.,207.25));
#4182 = VECTOR('',#4183,1.);
#4183 = DIRECTION('',(-0.,-1.,-0.));
#4184 = PCURVE('',#3123,#4185);
#4185 = DEFINITIONAL_REPRESENTATION('',(#4186),#4190);
#4186 = LINE('',#4187,#4188);
#4187 = CARTESIAN_POINT('',(-6.28318530718,-0.));
#4188 = VECTOR('',#4189,1.);
#4189 = DIRECTION('',(-0.,1.));
#4190 = ( GEOMETRIC_REPRESENTATION_CONTEXT(2) 
PARAMETRIC_REPRESENTATION_CONTEXT() REPRESENTATION_CONTEXT('2D SPACE',''
  ) );
#4191 = PCURVE('',#3123,#4192);
#4192 = DEFINITIONAL_REPRESENTATION('',(#4193),#4197);
#4193 = LINE('',#4194,#4195);
#4194 = CARTESIAN_POINT('',(-0.,-0.));
#4195 = VECTOR('',#4196,1.);
#4196 = DIRECTION('',(-0.,1.));
#4197 = ( GEOMETRIC_REPRESENTATION_CONTEXT(2) 
PARAMETRIC_REPRESENTATION_CONTEXT() REPRESENTATION_CONTEXT('2D SPACE',''
  ) );
#4198 = ORIENTED_EDGE('',*,*,#4199,.T.);
#4199 = EDGE_CURVE('',#4177,#4177,#4200,.T.);
#4200 = SURFACE_CURVE('',#4201,(#4206,#4213),.PCURVE_S1.);
#4201 = CIRCLE('',#4202,2.25);
#4202 = AXIS2_PLACEMENT_3D('',#4203,#4204,#4205);
#4203 = CARTESIAN_POINT('',(0.,24.7,205.));
#4204 = DIRECTION('',(0.,1.,0.));
#4205 = DIRECTION('',(-0.,0.,1.));
#4206 = PCURVE('',#3123,#4207);
#4207 = DEFINITIONAL_REPRESENTATION('',(#4208),#4212);
#4208 = LINE('',#4209,#4210);
#4209 = CARTESIAN_POINT('',(-0.,20.3));
#4210 = VECTOR('',#4211,1.);
#4211 = DIRECTION('',(-1.,0.));
#4212 = ( GEOMETRIC_REPRESENTATION_CONTEXT(2) 
PARAMETRIC_REPRESENTATION_CONTEXT() REPRESENTATION_CONTEXT('2D SPACE',''
  ) );
#4213 = PCURVE('',#3490,#4214);
#4214 = DEFINITIONAL_REPRESENTATION('',(#4215),#4223);
#4215 = ( BOUNDED_CURVE() B_SPLINE_CURVE(2,(#4216,#4217,#4218,#4219,
#4220,#4221,#4222),.UNSPECIFIED.,.T.,.F.) B_SPLINE_CURVE_WITH_KNOTS((1,2
    ,2,2,2,1),(-2.094395102393,0.,2.094395102393,4.188790204786,
6.28318530718,8.377580409573),.UNSPECIFIED.) CURVE() 
GEOMETRIC_REPRESENTATION_ITEM() RATIONAL_B_SPLINE_CURVE((1.,0.5,1.,0.5,
1.,0.5,1.)) REPRESENTATION_ITEM('') );
#4216 = CARTESIAN_POINT('',(-14.25,10.3));
#4217 = CARTESIAN_POINT('',(-14.25,14.19711431703));
#4218 = CARTESIAN_POINT('',(-10.875,12.248557158515));
#4219 = CARTESIAN_POINT('',(-7.5,10.3));
#4220 = CARTESIAN_POINT('',(-10.875,8.351442841485));
#4221 = CARTESIAN_POINT('',(-14.25,6.40288568297));
#4222 = CARTESIAN_POINT('',(-14.25,10.3));
#4223 = ( GEOMETRIC_REPRESENTATION_CONTEXT(2) 
PARAMETRIC_REPRESENTATION_CONTEXT() REPRESENTATION_CONTEXT('2D SPACE',''
  ) );
#4224 = ORIENTED_EDGE('',*,*,#4176,.T.);
#4225 = ADVANCED_FACE('',(#4226),#3158,.F.);
#4226 = FACE_BOUND('',#4227,.T.);
#4227 = EDGE_LOOP('',(#4228,#4229,#4252,#4278));
#4228 = ORIENTED_EDGE('',*,*,#3137,.F.);
#4229 = ORIENTED_EDGE('',*,*,#4230,.F.);
#4230 = EDGE_CURVE('',#4231,#3138,#4233,.T.);
#4231 = VERTEX_POINT('',#4232);
#4232 = CARTESIAN_POINT('',(-5.510910596163E-16,24.7,222.25));
#4233 = SEAM_CURVE('',#4234,(#4238,#4245),.PCURVE_S1.);
#4234 = LINE('',#4235,#4236);
#4235 = CARTESIAN_POINT('',(-5.510910596163E-16,45.,222.25));
#4236 = VECTOR('',#4237,1.);
#4237 = DIRECTION('',(-0.,-1.,-0.));
#4238 = PCURVE('',#3158,#4239);
#4239 = DEFINITIONAL_REPRESENTATION('',(#4240),#4244);
#4240 = LINE('',#4241,#4242);
#4241 = CARTESIAN_POINT('',(-6.28318530718,-0.));
#4242 = VECTOR('',#4243,1.);
#4243 = DIRECTION('',(-0.,1.));
#4244 = ( GEOMETRIC_REPRESENTATION_CONTEXT(2) 
PARAMETRIC_REPRESENTATION_CONTEXT() REPRESENTATION_CONTEXT('2D SPACE',''
  ) );
#4245 = PCURVE('',#3158,#4246);
#4246 = DEFINITIONAL_REPRESENTATION('',(#4247),#4251);
#4247 = LINE('',#4248,#4249);
#4248 = CARTESIAN_POINT('',(-0.,-0.));
#4249 = VECTOR('',#4250,1.);
#4250 = DIRECTION('',(-0.,1.));
#4251 = ( GEOMETRIC_REPRESENTATION_CONTEXT(2) 
PARAMETRIC_REPRESENTATION_CONTEXT() REPRESENTATION_CONTEXT('2D SPACE',''
  ) );
#4252 = ORIENTED_EDGE('',*,*,#4253,.T.);
#4253 = EDGE_CURVE('',#4231,#4231,#4254,.T.);
#4254 = SURFACE_CURVE('',#4255,(#4260,#4267),.PCURVE_S1.);
#4255 = CIRCLE('',#4256,2.25);
#4256 = AXIS2_PLACEMENT_3D('',#4257,#4258,#4259);
#4257 = CARTESIAN_POINT('',(0.,24.7,220.));
#4258 = DIRECTION('',(0.,1.,0.));
#4259 = DIRECTION('',(-0.,0.,1.));
#4260 = PCURVE('',#3158,#4261);
#4261 = DEFINITIONAL_REPRESENTATION('',(#4262),#4266);
#4262 = LINE('',#4263,#4264);
#4263 = CARTESIAN_POINT('',(-0.,20.3));
#4264 = VECTOR('',#4265,1.);
#4265 = DIRECTION('',(-1.,0.));
#4266 = ( GEOMETRIC_REPRESENTATION_CONTEXT(2) 
PARAMETRIC_REPRESENTATION_CONTEXT() REPRESENTATION_CONTEXT('2D SPACE',''
  ) );
#4267 = PCURVE('',#3490,#4268);
#4268 = DEFINITIONAL_REPRESENTATION('',(#4269),#4277);
#4269 = ( BOUNDED_CURVE() B_SPLINE_CURVE(2,(#4270,#4271,#4272,#4273,
#4274,#4275,#4276),.UNSPECIFIED.,.T.,.F.) B_SPLINE_CURVE_WITH_KNOTS((1,2
    ,2,2,2,1),(-2.094395102393,0.,2.094395102393,4.188790204786,
6.28318530718,8.377580409573),.UNSPECIFIED.) CURVE() 
GEOMETRIC_REPRESENTATION_ITEM() RATIONAL_B_SPLINE_CURVE((1.,0.5,1.,0.5,
1.,0.5,1.)) REPRESENTATION_ITEM('') );
#4270 = CARTESIAN_POINT('',(-29.25,10.3));
#4271 = CARTESIAN_POINT('',(-29.25,14.19711431703));
#4272 = CARTESIAN_POINT('',(-25.875,12.248557158515));
#4273 = CARTESIAN_POINT('',(-22.5,10.3));
#4274 = CARTESIAN_POINT('',(-25.875,8.351442841485));
#4275 = CARTESIAN_POINT('',(-29.25,6.40288568297));
#4276 = CARTESIAN_POINT('',(-29.25,10.3));
#4277 = ( GEOMETRIC_REPRESENTATION_CONTEXT(2) 
PARAMETRIC_REPRESENTATION_CONTEXT() REPRESENTATION_CONTEXT('2D SPACE',''
  ) );
#4278 = ORIENTED_EDGE('',*,*,#4230,.T.);
#4279 = ADVANCED_FACE('',(#4280,#4355,#4358),#3490,.F.);
#4280 = FACE_BOUND('',#4281,.T.);
#4281 = EDGE_LOOP('',(#4282,#4305,#4306,#4329));
#4282 = ORIENTED_EDGE('',*,*,#4283,.F.);
#4283 = EDGE_CURVE('',#3475,#4284,#4286,.T.);
#4284 = VERTEX_POINT('',#4285);
#4285 = CARTESIAN_POINT('',(10.3,24.7,231.));
#4286 = SURFACE_CURVE('',#4287,(#4291,#4298),.PCURVE_S1.);
#4287 = LINE('',#4288,#4289);
#4288 = CARTESIAN_POINT('',(10.3,24.7,193.));
#4289 = VECTOR('',#4290,1.);
#4290 = DIRECTION('',(-0.,-0.,1.));
#4291 = PCURVE('',#3490,#4292);
#4292 = DEFINITIONAL_REPRESENTATION('',(#4293),#4297);
#4293 = LINE('',#4294,#4295);
#4294 = CARTESIAN_POINT('',(-0.,20.6));
#4295 = VECTOR('',#4296,1.);
#4296 = DIRECTION('',(-1.,0.));
#4297 = ( GEOMETRIC_REPRESENTATION_CONTEXT(2) 
PARAMETRIC_REPRESENTATION_CONTEXT() REPRESENTATION_CONTEXT('2D SPACE',''
  ) );
#4298 = PCURVE('',#3572,#4299);
#4299 = DEFINITIONAL_REPRESENTATION('',(#4300),#4304);
#4300 = LINE('',#4301,#4302);
#4301 = CARTESIAN_POINT('',(-0.,-8.6));
#4302 = VECTOR('',#4303,1.);
#4303 = DIRECTION('',(-1.,0.));
#4304 = ( GEOMETRIC_REPRESENTATION_CONTEXT(2) 
PARAMETRIC_REPRESENTATION_CONTEXT() REPRESENTATION_CONTEXT('2D SPACE',''
  ) );
#4305 = ORIENTED_EDGE('',*,*,#3472,.F.);
#4306 = ORIENTED_EDGE('',*,*,#4307,.T.);
#4307 = EDGE_CURVE('',#3473,#4308,#4310,.T.);
#4308 = VERTEX_POINT('',#4309);
#4309 = CARTESIAN_POINT('',(-10.3,24.7,231.));
#4310 = SURFACE_CURVE('',#4311,(#4315,#4322),.PCURVE_S1.);
#4311 = LINE('',#4312,#4313);
#4312 = CARTESIAN_POINT('',(-10.3,24.7,193.));
#4313 = VECTOR('',#4314,1.);
#4314 = DIRECTION('',(-0.,-0.,1.));
#4315 = PCURVE('',#3490,#4316);
#4316 = DEFINITIONAL_REPRESENTATION('',(#4317),#4321);
#4317 = LINE('',#4318,#4319);
#4318 = CARTESIAN_POINT('',(-0.,0.));
#4319 = VECTOR('',#4320,1.);
#4320 = DIRECTION('',(-1.,0.));
#4321 = ( GEOMETRIC_REPRESENTATION_CONTEXT(2) 
PARAMETRIC_REPRESENTATION_CONTEXT() REPRESENTATION_CONTEXT('2D SPACE',''
  ) );
#4322 = PCURVE('',#3518,#4323);
#4323 = DEFINITIONAL_REPRESENTATION('',(#4324),#4328);
#4324 = LINE('',#4325,#4326);
#4325 = CARTESIAN_POINT('',(-0.,-8.6));
#4326 = VECTOR('',#4327,1.);
#4327 = DIRECTION('',(-1.,0.));
#4328 = ( GEOMETRIC_REPRESENTATION_CONTEXT(2) 
PARAMETRIC_REPRESENTATION_CONTEXT() REPRESENTATION_CONTEXT('2D SPACE',''
  ) );
#4329 = ORIENTED_EDGE('',*,*,#4330,.T.);
#4330 = EDGE_CURVE('',#4308,#4284,#4331,.T.);
#4331 = SURFACE_CURVE('',#4332,(#4336,#4343),.PCURVE_S1.);
#4332 = LINE('',#4333,#4334);
#4333 = CARTESIAN_POINT('',(-10.3,24.7,231.));
#4334 = VECTOR('',#4335,1.);
#4335 = DIRECTION('',(1.,-0.,-0.));
#4336 = PCURVE('',#3490,#4337);
#4337 = DEFINITIONAL_REPRESENTATION('',(#4338),#4342);
#4338 = LINE('',#4339,#4340);
#4339 = CARTESIAN_POINT('',(-38.,0.));
#4340 = VECTOR('',#4341,1.);
#4341 = DIRECTION('',(0.,1.));
#4342 = ( GEOMETRIC_REPRESENTATION_CONTEXT(2) 
PARAMETRIC_REPRESENTATION_CONTEXT() REPRESENTATION_CONTEXT('2D SPACE',''
  ) );
#4343 = PCURVE('',#4344,#4349);
#4344 = PLANE('',#4345);
#4345 = AXIS2_PLACEMENT_3D('',#4346,#4347,#4348);
#4346 = CARTESIAN_POINT('',(-10.3,33.3,231.));
#4347 = DIRECTION('',(-0.,-0.,1.));
#4348 = DIRECTION('',(-1.,0.,0.));
#4349 = DEFINITIONAL_REPRESENTATION('',(#4350),#4354);
#4350 = LINE('',#4351,#4352);
#4351 = CARTESIAN_POINT('',(-0.,8.6));
#4352 = VECTOR('',#4353,1.);
#4353 = DIRECTION('',(-1.,-0.));
#4354 = ( GEOMETRIC_REPRESENTATION_CONTEXT(2) 
PARAMETRIC_REPRESENTATION_CONTEXT() REPRESENTATION_CONTEXT('2D SPACE',''
  ) );
#4355 = FACE_BOUND('',#4356,.T.);
#4356 = EDGE_LOOP('',(#4357));
#4357 = ORIENTED_EDGE('',*,*,#4199,.F.);
#4358 = FACE_BOUND('',#4359,.T.);
#4359 = EDGE_LOOP('',(#4360));
#4360 = ORIENTED_EDGE('',*,*,#4253,.F.);
#4361 = ADVANCED_FACE('',(#4362),#3572,.F.);
#4362 = FACE_BOUND('',#4363,.T.);
#4363 = EDGE_LOOP('',(#4364,#4387,#4388,#4389));
#4364 = ORIENTED_EDGE('',*,*,#4365,.F.);
#4365 = EDGE_CURVE('',#3531,#4366,#4368,.T.);
#4366 = VERTEX_POINT('',#4367);
#4367 = CARTESIAN_POINT('',(10.3,33.3,231.));
#4368 = SURFACE_CURVE('',#4369,(#4373,#4380),.PCURVE_S1.);
#4369 = LINE('',#4370,#4371);
#4370 = CARTESIAN_POINT('',(10.3,33.3,193.));
#4371 = VECTOR('',#4372,1.);
#4372 = DIRECTION('',(-0.,-0.,1.));
#4373 = PCURVE('',#3572,#4374);
#4374 = DEFINITIONAL_REPRESENTATION('',(#4375),#4379);
#4375 = LINE('',#4376,#4377);
#4376 = CARTESIAN_POINT('',(-0.,0.));
#4377 = VECTOR('',#4378,1.);
#4378 = DIRECTION('',(-1.,0.));
#4379 = ( GEOMETRIC_REPRESENTATION_CONTEXT(2) 
PARAMETRIC_REPRESENTATION_CONTEXT() REPRESENTATION_CONTEXT('2D SPACE',''
  ) );
#4380 = PCURVE('',#3546,#4381);
#4381 = DEFINITIONAL_REPRESENTATION('',(#4382),#4386);
#4382 = LINE('',#4383,#4384);
#4383 = CARTESIAN_POINT('',(-0.,20.6));
#4384 = VECTOR('',#4385,1.);
#4385 = DIRECTION('',(-1.,0.));
#4386 = ( GEOMETRIC_REPRESENTATION_CONTEXT(2) 
PARAMETRIC_REPRESENTATION_CONTEXT() REPRESENTATION_CONTEXT('2D SPACE',''
  ) );
#4387 = ORIENTED_EDGE('',*,*,#3558,.F.);
#4388 = ORIENTED_EDGE('',*,*,#4283,.T.);
#4389 = ORIENTED_EDGE('',*,*,#4390,.F.);
#4390 = EDGE_CURVE('',#4366,#4284,#4391,.T.);
#4391 = SURFACE_CURVE('',#4392,(#4396,#4403),.PCURVE_S1.);
#4392 = LINE('',#4393,#4394);
#4393 = CARTESIAN_POINT('',(10.3,33.3,231.));
#4394 = VECTOR('',#4395,1.);
#4395 = DIRECTION('',(-0.,-1.,0.));
#4396 = PCURVE('',#3572,#4397);
#4397 = DEFINITIONAL_REPRESENTATION('',(#4398),#4402);
#4398 = LINE('',#4399,#4400);
#4399 = CARTESIAN_POINT('',(-38.,0.));
#4400 = VECTOR('',#4401,1.);
#4401 = DIRECTION('',(-0.,-1.));
#4402 = ( GEOMETRIC_REPRESENTATION_CONTEXT(2) 
PARAMETRIC_REPRESENTATION_CONTEXT() REPRESENTATION_CONTEXT('2D SPACE',''
  ) );
#4403 = PCURVE('',#4344,#4404);
#4404 = DEFINITIONAL_REPRESENTATION('',(#4405),#4409);
#4405 = LINE('',#4406,#4407);
#4406 = CARTESIAN_POINT('',(-20.6,0.));
#4407 = VECTOR('',#4408,1.);
#4408 = DIRECTION('',(-0.,1.));
#4409 = ( GEOMETRIC_REPRESENTATION_CONTEXT(2) 
PARAMETRIC_REPRESENTATION_CONTEXT() REPRESENTATION_CONTEXT('2D SPACE',''
  ) );
#4410 = ADVANCED_FACE('',(#4411,#4459,#4467),#3546,.T.);
#4411 = FACE_BOUND('',#4412,.F.);
#4412 = EDGE_LOOP('',(#4413,#4414,#4415,#4438));
#4413 = ORIENTED_EDGE('',*,*,#4365,.F.);
#4414 = ORIENTED_EDGE('',*,*,#3530,.F.);
#4415 = ORIENTED_EDGE('',*,*,#4416,.T.);
#4416 = EDGE_CURVE('',#3503,#4417,#4419,.T.);
#4417 = VERTEX_POINT('',#4418);
#4418 = CARTESIAN_POINT('',(-10.3,33.3,231.));
#4419 = SURFACE_CURVE('',#4420,(#4424,#4431),.PCURVE_S1.);
#4420 = LINE('',#4421,#4422);
#4421 = CARTESIAN_POINT('',(-10.3,33.3,193.));
#4422 = VECTOR('',#4423,1.);
#4423 = DIRECTION('',(-0.,-0.,1.));
#4424 = PCURVE('',#3546,#4425);
#4425 = DEFINITIONAL_REPRESENTATION('',(#4426),#4430);
#4426 = LINE('',#4427,#4428);
#4427 = CARTESIAN_POINT('',(-0.,0.));
#4428 = VECTOR('',#4429,1.);
#4429 = DIRECTION('',(-1.,0.));
#4430 = ( GEOMETRIC_REPRESENTATION_CONTEXT(2) 
PARAMETRIC_REPRESENTATION_CONTEXT() REPRESENTATION_CONTEXT('2D SPACE',''
  ) );
#4431 = PCURVE('',#3518,#4432);
#4432 = DEFINITIONAL_REPRESENTATION('',(#4433),#4437);
#4433 = LINE('',#4434,#4435);
#4434 = CARTESIAN_POINT('',(-0.,0.));
#4435 = VECTOR('',#4436,1.);
#4436 = DIRECTION('',(-1.,0.));
#4437 = ( GEOMETRIC_REPRESENTATION_CONTEXT(2) 
PARAMETRIC_REPRESENTATION_CONTEXT() REPRESENTATION_CONTEXT('2D SPACE',''
  ) );
#4438 = ORIENTED_EDGE('',*,*,#4439,.T.);
#4439 = EDGE_CURVE('',#4417,#4366,#4440,.T.);
#4440 = SURFACE_CURVE('',#4441,(#4445,#4452),.PCURVE_S1.);
#4441 = LINE('',#4442,#4443);
#4442 = CARTESIAN_POINT('',(-10.3,33.3,231.));
#4443 = VECTOR('',#4444,1.);
#4444 = DIRECTION('',(1.,-0.,-0.));
#4445 = PCURVE('',#3546,#4446);
#4446 = DEFINITIONAL_REPRESENTATION('',(#4447),#4451);
#4447 = LINE('',#4448,#4449);
#4448 = CARTESIAN_POINT('',(-38.,0.));
#4449 = VECTOR('',#4450,1.);
#4450 = DIRECTION('',(0.,1.));
#4451 = ( GEOMETRIC_REPRESENTATION_CONTEXT(2) 
PARAMETRIC_REPRESENTATION_CONTEXT() REPRESENTATION_CONTEXT('2D SPACE',''
  ) );
#4452 = PCURVE('',#4344,#4453);
#4453 = DEFINITIONAL_REPRESENTATION('',(#4454),#4458);
#4454 = LINE('',#4455,#4456);
#4455 = CARTESIAN_POINT('',(-0.,0.));
#4456 = VECTOR('',#4457,1.);
#4457 = DIRECTION('',(-1.,-0.));
#4458 = ( GEOMETRIC_REPRESENTATION_CONTEXT(2) 
PARAMETRIC_REPRESENTATION_CONTEXT() REPRESENTATION_CONTEXT('2D SPACE',''
  ) );
#4459 = FACE_BOUND('',#4460,.F.);
#4460 = EDGE_LOOP('',(#4461,#4462,#4463,#4464,#4465,#4466));
#4461 = ORIENTED_EDGE('',*,*,#3611,.F.);
#4462 = ORIENTED_EDGE('',*,*,#3660,.F.);
#4463 = ORIENTED_EDGE('',*,*,#3709,.F.);
#4464 = ORIENTED_EDGE('',*,*,#3758,.F.);
#4465 = ORIENTED_EDGE('',*,*,#3807,.F.);
#4466 = ORIENTED_EDGE('',*,*,#3856,.F.);
#4467 = FACE_BOUND('',#4468,.F.);
#4468 = EDGE_LOOP('',(#4469,#4470,#4471,#4472,#4473,#4474));
#4469 = ORIENTED_EDGE('',*,*,#3905,.F.);
#4470 = ORIENTED_EDGE('',*,*,#3954,.F.);
#4471 = ORIENTED_EDGE('',*,*,#4003,.F.);
#4472 = ORIENTED_EDGE('',*,*,#4052,.F.);
#4473 = ORIENTED_EDGE('',*,*,#4101,.F.);
#4474 = ORIENTED_EDGE('',*,*,#4150,.F.);
#4475 = ADVANCED_FACE('',(#4476),#3518,.T.);
#4476 = FACE_BOUND('',#4477,.F.);
#4477 = EDGE_LOOP('',(#4478,#4479,#4480,#4481));
#4478 = ORIENTED_EDGE('',*,*,#4416,.F.);
#4479 = ORIENTED_EDGE('',*,*,#3502,.F.);
#4480 = ORIENTED_EDGE('',*,*,#4307,.T.);
#4481 = ORIENTED_EDGE('',*,*,#4482,.F.);
#4482 = EDGE_CURVE('',#4417,#4308,#4483,.T.);
#4483 = SURFACE_CURVE('',#4484,(#4488,#4495),.PCURVE_S1.);
#4484 = LINE('',#4485,#4486);
#4485 = CARTESIAN_POINT('',(-10.3,33.3,231.));
#4486 = VECTOR('',#4487,1.);
#4487 = DIRECTION('',(-0.,-1.,0.));
#4488 = PCURVE('',#3518,#4489);
#4489 = DEFINITIONAL_REPRESENTATION('',(#4490),#4494);
#4490 = LINE('',#4491,#4492);
#4491 = CARTESIAN_POINT('',(-38.,0.));
#4492 = VECTOR('',#4493,1.);
#4493 = DIRECTION('',(-0.,-1.));
#4494 = ( GEOMETRIC_REPRESENTATION_CONTEXT(2) 
PARAMETRIC_REPRESENTATION_CONTEXT() REPRESENTATION_CONTEXT('2D SPACE',''
  ) );
#4495 = PCURVE('',#4344,#4496);
#4496 = DEFINITIONAL_REPRESENTATION('',(#4497),#4501);
#4497 = LINE('',#4498,#4499);
#4498 = CARTESIAN_POINT('',(-0.,0.));
#4499 = VECTOR('',#4500,1.);
#4500 = DIRECTION('',(-0.,1.));
#4501 = ( GEOMETRIC_REPRESENTATION_CONTEXT(2) 
PARAMETRIC_REPRESENTATION_CONTEXT() REPRESENTATION_CONTEXT('2D SPACE',''
  ) );
#4502 = ADVANCED_FACE('',(#4503),#4344,.F.);
#4503 = FACE_BOUND('',#4504,.T.);
#4504 = EDGE_LOOP('',(#4505,#4506,#4507,#4508));
#4505 = ORIENTED_EDGE('',*,*,#4482,.F.);
#4506 = ORIENTED_EDGE('',*,*,#4439,.T.);
#4507 = ORIENTED_EDGE('',*,*,#4390,.T.);
#4508 = ORIENTED_EDGE('',*,*,#4330,.F.);
#4509 = ( GEOMETRIC_REPRESENTATION_CONTEXT(3) 
GLOBAL_UNCERTAINTY_ASSIGNED_CONTEXT((#4513)) 
GLOBAL_UNIT_ASSIGNED_CONTEXT((#4510,#4511,#4512)) REPRESENTATION_CONTEXT
('Context #1','3D Context with UNIT and UNCERTAINTY') );
#4510 = ( LENGTH_UNIT() NAMED_UNIT(*) SI_UNIT(.MILLI.,.METRE.) );
#4511 = ( NAMED_UNIT(*) PLANE_ANGLE_UNIT() SI_UNIT($,.RADIAN.) );
#4512 = ( NAMED_UNIT(*) SI_UNIT($,.STERADIAN.) SOLID_ANGLE_UNIT() );
#4513 = UNCERTAINTY_MEASURE_WITH_UNIT(LENGTH_MEASURE(2.E-07),#4510,
  'distance_accuracy_value','confusion accuracy');
#4514 = CONTEXT_DEPENDENT_SHAPE_REPRESENTATION(#4515,#4517);
#4515 = ( REPRESENTATION_RELATIONSHIP('','',#32,#10) 
REPRESENTATION_RELATIONSHIP_WITH_TRANSFORMATION(#4516) 
SHAPE_REPRESENTATION_RELATIONSHIP() );
#4516 = ITEM_DEFINED_TRANSFORMATION('','',#11,#15);
#4517 = PRODUCT_DEFINITION_SHAPE('Placement','Placement of an item',
  #4518);
#4518 = NEXT_ASSEMBLY_USAGE_OCCURRENCE('2','=>[0:1:1:2]','',#5,#27,$);
#4519 = PRODUCT_RELATED_PRODUCT_CATEGORY('part',$,(#29));

#4520=DESCRIPTIVE_REPRESENTATION_ITEM('cadgen:generator','cadgen');
#4521=REPRESENTATION('cadgen:generator',(#4520),#19);
#4522=PROPERTY_DEFINITION('cadgen metadata','cadgen:generator',#5);
#4523=PROPERTY_DEFINITION_REPRESENTATION(#4522,#4521);
#4524=DESCRIPTIVE_REPRESENTATION_ITEM('cadgen:entryKind','part');
#4525=REPRESENTATION('cadgen:entryKind',(#4524),#19);
#4526=PROPERTY_DEFINITION('cadgen metadata','cadgen:entryKind',#5);
#4527=PROPERTY_DEFINITION_REPRESENTATION(#4526,#4525);
#4528=DESCRIPTIVE_REPRESENTATION_ITEM('cadgen:sourcePath','upper_hood.step.py');
#4529=REPRESENTATION('cadgen:sourcePath',(#4528),#19);
#4530=PROPERTY_DEFINITION('cadgen metadata','cadgen:sourcePath',#5);
#4531=PROPERTY_DEFINITION_REPRESENTATION(#4530,#4529);
#4532=DESCRIPTIVE_REPRESENTATION_ITEM('cadgen:sourceHash','a56fa55321761ef4ff7daa1915cf2b426e727df077b8e79b08a87e21c70681e4');
#4533=REPRESENTATION('cadgen:sourceHash',(#4532),#19);
#4534=PROPERTY_DEFINITION('cadgen metadata','cadgen:sourceHash',#5);
#4535=PROPERTY_DEFINITION_REPRESENTATION(#4534,#4533);
ENDSEC;
END-ISO-10303-21;
